<?xml version="1.0" encoding="utf-8"?>
<COLLADA xmlns="http://www.collada.org/2005/11/COLLADASchema" version="1.4.1" xmlns:xsi="http://www.w3.org/2001/XMLSchema-instance">
  <asset>
    <contributor>
      <author>Blender User</author>
      <authoring_tool>Blender 4.1.0 commit date:2024-03-25, commit time:20:42, hash:40a5e739e270</authoring_tool>
    </contributor>
    <created>2025-12-22T14:30:42</created>
    <modified>2025-12-22T14:30:42</modified>
    <unit name="meter" meter="1"/>
    <up_axis>Z_UP</up_axis>
  </asset>
  <library_effects>
    <effect id="Dark_Black-effect">
      <profile_COMMON>
        <technique sid="common">
          <lambert>
            <emission>
              <color sid="emission">0 0 0 1</color>
            </emission>
            <diffuse>
              <color sid="diffuse">0.005605387 0.005605389 0.005605392 1</color>
            </diffuse>
            <index_of_refraction>
              <float sid="ior">1.5</float>
            </index_of_refraction>
          </lambert>
        </technique>
      </profile_COMMON>
    </effect>
    <effect id="Bloody_Red-effect">
      <profile_COMMON>
        <technique sid="common">
          <lambert>
            <emission>
              <color sid="emission">0 0 0 1</color>
            </emission>
            <diffuse>
              <color sid="diffuse">0.8000001 0 0.003354789 1</color>
            </diffuse>
            <index_of_refraction>
              <float sid="ior">1.5</float>
            </index_of_refraction>
          </lambert>
        </technique>
      </profile_COMMON>
    </effect>
  </library_effects>
  <library_images/>
  <library_materials>
    <material id="Dark_Black-material" name="Dark Black">
      <instance_effect url="#Dark_Black-effect"/>
    </material>
    <material id="Bloody_Red-material" name="Bloody Red">
      <instance_effect url="#Bloody_Red-effect"/>
    </material>
  </library_materials>
  <library_geometries>
    <geometry id="Circle_009-mesh" name="Circle.009">
      <mesh>
        <source id="Circle_009-mesh-positions">
          <float_array id="Circle_009-mesh-positions-array" count="2244">-0.004203379 -0.6617937 0.4146963 -0.1508027 -0.7367697 -0.3596363 -0.006863832 -0.8079963 -0.3474829 -0.006474018 -0.9147439 -0.2357929 -0.006473958 -0.8807616 -0.2357892 -0.1617199 -0.7918758 -0.3469423 -0.2623714 -0.6453095 -0.3285884 -0.1490546 -0.7432647 0.5113594 -0.3459439 -0.8533402 0.4154708 -0.1714276 -0.8554998 0.4976372 -0.1398433 -0.68221 -0.3290085 -0.2463458 -0.6074128 -0.2345361 -0.5734658 -0.5710406 -0.3455047 -0.4150161 -0.6276875 -0.3587136 -0.4461779 -0.6743908 -0.345949 -0.3845505 -0.5865712 0.4986522 -0.6506223 -0.6508565 0.4165347 -0.6291763 -0.4212055 0.5096249 -0.5489364 -0.3673744 0.4165989 -0.5698583 -0.6790032 -0.2338222 -0.4954861 -0.4960094 0.4990397 -0.4646666 -0.4626322 -0.2337736 -0.6051102 -0.2543388 -0.2332834 -0.6428683 -0.2698426 -0.3272593 -0.6914116 -0.5549154 -0.2333974 -0.4939916 -0.4916287 -0.3277719 -0.6731669 -0.4486051 -0.3451562 -0.5823993 -0.3899264 0.4993433 -0.7647573 -0.511581 0.4169336 -0.7497905 -0.3153463 0.5133419 -0.7927112 -0.1647992 -0.3447384 -0.6461818 -0.1361818 0.4169389 -0.8524101 -0.1772603 0.5000076 -0.9007554 -0.1868195 0.4174088 -0.5801345 -0.3864846 -0.3274707 -0.6943848 -0.2911372 -0.3577379 -0.7462344 -0.3126326 -0.3449007 -0.6457065 -0.2722139 0.4995645 -0.697448 -0.2936654 0.513275 -0.6564783 -8.32081e-4 -0.2331036 -0.8649779 -0.1792516 -0.2327911 -0.6419681 -0.1348924 -0.2331542 -0.7406371 -0.1550369 0.513426 -0.8833644 -0.07763242 -0.2327269 -0.6825158 -0.1428923 -0.3271129 -0.7535286 -8.32081e-4 -0.3575329 -0.6564899 -8.32081e-4 -0.2331054 -0.7010473 -8.32081e-4 0.4997558 -0.7380158 0.1497926 -0.3575866 -0.8091978 -8.32081e-4 -0.3446823 -0.9155548 -8.32081e-4 -0.2326198 -0.9198915 -8.32081e-4 0.4174736 -0.6432964 0.1310381 -0.233151 -0.8128083 -8.32081e-4 0.5135601 -0.8485798 0.3453302 -0.2328531 -0.7533431 0.3069606 0.5133531 -0.6979394 0.2827525 -0.3577265 -0.8815728 0.09606266 -0.2327346 -0.8178535 0.3326025 -0.2329571 -0.86735 -8.32081e-4 -0.3119879 -0.8711199 -8.32081e-4 0.5000791 -0.7930777 0.1607537 -0.3447386 -0.6470115 0.1322283 0.4169403 -0.6865395 0.1401486 0.4997057 -0.8973836 0.1815791 -0.2326828 -0.9015934 0.182868 0.41741 -0.6464492 0.2614689 -0.3272477 -0.7965612 0.1620426 0.5135037 -0.7414709 0.1510844 0.5134273 -0.8518825 0.3476377 0.4172368 -0.5485455 0.3605838 -0.2334812 -0.631747 0.4179182 0.5130447 -0.7261508 0.4809651 0.499566 -0.8501103 0.172121 -0.3120477 -0.8537534 0.1734094 0.500019 -0.6833496 0.1389397 -0.3271114 -0.749804 0.3042541 -0.3448892 -0.6120584 0.2482995 0.4168186 -0.6492761 0.263835 0.499576 -0.6082245 0.2457714 -0.233273 -0.7010176 0.2852869 0.5132865 -0.6784939 0.4491534 0.513092 -0.6129819 0.6133542 -0.3128753 -0.6474047 0.6480537 -0.2335548 -0.5739022 0.5771566 0.5127272 -0.7371948 0.4866352 -0.2332381 -0.803521 0.3265514 -0.3122103 -0.8067882 0.3290787 0.4998552 -0.5722435 0.5725021 -0.3455089 -0.6289343 0.4140072 -0.3579669 -0.6755931 0.4452133 -0.3451482 -0.5513594 0.3639803 0.4166069 -0.5848255 0.3865347 0.4993513 -0.76396 0.5045195 -0.233148 -0.7671836 0.5081892 0.4169416 -0.4820653 0.7206493 -0.3133323 -0.6494 0.652318 0.4165305 -0.4194251 0.631197 0.5088928 -0.4186381 0.6254869 -0.3587005 -0.365918 0.550633 0.4159601 -0.4821932 0.7250829 0.4987149 -0.6798157 0.5692849 -0.2334384 -0.7239258 0.4775844 -0.3124881 -0.5825607 0.3830929 -0.3274627 -0.5322229 0.5324369 -0.3583045 -0.4658461 0.4687648 0.4163087 -0.4942637 0.4974709 0.4990355 -0.5090609 0.7614646 -0.2340378 -0.4634442 0.4640937 -0.2337778 -0.533854 0.5371084 0.5127035 -0.2551524 0.604538 -0.2345049 -0.2709847 0.6419683 -0.3285574 -0.5557287 0.6908383 -0.2338711 -0.6148185 0.6180253 0.4991857 -0.4927693 0.4930902 -0.3277761 -0.449809 0.6722045 -0.3459358 -0.3881815 0.5843845 0.4986653 -0.5101254 0.7664542 0.4160448 -0.3645148 0.5451369 -0.2341231 -0.4507743 0.6781144 0.5089035 -0.3135554 0.7518239 0.511819 -0.1660047 0.7917495 -0.346926 -0.1771651 0.8484264 -0.3143966 -0.1864621 0.8965564 -0.2351633 -0.134727 0.6478791 0.4151536 -0.1423562 0.6876836 0.4978076 -0.175518 0.8543964 0.4976449 -0.185366 0.902453 0.4149117 -0.3419789 0.8141532 -0.2346171 -0.3876258 0.5792337 -0.3281426 -0.2923863 0.693378 -0.3591411 -0.3138371 0.7452722 -0.3464099 -0.2552225 0.6101856 0.415574 -0.2704697 0.6476922 0.4982548 -0.3542975 0.8438935 -0.2345775 -0.3545563 0.8499961 0.415502 -0.2918741 0.6994815 0.5118591 -0.001178801 0.8087125 -0.3475008 -0.001065433 0.8665004 -0.3150117 -7.89036e-4 0.9155727 -0.2358109 -7.87563e-4 0.6559062 -0.2353923 -0.001116037 0.6964202 -0.3294988 -0.001222968 0.7520499 -0.3601569 -0.1800671 0.8644061 -0.2351818 -0.336021 0.7991023 -0.3138421 -0.3357139 0.8052039 0.4982119 -0.1549978 0.7361913 -0.3596202 0.001768887 0.873116 0.497026 -0.1357066 0.6413961 -0.2349213 -0.1642048 0.7977614 0.5112981 -0.1532465 0.7426705 0.5113755 0.00181663 0.8153272 0.5107189 0.0017699 0.703033 0.4973047 0.001479983 0.9216037 0.4142595 -0.07844835 0.882793 -0.2355365 -0.1440351 0.6816154 -0.3289924 -0.001222968 0.752522 -0.3601588 -7.8757e-4 0.6559181 -0.2353942 0.001817107 0.7591224 0.5108323 0.001481473 0.6620336 0.4146766 0.1485409 0.7370086 -0.3606811 -0.001178801 0.8082357 -0.3475027 -7.89042e-4 0.9149833 -0.2358129 0.001479983 0.9215884 0.4142574 0.1302222 0.6427245 -0.235851 0.00181663 0.8148418 0.5107167 0.3445113 0.8480077 -0.2370176 0.308748 0.7553763 0.5096456 0.2815002 0.6969323 -0.3611452 0.09524524 0.881001 -0.2361442 0.331784 0.8172813 -0.2369698 0.001768887 0.8731055 0.4970322 0.1595463 0.7921157 -0.3480637 0.1336815 0.6487088 0.4142153 0.1418899 0.6885257 0.496814 0.1807615 0.896812 -0.236446 0.1843193 0.9032912 0.4136196 0.2603235 0.6455488 -0.3304129 0.1638306 0.798595 0.5101515 0.152873 0.7435041 0.5103055 0.3490881 0.85358 0.4130448 0.3597666 0.5479732 -0.2366517 0.4197051 0.63378 0.5093743 0.4827033 0.7281356 0.4953461 0.1710268 0.8492618 -0.3156119 0.1751497 0.8557391 0.4964272 0.1377954 0.6824498 -0.3299776 0.3030456 0.7488418 -0.3485642 0.2497519 0.6137552 0.4138104 0.2655758 0.6512618 0.4963825 0.2449549 0.6076522 -0.2362509 0.2870746 0.7030511 0.5098373 0.4509397 0.6805263 0.5091495 0.6122573 0.6121316 -0.317152 0.647233 0.646831 -0.2380738 0.5789421 0.5759339 0.5087032 0.4858155 0.7366214 -0.2375071 0.3254563 0.8026719 -0.316151 0.3308182 0.8087735 0.4958841 0.5712921 0.57128 -0.3495004 0.4127541 0.6279268 -0.3616029 0.4440042 0.6746307 -0.3490561 0.3654319 0.5530562 0.4134069 0.3882745 0.5868106 0.4959546 0.5036996 0.7633872 -0.2375728 0.5096387 0.7688804 0.4124846 0.7195513 0.4812145 -0.3175265 0.6537663 0.6510959 0.4119818 0.6329707 0.4214449 0.5052191 0.6242324 0.4176293 -0.3623406 0.5520836 0.3676138 0.4127559 0.7268193 0.4841771 0.4944945 0.5684643 0.6792426 -0.2377955 0.4764883 0.7230764 -0.3166781 0.3819469 0.5816598 -0.3308293 0.5311831 0.5312147 -0.3620163 0.4702157 0.4675422 0.4130414 0.4992101 0.4962487 0.4955677 0.7606433 0.5084868 -0.2384697 0.4632756 0.4628716 -0.2370126 0.5388946 0.5358863 0.5089588 0.6037191 0.2545781 -0.2375028 0.6408203 0.270082 -0.33174 0.6900177 0.5551548 -0.2382193 0.6197627 0.6168027 0.4948763 0.4919437 0.491868 -0.3312132 0.6709932 0.4488449 -0.349848 0.5861232 0.3901658 0.4952645 0.7679014 0.5118203 0.4115836 0.5443186 0.3639412 -0.2372955 0.6798872 0.4527936 0.5049569 0.7536081 0.3155856 0.508094 0.7905376 0.1650385 -0.3502648 0.847328 0.1763124 -0.3179726 0.8957338 0.1858859 -0.2389407 0.6493288 0.1364212 0.4124169 0.6894217 0.144339 0.4949042 0.8561321 0.1774997 0.4940438 0.9038996 0.1870589 0.4111094 0.8133319 0.3414035 -0.2386497 0.5780864 0.386724 -0.3315134 0.6921228 0.2913766 -0.3625776 0.7440607 0.3128719 -0.3501026 0.6116358 0.2569175 0.4125482 0.6494304 0.2724533 0.4950438 0.8430717 0.3537226 -0.2387569 0.8514438 0.3562503 0.4112925 0.7012665 0.2939048 0.5083926 0.8075007 2.13146e-4 -0.3503235 0.9147501 2.13146e-4 -0.2390066 0.6550872 2.13146e-4 -0.2376816 0.6952723 2.13146e-4 -0.3319296 0.7507944 2.13146e-4 -0.3627818 0.8635839 0.179491 -0.2388247 0.7980044 0.3351693 -0.3178004 0.8069404 0.3376966 0.4942234 0.734936 0.1539874 -0.3627265 0.8748518 2.13146e-4 0.4939785 0.640577 0.1351318 -0.237631 0.7995449 0.1662344 0.5079342 0.7444555 0.1552762 0.508242 0.7609075 2.13146e-4 0.5081848 0.8171113 2.13146e-4 0.5078728 0.9230499 2.13146e-4 0.4110428 0.8819704 0.07787179 -0.2388889 0.6804678 0.1431317 -0.3318703 0.7512665 2.13146e-4 -0.3627854 0.6550988 2.13146e-4 -0.2376835 0.7047712 2.13146e-4 0.4948485 0.663483 2.13146e-4 0.4123656 0.7357537 -0.1495528 -0.3627308 0.8070241 2.13146e-4 -0.3503237 0.9141608 2.13146e-4 -0.2390065 0.9230357 2.13146e-4 0.4110407 0.6419054 -0.1307988 -0.237637 0.8166258 2.13146e-4 0.5078726 0.8471859 -0.3450904 -0.2387722 0.7571606 -0.3067212 0.5080804 0.6956773 -0.2825132 -0.3625909 0.8801788 -0.09582281 -0.238884 0.8164596 -0.3323631 -0.2386617 0.8654032 2.13146e-4 -0.3180361 0.874842 2.13146e-4 0.4939848 0.790904 -0.1605142 -0.3502675 0.6501587 -0.131989 0.4124123 0.6902634 -0.1399087 0.4948999 0.8959896 -0.1813397 -0.2389426 0.9047375 -0.1826286 0.411105 0.6444012 -0.2612295 -0.3317535 0.8003787 -0.1618032 0.5079296 0.7452893 -0.150845 0.5082377 0.8550266 -0.3473983 0.4112788 0.5471545 -0.3603444 -0.2373058 0.6355653 -0.4176788 0.5086209 0.7298727 -0.4807258 0.4944834 0.8481635 -0.1718816 -0.3179755 0.8574753 -0.17317 0.4940456 0.6813017 -0.1387004 -0.3318746 0.7476302 -0.3040147 -0.350116 0.6152054 -0.2480602 0.4125348 0.6529999 -0.2635956 0.4950302 0.6068335 -0.245532 -0.2375141 0.704836 -0.2850475 0.5083791 0.6823115 -0.4489141 0.508342 0.6110351 -0.6131148 -0.3171477 0.6460107 -0.6478143 -0.2380695 0.5777198 -0.5769172 0.5087075 0.7358008 -0.4863958 -0.2383795 0.8015741 -0.3263121 -0.3178129 0.8105102 -0.3288393 0.4942098 0.5700698 -0.5722628 -0.3494962 0.6266723 -0.4137678 -0.3623495 0.6734195 -0.444974 -0.3498569 0.5545064 -0.3637409 0.4127469 0.5885494 -0.3862949 0.4952554 0.762566 -0.5042801 -0.2384763 0.7703276 -0.5079498 0.4115747 0.4801183 -0.7204094 -0.3166908 0.6525441 -0.6520786 0.4119861 0.4232197 -0.6309576 0.5059514 0.416376 -0.6252475 -0.3616151 0.3690652 -0.5503936 0.4133946 0.4859153 -0.724843 0.4953354 0.6784218 -0.5690451 -0.2381793 0.721979 -0.477345 -0.317535 0.5805128 -0.3828535 -0.3315224 0.5299608 -0.5321975 -0.362012 0.4689932 -0.4685254 0.4130457 0.4979876 -0.4972315 0.4955717 0.5076668 -0.7612252 -0.2375866 0.4620531 -0.4638543 -0.2370083 0.5376724 -0.5368691 0.5089631 0.2537613 -0.6042986 -0.2362812 0.2689367 -0.6417284 -0.330442 0.5543345 -0.690599 -0.2377457 0.6185404 -0.6177859 0.4948803 0.4907212 -0.4928508 -0.331209 0.4476352 -0.6719647 -0.3490684 0.3919055 -0.5841451 0.4959422 0.5132694 -0.7662144 0.4124724 0.3631238 -0.5448976 -0.236663 0.4545681 -0.6778751 0.5057434 0.3173728 -0.7515841 0.5096167 0.1638311 -0.7915096 -0.3480772 0.1752183 -0.848187 -0.3156266 0.1850681 -0.8963165 -0.2364601 0.1378741 -0.6476398 0.4142019 0.1460801 -0.6874442 0.4968007 0.1792399 -0.8541565 0.4964063 0.1885102 -0.9022136 0.4136065 0.3405848 -0.8139138 -0.2369996 0.3855778 -0.5789943 -0.3308415 0.2901241 -0.6931386 -0.3611744 0.3116634 -0.7450323 -0.3485932 0.2583695 -0.6099463 0.4137813 0.2741936 -0.6474528 0.4963533 0.3529036 -0.8436542 -0.237046 0.3577005 -0.8497572 0.4130157 0.2956925 -0.6992421 0.5098082 -0.006863832 -0.8084726 -0.347481 -0.006750464 -0.8662605 -0.3149919 -0.006473958 -0.9153333 -0.2357911 -0.006472468 -0.6556668 -0.2353724 -0.006907939 -0.7518106 -0.3601371 0.1786732 -0.8641667 -0.236434 0.3340741 -0.7988629 -0.316181 0.3394358 -0.8049646 0.4958553 0.1527358 -0.7359519 -0.3606944 -0.003916025 -0.8728767 0.4970456 0.1343155 -0.6411567 -0.2358638 0.1680225 -0.7975211 0.5101382 0.1570649 -0.7424312 0.5102923 -0.003868222 -0.8150878 0.5107384 -0.004204869 -0.9213638 0.4142794 0.07705438 -0.8825531 -0.2360793 0.1419872 -0.681376 -0.3299908 -0.006907939 -0.7522826 -0.360139 -0.006472468 -0.6556788 -0.2353743 -0.003867805 -0.758883 0.5108519 -0.003915071 -0.7027936 0.4973222 -0.004204869 -0.9213495 0.4142772 -0.1316131 -0.6424852 -0.2349371 -0.003868222 -0.8146024 0.5107365 -0.3459053 -0.8477683 -0.2346076 -0.3049305 -0.755137 0.5117877 -0.2837622 -0.696693 -0.3591722 -0.3331781 -0.8170419 -0.2346488 -0.003915965 -0.8728666 0.497052 -0.006801009 -0.6961818 -0.3294733 -0.1305344 -0.6484695 0.4151373 -0.138166 -0.6882858 0.4977915 -0.1821555 -0.8965726 -0.2351793 -0.1811751 -0.9030514 0.4148952 -0.1600131 -0.7983551 0.5112818 -0.3611577 -0.5477338 -0.2341353 -0.4158868 -0.6335402 0.512291 -0.4789814 -0.7278962 0.498703 -0.1729736 -0.8490224 -0.3144112 -0.3052194 -0.7486019 -0.346441 -0.2466048 -0.6135159 0.4155427 -0.261852 -0.6510224 0.4982236 -0.2832564 -0.7028113 0.5118281 -0.4471222 -0.6802869 0.5122842 -0.6142042 -0.6118922 -0.3128711 -0.6486269 -0.6465917 -0.2335506 -0.5751245 -0.5756946 0.5127312 -0.4872095 -0.7363825 -0.2341107 -0.3274033 -0.8024325 -0.3138722 -0.3270961 -0.8085342 0.4981806 -0.3622848 -0.5528164 0.4159467 -0.5050936 -0.7631478 -0.2340516 -0.5064947 -0.7686405 0.4160314 -0.7214983 -0.4809752 -0.3124966 -0.6264945 -0.4173899 -0.3579749 -0.7230975 -0.4839373 0.4995555 -0.4784352 -0.722837 -0.313345 -0.3839949 -0.5814204 -0.3281558 -0.5334451 -0.5309754 -0.3583002 -0.4670686 -0.4673028 0.4163127 -0.7620372 -0.5082469 -0.2331547 -0.5350763 -0.5356469 0.5127075 -0.6160407 -0.6165633 0.4991897 -0.5457097 -0.3637018 -0.2334907 -0.6760934 -0.4525542 0.5096898 -0.8492749 -0.176073 -0.3120506 -0.8971278 -0.1856465 -0.2326827 -0.6856979 -0.1440992 0.4997041 -0.8147257 -0.3411641 -0.232967 -0.6084888 -0.2566781 0.4168068 -0.8444658 -0.3534827 -0.2328665 -0.8482996 -0.3560109 0.4172252 -0.8096743 -8.32081e-4 -0.3446788 -0.9161441 -8.32081e-4 -0.2326159 -0.6973203 -8.32081e-4 -0.3270688 -0.7530565 -8.32081e-4 -0.3575327 -0.7999513 -0.33493 -0.3122227 -0.8032184 -0.3374572 0.4998435 -0.7371981 -0.153748 -0.357588 -0.8711298 -8.32081e-4 0.5000727 -0.7957274 -0.1659951 0.5135022 -0.7570891 -8.32081e-4 0.5134832 -0.8132936 -8.32081e-4 0.5135637 -0.660336 -8.32081e-4 0.4169883 -0.9199059 -8.32081e-4 0.4174757 0.6953775 0.023961 -0.2007465 0.1618186 0.1962218 -0.1988841 0.1955382 0.1625022 -0.1990018 0.5084018 0.4753676 -0.2000939 0.474682 0.5090871 -0.1999762 0.2311562 0.1008234 -0.1991261 -0.02440726 0.2536087 -0.1982341 0.0232793 0.2536087 -0.1984004 0.02327942 0.6960673 -0.1984004 -0.0244072 0.6960673 -0.1982341 0.0920785 0.2351813 -0.1986407 -0.1966671 0.1625046 -0.1976328 -0.1629475 0.1962246 -0.1977505 -0.4758111 0.50909 -0.1966584 -0.5095307 0.4753699 -0.1965407 -0.1012691 0.2318429 -0.1979658 -0.2540535 -0.02372217 -0.1974325 -0.2540535 0.02396488 -0.1974325 -0.6965094 0.02396488 -0.1958881 -0.6965094 -0.02372217 -0.1958881 -0.2356261 0.09276437 -0.1974968 -0.1629502 -0.1959834 -0.1977505 -0.1966699 -0.1622633 -0.1976328 -0.5095335 -0.4751287 -0.1965407 -0.4758137 -0.5088487 -0.1966584 -0.232288 -0.1005845 -0.1975085 0.02327561 -0.2533698 -0.1984004 -0.02441108 -0.2533698 -0.198234 -0.02441114 -0.6958284 -0.198234 0.02327567 -0.6958284 -0.1984004 -0.09321016 -0.2349418 -0.1979939 0.09207427 -0.2349424 -0.1986407 0.1955356 -0.1622657 -0.1990018 0.1618158 -0.1959857 -0.1988841 0.4746795 -0.5088515 -0.1999762 0.5083991 -0.4751315 -0.2000938 0.2311534 -0.1005873 -0.1991261 0.2529219 0.023961 -0.1992021 0.2529219 -0.02372592 -0.1992021 0.6953778 -0.02372592 -0.2007465 0.02593666 0.03220701 -0.1984103 0.03152233 0.02662134 -0.1984298 0.03742235 0.01640456 -0.1984504 -0.004911482 0.04171317 -0.1983026 0.002987742 0.04171317 -0.1983302 0.01438421 0.03866046 -0.19837 -0.03344631 0.02662175 -0.198203 -0.02786064 0.03220742 -0.1982225 -0.01764363 0.03810739 -0.1982582 -0.04295229 -0.004226684 -0.1981698 -0.04295229 0.00367254 -0.1981698 -0.03989976 0.01506948 -0.1981804 -0.02786105 -0.03276157 -0.1982225 -0.03344672 -0.0271759 -0.198203 -0.03934687 -0.01695871 -0.1981824 0.002987027 -0.04226732 -0.1983302 -0.004912137 -0.04226732 -0.1983026 -0.01630866 -0.03921502 -0.1982628 0.01438361 -0.03921502 -0.19837 0.03152185 -0.02717638 -0.1984298 0.02593618 -0.03276205 -0.1984103 0.03742194 -0.01695919 -0.1984504 0.0410279 0.003672063 -0.198463 0.0410279 -0.004227161 -0.198463 -0.03324264 0.01917403 -0.1982037 -0.02075397 0.02347224 -0.1982473 -0.005913615 0.02643585 -0.1982991 0.003487527 0.02659845 -0.1983319 0.01704597 0.024652 -0.1983793 0.03078413 0.02027934 -0.1984272 -0.0357064 0.005116939 -0.198195 -0.0217809 0.006356239 -0.1982437 -0.005998075 0.007574558 -0.1982988 0.004212737 0.007574558 -0.1983345 0.01893001 0.006785333 -0.1983858 0.0338335 0.005116403 -0.1984378 -0.03571152 -0.005670547 -0.198195 -0.02144736 -0.007625043 -0.1982449 -0.006012022 -0.008128166 -0.1982988 0.00419867 -0.008128166 -0.1983343 0.01891893 -0.007338941 -0.1983858 0.03382825 -0.005671024 -0.1984378 -0.03273737 -0.02091884 -0.1982055 -0.01939237 -0.02562475 -0.198252 -0.005604207 -0.02765846 -0.1983002 0.00372982 -0.02765846 -0.1983327 0.01719105 -0.02549403 -0.1983798 0.03083109 -0.02091932 -0.1984274 0.6973549 0.023961 0.365692 0.1637957 0.1962218 0.3675541 0.1975154 0.1625022 0.3674365 0.5103789 0.4753676 0.3663446 0.4766593 0.5090871 0.3664621 0.2331335 0.1008234 0.3673123 -0.02243006 0.2536087 0.3682044 0.02525669 0.2536087 0.3680379 0.02525669 0.6960673 0.3680379 -0.02243006 0.6960673 0.3682044 0.09405577 0.2351813 0.3677978 -0.1946899 0.1625046 0.3688057 -0.1609703 0.1962246 0.3686879 -0.4738339 0.50909 0.36978 -0.5075534 0.4753699 0.3698977 -0.0992918 0.2318429 0.3684727 -0.2520763 -0.02372217 0.369006 -0.2520763 0.02396488 0.369006 -0.6945322 0.02396488 0.3705504 -0.6945322 -0.02372217 0.3705504 -0.2336488 0.09276437 0.3689417 -0.160973 -0.1959834 0.368688 -0.1946926 -0.1622633 0.3688057 -0.5075561 -0.4751287 0.3698977 -0.4738365 -0.5088487 0.36978 -0.2303107 -0.1005845 0.36893 0.02525281 -0.2533698 0.368038 -0.02243375 -0.2533698 0.3682044 -0.02243381 -0.6958284 0.3682044 0.02525281 -0.6958284 0.368038 -0.09123295 -0.2349418 0.3684446 0.09405148 -0.2349418 0.3677978 0.1975128 -0.1622657 0.3674367 0.1637932 -0.1959857 0.3675544 0.4766567 -0.5088515 0.3664624 0.5103763 -0.475131 0.3663446 0.2331306 -0.1005873 0.3673124 0.2548991 0.023961 0.3672364 0.2548991 -0.02372592 0.3672364 0.6973552 -0.02372592 0.365692 0.02791386 0.03220701 0.3680282 0.03349947 0.02662134 0.3680087 0.03939968 0.01640456 0.3679881 -0.002934277 0.04171317 0.3681359 0.004964888 0.04171317 0.3681083 0.01636153 0.03866046 0.3680685 -0.03146904 0.02662175 0.3682355 -0.02588331 0.0322079 0.368216 -0.01566636 0.03810787 0.3681803 -0.04097509 -0.004226684 0.3682686 -0.04097509 0.00367254 0.3682686 -0.03792262 0.01506948 0.368258 -0.02588385 -0.03276103 0.368216 -0.03146952 -0.0271759 0.3682355 -0.0373696 -0.01695871 0.3682561 0.004964292 -0.04226732 0.3681083 -0.002934873 -0.04226732 0.3681359 -0.0143314 -0.03921502 0.3681756 0.01636075 -0.03921502 0.3680685 0.03349912 -0.02717638 0.3680087 0.02791351 -0.03276205 0.3680282 0.03939914 -0.01695919 0.3679881 0.0430051 0.003672063 0.3679755 0.0430051 -0.004227161 0.3679755 -0.03126531 0.01917403 0.3682348 -0.01877683 0.02347224 0.3681912 -0.00393635 0.02643585 0.3681393 0.005464792 0.02659791 0.3681066 0.01902318 0.024652 0.3680592 0.03276139 0.02027934 0.3680113 -0.03372913 0.005116939 0.3682434 -0.01980376 0.006356239 0.3681948 -0.00402081 0.007574081 0.3681396 0.006189942 0.007574081 0.368104 0.02090734 0.006784856 0.3680527 0.03581064 0.005116403 0.3680006 -0.03373438 -0.005670547 0.3682434 -0.01947015 -0.007625043 0.3681936 -0.004034817 -0.008128166 0.3681397 0.006175935 -0.008128166 0.3681041 0.02089607 -0.007338941 0.3680527 0.03580558 -0.005671024 0.3680006 -0.03076004 -0.02091884 0.368233 -0.01741516 -0.02562516 0.3681864 -0.003626883 -0.02765846 0.3681383 0.005707025 -0.02765846 0.3681057 0.01916819 -0.02549457 0.3680588 0.03280842 -0.02091932 0.3680111 -0.001148462 -0.294704 -0.3651902 0.05636519 -0.2890391 -0.365391 -0.05866217 -0.2890391 -0.3649895 -0.113966 -0.2722621 -0.3647965 -8.36694e-4 -0.6188932 -0.275884 0.2358531 -0.571774 -0.3289103 0.1199195 -0.6069999 -0.2763055 -0.1215928 -0.6069999 -0.2754625 0.3428657 -0.5145707 -0.3292838 -0.2377087 -0.571774 -0.2750571 -0.1649342 -0.2450165 -0.3646185 -0.3447218 -0.5145707 -0.2746837 -0.2096078 -0.208352 -0.3644626 -0.2462709 -0.1636757 -0.3643347 -0.2735139 -0.1127042 -0.3642395 -0.2902899 -0.0573973 -0.364181 -0.2959547 1.20163e-4 -0.3641612 -0.2902899 0.05763769 -0.364181 -0.2735139 0.1129441 -0.3642395 0.436663 -0.4375887 -0.3296112 0.5136407 -0.3437858 -0.3298799 -0.4385191 -0.4375892 -0.2743562 -0.515497 -0.3437862 -0.2740876 -0.2462708 0.163915 -0.3643347 -0.209608 0.2085914 -0.3644626 -0.164934 0.2452569 -0.3646185 -0.113966 0.2725015 -0.3647965 -0.05866241 0.2892785 -0.3649895 -0.001148462 0.2949433 -0.3651902 0.05636525 0.2892785 -0.365391 0.111669 0.2725015 -0.365584 -0.5726964 -0.2367663 -0.2738879 -0.6079196 -0.120644 -0.2737649 -0.619813 1.20163e-4 -0.2737234 0.1626369 0.2452569 -0.3657619 0.5708407 -0.2367658 -0.3300796 0.2073107 0.2085919 -0.3659179 0.606064 -0.1206426 -0.3302025 0.2439737 0.163915 -0.3660458 0.6179573 1.2064e-4 -0.330244 -0.6079196 0.1208839 -0.2737649 0.271217 0.1129446 -0.3661409 -0.5726965 0.2370061 -0.2738879 0.606064 0.1208844 -0.3302025 -0.5154969 0.3440247 -0.2740876 0.2879931 0.05763769 -0.3661995 -0.4385191 0.4378281 -0.2743562 0.2936576 1.20163e-4 -0.3662193 0.2879931 -0.05739682 -0.3661995 0.271217 -0.1127038 -0.3661409 0.2439736 -0.1636753 -0.3660458 0.2073107 -0.208352 -0.3659179 0.570841 0.2370066 -0.3300796 0.5136408 0.3440251 -0.3298799 0.1626368 -0.2450165 -0.3657619 0.1116689 -0.2722621 -0.365584 -0.3447217 0.514811 -0.2746837 -0.2377088 0.5720134 -0.2750571 0.4366633 0.4378286 -0.3296112 0.342866 0.514811 -0.3292838 0.2358533 0.5720134 -0.3289103 0.1197373 0.6072388 -0.328505 -0.001018822 0.6191325 -0.3280835 -0.1217752 0.6072388 -0.327662 -0.237891 0.5720134 -0.3272567 -0.344904 0.514811 -0.3268831 -0.1215929 0.6072388 -0.2754625 -8.36688e-4 0.6191325 -0.275884 0.1199195 0.6072388 -0.2763055 -0.4387012 0.4378281 -0.3265557 -0.515679 0.3440247 -0.3262871 -0.5728787 0.2370061 -0.3260874 -0.6081019 0.1208839 -0.3259645 -0.6199954 1.20163e-4 -0.3259229 -0.6081018 -0.120644 -0.3259645 -0.5728787 -0.2367663 -0.3260874 -0.5156792 -0.3437862 -0.3262871 0.2360355 0.5720134 -0.2767108 0.3430481 0.514811 -0.2770843 0.4368455 0.4378286 -0.2774117 -0.4387013 -0.4375892 -0.3265557 -0.344904 -0.5145707 -0.3268831 -0.237891 -0.571774 -0.3272567 -0.121775 -0.6069999 -0.327662 0.1197373 -0.6069999 -0.328505 -0.001018822 -0.6188932 -0.3280835 0.1118511 -0.2722621 -0.3133845 0.162819 -0.2450165 -0.3135624 0.5138229 0.3440251 -0.2776804 0.5710232 0.2370066 -0.2778801 0.2074929 -0.208352 -0.3137183 0.2441558 -0.1636753 -0.3138463 0.2713991 -0.1127038 -0.3139414 0.2881752 -0.05739682 -0.314 0.2938398 1.20163e-4 -0.3140197 0.2881752 0.05763769 -0.314 0.6062463 0.1208844 -0.278003 0.2713992 0.1129446 -0.3139414 0.6181396 1.2064e-4 -0.2780445 0.2441558 0.163915 -0.3138463 0.6062463 -0.1206426 -0.278003 0.207493 0.2085919 -0.3137183 0.571023 -0.2367658 -0.2778801 0.1628192 0.2452569 -0.3135624 0.1118512 0.2725015 -0.3133845 0.05654746 0.2892785 -0.3131915 -9.66315e-4 0.2949433 -0.3129907 -0.0584802 0.2892785 -0.31279 -0.1137838 0.2725015 -0.3125969 -0.1647518 0.2452569 -0.312419 -0.2094258 0.2085914 -0.3122631 -0.2460886 0.163915 -0.3121351 0.513823 -0.3437858 -0.2776804 0.4368453 -0.4375887 -0.2774117 -0.2733317 0.1129441 -0.31204 -0.2901078 0.05763769 -0.3119815 -0.2957724 1.20163e-4 -0.3119617 -0.2901078 -0.0573973 -0.3119815 -0.2733317 -0.1127042 -0.31204 -0.2460887 -0.1636757 -0.3121351 -0.2094258 -0.208352 -0.3122631 -0.164752 -0.2450165 -0.312419 0.3430478 -0.5145707 -0.2770843 0.2360355 -0.571774 -0.2767108 -0.1137838 -0.2722621 -0.3125969 -0.05848002 -0.2890391 -0.31279 0.0565474 -0.2890391 -0.3131915 -9.66349e-4 -0.294704 -0.3129907</float_array>
          <technique_common>
            <accessor source="#Circle_009-mesh-positions-array" count="748" stride="3">
              <param name="X" type="float"/>
              <param name="Y" type="float"/>
              <param name="Z" type="float"/>
            </accessor>
          </technique_common>
        </source>
        <source id="Circle_009-mesh-normals">
          <float_array id="Circle_009-mesh-normals-array" count="3069">0.3438633 -0.818516 -0.4602061 -0.2714517 0.386217 -0.8815613 0.384676 -0.3305749 -0.8618263 0.7766682 0.1041954 -0.6212325 0.4475502 0.8532793 -0.2676067 0.2241918 0.7947691 -0.563986 0.4059805 0.6404525 0.6519206 0.4785974 0.05349868 0.8764032 0.4569109 0.1594398 0.8751066 0.4515723 -0.7676463 0.4547547 -0.5061825 -0.6059458 0.6136849 -0.3746549 -0.6978923 0.6103934 0.2120777 0.761394 0.6126192 -0.06498438 0.6376789 0.7675563 -0.2371914 0.5919978 0.770246 -0.4158904 0.3657019 -0.8326448 0.242259 -0.7304738 -0.6385285 -0.6463477 0.3626505 0.6713563 -0.417211 0.6552954 -0.6297008 -0.07586938 0.9845559 -0.157777 -0.2769461 0.7271027 -0.6281899 0.2716568 -0.1823416 0.9449626 0.6420738 0.7308719 -0.2314467 0.3817541 -0.6694831 -0.6372254 -0.07749813 0.464038 -0.8824188 0.7612887 0.5696672 -0.3097078 0.3494315 -0.4434646 0.8253707 0.4870911 0.6264995 0.608474 0.1794113 0.612625 0.7697416 0.476477 -0.02983915 0.8786804 -0.178456 0.7808491 -0.5986887 0.149463 -0.8265046 0.5427256 0.09090495 -0.7657331 -0.6367018 -0.2309851 -0.1402738 -0.9627924 0.01426798 0.4692406 -0.8829552 0.679104 -0.3223763 -0.6594628 0.8459387 0.4534747 -0.2806217 0.9494637 0.2991142 0.09512847 -0.02660703 0.9502943 -0.3102142 0.2512984 -0.496509 0.8308598 -0.2889282 0.3781841 0.879487 0.6006788 0.5182926 0.6087346 0.02415722 0.761422 -0.6478063 -0.04065531 -0.9987412 0.02938097 -0.06781697 -0.7910764 0.6079465 -0.265075 -0.09404069 -0.959631 0.1781666 0.4155321 -0.8919585 0.6107471 -0.4392743 -0.6588066 0.9170081 0.2806589 -0.28342 0.989102 0.1167695 0.08967876 0.1555499 -0.5277022 0.8350656 -0.2093636 0.4262415 0.8800485 0.6885517 0.3963915 0.6072646 0.1469739 0.7712717 -0.6193048 -0.1847524 -0.8183541 0.5442087 -0.2057582 -0.7413237 -0.6388292 -0.3371065 -0.8214273 -0.460018 -0.443956 0.03120952 -0.895505 0.6245977 -0.4732512 -0.6212174 0.5112741 -0.5495958 -0.6607143 0.4043205 -0.3270477 0.8541457 -0.8172718 -0.03786945 0.5750068 -0.3710202 0.6033566 0.7059071 0.7392259 0.2332612 0.6317708 0.3254267 0.5702915 0.7542315 0.6428073 0.749055 -0.1603605 0.3059943 0.7268185 -0.6149003 0.9689261 0.06611847 -0.2383495 -0.3511123 -0.6884115 -0.634673 0.2727157 0.3810358 -0.8834239 0.07709479 0.5030639 -0.8608038 0.9731775 -0.02232342 -0.2289702 0.9534546 -0.2830214 0.1040344 -0.06547546 -0.5566616 0.8281551 -0.8916481 -0.1548051 0.4254401 0.7928349 0.09187936 0.6024709 0.5349073 0.3581376 0.7652527 -0.03352737 0.4718697 0.8810307 0.4326158 0.6587328 -0.6155605 -0.5933713 -0.8042777 0.03237378 -0.4849307 -0.664629 0.5684283 -0.2676615 0.05555605 -0.96191 0.3537124 0.2974585 -0.8867954 0.2584265 -0.7076232 -0.6576361 0.918533 -0.2788952 -0.2802048 0.8811474 -0.4620823 0.1002951 -0.1723477 -0.5321361 0.8289316 0.7915121 -0.05921328 0.6082782 0.5671535 0.3011879 0.7665657 0.06042218 0.479669 0.8753668 0.5513303 0.5591696 -0.6191643 -0.7381265 -0.6740703 0.02825963 -0.6004961 -0.5593016 0.5714772 -0.257606 0.1166428 -0.9591839 0.3965601 0.236285 -0.8870792 0.1267036 -0.7438018 -0.6562813 0.8481764 -0.4474757 -0.2834823 0.6493226 -0.396551 0.6489434 -0.7661871 -0.4495906 0.4591577 0.7998072 -0.2003442 -0.5658363 -0.3399831 -0.396979 -0.852537 0.153278 0.4426158 0.8835142 0.7635398 -0.2096501 0.6107813 0.6549624 0.439565 -0.61466 0.613785 0.184315 0.7676562 -0.6722112 -0.3783354 -0.6363917 -0.6958212 0.3756352 0.6121528 -0.8224665 -0.3446143 -0.4525371 0.3831225 0.2671375 -0.8842255 -0.3328174 -0.3899693 -0.8585782 0.09581273 -0.7784572 -0.6203421 0.8539316 -0.4450967 -0.2696104 0.79317 -0.2255551 -0.5656909 0.05777674 -0.4743227 0.8784531 -0.7649518 -0.4517616 0.4590864 -0.6046116 0.5068194 0.6144745 -0.6969465 0.3735101 0.6121731 0.6401681 0.06750261 0.7652635 0.5948073 0.23931 0.7674211 0.3671472 0.4031918 -0.8382359 -0.7320501 -0.2457948 -0.6353641 0.358696 0.6513888 0.6686028 0.6514906 0.4189635 -0.632479 0.9840127 0.07473015 -0.1616618 0.7246398 0.2768253 -0.6310825 -0.1774686 -0.266892 0.9472452 0.7325624 -0.6397754 -0.2324646 -0.6703485 -0.3871461 -0.6330488 0.4609544 0.07441753 -0.8842982 0.5685913 -0.7623658 -0.3090348 0.471523 -0.8739284 0.1179624 -0.4405775 -0.3465493 0.8281276 0.6286264 -0.4849649 0.6079787 0.6153105 -0.1767257 0.7682194 -0.9411818 -0.03889691 -0.3356548 0.3151242 0.3595965 0.8782866 0.7787522 0.1763633 -0.6020308 -0.8246046 -0.147567 0.5461238 -0.9892896 -0.06890338 0.1286796 0.4661558 -0.01735115 -0.8845326 -0.3246663 -0.6814028 -0.655959 0.452503 -0.8469126 -0.2792493 0.2994569 -0.9491256 0.09739696 -0.4936032 -0.2483965 0.8334597 0.5204635 -0.598517 0.6090117 0.631853 -0.1288511 0.7643031 -0.9300045 0.142589 -0.3387627 0.3812472 0.2919941 0.8771488 0.7591559 -0.02641749 -0.6503726 -0.6354402 0.7170631 0.2864196 -0.7889513 0.06993871 0.6104624 0.4124181 -0.1812788 -0.8927761 -0.4415636 -0.6130433 -0.6551333 0.2796783 -0.917992 -0.2811955 0.117093 -0.9887831 0.09272176 -0.5247827 -0.1526337 0.8374403 0.3983435 -0.6865219 0.6082847 0.5078762 -0.3967249 0.764638 -0.8820989 0.3265915 -0.3394697 0.429306 0.2124325 0.8778206 0.769107 -0.1491347 -0.6214768 -0.8164528 0.1866517 0.5464121 -0.9408231 0.3123757 0.1314284 -0.8230319 0.3354987 -0.4583222 -0.475408 -0.6267634 -0.6173776 -0.5518929 -0.5135773 -0.6570028 -0.3240584 -0.4013376 0.8566881 -0.03587108 0.8192749 0.572278 0.235476 -0.7370163 0.6335283 0.5729265 -0.3227922 0.7533661 -0.6905208 0.3489329 -0.6335826 0.7484984 -0.6433635 -0.1607286 0.7246716 -0.3081378 -0.6163621 -0.3096686 -0.07858037 0.947592 0.06529545 -0.9697526 -0.2351945 0.3779517 -0.2757968 -0.8837922 0.5000568 -0.08009821 -0.8622805 -0.0231086 -0.9739704 -0.2254943 -0.2826443 -0.9530858 0.1083493 -0.5537692 0.06836569 0.829859 0.09399253 -0.790724 0.604914 0.3608139 -0.5322339 0.7658593 -0.6127454 0.4694246 -0.6357544 -0.6914546 0.6383461 -0.3382378 0.4749398 0.0366069 0.8792567 0.6565849 -0.4347602 -0.616344 -0.6626461 0.4869137 0.5690477 0.2944365 -0.3567913 -0.8865705 -0.709876 -0.2608579 -0.6542394 -0.2799108 -0.9194923 -0.2760146 -0.4619498 -0.8806594 0.1050783 -0.5291399 0.1753588 0.8302171 -0.05710309 -0.7893537 0.6112775 0.3038912 -0.5644572 0.7674882 -0.5564341 0.7569958 -0.3425471 0.4825679 -0.05752617 0.8739674 0.5566669 -0.5537369 -0.6192716 0.05252838 0.960058 0.2748265 -0.5571809 0.6026048 0.5713292 0.2333356 -0.399676 -0.8864613 -0.746072 -0.1288956 -0.6532706 -0.4487981 -0.8490259 -0.2788106 -0.3947904 -0.646821 0.6525053 -0.4476953 0.7678402 0.4582471 -0.2023504 -0.8018084 -0.5622791 -0.3996254 0.3370721 -0.8524565 0.4450231 -0.1499422 0.8828771 -0.2075414 -0.7613859 0.6141811 0.436873 -0.6574321 -0.6139422 0.1870547 -0.6111331 0.7691079 -0.3801536 0.6701315 -0.6375007 0.3781639 0.697784 0.6083499 -0.3463174 0.8205842 -0.4546493 0.2642039 -0.3862064 -0.8837652 -0.3927225 0.3298737 -0.8584594 -0.7806647 -0.09873723 -0.6171011 -0.4464387 -0.8546738 -0.2650002 -0.2276593 -0.7950749 -0.5621629 -0.4713878 -0.05456042 0.8802368 -0.4499476 0.7666848 0.4579756 0.5091395 0.606651 0.610534 0.3760358 0.6989352 0.6083476 0.07024312 -0.6375128 0.767231 0.2421155 -0.5921052 0.7686297 0.4015325 -0.3695135 -0.8379925 -0.2478605 0.7299072 -0.6370249 0.6533917 -0.3571389 0.6674811 0.4162799 -0.6538903 -0.6317742 0.07429701 -0.9845634 -0.1584774 0.274374 -0.7268691 -0.6295875 -0.2637878 0.1809832 0.9474498 -0.6409447 -0.7330684 -0.2275979 -0.3889714 0.6682966 -0.6340985 0.07133603 -0.464038 -0.8829383 -0.7634335 -0.5696655 -0.3043857 -0.873506 -0.4711076 0.1226575 -0.3436622 0.4434628 0.8277905 -0.4828341 -0.6264967 0.6118603 -0.1740364 -0.612624 0.7709755 -0.04007792 0.9400047 -0.3387993 0.3626626 -0.3120529 0.8781224 0.174272 -0.780849 -0.5999202 -0.1456713 0.8265037 0.5437569 -0.06846463 0.9897329 0.1254646 -0.02043002 -0.4692402 -0.8828342 -0.6836912 0.3223752 -0.6547065 -0.8478769 -0.4534747 -0.2747098 -0.9487763 -0.2991154 0.1017529 -0.2454921 0.4965085 0.832594 -0.596383 -0.5183308 0.6129116 -0.1261766 -0.6291802 0.7669497 0.1413952 0.9288167 -0.3425012 0.295059 -0.3781802 0.8774508 -0.02867919 -0.7614219 -0.6476221 0.7180511 0.636436 0.2816948 0.07205849 0.7910757 0.6074593 -0.1843898 -0.4155303 -0.8906936 -0.6153312 0.4392735 -0.6545276 -0.9189643 -0.2806588 -0.2770113 -0.988452 -0.1167689 0.0965808 -0.1497159 0.5277031 0.8361307 -0.6843917 -0.3962154 0.6120633 -0.3940487 -0.5052047 0.767785 0.3253948 0.8809087 -0.3436833 0.2155026 -0.4262387 0.8785666 -0.1512943 -0.7712717 -0.6182637 0.1885484 0.8183543 0.5429051 0.3128207 0.9412762 0.1270526 0.3338872 0.8214265 -0.4623613 -0.6289197 0.4732507 -0.6168419 -0.5158742 0.5495961 -0.6571285 -0.3983466 0.3270491 0.8569476 0.8212673 0.03786981 0.5692856 -0.7347981 -0.2332609 0.6369154 -0.320154 -0.5702936 0.7564832 0.3467091 0.6883059 -0.6372031 -0.6439108 -0.7490553 -0.1558686 -0.3102798 -0.7268183 -0.6127493 -0.07527387 0.3129754 0.9467737 -0.9705668 -0.06611746 -0.231579 -0.2788758 -0.3810345 -0.8814993 -0.0831049 -0.5030612 -0.860246 -0.9747522 0.02232271 -0.2221708 -0.9527052 0.2830219 0.1106874 0.07125174 0.5566614 0.8276782 -0.7886074 -0.09187865 0.6079941 -0.5295529 -0.3581378 0.7689675 0.4671953 0.6105213 -0.6395252 0.6371518 0.6902706 -0.3428763 0.03967916 -0.4718698 0.880775 -0.4369019 -0.6587331 -0.6125254 0.4888866 0.6646285 0.5650301 -0.3598809 -0.2975286 -0.8842865 -0.2630104 0.7076237 -0.6558157 -0.9204545 0.278943 -0.273778 -0.8802924 0.4623147 0.1065385 0.1782514 0.5320343 0.8277475 -0.7872195 0.05923312 0.6138216 -0.5617703 -0.3012073 0.7705118 0.7557879 0.5552362 -0.3471276 -0.05446565 -0.4795235 0.8758372 -0.5558866 -0.5588262 -0.6153888 0.9610117 -0.05156838 0.2716566 0.6045901 0.5591703 0.5672737 -0.4027681 -0.2364267 -0.88424 -0.1311835 0.7437872 -0.655417 -0.8499999 0.4478222 -0.2774088 -0.6445406 0.3970656 0.6533807 0.7694289 0.4492936 0.4539984 -0.8037689 0.2003864 -0.5601794 0.3340887 0.3966523 -0.8550156 -0.1468833 -0.4419335 0.8849409 -0.7592607 0.2096872 0.6160801 -0.659565 -0.4390148 -0.6101148 -0.6084271 -0.1843538 0.7719004 0.6679031 0.3779265 -0.6411529 0.6999088 -0.376038 0.6072258 0.8189885 0.3447268 -0.4587171 -0.3892863 -0.2672942 -0.8814817 0.3269086 0.3896878 -0.860973 -0.1008982 0.7785054 -0.6194747 -0.8555991 0.4455104 -0.2635729 -0.7970359 0.2256955 -0.5601744 -0.05148953 0.4744651 0.8787673 0.7682734 0.4515418 0.4537245 0.6087858 -0.5070059 0.6101844 0.7010576 -0.3739145 0.607212 -0.634829 -0.06756478 0.7696929 -0.5894007 -0.2394265 0.7715451 -0.3724321 -0.4044533 -0.8352915 0.7276775 0.2456343 -0.6404289 -0.3548011 -0.6510584 0.6709987 -0.656086 -0.4184833 -0.628031 -0.9851096 -0.07485109 -0.154779 -0.7290593 -0.2765705 -0.626084 0.1842871 0.2670938 0.9458854 -0.7338677 0.6401438 -0.2272756 0.6660804 0.3867548 -0.6377755 -0.4671167 -0.07441705 -0.8810586 -0.570735 0.7623658 -0.3050576 -0.4706881 0.8739286 0.1212493 0.4463468 0.3465494 0.8250321 -0.6243655 0.4849644 0.6123539 -0.6099324 0.1767256 0.7724964 0.9388157 0.03889656 -0.3422167 -0.3089835 -0.3595969 0.8804654 -0.7829363 -0.1763635 -0.5965791 0.8283967 0.1475668 0.5403545 0.9901637 0.06890392 0.1217709 -0.4723201 0.01735037 -0.8812564 0.3200789 0.6814023 -0.65821 -0.4544413 0.8469125 -0.2760842 -0.2987695 0.9491258 0.0994842 0.4994109 0.2483947 0.8299933 -0.5161998 0.5985177 0.6126292 -0.6265022 0.1288508 0.7686954 0.927617 -0.1425892 -0.3452464 -0.3751183 -0.2919962 0.8797867 -0.7636771 0.02641785 -0.6450576 0.6374245 -0.7170629 0.2819766 0.7931939 -0.06993895 0.6049398 -0.4186409 0.1812797 -0.8898751 0.4369794 0.6130427 -0.6582003 -0.2816334 0.9179922 -0.2792364 -0.1164437 0.9887831 0.09353601 0.5306178 0.1526309 0.8337557 -0.3940895 0.686523 0.6110481 -0.5025254 0.3967251 0.768165 0.8797076 -0.3265922 -0.3456188 -0.4231684 -0.2124322 0.8807957 -0.7734268 0.1491346 -0.6160924 0.8202466 -0.1866517 0.5407001 0.9417176 -0.3123757 0.1248576 0.8198112 -0.3354995 -0.4640581 0.4710867 0.6267634 -0.6206811 0.5472931 0.5135772 -0.6608395 0.3300314 0.4013377 0.8544046 0.0398665 -0.8192752 0.5720132 -0.2310466 0.7370179 0.6351553 -0.567653 0.3227912 0.757348 0.6860818 -0.348932 -0.6383872 -0.7496016 0.6433641 -0.1554996 -0.7289564 0.3081386 -0.6112882 0.3162787 0.07857835 0.9454064 -0.06693571 0.9697528 -0.234732 -0.3841117 0.2757965 -0.8811326 -0.5060645 0.08009767 -0.8587685 0.02153545 0.9739706 -0.2256493 0.2833935 0.953086 0.1063731 0.559548 -0.06836336 0.8259737 -0.08976763 0.790726 0.6055529 -0.3554572 0.5322355 0.7683591 0.6082918 -0.4694243 -0.6400172 0.6890778 -0.6383439 -0.3430583 -0.4687898 -0.03660392 0.882551 -0.6608723 0.434762 -0.6117433 0.6666029 -0.4869116 0.5644093 -0.3010743 0.3567034 -0.8843738 0.7052922 0.2608563 -0.659179 0.2786438 0.9192122 -0.2782205 0.4556035 0.8840323 0.1044624 0.5341204 -0.1760097 0.8268833 0.06149309 0.7891674 0.6110921 -0.2986548 0.5643135 0.7696464 0.5530838 -0.7576896 -0.3464172 -0.4751393 0.05836641 0.8779727 -0.5613979 0.5498564 -0.618458 -0.05245751 -0.9599519 0.2752103 0.5601414 -0.603375 0.5676093 -0.2404478 0.3998305 -0.8844888 0.7413692 0.1286147 -0.6586577 0.4490842 0.8481574 -0.280985 0.4489194 -0.7681967 0.4564486 0.1986922 0.802008 -0.5632981 0.3915043 -0.3375054 -0.8560459 -0.4354289 0.6632446 -0.608694 -0.1820538 0.6112128 0.7702438 0.3729951 -0.671117 -0.6406846 -0.3765723 -0.6966618 0.6106191 0.1315283 0.6291806 0.7660497 -0.003490149 0 -0.9999939 -0.003490447 0 -0.999994 -0.003492295 0 -0.9999939 -0.003490507 0 -0.999994 -0.003493726 9.22583e-7 -0.9999939 -0.003491103 2.98522e-6 -0.999994 -0.003487169 -2.37642e-6 -0.999994 -0.003491818 -2.58382e-6 -0.9999939 -0.003488361 -8.19421e-7 -0.999994 -0.003491818 -1.45967e-6 -0.999994 -0.003490984 2.56658e-6 -0.999994 -0.003492414 -1.3213e-6 -0.9999939 -0.003487825 -2.82268e-6 -0.9999939 -0.003490746 1.55753e-6 -0.9999939 -0.003488719 -1.74733e-6 -0.9999939 -0.003489077 2.44566e-6 -0.9999939 -0.003488361 9.84645e-7 -0.999994 -0.003492534 8.6739e-7 -0.9999939 -0.003486871 3.88325e-6 -0.999994 -0.003488481 -1.17038e-6 -0.999994 -0.003488242 0 -0.9999939 -0.003487169 1.13174e-6 -0.999994 -0.003491699 1.92525e-6 -0.999994 -0.003490209 -2.49968e-6 -0.9999939 -0.003492355 0 -0.9999939 -0.003490447 0 -0.9999939 -0.003491997 1.50269e-6 -0.9999939 -0.003489255 1.7689e-6 -0.9999939 -0.003489315 -1.73715e-6 -0.9999939 -0.003490269 0 -0.9999939 -0.003491222 -2.11387e-7 -0.9999939 -0.003488898 1.55074e-6 -0.9999939 0.00349158 0 0.999994 0.003490507 0 0.9999939 0.003490149 0 0.9999939 0.003490149 -4.10703e-7 0.9999939 0.00349301 0 0.9999939 0.003491818 -1.11602e-6 0.999994 0.003490805 2.4596e-6 0.999994 0.003484964 1.86404e-6 0.9999939 0.003488063 8.39014e-7 0.999994 0.00349301 1.26148e-6 0.9999939 0.003488719 -1.9675e-6 0.9999939 0.003491878 1.68512e-6 0.9999939 0.003492057 2.14877e-6 0.9999939 0.003492772 -2.99738e-6 0.999994 0.00349003 1.74341e-6 0.999994 0.003491997 -2.16443e-6 0.999994 0.003487586 8.23374e-7 0.999994 0.00349301 -7.90224e-7 0.9999939 0.003491818 -2.1474e-6 0.999994 0.003488242 9.75796e-7 0.999994 0.003487527 0 0.9999939 0.003487765 1.6702e-7 0.9999939 0.003489553 -2.30518e-6 0.9999939 0.003491401 2.05718e-6 0.9999939 0.003492832 0 0.999994 0.003490507 0 0.9999939 0.003494858 2.43836e-7 0.999994 0.003487825 6.24529e-7 0.9999939 0.00348705 1.16647e-6 0.9999939 0.003492295 1.73247e-6 0.999994 0.003488063 1.36005e-6 0.999994 0.003489434 -2.20697e-7 0.9999939 0.003508269 3.32235e-6 0.9999939 0.003492295 1.56632e-7 0.999994 0.003479421 -1.67713e-6 0.999994 0.003478348 3.11848e-6 0.999994 0.003495097 3.65004e-6 0.999994 0.003500044 2.97085e-6 0.9999939 0.003492295 1.24037e-6 0.999994 0.003487408 -1.67865e-6 0.999994 0.003490328 -1.15355e-6 0.999994 0.003495395 3.30072e-6 0.999994 0.00349301 -6.51296e-6 0.999994 0.003499925 1.47004e-7 0.9999939 0.003498852 4.47112e-6 0.999994 0.003489315 -4.83816e-7 0.999994 0.003478705 -4.60934e-6 0.999994 0.00350219 3.15882e-6 0.9999939 0.003473222 2.39437e-7 0.999994 0.003490984 2.59827e-6 0.9999939 0.00348854 -1.35008e-6 0.9999939 0.003483235 0 0.9999939 0.003489613 3.1009e-6 0.999994 0.003489375 -3.09963e-6 0.999994 0.0034855 -2.76783e-6 0.9999939 0.0034886 4.15149e-6 0.999994 0.003488123 -5.09701e-6 0.999994 0.003489494 -6.45235e-7 0.9999939 0.003484189 2.64539e-6 0.999994 0.003492891 -1.66168e-6 0.9999939 0.003493309 3.21714e-6 0.999994 0.003493905 -3.43572e-6 0.9999939 0.003508925 2.41478e-6 0.9999939 0.003482937 -3.61761e-6 0.999994 0.003490507 0 0.999994 0.00349003 3.1729e-6 0.999994 0.003494441 -4.29159e-7 0.999994 0.7070981 0.7071112 -0.00246793 -0.2587276 -0.96595 9.0308e-4 0 1 0 -0.7071021 0.7071071 0.002468407 0.2587292 -0.9659495 -9.0315e-4 -0.9999939 0 0.003490567 0.8659709 0.5000854 -0.003022909 0.9999939 6.61981e-6 -0.003490865 0 -1 0 0.9999939 -2.74982e-7 -0.003490746 -0.7071028 -0.7071065 0.002468466 -0.9659457 0.2587233 0.003371834 0 1 2.75825e-7 0.7071049 -0.7071045 -0.002468168 -0.2724639 0.9621656 9.5104e-4 -0.9621605 -0.2724629 0.003358483 0.7071029 0.7071065 -0.002468883 -0.7071024 0.707107 0.002468287 -0.9999939 1.33775e-7 0.003490507 0.8659715 -0.5000842 -0.00302273 -0.7071055 -0.7071037 0.002468466 0.2587209 0.9659518 -9.03146e-4 0.9621598 0.2724653 -0.003358483 0.7071023 -0.707107 -0.002468228 -0.4876838 -0.8730188 0.001702249 0 -1 0 -0.8659711 -0.5000851 0.003022849 0.7071024 0.7071069 -0.002468228 0.9621496 -0.2725015 -0.003358423 0.487693 0.8730137 -0.001702189 -0.7071056 0.7071036 0.002468168 0 1 0 -0.9999939 1.33775e-7 0.003490626 -0.7071023 -0.707107 0.002468347 0.4876586 -0.8730328 -0.001701414 0 -1 1.37913e-7 -0.5000818 0.8659765 0.001745641 0.7071024 -0.7071069 -0.002468109 0.9999939 1.33775e-7 -0.003490507 -0.8730085 0.4876954 0.003047287 -0.8819249 0.47138 0.003078281 0.4714134 -0.8819108 -0.00164479 -0.7730247 -0.6343703 0.002696514 -0.09801924 -0.9951845 3.42059e-4 -0.4714093 0.8819131 0.001646757 -0.9569391 0.2902699 0.003341376 0.09802073 0.9951843 -3.42058e-4 0.9569396 -0.2902683 -0.003341436 -0.6344028 0.7729995 0.002214074 0.9951794 -0.09801 -0.003476083 -0.6344083 -0.772995 0.002214014 -0.2902941 -0.956937 0.00101304 0.2902941 0.956937 -0.001013159 -0.4714149 -0.88191 0.001645982 -0.9951791 0.09801292 0.003477215 -0.8819217 -0.471386 0.003078401 0.09801793 0.9951846 -3.4342e-4 0.9569393 0.2902688 -0.003340482 -0.09802067 0.9951844 3.40686e-4 0.8819262 -0.4713776 -0.003079354 0.7730215 -0.6343742 -0.002699136 0.9569382 -0.2902726 -0.003340303 -0.2903005 -0.956935 0.001012921 -0.09801447 -0.995185 3.40243e-4 0.6344131 -0.772991 -0.002214074 0.7730209 0.6343749 -0.002698183 -0.6344075 -0.7729957 0.002214908 0.9951789 -0.0980153 -0.003471553 -0.7730215 -0.6343743 0.002698123 0.9951793 0.09801054 -0.00347495 -0.2902942 0.9569369 0.001013159 -0.9951793 0.09801155 0.003471553 -0.09801781 0.9951847 3.43475e-4 -0.2902972 0.9569361 0.001013875 -0.9569393 0.2902693 0.003338694 0.4714255 0.8819044 -0.001645982 -0.7730239 0.6343713 0.002698063 0.2903004 -0.9569351 -0.001013875 0.2902967 0.9569362 -0.00101155 0.09801882 -0.9951846 -3.42465e-4 0.6344091 -0.7729945 -0.002216041 0.6344057 0.7729972 -0.002212822 0.4714165 -0.8819092 -0.001644372 -0.9951794 -0.09801 0.003473818 -0.9569388 -0.2902708 0.003342568 -0.881926 0.471378 0.00307852 -0.881928 -0.4713742 0.00307846 0.4714106 0.8819125 -0.001645624 -0.9951793 -0.09801155 0.003472685 0.9569397 0.2902677 -0.003338098 0.7730245 0.6343705 -0.002698361 0.7730213 -0.6343743 -0.002698063 0.8819248 -0.4713802 -0.003078222 -0.7730229 0.6343724 0.002696573 -0.4714277 0.8819034 0.001645386 0.8819283 0.4713737 -0.003078579 0.8819224 0.4713848 -0.003076374 0.1102487 0.01119929 -0.9938409 0.09730595 0.0538634 -0.9937959 0.2902943 -0.9569369 -0.00101304 0.1058786 0.03316742 -0.9938259 0.09730589 -0.05386263 -0.9937959 -0.01466703 -0.1137111 -0.9934056 -0.9569398 -0.2902674 0.003338158 0.007731854 0.113711 -0.9934839 0.007731199 -0.1137109 -0.9934839 0.08486175 0.07248651 -0.9937527 -0.09179645 0.07248765 -0.993136 0.105879 -0.03316891 -0.9938257 0.06902122 -0.08832639 -0.9936974 -0.03663802 -0.1093412 -0.9933288 -0.09179645 -0.07248723 -0.993136 -0.1128138 -0.03316837 -0.9930625 0.05039876 -0.1007685 -0.9936326 0.05039662 0.1007695 -0.9936327 -0.07595694 -0.08832526 -0.9931914 -0.1171842 0.01119893 -0.9930471 -0.05733412 0.1007685 -0.9932565 -0.117184 -0.01119893 -0.9930471 0.1102489 -0.01120018 -0.9938409 -0.0573334 -0.1007693 -0.9932566 -0.1042422 -0.05386197 -0.9930924 0.029702 -0.109341 -0.9935604 -0.075957 0.08832556 -0.9931914 0.06902259 0.0883249 -0.9936975 -0.01466631 0.1137115 -0.9934056 -0.03663671 0.1093415 -0.9933289 0.0297026 0.1093412 -0.9935604 -0.1128137 0.0331692 -0.9930624 0.03663849 -0.1093412 0.9933288 -0.08486121 0.07248663 0.9937527 0.1042415 -0.05386215 0.9930924 0.01466739 -0.113711 0.9934056 0.08486211 -0.07248532 -0.9937527 0.0759586 -0.08832401 0.9931914 0.1128139 -0.03316783 0.9930624 -0.06902229 -0.08832496 0.9936975 -0.02970212 0.1093411 0.9935605 -0.02970206 -0.1093413 0.9935605 0.104242 0.05386155 0.9930924 0.1171842 0.01119947 0.9930471 0.05733132 -0.1007702 0.9932566 0.05733174 0.10077 0.9932565 0.1171841 -0.01119947 0.9930471 -0.05039703 -0.1007694 0.9936326 0.1128138 0.03316789 0.9930625 -0.05039817 0.100769 0.9936326 0.03663885 0.1093409 0.9933289 -0.1102488 0.01119935 0.993841 0.07595729 0.0883246 0.9931915 -0.1058786 0.0331676 0.9938258 -0.06902188 0.0883252 0.9936975 -0.08486187 -0.07248622 0.9937526 -0.00773108 0.1137111 0.9934839 0.01466703 0.113711 0.9934056 0.09179633 0.07248711 0.993136 0.09179675 -0.07248699 0.993136 -0.09730613 0.05386269 0.993796 -0.007731795 -0.1137111 0.9934838 -0.1058785 -0.03316771 0.9938257 -0.1102486 -0.01119923 0.9938411 -0.4714134 -0.8819108 0.001646935 0.9951793 0.09801119 -0.003475487 -0.09730583 -0.05386346 0.993796 -0.6344135 0.7729908 0.00221306 -0.1042422 0.05386102 -0.9930925 0.6344115 0.7729925 -0.002213656 0.09801459 -0.995185 -3.41123e-4 -0.003488779 0 -0.9999939 -0.003490447 0 -0.9999939 -0.003490865 0 -0.9999939 -0.003490209 0 -0.999994 -0.003492593 -2.85792e-7 -0.999994 -0.003492712 9.38016e-7 -0.999994 -0.003490805 -2.52824e-6 -0.9999939 -0.003498375 -2.04594e-6 -0.9999939 -0.003486692 -1.00891e-6 -0.999994 -0.003496587 -8.42754e-7 -0.9999939 -0.003488779 2.43126e-6 -0.999994 -0.003491759 -1.12911e-6 -0.9999939 -0.003490686 -2.21128e-6 -0.9999939 -0.003488719 1.8159e-6 -0.999994 -0.003490507 -1.49745e-6 -0.999994 -0.003494143 1.66771e-6 -0.999994 -0.003488719 1.17252e-6 -0.999994 -0.003494739 -2.8683e-6 -0.999994 -0.003491401 2.06182e-6 -0.999994 -0.003488242 -9.75796e-7 -0.999994 -0.003488242 0 -0.999994 -0.003488361 9.42965e-7 -0.999994 -0.003495573 7.33624e-7 -0.999994 -0.003495812 -1.48227e-6 -0.999994 -0.003492534 0 -0.999994 -0.003490507 0 -0.9999939 -0.003491818 7.14223e-7 -0.999994 -0.00348699 2.38024e-6 -0.999994 -0.003489851 -2.34524e-6 -0.999994 -0.003490507 0 -0.9999939 -0.003490209 0 -0.9999939 -0.003489792 -1.57246e-7 -0.9999939 0.00349158 0 0.999994 0.003490507 0 0.9999939 0.003488779 0 0.999994 0.003490865 0 0.9999939 0.003491163 5.30262e-6 0.9999939 0.003491938 -2.98807e-6 0.999994 0.003494799 2.31413e-6 0.9999939 0.003490328 2.36308e-6 0.9999939 0.003489494 2.05018e-6 0.999994 0.003482222 2.00127e-6 0.999994 0.003495335 -2.35006e-6 0.999994 0.003492891 1.10996e-6 0.999994 0.003496646 0 0.9999939 0.003486275 -1.91808e-6 0.999994 0.003484487 1.843e-6 0.999994 0.003489732 -1.909e-6 0.999994 0.00349003 -9.39809e-7 0.999994 0.00349152 -4.20428e-6 0.9999939 0.003482818 -3.36422e-6 0.999994 0.003487706 1.15718e-6 0.9999939 0.003488123 0 0.9999939 0.003489851 -2.0604e-6 0.999994 0.003501117 -6.73811e-7 0.9999939 0.003487467 5.23041e-6 0.999994 0.003493368 0 0.9999939 0.003490328 0 0.9999939 0.003495812 -2.23347e-6 0.999994 0.003490388 -1.9383e-7 0.9999939 0.003488957 1.5063e-6 0.999994 0.003489375 -2.11731e-7 0.9999939 0.003487646 2.54217e-6 0.9999939 0.003491699 1.73418e-6 0.9999939 0.003458857 3.18165e-6 0.9999941 0.003478765 -1.08492e-6 0.999994 0.003486514 0 0.9999939 0.003484308 -5.59451e-7 0.9999939 0.003470361 4.00845e-6 0.999994 0.003486394 1.36611e-6 0.999994 0.00348699 -8.51916e-7 0.999994 0.003490388 -4.1028e-6 0.999994 0.003494322 -5.41336e-7 0.9999939 0.003498554 -2.60989e-6 0.999994 0.003494977 1.88529e-6 0.999994 0.003500759 7.57227e-7 0.9999939 0.003489196 -4.10166e-6 0.9999939 0.003486454 1.13905e-6 0.9999939 0.00349003 -2.3316e-7 0.9999939 0.003471255 -5.73243e-6 0.999994 0.003490328 -3.46378e-6 0.9999939 0.003485143 4.48062e-6 0.9999939 0.003499507 1.22915e-6 0.9999939 0.003502547 2.6313e-7 0.9999939 0.003493309 2.95211e-7 0.9999939 0.003494143 2.44062e-6 0.9999939 0.003491222 2.59169e-6 0.9999939 0.003482341 -1.28061e-6 0.999994 0.003491938 0 0.999994 0.003485858 1.07974e-6 0.999994 0.003495156 -2.71257e-6 0.9999939 0.003496944 -2.77303e-6 0.9999939 0.003500103 3.93212e-6 0.9999939 0.003492593 -6.85473e-6 0.999994 0.003490328 2.15944e-6 0.9999939 0.003492593 -2.56596e-6 0.9999939 0.003486812 -1.65425e-6 0.9999939 0.003493905 4.28172e-6 0.9999939 0.003467738 -5.50744e-7 0.999994 0.707098 0.7071114 -0.002468347 -0.2587274 -0.96595 9.03144e-4 0 1 0 -0.7071025 0.7071067 0.002467989 0.2587224 -0.9659513 -9.02139e-4 -0.999994 0 0.003490567 0.8659719 0.5000835 -0.00302273 0.9999939 8.82641e-6 -0.003490865 0 -1 0 0.9999939 0 -0.003490567 -0.707103 -0.7071064 0.002468228 -0.9659451 0.2587252 0.003371715 0 1 0 0.7071092 -0.7071002 -0.002467453 -0.2724637 0.9621656 9.51103e-4 -0.9621602 -0.2724637 0.003358602 0.7071024 0.707107 -0.002468228 -0.7071024 0.7071068 0.002468466 -0.9999939 0 0.003490626 0.8659718 -0.5000839 -0.00302273 -0.7071025 -0.7071068 0.002468168 0.2587207 0.9659518 -9.03206e-4 0.9621602 0.2724642 -0.003358662 0.7071024 -0.7071069 -0.002468168 -0.4876839 -0.8730188 0.001702249 0 -1 0 -0.8659711 -0.5000851 0.003022909 0.7071024 0.707107 -0.002468109 0.9621497 -0.2725012 -0.003358423 0.487694 0.873013 -0.001702368 -0.7071076 0.7071018 0.002468347 0 1 0 -0.7071023 -0.707107 0.002468168 0.4876527 -0.873036 -0.001702308 0 -1 -2.75826e-7 -0.5000809 0.8659771 0.001745522 0.7071025 -0.7071068 -0.002468109 0.9999939 0 -0.003490626 -0.8730094 0.487694 0.003047406 -0.8819245 0.4713808 0.00307703 0.4714137 -0.8819108 -0.001645982 -0.7730253 -0.6343696 0.002698242 -0.098019 -0.9951846 3.42466e-4 -0.4714099 0.8819127 0.001644432 -0.9569389 0.2902702 0.003340482 0.09802073 0.9951843 -3.41921e-4 0.9569393 -0.290269 -0.003341495 -0.6344032 0.7729993 0.00221467 0.9951793 -0.09801107 -0.00347495 -0.6344091 -0.7729943 0.002215623 -0.2902941 -0.956937 0.001013159 0.2902935 0.9569371 -0.001013636 -0.4714149 -0.8819102 0.001645565 -0.9951794 0.09801071 0.00347495 -0.8819213 -0.4713867 0.003076732 0.09801799 0.9951847 -3.41123e-4 0.9569396 0.2902684 -0.003341317 -0.09802067 0.9951844 3.42059e-4 0.8819268 -0.4713765 -0.00307995 0.7730213 -0.6343743 -0.00270003 0.9569391 -0.2902697 -0.003338158 -0.2903004 -0.9569351 0.001013934 -0.09801459 -0.995185 3.41123e-4 0.6344127 -0.7729914 -0.00221467 0.7730196 0.6343765 -0.002696514 -0.6344065 -0.7729965 0.002214431 0.9951793 -0.09801119 -0.003475546 -0.773021 -0.6343747 0.002698302 0.9951794 0.09800964 -0.003476083 -0.2902942 0.956937 0.001013576 -0.9951794 0.09801071 0.003473818 -0.09801775 0.9951847 3.41067e-4 -0.2902973 0.956936 0.001013934 -0.9569392 0.2902694 0.003338098 0.4714254 0.8819044 -0.001644968 -0.7730237 0.6343715 0.00269854 0.2903007 -0.956935 -0.001013934 0.2902967 0.9569361 -0.001013875 0.09801882 -0.9951846 -3.42057e-4 0.6344091 -0.7729943 -0.002212762 0.6344043 0.7729982 -0.002214074 0.4714171 -0.8819088 -0.001648008 -0.9951794 -0.09801059 0.003471553 -0.9569391 -0.2902698 0.00333929 -0.8819248 0.4713802 0.00307697 -0.8819278 -0.4713745 0.00307995 0.4714102 0.8819127 -0.001644372 -0.9951792 -0.09801256 0.003477215 0.9569388 0.2902705 -0.003340363 0.7730244 0.6343707 -0.002696514 0.7730221 -0.6343734 -0.002698063 0.8819258 -0.4713783 -0.00307852 -0.7730224 0.634373 0.002696514 -0.4714279 0.8819032 0.001645386 0.881928 0.4713742 -0.003078341 0.8819231 0.4713832 -0.003078162 0.1102489 0.01120007 -0.993841 0.09730541 0.05386334 -0.9937959 0.290295 -0.9569367 -0.001013159 0.1058788 0.03316885 -0.9938257 0.09730613 -0.05386269 -0.993796 -0.01466661 -0.1137112 -0.9934056 -0.956939 -0.2902702 0.003340363 0.007731676 0.1137112 -0.9934839 0.007731854 -0.1137111 -0.9934839 0.08486229 0.07248532 -0.9937527 -0.09179675 0.07248711 -0.993136 0.1058788 -0.03316748 -0.9938258 0.06902199 -0.08832502 -0.9936975 -0.03663659 -0.1093415 -0.9933289 -0.0917961 -0.07248777 -0.993136 -0.1128137 -0.03316897 -0.9930625 0.05039769 -0.1007691 -0.9936326 0.05039685 0.1007695 -0.9936326 -0.07595664 -0.08832621 -0.9931914 -0.1171839 0.01119887 -0.9930471 -0.05733245 0.1007695 -0.9932566 -0.1171841 -0.01119893 -0.9930471 0.1102488 -0.01119935 -0.9938409 -0.05733567 -0.1007677 -0.9932566 -0.1042425 -0.05386036 -0.9930924 0.02970331 -0.1093409 -0.9935604 -0.07595795 0.08832466 -0.9931915 0.06902176 0.08832579 -0.9936975 -0.01466733 0.113711 -0.9934056 -0.03663778 0.1093413 -0.9933288 0.02970278 0.109341 -0.9935604 -0.1128137 0.03316849 -0.9930625 0.03663873 -0.1093412 0.9933288 -0.08486139 0.07248663 0.9937527 0.1042416 -0.05386245 0.9930924 0.01466542 -0.1137114 0.9934056 0.08486157 -0.07248681 -0.9937526 0.07595765 -0.08832556 0.9931914 0.1128141 -0.03316926 0.9930623 -0.06902289 -0.08832448 0.9936975 -0.02970248 0.109341 0.9935604 -0.02970236 -0.109341 0.9935605 0.1042415 0.05386185 0.9930924 0.1171841 0.01119917 0.9930471 0.05733215 -0.1007689 0.9932567 0.0573343 0.1007681 0.9932566 0.1171841 -0.01119917 0.9930471 -0.05039745 -0.1007691 0.9936327 0.112814 0.03316897 0.9930624 -0.05039936 0.1007681 0.9936327 0.03663825 0.1093412 0.9933289 -0.1102488 0.0111981 0.9938409 0.07595682 0.08832615 0.9931914 -0.1058787 0.03316926 0.9938257 -0.06902188 0.08832502 0.9936975 -0.08486175 -0.07248651 0.9937527 -0.007732987 0.1137111 0.9934839 0.014665 0.1137111 0.9934057 0.09179669 0.07248622 0.9931361 0.09179693 -0.0724861 0.993136 -0.09730648 0.05386245 0.9937959 -0.007732272 -0.1137114 0.9934839 -0.1058787 -0.03316915 0.9938257 -0.1102487 -0.01119798 0.993841 -0.4714143 -0.8819105 0.00164479 0.9951789 0.09801536 -0.003471553 -0.09730583 -0.05386352 0.9937959 -0.6344141 0.7729903 0.002216041 -0.1042418 0.05386263 -0.9930924 0.6344112 0.7729927 -0.002214848 0.09801459 -0.995185 -3.40243e-4 -0.003488957 -1.25148e-6 -0.999994 -0.003495872 -3.69683e-6 -0.999994 -0.003492593 0 -0.9999939 -0.003495752 6.1428e-7 -0.9999939 -0.003500401 -3.65008e-6 -0.9999939 -0.00349152 -1.37593e-6 -0.999994 -0.003493666 1.40412e-7 -0.9999939 -0.003487408 1.67562e-6 -0.9999939 -0.00349307 1.16993e-6 -0.9999939 -0.003481388 1.40284e-6 -0.999994 -0.003488421 -3.68218e-6 -0.999994 -0.003491342 -3.94048e-7 -0.9999939 -0.003493428 1.94855e-6 -0.9999939 -0.003489077 -4.61239e-6 -0.9999939 -0.003496646 1.6959e-6 -0.999994 -0.003491222 -2.69974e-7 -0.9999939 -0.003490328 -1.82697e-7 -0.999994 -0.003488004 3.09658e-6 -0.9999939 -0.003479063 -9.8464e-7 -0.9999939 -0.003494441 -1.35723e-6 -0.9999939 -0.003491103 -3.08817e-6 -0.9999939 -0.003494381 3.04682e-6 -0.999994 -0.003488183 -3.52711e-6 -0.9999939 -0.003498613 -2.97969e-6 -0.9999939 -0.003495454 7.24803e-6 -0.999994 -0.003486275 2.08326e-6 -0.999994 -0.003490209 -4.12287e-6 -0.9999939 -0.003484368 2.75027e-6 -0.9999939 -0.003489971 1.46819e-6 -0.9999939 -0.003489196 -7.93557e-7 -0.999994 -0.003508865 -4.24307e-6 -0.9999939 -0.00349611 -4.69706e-6 -0.999994 -0.003499567 1.68499e-6 -0.9999939 -0.003492593 5.18603e-6 -0.999994 -0.00349164 -1.88361e-6 -0.9999939 -0.003486573 -1.42047e-6 -0.999994 -0.003475606 -9.11198e-7 -0.999994 -0.003497242 1.67566e-6 -0.999994 -0.003494799 5.72228e-7 -0.999994 -0.003500282 -3.73964e-6 -0.9999939 -0.003496587 -2.99153e-6 -0.9999939 -0.003487825 -3.52856e-7 -0.9999939 -0.003490388 1.96739e-6 -0.999994 -0.003485321 -3.83762e-6 -0.9999939 -0.003483057 4.03994e-6 -0.999994 -0.003488123 -5.22037e-7 -0.9999939 -0.00349003 -1.82553e-7 -0.999994 -0.003491222 3.10023e-6 -0.999994 -0.003498136 -1.28738e-6 -0.9999939 -0.003495752 -1.22693e-6 -0.9999939 -0.003494501 -3.20652e-6 -0.999994 -0.003495097 3.00852e-6 -0.9999939 -0.003496646 -3.52345e-6 -0.999994 -0.0034886 -3.27299e-6 -0.999994 -0.003479778 6.67916e-6 -0.999994 -0.003497719 5.59349e-7 -0.9999939 -0.003486812 -4.00112e-6 -0.999994 -0.003487646 2.7497e-6 -0.9999939 -0.003493964 1.62224e-6 -0.999994 -0.003495812 1.40417e-6 -0.999994 -0.003485858 0 -0.999994 -0.003489375 -2.88422e-6 -0.9999939 -0.003489971 1.67864e-6 -0.9999939 -0.003484904 4.37246e-6 -0.999994 -0.003490507 -2.07693e-6 -0.9999939 -0.003495573 -4.10904e-6 -0.9999939 -0.003504753 -3.03838e-6 -0.9999939 -0.003502845 0 -0.9999939 -0.003506183 2.41682e-6 -0.9999939 -0.003483831 -1.60029e-6 -0.999994</float_array>
          <technique_common>
            <accessor source="#Circle_009-mesh-normals-array" count="1023" stride="3">
              <param name="X" type="float"/>
              <param name="Y" type="float"/>
              <param name="Z" type="float"/>
            </accessor>
          </technique_common>
        </source>
        <source id="Circle_009-mesh-map-0">
          <float_array id="Circle_009-mesh-map-0-array" count="8232">0 0 0 0 0 0 0 0 0 0 0 0 0 0 0 0 0 0 0 0 0 0 0 0 0 0 0 0 0 0 0 0 0 0 0 0 0 0 0 0 0 0 0 0 0 0 0 0 0 0 0 0 0 0 0 0 0 0 0 0 0 0 0 0 0 0 0 0 0 0 0 0 0 0 0 0 0 0 0 0 0 0 0 0 0 0 0 0 0 0 0 0 0 0 0 0 0 0 0 0 0 0 0 0 0 0 0 0 0 0 0 0 0 0 0 0 0 0 0 0 0 0 0 0 0 0 0 0 0 0 0 0 0 0 0 0 0 0 0 0 0 0 0 0 0 0 0 0 0 0 0 0 0 0 0 0 0 0 0 0 0 0 0 0 0 0 0 0 0 0 0 0 0 0 0 0 0 0 0 0 0 0 0 0 0 0 0 0 0 0 0 0 0 0 0 0 0 0 0 0 0 0 0 0 0 0 0 0 0 0 0 0 0 0 0 0 0 0 0 0 0 0 0 0 0 0 0 0 0 0 0 0 0 0 0 0 0 0 0 0 0 0 0 0 0 0 0 0 0 0 0 0 0 0 0 0 0 0 0 0 0 0 0 0 0 0 0 0 0 0 0 0 0 0 0 0 0 0 0 0 0 0 0 0 0 0 0 0 0 0 0 0 0 0 0 0 0 0 0 0 0 0 0 0 0 0 0 0 0 0 0 0 0 0 0 0 0 0 0 0 0 0 0 0 0 0 0 0 0 0 0 0 0 0 0 0 0 0 0 0 0 0 0 0 0 0 0 0 0 0 0 0 0 0 0 0 0 0 0 0 0 0 0 0 0 0 0 0 0 0 0 0 0 0 0 0 0 0 0 0 0 0 0 0 0 0 0 0 0 0 0 0 0 0 0 0 0 0 0 0 0 0 0 0 0 0 0 0 0 0 0 0 0 0 0 0 0 0 0 0 0 0 0 0 0 0 0 0 0 0 0 0 0 0 0 0 0 0 0 0 0 0 0 0 0 0 0 0 0 0 0 0 0 0 0 0 0 0 0 0 0 0 0 0 0 0 0 0 0 0 0 0 0 0 0 0 0 0 0 0 0 0 0 0 0 0 0 0 0 0 0 0 0 0 0 0 0 0 0 0 0 0 0 0 0 0 0 0 0 0 0 0 0 0 0 0 0 0 0 0 0 0 0 0 0 0 0 0 0 0 0 0 0 0 0 0 0 0 0 0 0 0 0 0 0 0 0 0 0 0 0 0 0 0 0 0 0 0 0 0 0 0 0 0 0 0 0 0 0 0 0 0 0 0 0 0 0 0 0 0 0 0 0 0 0 0 0 0 0 0 0 0 0 0 0 0 0 0 0 0 0 0 0 0 0 0 0 0 0 0 0 0 0 0 0 0 0 0 0 0 0 0 0 0 0 0 0 0 0 0 0 0 0 0 0 0 0 0 0 0 0 0 0 0 0 0 0 0 0 0 0 0 0 0 0 0 0 0 0 0 0 0 0 0 0 0 0 0 0 0 0 0 0 0 0 0 0 0 0 0 0 0 0 0 0 0 0 0 0 0 0 0 0 0 0 0 0 0 0 0 0 0 0 0 0 0 0 0 0 0 0 0 0 0 0 0 0 0 0 0 0 0 0 0 0 0 0 0 0 0 0 0 0 0 0 0 0 0 0 0 0 0 0 0 0 0 0 0 0 0 0 0 0 0 0 0 0 0 0 0 0 0 0 0 0 0 0 0 0 0 0 0 0 0 0 0 0 0 0 0 0 0 0 0 0 0 0 0 0 0 0 0 0 0 0 0 0 0 0 0 0 0 0 0 0 0 0 0 0 0 0 0 0 0 0 0 0 0 0 0 0 0 0 0 0 0 0 0 0 0 0 0 0 0 0 0 0 0 0 0 0 0 0 0 0 0 0 0 0 0 0 0 0 0 0 0 0 0 0 0 0 0 0 0 0 0 0 0 0 0 0 0 0 0 0 0 0 0 0 0 0 0 0 0 0 0 0 0 0 0 0 0 0 0 0 0 0 0 0 0 0 0 0 0 0 0 0 0 0 0 0 0 0 0 0 0 0 0 0 0 0 0 0 0 0 0 0 0 0 0 0 0 0 0 0 0 0 0 0 0 0 0 0 0 0 0 0 0 0 0 0 0 0 0 0 0 0 0 0 0 0 0 0 0 0 0 0 0 0 0 0 0 0 0 0 0 0 0 0 0 0 0 0 0 0 0 0 0 0 0 0 0 0 0 0 0 0 0 0 0 0 0 0 0 0 0 0 0 0 0 0 0 0 0 0 0 0 0 0 0 0 0 0 0 0 0 0 0 0 0 0 0 0 0 0 0 0 0 0 0 0 0 0 0 0 0 0 0 0 0 0 0 0 0 0 0 0 0 0 0 0 0 0 0 0 0 0 0 0 0 0 0 0 0 0 0 0 0 0 0 0 0 0 0 0 0 0 0 0 0 0 0 0 0 0 0 0 0 0 0 0 0 0 0 0 0 0 0 0 0 0 0 0 0 0 0 0 0 0 0 0 0 0 0 0 0 0 0 0 0 0 0 0 0 0 0 0 0 0 0 0 0 0 0 0 0 0 0 0 0 0 0 0 0 0 0 0 0 0 0 0 0 0 0 0 0 0 0 0 0 0 0 0 0 0 0 0 0 0 0 0 0 0 0 0 0 0 0 0 0 0 0 0 0 0 0 0 0 0 0 0 0 0 0 0 0 0 0 0 0 0 0 0 0 0 0 0 0 0 0 0 0 0 0 0 0 0 0 0 0 0 0 0 0 0 0 0 0 0 0 0 0 0 0 0 0 0 0 0 0 0 0 0 0 0 0 0 0 0 0 0 0 0 0 0 0 0 0 0 0 0 0 0 0 0 0 0 0 0 0 0 0 0 0 0 0 0 0 0 0 0 0 0 0 0 0 0 0 0 0 0 0 0 0 0 0 0 0 0 0 0 0 0 0 0 0 0 0 0 0 0 0 0 0 0 0 0 0 0 0 0 0 0 0 0 0 0 0 0 0 0 0 0 0 0 0 0 0 0 0 0 0 0 0 0 0 0 0 0 0 0 0 0 0 0 0 0 0 0 0 0 0 0 0 0 0 0 0 0 0 0 0 0 0 0 0 0 0 0 0 0 0 0 0 0 0 0 0 0 0 0 0 0 0 0 0 0 0 0 0 0 0 0 0 0 0 0 0 0 0 0 0 0 0 0 0 0 0 0 0 0 0 0 0 0 0 0 0 0 0 0 0 0 0 0 0 0 0 0 0 0 0 0 0 0 0 0 0 0 0 0 0 0 0 0 0 0 0 0 0 0 0 0 0 0 0 0 0 0 0 0 0 0 0 0 0 0 0 0 0 0 0 0 0 0 0 0 0 0 0 0 0 0 0 0 0 0 0 0 0 0 0 0 0 0 0 0 0 0 0 0 0 0 0 0 0 0 0 0 0 0 0 0 0 0 0 0 0 0 0 0 0 0 0 0 0 0 0 0 0 0 0 0 0 0 0 0 0 0 0 0 0 0 0 0 0 0 0 0 0 0 0 0 0 0 0 0 0 0 0 0 0 0 0 0 0 0 0 0 0 0 0 0 0 0 0 0 0 0 0 0 0 0 0 0 0 0 0 0 0 0 0 0 0 0 0 0 0 0 0 0 0 0 0 0 0 0 0 0 0 0 0 0 0 0 0 0 0 0 0 0 0 0 0 0 0 0 0 0 0 0 0 0 0 0 0 0 0 0 0 0 0 0 0 0 0 0 0 0 0 0 0 0 0 0 0 0 0 0 0 0 0 0 0 0 0 0 0 0 0 0 0 0 0 0 0 0 0 0 0 0 0 0 0 0 0 0 0 0 0 0 0 0 0 0 0 0 0 0 0 0 0 0 0 0 0 0 0 0 0 0 0 0 0 0 0 0 0 0 0 0 0 0 0 0 0 0 0 0 0 0 0 0 0 0 0 0 0 0 0 0 0 0 0 0 0 0 0 0 0 0 0 0 0 0 0 0 0 0 0 0 0 0 0 0 0 0 0 0 0 0 0 0 0 0 0 0 0 0 0 0 0 0 0 0 0 0 0 0 0 0 0 0 0 0 0 0 0 0 0 0 0 0 0 0 0 0 0 0 0 0 0 0 0 0 0 0 0 0 0 0 0 0 0 0 0 0 0 0 0 0 0 0 0 0 0 0 0 0 0 0 0 0 0 0 0 0 0 0 0 0 0 0 0 0 0 0 0 0 0 0 0 0 0 0 0 0 0 0 0 0 0 0 0 0 0 0 0 0 0 0 0 0 0 0 0 0 0 0 0 0 0 0 0 0 0 0 0 0 0 0 0 0 0 0 0 0 0 0 0 0 0 0 0 0 0 0 0 0 0 0 0 0 0 0 0 0 0 0 0 0 0 0 0 0 0 0 0 0 0 0 0 0 0 0 0 0 0 0 0 0 0 0 0 0 0 0 0 0 0 0 0 0 0 0 0 0 0 0 0 0 0 0 0 0 0 0 0 0 0 0 0 0 0 0 0 0 0 0 0 0 0 0 0 0 0 0 0 0 0 0 0 0 0 0 0 0 0 0 0 0 0 0 0 0 0 0 0 0 0 0 0 0 0 0 0 0 0 0 0 0 0 0 0 0 0 0 0 0 0 0 0 0 0 0 0 0 0 0 0 0 0 0 0 0 0 0 0 0 0 0 0 0 0 0 0 0 0 0 0 0 0 0 0 0 0 0 0 0 0 0 0 0 0 0 0 0 0 0 0 0 0 0 0 0 0 0 0 0 0 0 0 0 0 0 0 0 0 0 0 0 0 0 0 0 0 0 0 0 0 0 0 0 0 0 0 0 0 0 0 0 0 0 0 0 0 0 0 0 0 0 0 0 0 0 0 0 0 0 0 0 0 0 0 0 0 0 0 0 0 0 0 0 0 0 0 0 0 0 0 0 0 0 0 0 0 0 0 0 0 0 0 0 0 0 0 0 0 0 0 0 0 0 0 0 0 0 0 0 0 0 0 0 0 0 0 0 0 0 0 0 0 0 0 0 0 0 0 0 0 0 0 0 0 0 0 0 0 0 0 0 0 0 0 0 0 0 0 0 0 0 0 0 0 0 0 0 0 0 0 0 0 0 0 0 0 0 0 0 0 0 0 0 0 0 0 0 0 0 0 0 0 0 0 0 0 0 0 0 0 0 0 0 0 0 0 0 0 0 0 0 0 0 0 0 0 0 0 0 0 0 0 0 0 0 0 0 0 0 0 0 0 0 0 0 0 0 0 0 0 0 0 0 0 0 0 0 0 0 0 0 0 0 0 0 0 0 0 0 0 0 0 0 0 0 0 0 0 0 0 0 0 0 0 0 0 0 0 0 0 0 0 0 0 0 0 0 0 0 0 0 0 0 0 0 0 0 0 0 0 0 0 0 0 0 0 0 0 0 0 0 0 0 0 0 0 0 0 0 0 0 0 0 0 0 0 0 0 0 0 0 0 0 0 0 0 0 0 0 0 0 0 0 0 0 0 0 0 0 0 0 0 0 0 0 0 0 0 0 0 0 0 0 0 0 0 0 0 0 0 0 0 0 0 0 0 0 0 0 0 0 0 0 0 0 0 0 0 0 0 0 0 0 0 0 0 0 0 0 0 0 0 0 0 0 0 0 0 0 0 0 0 0 0 0 0 0 0 0 0 0 0 0 0 0 0 0 0 0 0 0 0 0 0 0 0 0 0 0 0 0 0 0 0 0 0 0 0 0 0 0 0 0 0 0 0 0 0 0 0 0 0 0 0 0 0 0 0 0 0 0 0 0 0 0 0 0 0 0 0 0 0 0 0 0 0 0 0 0 0 0 0 0 0 0 0 0 0 0 0 0 0 0 0 0 0 0 0 0 0 0 0 0 0 0 0 0 0 0 0 0 0 0 0 0 0 0 0 0 0 0 0 0 0 0 0 0 0 0 0 0 0 0 0 0 0 0 0 0 0 0 0 0 0 0 0 0 0 0 0 0 0 0 0 0 0 0 0 0 0 0 0 0 0 0 0 0 0 0 0 0 0 0 0 0 0 0 0 0 0 0 0 0 0 0 0 0 0 0 0 0 0 0 0 0 0 0 0 0 0 0 0 0 0 0 0 0 0 0 0 0 0 0 0 0 0 0 0 0 0 0 0 0 0 0 0 0 0 0 0 0 0 0 0 0 0 0 0 0 0 0 0 0 0 0 0 0 0 0 0 0 0 0 0 0 0 0 0 0 0 0 0 0 0 0 0 0 0 0 0 0 0 0 0 0 0 0 0 0 0 0 0 0 0 0 0 0 0 0 0 0 0 0 0 0 0 0 0 0 0 0 0 0 0 0 0 0 0 0 0 0 0 0 0 0 0 0 0 0 0 0 0 0 0 0 0 0 0 0 0 0 0 0 0 0 0 0 0 0 0 0 0 0 0 0 0 0 0 0 0 0 0 0 0 0 0 0 0 0 0 0 0 0 0 0 0 0 0 0 0 0 0 0 0 0 0 0 0 0 0 0 0 0 0 0 0 0 0 0 0 0 0 0 0 0 0 0 0 0 0 0 0 0 0 0 0 0 0 0 0 0 0 0 0 0 0 0 0 0 0 0 0 0 0 0 0 0 0 0 0 0 0 0 0 0 0 0 0 0 0 0 0 0 0 0 0 0 0 0 0 0 0 0 0 0 0 0 0 0 0 0 0 0 0 0 0 0 0 0 0 0 0 0 0 0 0 0 0 0 0 0 0 0 0 0 0 0 0 0 0 0 0 0 0 0 0 0 0 0 0 0 0 0 0 0 0 0 0 0 0 0 0 0 0 0 0 0 0 0 0 0 0 0 0 0 0 0 0 0 0 0 0 0 0 0 0 0 0 0 0 0 0 0 0 0 0 0 0 0 0 0 0 0 0 0 0 0 0 0 0 0 0 0 0 0 0 0 0 0 0 0 0 0 0 0 0 0 0 0 0 0 0 0 0 0 0 0 0 0 0 0 0 0 0 0 0 0 0 0 0 0 0 0 0 0 0 0 0 0 0 0 0 0 0 0 0 0 0 0 0 0 0 0 0 0 0 0 0 0 0 0 0 0 0 0 0 0 0 0 0 0 0 0 0 0 0 0 0 0 0 0 0 0 0 0 0 0 0 0 0 0 0 0 0 0 0 0 0 0 0 0 0 0 0 0 0 0 0 0 0 0 0 0 0 0 0 0 0 0 0 0 0 0 0 0 0 0 0 0 0 0 0 0 0 0 0 0 0 0 0 0 0 0 0 0 0 0 0 0 0 0 0 0 0 0 0 0 0 0 0 0 0 0 0 0 0 0 0 0 0 0 0 0 0 0 0 0 0 0 0 0 0 0 0 0 0 0 0 0 0 0 0 0 0 0 0 0 0 0 0 0 0 0 0 0 0 0 0 0 0 0 0 0 0 0 0 0 0 0 0 0 0 0 0 0 0 0 0 0 0 0 0 0 0 0 0 0 0 0 0 0 0 0 0 0 0 0 0 0 0 0 0 0 0 0 0 0 0 0 0 0 0 0 0 0 0 0 0 0 0 0 0 0 0 0 0 0 0 0 0 0 0 0 0 0 0 0 0 0 0 0 0 0 0 0 0 0 0 0 0 0 0 0 0 0 0 0 0 0 0 0 0 0 0 0 0 0 0 0 0 0 0 0 0 0 0 0 0 0 0 0 0 0 0 0 0 0 0 0 0 0 0 0 0 0 0 0 0 0 0 0 0 0 0 0 0 0 0 0 0 0 0 0 0 0 0 0 0 0 0 0 0 0 0 0 0 0 0 0 0 0 0 0 0 0 0 0 0 0 0 0 0 0 0 0 0 0 0 0 0 0 0 0 0 0 0 0 0 0 0 0 0 0 0 0 0 0 0 0 0 0 0 0 0 0 0 0 0 0 0 0 0 0 0 0 0 0 0 0 0 0 0 0 0 0 0 0 0 0 0 0 0 0 0 0 0 0 0 0 0 0 0 0 0 0 0 0 0 0 0 0 0 0 0 0 0 0 0 0 0 0 0 0 0 0 0 0 0 0 0 0 0 0 0 0 0 0 0 0 0 0 0 0 0 0 0 0 0 0 0 0 0 0 0 0 0 0 0 0 0 0 0 0 0 0 0 0 0 0 0 0 0 0 0 0 0 0 0 0 0 0 0 0 0 0 0 0 0 0 0 0 0 0 0 0 0 0 0 0 0 0 0 0 0 0 0 0 0 0 0 0 0 0 0 0 0 0 0 0 0 0 0 0 0 0 0 0 0 0 0 0 0 0 0 0 0 0 0 0 0 0 0 0 0 0 0 0 0 0 0 0 0 0 0 0 0 0 0 0 0 0 0 0 0 0 0 0 0 0 0 0 0 0 0 0 0 0 0 0 0 0 0 0 0 0 0 0 0 0 0 0 0 0 0 0 0 0 0 0 0 0 0 0 0 0 0 0 0 0 0 0 0 0 0 0 0 0 0 0 0 0 0 0 0 0 0 0 0 0 0 0 0 0 0 0 0 0 0 0 0 0 0 0 0 0 0 0 0 0 0 0 0 0 0 0 0 0 0 0 0 0 0 0 0 0 0 0 0 0 0 0 0 0 0 0 0 0 0 0 0 0 0 0 0 0 0 0 0 0 0 0 0 0 0 0 0 0 0 0 0 0 0 0 0 0 0 0 0 0 0 0 0 0 0 0 0 0 0 0 0 0 0 0 0 0 0 0 0 0 0 0 0 0 0 0 0 0 0 0 0 0 0 0 0 0 0 0 0 0 0 0 0 0 0 0 0 0 0 0 0 0 0 0 0 0 0 0 0 0 0 0 0 0 0 0 0 0 0 0 0 0 0 0 0 0 0 0 0 0 0 0 0 0 0 0 0 0 0 0 0 0 0 0 0 0 0 0 0 0 0 0 0 0 0 0 0 0 0 0 0 0 0 0 0 0 0 0 0 0 0 0 0 0 0 0 0 0 0 0 0 0 0 0 0 0 0 0 0 0 0 0 0 0 0 0 0 0 0 0 0 0 0 0 0 0 0 0 0 0 0 0 0 0 0 0 0 0 0 0 0 0 0 0 0 0 0 0 0 0 0 0 0 0 0 0 0 0 0 0 0 0 0 0 0 0 0 0 0 0 0 0 0 0 0 0 0 0 0 0 0 0 0 0 0 0 0 0 0 0 0 0 0 0 0 0 0 0 0 0 0 0 0 0 0 0 0 0 0 0 0 0 0 0 0 0 0 0 0 0 0 0 0 0 0 0 0 0 0 0 0 0 0 0 0 0 0 0 0 0 0 0 0 0 0 0 0 0 0 0 0 0 0 0 0 0 0 0 0 0 0 0 0 0 0 0 0 0 0 0 0 0 0 0 0 0 0 0 0 0 0 0 0 0 0 0 0 0 0 0 0 0 0 0 0 0 0 0 0 0 0 0 0 0 0 0 0 0 0 0 0 0 0 0 0 0 0 0 0 0 0 0 0 0 0 0 0 0 0 0 0 0 0 0 0 0 0 0 0 0 0 0 0 0 0 0 0 0 0 0 0 0 0 0 0 0 0 0 0 0 0 0 0 0 0 0 0 0 0 0 0 0 0 0 0 0 0 0 0 0 0 0 0 0 0 0 0 0 0 0 0 0 0 0 0 0 0 0 0 0 0 0 0 0 0 0 0 0 0 0 0 0 0 0 0 0 0 0 0 0 0 0 0 0 0 0 0 0 0 0 0 0 0 0 0 0 0 0 0 0 0 0 0 0 0 0 0 0 0 0 0 0 0 0 0 0 0 0 0 0 0 0 0 0 0 0 0 0 0 0 0 0 0 0 0 0 0 0 0 0 0 0 0 0 0 0 0 0 0 0 0 0 0 0 0 0 0 0 0 0 0 0 0 0 0 0 0 0 0 0 0 0 0 0 0 0 0 0 0 0 0 0 0 0 0 0 0 0 0 0 0 0 0 0 0 0 0 0 0 0 0 0 0 0 0 0 0 0 0 0 0 0 0 0 0 0 0 0 0 0 0 0 0 0 0 0 0 0 0 0 0 0 0 0 0 0 0 0 0 0 0 0 0 0 0 0 0 0 0 0 0 0 0 0 0 0 0 0 0 0 0 0 0 0 0 0 0 0 0 0 0 0 0 0 0 0 0 0 0 0 0 0 0 0 0 0 0 0 0 0 0 0 0 0 0 0 0 0 0 0 0 0 0 0 0 0 0 0 0 0 0 0 0 0 0 0 0 0 0 0 0 0 0 0 0 0 0 0 0 0 0 0 0 0 0 0 0 0 0 0 0 0 0 0 0 0 0 0 0 0 0 0 0 0 0 0 0 0 0 0 0 0 0 0 0 0 0 0 0 0 0 0 0 0 0 0 0 0 0 0 0 0 0 0 0 0 0 0 0 0 0 0 0 0 0 0 0 0 0 0 0 0 0 0 0 0 0 0 0 0 0 0 0 0 0 0 0 0 0 0 0 0 0 0 0 0 0 0 0 0 0 0 0 0 0 0 0 0 0 0 0 0 0 0 0 0 0 0 0 0 0 0 0 0 0 0 0 0 0 0 0 0 0 0 0 0 0 0 0 0 0 0 0 0 0 0 0 0 0 0 0 0 0 0 0 0 0 0 0 0 0 0 0 0 0 0 0 0 0 0 0 0 0 0 0 0 0 0 0 0 0 0 0 0 0 0 0 0 0 0 0 0 0 0 0 0 0 0 0 0 0 0 0 0 0 0 0 0 0 0 0 0 0 0 0 0 0 0 0 0 0 0 0 0 0 0 0 0 0 0 0 0 0 0 0 0 0 0 0 0 0 0 0 0 0 0 0 0 0 0 0 0 0 0 0 0 0 0 0 0 0 0 0 0 0 0 0 0 0 0 0 0 0 0 0 0 0 0 0 0 0 0 0 0 0 0 0 0 0 0 0 0 0 0 0 0 0 0 0 0 0 0 0 0 0 0 0 0 0 0 0 0 0 0 0 0 0 0 0 0 0 0 0 0 0 0 0 0 0 0 0 0 0 0 0 0 0 0 0 0 0 0 0 0 0 0 0 0 0 0 0 0 0 0 0 0 0 0 0 0 0 0 0 0 0 0 0 0 0 0 0 0 0 0 0 0 0 0 0 0 0 0 0 0 0 0 0 0 0 0 0 0 0 0 0 0 0 0 0 0 0 0 0 0 0 0 0 0 0 0 0 0 0 0 0 0 0 0 0 0 0 0 0 0 0 0 0 0 0 0 0 0 0 0 0 0 0 0 0 0 0 0 0 0 0 0 0 0 0 0 0 0 0 0 0 0 0 0 0 0 0 0 0 0 0 0 0 0 0 0 0 0 0 0 0 0 0 0 0 0 0 0 0 0 0 0 0 0 0 0 0 0 0 0 0 0 0 0 0 0 0 0 0 0 0 0 0 0 0 0 0 0 0 0 0 0 0 0 0 0 0 0 0 0 0 0 0 0 0 0 0 0 0 0 0 0 0 0 0 0 0 0 0 0 0 0 0 0 0 0 0 0 0 0 0 0 0 0 0 0 0 0 0 0 0 0 0 0 0 0 0 0 0 0 0 0 0 0 0 0 0 0 0 0 0 0 0 0 0 0 0 0 0 0 0 0 0 0 0 0 0 0 0 0 0 0 0 0 0 0 0 0 0 0 0 0 0 0 0 0 0 0 0 0 0 0 0 0 0 0 0 0 0 0 0 0 0 0 0 0 0 0 0 0 0 0 0 0 0 0 0 0 0 0 0 0 0 0 0 0 0 0 0 0 0 0 0 0 0 0 0 0 0 0 0 0 0 0 0 0 0 0 0 0 0 0 0 0 0 0 0 0 0 0 0 0 0 0 0 0 0 0 0 0 0 0 0 0 0 0 0 0 0 0 0 0 0 0 0 0 0 0 0 0 0 0 0 0 0 0 0 0 0 0 0 0 0 0 0 0 0 0 0 0 0 0 0 0 0 0 0 0 0 0 0 0 0 0 0 0 0 0 0 0 0 0 0 0 0 0 0 0 0 0 0 0 0 0 0 0 0 0 0 0 0 0 0 0 0 0 0 0 0 0 0 0 0 0 0 0 0 0 0 0 0 0 0 0 0 0 0 0 0 0 0 0 0 0 0 0 0 0 0 0 0 0 0 0 0 0 0 0 0 0 0 0 0 0 0 0 0 0 0 0 0 0 0 0 0 0 0 0 0 0 0 0 0 0 0 0 0 0 0 0 0 0 0 0 0 0 0 0 0 0 0 0 0 0 0 0 0 0 0 0 0 0 0 0 0 0 0 0 0 0 0 0 0 0 0 0 0 0 0 0 0 0 0 0 0 0 0 0 0 0 0 0 0 0 0 0 0 0 0 0 0 0 0 0 0 0 0 0 0 0 0 0 0 0 0 0 0 0 0 0 0 0 0 0 0 0 0 0 0 0 0 0 0 0 0 0 0 0 0 0 0 0 0 0 0 0 0 0 0 0 0 0 0 0 0 0 0 0 0 0 0 0 0 0 0 0 0 0 0 0 0 0 0 0 0 0 0 0 0 0 0 0 0 0 0 0 0 0 0 0 0 0 0 0 0 0 0 0 0 0 0 0 0 0 0 0 0 0 0 0 0 0 0 0 0 0 0 0 0 0 0 0 0 0 0 0 0 0 0 0 0 0 0 0 0 0 0 0 0 0 0 0 0 0 0 0 0 0 0 0 0 0 0 0 0 0 0 0 0 0 0 0 0 0 0 0 0 0 0 0 0 0 0 0 0 0 0 0 0 0 0 0 0 0 0 0 0 0 0 0 0 0 0 0 0 0 0 0 0 0 0 0 0 0 0 0 0 0 0 0 0 0 0 0 0 0 0 0 0 0 0 0 0 0 0 0 0 0 0 0 0 0 0 0 0 0 0 0 0 0 0 0 0 0 0 0 0 0 0 0 0 0 0 0 0 0 0 0 0 0 0 0 0 0 0 0 0 0 0 0 0 0 0 0 0 0 0 0 0 0 0 0 0 0 0 0 0 0 0 0 0 0 0 0 0 0 0 0 0 0 0 0 0 0 0 0 0 0 0 0 0 0 0 0 0 0 0 0 0 0 0 0 0 0 0 0 0 0 0 0 0 0 0 0 0 0 0 0 0 0 0 0 0 0 0 0 0 0 0 0 0 0 0 0 0 0 0 0 0 0 0 0 0 0 0 0 0 0 0 0 0 0 0 0 0 0 0 0 0 0 0 0 0 0 0 0 0 0 0 0 0 0 0 0 0 0 0 0 0 0 0 0 0 0 0 0 0 0 0 0 0 0 0 0 0 0 0 0 0 0 0 0 0 0 0 0 0 0 0 0 0 0 0 0 0 0 0 0 0 0 0 0 0 0 0 0 0 0 0 0 0 0 0 0 0 0 0 0 0 0 0 0 0 0 0 0 0 0 0 0 0 0 0 0 0 0 0 0 0 0 0 0 0 0 0 0 0 0 0 0 0 0 0 0 0 0 0 0 0 0 0 0 0 0 0 0 0 0 0 0 0 0 0 0 0 0 0 0 0 0 0 0 0 0 0 0 0 0 0 0 0 0 0 0 0 0 0 0 0 0 0 0 0 0 0 0 0 0 0 0 0 0 0 0 0 0 0 0 0 0 0 0 0 0 0 0 0 0 0 0 0 0 0 0 0 0 0 0 0 0 0 0 0 0 0 0 0 0 0 0 0 0 0 0 0 0 0 0 0 0 0 0 0 0 0 0 0 0 0 0 0 0 0 0 0 0 0 0 0 0 0 0 0 0 0 0 0 0 0 0 0 0 0 0 0 0 0 0 0 0 0 0 0 0 0 0 0 0 0 0 0 0 0 0 0 0 0 0 0 0 0 0 0 0 0 0 0 0 0 0 0 0 0 0 0 0 0 0 0 0 0 0 0 0 0 0 0 0 0 0 0 0 0 0 0 0 0 0 0 0 0 0 0 0 0 0 0 0 0 0 0 0 0 0 0 0 0 0 0 0 0 0 0 0 0 0 0 0 0 0 0 0 0 0 0 0 0 0 0 0 0 0 0 0 0 0 0 0 0 0 0 0 0 0 0 0 0 0 0 0 0 0 0 0 0 0 0 0 0 0 0 0 0 0 0 0 0 0 0 0 0 0 0 0 0 0 0 0 0 0 0 0 0 0 0 0 0 0 0 0 0 0 0 0 0 0 0 0 0 0 0 0 0 0 0 0 0 0 0 0 0 0 0 0 0 0 0 0 0 0 0 0 0 0 0 0 0 0 0 0 0 0 0 0 0 0 0 0 0 0 0 0 0 0 0 0 0 0 0 0 0 0 0 0 0 0 0 0 0 0 0 0 0 0 0 0 0 0 0 0 0 0 0 0 0 0 0 0 0 0 0 0 0 0 0 0 0 0 0 0 0 0 0 0 0 0 0 0 0 0 0 0 0 0 0 0 0 0 0 0 0 0 0 0 0 0 0 0 0 0 0 0 0 0 0 0 0 0 0 0 0 0 0 0 0 0 0 0 0 0 0 0 0 0 0 0 0 0 0 0 0 0 0 0 0 0 0 0 0 0 0 0 0 0 0 0 0 0 0 0 0 0 0 0 0 0 0 0 0 0 0 0 0 0 0 0 0 0 0 0 0 0 0 0 0 0 0 0 0 0 0 0 0 0 0 0 0 0 0 0 0 0 0 0 0 0 0 0 0 0 0 0 0 0 0 0 0 0 0 0 0 0 0 0 0 0 0 0 0 0 0 0 0 0 0 0 0 0 0 0 0 0 0 0 0 0 0 0 0 0 0 0 0 0 0 0 0 0 0 0 0 0 0 0 0 0 0 0 0 0 0 0 0 0 0 0 0 0 0 0 0 0 0 0 0 0 0 0 0 0 0 0 0 0 0 0 0 0 0 0 0 0 0 0 0 0 0 0 0 0 0 0 0 0 0 0 0 0 0 0 0 0 0 0 0 0 0 0 0 0 0 0 0 0 0 0 0 0 0 0 0 0 0 0 0 0 0 0 0 0 0 0 0 0 0 0 0 0 0 0 0 0 0 0 0 0 0 0 0 0 0 0 0 0 0 0 0 0 0 0 0 0 0 0 0 0 0 0 0 0 0 0 0 0 0 0 0 0 0 0 0 0 0 0 0 0 0 0 0 0 0 0 0 0 0 0 0 0 0 0 0 0 0 0 0 0 0 0 0 0 0 0 0 0 0 0 0 0 0 0 0 0 0 0 0 0 0 0 0 0 0 0 0 0 0 0 0 0 0 0 0 0 0 0 0 0 0 0 0 0 0 0 0 0 0 0 0 0 0 0 0 0 0 0 0 0 0 0 0 0 0 0 0 0 0 0 0 0 0 0 0 0 0 0 0 0 0 0 0 0 0 0 0 0 0 0 0 0 0 0 0 0 0 0 0 0 0 0 0 0 0 0 0 0 0 0 0 0 0 0 0 0 0 0 0 0 0 0 0 0 0 0 0 0 0 0 0 0 0 0 0 0 0 0 0 0 0 0 0 0 0 0 0 0 0 0 0 0 0 0 0 0 0 0 0 0 0 0 0 0 0 0 0 0 0 0 0 0 0 0 0 0 0 0 0 0 0 0 0 0 0 0 0 0 0 0 0 0 0 0 0 0 0 0 0 0 0 0 0 0 0 0 0 0 0 0 0 0 0 0 0 0 0 0 0 0 0 0 0 0 0 0 0 0 0 0 0 0 0 0 0 0 0 0 0 0 0 0 0 0 0 0 0 0 0 0 0 0 0 0 0 0 0 0 0 0 0 0 0 0 0 0 0 0 0 0 0 0 0 0 0 0 0 0 0 0 0 0 0 0 0 0 0 0 0 0 0 0 0 0 0 0 0 0 0 0 0 0 0 0 0 0 0 0 0 0 0 0 0 0 0 0 0 0 0 0 0 0 0 0 0 0 0 0 0 0 0 0 0 0 0 0 0 0 0 0 0 0 0 0 0 0 0 0 0 0 0 0 0 0 0 0 0 0 0 0 0 0 0 0 0 0 0 0 0 0 0 0 0 0 0 0 0 0 0 0 0 0 0 0 0 0 0 0 0 0 0 0 0 0 0 0 0 0 0 0 0 0 0 0 0 0 0 0 0 0 0 0 0 0 0 0 0 0 0 0 0 0 0 0 0 0 0 0 0 0 0 0 0 0 0 0 0 0 0 0 0 0 0 0 0 0 0 0 0 0 0 0 0 0 0 0 0 0 0 0 0 0 0 0 0 0 0 0 0 0 0 0 0 0 0 0 0 0 0 0 0 0 0 0 0 0 0 0 0 0 0 0 0 0 0 0 0 0 0 0 0 0 0 0 0 0 0 0 0 0 0 0 0 0 0 0 0 0 0 0 0 0 0 0 0 0 0 0 0 0 0 0 0 0 0 0 0 0 0 0 0 0 0 0 0 0 0 0 0 0 0 0 0 0 0 0 0 0 0 0 0 0 0 0 0 0 0 0 0 0 0 0 0 0 0 0 0 0 0 0 0 0 0 0 0 0 0 0 0 0 0 0 0 0 0 0 0 0 0 0 0 0 0 0 0 0 0 0 0 0 0 0 0 0 0 0 0 0 0 0 0 0 0 0 0 0 0 0 0 0 0 0 0 0 0 0 0 0 0 0 0 0 0 0 0 0 0 0 0 0 0 0 0 0 0 0 0 0 0 0 0 0 0 0 0 0 0 0 0 0 0 0 0 0 0 0 0 0 0 0 0 0 0 0 0 0 0 0 0 0 0 0 0 0 0 0 0 0 0 0 0 0 0 0 0 0 0 0 0 0 0 0 0 0 0 0 0 0 0 0 0 0 0 0 0 0 0 0 0 0 0 0 0 0 0 0 0 0 0 0 0 0 0 0 0 0 0 0 0 0 0 0 0 0 0 0 0 0 0 0 0 0 0 0 0 0 0 0 0 0 0 0 0 0 0 0 0 0 0 0 0 0 0 0 0 0 0 0 0 0 0 0 0 0 0 0 0 0 0 0 0 0 0 0 0 0 0 0 0 0 0 0 0 0 0 0 0 0 0 0 0 0 0 0 0 0 0 0 0 0 0 0 0 0 0 0 0 0 0 0 0 0 0 0 0 0 0 0 0 0 0 0 0 0 0 0 0 0 0 0 0 0 0 0 0 0 0 0 0 0 0 0 0 0 0 0 0 0 0 0 0 0 0 0 0 0 0 0 0 0 0 0 0 0 0 0 0 0 0 0 0 0 0 0 0 0 0 0 0 0 0 0 0 0 0 0 0 0 0 0 0 0 0 0 0 0 0 0 0 0 0 0 0 0 0 0 0 0 0 0 0 0 0 0 0 0 0 0 0 0 0 0 0 0 0 0 0 0 0 0 0 0 0 0 0 0 0 0 0 0 0 0 0 0 0 0 0 0 0 0 0 0 0 0 0 0 0 0 0 0 0 0 0 0 0 0 0 0 0 0 0 0 0 0 0 0 0 0 0 0 0 0 0 0 0 0 0 0 0 0 0 0 0 0 0 0 0 0 0 0 0 0 0 0 0 0 0 0 0 0 0 0 0 0 0 0 0 0 0 0 0 0 0 0 0 0 0 0 0 0 0 0 0 0 0 0 0 0 0 0 0 0 0 0 0 0 0 0 0 0 0 0 0 0 0 0 0 0 0 0 0 0 0 0 0 0 0 0 0 0 0 0 0 0 0 0 0 0 0 0 0 0 0 0 0 0 0 0 0 0 0 0 0 0 0 0 0 0 0 0 0 0 0 0 0 0 0 0 0 0 0 0 0 0 0 0 0 0 0 0 0 0 0 0 0 0 0 0 0 0 0 0 0 0 0 0 0 0 0 0 0 0 0 0 0 0 0 0 0 0 0 0 0 0 0 0 0 0 0 0 0 0 0 0 0 0 0 0 0 0 0 0 0 0 0 0 0 0 0 0 0 0 0 0 0 0 0 0 0 0 0 0 0 0 0 0 0 0 0 0 0 0 0 0 0 0 0 0 0 0 0 0 0 0 0 0 0 0 0 0 0 0 0 0 0 0 0 0 0 0 0 0 0 0 0 0 0 0 0 0 0 0 0 0 0 0 0 0 0 0 0 0 0 0 0 0 0 0 0 0 0 0 0 0 0 0 0 0 0 0 0 0 0 0 0 0 0 0 0 0 0 0 0 0 0 0 0 0 0 0 0 0 0 0 0 0 0 0 0 0 0 0 0 0 0 0 0 0 0 0 0 0 0 0 0 0 0 0 0 0 0 0 0 0 0 0 0 0 0 0 0 0 0 0 0 0 0 0 0 0 0 0 0 0 0 0 0 0 0 0 0 0 0 0 0 0 0 0 0 0 0 0 0 0 0 0 0 0 0 0 0 0 0 0 0 0 0 0 0 0 0 0 0 0 0 0 0 0 0 0 0 0 0 0 0 0 0 0 0 0 0 0 0 0 0 0 0 0 0 0 0 0 0 0 0 0 0 0 0 0 0 0 0 0 0 0 0 0 0 0 0 0 0 0 0 0 0 0 0 0 0 0 0 0 0 0 0 0 0 0 0 0 0 0 0 0 0 0 0 0 0 0 0 0 0 0 0 0 0 0 0 0 0 0 0 0 0 0 0 0 0 0 0</float_array>
          <technique_common>
            <accessor source="#Circle_009-mesh-map-0-array" count="4116" stride="2">
              <param name="S" type="float"/>
              <param name="T" type="float"/>
            </accessor>
          </technique_common>
        </source>
        <vertices id="Circle_009-mesh-vertices">
          <input semantic="POSITION" source="#Circle_009-mesh-positions"/>
        </vertices>
        <triangles material="Dark_Black-material" count="1254">
          <input semantic="VERTEX" source="#Circle_009-mesh-vertices" offset="0"/>
          <input semantic="NORMAL" source="#Circle_009-mesh-normals" offset="1"/>
          <input semantic="TEXCOORD" source="#Circle_009-mesh-map-0" offset="2" set="0"/>
          <p>397 0 0 2 1 1 360 2 2 1 3 3 388 4 4 376 5 5 0 6 6 390 7 7 379 8 8 387 9 9 392 10 10 380 11 11 378 12 12 393 13 13 382 14 14 5 15 15 376 5 16 2 1 17 360 2 18 391 16 19 397 0 20 379 8 21 7 17 22 378 12 23 377 18 24 10 19 25 381 20 26 382 14 27 9 21 28 387 9 29 377 18 30 389 22 31 0 6 32 3 23 33 392 10 34 391 16 35 397 0 36 398 24 37 5 15 38 1 3 39 6 25 40 10 19 41 408 26 42 392 10 43 9 21 44 393 13 45 401 27 46 384 28 47 7 17 48 400 29 49 401 27 50 10 19 51 11 30 52 381 20 53 9 21 54 384 28 55 408 26 56 11 30 57 389 22 58 381 20 59 391 16 60 8 31 61 383 32 62 407 33 63 14 34 64 398 24 65 385 35 66 416 36 67 6 25 68 409 37 69 400 29 70 399 38 71 396 39 72 8 31 73 408 26 74 401 27 75 15 40 76 395 41 77 6 25 78 394 42 79 11 30 80 394 42 81 399 38 82 11 30 83 410 43 84 8 31 85 411 44 86 415 45 87 12 46 88 14 34 89 13 47 90 25 48 91 416 36 92 418 49 93 15 40 94 409 37 95 421 50 96 411 44 97 396 39 98 395 41 99 20 51 100 420 52 101 416 36 102 21 53 103 394 42 104 21 53 105 409 37 106 394 42 107 410 43 108 16 54 109 404 55 110 412 56 111 12 46 112 403 57 113 413 58 114 25 48 115 417 59 116 418 49 117 27 60 118 20 51 119 421 50 120 28 61 121 16 54 122 405 62 123 17 63 124 423 64 125 20 51 126 17 63 127 420 52 128 21 53 129 34 65 130 422 66 131 21 53 132 18 67 133 418 49 134 404 55 135 28 61 136 419 68 137 412 56 138 36 69 139 26 70 140 413 58 141 23 71 142 34 65 143 428 72 144 27 60 145 18 67 146 436 73 147 28 61 148 414 74 149 423 64 150 38 75 151 29 76 152 17 63 153 37 77 154 38 75 155 34 65 156 22 78 157 422 66 158 414 74 159 29 76 160 436 73 161 22 78 162 18 67 163 422 66 164 429 79 165 28 61 166 430 80 167 435 81 168 30 82 169 36 69 170 35 83 171 44 84 172 23 71 173 31 85 174 37 77 175 428 72 176 32 86 177 430 80 178 436 73 179 29 76 180 42 87 181 439 88 182 38 75 183 426 89 184 42 87 185 23 71 186 41 90 187 22 78 188 436 73 189 439 88 190 32 86 191 41 90 192 428 72 193 22 78 194 425 91 195 430 80 196 33 92 197 424 93 198 431 94 199 30 82 200 437 95 201 433 96 202 44 84 203 442 97 204 426 89 205 31 85 206 438 98 207 33 92 208 32 86 209 30 82 210 434 99 211 437 95 212 425 91 213 59 100 214 424 93 215 42 87 216 47 101 217 440 102 218 44 84 219 39 103 220 41 90 221 32 86 222 441 104 223 438 98 224 39 103 225 31 85 226 41 90 227 432 105 228 33 92 229 443 106 230 439 88 231 440 102 232 441 104 233 73 107 234 49 108 235 59 109 236 48 110 237 433 111 238 45 112 239 442 97 240 63 113 241 47 101 242 60 114 243 65 115 244 51 116 245 440 102 246 67 117 247 53 118 248 61 119 249 45 112 250 49 108 251 59 109 252 64 120 253 73 107 254 47 101 255 68 121 256 440 102 257 46 122 258 75 123 259 52 124 260 53 118 261 74 125 262 60 114 263 46 122 264 62 126 265 442 97 266 50 127 267 65 115 268 64 120 269 73 107 270 76 128 271 61 119 272 48 110 273 66 129 274 75 123 275 77 130 276 63 113 277 62 126 278 87 131 279 65 115 280 74 125 281 67 117 282 80 132 283 55 133 284 64 120 285 86 134 286 73 107 287 68 121 288 78 135 289 80 132 290 75 123 291 79 136 292 52 124 293 74 125 294 55 133 295 87 131 296 79 136 297 62 126 298 52 124 299 64 120 300 69 137 301 54 138 302 86 134 303 90 139 304 76 128 305 56 140 306 103 141 307 66 129 308 91 142 309 78 135 310 77 130 311 72 143 312 69 137 313 87 131 314 55 133 315 71 144 316 81 145 317 54 138 318 102 146 319 86 134 320 80 132 321 92 147 322 71 144 323 66 129 324 70 148 325 79 136 326 87 131 327 81 145 328 72 143 329 70 148 330 77 130 331 79 136 332 93 149 333 69 137 334 94 150 335 102 146 336 88 151 337 90 139 338 89 152 339 114 153 340 103 141 341 105 154 342 92 147 343 91 142 344 113 155 345 94 150 346 72 143 347 81 145 348 109 156 349 84 157 350 93 149 351 82 158 352 102 146 353 71 144 354 106 159 355 109 156 356 103 141 357 108 160 358 70 148 359 72 143 360 84 157 361 113 155 362 108 160 363 91 142 364 70 148 365 93 149 366 96 161 367 83 162 368 95 163 369 88 151 370 82 158 371 98 164 372 114 153 373 104 165 374 105 154 375 116 166 376 106 159 377 113 155 378 117 167 379 96 161 380 84 157 381 97 168 382 119 169 383 82 158 384 107 170 385 95 163 386 106 159 387 97 168 388 109 156 389 108 160 390 129 171 391 118 172 392 84 157 393 100 173 394 113 155 395 108 160 396 99 174 397 105 154 398 83 162 399 117 167 400 107 170 401 95 163 402 131 175 403 115 176 404 98 164 405 111 177 406 129 171 407 132 178 408 116 166 409 99 174 410 145 179 411 117 167 412 100 173 413 119 169 414 136 180 415 120 181 416 95 163 417 134 182 418 144 183 419 97 168 420 133 184 421 136 180 422 129 171 423 110 185 424 118 172 425 100 173 426 120 181 427 145 179 428 110 185 429 99 174 430 118 172 431 134 182 432 117 167 433 135 186 434 144 183 435 121 187 436 131 175 437 130 188 438 155 189 439 111 177 440 124 190 441 133 184 442 132 178 443 126 191 444 135 186 445 145 179 446 120 181 447 150 192 448 149 193 449 134 182 450 122 194 451 144 183 452 136 180 453 125 195 454 150 192 455 111 177 456 148 196 457 110 185 458 145 179 459 149 193 460 126 191 461 148 196 462 132 178 463 110 185 464 123 197 465 135 186 466 127 198 467 122 194 468 137 199 469 121 187 470 146 200 471 141 201 472 155 189 473 159 202 474 125 195 475 124 190 476 147 203 477 127 198 478 126 191 479 121 187 480 142 204 481 146 200 482 123 197 483 138 205 484 122 194 485 150 192 486 152 206 487 158 207 488 155 189 489 140 208 490 148 196 491 126 191 492 151 209 493 147 203 494 140 208 495 124 190 496 148 196 497 139 210 498 127 198 499 153 211 500 149 193 501 158 207 502 151 209 503 184 212 504 161 213 505 138 214 506 160 215 507 141 216 508 156 217 509 159 202 510 174 218 511 152 206 512 171 219 513 176 220 514 163 221 515 158 207 516 178 222 517 165 223 518 172 224 519 156 217 520 161 213 521 138 214 522 175 225 523 184 212 524 152 206 525 179 226 526 158 207 527 157 227 528 186 228 529 164 229 530 165 223 531 185 230 532 171 219 533 157 227 534 173 231 535 159 202 536 162 232 537 176 220 538 175 225 539 184 212 540 187 233 541 172 224 542 160 215 543 177 234 544 186 228 545 188 235 546 174 218 547 173 231 548 198 236 549 176 220 550 185 230 551 178 222 552 191 237 553 167 238 554 175 225 555 197 239 556 184 212 557 179 226 558 189 240 559 191 237 560 186 228 561 190 241 562 164 229 563 185 230 564 167 238 565 198 236 566 190 241 567 173 231 568 164 229 569 175 225 570 180 242 571 166 243 572 197 239 573 201 244 574 187 233 575 168 245 576 214 246 577 177 234 578 202 247 579 189 240 580 188 235 581 183 248 582 180 242 583 198 236 584 167 238 585 182 249 586 192 250 587 166 243 588 213 251 589 197 239 590 191 237 591 203 252 592 182 249 593 177 234 594 181 253 595 190 241 596 198 236 597 192 250 598 183 248 599 181 253 600 188 235 601 190 241 602 204 254 603 180 242 604 205 255 605 213 251 606 199 256 607 201 244 608 200 257 609 225 258 610 214 246 611 216 259 612 203 252 613 202 247 614 224 260 615 205 255 616 183 248 617 192 250 618 220 261 619 195 262 620 204 254 621 193 263 622 213 251 623 182 249 624 217 264 625 220 261 626 214 246 627 219 265 628 181 253 629 183 248 630 195 262 631 224 260 632 219 265 633 202 247 634 181 253 635 204 254 636 207 266 637 194 267 638 206 268 639 199 256 640 193 263 641 209 269 642 225 258 643 215 270 644 216 259 645 227 271 646 217 264 647 224 260 648 228 272 649 207 266 650 195 262 651 208 273 652 230 274 653 193 263 654 218 275 655 206 268 656 217 264 657 208 273 658 220 261 659 219 265 660 240 276 661 229 277 662 195 262 663 211 278 664 224 260 665 219 265 666 210 279 667 216 259 668 194 267 669 228 272 670 218 275 671 206 268 672 242 280 673 226 281 674 209 269 675 222 282 676 240 276 677 243 283 678 227 271 679 210 279 680 255 284 681 228 272 682 211 278 683 230 274 684 247 285 685 231 286 686 206 268 687 245 287 688 254 288 689 208 273 690 244 289 691 247 285 692 240 276 693 221 290 694 229 277 695 211 278 696 231 286 697 255 284 698 221 290 699 210 279 700 229 277 701 245 287 702 228 272 703 246 291 704 254 288 705 232 292 706 242 280 707 241 293 708 265 294 709 222 282 710 235 295 711 244 289 712 243 283 713 237 296 714 246 291 715 255 284 716 231 286 717 260 297 718 259 298 719 245 287 720 233 299 721 254 288 722 247 285 723 236 300 724 260 297 725 222 282 726 258 301 727 221 290 728 255 284 729 259 298 730 237 296 731 258 301 732 243 283 733 221 290 734 234 302 735 246 291 736 238 303 737 233 299 738 248 304 739 232 292 740 256 305 741 251 306 742 265 294 743 269 307 744 236 300 745 235 295 746 257 308 747 238 303 748 237 296 749 232 292 750 252 309 751 256 305 752 234 302 753 281 310 754 233 299 755 260 297 756 268 311 757 261 312 758 265 294 759 250 313 760 258 301 761 237 296 762 262 314 763 257 308 764 250 313 765 235 295 766 258 301 767 249 315 768 238 303 769 263 316 770 259 298 771 261 312 772 262 314 773 295 317 774 271 318 775 281 319 776 270 320 777 251 321 778 266 322 779 269 307 780 285 323 781 268 311 782 282 324 783 287 325 784 273 326 785 261 312 786 289 327 787 275 328 788 283 329 789 266 322 790 271 318 791 281 319 792 286 330 793 295 317 794 268 311 795 290 331 796 261 312 797 267 332 798 297 333 799 274 334 800 275 328 801 296 335 802 282 324 803 267 332 804 284 336 805 269 307 806 272 337 807 287 325 808 286 330 809 295 317 810 298 338 811 283 329 812 270 320 813 288 339 814 297 333 815 299 340 816 285 323 817 284 336 818 309 341 819 287 325 820 296 335 821 289 327 822 302 342 823 277 343 824 286 330 825 308 344 826 295 317 827 290 331 828 300 345 829 302 342 830 297 333 831 301 346 832 274 334 833 296 335 834 277 343 835 309 341 836 301 346 837 284 336 838 274 334 839 286 330 840 291 347 841 276 348 842 308 344 843 312 349 844 298 338 845 278 350 846 325 351 847 288 339 848 313 352 849 300 345 850 299 340 851 294 353 852 291 347 853 309 341 854 277 343 855 293 354 856 303 355 857 276 348 858 324 356 859 308 344 860 302 342 861 314 357 862 293 354 863 288 339 864 292 358 865 301 346 866 309 341 867 303 355 868 294 353 869 292 358 870 299 340 871 301 346 872 315 359 873 291 347 874 316 360 875 324 356 876 310 361 877 312 349 878 311 362 879 336 363 880 325 351 881 327 364 882 314 357 883 313 352 884 335 365 885 316 360 886 294 353 887 303 355 888 331 366 889 306 367 890 315 359 891 304 368 892 324 356 893 293 354 894 328 369 895 331 366 896 325 351 897 330 370 898 292 358 899 294 353 900 306 367 901 335 365 902 330 370 903 313 352 904 292 358 905 315 359 906 318 371 907 305 372 908 317 373 909 310 361 910 304 368 911 320 374 912 336 363 913 326 375 914 327 364 915 338 376 916 328 369 917 335 365 918 339 377 919 318 371 920 306 367 921 319 378 922 341 379 923 304 368 924 329 380 925 317 373 926 328 369 927 319 378 928 331 366 929 330 370 930 351 381 931 340 382 932 306 367 933 322 383 934 335 365 935 330 370 936 321 384 937 327 364 938 305 372 939 339 377 940 329 380 941 317 373 942 353 385 943 337 386 944 320 374 945 333 387 946 351 381 947 354 388 948 338 376 949 321 384 950 366 389 951 339 377 952 322 383 953 341 379 954 358 390 955 342 391 956 317 373 957 356 392 958 365 393 959 319 378 960 355 394 961 358 390 962 351 381 963 332 395 964 340 382 965 322 383 966 342 391 967 366 389 968 332 395 969 321 384 970 340 382 971 356 392 972 339 377 973 357 396 974 365 393 975 343 397 976 353 385 977 352 398 978 375 399 979 333 387 980 346 400 981 355 394 982 354 388 983 348 401 984 357 396 985 366 389 986 342 391 987 371 402 988 370 403 989 356 392 990 344 404 991 365 393 992 358 390 993 347 405 994 371 402 995 333 387 996 369 406 997 332 395 998 366 389 999 370 403 1000 348 401 1001 369 406 1002 354 388 1003 332 395 1004 345 407 1005 357 396 1006 349 408 1007 344 404 1008 359 409 1009 343 397 1010 367 410 1011 388 411 1012 375 399 1013 0 6 1014 347 405 1015 346 400 1016 368 412 1017 349 408 1018 348 401 1019 343 397 1020 363 413 1021 367 410 1022 345 407 1023 360 414 1024 344 404 1025 371 402 1026 379 8 1027 378 12 1028 375 399 1029 362 415 1030 369 406 1031 348 401 1032 372 416 1033 368 412 1034 369 406 1035 0 6 1036 346 400 1037 361 417 1038 349 408 1039 373 418 1040 370 403 1041 378 12 1042 372 416 1043 399 38 1044 390 7 1045 389 22 1046 391 16 1047 407 33 1048 397 0 1049 384 28 1050 395 41 1051 402 419 1052 383 32 1053 415 45 1054 407 33 1055 408 26 1056 402 419 1057 396 39 1058 402 419 1059 420 52 1060 405 62 1061 410 43 1062 403 57 1063 415 45 1064 396 39 1065 405 62 1066 421 50 1067 403 57 1068 419 68 1069 412 56 1070 405 62 1071 414 74 1072 421 50 1073 412 56 1074 429 79 1075 435 81 1076 429 79 1077 424 93 1078 435 81 1079 451 420 1080 453 420 1081 452 420 1082 482 421 1083 444 421 1084 483 421 1085 470 422 1086 472 422 1087 471 422 1088 465 423 1089 467 423 1090 466 423 1091 469 424 1092 493 424 1093 498 424 1094 464 425 1095 490 425 1096 495 425 1097 475 426 1098 499 426 1099 502 426 1100 471 427 1101 499 427 1102 470 427 1103 480 428 1104 507 428 1105 482 428 1106 497 429 1107 465 429 1108 466 429 1109 454 430 1110 488 430 1111 451 430 1112 469 431 1113 497 431 1114 466 431 1115 474 432 1116 496 432 1117 501 432 1118 454 433 1119 484 433 1120 489 433 1121 475 434 1122 504 434 1123 477 434 1124 488 435 1125 450 435 1126 451 435 1127 449 436 1128 485 436 1129 446 436 1130 464 437 1131 494 437 1132 461 437 1133 459 438 1134 487 438 1135 492 438 1136 480 439 1137 503 439 1138 505 439 1139 482 440 1140 506 440 1141 481 440 1142 449 441 1143 506 441 1144 486 441 1145 459 442 1146 491 442 1147 456 442 1148 474 443 1149 500 443 1150 471 443 1151 494 444 1152 460 444 1153 461 444 1154 460 445 1155 462 445 1156 461 445 1157 491 446 1158 455 446 1159 456 446 1160 485 447 1161 445 447 1162 446 447 1163 477 448 1164 503 448 1165 476 448 1166 456 449 1167 458 449 1168 457 449 1169 446 450 1170 448 450 1171 447 450 1172 477 451 1173 479 451 1174 478 451 1175 539 452 1176 541 452 1177 538 452 1178 532 453 1179 570 453 1180 571 453 1181 559 454 1182 561 454 1183 558 454 1184 555 455 1185 553 455 1186 554 455 1187 557 456 1188 581 456 1189 548 456 1190 552 457 1191 578 457 1192 543 457 1193 563 458 1194 587 458 1195 558 458 1196 559 459 1197 587 459 1198 588 459 1199 595 460 1200 568 460 1201 570 460 1202 553 461 1203 585 461 1204 554 461 1205 576 462 1206 542 462 1207 539 462 1208 585 463 1209 557 463 1210 554 463 1211 562 464 1212 584 464 1213 553 464 1214 542 465 1215 572 465 1216 533 465 1217 592 466 1218 563 466 1219 565 466 1220 538 467 1221 576 467 1222 539 467 1223 573 468 1224 537 468 1225 534 468 1226 582 469 1227 552 469 1228 549 469 1229 547 470 1230 575 470 1231 538 470 1232 568 471 1233 591 471 1234 564 471 1235 570 472 1236 594 472 1237 595 472 1238 537 473 1239 594 473 1240 569 473 1241 579 474 1242 547 474 1243 544 474 1244 588 475 1245 562 475 1246 559 475 1247 548 476 1248 582 476 1249 549 476 1250 550 477 1251 548 477 1252 549 477 1253 543 478 1254 579 478 1255 544 478 1256 533 479 1257 573 479 1258 534 479 1259 565 480 1260 591 480 1261 592 480 1262 544 481 1263 546 481 1264 543 481 1265 534 482 1266 536 482 1267 533 482 1268 565 483 1269 567 483 1270 564 483 1271 578 484 1272 596 484 1273 579 484 1274 583 485 1275 602 485 1276 596 485 1277 582 486 1278 608 486 1279 602 486 1280 586 487 1281 608 487 1282 581 487 1283 585 488 1284 614 488 1285 586 488 1286 579 489 1287 597 489 1288 580 489 1289 596 490 1290 603 490 1291 597 490 1292 608 491 1293 603 491 1294 602 491 1295 614 492 1296 609 492 1297 608 492 1298 584 493 1299 615 493 1300 614 493 1301 580 494 1302 598 494 1303 575 494 1304 597 495 1305 604 495 1306 598 495 1307 603 496 1308 610 496 1309 604 496 1310 615 497 1311 610 497 1312 609 497 1313 589 498 1314 616 498 1315 615 498 1316 575 499 1317 599 499 1318 576 499 1319 604 500 1320 599 500 1321 598 500 1322 604 501 1323 611 501 1324 605 501 1325 610 502 1326 617 502 1327 611 502 1328 616 503 1329 587 503 1330 617 503 1331 599 504 1332 577 504 1333 576 504 1334 605 505 1335 600 505 1336 599 505 1337 605 506 1338 612 506 1339 606 506 1340 611 507 1341 618 507 1342 612 507 1343 617 508 1344 590 508 1345 618 508 1346 600 509 1347 572 509 1348 577 509 1349 606 510 1350 601 510 1351 600 510 1352 606 511 1353 613 511 1354 607 511 1355 612 512 1356 619 512 1357 613 512 1358 618 513 1359 592 513 1360 619 513 1361 601 514 1362 573 514 1363 572 514 1364 607 515 1365 574 515 1366 601 515 1367 607 516 1368 595 516 1369 594 516 1370 613 517 1371 593 517 1372 595 517 1373 619 518 1374 591 518 1375 593 518 1376 447 519 1377 536 519 1378 535 519 1379 471 520 1380 562 520 1381 474 520 1382 461 521 1383 550 521 1384 549 521 1385 448 522 1386 533 522 1387 536 522 1388 470 523 1389 563 523 1390 558 523 1391 463 524 1392 550 524 1393 462 524 1394 449 525 1395 534 525 1396 537 525 1397 444 526 1398 571 526 1399 483 526 1400 460 527 1401 551 527 1402 463 527 1403 452 528 1404 539 528 1405 451 528 1406 478 529 1407 565 529 1408 477 529 1409 461 530 1410 552 530 1411 464 530 1412 452 531 1413 541 531 1414 540 531 1415 479 532 1416 566 532 1417 478 532 1418 450 533 1419 547 533 1420 538 533 1421 469 534 1422 548 534 1423 460 534 1424 476 535 1425 567 535 1426 479 535 1427 466 536 1428 555 536 1429 554 536 1430 450 537 1431 541 537 1432 453 537 1433 476 538 1434 568 538 1435 564 538 1436 467 539 1437 556 539 1438 555 539 1439 454 540 1440 539 540 1441 542 540 1442 449 541 1443 569 541 1444 481 541 1445 465 542 1446 556 542 1447 468 542 1448 474 543 1449 553 543 1450 465 543 1451 483 544 1452 570 544 1453 482 544 1454 466 545 1455 557 545 1456 469 545 1457 456 546 1458 545 546 1459 544 546 1460 482 547 1461 568 547 1462 480 547 1463 454 548 1464 533 548 1465 445 548 1466 458 549 1467 545 549 1468 457 549 1469 444 550 1470 569 550 1471 532 550 1472 472 551 1473 559 551 1474 471 551 1475 455 552 1476 546 552 1477 458 552 1478 477 553 1479 563 553 1480 475 553 1481 473 554 1482 560 554 1483 472 554 1484 456 555 1485 547 555 1486 459 555 1487 447 556 1488 534 556 1489 446 556 1490 470 557 1491 561 557 1492 473 557 1493 464 558 1494 543 558 1495 455 558 1496 664 559 1497 691 559 1498 662 559 1499 728 560 1500 645 560 1501 646 560 1502 719 561 1503 656 561 1504 658 561 1505 725 562 1506 648 562 1507 649 562 1508 676 563 1509 684 563 1510 685 563 1511 662 564 1512 692 564 1513 660 564 1514 745 565 1515 620 565 1516 622 565 1517 722 566 1518 657 566 1519 720 566 1520 710 567 1521 674 567 1522 707 567 1523 720 568 1524 659 568 1525 718 568 1526 721 569 1527 654 569 1528 656 569 1529 725 570 1530 650 570 1531 724 570 1532 744 571 1533 622 571 1534 623 571 1535 631 572 1536 702 572 1537 629 572 1538 653 573 1539 692 573 1540 693 573 1541 717 574 1542 658 574 1543 661 574 1544 688 575 1545 682 575 1546 687 575 1547 709 576 1548 663 576 1549 672 576 1550 746 577 1551 620 577 1552 747 577 1553 732 578 1554 655 578 1555 722 578 1556 733 579 1557 640 579 1558 732 579 1559 735 580 1560 638 580 1561 734 580 1562 629 581 1563 703 581 1564 627 581 1565 627 582 1566 705 582 1567 624 582 1568 730 583 1569 645 583 1570 729 583 1571 740 584 1572 633 584 1573 739 584 1574 631 585 1575 700 585 1576 701 585 1577 735 586 1578 636 586 1579 637 586 1580 642 587 1581 700 587 1582 641 587 1583 716 588 1584 659 588 1585 663 588 1586 746 589 1587 675 589 1588 621 589 1589 714 590 1590 668 590 1591 713 590 1592 686 591 1593 682 591 1594 683 591 1595 686 592 1596 684 592 1597 677 592 1598 713 593 1599 669 593 1600 712 593 1601 741 594 1602 623 594 1603 630 594 1604 710 595 1605 670 595 1606 671 595 1607 626 596 1608 625 596 1609 743 596 1610 688 597 1611 680 597 1612 681 597 1613 727 598 1614 648 598 1615 726 598 1616 733 599 1617 628 599 1618 639 599 1619 740 600 1620 630 600 1621 632 600 1622 742 601 1623 625 601 1624 628 601 1625 714 602 1626 665 602 1627 667 602 1628 652 603 1629 695 603 1630 651 603 1631 712 604 1632 670 604 1633 711 604 1634 651 605 1635 696 605 1636 642 605 1637 698 606 1638 680 606 1639 697 606 1640 653 607 1641 694 607 1642 652 607 1643 737 608 1644 634 608 1645 635 608 1646 708 609 1647 678 609 1648 699 609 1649 730 610 1650 643 610 1651 644 610 1652 731 611 1653 638 611 1654 643 611 1655 666 612 1656 690 612 1657 664 612 1658 706 613 1659 674 613 1660 675 613 1661 739 614 1662 634 614 1663 738 614 1664 709 615 1665 673 615 1666 708 615 1667 659 616 1668 665 616 1669 663 616 1670 672 617 1671 658 617 1672 673 617 1673 728 618 1674 647 618 1675 727 618 1676 663 619 1677 661 619 1678 672 619 1679 655 620 1680 670 620 1681 669 620 1682 703 621 1683 620 621 1684 705 621 1685 717 622 1686 665 622 1687 715 622 1688 681 623 1689 648 623 1690 682 623 1691 704 624 1692 620 624 1693 621 624 1694 673 625 1695 656 625 1696 678 625 1697 690 626 1698 644 626 1699 643 626 1700 657 627 1701 669 627 1702 668 627 1703 639 628 1704 674 628 1705 671 628 1706 702 629 1707 622 629 1708 703 629 1709 696 630 1710 632 630 1711 700 630 1712 694 631 1713 634 631 1714 695 631 1715 628 632 1716 675 632 1717 674 632 1718 679 633 1719 650 633 1720 680 633 1721 700 634 1722 630 634 1723 701 634 1724 693 635 1725 637 635 1726 636 635 1727 685 636 1728 646 636 1729 645 636 1730 693 637 1731 635 637 1732 694 637 1733 659 638 1734 668 638 1735 667 638 1736 701 639 1737 623 639 1738 702 639 1739 695 640 1740 633 640 1741 696 640 1742 625 641 1743 621 641 1744 675 641 1745 689 642 1746 645 642 1747 644 642 1748 678 643 1749 654 643 1750 679 643 1751 683 644 1752 648 644 1753 647 644 1754 684 645 1755 647 645 1756 646 645 1757 680 646 1758 649 646 1759 681 646 1760 692 647 1761 638 647 1762 637 647 1763 677 648 1764 727 648 1765 686 648 1766 732 649 1767 710 649 1768 733 649 1769 662 650 1770 731 650 1771 664 650 1772 686 651 1773 726 651 1774 687 651 1775 640 652 1776 671 652 1777 670 652 1778 666 653 1779 729 653 1780 676 653 1781 660 654 1782 734 654 1783 662 654 1784 723 655 1785 699 655 1786 698 655 1787 743 656 1788 746 656 1789 626 656 1790 725 657 1791 697 657 1792 688 657 1793 739 658 1794 651 658 1795 642 658 1796 737 659 1797 653 659 1798 652 659 1799 676 660 1800 728 660 1801 677 660 1802 744 661 1803 631 661 1804 629 661 1805 653 662 1806 735 662 1807 660 662 1808 724 663 1809 698 663 1810 697 663 1811 738 664 1812 652 664 1813 651 664 1814 742 665 1815 706 665 1816 743 665 1817 745 666 1818 629 666 1819 627 666 1820 718 667 1821 713 667 1822 720 667 1823 741 668 1824 641 668 1825 631 668 1826 720 669 1827 712 669 1828 722 669 1829 733 670 1830 707 670 1831 742 670 1832 721 671 1833 708 671 1834 699 671 1835 626 672 1836 747 672 1837 624 672 1838 747 673 1839 627 673 1840 624 673 1841 740 674 1842 642 674 1843 641 674 1844 664 675 1845 730 675 1846 666 675 1847 722 676 1848 711 676 1849 732 676 1850 726 677 1851 688 677 1852 687 677 1853 717 678 1854 716 678 1855 709 678 1856 715 679 1857 718 679 1858 716 679 1859 724 680 1860 654 680 1861 723 680 1862 737 681 1863 636 681 1864 736 681 1865 719 682 1866 709 682 1867 708 682 1868 676 683 1869 689 683 1870 666 683 1871 691 684 1872 643 684 1873 638 684 1874 699 685 1875 679 685 1876 698 685 1877 626 686 1878 705 686 1879 704 686 1880 397 0 1881 5 15 1882 2 1 1883 1 3 1884 10 19 1885 388 4 1886 0 6 1887 389 22 1888 390 7 1889 387 9 1890 9 21 1891 392 10 1892 378 12 1893 7 17 1894 393 13 1895 5 15 1896 1 3 1897 376 5 1898 360 2 1899 3 23 1900 391 16 1901 379 8 1902 390 7 1903 7 17 1904 377 18 1905 388 4 1906 10 19 1907 382 14 1908 393 13 1909 9 21 1910 377 18 1911 381 20 1912 389 22 1913 3 23 1914 380 11 1915 392 10 1916 397 0 1917 407 33 1918 398 24 1919 1 3 1920 385 35 1921 6 25 1922 408 26 1923 8 31 1924 392 10 1925 393 13 1926 7 17 1927 401 27 1928 7 17 1929 390 7 1930 400 29 1931 10 19 1932 6 25 1933 11 30 1934 9 21 1935 393 13 1936 384 28 1937 11 30 1938 399 38 1939 389 22 1940 391 16 1941 392 10 1942 8 31 1943 407 33 1944 415 45 1945 14 34 1946 385 35 1947 13 47 1948 416 36 1949 409 37 1950 15 40 1951 400 29 1952 396 39 1953 411 44 1954 8 31 1955 401 27 1956 400 29 1957 15 40 1958 6 25 1959 416 36 1960 394 42 1961 394 42 1962 409 37 1963 399 38 1964 410 43 1965 383 32 1966 8 31 1967 415 45 1968 403 57 1969 12 46 1970 13 47 1971 417 59 1972 25 48 1973 418 49 1974 20 51 1975 15 40 1976 421 50 1977 16 54 1978 411 44 1979 395 41 1980 15 40 1981 20 51 1982 416 36 1983 25 48 1984 21 53 1985 21 53 1986 418 49 1987 409 37 1988 410 43 1989 411 44 1990 16 54 1991 412 56 1992 26 70 1993 12 46 1994 413 58 1995 34 65 1996 25 48 1997 418 49 1998 18 67 1999 27 60 2000 421 50 2001 414 74 2002 28 61 2003 405 62 2004 420 52 2005 17 63 2006 20 51 2007 27 60 2008 17 63 2009 21 53 2010 25 48 2011 34 65 2012 21 53 2013 422 66 2014 18 67 2015 404 55 2016 16 54 2017 28 61 2018 412 56 2019 435 81 2020 36 69 2021 413 58 2022 35 83 2023 23 71 2024 428 72 2025 37 77 2026 27 60 2027 436 73 2028 430 80 2029 28 61 2030 423 64 2031 17 63 2032 38 75 2033 17 63 2034 27 60 2035 37 77 2036 34 65 2037 23 71 2038 22 78 2039 414 74 2040 423 64 2041 29 76 2042 22 78 2043 428 72 2044 18 67 2045 429 79 2046 419 68 2047 28 61 2048 435 81 2049 424 93 2050 30 82 2051 35 83 2052 437 95 2053 44 84 2054 31 85 2055 426 89 2056 37 77 2057 32 86 2058 33 92 2059 430 80 2060 29 76 2061 38 75 2062 42 87 2063 38 75 2064 37 77 2065 426 89 2066 23 71 2067 44 84 2068 41 90 2069 436 73 2070 29 76 2071 439 88 2072 41 90 2073 31 85 2074 428 72 2075 425 91 2076 429 79 2077 430 80 2078 424 93 2079 59 100 2080 431 94 2081 437 95 2082 434 99 2083 433 96 2084 442 97 2085 47 101 2086 426 89 2087 438 98 2088 443 106 2089 33 92 2090 30 82 2091 431 94 2092 434 99 2093 425 91 2094 432 105 2095 59 100 2096 42 87 2097 426 89 2098 47 101 2099 44 84 2100 433 96 2101 39 103 2102 32 86 2103 439 88 2104 441 104 2105 39 103 2106 442 97 2107 31 85 2108 432 105 2109 425 91 2110 33 92 2111 439 88 2112 42 87 2113 440 102 2114 73 107 2115 61 119 2116 49 108 2117 48 110 2118 75 123 2119 433 111 2120 442 97 2121 62 126 2122 63 113 2123 60 114 2124 74 125 2125 65 115 2126 440 102 2127 68 121 2128 67 117 2129 61 119 2130 48 110 2131 45 112 2132 59 109 2133 50 127 2134 64 120 2135 47 101 2136 63 113 2137 68 121 2138 46 122 2139 433 111 2140 75 123 2141 53 118 2142 67 117 2143 74 125 2144 46 122 2145 52 124 2146 62 126 2147 50 127 2148 51 116 2149 65 115 2150 73 107 2151 86 134 2152 76 128 2153 48 110 2154 56 140 2155 66 129 2156 77 130 2157 78 135 2158 63 113 2159 87 131 2160 69 137 2161 65 115 2162 67 117 2163 68 121 2164 80 132 2165 64 120 2166 54 138 2167 86 134 2168 68 121 2169 63 113 2170 78 135 2171 75 123 2172 66 129 2173 79 136 2174 74 125 2175 67 117 2176 55 133 2177 79 136 2178 77 130 2179 62 126 2180 64 120 2181 65 115 2182 69 137 2183 86 134 2184 102 146 2185 90 139 2186 56 140 2187 89 152 2188 103 141 2189 91 142 2190 92 147 2191 78 135 2192 72 143 2193 94 150 2194 69 137 2195 55 133 2196 80 132 2197 71 144 2198 54 138 2199 93 149 2200 102 146 2201 80 132 2202 78 135 2203 92 147 2204 66 129 2205 103 141 2206 70 148 2207 87 131 2208 55 133 2209 81 145 2210 70 148 2211 91 142 2212 77 130 2213 93 149 2214 54 138 2215 69 137 2216 102 146 2217 82 158 2218 88 151 2219 89 152 2220 104 165 2221 114 153 2222 105 154 2223 106 159 2224 92 147 2225 113 155 2226 96 161 2227 94 150 2228 81 145 2229 71 144 2230 109 156 2231 93 149 2232 83 162 2233 82 158 2234 71 144 2235 92 147 2236 106 159 2237 103 141 2238 114 153 2239 108 160 2240 72 143 2241 81 145 2242 84 157 2243 108 160 2244 105 154 2245 91 142 2246 93 149 2247 94 150 2248 96 161 2249 95 163 2250 115 176 2251 88 151 2252 98 164 2253 129 171 2254 114 153 2255 105 154 2256 99 174 2257 116 166 2258 113 155 2259 100 173 2260 117 167 2261 84 157 2262 109 156 2263 97 168 2264 82 158 2265 83 162 2266 107 170 2267 106 159 2268 116 166 2269 97 168 2270 108 160 2271 114 153 2272 129 171 2273 84 157 2274 119 169 2275 100 173 2276 108 160 2277 118 172 2278 99 174 2279 83 162 2280 96 161 2281 117 167 2282 95 163 2283 144 183 2284 131 175 2285 98 164 2286 130 188 2287 111 177 2288 132 178 2289 133 184 2290 116 166 2291 145 179 2292 135 186 2293 117 167 2294 119 169 2295 97 168 2296 136 180 2297 95 163 2298 107 170 2299 134 182 2300 97 168 2301 116 166 2302 133 184 2303 129 171 2304 111 177 2305 110 185 2306 100 173 2307 119 169 2308 120 181 2309 110 185 2310 132 178 2311 99 174 2312 134 182 2313 107 170 2314 117 167 2315 144 183 2316 122 194 2317 121 187 2318 130 188 2319 146 200 2320 155 189 2321 124 190 2322 125 195 2323 133 184 2324 126 191 2325 127 198 2326 135 186 2327 120 181 2328 136 180 2329 150 192 2330 134 182 2331 123 197 2332 122 194 2333 136 180 2334 133 184 2335 125 195 2336 111 177 2337 155 189 2338 148 196 2339 145 179 2340 120 181 2341 149 193 2342 148 196 2343 124 190 2344 132 178 2345 123 197 2346 134 182 2347 135 186 2348 122 194 2349 138 205 2350 137 199 2351 146 200 2352 142 204 2353 141 201 2354 159 202 2355 152 206 2356 125 195 2357 147 203 2358 153 211 2359 127 198 2360 121 187 2361 137 199 2362 142 204 2363 123 197 2364 139 210 2365 138 205 2366 150 192 2367 125 195 2368 152 206 2369 155 189 2370 141 201 2371 140 208 2372 126 191 2373 149 193 2374 151 209 2375 140 208 2376 159 202 2377 124 190 2378 139 210 2379 123 197 2380 127 198 2381 149 193 2382 150 192 2383 158 207 2384 184 212 2385 172 224 2386 161 213 2387 160 215 2388 186 228 2389 141 216 2390 159 202 2391 173 231 2392 174 218 2393 171 219 2394 185 230 2395 176 220 2396 158 207 2397 179 226 2398 178 222 2399 172 224 2400 160 215 2401 156 217 2402 138 214 2403 162 232 2404 175 225 2405 152 206 2406 174 218 2407 179 226 2408 157 227 2409 141 216 2410 186 228 2411 165 223 2412 178 222 2413 185 230 2414 157 227 2415 164 229 2416 173 231 2417 162 232 2418 163 221 2419 176 220 2420 184 212 2421 197 239 2422 187 233 2423 160 215 2424 168 245 2425 177 234 2426 188 235 2427 189 240 2428 174 218 2429 198 236 2430 180 242 2431 176 220 2432 178 222 2433 179 226 2434 191 237 2435 175 225 2436 166 243 2437 197 239 2438 179 226 2439 174 218 2440 189 240 2441 186 228 2442 177 234 2443 190 241 2444 185 230 2445 178 222 2446 167 238 2447 190 241 2448 188 235 2449 173 231 2450 175 225 2451 176 220 2452 180 242 2453 197 239 2454 213 251 2455 201 244 2456 168 245 2457 200 257 2458 214 246 2459 202 247 2460 203 252 2461 189 240 2462 183 248 2463 205 255 2464 180 242 2465 167 238 2466 191 237 2467 182 249 2468 166 243 2469 204 254 2470 213 251 2471 191 237 2472 189 240 2473 203 252 2474 177 234 2475 214 246 2476 181 253 2477 198 236 2478 167 238 2479 192 250 2480 181 253 2481 202 247 2482 188 235 2483 204 254 2484 166 243 2485 180 242 2486 213 251 2487 193 263 2488 199 256 2489 200 257 2490 215 270 2491 225 258 2492 216 259 2493 217 264 2494 203 252 2495 224 260 2496 207 266 2497 205 255 2498 192 250 2499 182 249 2500 220 261 2501 204 254 2502 194 267 2503 193 263 2504 182 249 2505 203 252 2506 217 264 2507 214 246 2508 225 258 2509 219 265 2510 183 248 2511 192 250 2512 195 262 2513 219 265 2514 216 259 2515 202 247 2516 204 254 2517 205 255 2518 207 266 2519 206 268 2520 226 281 2521 199 256 2522 209 269 2523 240 276 2524 225 258 2525 216 259 2526 210 279 2527 227 271 2528 224 260 2529 211 278 2530 228 272 2531 195 262 2532 220 261 2533 208 273 2534 193 263 2535 194 267 2536 218 275 2537 217 264 2538 227 271 2539 208 273 2540 219 265 2541 225 258 2542 240 276 2543 195 262 2544 230 274 2545 211 278 2546 219 265 2547 229 277 2548 210 279 2549 194 267 2550 207 266 2551 228 272 2552 206 268 2553 254 288 2554 242 280 2555 209 269 2556 241 293 2557 222 282 2558 243 283 2559 244 289 2560 227 271 2561 255 284 2562 246 291 2563 228 272 2564 230 274 2565 208 273 2566 247 285 2567 206 268 2568 218 275 2569 245 287 2570 208 273 2571 227 271 2572 244 289 2573 240 276 2574 222 282 2575 221 290 2576 211 278 2577 230 274 2578 231 286 2579 221 290 2580 243 283 2581 210 279 2582 245 287 2583 218 275 2584 228 272 2585 254 288 2586 233 299 2587 232 292 2588 241 293 2589 256 305 2590 265 294 2591 235 295 2592 236 300 2593 244 289 2594 237 296 2595 238 303 2596 246 291 2597 231 286 2598 247 285 2599 260 297 2600 245 287 2601 234 302 2602 233 299 2603 247 285 2604 244 289 2605 236 300 2606 222 282 2607 265 294 2608 258 301 2609 255 284 2610 231 286 2611 259 298 2612 258 301 2613 235 295 2614 243 283 2615 234 302 2616 245 287 2617 246 291 2618 233 299 2619 281 310 2620 248 304 2621 256 305 2622 252 309 2623 251 306 2624 269 307 2625 268 311 2626 236 300 2627 257 308 2628 263 316 2629 238 303 2630 232 292 2631 248 304 2632 252 309 2633 234 302 2634 249 315 2635 281 310 2636 260 297 2637 236 300 2638 268 311 2639 265 294 2640 251 306 2641 250 313 2642 237 296 2643 259 298 2644 262 314 2645 250 313 2646 269 307 2647 235 295 2648 249 315 2649 234 302 2650 238 303 2651 259 298 2652 260 297 2653 261 312 2654 295 317 2655 283 329 2656 271 318 2657 270 320 2658 297 333 2659 251 321 2660 269 307 2661 284 336 2662 285 323 2663 282 324 2664 296 335 2665 287 325 2666 261 312 2667 290 331 2668 289 327 2669 283 329 2670 270 320 2671 266 322 2672 281 319 2673 272 337 2674 286 330 2675 268 311 2676 285 323 2677 290 331 2678 267 332 2679 251 321 2680 297 333 2681 275 328 2682 289 327 2683 296 335 2684 267 332 2685 274 334 2686 284 336 2687 272 337 2688 273 326 2689 287 325 2690 295 317 2691 308 344 2692 298 338 2693 270 320 2694 278 350 2695 288 339 2696 299 340 2697 300 345 2698 285 323 2699 309 341 2700 291 347 2701 287 325 2702 289 327 2703 290 331 2704 302 342 2705 286 330 2706 276 348 2707 308 344 2708 290 331 2709 285 323 2710 300 345 2711 297 333 2712 288 339 2713 301 346 2714 296 335 2715 289 327 2716 277 343 2717 301 346 2718 299 340 2719 284 336 2720 286 330 2721 287 325 2722 291 347 2723 308 344 2724 324 356 2725 312 349 2726 278 350 2727 311 362 2728 325 351 2729 313 352 2730 314 357 2731 300 345 2732 294 353 2733 316 360 2734 291 347 2735 277 343 2736 302 342 2737 293 354 2738 276 348 2739 315 359 2740 324 356 2741 302 342 2742 300 345 2743 314 357 2744 288 339 2745 325 351 2746 292 358 2747 309 341 2748 277 343 2749 303 355 2750 292 358 2751 313 352 2752 299 340 2753 315 359 2754 276 348 2755 291 347 2756 324 356 2757 304 368 2758 310 361 2759 311 362 2760 326 375 2761 336 363 2762 327 364 2763 328 369 2764 314 357 2765 335 365 2766 318 371 2767 316 360 2768 303 355 2769 293 354 2770 331 366 2771 315 359 2772 305 372 2773 304 368 2774 293 354 2775 314 357 2776 328 369 2777 325 351 2778 336 363 2779 330 370 2780 294 353 2781 303 355 2782 306 367 2783 330 370 2784 327 364 2785 313 352 2786 315 359 2787 316 360 2788 318 371 2789 317 373 2790 337 386 2791 310 361 2792 320 374 2793 351 381 2794 336 363 2795 327 364 2796 321 384 2797 338 376 2798 335 365 2799 322 383 2800 339 377 2801 306 367 2802 331 366 2803 319 378 2804 304 368 2805 305 372 2806 329 380 2807 328 369 2808 338 376 2809 319 378 2810 330 370 2811 336 363 2812 351 381 2813 306 367 2814 341 379 2815 322 383 2816 330 370 2817 340 382 2818 321 384 2819 305 372 2820 318 371 2821 339 377 2822 317 373 2823 365 393 2824 353 385 2825 320 374 2826 352 398 2827 333 387 2828 354 388 2829 355 394 2830 338 376 2831 366 389 2832 357 396 2833 339 377 2834 341 379 2835 319 378 2836 358 390 2837 317 373 2838 329 380 2839 356 392 2840 319 378 2841 338 376 2842 355 394 2843 351 381 2844 333 387 2845 332 395 2846 322 383 2847 341 379 2848 342 391 2849 332 395 2850 354 388 2851 321 384 2852 356 392 2853 329 380 2854 339 377 2855 365 393 2856 344 404 2857 343 397 2858 352 398 2859 367 410 2860 375 399 2861 346 400 2862 347 405 2863 355 394 2864 348 401 2865 349 408 2866 357 396 2867 342 391 2868 358 390 2869 371 402 2870 356 392 2871 345 407 2872 344 404 2873 358 390 2874 355 394 2875 347 405 2876 333 387 2877 375 399 2878 369 406 2879 366 389 2880 342 391 2881 370 403 2882 369 406 2883 346 400 2884 354 388 2885 345 407 2886 356 392 2887 357 396 2888 344 404 2889 360 414 2890 359 409 2891 367 410 2892 363 413 2893 388 411 2894 0 6 2895 379 8 2896 347 405 2897 368 412 2898 373 418 2899 349 408 2900 343 397 2901 359 409 2902 363 413 2903 345 407 2904 361 417 2905 360 414 2906 371 402 2907 347 405 2908 379 8 2909 375 399 2910 388 411 2911 362 415 2912 348 401 2913 370 403 2914 372 416 2915 369 406 2916 362 415 2917 0 6 2918 361 417 2919 345 407 2920 349 408 2921 370 403 2922 371 402 2923 378 12 2924 399 38 2925 400 29 2926 390 7 2927 391 16 2928 383 32 2929 407 33 2930 384 28 2931 401 27 2932 395 41 2933 383 32 2934 410 43 2935 415 45 2936 408 26 2937 384 28 2938 402 419 2939 402 419 2940 395 41 2941 420 52 2942 410 43 2943 404 55 2944 403 57 2945 396 39 2946 402 419 2947 405 62 2948 403 57 2949 404 55 2950 419 68 2951 405 62 2952 423 64 2953 414 74 2954 412 56 2955 419 68 2956 429 79 2957 429 79 2958 425 91 2959 424 93 2960 451 687 2961 450 687 2962 453 687 2963 482 688 2964 481 688 2965 444 688 2966 470 689 2967 473 689 2968 472 689 2969 465 690 2970 468 690 2971 467 690 2972 469 691 2973 460 691 2974 493 691 2975 464 692 2976 455 692 2977 490 692 2978 475 693 2979 470 693 2980 499 693 2981 471 694 2982 500 694 2983 499 694 2984 480 695 2985 505 695 2986 507 695 2987 497 696 2988 496 696 2989 465 696 2990 454 697 2991 489 697 2992 488 697 2993 469 698 2994 498 698 2995 497 698 2996 474 699 2997 465 699 2998 496 699 2999 454 700 3000 445 700 3001 484 700 3002 475 701 3003 502 701 3004 504 701 3005 488 702 3006 487 702 3007 450 702 3008 449 703 3009 486 703 3010 485 703 3011 464 704 3012 495 704 3013 494 704 3014 459 705 3015 450 705 3016 487 705 3017 480 706 3018 476 706 3019 503 706 3020 482 707 3021 507 707 3022 506 707 3023 449 708 3024 481 708 3025 506 708 3026 459 709 3027 492 709 3028 491 709 3029 474 710 3030 501 710 3031 500 710 3032 494 711 3033 493 711 3034 460 711 3035 460 712 3036 463 712 3037 462 712 3038 491 713 3039 490 713 3040 455 713 3041 485 714 3042 484 714 3043 445 714 3044 477 715 3045 504 715 3046 503 715 3047 456 716 3048 455 716 3049 458 716 3050 446 717 3051 445 717 3052 448 717 3053 477 718 3054 476 718 3055 479 718 3056 539 719 3057 540 719 3058 541 719 3059 532 720 3060 569 720 3061 570 720 3062 559 721 3063 560 721 3064 561 721 3065 555 722 3066 556 722 3067 553 722 3068 557 723 3069 586 723 3070 581 723 3071 552 724 3072 583 724 3073 578 724 3074 563 725 3075 590 725 3076 587 725 3077 559 726 3078 558 726 3079 587 726 3080 595 727 3081 593 727 3082 568 727 3083 553 728 3084 584 728 3085 585 728 3086 576 729 3087 577 729 3088 542 729 3089 585 730 3090 586 730 3091 557 730 3092 562 731 3093 589 731 3094 584 731 3095 542 732 3096 577 732 3097 572 732 3098 592 733 3099 590 733 3100 563 733 3101 538 734 3102 575 734 3103 576 734 3104 573 735 3105 574 735 3106 537 735 3107 582 736 3108 583 736 3109 552 736 3110 547 737 3111 580 737 3112 575 737 3113 568 738 3114 593 738 3115 591 738 3116 570 739 3117 569 739 3118 594 739 3119 537 740 3120 574 740 3121 594 740 3122 579 741 3123 580 741 3124 547 741 3125 588 742 3126 589 742 3127 562 742 3128 548 743 3129 581 743 3130 582 743 3131 550 744 3132 551 744 3133 548 744 3134 543 745 3135 578 745 3136 579 745 3137 533 746 3138 572 746 3139 573 746 3140 565 747 3141 564 747 3142 591 747 3143 544 748 3144 545 748 3145 546 748 3146 534 749 3147 535 749 3148 536 749 3149 565 750 3150 566 750 3151 567 750 3152 578 751 3153 583 751 3154 596 751 3155 583 752 3156 582 752 3157 602 752 3158 582 753 3159 581 753 3160 608 753 3161 586 754 3162 614 754 3163 608 754 3164 585 755 3165 584 755 3166 614 755 3167 579 756 3168 596 756 3169 597 756 3170 596 757 3171 602 757 3172 603 757 3173 608 758 3174 609 758 3175 603 758 3176 614 759 3177 615 759 3178 609 759 3179 584 760 3180 589 760 3181 615 760 3182 580 761 3183 597 761 3184 598 761 3185 597 762 3186 603 762 3187 604 762 3188 603 763 3189 609 763 3190 610 763 3191 615 764 3192 616 764 3193 610 764 3194 589 765 3195 588 765 3196 616 765 3197 575 766 3198 598 766 3199 599 766 3200 604 767 3201 605 767 3202 599 767 3203 604 768 3204 610 768 3205 611 768 3206 610 769 3207 616 769 3208 617 769 3209 616 770 3210 588 770 3211 587 770 3212 599 771 3213 600 771 3214 577 771 3215 605 772 3216 606 772 3217 600 772 3218 605 773 3219 611 773 3220 612 773 3221 611 774 3222 617 774 3223 618 774 3224 617 775 3225 587 775 3226 590 775 3227 600 776 3228 601 776 3229 572 776 3230 606 777 3231 607 777 3232 601 777 3233 606 778 3234 612 778 3235 613 778 3236 612 779 3237 618 779 3238 619 779 3239 618 780 3240 590 780 3241 592 780 3242 601 781 3243 574 781 3244 573 781 3245 607 782 3246 594 782 3247 574 782 3248 607 783 3249 613 783 3250 595 783 3251 613 784 3252 619 784 3253 593 784 3254 619 785 3255 592 785 3256 591 785 3257 447 786 3258 448 786 3259 536 786 3260 471 787 3261 559 787 3262 562 787 3263 461 788 3264 462 788 3265 550 788 3266 448 789 3267 445 789 3268 533 789 3269 470 790 3270 475 790 3271 563 790 3272 463 791 3273 551 791 3274 550 791 3275 449 792 3276 446 792 3277 534 792 3278 444 793 3279 532 793 3280 571 793 3281 460 794 3282 548 794 3283 551 794 3284 452 795 3285 540 795 3286 539 795 3287 478 796 3288 566 796 3289 565 796 3290 461 797 3291 549 797 3292 552 797 3293 452 798 3294 453 798 3295 541 798 3296 479 799 3297 567 799 3298 566 799 3299 450 800 3300 459 800 3301 547 800 3302 469 801 3303 557 801 3304 548 801 3305 476 802 3306 564 802 3307 567 802 3308 466 803 3309 467 803 3310 555 803 3311 450 804 3312 538 804 3313 541 804 3314 476 805 3315 480 805 3316 568 805 3317 467 806 3318 468 806 3319 556 806 3320 454 807 3321 451 807 3322 539 807 3323 449 808 3324 537 808 3325 569 808 3326 465 809 3327 553 809 3328 556 809 3329 474 810 3330 562 810 3331 553 810 3332 483 811 3333 571 811 3334 570 811 3335 466 812 3336 554 812 3337 557 812 3338 456 813 3339 457 813 3340 545 813 3341 482 814 3342 570 814 3343 568 814 3344 454 815 3345 542 815 3346 533 815 3347 458 816 3348 546 816 3349 545 816 3350 444 817 3351 481 817 3352 569 817 3353 472 551 3354 560 551 3355 559 551 3356 455 818 3357 543 818 3358 546 818 3359 477 819 3360 565 819 3361 563 819 3362 473 820 3363 561 820 3364 560 820 3365 456 821 3366 544 821 3367 547 821 3368 447 822 3369 535 822 3370 534 822 3371 470 823 3372 558 823 3373 561 823 3374 464 824 3375 552 824 3376 543 824 3377 664 825 3378 690 825 3379 691 825 3380 728 826 3381 729 826 3382 645 826 3383 719 827 3384 721 827 3385 656 827 3386 725 828 3387 726 828 3388 648 828 3389 676 829 3390 677 829 3391 684 829 3392 662 830 3393 691 830 3394 692 830 3395 745 831 3396 747 831 3397 620 831 3398 722 832 3399 655 832 3400 657 832 3401 710 833 3402 671 833 3403 674 833 3404 720 834 3405 657 834 3406 659 834 3407 721 835 3408 723 835 3409 654 835 3410 725 836 3411 649 836 3412 650 836 3413 744 837 3414 745 837 3415 622 837 3416 631 838 3417 701 838 3418 702 838 3419 653 839 3420 660 839 3421 692 839 3422 717 840 3423 719 840 3424 658 840 3425 688 841 3426 681 841 3427 682 841 3428 709 842 3429 716 842 3430 663 842 3431 746 843 3432 621 843 3433 620 843 3434 732 844 3435 640 844 3436 655 844 3437 733 845 3438 639 845 3439 640 845 3440 735 846 3441 637 846 3442 638 846 3443 629 847 3444 702 847 3445 703 847 3446 627 848 3447 703 848 3448 705 848 3449 730 849 3450 644 849 3451 645 849 3452 740 850 3453 632 850 3454 633 850 3455 631 851 3456 641 851 3457 700 851 3458 735 852 3459 736 852 3460 636 852 3461 642 853 3462 696 853 3463 700 853 3464 716 854 3465 718 854 3466 659 854 3467 746 855 3468 706 855 3469 675 855 3470 714 856 3471 667 856 3472 668 856 3473 686 857 3474 687 857 3475 682 857 3476 686 858 3477 683 858 3478 684 858 3479 713 859 3480 668 859 3481 669 859 3482 741 860 3483 744 860 3484 623 860 3485 710 861 3486 711 861 3487 670 861 3488 626 862 3489 704 862 3490 625 862 3491 688 863 3492 697 863 3493 680 863 3494 727 864 3495 647 864 3496 648 864 3497 733 865 3498 742 865 3499 628 865 3500 740 866 3501 741 866 3502 630 866 3503 742 867 3504 743 867 3505 625 867 3506 714 868 3507 715 868 3508 665 868 3509 652 869 3510 694 869 3511 695 869 3512 712 870 3513 669 870 3514 670 870 3515 651 871 3516 695 871 3517 696 871 3518 698 872 3519 679 872 3520 680 872 3521 653 873 3522 693 873 3523 694 873 3524 737 874 3525 738 874 3526 634 874 3527 708 875 3528 673 875 3529 678 875 3530 730 876 3531 731 876 3532 643 876 3533 731 877 3534 734 877 3535 638 877 3536 666 878 3537 689 878 3538 690 878 3539 706 879 3540 707 879 3541 674 879 3542 739 880 3543 633 880 3544 634 880 3545 709 881 3546 672 881 3547 673 881 3548 659 882 3549 667 882 3550 665 882 3551 672 883 3552 661 883 3553 658 883 3554 728 884 3555 646 884 3556 647 884 3557 663 885 3558 665 885 3559 661 885 3560 655 886 3561 640 886 3562 670 886 3563 703 887 3564 622 887 3565 620 887 3566 717 888 3567 661 888 3568 665 888 3569 681 889 3570 649 889 3571 648 889 3572 704 890 3573 705 890 3574 620 890 3575 673 891 3576 658 891 3577 656 891 3578 690 892 3579 689 892 3580 644 892 3581 657 893 3582 655 893 3583 669 893 3584 639 894 3585 628 894 3586 674 894 3587 702 895 3588 623 895 3589 622 895 3590 696 896 3591 633 896 3592 632 896 3593 694 897 3594 635 897 3595 634 897 3596 628 898 3597 625 898 3598 675 898 3599 679 899 3600 654 899 3601 650 899 3602 700 900 3603 632 900 3604 630 900 3605 693 901 3606 692 901 3607 637 901 3608 685 902 3609 684 902 3610 646 902 3611 693 903 3612 636 903 3613 635 903 3614 659 904 3615 657 904 3616 668 904 3617 701 905 3618 630 905 3619 623 905 3620 695 906 3621 634 906 3622 633 906 3623 625 907 3624 704 907 3625 621 907 3626 689 908 3627 685 908 3628 645 908 3629 678 909 3630 656 909 3631 654 909 3632 683 910 3633 682 910 3634 648 910 3635 684 911 3636 683 911 3637 647 911 3638 680 912 3639 650 912 3640 649 912 3641 692 913 3642 691 913 3643 638 913 3644 677 914 3645 728 914 3646 727 914 3647 732 915 3648 711 915 3649 710 915 3650 662 916 3651 734 916 3652 731 916 3653 686 917 3654 727 917 3655 726 917 3656 640 918 3657 639 918 3658 671 918 3659 666 919 3660 730 919 3661 729 919 3662 660 920 3663 735 920 3664 734 920 3665 723 921 3666 721 921 3667 699 921 3668 743 922 3669 706 922 3670 746 922 3671 725 923 3672 724 923 3673 697 923 3674 739 924 3675 738 924 3676 651 924 3677 737 925 3678 736 925 3679 653 925 3680 676 926 3681 729 926 3682 728 926 3683 744 927 3684 741 927 3685 631 927 3686 653 928 3687 736 928 3688 735 928 3689 724 929 3690 723 929 3691 698 929 3692 738 930 3693 737 930 3694 652 930 3695 742 931 3696 707 931 3697 706 931 3698 745 932 3699 744 932 3700 629 932 3701 718 933 3702 714 933 3703 713 933 3704 741 934 3705 740 934 3706 641 934 3707 720 935 3708 713 935 3709 712 935 3710 733 936 3711 710 936 3712 707 936 3713 721 937 3714 719 937 3715 708 937 3716 626 938 3717 746 938 3718 747 938 3719 747 939 3720 745 939 3721 627 939 3722 740 940 3723 739 940 3724 642 940 3725 664 941 3726 731 941 3727 730 941 3728 722 942 3729 712 942 3730 711 942 3731 726 943 3732 725 943 3733 688 943 3734 717 944 3735 715 944 3736 716 944 3737 715 945 3738 714 945 3739 718 945 3740 724 946 3741 650 946 3742 654 946 3743 737 947 3744 635 947 3745 636 947 3746 719 948 3747 717 948 3748 709 948 3749 676 949 3750 685 949 3751 689 949 3752 691 950 3753 690 950 3754 643 950 3755 699 951 3756 678 951 3757 679 951 3758 626 952 3759 624 952 3760 705 952 3761</p>
        </triangles>
        <triangles material="Bloody_Red-material" count="118">
          <input semantic="VERTEX" source="#Circle_009-mesh-vertices" offset="0"/>
          <input semantic="NORMAL" source="#Circle_009-mesh-normals" offset="1"/>
          <input semantic="TEXCOORD" source="#Circle_009-mesh-map-0" offset="2" set="0"/>
          <p>5 15 3762 385 35 3763 1 3 3764 398 24 3765 13 47 3766 385 35 3767 14 34 3768 417 59 3769 13 47 3770 26 70 3771 417 59 3772 12 46 3773 26 70 3774 35 83 3775 413 58 3776 36 69 3777 437 95 3778 35 83 3779 61 119 3780 56 140 3781 48 110 3782 76 128 3783 89 152 3784 56 140 3785 90 139 3786 104 165 3787 89 152 3788 115 176 3789 104 165 3790 88 151 3791 115 176 3792 130 188 3793 98 164 3794 131 175 3795 146 200 3796 130 188 3797 172 224 3798 168 245 3799 160 215 3800 187 233 3801 200 257 3802 168 245 3803 201 244 3804 215 270 3805 200 257 3806 226 281 3807 215 270 3808 199 256 3809 226 281 3810 241 293 3811 209 269 3812 242 280 3813 256 305 3814 241 293 3815 283 329 3816 278 350 3817 270 320 3818 298 338 3819 311 362 3820 278 350 3821 312 349 3822 326 375 3823 311 362 3824 337 386 3825 326 375 3826 310 361 3827 337 386 3828 352 398 3829 320 374 3830 353 385 3831 367 410 3832 352 398 3833 490 953 3834 508 953 3835 495 953 3836 495 954 3837 514 954 3838 494 954 3839 494 955 3840 520 955 3841 493 955 3842 520 956 3843 498 956 3844 493 956 3845 526 957 3846 497 957 3847 498 957 3848 491 958 3849 509 958 3850 508 958 3851 508 959 3852 515 959 3853 514 959 3854 515 960 3855 520 960 3856 514 960 3857 521 961 3858 526 961 3859 520 961 3860 527 962 3861 496 962 3862 526 962 3863 492 963 3864 510 963 3865 509 963 3866 509 964 3867 516 964 3868 515 964 3869 515 965 3870 522 965 3871 521 965 3872 522 966 3873 527 966 3874 521 966 3875 528 967 3876 501 967 3877 527 967 3878 487 968 3879 511 968 3880 510 968 3881 511 969 3882 516 969 3883 510 969 3884 516 970 3885 523 970 3886 522 970 3887 522 971 3888 529 971 3889 528 971 3890 528 972 3891 499 972 3892 500 972 3893 489 973 3894 511 973 3895 488 973 3896 512 974 3897 517 974 3898 511 974 3899 517 975 3900 524 975 3901 523 975 3902 523 976 3903 530 976 3904 529 976 3905 529 977 3906 502 977 3907 499 977 3908 484 978 3909 512 978 3910 489 978 3911 513 979 3912 518 979 3913 512 979 3914 518 980 3915 525 980 3916 524 980 3917 524 981 3918 531 981 3919 530 981 3920 530 982 3921 504 982 3922 502 982 3923 485 983 3924 513 983 3925 484 983 3926 486 984 3927 519 984 3928 513 984 3929 519 985 3930 507 985 3931 525 985 3932 525 986 3933 505 986 3934 531 986 3935 531 987 3936 503 987 3937 504 987 3938 5 15 3939 398 24 3940 385 35 3941 398 24 3942 14 34 3943 13 47 3944 14 34 3945 12 46 3946 417 59 3947 26 70 3948 413 58 3949 417 59 3950 26 70 3951 36 69 3952 35 83 3953 36 69 3954 30 82 3955 437 95 3956 61 119 3957 76 128 3958 56 140 3959 76 128 3960 90 139 3961 89 152 3962 90 139 3963 88 151 3964 104 165 3965 115 176 3966 98 164 3967 104 165 3968 115 176 3969 131 175 3970 130 188 3971 131 175 3972 121 187 3973 146 200 3974 172 224 3975 187 233 3976 168 245 3977 187 233 3978 201 244 3979 200 257 3980 201 244 3981 199 256 3982 215 270 3983 226 281 3984 209 269 3985 215 270 3986 226 281 3987 242 280 3988 241 293 3989 242 280 3990 232 292 3991 256 305 3992 283 329 3993 298 338 3994 278 350 3995 298 338 3996 312 349 3997 311 362 3998 312 349 3999 310 361 4000 326 375 4001 337 386 4002 320 374 4003 326 375 4004 337 386 4005 353 385 4006 352 398 4007 353 385 4008 343 397 4009 367 410 4010 490 988 4011 491 988 4012 508 988 4013 495 989 4014 508 989 4015 514 989 4016 494 990 4017 514 990 4018 520 990 4019 520 991 4020 526 991 4021 498 991 4022 526 992 4023 496 992 4024 497 992 4025 491 993 4026 492 993 4027 509 993 4028 508 994 4029 509 994 4030 515 994 4031 515 995 4032 521 995 4033 520 995 4034 521 996 4035 527 996 4036 526 996 4037 527 997 4038 501 997 4039 496 997 4040 492 998 4041 487 998 4042 510 998 4043 509 999 4044 510 999 4045 516 999 4046 515 1000 4047 516 1000 4048 522 1000 4049 522 1001 4050 528 1001 4051 527 1001 4052 528 1002 4053 500 1002 4054 501 1002 4055 487 1003 4056 488 1003 4057 511 1003 4058 511 1004 4059 517 1004 4060 516 1004 4061 516 1005 4062 517 1005 4063 523 1005 4064 522 1006 4065 523 1006 4066 529 1006 4067 528 1007 4068 529 1007 4069 499 1007 4070 489 1008 4071 512 1008 4072 511 1008 4073 512 1009 4074 518 1009 4075 517 1009 4076 517 1010 4077 518 1010 4078 524 1010 4079 523 1011 4080 524 1011 4081 530 1011 4082 529 1012 4083 530 1012 4084 502 1012 4085 484 1013 4086 513 1013 4087 512 1013 4088 513 1014 4089 519 1014 4090 518 1014 4091 518 1015 4092 519 1015 4093 525 1015 4094 524 1016 4095 525 1016 4096 531 1016 4097 530 1017 4098 531 1017 4099 504 1017 4100 485 1018 4101 486 1018 4102 513 1018 4103 486 1019 4104 506 1019 4105 519 1019 4106 519 1020 4107 506 1020 4108 507 1020 4109 525 1021 4110 507 1021 4111 505 1021 4112 531 1022 4113 505 1022 4114 503 1022 4115</p>
        </triangles>
      </mesh>
    </geometry>
  </library_geometries>
  <library_visual_scenes>
    <visual_scene id="Scene" name="Scene">
      <node id="RL_Tire" name="RL_Tire" type="NODE">
        <matrix sid="transform">-1 -8.74228e-8 -1.50996e-7 -7.10543e-15 -1.50996e-7 -4.37114e-8 1 -9.53674e-7 -8.74228e-8 1 4.37114e-8 0 0 0 0 1</matrix>
        <instance_geometry url="#Circle_009-mesh" name="RL_Tire">
          <bind_material>
            <technique_common>
              <instance_material symbol="Dark_Black-material" target="#Dark_Black-material">
                <bind_vertex_input semantic="Circle_009-mesh-map-0" input_semantic="TEXCOORD" input_set="0"/>
              </instance_material>
              <instance_material symbol="Bloody_Red-material" target="#Bloody_Red-material">
                <bind_vertex_input semantic="Circle_009-mesh-map-0" input_semantic="TEXCOORD" input_set="0"/>
              </instance_material>
            </technique_common>
          </bind_material>
        </instance_geometry>
      </node>
    </visual_scene>
  </library_visual_scenes>
  <scene>
    <instance_visual_scene url="#Scene"/>
  </scene>
</COLLADA>