<?xml version="1.0" encoding="utf-8"?>
<COLLADA xmlns="http://www.collada.org/2005/11/COLLADASchema" version="1.4.1" xmlns:xsi="http://www.w3.org/2001/XMLSchema-instance">
  <asset>
    <contributor>
      <author>Blender User</author>
      <authoring_tool>Blender 4.1.0 commit date:2024-03-25, commit time:20:42, hash:40a5e739e270</authoring_tool>
    </contributor>
    <created>2025-11-09T20:32:01</created>
    <modified>2025-11-09T20:32:01</modified>
    <unit name="meter" meter="1"/>
    <up_axis>Z_UP</up_axis>
  </asset>
  <library_effects>
    <effect id="Dark_Black-effect">
      <profile_COMMON>
        <technique sid="common">
          <lambert>
            <emission>
              <color sid="emission">0 0 0 1</color>
            </emission>
            <diffuse>
              <color sid="diffuse">0.005605387 0.005605389 0.005605392 1</color>
            </diffuse>
            <index_of_refraction>
              <float sid="ior">1.5</float>
            </index_of_refraction>
          </lambert>
        </technique>
      </profile_COMMON>
    </effect>
    <effect id="Bloody_Red-effect">
      <profile_COMMON>
        <technique sid="common">
          <lambert>
            <emission>
              <color sid="emission">0 0 0 1</color>
            </emission>
            <diffuse>
              <color sid="diffuse">0.8000001 0 0.003354789 1</color>
            </diffuse>
            <index_of_refraction>
              <float sid="ior">1.5</float>
            </index_of_refraction>
          </lambert>
        </technique>
      </profile_COMMON>
    </effect>
  </library_effects>
  <library_images/>
  <library_materials>
    <material id="Dark_Black-material" name="Dark Black">
      <instance_effect url="#Dark_Black-effect"/>
    </material>
    <material id="Bloody_Red-material" name="Bloody Red">
      <instance_effect url="#Bloody_Red-effect"/>
    </material>
  </library_materials>
  <library_geometries>
    <geometry id="Circle_009-mesh" name="Circle.009">
      <mesh>
        <source id="Circle_009-mesh-positions">
          <float_array id="Circle_009-mesh-positions-array" count="2244">-4.08739e-4 -0.6617928 0.4147183 -0.154084 -0.7367687 -0.3582412 -0.01003992 -0.8079953 -0.3474048 -0.008628547 -0.9147427 -0.2357231 -0.008628547 -0.8807604 -0.2357193 -0.1648846 -0.7918749 -0.3454479 -0.2653641 -0.6453085 -0.3261742 -0.1443697 -0.743264 0.5127021 -0.3421278 -0.8533392 0.4186183 -0.1668672 -0.8554988 0.4991852 -0.1428449 -0.682209 -0.3277149 -0.2484788 -0.6074119 -0.2322724 -0.5766001 -0.5710394 -0.3402444 -0.4182779 -0.6276865 -0.354902 -0.4493216 -0.6743898 -0.3418529 -0.3799719 -0.5865703 0.5021494 -0.6467837 -0.6508553 0.4224688 -0.6244872 -0.4212043 0.5153589 -0.5451015 -0.3673732 0.421603 -0.5719714 -0.6790023 -0.2285997 -0.4908994 -0.4960082 0.5035514 -0.4667836 -0.462631 -0.2295131 -0.6072168 -0.2543378 -0.2277384 -0.6458328 -0.2698417 -0.3213651 -0.6935157 -0.5549145 -0.2270632 -0.496967 -0.4916277 -0.3232392 -0.6762939 -0.4486041 -0.3389841 -0.5778062 -0.3899253 0.5046499 -0.7609103 -0.5115801 0.4239115 -0.7450624 -0.3153453 0.5201788 -0.7958294 -0.1647983 -0.337473 -0.6423397 -0.1361809 0.4228323 -0.8477996 -0.1772595 0.5077837 -0.8968984 -0.1868186 0.4256305 -0.5831035 -0.3864834 -0.3221502 -0.697626 -0.2911363 -0.3513712 -0.749356 -0.3126316 -0.3380603 -0.6411087 -0.2722128 0.5054501 -0.6927227 -0.2936645 0.5196332 -0.6585811 -8.30917e-4 -0.2270888 -0.8670691 -0.1792507 -0.2248694 -0.6440719 -0.1348913 -0.2272722 -0.7359086 -0.155036 0.5201792 -0.8854543 -0.07763123 -0.2246371 -0.6854773 -0.1428914 -0.320856 -0.7567654 -8.30921e-4 -0.3506253 -0.6585927 -8.30917e-4 -0.2270906 -0.6964455 -8.30921e-4 0.5061475 -0.7412537 0.1497936 -0.3508209 -0.8123147 -8.30923e-4 -0.3372661 -0.9176424 -8.30928e-4 -0.2242356 -0.916033 -8.3093e-4 0.4258704 -0.6454002 0.1310391 -0.2272568 -0.8080755 -8.30926e-4 0.5209735 -0.8506723 0.3453311 -0.2250815 -0.7486147 0.3069617 0.5202226 -0.7011803 0.2827537 -0.3513273 -0.8836628 0.09606355 -0.2246612 -0.8199483 0.3326036 -0.2254664 -0.8701655 -8.30926e-4 -0.3040412 -0.866508 -8.30928e-4 0.5080263 -0.7961958 0.1607549 -0.3374698 -0.6431694 0.1322295 0.4228413 -0.6819387 0.1401495 0.5059647 -0.8994725 0.1815803 -0.2244647 -0.8977363 0.1828689 0.4256395 -0.6494135 0.2614698 -0.3213208 -0.7918296 0.1620435 0.5207684 -0.7367423 0.1510856 0.5201881 -0.8480291 0.3476388 0.4250115 -0.5506563 0.3605849 -0.2284536 -0.6270264 0.4179191 0.5188021 -0.7215497 0.480966 0.5061873 -0.852927 0.172122 -0.3042586 -0.8491427 0.1734104 0.5078073 -0.6863111 0.138941 -0.3208469 -0.7529253 0.304255 -0.3380162 -0.6082188 0.2483005 0.4223999 -0.6446781 0.2638361 0.5054943 -0.6103308 0.2457726 -0.2276995 -0.696292 0.2852878 0.5196774 -0.673771 0.4491543 0.5192769 -0.6158161 0.6133552 -0.307255 -0.649512 0.6480546 -0.2276231 -0.5691871 0.5771575 0.5179555 -0.7392954 0.4866361 -0.2264851 -0.8063412 0.3265523 -0.3048473 -0.802181 0.3290798 0.5072141 -0.5753779 0.5725031 -0.3402599 -0.6321803 0.4140083 -0.3521988 -0.6787199 0.4452145 -0.3389539 -0.5475242 0.3639812 0.4216331 -0.5802322 0.3865356 0.5046801 -0.7660587 0.5045204 -0.2261502 -0.7633364 0.5081903 0.4239417 -0.4849091 0.72065 -0.3089094 -0.6455615 0.652319 0.4224534 -0.4147515 0.6311979 0.5127084 -0.4218995 0.6254881 -0.3548557 -0.3620966 0.5506342 0.4192903 -0.4776101 0.7250836 0.503105 -0.6819207 0.5692856 -0.2272102 -0.7267519 0.4775853 -0.3058531 -0.5855296 0.3830938 -0.32212 -0.535476 0.532438 -0.3534209 -0.4620173 0.4687657 0.4205527 -0.4896771 0.4974718 0.5035359 -0.5111784 0.7614656 -0.2293713 -0.4655613 0.4640946 -0.2295286 -0.5291407 0.5371094 0.5175655 -0.2572847 0.6045389 -0.2321606 -0.2739766 0.641969 -0.3260644 -0.5578427 0.6908395 -0.2287777 -0.6102254 0.6180263 0.5047888 -0.4957448 0.4930913 -0.3232547 -0.4529524 0.672205 -0.3418065 -0.3836027 0.5843856 0.5021957 -0.5062971 0.7664547 0.4206939 -0.3666392 0.5451381 -0.2307787 -0.4460992 0.6781151 0.5130058 -0.3088594 0.7518246 0.5146661 -0.1691691 0.79175 -0.3453924 -0.1800315 0.8484273 -0.3127622 -0.1886034 0.8965569 -0.2334473 -0.1309226 0.6478801 0.4163693 -0.1377955 0.6876845 0.4990895 -0.1709576 0.8543971 0.4992302 -0.1815617 0.9024537 0.4165905 -0.3441087 0.8141544 -0.2314788 -0.390609 0.5792346 -0.3245828 -0.295657 0.6933787 -0.3564511 -0.3169906 0.7452729 -0.3435243 -0.2514092 0.6101866 0.4178917 -0.2658996 0.6476932 0.5007085 -0.3564264 0.8438945 -0.2313265 -0.3507395 0.8499975 0.4187282 -0.2871787 0.6994822 0.514508 -0.00435537 0.8087132 -0.3474747 -0.003944814 0.8665009 -0.314988 -0.002943992 0.9155734 -0.2357931 -0.002938687 0.6559074 -0.2353744 -0.00412786 0.6964212 -0.3294741 -0.00451529 0.7520506 -0.3601299 -0.1822088 0.8644068 -0.2335243 -0.3388757 0.7991035 -0.3107548 -0.3311414 0.8052051 0.5012623 -0.1582788 0.7361922 -0.3581867 0.006316423 0.873117 0.4969899 -0.1378477 0.641397 -0.2336695 -0.15952 0.7977619 0.5127794 -0.1485612 0.7426715 0.5127565 0.006489455 0.8153281 0.5106816 0.00631994 0.7030344 0.4972686 0.00527054 0.9216042 0.4142295 -0.08059757 0.8827934 -0.2348084 -0.1470364 0.6816168 -0.3276605 -0.00451529 0.752523 -0.3601318 -0.002938687 0.6559191 -0.2353763 0.006490886 0.7591238 0.5107951 0.005275785 0.6620343 0.4146465 0.1452376 0.73701 -0.3620238 -0.00435537 0.8082366 -0.3474766 -0.002943992 0.9149842 -0.235795 0.005270481 0.9215899 0.4142273 0.1280613 0.6427255 -0.2370314 0.006489396 0.8148427 0.5106795 0.3423308 0.8480086 -0.2401579 0.3133981 0.7553773 0.5068013 0.278187 0.6969333 -0.3637039 0.0930832 0.881002 -0.2370047 0.3296045 0.8172822 -0.2399937 0.006316483 0.873107 0.4969961 0.1563579 0.7921164 -0.3495076 0.1374661 0.6487098 0.4129762 0.1464296 0.6885264 0.4954963 0.1785931 0.8968127 -0.2380886 0.1880964 0.9032917 0.4119173 0.2572924 0.6455498 -0.3327792 0.1684914 0.7985954 0.5086325 0.1575357 0.7435052 0.5088868 0.352853 0.8535805 0.4098355 0.3575888 0.5479741 -0.2399315 0.4243481 0.6337807 0.5055152 0.4872153 0.728137 0.4909114 0.1681348 0.8492627 -0.3171622 0.1796845 0.8557403 0.4948054 0.1347734 0.6824505 -0.3312233 0.2998467 0.7488422 -0.3513205 0.2535279 0.6137562 0.4115096 0.2701064 0.6512628 0.4939336 0.2427856 0.6076534 -0.2384807 0.2917274 0.7030518 0.5071912 0.4555794 0.6805275 0.5050047 0.6093327 0.6121328 -0.3227377 0.6450303 0.6468322 -0.2439827 0.5835723 0.5759351 0.5033876 0.4836247 0.7366228 -0.2419396 0.3225529 0.8026731 -0.3191136 0.3353415 0.8087747 0.4928385 0.5680734 0.5712807 -0.3547101 0.4094313 0.6279278 -0.3653621 0.440795 0.6746311 -0.3531017 0.3691994 0.553057 0.4100481 0.392796 0.5868118 0.4923835 0.5015074 0.7633884 -0.242169 0.5133917 0.7688809 0.4078069 0.7166188 0.4812155 -0.3240935 0.6575088 0.6510966 0.405986 0.6375668 0.4214456 0.4994096 0.6208941 0.4176302 -0.3680339 0.5558373 0.3676145 0.40769 0.7313134 0.4841778 0.4878271 0.5662674 0.6792436 -0.242984 0.4735738 0.7230775 -0.3210221 0.3789068 0.581661 -0.334308 0.5278517 0.5312157 -0.3668586 0.4739754 0.4675431 0.4087243 0.5037235 0.4962494 0.4909819 0.7584322 0.5084875 -0.2454158 0.4610902 0.4628723 -0.241239 0.5435288 0.535887 0.5040096 0.6015233 0.2545791 -0.2430137 0.6377611 0.270083 -0.3375864 0.6878117 0.5551558 -0.2445195 0.6242647 0.6168039 0.489188 0.4888955 0.491869 -0.335698 0.6677672 0.4488456 -0.3559695 0.5906302 0.3901665 0.4898839 0.7716355 0.5118213 0.4045439 0.5421273 0.3639422 -0.2422631 0.6844789 0.4527946 0.4987183 0.7582253 0.3155866 0.501181 0.7873027 0.1650395 -0.3574796 0.8443861 0.1763134 -0.3257082 0.8935127 0.1858869 -0.2471224 0.6530754 0.1364222 0.4064616 0.693921 0.1443398 0.4885788 0.8606166 0.1775007 0.4861937 0.9076236 0.1870599 0.4028258 0.8111168 0.3414044 -0.2460778 0.5750319 0.386725 -0.336786 0.6887794 0.2913776 -0.3688918 0.7408292 0.3128729 -0.3568924 0.6153851 0.2569184 0.4069377 0.6539327 0.272454 0.4890842 0.8408545 0.3537233 -0.2464569 0.8551716 0.3562512 0.4034887 0.7058887 0.2939057 0.5019582 0.8042646 2.13898e-4 -0.3576935 0.9125276 2.13902e-4 -0.2473622 0.6528877 2.13891e-4 -0.2436624 0.6922091 2.13893e-4 -0.338274 0.7474467 2.13895e-4 -0.3696327 0.8613653 0.179492 -0.2467123 0.7950661 0.3351703 -0.3250849 0.8114286 0.3376975 0.4868232 0.7315895 0.1539884 -0.3694323 0.8793349 2.13898e-4 0.4859572 0.6383785 0.1351326 -0.243479 0.8041589 0.1662355 0.500601 0.7490745 0.1552773 0.5014127 0.7655253 2.13893e-4 0.501205 0.8217239 2.13896e-4 0.500379 0.9267725 2.13901e-4 0.4025841 0.8797504 0.07787251 -0.2469447 0.6774058 0.1431327 -0.3380793 0.7479187 2.13895e-4 -0.3696406 0.6528993 2.13891e-4 -0.2436644 0.7092694 2.13891e-4 0.4883827 0.6672285 2.13889e-4 0.4062808 0.7324071 -0.1495521 -0.3694441 0.803788 2.13898e-4 -0.3576894 0.9119383 2.13902e-4 -0.2473567 0.9267582 2.13901e-4 0.4025821 0.6397069 -0.1307978 -0.2434972 0.8212385 2.13896e-4 0.5003832 0.8449683 -0.3450896 -0.2465099 0.7617776 -0.3067204 0.5011349 0.6923337 -0.2825121 -0.3689377 0.8779588 -0.09582203 -0.2469235 0.8142444 -0.3323624 -0.2461183 0.8624599 2.139e-4 -0.3259371 0.8793252 2.13898e-4 0.4859635 0.7876691 -0.1605134 -0.3574857 0.6539052 -0.1319882 0.4064494 0.6947627 -0.139908 0.4885668 0.8937684 -0.181339 -0.2471266 0.9084615 -0.1826276 0.4028139 0.6413418 -0.2612285 -0.3376325 0.8049926 -0.1618022 0.5005888 0.7499082 -0.150844 0.5014007 0.8587542 -0.3473975 0.4034423 0.544963 -0.3603436 -0.2422994 0.6401923 -0.4176778 0.5027875 0.7343665 -0.4807248 0.487788 0.8452215 -0.1718807 -0.3257188 0.8619598 -0.1731691 0.4861832 0.6782395 -0.1386995 -0.3380912 0.7443985 -0.3040137 -0.3569384 0.6189545 -0.2480592 0.4068917 0.657502 -0.2635948 0.4890379 0.6046375 -0.2455313 -0.2430536 0.7094579 -0.2850465 0.5019121 0.686934 -0.448913 0.502081 0.6081106 -0.6131139 -0.3227223 0.643808 -0.6478133 -0.2439672 0.58235 -0.5769162 0.5034031 0.7335914 -0.4863948 -0.2450985 0.7986356 -0.3263111 -0.32513 0.8149981 -0.3288385 0.4867769 0.5668511 -0.5722618 -0.3546947 0.6233338 -0.413767 -0.3680652 0.6701932 -0.4449732 -0.3560007 0.55826 -0.3637399 0.4076589 0.5930562 -0.3862941 0.4898526 0.7603547 -0.5042791 -0.2454401 0.7740615 -0.5079491 0.4045128 0.4772036 -0.7204084 -0.3210679 0.6562866 -0.6520777 0.4060014 0.4278312 -0.6309567 0.5020601 0.413053 -0.6252465 -0.3654074 0.3728324 -0.5503926 0.4100027 0.490427 -0.7248421 0.4908713 0.6762168 -0.5690441 -0.2443735 0.7190463 -0.477344 -0.3241242 0.5774581 -0.3828525 -0.3368172 0.5266294 -0.5321968 -0.3668431 0.4727531 -0.4685244 0.4087397 0.5025011 -0.4972305 0.4909971 0.5054743 -0.7612243 -0.2422191 0.4598678 -0.4638533 -0.2412236 0.5423066 -0.5368681 0.504025 0.2515913 -0.6042976 -0.2385915 0.2659049 -0.6417275 -0.3328871 0.5521386 -0.6905983 -0.242805 0.6230425 -0.617785 0.4892032 0.4876732 -0.49285 -0.3356825 0.4444256 -0.6719637 -0.353147 0.3964267 -0.5841441 0.4923379 0.5170221 -0.7662134 0.4077616 0.3609458 -0.5448969 -0.2399734 0.4591764 -0.6778739 0.5015655 0.3220223 -0.7515831 0.5066934 0.1606424 -0.7915087 -0.3495603 0.1723259 -0.848186 -0.3172151 0.1828994 -0.8963156 -0.2381421 0.1416584 -0.6476386 0.4129244 0.1506195 -0.6874433 0.4954447 0.1837744 -0.8541556 0.4947471 0.1922869 -0.9022124 0.4118658 0.3384047 -0.8139131 -0.240104 0.3825375 -0.5789933 -0.3343534 0.2868104 -0.6931374 -0.363812 0.3084638 -0.7450314 -0.3514284 0.2621449 -0.6099453 0.4114017 0.2787235 -0.6474519 0.4938256 0.3507225 -0.8436532 -0.2402629 0.3614648 -0.8497563 0.4097276 0.3003447 -0.6992409 0.5070832 -0.01003992 -0.8084717 -0.3474029 -0.009629368 -0.8662596 -0.3149161 -0.008628547 -0.9153321 -0.2357212 -0.008623242 -0.6556661 -0.2353026 -0.01019984 -0.7518094 -0.3600581 0.176505 -0.8641656 -0.2380575 0.33117 -0.798862 -0.3192225 0.3439585 -0.8049636 0.4927308 0.1494322 -0.735951 -0.3620754 6.31873e-4 -0.8728755 0.4970614 0.1321544 -0.6411557 -0.2370817 0.172683 -0.7975204 0.5085809 0.1617272 -0.7424302 0.5088352 8.04898e-4 -0.8150869 0.5107533 -4.13997e-4 -0.9213629 0.4143013 0.07489371 -0.8825522 -0.2367734 0.1389649 -0.6813753 -0.3312748 -0.0101999 -0.7522814 -0.36006 -0.008623301 -0.6556778 -0.2353045 8.06329e-4 -0.7588823 0.5108667 6.3536e-4 -0.7027929 0.497338 -4.14024e-4 -0.9213486 0.4142991 -0.1337547 -0.6424842 -0.2337227 8.04874e-4 -0.8146014 0.5107514 -0.3480348 -0.8477674 -0.2314335 -0.3002352 -0.7551358 0.5145559 -0.2870337 -0.696692 -0.356561 -0.3353085 -0.8170409 -0.2315909 6.31954e-4 -0.8728657 0.4970679 -0.009812355 -0.6961808 -0.3293966 -0.1267304 -0.6484685 0.4163147 -0.1336057 -0.6882849 0.4990352 -0.1842972 -0.8965714 -0.2335026 -0.1773712 -0.9030503 0.4165357 -0.1553285 -0.7983542 0.5127247 -0.3632823 -0.5477328 -0.2308216 -0.4111822 -0.6335392 0.5160741 -0.4743985 -0.7278955 0.5030637 -0.1758403 -0.8490214 -0.3128152 -0.3083735 -0.748601 -0.3436341 -0.2427921 -0.6135149 0.4177816 -0.2572826 -0.6510215 0.5005984 -0.2785615 -0.7028103 0.5143981 -0.4424164 -0.6802862 0.516353 -0.6170383 -0.6118915 -0.3072396 -0.6507342 -0.646591 -0.2276076 -0.5704092 -0.5756939 0.5179707 -0.4893286 -0.7363815 -0.2296441 -0.3302586 -0.8024318 -0.3108637 -0.3225243 -0.8085334 0.5011522 -0.3584637 -0.5528154 0.4192436 -0.5072115 -0.7631469 -0.2294214 -0.5026667 -0.7686396 0.4206473 -0.7243245 -0.480974 -0.3058838 -0.6297406 -0.4173889 -0.3522292 -0.7184965 -0.4839363 0.5061489 -0.4812794 -0.722836 -0.3089553 -0.3869784 -0.5814195 -0.3246292 -0.5366982 -0.5309744 -0.3534054 -0.4632397 -0.4673019 0.4205679 -0.7641361 -0.508246 -0.2261745 -0.5303629 -0.5356457 0.5175807 -0.6114476 -0.6165624 0.504804 -0.5478207 -0.3637009 -0.2284891 -0.6714017 -0.4525533 0.5158528 -0.8520917 -0.1760721 -0.3042691 -0.8992167 -0.1856456 -0.224467 -0.6810971 -0.1440983 0.5059555 -0.8168206 -0.3411632 -0.2255049 -0.6046494 -0.2566769 0.4223555 -0.8465586 -0.3534818 -0.2251325 -0.8444464 -0.35601 0.4249672 -0.8127912 -8.30923e-4 -0.3372582 -0.9182316 -8.30928e-4 -0.2242262 -0.7002809 -8.30918e-4 -0.3206765 -0.7562933 -8.30921e-4 -0.3506294 -0.8027718 -0.3349288 -0.3048924 -0.7986115 -0.3374562 0.5071697 -0.7404361 -0.1537471 -0.3508298 -0.866518 -8.30928e-4 0.50802 -0.7909959 -0.1659939 0.5207593 -0.7523593 -8.30923e-4 0.5203869 -0.8085609 -8.30926e-4 0.5209815 -0.6564928 -8.30919e-4 0.4230111 -0.9160474 -8.3093e-4 0.4258725 0.6935141 0.02396202 -0.2070973 0.1599946 0.196223 -0.200355 0.1937116 0.162503 -0.2007811 0.5065522 0.4753685 -0.2047346 0.472835 0.5090883 -0.2043085 0.2293271 0.1008241 -0.2012312 -0.02621763 0.2536097 -0.1980018 0.02146553 0.2536097 -0.1986044 0.02146565 0.6960681 -0.1986044 -0.02621757 0.6960681 -0.1980018 0.09025955 0.235182 -0.1994737 -0.1984648 0.1625056 -0.195825 -0.1647476 0.1962256 -0.1962511 -0.4775881 0.5090909 -0.1922976 -0.5113052 0.4753711 -0.1918715 -0.1030737 0.2318439 -0.1970305 -0.2558469 -0.02372121 -0.1950998 -0.2558469 0.02396577 -0.1950998 -0.6982702 0.02396577 -0.1895088 -0.6982702 -0.02372121 -0.1895088 -0.2374208 0.09276533 -0.1953327 -0.1647503 -0.1959822 -0.1962511 -0.1984675 -0.1622624 -0.195825 -0.511308 -0.4751277 -0.1918715 -0.4775907 -0.5088477 -0.1922976 -0.2340829 -0.1005836 -0.1953749 0.02146178 -0.2533689 -0.1986043 -0.02622145 -0.2533689 -0.1980017 -0.02622145 -0.6958275 -0.1980017 0.02146184 -0.6958275 -0.1986043 -0.0950154 -0.2349412 -0.1971324 0.09025537 -0.2349414 -0.1994737 0.193709 -0.162265 -0.2007811 0.1599918 -0.1959848 -0.2003549 0.4728323 -0.5088503 -0.2043085 0.5065495 -0.4751305 -0.2047346 0.2293242 -0.1005866 -0.2012311 0.2510912 0.02396202 -0.2015062 0.2510912 -0.02372497 -0.2015062 0.6935145 -0.02372497 -0.2070973 0.02412265 0.03220796 -0.1986384 0.02970784 0.02662229 -0.198709 0.03560757 0.01640534 -0.1987835 -0.006723284 0.04171419 -0.1982486 0.001175403 0.04171419 -0.1983484 0.01257103 0.03866171 -0.1984924 -0.03525596 0.02662277 -0.197888 -0.02967071 0.03220844 -0.1979586 -0.01945447 0.03810858 -0.1980877 -0.0447613 -0.004225492 -0.1977679 -0.0447613 0.003673732 -0.1977679 -0.041709 0.01507043 -0.1978065 -0.02967119 -0.03276062 -0.1979586 -0.03525644 -0.02717494 -0.197888 -0.04115611 -0.01695775 -0.1978135 0.001174747 -0.0422666 -0.1983484 -0.00672394 -0.0422666 -0.1982486 -0.01811963 -0.03921413 -0.1981046 0.01257038 -0.03921413 -0.1984924 0.02970743 -0.02717542 -0.198709 0.02412217 -0.03276109 -0.1986384 0.03560709 -0.01695823 -0.1987835 0.03921276 0.003673076 -0.1988291 0.03921276 -0.004226148 -0.1988291 -0.03505229 0.01917505 -0.1978906 -0.02256464 0.0234735 -0.1980484 -0.007725417 0.0264368 -0.1982359 0.001675188 0.02659916 -0.1983547 0.01523262 0.02465295 -0.1985261 0.02896976 0.02028036 -0.1986997 -0.03751593 0.005117833 -0.1978595 -0.02359145 0.006357192 -0.1980354 -0.007809758 0.007575273 -0.1982349 0.002400279 0.007575273 -0.1983639 0.01711654 0.006786108 -0.1985499 0.03201884 0.005117177 -0.1987382 -0.03752112 -0.005669593 -0.1978594 -0.02325791 -0.007624149 -0.1980397 -0.007823705 -0.008127212 -0.1982347 0.002386271 -0.008127212 -0.1983637 0.0171054 -0.007338225 -0.1985498 0.03201365 -0.005670011 -0.1987381 -0.03454709 -0.02091789 -0.197897 -0.0212031 -0.02562403 -0.1980656 -0.00741595 -0.0276575 -0.1982399 0.001917421 -0.0276575 -0.1983578 0.0153777 -0.02549338 -0.1985279 0.02901673 -0.02091836 -0.1987003 0.7006722 0.02396202 0.3592994 0.1671523 0.196223 0.3660415 0.2008695 0.1625033 0.3656154 0.5137099 0.4753685 0.3616622 0.4799928 0.5090883 0.362088 0.236485 0.1008244 0.3651655 -0.01905971 0.2536097 0.368395 0.02862346 0.2536097 0.3677924 0.02862352 0.6960683 0.3677924 -0.01905977 0.6960681 0.368395 0.09741747 0.235182 0.366923 -0.1913069 0.1625058 0.3705717 -0.1575897 0.1962256 0.3701456 -0.4704303 0.5090911 0.3740991 -0.5041474 0.4753711 0.3745252 -0.09591585 0.2318439 0.3693662 -0.2486891 -0.02372121 0.3712969 -0.2486891 0.02396577 0.3712969 -0.6911123 0.02396577 0.3768879 -0.6911123 -0.02372121 0.3768879 -0.2302629 0.09276533 0.371064 -0.1575925 -0.1959822 0.3701456 -0.1913096 -0.1622622 0.3705717 -0.50415 -0.4751277 0.3745252 -0.4704329 -0.5088477 0.3740991 -0.2269251 -0.1005833 0.3710218 0.02861964 -0.2533689 0.3677924 -0.01906353 -0.2533689 0.368395 -0.01906359 -0.6958275 0.368395 0.0286197 -0.6958275 0.3677924 -0.0878576 -0.2349412 0.3692644 0.09741318 -0.2349412 0.366923 0.2008669 -0.162265 0.3656157 0.1671497 -0.1959848 0.3660417 0.4799903 -0.5088503 0.3620883 0.5137073 -0.4751303 0.3616622 0.2364821 -0.1005864 0.3651656 0.2582489 0.02396202 0.3648905 0.2582489 -0.02372497 0.3648905 0.7006724 -0.02372497 0.3592994 0.03128045 0.0322082 0.3677583 0.03686571 0.02662253 0.3676877 0.04276543 0.01640534 0.3676131 4.34523e-4 0.04171419 0.3681481 0.008333206 0.04171419 0.3680483 0.01972895 0.03866171 0.3679043 -0.0280981 0.02662301 0.3685087 -0.02251285 0.03220868 0.3684381 -0.01229655 0.03810882 0.368309 -0.03760337 -0.004225492 0.3686288 -0.03760337 0.003673732 0.3686288 -0.0345512 0.01507043 0.3685902 -0.02251332 -0.03276038 0.3684381 -0.02809852 -0.02717471 0.3685087 -0.03399825 -0.01695775 0.3685833 0.00833261 -0.0422666 0.3680483 4.33931e-4 -0.0422666 0.3681482 -0.01096177 -0.03921413 0.3682922 0.01972824 -0.03921413 0.3679043 0.03686529 -0.02717518 0.3676877 0.03128004 -0.03276085 0.3677583 0.04276496 -0.01695823 0.3676131 0.04637062 0.003673076 0.3675676 0.04637062 -0.004226148 0.3675676 -0.02789443 0.01917529 0.3685061 -0.01540678 0.0234735 0.3683483 -5.67528e-4 0.0264368 0.3681608 0.00883305 0.02659916 0.368042 0.02239042 0.02465295 0.3678706 0.03612762 0.02028059 0.3676971 -0.03035807 0.005117833 0.3685373 -0.01643365 0.006357133 0.3683613 -6.51921e-4 0.007575213 0.3681619 0.009558081 0.007575213 0.3680328 0.02427446 0.006786108 0.3678469 0.0391767 0.005117416 0.3676585 -0.03036326 -0.005669593 0.3685373 -0.01610004 -0.00762391 0.3683571 -6.65926e-4 -0.008127212 0.368162 0.009544134 -0.008127212 0.368033 0.02426326 -0.007338047 0.367847 0.03917157 -0.00567007 0.3676586 -0.02738916 -0.02091789 0.3684998 -0.01404523 -0.02562403 0.3683311 -2.58083e-4 -0.0276575 0.3681569 0.009075224 -0.0276575 0.3680389 0.0225355 -0.02549338 0.3678689 0.03617465 -0.02091836 0.3676965 -0.004486799 -0.2947028 -0.3651636 0.05302268 -0.289038 -0.3658905 -0.06199628 -0.289038 -0.3644369 -0.117296 -0.2722609 -0.3637381 -0.003358185 -0.6188924 -0.275864 0.2328367 -0.5717733 -0.3310528 0.1173891 -0.6069987 -0.2773899 -0.1241054 -0.6069987 -0.2743381 0.3398414 -0.5145695 -0.3324051 -0.2402127 -0.5717733 -0.2728707 -0.1682604 -0.2450158 -0.363094 -0.3472179 -0.5145695 -0.2715185 -0.2129309 -0.2083511 -0.3625295 -0.2495911 -0.1636746 -0.3620662 -0.2768321 -0.1127031 -0.3617219 -0.2936069 -0.05739641 -0.3615099 -0.2992712 1.21105e-4 -0.3614383 -0.2936069 0.05763858 -0.3615099 -0.2768321 0.1129453 -0.3617219 0.4336319 -0.4375879 -0.3335904 0.5106038 -0.343785 -0.3345631 -0.4410083 -0.437588 -0.2703332 -0.5179805 -0.3437851 -0.2693605 -0.2495911 0.1639161 -0.3620662 -0.2129309 0.2085926 -0.3625295 -0.1682603 0.2452578 -0.363094 -0.1172959 0.2725024 -0.3637381 -0.06199645 0.2892797 -0.3644369 -0.004486799 0.2949445 -0.3651636 0.05302268 0.2892797 -0.3658905 0.1083223 0.2725024 -0.3665893 -0.5751757 -0.2367652 -0.2686377 -0.6103963 -0.1206429 -0.2681926 -0.6222889 1.21329e-4 -0.2680423 0.1592866 0.2452578 -0.3672333 0.5677997 -0.2367651 -0.3352859 0.2039572 0.2085927 -0.3677979 0.6030203 -0.1206419 -0.335731 0.2406174 0.1639161 -0.3682611 0.6149128 1.21383e-4 -0.3358813 -0.6103963 0.1208851 -0.2681926 0.2678586 0.1129453 -0.3686054 -0.5751758 0.2370073 -0.2686377 0.6030203 0.1208851 -0.335731 -0.5179804 0.3440258 -0.2693605 0.2846335 0.05763864 -0.3688174 -0.4410083 0.4378292 -0.2703332 0.2902975 1.21131e-4 -0.368889 0.2846335 -0.05739587 -0.3688174 0.2678586 -0.112703 -0.3686054 0.2406173 -0.1636745 -0.3682611 0.203957 -0.2083511 -0.3677979 0.5677999 0.2370074 -0.3352859 0.5106039 0.3440259 -0.3345631 0.1592864 -0.2450158 -0.3672333 0.1083223 -0.2722609 -0.3665893 -0.3472179 0.5148118 -0.2715185 -0.2402128 0.5720143 -0.2728707 0.4336321 0.4378293 -0.3335904 0.3398417 0.5148118 -0.3324051 0.232837 0.5720143 -0.3310528 0.1167295 0.6072397 -0.3295856 -0.00401777 0.6191337 -0.3280596 -0.1247652 0.6072397 -0.3265337 -0.2408724 0.5720143 -0.3250664 -0.3478775 0.5148118 -0.3237141 -0.1241056 0.6072397 -0.2743381 -0.003358125 0.6191337 -0.275864 0.1173892 0.6072397 -0.2773899 -0.4416679 0.4378292 -0.3225289 -0.51864 0.3440258 -0.3215562 -0.5758354 0.2370073 -0.3208334 -0.611056 0.1208851 -0.3203883 -0.6229486 1.21329e-4 -0.320238 -0.6110559 -0.1206429 -0.3203883 -0.5758354 -0.2367652 -0.3208334 -0.5186402 -0.3437851 -0.3215562 0.2334966 0.5720143 -0.2788572 0.3405013 0.5148118 -0.2802094 0.4342917 0.4378293 -0.2813947 -0.4416679 -0.437588 -0.3225289 -0.3478776 -0.5145695 -0.3237141 -0.2408725 -0.5717733 -0.3250664 -0.124765 -0.6069987 -0.3265337 0.1167294 -0.6069987 -0.3295856 -0.00401777 -0.6188924 -0.3280596 0.1089819 -0.2722609 -0.3143936 0.1599461 -0.2450158 -0.3150377 0.5112635 0.3440259 -0.2823675 0.5684595 0.2370074 -0.2830902 0.2046167 -0.2083511 -0.3156022 0.2412769 -0.1636745 -0.3160654 0.2685182 -0.112703 -0.3164097 0.285293 -0.05739587 -0.3166217 0.2909572 1.2113e-4 -0.3166933 0.285293 0.05763864 -0.3166217 0.6036801 0.1208851 -0.2835354 0.2685183 0.1129453 -0.3164097 0.6155724 1.21383e-4 -0.2836856 0.2412769 0.1639161 -0.3160654 0.6036801 -0.1206419 -0.2835354 0.2046168 0.2085927 -0.3156022 0.5684593 -0.2367651 -0.2830902 0.1599462 0.2452578 -0.3150377 0.108982 0.2725024 -0.3143936 0.05368232 0.2892797 -0.3136948 -0.003827154 0.2949445 -0.312968 -0.06133681 0.2892797 -0.3122412 -0.1166363 0.2725024 -0.3115424 -0.1676006 0.2452578 -0.3108983 -0.2122712 0.2085926 -0.3103338 -0.2489314 0.1639161 -0.3098705 0.5112636 -0.343785 -0.2823675 0.4342915 -0.4375879 -0.2813947 -0.2761725 0.1129453 -0.3095263 -0.2929473 0.05763858 -0.3093143 -0.2986116 1.21105e-4 -0.3092427 -0.2929473 -0.05739641 -0.3093143 -0.2761725 -0.1127031 -0.3095263 -0.2489315 -0.1636746 -0.3098705 -0.2122712 -0.2083511 -0.3103338 -0.1676008 -0.2450158 -0.3108983 0.340501 -0.5145695 -0.2802094 0.2334965 -0.5717733 -0.2788572 -0.1166363 -0.2722609 -0.3115424 -0.06133669 -0.289038 -0.3122412 0.05368226 -0.289038 -0.3136948 -0.003827214 -0.2947028 -0.312968</float_array>
          <technique_common>
            <accessor source="#Circle_009-mesh-positions-array" count="748" stride="3">
              <param name="X" type="float"/>
              <param name="Y" type="float"/>
              <param name="Z" type="float"/>
            </accessor>
          </technique_common>
        </source>
        <source id="Circle_009-mesh-normals">
          <float_array id="Circle_009-mesh-normals-array" count="3792">0.3396402 -0.8185163 -0.4633311 -0.2794967 0.386172 -0.8790636 0.3767774 -0.3305752 -0.8653086 0.7709199 0.1041995 -0.628351 0.445083 0.8532799 -0.2716888 0.2190259 0.7947371 -0.5660571 0.4119005 0.6404902 0.6481593 0.4865704 0.05354577 0.871999 0.4648644 0.1594805 0.8709002 0.4556738 -0.7676458 0.4506458 -0.5005485 -0.6059465 0.618288 -0.3690576 -0.6978922 0.613794 0.2176622 0.7613654 0.610693 -0.05796045 0.637641 0.7681502 -0.2301259 0.5919616 0.7724142 -0.4234758 0.3656603 -0.828831 0.2364091 -0.7304744 -0.6407167 -0.6401481 0.3626407 0.6772756 -0.4229223 0.6553332 -0.6258395 -0.07729208 0.9845495 -0.1571254 -0.2826485 0.7271336 -0.6256091 0.2802883 -0.1823419 0.9424383 0.6399068 0.7309031 -0.2372763 0.3758762 -0.6695207 -0.6406708 -0.08557146 0.4639936 -0.8816959 0.7583945 0.5696858 -0.3166952 0.3569669 -0.4434638 0.8221403 0.492618 0.6264756 0.604033 0.1864348 0.6125889 0.7680996 0.6730483 -0.3223014 -0.6656785 0.4844812 -0.02978783 0.8742945 -0.1838845 0.780873 -0.5970125 0.1544203 -0.8265051 0.5413353 0.08507812 -0.7657334 -0.6375062 -0.2397808 -0.1402739 -0.9606396 0.006176769 0.4691982 -0.8830713 0.8433117 0.4534959 -0.2883871 0.9502785 0.2991604 0.0864529 -0.02941215 0.9503076 -0.3099202 0.2588862 -0.4965097 0.8285265 0.6046671 -0.4392533 -0.6644051 -0.280823 0.3782019 0.8821009 0.6061973 0.5182741 0.6032553 0.01827299 0.7614402 -0.6479777 -0.04038453 -0.9987412 0.02975165 -0.06225448 -0.791077 0.6085407 -0.2738405 -0.09404069 -0.9571666 0.1699758 0.4154948 -0.8935728 0.914357 0.280684 -0.2918356 0.9898741 0.1168173 0.08064156 0.1631795 -0.5277027 0.833608 0.5052345 -0.5495334 -0.6653956 -0.2012543 0.4262493 0.8819344 0.6940507 0.396378 0.6009811 0.141349 0.7712801 -0.6206026 -0.179768 -0.8183543 0.5458753 -0.2115921 -0.7413235 -0.6369209 -0.3412999 -0.8214266 -0.4569167 -0.4521259 0.03121078 -0.891408 0.6188685 -0.4732255 -0.6269446 0.4121308 -0.3269972 0.8504241 -0.8119787 -0.03786933 0.5824575 -0.364536 0.6033232 0.7093057 0.7449424 0.2332553 0.6250222 0.332291 0.5702606 0.7512561 0.06922453 0.5030097 -0.8615041 0.6413217 0.7490375 -0.1662807 0.3004035 0.7268173 -0.6176523 0.9667115 0.06615674 -0.2471686 -0.3569018 -0.6884111 -0.6314359 0.2645877 0.3810081 -0.8859043 0.9710324 -0.02229589 -0.2379053 0.9543791 -0.2829742 0.09532153 -0.05789822 -0.5566612 0.8287196 -0.8877193 -0.1548051 0.433578 0.7982816 0.09187626 0.5952354 0.5418517 0.3581169 0.7603612 0.2524918 -0.7075639 -0.660001 -0.02541792 0.4718557 0.8813095 0.4270127 0.6587231 -0.6194708 -0.59305 -0.804278 0.03779888 -0.4797114 -0.6646288 0.57284 -0.2764473 0.05555617 -0.959422 0.3455449 0.2974399 -0.8900159 0.9159288 -0.2788627 -0.2886346 0.8820499 -0.462038 0.09224456 -0.1647584 -0.5321359 0.8304734 0.7970126 -0.05921208 0.6010531 0.5741078 0.3011718 0.7613776 0.1206974 -0.7437668 -0.6574521 0.06847286 0.4796474 0.8747857 0.5456858 0.5591514 -0.6241609 -0.7378367 -0.6740708 0.03500926 -0.5952438 -0.5593017 0.5769459 -0.2663686 0.1166431 -0.9567875 0.3883883 0.2362714 -0.8906911 0.8455538 -0.4474394 -0.2912677 0.6552683 -0.3965252 0.6429551 -0.7619568 -0.4495906 0.466144 0.7945697 -0.2003339 -0.5731713 -0.3477659 -0.3969793 -0.8493918 0.1613944 0.4425854 0.8820828 0.7690664 -0.20964 0.6038112 0.6493529 0.4395436 -0.6205984 0.6207428 0.1843054 0.7620433 -0.6780037 -0.3783363 -0.6302165 -0.6902293 0.3756007 0.618472 -0.8265708 -0.3446144 -0.4449962 0.3749749 0.2671273 -0.8877144 -0.3406563 -0.3899701 -0.855498 0.09013789 -0.7784242 -0.6212335 0.8514297 -0.4450971 -0.2774094 0.7879143 -0.2256105 -0.5729669 0.065858 -0.4743003 0.8778963 -0.7607194 -0.4517224 0.466104 -0.5989666 0.5068188 0.6199789 -0.6913186 0.3735095 0.6185218 0.647103 0.06750124 0.7594085 0.6017652 0.2393012 0.7619801 0.3594228 0.4031781 -0.8415834 -0.7378311 -0.2457954 -0.6286414 0.3647878 0.6513564 0.6653306 0.6457163 0.4189332 -0.6383928 0.9824861 0.07471084 -0.1707031 0.7188687 0.2767935 -0.6376623 -0.1687974 -0.2668917 0.9488289 0.7304376 -0.6397509 -0.2391229 -0.6761475 -0.387112 -0.6268724 0.452802 0.07442289 -0.8884997 0.5657593 -0.7623365 -0.3142606 0.4726247 -0.8739041 0.1136553 -0.4329847 -0.3465493 0.8321226 0.6341364 -0.4849465 0.6022441 0.6222744 -0.1767142 0.7625921 -0.3305789 -0.6814064 -0.6529953 -0.9442121 -0.03889685 -0.3270329 0.3231689 0.3595511 0.875377 0.7732382 0.1763243 -0.6091079 -0.8195752 -0.1475674 0.5536428 -0.9880713 -0.06890296 0.1377225 0.4580039 -0.01733565 -0.8887812 0.4499508 -0.8468881 -0.2834166 0.3003811 -0.9491099 0.09466671 -0.4859603 -0.248396 0.8379393 0.5259943 -0.598493 0.6042651 0.6387804 -0.1288408 0.7585247 -0.4475168 -0.6130146 -0.6511082 -0.9330639 0.1425893 -0.3302426 0.3892716 0.2919452 0.8736336 0.7531943 -0.02645933 -0.6572658 -0.6327941 0.7170633 0.2922191 -0.7833347 0.06993901 0.617653 0.4041981 -0.1812534 -0.896533 0.2771193 -0.9179719 -0.2837827 0.1179845 -0.9887761 0.0916596 -0.5171015 -0.152633 0.8422051 0.40388 -0.6864939 0.6046546 0.5148198 -0.3967 0.7599933 -0.5578164 -0.5136024 -0.6519613 -0.8851669 0.3265917 -0.3313873 0.437327 0.2123808 0.8738648 0.7633995 -0.1491794 -0.6284639 -0.8114208 0.1866524 0.5538567 -0.9395817 0.3123757 0.1400279 -0.8271886 0.3354986 -0.4507767 -0.48101 -0.6267414 -0.6130455 -0.3161599 -0.4013524 0.8596274 -0.0306375 0.8192748 0.572582 0.2412537 -0.7369858 0.6313862 0.5797622 -0.3227725 0.7481268 0.4920959 -0.08010494 -0.8668476 -0.6962872 0.3489324 -0.6272402 0.7469792 -0.6433714 -0.1676166 0.7190031 -0.3081844 -0.6229422 -0.3009898 -0.07858031 0.9503844 0.06318187 -0.9697579 -0.2357494 0.3698262 -0.2757619 -0.887234 -0.02514487 -0.973961 -0.2253169 -0.2815946 -0.9530984 0.110942 -0.5461547 0.06836348 0.8348901 0.09951901 -0.7906943 0.6040683 0.3677837 -0.532202 0.7625591 -0.7158064 -0.2608115 -0.6477644 -0.6185339 0.4694252 -0.6301237 -0.6945203 0.6383448 -0.3319 0.4829484 0.03655564 0.8748854 0.6509111 -0.4348063 -0.6223008 -0.6574141 0.4869121 0.5750854 0.2862956 -0.356751 -0.8892489 -0.2823886 -0.9194907 -0.2734843 -0.4609261 -0.8806806 0.1093103 -0.5215247 0.17536 0.8350215 -0.05150276 -0.7893239 0.6118131 0.3108822 -0.564423 0.7647085 -0.7519772 -0.1289579 -0.646452 -0.5595427 0.7569971 -0.3374426 0.4905195 -0.05757361 0.8695263 0.5509631 -0.5537762 -0.624317 0.05504119 0.9600577 0.2743351 -0.5519307 0.6026066 0.5764009 0.2252047 -0.3996324 -0.8885815 -0.4512957 -0.8490316 -0.2747319 -0.3887818 -0.6468567 0.656068 -0.4434862 0.7678405 0.4623213 -0.2074753 -0.8017797 -0.5604491 -0.407405 0.3370738 -0.8487653 0.4530482 -0.1499803 0.8787795 -0.201905 -0.7613562 0.6160935 0.4312177 -0.6574712 -0.6178859 0.1940588 -0.6110996 0.7673973 -0.3859695 0.6701307 -0.6339971 0.3836781 0.6978212 0.6048445 -0.3504623 0.8205841 -0.4514619 0.2561063 -0.3861592 -0.8861664 -0.4005213 0.3299116 -0.8548339 -0.7862427 -0.09874039 -0.6099778 -0.4488435 -0.8546738 -0.260907 -0.2327859 -0.7950442 -0.5601031 -0.4632932 -0.05460679 0.8845211 -0.445699 0.7666849 0.4621114 0.5147026 0.6066524 0.6058499 0.3815884 0.6989336 0.6048821 0.07725358 -0.6374761 0.7665873 0.2491237 -0.5920701 0.766414 0.3938367 -0.3694719 -0.8416551 -0.253677 0.7299076 -0.6347306 0.6594373 -0.3571296 0.6615141 0.4104537 -0.653929 -0.6355349 0.07282596 -0.9845568 -0.159199 0.2685736 -0.7269005 -0.6320474 -0.2551121 0.1809841 0.9498224 -0.6429736 -0.7331004 -0.2216951 -0.3947203 0.6683326 -0.6304979 0.06326222 -0.4639934 -0.8835769 -0.766156 -0.5696853 -0.2974283 -0.872323 -0.4711504 0.1306521 -0.3360763 0.4434638 0.8308986 -0.477197 -0.6264756 0.6162885 -0.1669639 -0.6125889 0.7725659 -0.6896552 0.3223012 -0.648458 -0.04317671 0.9400044 -0.3384194 0.3706343 -0.3120815 0.8747773 0.1687375 -0.7808735 -0.6014684 -0.1406905 0.8265054 0.5450643 -0.06731534 0.9897327 0.1260868 -0.02849066 -0.4691985 -0.882633 -0.8503296 -0.4534963 -0.2669843 -0.94779 -0.2991608 0.1104395 -0.2378659 0.4965103 0.8348038 -0.5907253 -0.5183149 0.6183796 -0.1191447 -0.629144 0.7681031 -0.6212645 0.4392532 -0.6489123 0.1382563 0.9288164 -0.343781 0.3030245 -0.3782005 0.8747231 -0.03464162 -0.7614398 -0.6473095 0.7205974 0.636436 0.275116 0.07761317 0.7910773 0.6067726 -0.1925029 -0.4154947 -0.888992 -0.92144 -0.2806835 -0.2686356 -0.9875203 -0.1168161 0.10563 -0.1420624 0.5277033 0.8374651 -0.6787349 -0.3962066 0.6183359 -0.386985 -0.5051757 0.7713885 -0.5218883 0.5495334 -0.6524153 0.3222375 0.8809084 -0.346646 0.223477 -0.4262482 0.8765675 -0.1569864 -0.7712801 -0.6168326 0.1935055 0.8183548 0.5411572 0.31397 0.9412761 0.124186 0.329644 0.8214264 -0.4653961 -0.6345142 0.4732254 -0.6111052 -0.3905066 0.3269987 0.8605676 0.8264394 0.03786957 0.5617507 -0.7289101 -0.2332554 0.6436474 -0.3132011 -0.5702626 0.7594114 -0.09097254 -0.5030104 -0.8594792 0.3408678 0.6883065 -0.6403462 -0.6453178 -0.7490384 -0.1500217 -0.3159159 -0.7268172 -0.6098639 -0.06661242 0.3129752 0.9474225 -0.9726491 -0.0661562 -0.2226595 -0.2868912 -0.3810076 -0.878935 -0.9767343 0.02229636 -0.2132909 -0.9516654 0.2829743 0.1194093 0.07881903 0.5566614 0.826992 -0.7829831 -0.09187686 0.6152204 -0.5224663 -0.3581174 0.7738093 -0.2690898 0.7075642 -0.6534093 0.4613268 0.6105224 -0.6437701 0.633989 0.6902709 -0.3486892 0.04768419 -0.471855 0.8803858 -0.4425306 -0.6587229 -0.6084824 0.4940341 0.6646286 0.5605347 -0.3679125 -0.29751 -0.8809815 -0.9229182 0.2789103 -0.2653886 -0.8793026 0.4622708 0.1145982 0.1858136 0.5320344 0.8260828 -0.7815418 0.05922919 0.6210349 -0.5546644 -0.301192 0.7756487 -0.1372359 0.7437484 -0.6542207 0.7525817 0.5552359 -0.3540252 -0.04649925 -0.4794992 0.8763096 -0.5615332 -0.5588083 -0.6102573 0.9634562 -0.0515688 0.2628558 0.6097531 0.5591704 0.5617204 -0.4107949 -0.2364131 -0.8805433 -0.8525081 0.4477859 -0.2696621 -0.638576 0.3970402 0.6592267 0.7735491 0.4492931 0.4469422 -0.8088302 0.2003766 -0.5528498 0.3262544 0.3966521 -0.8580358 -0.1388253 -0.4419031 0.8862558 -0.7535648 0.2096772 0.6230373 -0.6651564 -0.4389927 -0.6040301 -0.6013 -0.1843568 0.7774644 0.6620107 0.3779265 -0.6472353 0.7054685 -0.376004 0.6007789 0.8147584 0.344727 -0.4661887 -0.3972899 -0.2672806 -0.8779076 0.3190195 0.3896877 -0.8639272 -0.1065635 0.7784721 -0.6185674 -0.857974 0.4455103 -0.2557367 -0.8020987 0.2256814 -0.5529065 -0.04349833 0.474443 0.879211 0.7723919 0.4515021 0.4467179 0.6143413 -0.5070053 0.604591 0.7065817 -0.3739143 0.6007749 -0.6277246 -0.06756341 0.775498 -0.5822817 -0.2394175 0.7769346 -0.3800145 -0.4044398 -0.8318759 0.7217901 0.2456347 -0.6470569 -0.34864 -0.6510262 0.6742516 -0.6618407 -0.4184527 -0.621984 -0.986478 -0.07483279 -0.1458118 -0.7347863 -0.2765386 -0.619367 0.1929306 0.2670944 0.9441602 -0.7359465 0.6401197 -0.2205209 0.660257 0.3867211 -0.6438226 -0.4751106 -0.07442283 -0.8767731 -0.5735208 0.762336 -0.2998629 -0.4696016 0.8739042 0.1255623 0.4538732 0.346549 0.8209159 -0.6187144 0.4849461 0.6180776 -0.6028046 0.176714 0.7780738 0.3139711 0.6814067 -0.6611409 0.9356464 0.03889685 -0.350789 -0.300944 -0.3595517 0.883264 -0.7883839 -0.1763243 -0.5893731 0.8333041 0.1475667 0.5327554 0.9912361 0.06890356 0.1127095 -0.4803175 0.01733517 -0.8769235 -0.456969 0.8468881 -0.2719557 -0.2978931 0.9491099 0.1022267 0.5069806 0.2483956 0.8253911 -0.5105562 0.5984931 0.6173642 -0.6194075 0.1288408 0.7744252 0.4309197 0.6130149 -0.6622092 0.9244205 -0.1425893 -0.353716 -0.3670725 -0.2919462 0.8831904 -0.7695633 0.02645969 -0.6380221 0.6399767 -0.717063 0.2761347 0.7986931 -0.06993913 0.5976605 -0.4267255 0.1812536 -0.886032 -0.284202 0.917972 -0.2766889 -0.1156307 0.9887762 0.09461098 0.5382209 0.1526316 0.8288679 -0.388471 0.6864948 0.6146668 -0.4954494 0.3967005 0.7727605 0.5411628 0.5136023 -0.6658495 0.8765096 -0.3265919 -0.3536506 -0.4151032 -0.2123813 0.8846375 -0.7790374 0.1491796 -0.6089715 0.8251577 -0.1866523 0.5331752 0.9428202 -0.3123756 0.1162394 0.8155326 -0.3354991 -0.471537 0.4653645 0.6267417 -0.6250047 0.3377828 0.4013516 0.8513635 0.04509693 -0.819275 0.5716248 -0.2252207 0.7369871 0.63728 -0.5606718 0.3227722 0.7625387 -0.5138443 0.08010476 -0.8541354 0.6802145 -0.348932 -0.6446354 -0.7509763 0.6433719 -0.1486855 -0.7345157 0.3081843 -0.6045735 0.3249119 0.07857871 0.9424743 -0.06911891 0.969758 -0.2340773 -0.3921279 0.2757619 -0.8776053 0.01944351 0.9739611 -0.22588 0.2843079 0.9530985 0.1037897 0.5670785 -0.06836229 0.8208219 -0.08422148 0.7906958 0.6063885 -0.3483949 0.5322022 0.7716099 0.6992084 0.2608118 -0.6656461 0.6024128 -0.4694243 -0.6455538 0.6859112 -0.6383442 -0.3493461 -0.4606844 -0.0365535 0.8868111 -0.6664295 0.4348067 -0.6056526 0.671737 -0.4869114 0.5582891 -0.309132 0.356663 -0.8816059 0.2760535 0.9192101 -0.2807978 0.4564971 0.8840529 0.1003048 0.541661 -0.176011 0.8219633 0.06707656 0.7891371 0.6105436 -0.2915877 0.5642783 0.7723773 0.7352722 0.1287093 -0.6654388 0.5498924 -0.7576895 -0.3514612 -0.4670681 0.05841284 0.8822898 -0.5670134 0.5498968 -0.6132776 -0.04993861 -0.9599518 0.2756789 0.5653089 -0.6033762 0.5624617 -0.2485149 0.3997877 -0.8822757 0.4464609 0.8481633 -0.2851172 0.4530752 -0.7681965 0.4523241 0.1935211 0.8019803 -0.5651348 0.3836582 -0.3375054 -0.859591 -0.4409559 0.6632834 -0.6046594 -0.1749914 0.6111754 0.7719085 0.3671187 -0.6711185 -0.6440683 -0.370937 -0.6966974 0.6140184 0.1385166 0.6291445 0.7648466 -0.0126363 1.42442e-6 -0.9999202 -0.01263594 0 -0.9999202 -0.01263588 0 -0.9999203 -0.01263487 -1.89916e-7 -0.9999203 -0.0126363 0 -0.9999202 -0.0126363 0 -0.9999203 -0.012636 -1.44978e-6 -0.9999202 -0.01263654 0 -0.9999202 -0.01263648 -1.46963e-6 -0.9999202 -0.01263761 -8.55298e-7 -0.9999202 -0.01263636 0 -0.9999202 -0.01263636 0 -0.9999202 -0.01263833 -9.1175e-7 -0.9999202 -0.01263982 0 -0.9999202 -0.01263791 -2.26464e-7 -0.9999202 -0.01263862 9.27468e-7 -0.9999202 -0.01263862 1.03724e-6 -0.9999202 -0.01263564 6.13513e-7 -0.9999202 -0.0126354 -2.09742e-6 -0.9999202 -0.01263755 -8.99917e-7 -0.9999202 -0.01263654 -9.92634e-7 -0.9999202 -0.01263421 -9.06707e-7 -0.9999202 -0.012636 -2.98306e-7 -0.9999202 -0.01263976 -1.13945e-6 -0.9999202 -0.01263737 -1.1265e-6 -0.9999203 -0.01263523 2.04141e-6 -0.9999202 -0.01263594 1.28473e-6 -0.9999202 -0.01263719 -2.11678e-6 -0.9999202 -0.01263678 -9.07001e-7 -0.9999202 -0.01263666 -1.09065e-6 -0.9999202 -0.01263409 1.07786e-6 -0.9999202 -0.0126357 1.09041e-6 -0.9999203 -0.01263427 -1.09105e-6 -0.9999202 -0.01263523 -1.18042e-6 -0.9999203 -0.01263695 1.41026e-6 -0.9999203 -0.01263439 9.32485e-7 -0.9999202 -0.01263344 6.93138e-7 -0.9999202 -0.0126354 9.34783e-7 -0.9999202 -0.0126385 -1.43532e-7 -0.9999202 -0.01263785 2.40504e-7 -0.9999202 -0.01263737 2.01702e-6 -0.9999202 -0.01263642 1.43208e-6 -0.9999202 -0.01263678 1.48658e-6 -0.9999202 -0.01263231 -5.14683e-7 -0.9999203 -0.01263451 -1.43926e-7 -0.9999202 -0.01263386 3.93771e-7 -0.9999203 -0.01263499 2.12635e-7 -0.9999203 -0.01263517 6.23965e-7 -0.9999202 -0.01263695 1.11702e-6 -0.9999202 -0.01263701 1.10554e-6 -0.9999202 -0.01263827 -1.09873e-6 -0.9999202 -0.01263773 -2.27324e-7 -0.9999201 -0.01263642 0 -0.9999202 -0.01263725 8.49784e-7 -0.9999203 -0.01263564 1.16032e-6 -0.9999203 -0.01263505 -9.3603e-7 -0.9999202 -0.01263672 0 -0.9999202 -0.01263678 0 -0.9999202 -0.01263642 0 -0.9999202 -0.01263695 0 -0.9999202 -0.01263439 3.31643e-7 -0.9999202 -0.01263552 -3.84069e-7 -0.9999202 -0.01263737 1.88457e-7 -0.9999202 -0.01263856 -1.99214e-7 -0.9999202 -0.01263654 1.96706e-7 -0.9999202 -0.01263672 0 -0.9999202 -0.01263606 0 -0.9999202 -0.01263594 0 -0.9999202 -0.01263743 2.61125e-7 -0.9999202 -0.01263666 -1.49164e-7 -0.9999202 -0.01263523 -1.51022e-7 -0.9999202 -0.01263654 1.97215e-7 -0.9999202 -0.01263672 0 -0.9999202 -0.01263582 -1.25683e-7 -0.9999202 -0.01263713 2.39446e-7 -0.9999202 -0.01263552 0 -0.9999202 -0.01263564 0 -0.9999202 -0.01263695 0 -0.9999202 -0.01263737 0 -0.9999202 -0.01263415 1.24301e-7 -0.9999202 -0.01263529 -2.04402e-7 -0.9999202 -0.01263725 -1.52338e-7 -0.9999202 -0.01263231 4.08764e-7 -0.9999203 -0.01263606 0 -0.9999202 0.01263678 -1.4294e-6 0.9999202 0.01263582 0 0.9999202 0.01263713 -1.4671e-6 0.9999203 0.01263648 0 0.9999202 0.01263499 1.93748e-7 0.9999203 0.01263648 0 0.9999203 0.01263707 0 0.9999202 0.01263529 1.4877e-6 0.9999202 0.01263564 1.41507e-6 0.9999202 0.01263582 1.98344e-7 0.9999203 0.0126366 1.32931e-6 0.9999203 0.01263684 9.59923e-7 0.9999202 0.01263844 7.27337e-7 0.9999202 0.01263707 0 0.9999202 0.01263773 1.73772e-7 0.9999201 0.01263862 -7.04069e-7 0.9999202 0.01263678 0 0.9999202 0.01263785 -1.00451e-6 0.9999201 0.0126357 2.07641e-6 0.9999202 0.01263719 1.31638e-6 0.9999202 0.01263684 1.60856e-6 0.9999202 0.01263076 -5.99347e-7 0.9999203 0.01263433 8.14023e-7 0.9999202 0.01263755 -6.87204e-7 0.9999202 0.01263248 -1.25093e-6 0.9999203 0.01263707 -2.60935e-6 0.9999202 0.01263737 2.09942e-6 0.9999202 0.01263803 1.16032e-6 0.9999202 0.01263654 -6.39292e-7 0.9999202 0.01263642 -1.09587e-6 0.9999203 0.01263612 1.31568e-6 0.9999202 0.01263469 9.98526e-7 0.9999203 0.01264053 -2.0686e-7 0.9999202 0.01263356 7.25536e-7 0.9999202 0.01263481 5.22128e-7 0.9999202 0.01263374 -4.40756e-7 0.9999202 0.01263797 0 0.9999202 0.01263773 -2.14342e-6 0.9999202 0.01263272 -1.15717e-6 0.9999203 0.01262992 1.10886e-6 0.9999203 0.01263439 7.31332e-7 0.9999202 0.01263612 3.99991e-7 0.9999203 0.01263481 0 0.9999203 0.01263487 -1.03135e-6 0.9999202 0.01263773 -1.29248e-6 0.9999202 0.01263642 0 0.9999202 0.01263689 -1.81921e-7 0.9999202 0.0126335 3.13563e-6 0.9999202 0.01263564 -1.83206e-7 0.9999202 0.01263511 6.45362e-7 0.9999202 0.01263874 0 0.9999202 0.01263338 -2.07392e-7 0.9999202 0.0126338 -1.70633e-7 0.9999202 0.01263767 -2.48085e-7 0.9999202 0.01263576 -1.583e-6 0.9999202 0.01263713 0 0.9999202 0.01263499 -9.55757e-7 0.9999202 0.01263576 0 0.9999202 0.01263761 1.33421e-7 0.9999202 0.01263666 0 0.9999202 0.01263678 2.36348e-7 0.9999202 0.01263463 -1.19471e-7 0.9999202 0.01263707 0 0.9999202 0.01263701 1.72018e-6 0.9999202 0.01263743 3.29492e-7 0.9999202 0.012636 -3.13209e-7 0.9999202 0.01263564 2.61547e-7 0.9999202 0.01263529 -2.07014e-7 0.9999202 0.01263821 0 0.9999202 0.01263475 -1.45251e-6 0.9999202 0.01263648 -3.31031e-7 0.9999202 0.01263493 4.76246e-7 0.9999202 0.0126354 0 0.9999202 0.01263612 1.54374e-7 0.9999202 0.01263642 8.08907e-7 0.9999202 0.01264053 0 0.9999202 0.01263236 -4.02369e-7 0.9999203 0.01263892 0 0.9999202 0.01263618 0 0.9999202 0.01264017 0 0.9999202 0.01263475 0 0.9999202 0.7070477 0.7071095 -0.008935272 0.7070502 0.707107 -0.008935093 0.7070504 0.7071068 -0.008935093 -0.2587046 -0.9659511 0.003269433 -0.2587044 -0.9659511 0.003269433 -0.2587046 -0.965951 0.003269433 0 1 0 0 1 0 0 1 0 -0.7070502 0.707107 0.008935332 -0.7070502 0.707107 0.008935332 -0.7070502 0.707107 0.008935332 0.2587032 -0.9659514 -0.003269374 0.2587061 -0.9659506 -0.003269016 0.258703 -0.9659515 -0.003269433 -0.9999202 0 0.01263648 -0.9999203 0 0.01263648 0.8659078 0.500084 -0.01094317 0.8659079 0.5000838 -0.01094317 0.9999202 6.50186e-6 -0.0126366 0.9999202 4.53116e-6 -0.01263684 0.9999203 6.61981e-6 -0.0126366 0 -1 0 0 -1 0 0 -1 0 0.9999202 -1.69621e-7 -0.01263648 0.9999202 -1.49952e-7 -0.01263648 0.9999202 -2.22958e-7 -0.01263654 -0.7070504 -0.7071068 0.008935391 -0.7070504 -0.7071068 0.008935391 -0.7070504 -0.7071068 0.008935391 -0.9658739 0.2587253 0.01220619 -0.9658739 0.2587249 0.01220619 -0.9658738 0.2587253 0.01220619 -2.72272e-7 1 -5.54796e-7 -4.73229e-6 1 0 0 1 -5.86128e-7 0.7070496 -0.7071076 -0.008935332 0.7070524 -0.7071048 -0.008935034 0.7070494 -0.7071078 -0.008935332 -0.2724428 0.9621658 0.003443002 -0.2724427 0.962166 0.003443062 -0.2724427 0.962166 0.003443062 -0.9620893 -0.2724636 0.01215845 -0.962089 -0.2724651 0.01215839 -0.9620889 -0.2724652 0.01215833 0.7070503 0.7071068 -0.008935511 0.7070503 0.7071069 -0.008935511 0.7070503 0.7071068 -0.00893557 -0.7070503 0.707107 0.008935272 -0.7070503 0.7071069 0.008935153 -0.7070506 0.7071067 0.008934915 -0.9999202 0 0.01263648 -0.9999202 0 0.01263648 -0.9999202 0 0.01263642 0.8659078 -0.500084 -0.01094293 0.8659083 -0.5000832 -0.01094275 0.8659078 -0.5000841 -0.01094299 -0.7070512 -0.7071059 0.008935511 -0.7070521 -0.7071051 0.008935451 -0.7070512 -0.7071059 0.008935511 0.2587046 0.965951 -0.003269433 0.2587047 0.965951 -0.003269374 0.2587047 0.965951 -0.003269314 0.9620885 0.2724664 -0.01215827 0.9620893 0.272464 -0.01215857 0.9620885 0.2724667 -0.01215827 0.7070505 -0.7071067 -0.008935391 0.7070505 -0.7071067 -0.008935391 0.7070505 -0.7071067 -0.008935391 -0.4876528 -0.8730159 0.006162643 -0.4876528 -0.873016 0.006162703 -0.4876528 -0.873016 0.006162643 0 -1 0 0 -1 0 0 -1 0 -0.8659079 -0.500084 0.01094311 -0.8659076 -0.5000844 0.01094305 -0.8659076 -0.5000844 0.01094305 0.7070502 0.7071069 -0.008935451 0.7070503 0.7071069 -0.008935511 0.7070502 0.707107 -0.008935332 0.9620787 -0.2725011 -0.01215821 0.9620789 -0.2725005 -0.01215815 0.9620787 -0.2725012 -0.01215821 0.4876527 0.8730159 -0.006162643 0.4876528 0.8730159 -0.006162703 0.4876527 0.8730159 -0.006162583 -0.7070516 0.7071055 0.008935332 -0.7070527 0.7071045 0.008935034 -0.7070528 0.7071044 0.008935034 0 1 0 0 1 0 0 1 0 -0.9999202 0 0.01263654 -0.9999202 0 0.01263654 -0.9999202 0 0.01263654 -0.7070504 -0.7071068 0.008935451 -0.7070503 -0.7071068 0.008935451 -0.7070506 -0.7071065 0.008935332 0.4876215 -0.8730335 -0.006161987 0.4876194 -0.8730345 -0.006162285 0.4876217 -0.8730334 -0.006161928 0 -1 0 0 -1 0 0 -1 0 -0.5000444 0.8659768 0.006319284 -0.5000443 0.8659768 0.006319284 -0.5000444 0.8659769 0.006319284 0.7070503 -0.7071068 -0.008935153 0.7070503 -0.7071068 -0.008935153 0.7070505 -0.7071067 -0.008935093 0.9999202 1.26186e-7 -0.01263648 0.9999202 0 -0.01263648 0.9999202 1.85798e-7 -0.01263642 -0.8729451 0.4876938 0.0110318 -0.8729456 0.4876928 0.01103162 -0.8729457 0.4876927 0.01103162 -0.8818596 0.4713805 0.01114434 -0.8818597 0.4713802 0.01114439 -0.8818598 0.4713801 0.01114439 0.4713776 -0.8819115 -0.005956768 0.4713776 -0.8819115 -0.005956768 0.4713776 -0.8819115 -0.005956888 -0.7729654 -0.634373 0.009767234 -0.7729656 -0.6343729 0.009767353 -0.7729651 -0.6343733 0.009766519 -0.09801232 -0.9951845 0.001238763 -0.09801232 -0.9951845 0.001238822 -0.09801226 -0.9951844 0.001238524 -0.471376 0.8819124 0.005956649 -0.4713759 0.8819123 0.005956709 -0.4713759 0.8819124 0.00595659 -0.9568686 0.2902696 0.01209282 -0.9568686 0.2902696 0.01209282 -0.9568685 0.2902695 0.01209282 0.09801244 0.9951845 -0.001239061 0.09801244 0.9951845 -0.001239001 0.09801244 0.9951844 -0.001239776 0.956869 -0.2902682 -0.01209336 0.9568689 -0.2902682 -0.01209437 0.9568689 -0.2902683 -0.01209485 -0.6343591 0.772997 0.008016586 -0.6343591 0.7729969 0.008016586 -0.6343594 0.7729967 0.008016526 0.9951058 -0.09801161 -0.01257771 0.995106 -0.09801054 -0.01257663 0.9951061 -0.09800994 -0.01257604 -0.6343641 -0.7729929 0.008016526 -0.6343641 -0.7729929 0.008016526 -0.6343643 -0.7729927 0.008016526 -0.290277 -0.9569357 0.003668248 -0.290277 -0.9569357 0.003668308 -0.290277 -0.9569357 0.003668427 0.2902731 0.9569368 -0.003668427 0.2902731 0.9569368 -0.003668367 0.290273 0.956937 -0.003668725 -0.4713832 -0.8819084 0.005956768 -0.4713831 -0.8819085 0.005957126 -0.4713832 -0.8819085 0.005957305 -0.9951058 0.09801226 0.01257687 -0.9951058 0.09801214 0.01257634 -0.9951058 0.09801232 0.01257717 -0.8818582 -0.4713831 0.01114368 -0.8818581 -0.4713832 0.0111435 -0.8818587 -0.4713821 0.01114499 0.0980131 0.9951844 -0.001239359 0.09801304 0.9951844 -0.001238524 0.09801304 0.9951844 -0.001238107 0.9568688 0.2902688 -0.01209259 0.9568687 0.290269 -0.01209419 0.9568688 0.2902688 -0.01209175 -0.09801232 0.9951845 0.001238405 -0.09801232 0.9951845 0.001238405 -0.09801232 0.9951844 0.001238286 0.8818607 -0.4713783 -0.01114606 0.8818607 -0.4713784 -0.01114523 0.8818607 -0.4713785 -0.01114475 0.772965 -0.6343734 -0.009768664 0.7729651 -0.6343736 -0.009769678 0.7729649 -0.6343735 -0.009770214 0.9568683 -0.2902705 -0.01209253 0.9568684 -0.2902705 -0.01209253 0.9568684 -0.29027 -0.01209282 -0.290275 -0.9569362 0.003667473 -0.290275 -0.9569362 0.003667294 -0.290275 -0.9569362 0.003667175 -0.09801119 -0.9951846 0.001237392 -0.09801125 -0.9951846 0.001237332 -0.09801125 -0.9951846 0.001237273 0.6343643 -0.7729927 -0.008016645 0.6343643 -0.7729927 -0.008016645 0.6343646 -0.7729925 -0.008016765 0.7729651 0.6343734 -0.009768247 0.7729651 0.6343734 -0.009768187 0.772965 0.6343736 -0.009768068 -0.6343604 -0.772996 0.008016943 -0.6343601 -0.7729961 0.00801599 -0.6343606 -0.7729959 0.00801742 0.9951059 -0.09801191 -0.01257544 0.9951059 -0.09801191 -0.01257544 0.9951059 -0.09801208 -0.01257544 -0.7729638 -0.6343752 0.009768426 -0.7729638 -0.634375 0.009767889 -0.7729638 -0.6343749 0.009767651 0.9951058 0.09801131 -0.01257771 0.995106 0.09801018 -0.01257663 0.9951058 0.09801185 -0.0125783 -0.2902733 0.9569368 0.003668248 -0.2902733 0.9569368 0.003668248 -0.2902733 0.9569368 0.003668129 -0.9951059 0.09801042 0.01257443 -0.995106 0.09801054 0.01257425 -0.9951059 0.09801125 0.01257318 -0.09801298 0.9951844 0.001238226 -0.09801298 0.9951844 0.001239717 -0.09801304 0.9951844 0.001237392 -0.2902755 0.9569361 0.003669619 -0.2902755 0.9569361 0.003668963 -0.2902755 0.9569362 0.003668606 -0.9568692 0.2902678 0.01209008 -0.9568692 0.2902678 0.01209008 -0.9568691 0.2902677 0.01209008 0.4713834 0.8819084 -0.005957424 0.4713834 0.8819084 -0.005957484 0.4713832 0.8819085 -0.005956888 -0.772965 0.6343734 0.009768187 -0.772965 0.6343735 0.009768247 -0.7729654 0.634373 0.009768068 0.2902751 -0.9569362 -0.003669738 0.2902749 -0.9569363 -0.003669261 0.2902747 -0.9569364 -0.003669023 0.2902749 0.9569364 -0.003669619 0.2902747 0.9569363 -0.003668963 0.290275 0.9569363 -0.003669977 0.09801214 -0.9951846 -0.001238167 0.09801214 -0.9951846 -0.001238167 0.09801214 -0.9951845 -0.001237809 0.6343606 -0.7729958 -0.008016884 0.6343602 -0.772996 -0.008015871 0.6343607 -0.7729957 -0.00801742 0.6343601 0.7729963 -0.008016645 0.6343601 0.7729961 -0.008016645 0.6343603 0.7729961 -0.008016645 0.4713849 -0.8819076 -0.005957365 0.4713854 -0.8819073 -0.005956649 0.4713857 -0.8819071 -0.005956292 -0.9951061 -0.09800964 0.01257443 -0.9951061 -0.09800976 0.01257425 -0.9951062 -0.09800887 0.01257544 -0.9568684 -0.2902704 0.01209312 -0.9568684 -0.2902699 0.01209372 -0.9568685 -0.2902697 0.01209402 -0.8818609 0.4713782 0.01114326 -0.881861 0.471378 0.01114338 -0.8818613 0.4713773 0.01114439 -0.881863 -0.4713742 0.01114571 -0.8818631 -0.4713737 0.01114523 -0.8818632 -0.4713736 0.01114499 0.4713772 0.8819117 -0.005956709 0.4713773 0.8819116 -0.005956947 0.4713771 0.8819116 -0.005956649 -0.9951058 -0.09801191 0.01257687 -0.9951059 -0.09801167 0.01257634 -0.9951059 -0.09801161 0.01257604 0.9568681 0.290271 -0.01209223 0.9568682 0.2902709 -0.01209223 0.7729671 0.6343711 -0.00976777 0.7729672 0.6343709 -0.009768247 0.7729673 0.6343708 -0.009768486 0.7729657 -0.6343727 -0.009768247 0.7729657 -0.6343727 -0.009768187 0.7729658 -0.6343725 -0.009768366 0.8818601 -0.4713796 -0.01114457 0.88186 -0.4713795 -0.01114451 0.8818604 -0.4713791 -0.01114428 -0.7729659 0.6343724 0.009768009 -0.7729657 0.6343727 0.00976777 -0.7729656 0.6343729 0.009767711 -0.4713856 0.8819071 0.005956768 -0.4713856 0.8819071 0.005956768 -0.4713857 0.8819071 0.005956649 0.8818634 0.4713733 -0.01114434 0.8818634 0.4713733 -0.01114434 0.8818635 0.4713731 -0.01114428 0.8818578 0.4713839 -0.01114374 0.8818578 0.471384 -0.01114398 0.8818576 0.471384 -0.01114404 0.1011543 0.01119941 -0.9948077 0.1011545 0.01119923 -0.9948077 0.1011543 0.01119941 -0.9948078 0.08821249 0.0538631 -0.9946444 0.0882126 0.05386316 -0.9946444 0.08821249 0.05386304 -0.9946444 0.2902776 -0.9569355 -0.003668487 0.2902776 -0.9569355 -0.003668427 0.2902775 -0.9569355 -0.003668189 0.09678494 0.03316807 -0.9947525 0.096785 0.03316813 -0.9947525 0.09678488 0.03316807 -0.9947525 0.08821284 -0.05386263 -0.9946444 0.08821308 -0.05386281 -0.9946444 0.08821308 -0.05386281 -0.9946443 -0.02375221 -0.1137111 -0.9932299 -0.02375185 -0.113711 -0.9932299 -0.02375227 -0.1137111 -0.99323 -0.9568686 -0.2902694 0.01209133 -0.9568687 -0.2902692 0.01209151 -0.9568682 -0.2902708 0.01209008 -0.001354634 0.1137112 -0.993513 -0.001355409 0.1137113 -0.9935129 -0.001354455 0.1137112 -0.993513 -0.001354932 -0.113711 -0.9935129 -0.001355469 -0.1137111 -0.9935129 -0.001355648 -0.1137111 -0.993513 0.07576942 0.07248657 -0.9944872 0.07576972 0.0724864 -0.9944872 0.07576936 0.07248657 -0.9944872 -0.1008767 0.07248657 -0.9922549 -0.1008765 0.07248634 -0.9922549 -0.1008765 0.07248634 -0.9922549 0.09678494 -0.03316801 -0.9947525 0.09678477 -0.03316795 -0.9947525 0.09678471 -0.03316795 -0.9947526 0.05993074 -0.08832544 -0.9942872 0.05993038 -0.08832538 -0.9942872 0.05993026 -0.08832538 -0.9942872 -0.04572117 -0.1093412 -0.9929522 -0.0457201 -0.1093413 -0.9929524 -0.04572135 -0.1093412 -0.9929523 -0.1008762 -0.07248681 -0.9922549 -0.1008765 -0.07248634 -0.9922549 -0.1008761 -0.07248687 -0.9922549 -0.1218919 -0.03316819 -0.991989 -0.121892 -0.03316843 -0.991989 -0.1218919 -0.03316813 -0.991989 0.04130846 -0.1007691 -0.994052 0.04130804 -0.1007691 -0.994052 0.04130792 -0.1007691 -0.9940519 0.04130685 0.1007695 -0.9940519 0.04130679 0.1007695 -0.994052 0.04130685 0.1007695 -0.994052 -0.08503818 -0.08832538 -0.9924552 -0.08503806 -0.08832544 -0.9924552 -0.08503818 -0.08832538 -0.9924552 -0.1262615 0.01119953 -0.9919338 -0.1262617 0.01119935 -0.9919338 -0.1262618 0.01119929 -0.9919338 -0.06641429 0.1007698 -0.9926907 -0.06641441 0.1007695 -0.9926907 -0.06641447 0.1007695 -0.9926907 -0.1262615 -0.01119947 -0.9919338 -0.1262617 -0.01119935 -0.9919338 -0.1262615 -0.01119953 -0.9919338 0.1011545 -0.01119947 -0.9948077 0.1011545 -0.01119929 -0.9948077 0.1011545 -0.01119929 -0.9948078 -0.06641536 -0.1007692 -0.9926907 -0.06641513 -0.1007691 -0.9926906 -0.06641542 -0.1007692 -0.9926906 -0.1133204 -0.05386197 -0.9920975 -0.1133204 -0.05386185 -0.9920975 -0.1133204 -0.05386197 -0.9920974 0.02061414 -0.1093412 -0.9937905 0.02061295 -0.1093411 -0.9937906 0.02061253 -0.1093411 -0.9937906 -0.08503812 0.0883249 -0.9924552 -0.08503866 0.08832496 -0.9924551 -0.08503884 0.08832502 -0.9924551 0.05993157 0.08832496 -0.9942872 0.05993103 0.08832502 -0.9942872 0.05993169 0.08832496 -0.9942871 -0.02375274 0.1137112 -0.9932299 -0.02375137 0.1137112 -0.9932299 -0.0237509 0.1137112 -0.99323 -0.04572147 0.1093413 -0.9929522 -0.04572123 0.1093413 -0.9929523 -0.04572117 0.1093413 -0.9929522 0.02061432 0.1093413 -0.9937906 0.02061396 0.1093412 -0.9937905 0.02061438 0.1093414 -0.9937906 -0.1218919 0.03316819 -0.991989 -0.1218918 0.03316813 -0.991989 -0.1218918 0.03316813 -0.9919891 0.04572111 -0.1093413 0.9929522 0.04572075 -0.1093413 0.9929523 0.04572117 -0.1093413 0.9929523 -0.07576912 0.07248681 0.9944872 -0.07576936 0.07248646 0.9944872 -0.07576906 0.07248687 0.9944872 0.1133201 -0.05386263 0.9920975 0.1133202 -0.05386281 0.9920974 0.1133201 -0.05386263 0.9920976 0.02375245 -0.1137112 0.9932299 0.02375167 -0.1137112 0.9932299 0.02375262 -0.1137112 0.9932299 0.07576918 -0.07248663 -0.9944872 0.07576954 -0.07248646 -0.9944872 0.07576966 -0.0724864 -0.9944872 0.08503854 -0.0883249 0.9924551 0.08503919 -0.08832502 0.9924551 0.08503842 -0.0883249 0.9924551 0.1218919 -0.03316819 0.991989 0.1218918 -0.03316843 0.9919891 0.1218919 -0.03316813 0.991989 -0.05993187 -0.08832502 0.9942872 -0.05993145 -0.08832496 0.9942872 -0.05993139 -0.08832496 0.9942871 -0.02061384 0.1093411 0.9937905 -0.02061349 0.1093412 0.9937906 -0.0206139 0.1093411 0.9937906 -0.02061402 -0.1093412 0.9937905 -0.02061408 -0.1093413 0.9937905 -0.02061414 -0.1093413 0.9937905 0.1133207 0.05386209 0.9920975 0.1133205 0.05386191 0.9920974 0.1133204 0.05386191 0.9920974 0.1262617 0.01119953 0.9919338 0.1262615 0.01119947 0.9919338 0.1262615 0.01119947 0.9919338 0.06641483 -0.1007697 0.9926906 0.06641393 -0.1007695 0.9926908 0.06641501 -0.1007697 0.9926906 0.06641507 0.1007691 0.9926906 0.0664153 0.1007692 0.9926907 0.06641536 0.1007692 0.9926906 0.1262614 -0.01119947 0.9919338 0.1262615 -0.01119959 0.9919338 0.1262614 -0.01119947 0.9919338 -0.04130691 -0.1007695 0.994052 -0.04130715 -0.1007695 0.9940519 -0.04130721 -0.1007695 0.9940519 0.1218921 0.03316825 0.991989 0.121892 0.03316825 0.991989 0.1218919 0.03316819 0.9919891 -0.0413078 0.1007691 0.9940519 -0.04130756 0.1007691 0.994052 -0.0413078 0.100769 0.9940519 0.04572045 0.1093413 0.9929522 0.04572105 0.1093411 0.9929522 0.04572117 0.109341 0.9929522 -0.1011544 0.01119935 0.9948077 -0.1011545 0.01119947 0.9948077 -0.1011544 0.01119929 0.9948077 0.08503854 0.08832556 0.9924551 0.08503776 0.08832538 0.9924551 0.08503764 0.08832538 0.9924552 -0.09678471 0.03316813 0.9947525 -0.09678465 0.03316795 0.9947525 -0.09678471 0.03316813 0.9947525 -0.05993103 0.08832544 0.9942872 -0.0599305 0.08832544 0.9942872 -0.05993115 0.08832544 0.9942872 -0.07576966 -0.07248634 0.9944872 -0.07576924 -0.07248646 0.9944872 -0.07576918 -0.07248651 0.9944872 0.001354873 0.113711 0.9935129 0.001355111 0.113711 0.9935129 0.001354873 0.113711 0.9935129 0.02375197 0.113711 0.9932299 0.02375251 0.1137111 0.9932299 0.02375262 0.113711 0.9932299 0.1008762 0.0724864 0.9922549 0.1008762 0.07248675 0.9922549 0.1008762 0.07248681 0.9922549 0.1008763 -0.07248663 0.9922549 0.1008765 -0.0724864 0.9922549 0.1008763 -0.07248663 0.9922549 -0.0882129 0.05386233 0.9946444 -0.08821284 0.05386257 0.9946444 -0.0882129 0.05386227 0.9946444 0.001355171 -0.1137113 0.993513 0.001354873 -0.1137112 0.993513 0.001354813 -0.1137112 0.993513 -0.09678477 -0.03316801 0.9947525 -0.09678471 -0.03316819 0.9947526 -0.09678471 -0.03316825 0.9947526 -0.1011543 -0.01119941 0.9948077 -0.1011542 -0.01119929 0.9948077 -0.1011542 -0.01119929 0.9948077 -0.4713786 -0.8819109 0.005957067 -0.4713785 -0.8819109 0.005957067 -0.4713789 -0.8819108 0.005956888 0.9951059 0.09801191 -0.01257544 0.9951059 0.09801191 -0.01257544 0.9951059 0.09801179 -0.01257544 -0.0882126 -0.0538634 0.9946443 -0.0882126 -0.05386304 0.9946444 -0.0882126 -0.05386304 0.9946444 -0.6343653 0.7729919 0.008016943 -0.634365 0.7729921 0.008016228 -0.6343649 0.7729923 0.008015811 -0.1133202 0.05386281 -0.9920974 -0.1133204 0.05386281 -0.9920974 -0.1133204 0.05386286 -0.9920975 0.6343646 0.7729926 -0.008016347 0.6343647 0.7729924 -0.008016705 0.6343649 0.7729924 -0.008016884 0.09801119 -0.9951846 -0.001237988 0.09801119 -0.9951846 -0.001239061 0.09801113 -0.9951846 -0.001237452 -0.01263654 0 -0.9999202 -0.01263642 0 -0.9999202 -0.01263642 0 -0.9999203 -0.01263713 0 -0.9999203 0.0126357 0 0.9999202 0.01263725 0 0.9999201 0.01263582 1.98627e-7 0.9999203 0.01263642 0 0.9999202 0.01263689 -1.80696e-7 0.9999203 0.01263326 3.35185e-6 0.9999203 0.01263576 -1.82075e-7 0.9999203 0.7070475 0.7071097 -0.008935332 -0.2587044 -0.9659511 0.003269433 0 1 0 -0.7070502 0.707107 0.008935332 0.2587063 -0.9659505 -0.003269016 0.8659079 0.5000841 -0.01094317 0.9999203 4.41321e-6 -0.01263684 0 -1 0 0.9999202 0 -0.01263642 -0.7070503 -0.7071068 0.008935391 -0.9658739 0.2587249 0.01220619 -4.99924e-6 1 0 0.7070525 -0.7071046 -0.008935034 -0.2724428 0.9621658 0.003443002 -0.9620894 -0.2724635 0.01215845 0.7070503 0.7071069 -0.008935511 -0.70705 0.7071071 0.008935511 -0.9999202 0 0.01263654 0.8659083 -0.5000831 -0.01094275 -0.7070521 -0.707105 0.008935451 0.2587047 0.965951 -0.003269433 0.9620893 0.2724637 -0.01215857 0.7070505 -0.7071067 -0.008935332 -0.4876528 -0.873016 0.006162703 0 -1 0 -0.8659079 -0.5000839 0.01094311 0.7070503 0.7071068 -0.00893563 0.9620789 -0.2725003 -0.01215815 0.4876528 0.873016 -0.006162703 -0.7070516 0.7071056 0.008935391 0 1 0 -0.9999202 0 0.01263654 -0.7070502 -0.707107 0.00893557 0.4876192 -0.8730347 -0.006162285 0 -1 0 -0.5000444 0.8659767 0.006319284 0.7070502 -0.707107 -0.008935213 0.9999202 0 -0.01263654 -0.872945 0.4876939 0.0110318 -0.8818595 0.4713806 0.01114428 0.4713777 -0.8819115 -0.005956709 -0.7729659 -0.6343725 0.009768068 -0.09801232 -0.9951844 0.001239061 -0.471376 0.8819123 0.005956768 -0.9568685 0.2902697 0.01209276 0.09801244 0.9951845 -0.001238286 0.9568691 -0.2902682 -0.01209282 -0.6343588 0.7729973 0.008016586 0.9951058 -0.0980122 -0.0125783 -0.6343639 -0.772993 0.008016526 -0.290277 -0.9569357 0.003668129 0.2902733 0.9569368 -0.00366801 -0.4713832 -0.8819084 0.00595659 -0.9951058 0.09801203 0.01257604 -0.8818576 -0.4713843 0.01114225 0.0980131 0.9951844 -0.001239776 0.9568687 0.2902691 -0.01209503 -0.09801226 0.9951844 0.001238524 0.8818607 -0.4713783 -0.01114648 0.7729651 -0.6343735 -0.009768128 0.9568682 -0.2902709 -0.01209223 -0.290275 -0.9569362 0.003667593 -0.09801119 -0.9951846 0.001237452 0.6343641 -0.7729929 -0.008016526 0.7729653 0.6343733 -0.009768366 -0.63436 -0.7729964 0.008015513 0.9951059 -0.09801179 -0.01257544 -0.7729636 -0.6343752 0.009768724 0.9951061 0.09800964 -0.01257604 -0.2902733 0.9569368 0.003668367 -0.9951061 0.0980097 0.0125755 -0.09801298 0.9951844 0.001240491 -0.2902756 0.9569361 0.003669977 -0.9568691 0.290268 0.01209008 0.4713836 0.8819082 -0.00595802 -0.7729647 0.634374 0.009768366 0.2902753 -0.9569362 -0.003669977 0.2902747 0.9569364 -0.003668606 0.09801214 -0.9951845 -0.001238524 0.6343601 -0.7729963 -0.008015334 0.6343598 0.7729964 -0.008016586 0.4713845 -0.8819077 -0.005957782 -0.995106 -0.09801054 0.01257318 -0.9568682 -0.2902706 0.01209282 -0.8818605 0.4713789 0.01114219 -0.8818629 -0.4713743 0.01114594 0.4713774 0.8819116 -0.005957067 -0.9951058 -0.09801197 0.01257717 0.9568681 0.2902712 -0.01209223 0.772967 0.6343712 -0.009767532 0.7729656 -0.6343728 -0.009768068 0.8818598 -0.4713802 -0.01114481 -0.7729662 0.6343722 0.009768068 -0.4713855 0.8819071 0.005956888 0.8818633 0.4713734 -0.01114445 0.8818578 0.4713839 -0.01114368 0.1011545 0.01119917 -0.9948078 0.08821266 0.05386322 -0.9946444 0.2902776 -0.9569355 -0.003668725 0.096785 0.03316819 -0.9947526 0.08821284 -0.05386263 -0.9946444 -0.02375173 -0.1137109 -0.9932299 -0.9568691 -0.2902678 0.01209282 -0.001355648 0.1137113 -0.9935129 -0.001354873 -0.113711 -0.9935129 0.07576978 0.07248634 -0.9944872 -0.1008767 0.07248657 -0.9922548 0.096785 -0.03316801 -0.9947525 0.05993086 -0.08832544 -0.9942872 -0.04571974 -0.1093413 -0.9929524 -0.1008766 -0.07248622 -0.9922549 -0.121892 -0.03316855 -0.9919891 0.04130852 -0.1007691 -0.9940519 0.04130679 0.1007695 -0.9940519 -0.08503806 -0.08832544 -0.9924551 -0.1262615 0.01119959 -0.9919338 -0.06641423 0.1007698 -0.9926907 -0.1262618 -0.01119929 -0.9919338 0.1011545 -0.01119947 -0.9948077 -0.06641507 -0.1007691 -0.9926907 -0.1133204 -0.05386179 -0.9920976 0.02061432 -0.1093412 -0.9937905 -0.08503806 0.0883249 -0.9924553 0.05993086 0.08832508 -0.9942873 -0.02375298 0.1137112 -0.9932299 -0.04572153 0.1093413 -0.9929522 0.02061384 0.1093412 -0.9937905 -0.1218919 0.03316819 -0.991989 0.04572063 -0.1093413 0.9929522 -0.07576942 0.07248628 0.9944872 0.1133202 -0.05386286 0.9920974 0.02375137 -0.1137112 0.9932299 0.07576912 -0.07248663 -0.9944872 0.08503943 -0.08832502 0.9924551 0.1218918 -0.03316855 0.991989 -0.05993199 -0.08832508 0.9942871 -0.02061331 0.1093412 0.9937905 -0.02061402 -0.1093411 0.9937906 0.1133208 0.05386215 0.9920975 0.1262618 0.01119953 0.9919338 0.06641364 -0.1007695 0.9926908 0.06641501 0.1007691 0.9926907 0.1262616 -0.01119965 0.9919338 -0.04130679 -0.1007695 0.9940519 0.1218922 0.03316831 0.9919891 -0.0413075 0.1007691 0.9940519 0.04572021 0.1093414 0.9929522 -0.1011545 0.01119953 0.9948077 0.08503878 0.08832556 0.9924551 -0.09678459 0.03316789 0.9947525 -0.05993032 0.0883255 0.9942871 -0.07576978 -0.07248628 0.9944872 0.001355171 0.113711 0.993513 0.02375179 0.1137111 0.9932299 0.1008762 0.07248628 0.992255 0.1008766 -0.07248628 0.9922549 -0.08821284 0.05386263 0.9946444 0.00135523 -0.1137114 0.9935129 -0.09678483 -0.03316795 0.9947526 -0.1011543 -0.01119947 0.9948077 -0.4713783 -0.8819111 0.005957186 0.9951059 0.09801208 -0.01257544 -0.0882126 -0.05386352 0.9946443 -0.6343654 0.7729918 0.008017361 -0.1133202 0.05386281 -0.9920974 0.6343644 0.7729926 -0.008016169 0.09801119 -0.9951846 -0.001239657</float_array>
          <technique_common>
            <accessor source="#Circle_009-mesh-normals-array" count="1264" stride="3">
              <param name="X" type="float"/>
              <param name="Y" type="float"/>
              <param name="Z" type="float"/>
            </accessor>
          </technique_common>
        </source>
        <source id="Circle_009-mesh-map-0">
          <float_array id="Circle_009-mesh-map-0-array" count="8232">0 0 0 0 0 0 0 0 0 0 0 0 0 0 0 0 0 0 0 0 0 0 0 0 0 0 0 0 0 0 0 0 0 0 0 0 0 0 0 0 0 0 0 0 0 0 0 0 0 0 0 0 0 0 0 0 0 0 0 0 0 0 0 0 0 0 0 0 0 0 0 0 0 0 0 0 0 0 0 0 0 0 0 0 0 0 0 0 0 0 0 0 0 0 0 0 0 0 0 0 0 0 0 0 0 0 0 0 0 0 0 0 0 0 0 0 0 0 0 0 0 0 0 0 0 0 0 0 0 0 0 0 0 0 0 0 0 0 0 0 0 0 0 0 0 0 0 0 0 0 0 0 0 0 0 0 0 0 0 0 0 0 0 0 0 0 0 0 0 0 0 0 0 0 0 0 0 0 0 0 0 0 0 0 0 0 0 0 0 0 0 0 0 0 0 0 0 0 0 0 0 0 0 0 0 0 0 0 0 0 0 0 0 0 0 0 0 0 0 0 0 0 0 0 0 0 0 0 0 0 0 0 0 0 0 0 0 0 0 0 0 0 0 0 0 0 0 0 0 0 0 0 0 0 0 0 0 0 0 0 0 0 0 0 0 0 0 0 0 0 0 0 0 0 0 0 0 0 0 0 0 0 0 0 0 0 0 0 0 0 0 0 0 0 0 0 0 0 0 0 0 0 0 0 0 0 0 0 0 0 0 0 0 0 0 0 0 0 0 0 0 0 0 0 0 0 0 0 0 0 0 0 0 0 0 0 0 0 0 0 0 0 0 0 0 0 0 0 0 0 0 0 0 0 0 0 0 0 0 0 0 0 0 0 0 0 0 0 0 0 0 0 0 0 0 0 0 0 0 0 0 0 0 0 0 0 0 0 0 0 0 0 0 0 0 0 0 0 0 0 0 0 0 0 0 0 0 0 0 0 0 0 0 0 0 0 0 0 0 0 0 0 0 0 0 0 0 0 0 0 0 0 0 0 0 0 0 0 0 0 0 0 0 0 0 0 0 0 0 0 0 0 0 0 0 0 0 0 0 0 0 0 0 0 0 0 0 0 0 0 0 0 0 0 0 0 0 0 0 0 0 0 0 0 0 0 0 0 0 0 0 0 0 0 0 0 0 0 0 0 0 0 0 0 0 0 0 0 0 0 0 0 0 0 0 0 0 0 0 0 0 0 0 0 0 0 0 0 0 0 0 0 0 0 0 0 0 0 0 0 0 0 0 0 0 0 0 0 0 0 0 0 0 0 0 0 0 0 0 0 0 0 0 0 0 0 0 0 0 0 0 0 0 0 0 0 0 0 0 0 0 0 0 0 0 0 0 0 0 0 0 0 0 0 0 0 0 0 0 0 0 0 0 0 0 0 0 0 0 0 0 0 0 0 0 0 0 0 0 0 0 0 0 0 0 0 0 0 0 0 0 0 0 0 0 0 0 0 0 0 0 0 0 0 0 0 0 0 0 0 0 0 0 0 0 0 0 0 0 0 0 0 0 0 0 0 0 0 0 0 0 0 0 0 0 0 0 0 0 0 0 0 0 0 0 0 0 0 0 0 0 0 0 0 0 0 0 0 0 0 0 0 0 0 0 0 0 0 0 0 0 0 0 0 0 0 0 0 0 0 0 0 0 0 0 0 0 0 0 0 0 0 0 0 0 0 0 0 0 0 0 0 0 0 0 0 0 0 0 0 0 0 0 0 0 0 0 0 0 0 0 0 0 0 0 0 0 0 0 0 0 0 0 0 0 0 0 0 0 0 0 0 0 0 0 0 0 0 0 0 0 0 0 0 0 0 0 0 0 0 0 0 0 0 0 0 0 0 0 0 0 0 0 0 0 0 0 0 0 0 0 0 0 0 0 0 0 0 0 0 0 0 0 0 0 0 0 0 0 0 0 0 0 0 0 0 0 0 0 0 0 0 0 0 0 0 0 0 0 0 0 0 0 0 0 0 0 0 0 0 0 0 0 0 0 0 0 0 0 0 0 0 0 0 0 0 0 0 0 0 0 0 0 0 0 0 0 0 0 0 0 0 0 0 0 0 0 0 0 0 0 0 0 0 0 0 0 0 0 0 0 0 0 0 0 0 0 0 0 0 0 0 0 0 0 0 0 0 0 0 0 0 0 0 0 0 0 0 0 0 0 0 0 0 0 0 0 0 0 0 0 0 0 0 0 0 0 0 0 0 0 0 0 0 0 0 0 0 0 0 0 0 0 0 0 0 0 0 0 0 0 0 0 0 0 0 0 0 0 0 0 0 0 0 0 0 0 0 0 0 0 0 0 0 0 0 0 0 0 0 0 0 0 0 0 0 0 0 0 0 0 0 0 0 0 0 0 0 0 0 0 0 0 0 0 0 0 0 0 0 0 0 0 0 0 0 0 0 0 0 0 0 0 0 0 0 0 0 0 0 0 0 0 0 0 0 0 0 0 0 0 0 0 0 0 0 0 0 0 0 0 0 0 0 0 0 0 0 0 0 0 0 0 0 0 0 0 0 0 0 0 0 0 0 0 0 0 0 0 0 0 0 0 0 0 0 0 0 0 0 0 0 0 0 0 0 0 0 0 0 0 0 0 0 0 0 0 0 0 0 0 0 0 0 0 0 0 0 0 0 0 0 0 0 0 0 0 0 0 0 0 0 0 0 0 0 0 0 0 0 0 0 0 0 0 0 0 0 0 0 0 0 0 0 0 0 0 0 0 0 0 0 0 0 0 0 0 0 0 0 0 0 0 0 0 0 0 0 0 0 0 0 0 0 0 0 0 0 0 0 0 0 0 0 0 0 0 0 0 0 0 0 0 0 0 0 0 0 0 0 0 0 0 0 0 0 0 0 0 0 0 0 0 0 0 0 0 0 0 0 0 0 0 0 0 0 0 0 0 0 0 0 0 0 0 0 0 0 0 0 0 0 0 0 0 0 0 0 0 0 0 0 0 0 0 0 0 0 0 0 0 0 0 0 0 0 0 0 0 0 0 0 0 0 0 0 0 0 0 0 0 0 0 0 0 0 0 0 0 0 0 0 0 0 0 0 0 0 0 0 0 0 0 0 0 0 0 0 0 0 0 0 0 0 0 0 0 0 0 0 0 0 0 0 0 0 0 0 0 0 0 0 0 0 0 0 0 0 0 0 0 0 0 0 0 0 0 0 0 0 0 0 0 0 0 0 0 0 0 0 0 0 0 0 0 0 0 0 0 0 0 0 0 0 0 0 0 0 0 0 0 0 0 0 0 0 0 0 0 0 0 0 0 0 0 0 0 0 0 0 0 0 0 0 0 0 0 0 0 0 0 0 0 0 0 0 0 0 0 0 0 0 0 0 0 0 0 0 0 0 0 0 0 0 0 0 0 0 0 0 0 0 0 0 0 0 0 0 0 0 0 0 0 0 0 0 0 0 0 0 0 0 0 0 0 0 0 0 0 0 0 0 0 0 0 0 0 0 0 0 0 0 0 0 0 0 0 0 0 0 0 0 0 0 0 0 0 0 0 0 0 0 0 0 0 0 0 0 0 0 0 0 0 0 0 0 0 0 0 0 0 0 0 0 0 0 0 0 0 0 0 0 0 0 0 0 0 0 0 0 0 0 0 0 0 0 0 0 0 0 0 0 0 0 0 0 0 0 0 0 0 0 0 0 0 0 0 0 0 0 0 0 0 0 0 0 0 0 0 0 0 0 0 0 0 0 0 0 0 0 0 0 0 0 0 0 0 0 0 0 0 0 0 0 0 0 0 0 0 0 0 0 0 0 0 0 0 0 0 0 0 0 0 0 0 0 0 0 0 0 0 0 0 0 0 0 0 0 0 0 0 0 0 0 0 0 0 0 0 0 0 0 0 0 0 0 0 0 0 0 0 0 0 0 0 0 0 0 0 0 0 0 0 0 0 0 0 0 0 0 0 0 0 0 0 0 0 0 0 0 0 0 0 0 0 0 0 0 0 0 0 0 0 0 0 0 0 0 0 0 0 0 0 0 0 0 0 0 0 0 0 0 0 0 0 0 0 0 0 0 0 0 0 0 0 0 0 0 0 0 0 0 0 0 0 0 0 0 0 0 0 0 0 0 0 0 0 0 0 0 0 0 0 0 0 0 0 0 0 0 0 0 0 0 0 0 0 0 0 0 0 0 0 0 0 0 0 0 0 0 0 0 0 0 0 0 0 0 0 0 0 0 0 0 0 0 0 0 0 0 0 0 0 0 0 0 0 0 0 0 0 0 0 0 0 0 0 0 0 0 0 0 0 0 0 0 0 0 0 0 0 0 0 0 0 0 0 0 0 0 0 0 0 0 0 0 0 0 0 0 0 0 0 0 0 0 0 0 0 0 0 0 0 0 0 0 0 0 0 0 0 0 0 0 0 0 0 0 0 0 0 0 0 0 0 0 0 0 0 0 0 0 0 0 0 0 0 0 0 0 0 0 0 0 0 0 0 0 0 0 0 0 0 0 0 0 0 0 0 0 0 0 0 0 0 0 0 0 0 0 0 0 0 0 0 0 0 0 0 0 0 0 0 0 0 0 0 0 0 0 0 0 0 0 0 0 0 0 0 0 0 0 0 0 0 0 0 0 0 0 0 0 0 0 0 0 0 0 0 0 0 0 0 0 0 0 0 0 0 0 0 0 0 0 0 0 0 0 0 0 0 0 0 0 0 0 0 0 0 0 0 0 0 0 0 0 0 0 0 0 0 0 0 0 0 0 0 0 0 0 0 0 0 0 0 0 0 0 0 0 0 0 0 0 0 0 0 0 0 0 0 0 0 0 0 0 0 0 0 0 0 0 0 0 0 0 0 0 0 0 0 0 0 0 0 0 0 0 0 0 0 0 0 0 0 0 0 0 0 0 0 0 0 0 0 0 0 0 0 0 0 0 0 0 0 0 0 0 0 0 0 0 0 0 0 0 0 0 0 0 0 0 0 0 0 0 0 0 0 0 0 0 0 0 0 0 0 0 0 0 0 0 0 0 0 0 0 0 0 0 0 0 0 0 0 0 0 0 0 0 0 0 0 0 0 0 0 0 0 0 0 0 0 0 0 0 0 0 0 0 0 0 0 0 0 0 0 0 0 0 0 0 0 0 0 0 0 0 0 0 0 0 0 0 0 0 0 0 0 0 0 0 0 0 0 0 0 0 0 0 0 0 0 0 0 0 0 0 0 0 0 0 0 0 0 0 0 0 0 0 0 0 0 0 0 0 0 0 0 0 0 0 0 0 0 0 0 0 0 0 0 0 0 0 0 0 0 0 0 0 0 0 0 0 0 0 0 0 0 0 0 0 0 0 0 0 0 0 0 0 0 0 0 0 0 0 0 0 0 0 0 0 0 0 0 0 0 0 0 0 0 0 0 0 0 0 0 0 0 0 0 0 0 0 0 0 0 0 0 0 0 0 0 0 0 0 0 0 0 0 0 0 0 0 0 0 0 0 0 0 0 0 0 0 0 0 0 0 0 0 0 0 0 0 0 0 0 0 0 0 0 0 0 0 0 0 0 0 0 0 0 0 0 0 0 0 0 0 0 0 0 0 0 0 0 0 0 0 0 0 0 0 0 0 0 0 0 0 0 0 0 0 0 0 0 0 0 0 0 0 0 0 0 0 0 0 0 0 0 0 0 0 0 0 0 0 0 0 0 0 0 0 0 0 0 0 0 0 0 0 0 0 0 0 0 0 0 0 0 0 0 0 0 0 0 0 0 0 0 0 0 0 0 0 0 0 0 0 0 0 0 0 0 0 0 0 0 0 0 0 0 0 0 0 0 0 0 0 0 0 0 0 0 0 0 0 0 0 0 0 0 0 0 0 0 0 0 0 0 0 0 0 0 0 0 0 0 0 0 0 0 0 0 0 0 0 0 0 0 0 0 0 0 0 0 0 0 0 0 0 0 0 0 0 0 0 0 0 0 0 0 0 0 0 0 0 0 0 0 0 0 0 0 0 0 0 0 0 0 0 0 0 0 0 0 0 0 0 0 0 0 0 0 0 0 0 0 0 0 0 0 0 0 0 0 0 0 0 0 0 0 0 0 0 0 0 0 0 0 0 0 0 0 0 0 0 0 0 0 0 0 0 0 0 0 0 0 0 0 0 0 0 0 0 0 0 0 0 0 0 0 0 0 0 0 0 0 0 0 0 0 0 0 0 0 0 0 0 0 0 0 0 0 0 0 0 0 0 0 0 0 0 0 0 0 0 0 0 0 0 0 0 0 0 0 0 0 0 0 0 0 0 0 0 0 0 0 0 0 0 0 0 0 0 0 0 0 0 0 0 0 0 0 0 0 0 0 0 0 0 0 0 0 0 0 0 0 0 0 0 0 0 0 0 0 0 0 0 0 0 0 0 0 0 0 0 0 0 0 0 0 0 0 0 0 0 0 0 0 0 0 0 0 0 0 0 0 0 0 0 0 0 0 0 0 0 0 0 0 0 0 0 0 0 0 0 0 0 0 0 0 0 0 0 0 0 0 0 0 0 0 0 0 0 0 0 0 0 0 0 0 0 0 0 0 0 0 0 0 0 0 0 0 0 0 0 0 0 0 0 0 0 0 0 0 0 0 0 0 0 0 0 0 0 0 0 0 0 0 0 0 0 0 0 0 0 0 0 0 0 0 0 0 0 0 0 0 0 0 0 0 0 0 0 0 0 0 0 0 0 0 0 0 0 0 0 0 0 0 0 0 0 0 0 0 0 0 0 0 0 0 0 0 0 0 0 0 0 0 0 0 0 0 0 0 0 0 0 0 0 0 0 0 0 0 0 0 0 0 0 0 0 0 0 0 0 0 0 0 0 0 0 0 0 0 0 0 0 0 0 0 0 0 0 0 0 0 0 0 0 0 0 0 0 0 0 0 0 0 0 0 0 0 0 0 0 0 0 0 0 0 0 0 0 0 0 0 0 0 0 0 0 0 0 0 0 0 0 0 0 0 0 0 0 0 0 0 0 0 0 0 0 0 0 0 0 0 0 0 0 0 0 0 0 0 0 0 0 0 0 0 0 0 0 0 0 0 0 0 0 0 0 0 0 0 0 0 0 0 0 0 0 0 0 0 0 0 0 0 0 0 0 0 0 0 0 0 0 0 0 0 0 0 0 0 0 0 0 0 0 0 0 0 0 0 0 0 0 0 0 0 0 0 0 0 0 0 0 0 0 0 0 0 0 0 0 0 0 0 0 0 0 0 0 0 0 0 0 0 0 0 0 0 0 0 0 0 0 0 0 0 0 0 0 0 0 0 0 0 0 0 0 0 0 0 0 0 0 0 0 0 0 0 0 0 0 0 0 0 0 0 0 0 0 0 0 0 0 0 0 0 0 0 0 0 0 0 0 0 0 0 0 0 0 0 0 0 0 0 0 0 0 0 0 0 0 0 0 0 0 0 0 0 0 0 0 0 0 0 0 0 0 0 0 0 0 0 0 0 0 0 0 0 0 0 0 0 0 0 0 0 0 0 0 0 0 0 0 0 0 0 0 0 0 0 0 0 0 0 0 0 0 0 0 0 0 0 0 0 0 0 0 0 0 0 0 0 0 0 0 0 0 0 0 0 0 0 0 0 0 0 0 0 0 0 0 0 0 0 0 0 0 0 0 0 0 0 0 0 0 0 0 0 0 0 0 0 0 0 0 0 0 0 0 0 0 0 0 0 0 0 0 0 0 0 0 0 0 0 0 0 0 0 0 0 0 0 0 0 0 0 0 0 0 0 0 0 0 0 0 0 0 0 0 0 0 0 0 0 0 0 0 0 0 0 0 0 0 0 0 0 0 0 0 0 0 0 0 0 0 0 0 0 0 0 0 0 0 0 0 0 0 0 0 0 0 0 0 0 0 0 0 0 0 0 0 0 0 0 0 0 0 0 0 0 0 0 0 0 0 0 0 0 0 0 0 0 0 0 0 0 0 0 0 0 0 0 0 0 0 0 0 0 0 0 0 0 0 0 0 0 0 0 0 0 0 0 0 0 0 0 0 0 0 0 0 0 0 0 0 0 0 0 0 0 0 0 0 0 0 0 0 0 0 0 0 0 0 0 0 0 0 0 0 0 0 0 0 0 0 0 0 0 0 0 0 0 0 0 0 0 0 0 0 0 0 0 0 0 0 0 0 0 0 0 0 0 0 0 0 0 0 0 0 0 0 0 0 0 0 0 0 0 0 0 0 0 0 0 0 0 0 0 0 0 0 0 0 0 0 0 0 0 0 0 0 0 0 0 0 0 0 0 0 0 0 0 0 0 0 0 0 0 0 0 0 0 0 0 0 0 0 0 0 0 0 0 0 0 0 0 0 0 0 0 0 0 0 0 0 0 0 0 0 0 0 0 0 0 0 0 0 0 0 0 0 0 0 0 0 0 0 0 0 0 0 0 0 0 0 0 0 0 0 0 0 0 0 0 0 0 0 0 0 0 0 0 0 0 0 0 0 0 0 0 0 0 0 0 0 0 0 0 0 0 0 0 0 0 0 0 0 0 0 0 0 0 0 0 0 0 0 0 0 0 0 0 0 0 0 0 0 0 0 0 0 0 0 0 0 0 0 0 0 0 0 0 0 0 0 0 0 0 0 0 0 0 0 0 0 0 0 0 0 0 0 0 0 0 0 0 0 0 0 0 0 0 0 0 0 0 0 0 0 0 0 0 0 0 0 0 0 0 0 0 0 0 0 0 0 0 0 0 0 0 0 0 0 0 0 0 0 0 0 0 0 0 0 0 0 0 0 0 0 0 0 0 0 0 0 0 0 0 0 0 0 0 0 0 0 0 0 0 0 0 0 0 0 0 0 0 0 0 0 0 0 0 0 0 0 0 0 0 0 0 0 0 0 0 0 0 0 0 0 0 0 0 0 0 0 0 0 0 0 0 0 0 0 0 0 0 0 0 0 0 0 0 0 0 0 0 0 0 0 0 0 0 0 0 0 0 0 0 0 0 0 0 0 0 0 0 0 0 0 0 0 0 0 0 0 0 0 0 0 0 0 0 0 0 0 0 0 0 0 0 0 0 0 0 0 0 0 0 0 0 0 0 0 0 0 0 0 0 0 0 0 0 0 0 0 0 0 0 0 0 0 0 0 0 0 0 0 0 0 0 0 0 0 0 0 0 0 0 0 0 0 0 0 0 0 0 0 0 0 0 0 0 0 0 0 0 0 0 0 0 0 0 0 0 0 0 0 0 0 0 0 0 0 0 0 0 0 0 0 0 0 0 0 0 0 0 0 0 0 0 0 0 0 0 0 0 0 0 0 0 0 0 0 0 0 0 0 0 0 0 0 0 0 0 0 0 0 0 0 0 0 0 0 0 0 0 0 0 0 0 0 0 0 0 0 0 0 0 0 0 0 0 0 0 0 0 0 0 0 0 0 0 0 0 0 0 0 0 0 0 0 0 0 0 0 0 0 0 0 0 0 0 0 0 0 0 0 0 0 0 0 0 0 0 0 0 0 0 0 0 0 0 0 0 0 0 0 0 0 0 0 0 0 0 0 0 0 0 0 0 0 0 0 0 0 0 0 0 0 0 0 0 0 0 0 0 0 0 0 0 0 0 0 0 0 0 0 0 0 0 0 0 0 0 0 0 0 0 0 0 0 0 0 0 0 0 0 0 0 0 0 0 0 0 0 0 0 0 0 0 0 0 0 0 0 0 0 0 0 0 0 0 0 0 0 0 0 0 0 0 0 0 0 0 0 0 0 0 0 0 0 0 0 0 0 0 0 0 0 0 0 0 0 0 0 0 0 0 0 0 0 0 0 0 0 0 0 0 0 0 0 0 0 0 0 0 0 0 0 0 0 0 0 0 0 0 0 0 0 0 0 0 0 0 0 0 0 0 0 0 0 0 0 0 0 0 0 0 0 0 0 0 0 0 0 0 0 0 0 0 0 0 0 0 0 0 0 0 0 0 0 0 0 0 0 0 0 0 0 0 0 0 0 0 0 0 0 0 0 0 0 0 0 0 0 0 0 0 0 0 0 0 0 0 0 0 0 0 0 0 0 0 0 0 0 0 0 0 0 0 0 0 0 0 0 0 0 0 0 0 0 0 0 0 0 0 0 0 0 0 0 0 0 0 0 0 0 0 0 0 0 0 0 0 0 0 0 0 0 0 0 0 0 0 0 0 0 0 0 0 0 0 0 0 0 0 0 0 0 0 0 0 0 0 0 0 0 0 0 0 0 0 0 0 0 0 0 0 0 0 0 0 0 0 0 0 0 0 0 0 0 0 0 0 0 0 0 0 0 0 0 0 0 0 0 0 0 0 0 0 0 0 0 0 0 0 0 0 0 0 0 0 0 0 0 0 0 0 0 0 0 0 0 0 0 0 0 0 0 0 0 0 0 0 0 0 0 0 0 0 0 0 0 0 0 0 0 0 0 0 0 0 0 0 0 0 0 0 0 0 0 0 0 0 0 0 0 0 0 0 0 0 0 0 0 0 0 0 0 0 0 0 0 0 0 0 0 0 0 0 0 0 0 0 0 0 0 0 0 0 0 0 0 0 0 0 0 0 0 0 0 0 0 0 0 0 0 0 0 0 0 0 0 0 0 0 0 0 0 0 0 0 0 0 0 0 0 0 0 0 0 0 0 0 0 0 0 0 0 0 0 0 0 0 0 0 0 0 0 0 0 0 0 0 0 0 0 0 0 0 0 0 0 0 0 0 0 0 0 0 0 0 0 0 0 0 0 0 0 0 0 0 0 0 0 0 0 0 0 0 0 0 0 0 0 0 0 0 0 0 0 0 0 0 0 0 0 0 0 0 0 0 0 0 0 0 0 0 0 0 0 0 0 0 0 0 0 0 0 0 0 0 0 0 0 0 0 0 0 0 0 0 0 0 0 0 0 0 0 0 0 0 0 0 0 0 0 0 0 0 0 0 0 0 0 0 0 0 0 0 0 0 0 0 0 0 0 0 0 0 0 0 0 0 0 0 0 0 0 0 0 0 0 0 0 0 0 0 0 0 0 0 0 0 0 0 0 0 0 0 0 0 0 0 0 0 0 0 0 0 0 0 0 0 0 0 0 0 0 0 0 0 0 0 0 0 0 0 0 0 0 0 0 0 0 0 0 0 0 0 0 0 0 0 0 0 0 0 0 0 0 0 0 0 0 0 0 0 0 0 0 0 0 0 0 0 0 0 0 0 0 0 0 0 0 0 0 0 0 0 0 0 0 0 0 0 0 0 0 0 0 0 0 0 0 0 0 0 0 0 0 0 0 0 0 0 0 0 0 0 0 0 0 0 0 0 0 0 0 0 0 0 0 0 0 0 0 0 0 0 0 0 0 0 0 0 0 0 0 0 0 0 0 0 0 0 0 0 0 0 0 0 0 0 0 0 0 0 0 0 0 0 0 0 0 0 0 0 0 0 0 0 0 0 0 0 0 0 0 0 0 0 0 0 0 0 0 0 0 0 0 0 0 0 0 0 0 0 0 0 0 0 0 0 0 0 0 0 0 0 0 0 0 0 0 0 0 0 0 0 0 0 0 0 0 0 0 0 0 0 0 0 0 0 0 0 0 0 0 0 0 0 0 0 0 0 0 0 0 0 0 0 0 0 0 0 0 0 0 0 0 0 0 0 0 0 0 0 0 0 0 0 0 0 0 0 0 0 0 0 0 0 0 0 0 0 0 0 0 0 0 0 0 0 0 0 0 0 0 0 0 0 0 0 0 0 0 0 0 0 0 0 0 0 0 0 0 0 0 0 0 0 0 0 0 0 0 0 0 0 0 0 0 0 0 0 0 0 0 0 0 0 0 0 0 0 0 0 0 0 0 0 0 0 0 0 0 0 0 0 0 0 0 0 0 0 0 0 0 0 0 0 0 0 0 0 0 0 0 0 0 0 0 0 0 0 0 0 0 0 0 0 0 0 0 0 0 0 0 0 0 0 0 0 0 0 0 0 0 0 0 0 0 0 0 0 0 0 0 0 0 0 0 0 0 0 0 0 0 0 0 0 0 0 0 0 0 0 0 0 0 0 0 0 0 0 0 0 0 0 0 0 0 0 0 0 0 0 0 0 0 0 0 0 0 0 0 0 0 0 0 0 0 0 0 0 0 0 0 0 0 0 0 0 0 0 0 0 0 0 0 0 0 0 0 0 0 0 0 0 0 0 0 0 0 0 0 0 0 0 0 0 0 0 0 0 0 0 0 0 0 0 0 0 0 0 0 0 0 0 0 0 0 0 0 0 0 0 0 0 0 0 0 0 0 0 0 0 0 0 0 0 0 0 0 0 0 0 0 0 0 0 0 0 0 0 0 0 0 0 0 0 0 0 0 0 0 0 0 0 0 0 0 0 0 0 0 0 0 0 0 0 0 0 0 0 0 0 0 0 0 0 0 0 0 0 0 0 0 0 0 0 0 0 0 0 0 0 0 0 0 0 0 0 0 0 0 0 0 0 0 0 0 0 0 0 0 0 0 0 0 0 0 0 0 0 0 0 0 0 0 0 0 0 0 0 0 0 0 0 0 0 0 0 0 0 0 0 0 0 0 0 0 0 0 0 0 0 0 0 0 0 0 0 0 0 0 0 0 0 0 0 0 0 0 0 0 0 0 0 0 0 0 0 0 0 0 0 0 0 0 0 0 0 0 0 0 0 0 0 0 0 0 0 0 0 0 0 0 0 0 0 0 0 0 0 0 0 0 0 0 0 0 0 0 0 0 0 0 0 0 0 0 0 0 0 0 0 0 0 0 0 0 0 0 0 0 0 0 0 0 0 0 0 0 0 0 0 0 0 0 0 0 0 0 0 0 0 0 0 0 0 0 0 0 0 0 0 0 0 0 0 0 0 0 0 0 0 0 0 0 0 0 0 0 0 0 0 0 0 0 0 0 0 0 0 0 0 0 0 0 0 0 0 0 0 0 0 0 0 0 0 0 0 0 0 0 0 0 0 0 0 0 0 0 0 0 0 0 0 0 0 0 0 0 0 0 0 0 0 0 0 0 0 0 0 0 0 0 0 0 0 0 0 0 0 0 0 0 0 0 0 0 0 0 0 0 0 0 0 0 0 0 0 0 0 0 0 0 0 0 0 0 0 0 0 0 0 0 0 0 0 0 0 0 0 0 0 0 0 0 0 0 0 0 0 0 0 0 0 0 0 0 0 0 0 0 0 0 0 0 0 0 0 0 0 0 0 0 0 0 0 0 0 0 0 0 0 0 0 0 0 0 0 0 0 0 0 0 0 0 0 0 0 0 0 0 0 0 0 0 0 0 0 0 0 0 0 0 0 0 0 0 0 0 0 0 0 0 0 0 0 0 0 0 0 0 0 0 0 0 0 0 0 0 0 0 0 0 0 0 0 0 0 0 0 0 0 0 0 0 0 0 0 0 0 0 0 0 0 0 0 0 0 0 0 0 0 0 0 0 0 0 0 0 0 0 0 0 0 0 0 0 0 0 0 0 0 0 0 0 0 0 0 0 0 0 0 0 0 0 0 0 0 0 0 0 0 0 0 0 0 0 0 0 0 0 0 0 0 0 0 0 0 0 0 0 0 0 0 0 0 0 0 0 0 0 0 0 0 0 0 0 0 0 0 0 0 0 0 0 0 0 0 0 0 0 0 0 0 0 0 0 0 0 0 0 0 0 0 0 0 0 0 0 0 0 0 0 0 0 0 0 0 0 0 0 0 0 0 0 0 0 0 0 0 0 0 0 0 0 0 0 0 0 0 0 0 0 0 0 0 0 0 0 0 0 0 0 0 0 0 0 0 0 0 0 0 0 0 0 0 0 0 0 0 0 0 0 0 0 0 0 0 0 0 0 0 0 0 0 0 0 0 0 0 0 0 0 0 0 0 0 0 0 0 0 0 0 0 0 0 0 0 0 0 0 0 0 0 0 0 0 0 0 0 0 0 0 0 0 0 0 0 0 0 0 0 0 0 0 0 0 0 0 0 0 0 0 0 0 0 0 0 0 0 0 0 0 0 0 0 0 0 0 0 0 0 0 0 0 0 0 0 0 0 0 0 0 0 0 0 0 0 0 0 0 0 0 0 0 0 0 0 0 0 0 0 0 0 0 0 0 0 0 0 0 0 0 0 0 0 0 0 0 0 0 0 0 0 0 0 0 0 0 0 0 0 0 0 0 0 0 0 0 0 0 0 0 0 0 0 0 0 0 0 0 0 0 0 0 0 0 0 0 0 0 0 0 0 0 0 0 0 0 0 0 0 0 0 0 0 0 0 0 0 0 0 0 0 0 0 0 0 0 0 0 0 0 0 0 0 0 0 0 0 0 0 0 0 0 0 0 0 0 0 0 0 0 0 0 0 0 0 0 0 0 0 0 0 0 0 0 0 0 0 0 0 0 0 0 0 0 0 0 0 0 0 0 0 0 0 0 0 0 0 0 0 0 0 0 0 0 0 0 0 0 0 0 0 0 0 0 0 0 0 0 0 0 0 0 0 0 0 0 0 0 0 0 0 0 0 0 0 0 0 0 0 0 0 0 0 0 0 0 0 0 0 0 0 0 0 0 0 0 0 0 0 0 0 0 0 0 0 0 0 0 0 0 0 0 0 0 0 0 0 0 0 0 0 0 0 0 0 0 0 0 0 0 0 0 0 0 0 0 0 0 0 0 0 0 0 0 0 0 0 0 0 0 0 0 0 0 0 0 0 0 0 0 0 0 0 0 0 0 0 0 0 0 0 0 0 0 0 0 0 0 0 0 0 0 0 0 0 0 0 0 0 0 0 0 0 0 0 0 0 0 0 0 0 0 0 0 0 0 0 0 0 0 0 0 0 0 0 0 0 0 0 0 0 0 0 0 0 0 0 0 0 0 0 0 0 0 0 0 0 0 0 0 0 0 0 0 0 0 0 0 0 0 0 0 0 0 0 0 0 0 0 0 0 0 0 0 0 0 0 0 0 0 0 0 0 0 0 0 0 0 0 0 0 0 0 0 0 0 0 0 0 0 0 0 0 0 0 0 0 0 0 0 0 0 0 0 0 0 0 0 0 0 0 0 0 0 0 0 0 0 0 0 0 0 0 0 0 0 0 0 0 0 0 0 0 0 0 0 0 0 0 0 0 0 0 0 0 0 0 0 0 0 0 0 0 0 0 0 0 0 0 0 0 0 0 0 0 0 0 0 0 0 0 0 0 0 0 0 0 0 0 0 0 0 0 0 0 0 0 0 0 0 0 0 0 0 0 0 0 0 0 0 0 0 0 0 0 0 0 0 0 0 0 0 0 0 0 0 0 0 0 0 0 0 0 0 0 0 0 0 0 0 0 0 0 0 0 0 0 0 0 0 0 0 0 0 0 0 0 0 0 0 0 0 0 0 0 0 0 0 0 0 0 0 0 0 0 0 0 0 0 0 0 0 0 0 0 0 0 0 0 0 0 0 0 0 0 0 0 0 0 0 0 0 0 0 0 0 0 0 0 0 0 0 0 0 0 0 0 0 0 0 0 0 0 0 0 0 0 0 0 0 0 0 0 0 0 0 0 0 0 0 0 0 0 0 0 0 0 0 0 0 0 0 0 0 0 0 0 0 0 0 0 0 0 0 0 0 0 0 0 0 0 0 0 0 0 0 0 0 0 0 0 0 0 0 0 0 0 0 0 0 0 0 0 0 0 0 0 0 0 0 0 0 0 0 0 0 0 0 0 0 0 0 0 0 0 0 0 0 0 0 0 0 0 0 0 0 0 0 0 0 0 0 0 0 0 0 0 0 0 0 0 0 0 0 0 0 0 0 0 0 0 0 0 0 0 0 0 0 0 0 0 0 0 0 0 0 0 0 0 0 0 0 0 0 0 0 0 0 0 0 0 0 0 0 0 0 0 0 0 0 0 0 0 0 0 0 0 0 0 0 0 0 0 0 0 0 0 0 0 0 0 0 0 0 0 0 0 0 0 0 0 0 0 0 0 0 0 0 0 0 0 0 0 0 0 0 0 0 0 0 0 0 0 0 0 0 0 0 0 0 0 0 0 0 0 0 0 0 0 0 0 0 0 0 0 0 0 0 0 0 0 0 0 0 0 0 0 0 0 0 0 0 0 0 0 0 0 0 0 0 0 0 0 0 0 0 0 0 0 0 0 0 0 0 0 0 0 0 0 0 0 0 0 0 0 0 0 0 0 0 0 0 0 0 0 0 0 0 0 0 0 0 0 0 0 0 0 0 0 0 0 0 0 0 0 0 0 0 0 0 0 0 0 0 0 0 0 0 0 0 0 0 0 0 0 0 0 0 0 0 0 0 0 0 0 0 0 0 0 0 0 0 0 0 0 0 0 0 0 0 0 0 0 0 0 0 0 0 0 0 0 0 0 0 0 0 0 0 0 0 0 0 0 0 0 0 0 0 0 0 0 0 0 0 0 0 0 0 0 0 0 0 0 0 0 0 0 0 0 0 0 0 0 0 0 0 0 0 0 0 0 0 0 0 0 0 0 0 0 0 0 0 0 0 0 0 0 0 0 0 0 0 0 0 0 0 0 0 0 0 0 0 0 0 0 0 0 0 0 0 0 0 0 0 0 0 0 0 0 0 0 0 0 0 0 0 0 0 0 0 0 0 0 0 0 0 0 0 0 0 0 0 0 0 0 0 0 0 0 0 0 0 0 0 0 0 0 0 0 0 0 0 0 0 0 0 0 0 0 0 0 0 0 0 0 0 0 0 0 0 0 0 0 0 0 0 0 0 0 0 0 0 0 0 0 0 0 0 0 0 0 0 0 0 0 0 0 0 0 0 0 0 0 0 0 0 0 0 0 0 0 0 0 0 0 0 0 0 0 0 0 0 0 0 0 0 0 0 0 0 0 0 0 0 0 0 0 0 0 0 0 0 0 0 0 0 0 0 0 0 0 0 0 0 0 0 0 0 0 0 0 0 0 0 0 0 0 0 0 0 0 0 0 0 0 0 0 0 0 0 0 0 0 0 0 0 0 0 0 0 0 0 0 0 0 0 0 0 0 0 0 0 0 0 0 0 0 0 0 0 0 0 0 0 0 0 0 0 0 0 0 0 0 0 0 0 0 0 0 0 0 0 0 0 0 0 0 0 0 0 0 0 0 0 0 0 0 0 0 0 0 0 0 0 0 0 0 0 0 0 0 0 0 0 0 0 0 0 0 0 0 0 0 0 0 0 0 0 0 0 0 0 0 0 0 0 0 0 0 0 0 0 0 0 0 0 0 0 0 0 0 0 0 0 0 0 0 0 0 0 0 0 0 0 0 0 0 0 0 0 0 0 0 0 0 0 0 0 0 0 0 0 0 0 0 0 0 0 0 0 0 0 0 0 0 0 0 0 0 0 0 0 0 0 0 0 0 0 0 0 0 0 0 0 0 0 0 0 0 0 0 0 0 0 0 0 0 0 0 0 0 0 0 0 0 0 0 0 0 0 0 0 0 0 0 0 0 0 0 0 0 0 0 0 0 0 0 0 0 0 0 0 0 0 0 0 0 0 0 0 0 0 0 0 0 0 0 0 0 0 0 0 0 0 0 0 0 0 0 0 0 0 0 0 0 0 0 0 0 0 0 0 0 0 0 0 0 0 0 0 0 0 0 0 0 0 0 0 0 0 0 0 0 0 0 0 0 0 0 0 0 0 0 0 0 0 0 0 0 0 0 0 0 0 0 0 0 0 0 0 0 0 0 0 0 0 0 0 0 0 0 0 0 0 0 0 0 0 0 0 0 0 0 0 0 0 0 0 0 0 0 0 0 0 0 0 0 0 0 0 0 0 0 0 0 0 0 0 0 0 0 0 0 0 0 0 0 0 0 0 0 0 0 0 0 0 0 0 0 0 0 0 0 0 0 0 0 0 0 0 0 0 0 0 0 0 0 0 0 0 0 0 0 0 0 0 0 0 0 0 0 0 0 0 0 0 0 0 0 0 0 0 0 0 0 0 0 0 0 0 0 0 0 0 0 0 0 0 0 0 0 0 0 0 0 0 0 0 0 0 0 0 0 0 0 0 0 0 0 0 0 0 0 0 0 0 0 0 0 0 0 0 0 0 0 0 0 0 0 0 0 0 0 0 0 0 0 0 0 0 0 0 0 0 0 0 0 0 0 0 0 0 0 0 0 0 0 0 0 0 0 0 0 0 0 0 0 0 0 0 0 0 0 0 0 0 0 0 0 0 0 0 0 0 0 0 0 0 0 0 0 0 0 0 0 0 0 0 0 0 0 0 0 0 0 0 0 0 0 0 0 0 0 0 0 0 0 0 0 0 0 0 0 0 0 0 0 0 0 0 0 0 0 0 0 0 0 0 0 0 0 0 0 0 0 0 0 0 0 0 0 0 0 0 0 0 0 0 0 0 0 0 0 0 0 0 0 0 0 0 0 0 0 0 0 0 0 0 0 0 0 0 0 0 0 0 0 0 0 0 0 0 0 0 0 0 0 0 0 0 0 0 0 0 0 0 0 0 0 0 0 0 0 0 0 0 0 0 0 0 0 0 0 0 0 0 0 0 0 0 0 0 0 0 0 0 0 0 0 0 0 0 0 0 0 0 0 0 0 0 0 0 0 0 0 0 0 0 0 0 0 0 0 0 0 0 0 0 0 0 0 0 0 0 0 0 0 0 0 0 0 0 0 0 0 0 0 0</float_array>
          <technique_common>
            <accessor source="#Circle_009-mesh-map-0-array" count="4116" stride="2">
              <param name="S" type="float"/>
              <param name="T" type="float"/>
            </accessor>
          </technique_common>
        </source>
        <vertices id="Circle_009-mesh-vertices">
          <input semantic="POSITION" source="#Circle_009-mesh-positions"/>
        </vertices>
        <triangles material="Dark_Black-material" count="1254">
          <input semantic="VERTEX" source="#Circle_009-mesh-vertices" offset="0"/>
          <input semantic="NORMAL" source="#Circle_009-mesh-normals" offset="1"/>
          <input semantic="TEXCOORD" source="#Circle_009-mesh-map-0" offset="2" set="0"/>
          <p>397 0 0 2 1 1 360 2 2 1 3 3 388 4 4 376 5 5 0 6 6 390 7 7 379 8 8 387 9 9 392 10 10 380 11 11 378 12 12 393 13 13 382 14 14 5 15 15 376 5 16 2 1 17 360 2 18 391 16 19 397 0 20 379 8 21 7 17 22 378 12 23 377 18 24 10 19 25 381 20 26 382 14 27 9 21 28 387 9 29 377 18 30 389 22 31 0 6 32 3 23 33 392 10 34 391 16 35 397 0 36 398 24 37 5 15 38 1 3 39 6 25 40 10 19 41 408 26 42 392 10 43 9 21 44 393 13 45 401 27 46 384 28 47 7 17 51 400 30 52 401 27 53 10 19 54 11 31 55 381 20 56 9 21 57 384 28 58 408 26 59 11 31 60 389 22 61 381 20 62 391 16 63 8 32 64 383 33 65 407 34 66 14 35 67 398 24 68 385 29 69 416 36 70 6 25 71 409 37 72 400 30 73 399 38 74 396 39 75 8 32 76 408 26 77 401 27 81 15 41 82 395 42 83 6 25 84 394 43 85 11 31 86 394 43 87 399 38 88 11 31 89 410 44 90 8 32 91 411 45 92 415 46 93 12 47 94 14 35 95 13 40 96 25 48 97 416 36 98 418 49 99 15 41 100 409 37 101 421 50 102 411 45 103 396 39 104 395 42 108 20 52 109 420 53 110 416 36 111 21 54 112 394 43 113 21 54 114 409 37 115 394 43 116 410 44 117 16 55 118 404 56 119 412 57 120 12 47 121 403 58 122 413 59 123 25 48 124 417 51 125 418 49 126 27 60 127 20 52 128 421 50 129 28 61 130 16 55 131 405 62 132 17 63 133 423 64 134 20 52 138 17 63 139 420 53 140 21 54 141 34 66 142 422 67 143 21 54 144 18 68 145 418 49 146 404 56 147 28 61 148 419 69 149 412 57 150 36 70 151 26 65 152 413 59 153 23 71 154 34 66 155 428 72 156 27 60 157 18 68 158 436 73 159 28 61 160 414 74 161 423 64 162 38 75 163 29 76 164 17 63 168 37 78 169 38 75 170 34 66 171 22 79 172 422 67 173 414 74 174 29 76 175 436 73 176 22 79 177 18 68 178 422 67 179 429 80 180 28 61 181 430 81 182 435 82 183 30 83 184 36 70 185 35 77 186 44 84 187 23 71 188 31 85 189 37 78 190 428 72 191 32 86 192 430 81 193 436 73 194 29 76 195 42 87 196 439 88 197 38 75 201 426 90 202 42 87 203 23 71 204 41 91 205 22 79 206 436 73 207 439 88 208 32 86 209 41 91 210 428 72 211 22 79 212 425 92 213 430 81 214 33 93 215 424 94 216 431 95 217 30 83 218 437 89 219 433 96 220 44 84 221 442 97 222 426 90 223 31 85 224 438 98 225 33 93 226 32 86 227 30 83 228 434 99 229 437 89 230 425 92 231 59 100 232 424 94 233 42 87 234 47 101 235 440 102 236 44 84 237 39 103 238 41 91 239 32 86 240 441 104 241 438 98 242 39 103 243 31 85 244 41 91 245 432 105 246 33 93 247 443 106 248 439 88 249 440 102 250 441 104 251 73 107 252 49 108 253 59 109 254 48 110 255 433 111 256 45 112 257 442 97 258 63 113 259 47 101 260 60 114 261 65 115 262 51 116 263 440 102 264 67 117 265 53 118 266 61 119 267 45 112 268 49 108 269 59 109 270 64 120 271 73 107 272 47 101 273 68 121 274 440 102 275 46 122 276 75 123 277 52 124 278 53 118 279 74 125 280 60 114 281 46 122 282 62 126 283 442 97 284 50 127 285 65 115 286 64 120 287 73 107 288 76 128 289 61 119 290 48 110 291 66 129 292 75 123 293 77 130 294 63 113 295 62 126 296 87 131 297 65 115 298 74 125 299 67 117 300 80 132 301 55 133 302 64 120 306 86 135 307 73 107 308 68 121 309 78 136 310 80 132 311 75 123 312 79 137 313 52 124 314 74 125 315 55 133 316 87 131 317 79 137 318 62 126 319 52 124 320 64 120 321 69 138 322 54 139 323 86 135 324 90 140 325 76 128 326 56 134 327 103 141 328 66 129 329 91 142 330 78 136 331 77 130 332 72 143 333 69 138 334 87 131 335 55 133 336 71 144 337 81 145 338 54 139 342 102 147 343 86 135 344 80 132 345 92 148 346 71 144 347 66 129 348 70 149 349 79 137 350 87 131 351 81 145 352 72 143 353 70 149 354 77 130 355 79 137 356 93 150 357 69 138 358 94 151 359 102 147 360 88 152 361 90 140 362 89 146 363 114 153 364 103 141 365 105 154 366 92 148 367 91 142 368 113 155 369 94 151 370 72 143 371 81 145 372 109 156 373 84 157 374 93 150 378 82 159 379 102 147 380 71 144 381 106 160 382 109 156 383 103 141 384 108 161 385 70 149 386 72 143 387 84 157 388 113 155 389 108 161 390 91 142 391 70 149 392 93 150 393 96 162 394 83 163 395 95 164 396 88 152 397 82 159 398 98 165 399 114 153 400 104 158 401 105 154 402 116 166 403 106 160 404 113 155 405 117 167 406 96 162 407 84 157 408 97 168 409 119 169 410 82 159 414 107 171 415 95 164 416 106 160 417 97 168 418 109 156 419 108 161 420 129 172 421 118 173 422 84 157 423 100 174 424 113 155 425 108 161 426 99 175 427 105 154 428 83 163 429 117 167 430 107 171 431 95 164 432 131 176 433 115 170 434 98 165 435 111 177 436 129 172 437 132 178 438 116 166 439 99 175 440 145 179 441 117 167 442 100 174 443 119 169 444 136 180 445 120 181 446 95 164 450 134 183 451 144 184 452 97 168 453 133 185 454 136 180 455 129 172 456 110 186 457 118 173 458 100 174 459 120 181 460 145 179 461 110 186 462 99 175 463 118 173 464 134 183 465 117 167 466 135 187 467 144 184 468 121 188 469 131 176 470 130 182 471 155 189 472 111 177 473 124 190 474 133 185 475 132 178 476 126 191 477 135 187 478 145 179 479 120 181 480 150 192 481 149 193 482 134 183 486 122 195 487 144 184 488 136 180 489 125 196 490 150 192 491 111 177 492 148 197 493 110 186 494 145 179 495 149 193 496 126 191 497 148 197 498 132 178 499 110 186 500 123 198 501 135 187 502 127 199 503 122 195 504 137 200 505 121 188 506 146 194 507 141 201 508 155 189 509 159 202 510 125 196 511 124 190 512 147 203 513 127 199 514 126 191 515 121 188 516 142 204 517 146 194 518 123 198 519 138 205 520 122 195 521 150 192 522 152 206 523 158 207 524 155 189 525 140 208 526 148 197 527 126 191 528 151 209 529 147 203 530 140 208 531 124 190 532 148 197 533 139 210 534 127 199 535 153 211 536 149 193 537 158 207 538 151 209 539 184 212 540 161 213 541 138 214 542 160 215 543 141 216 544 156 217 545 159 202 546 174 218 547 152 206 548 171 219 549 176 220 550 163 221 551 158 207 552 178 222 553 165 223 554 172 224 555 156 217 556 161 213 557 138 214 558 175 225 559 184 212 560 152 206 561 179 226 562 158 207 563 157 227 564 186 228 565 164 229 566 165 223 567 185 230 568 171 219 569 157 227 570 173 231 571 159 202 572 162 232 573 176 220 574 175 225 575 184 212 576 187 233 577 172 224 578 160 215 579 177 234 580 186 228 581 188 235 582 174 218 583 173 231 584 198 236 585 176 220 586 185 230 587 178 222 588 191 237 589 167 238 590 175 225 594 197 240 595 184 212 596 179 226 597 189 241 598 191 237 599 186 228 600 190 242 601 164 229 602 185 230 603 167 238 604 198 236 605 190 242 606 173 231 607 164 229 608 175 225 609 180 243 610 166 244 611 197 240 612 201 245 613 187 233 614 168 239 615 214 246 616 177 234 617 202 247 618 189 241 619 188 235 620 183 248 621 180 243 622 198 236 623 167 238 624 182 249 625 192 250 626 166 244 630 213 252 631 197 240 632 191 237 633 203 253 634 182 249 635 177 234 636 181 254 637 190 242 638 198 236 639 192 250 640 183 248 641 181 254 642 188 235 643 190 242 644 204 255 645 180 243 646 205 256 647 213 252 648 199 257 649 201 245 650 200 251 651 225 258 652 214 246 653 216 259 654 203 253 655 202 247 656 224 260 657 205 256 658 183 248 659 192 250 660 220 261 661 195 262 662 204 255 666 193 264 667 213 252 668 182 249 669 217 265 670 220 261 671 214 246 672 219 266 673 181 254 674 183 248 675 195 262 676 224 260 677 219 266 678 202 247 679 181 254 680 204 255 681 207 267 682 194 268 683 206 269 684 199 257 685 193 264 686 209 270 687 225 258 688 215 263 689 216 259 690 227 271 691 217 265 692 224 260 693 228 272 694 207 267 695 195 262 696 208 273 697 230 274 698 193 264 702 218 276 703 206 269 704 217 265 705 208 273 706 220 261 707 219 266 708 240 277 709 229 278 710 195 262 711 211 279 712 224 260 713 219 266 714 210 280 715 216 259 716 194 268 717 228 272 718 218 276 719 206 269 720 242 281 721 226 275 722 209 270 723 222 282 724 240 277 725 243 283 726 227 271 727 210 280 728 255 284 729 228 272 730 211 279 731 230 274 732 247 285 733 231 286 734 206 269 738 245 288 739 254 289 740 208 273 741 244 290 742 247 285 743 240 277 744 221 291 745 229 278 746 211 279 747 231 286 748 255 284 749 221 291 750 210 280 751 229 278 752 245 288 753 228 272 754 246 292 755 254 289 756 232 293 757 242 281 758 241 287 759 265 294 760 222 282 761 235 295 762 244 290 763 243 283 764 237 296 765 246 292 766 255 284 767 231 286 768 260 297 769 259 298 770 245 288 774 233 300 775 254 289 776 247 285 777 236 301 778 260 297 779 222 282 780 258 302 781 221 291 782 255 284 783 259 298 784 237 296 785 258 302 786 243 283 787 221 291 788 234 303 789 246 292 790 238 304 791 233 300 792 248 305 793 232 293 794 256 299 795 251 306 796 265 294 797 269 307 798 236 301 799 235 295 800 257 308 801 238 304 802 237 296 803 232 293 804 252 309 805 256 299 806 234 303 807 281 310 808 233 300 809 260 297 810 268 311 811 261 312 812 265 294 813 250 313 814 258 302 815 237 296 816 262 314 817 257 308 818 250 313 819 235 295 820 258 302 821 249 315 822 238 304 823 263 316 824 259 298 825 261 312 826 262 314 827 295 317 828 271 318 829 281 319 830 270 320 831 251 321 832 266 322 833 269 307 834 285 323 835 268 311 836 282 324 837 287 325 838 273 326 839 261 312 840 289 327 841 275 328 842 283 329 843 266 322 844 271 318 845 281 319 846 286 330 847 295 317 848 268 311 849 290 331 850 261 312 851 267 332 852 297 333 853 274 334 854 275 328 855 296 335 856 282 324 857 267 332 858 284 336 859 269 307 860 272 337 861 287 325 862 286 330 863 295 317 864 298 338 865 283 329 866 270 320 867 288 339 868 297 333 869 299 340 870 285 323 871 284 336 872 309 341 873 287 325 874 296 335 875 289 327 876 302 342 877 277 343 878 286 330 882 308 345 883 295 317 884 290 331 885 300 346 886 302 342 887 297 333 888 301 347 889 274 334 890 296 335 891 277 343 892 309 341 893 301 347 894 284 336 895 274 334 896 286 330 897 291 348 898 276 349 899 308 345 900 312 350 901 298 338 902 278 344 903 325 351 904 288 339 905 313 352 906 300 346 907 299 340 908 294 353 909 291 348 910 309 341 911 277 343 912 293 354 913 303 355 914 276 349 918 324 357 919 308 345 920 302 342 921 314 358 922 293 354 923 288 339 924 292 359 925 301 347 926 309 341 927 303 355 928 294 353 929 292 359 930 299 340 931 301 347 932 315 360 933 291 348 934 316 361 935 324 357 936 310 362 937 312 350 938 311 356 939 336 363 940 325 351 941 327 364 942 314 358 943 313 352 944 335 365 945 316 361 946 294 353 947 303 355 948 331 366 949 306 367 950 315 360 954 304 369 955 324 357 956 293 354 957 328 370 958 331 366 959 325 351 960 330 371 961 292 359 962 294 353 963 306 367 964 335 365 965 330 371 966 313 352 967 292 359 968 315 360 969 318 372 970 305 373 971 317 374 972 310 362 973 304 369 974 320 375 975 336 363 976 326 368 977 327 364 978 338 376 979 328 370 980 335 365 981 339 377 982 318 372 983 306 367 984 319 378 985 341 379 986 304 369 990 329 381 991 317 374 992 328 370 993 319 378 994 331 366 995 330 371 996 351 382 997 340 383 998 306 367 999 322 384 1000 335 365 1001 330 371 1002 321 385 1003 327 364 1004 305 373 1005 339 377 1006 329 381 1007 317 374 1008 353 386 1009 337 380 1010 320 375 1011 333 387 1012 351 382 1013 354 388 1014 338 376 1015 321 385 1016 366 389 1017 339 377 1018 322 384 1019 341 379 1020 358 390 1021 342 391 1022 317 374 1026 356 393 1027 365 394 1028 319 378 1029 355 395 1030 358 390 1031 351 382 1032 332 396 1033 340 383 1034 322 384 1035 342 391 1036 366 389 1037 332 396 1038 321 385 1039 340 383 1040 356 393 1041 339 377 1042 357 397 1043 365 394 1044 343 398 1045 353 386 1046 352 392 1047 375 399 1048 333 387 1049 346 400 1050 355 395 1051 354 388 1052 348 401 1053 357 397 1054 366 389 1055 342 391 1056 371 402 1057 370 403 1058 356 393 1062 344 405 1063 365 394 1064 358 390 1065 347 406 1066 371 402 1067 333 387 1068 369 407 1069 332 396 1070 366 389 1071 370 403 1072 348 401 1073 369 407 1074 354 388 1075 332 396 1076 345 408 1077 357 397 1078 349 409 1079 344 405 1080 359 410 1081 343 398 1082 367 404 1083 388 411 1084 375 399 1085 0 6 1086 347 406 1087 346 400 1088 368 412 1089 349 409 1090 348 401 1091 343 398 1092 363 413 1093 367 404 1094 345 408 1095 360 414 1096 344 405 1097 371 402 1098 379 8 1099 378 12 1100 375 399 1101 362 415 1102 369 407 1103 348 401 1104 372 416 1105 368 412 1106 369 407 1107 0 6 1108 346 400 1109 361 417 1110 349 409 1111 373 418 1112 370 403 1113 378 12 1114 372 416 1115 399 38 1116 390 7 1117 389 22 1118 391 16 1119 407 34 1120 397 0 1121 384 28 1122 395 42 1123 402 419 1124 383 33 1125 415 46 1126 407 34 1127 408 26 1128 402 419 1129 396 39 1130 402 419 1131 420 53 1132 405 62 1133 410 44 1134 403 58 1135 415 46 1136 396 39 1137 405 62 1138 421 50 1139 403 58 1140 419 69 1141 412 57 1142 405 62 1143 414 74 1144 421 50 1145 412 57 1146 429 80 1147 435 82 1148 429 80 1149 424 94 1150 435 82 1151 451 420 1152 453 421 1153 452 422 1154 482 423 1155 444 424 1156 483 425 1157 470 426 1158 472 427 1159 471 428 1160 466 429 1161 468 430 1162 467 431 1163 469 432 1164 493 433 1165 498 434 1166 464 435 1167 490 436 1168 495 437 1169 475 438 1170 499 439 1171 502 440 1172 471 428 1173 499 439 1174 470 426 1175 480 441 1176 507 442 1177 482 423 1178 497 443 1179 465 444 1180 466 429 1181 454 445 1182 488 446 1183 451 420 1184 469 432 1185 497 443 1186 466 429 1187 474 447 1188 496 448 1189 501 449 1190 454 445 1191 484 450 1192 489 451 1193 475 438 1194 504 452 1195 477 453 1196 488 446 1197 450 454 1198 451 420 1199 449 455 1200 485 456 1201 446 457 1202 464 435 1203 494 458 1204 461 459 1205 459 460 1206 487 461 1207 492 462 1208 480 441 1209 503 463 1210 505 464 1211 482 423 1212 506 465 1213 481 466 1214 449 455 1215 506 465 1216 486 467 1217 459 460 1218 491 468 1219 456 469 1220 474 447 1221 500 470 1222 471 428 1223 494 458 1224 460 471 1225 461 459 1226 460 471 1227 462 472 1228 461 459 1229 491 468 1230 455 473 1231 456 469 1232 485 456 1233 445 474 1234 446 457 1235 477 453 1236 503 463 1237 476 475 1238 456 469 1239 458 476 1240 457 477 1241 445 474 1242 447 478 1243 446 457 1244 476 475 1245 478 479 1246 477 453 1247 539 504 1353 541 505 1354 538 506 1355 532 507 1356 570 508 1357 571 509 1358 560 510 1359 558 511 1360 559 512 1361 555 513 1362 553 514 1363 554 515 1364 557 516 1365 581 517 1366 548 518 1367 552 519 1368 578 520 1369 543 521 1370 563 522 1371 587 523 1372 558 511 1373 559 512 1374 587 523 1375 588 524 1376 595 525 1377 568 526 1378 570 508 1379 553 514 1380 585 527 1381 554 515 1382 576 528 1383 542 529 1384 539 504 1385 585 527 1386 557 516 1387 554 515 1388 562 530 1389 584 531 1390 553 514 1391 542 529 1392 572 532 1393 533 533 1394 592 534 1395 563 522 1396 565 535 1397 538 506 1398 576 528 1399 539 504 1400 573 536 1401 537 537 1402 534 538 1403 582 539 1404 552 519 1405 549 540 1406 547 541 1407 575 542 1408 538 506 1409 568 526 1410 591 543 1411 564 544 1412 570 508 1413 594 545 1414 595 525 1415 537 537 1416 594 545 1417 569 546 1418 579 547 1419 547 541 1420 544 548 1421 588 524 1422 562 530 1423 559 512 1424 548 518 1425 582 539 1426 549 540 1427 550 549 1428 548 518 1429 549 540 1430 543 521 1431 579 547 1432 544 548 1433 533 533 1434 573 536 1435 534 538 1436 565 535 1437 591 543 1438 592 534 1439 544 548 1440 546 550 1441 543 521 1442 534 538 1443 536 551 1444 533 533 1445 565 535 1446 567 552 1447 564 544 1448 578 520 1449 596 553 1450 579 547 1451 583 554 1452 602 555 1453 596 553 1454 582 539 1455 608 556 1456 602 555 1457 586 557 1458 608 556 1459 581 517 1460 585 527 1461 614 558 1462 586 557 1463 579 547 1464 597 559 1465 580 560 1466 596 553 1467 603 561 1468 597 559 1469 608 556 1470 603 561 1471 602 555 1472 614 558 1473 609 562 1474 608 556 1475 584 531 1476 615 563 1477 614 558 1478 580 560 1479 598 564 1480 575 542 1481 597 559 1482 604 565 1483 598 564 1484 603 561 1485 610 566 1486 604 565 1487 615 563 1488 610 566 1489 609 562 1490 589 567 1491 616 568 1492 615 563 1493 575 542 1494 599 569 1495 576 528 1496 604 565 1497 599 569 1498 598 564 1499 604 565 1500 611 570 1501 605 571 1502 610 566 1503 617 572 1504 611 570 1505 616 568 1506 587 523 1507 617 572 1508 599 569 1509 577 573 1510 576 528 1511 605 571 1512 600 574 1513 599 569 1514 605 571 1515 612 575 1516 606 576 1517 611 570 1518 618 577 1519 612 575 1520 617 572 1521 590 578 1522 618 577 1523 600 574 1524 572 532 1525 577 573 1526 606 576 1527 601 579 1528 600 574 1529 606 576 1530 613 580 1531 607 581 1532 612 575 1533 619 582 1534 613 580 1535 618 577 1536 592 534 1537 619 582 1538 601 579 1539 573 536 1540 572 532 1541 607 581 1542 574 583 1543 601 579 1544 607 581 1545 595 525 1546 594 545 1547 613 580 1548 593 584 1549 595 525 1550 619 582 1551 591 543 1552 593 584 1553 447 585 1554 536 586 1555 535 587 1556 471 588 1557 562 589 1558 474 590 1559 461 591 1560 550 592 1561 549 593 1562 448 594 1563 533 595 1564 536 596 1565 475 597 1566 558 598 1567 470 599 1568 463 600 1569 550 600 1570 462 601 1571 449 602 1572 534 603 1573 537 603 1574 444 604 1575 571 605 1576 483 606 1577 460 607 1578 551 608 1579 463 609 1580 452 610 1581 539 611 1582 451 612 1583 478 613 1584 565 614 1585 477 615 1586 461 616 1587 552 617 1588 464 618 1589 453 619 1590 540 620 1591 452 621 1592 479 622 1593 566 623 1594 478 624 1595 450 625 1596 547 626 1597 538 627 1598 460 628 1599 557 629 1600 548 630 1601 476 631 1602 567 632 1603 479 633 1604 466 634 1605 555 635 1606 554 636 1607 450 637 1608 541 638 1609 453 639 1610 480 640 1611 564 641 1612 476 642 1613 468 643 1614 555 644 1615 467 645 1616 454 646 1617 539 647 1618 542 648 1619 449 649 1620 569 650 1621 481 651 1622 465 652 1623 556 653 1624 468 654 1625 474 655 1626 553 656 1627 465 657 1628 483 658 1629 570 659 1630 482 660 1631 469 661 1632 554 662 1633 557 663 1634 457 664 1635 544 665 1636 456 666 1637 482 667 1638 568 668 1639 480 669 1640 454 670 1641 533 671 1642 445 672 1643 457 673 1644 546 674 1645 545 675 1646 444 676 1647 569 677 1648 532 678 1649 472 679 1650 559 680 1651 471 681 1652 455 682 1653 546 683 1654 458 684 1655 477 685 1656 563 686 1657 475 687 1658 473 688 1659 560 689 1660 472 690 1661 459 691 1662 544 692 1663 547 693 1664 447 694 1665 534 695 1666 446 696 1667 470 697 1668 561 698 1669 473 699 1670 455 700 1671 552 701 1672 543 702 1673 664 703 1674 691 704 1675 662 705 1676 728 706 1677 645 707 1678 646 708 1679 719 709 1680 656 710 1681 658 711 1682 725 712 1683 648 713 1684 649 714 1685 676 715 1686 684 716 1687 685 717 1688 660 718 1689 691 719 1690 692 720 1691 745 721 1692 620 722 1693 622 723 1694 722 724 1695 657 725 1696 720 726 1697 710 727 1698 674 728 1699 707 729 1700 720 730 1701 659 731 1702 718 732 1703 723 733 1704 656 734 1705 721 735 1706 725 736 1707 650 737 1708 724 738 1709 744 739 1710 622 740 1711 623 741 1712 631 742 1713 702 743 1714 629 744 1715 653 745 1716 692 746 1717 693 747 1718 717 748 1719 658 749 1720 661 750 1721 688 751 1722 682 752 1723 687 753 1724 709 754 1725 663 755 1726 672 756 1727 746 757 1728 620 758 1729 747 759 1730 732 760 1731 655 761 1732 722 762 1733 733 763 1734 640 764 1735 732 765 1736 735 766 1737 638 767 1738 734 768 1739 629 769 1740 703 770 1741 627 771 1742 627 772 1743 705 773 1744 624 774 1745 730 775 1746 645 776 1747 729 777 1748 740 778 1749 633 779 1750 739 780 1751 631 781 1752 700 782 1753 701 783 1754 735 784 1755 636 785 1756 637 786 1757 642 787 1758 700 788 1759 641 789 1760 716 790 1761 659 791 1762 663 792 1763 746 793 1764 675 794 1765 621 795 1766 714 796 1767 668 797 1768 713 798 1769 686 799 1770 682 800 1771 683 801 1772 686 802 1773 684 803 1774 677 804 1775 713 805 1776 669 806 1777 712 807 1778 741 808 1779 623 809 1780 630 810 1781 710 811 1782 670 812 1783 671 813 1784 626 814 1785 625 815 1786 743 816 1787 688 817 1788 680 818 1789 681 819 1790 727 820 1791 648 821 1792 726 822 1793 733 823 1794 628 824 1795 639 825 1796 741 826 1797 632 827 1798 740 828 1799 743 829 1800 628 830 1801 742 831 1802 714 832 1803 665 833 1804 667 834 1805 652 835 1806 695 836 1807 651 837 1808 712 838 1809 670 839 1810 711 840 1811 651 841 1812 696 842 1813 642 843 1814 697 844 1815 679 845 1816 680 846 1817 653 847 1818 694 848 1819 652 849 1820 737 850 1821 634 850 1822 635 851 1823 708 852 1824 678 853 1825 699 854 1826 730 855 1827 643 856 1828 644 857 1829 734 858 1830 643 859 1831 731 860 1832 666 861 1833 690 862 1834 664 863 1835 707 864 1836 675 865 1837 706 866 1838 738 867 1839 633 868 1840 634 869 1841 709 870 1842 673 871 1843 708 872 1844 659 873 1845 665 874 1846 663 875 1847 672 876 1848 658 877 1849 673 878 1850 728 879 1851 647 880 1852 727 881 1853 663 882 1854 661 883 1855 672 884 1856 655 885 1857 670 886 1858 669 887 1859 703 888 1860 620 889 1861 705 890 1862 715 891 1863 661 892 1864 665 893 1865 681 894 1866 648 895 1867 682 896 1868 704 897 1869 620 898 1870 621 899 1871 673 900 1872 656 901 1873 678 902 1874 690 903 1875 644 904 1876 643 905 1877 657 906 1878 669 907 1879 668 908 1880 639 909 1881 674 910 1882 671 911 1883 702 912 1884 622 913 1885 703 914 1886 696 915 1887 632 916 1888 700 917 1889 694 918 1890 634 919 1891 695 920 1892 628 921 1893 675 922 1894 674 923 1895 679 924 1896 650 925 1897 680 926 1898 700 927 1899 630 928 1900 701 929 1901 693 930 1902 637 931 1903 636 932 1904 685 933 1905 646 934 1906 645 935 1907 693 936 1908 635 937 1909 694 938 1910 659 939 1911 668 940 1912 667 941 1913 701 942 1914 623 943 1915 702 944 1916 695 945 1917 633 946 1918 696 947 1919 625 948 1920 621 949 1921 675 950 1922 689 951 1923 645 952 1924 644 953 1925 678 954 1926 654 955 1927 679 956 1928 683 957 1929 648 958 1930 647 959 1931 684 960 1932 647 961 1933 646 962 1934 680 963 1935 649 964 1936 681 965 1937 692 966 1938 638 967 1939 637 968 1940 677 969 1941 727 970 1942 686 971 1943 732 972 1944 710 973 1945 733 974 1946 662 975 1947 731 976 1948 664 977 1949 686 978 1950 726 979 1951 687 980 1952 640 981 1953 671 982 1954 670 983 1955 666 984 1956 729 985 1957 676 986 1958 660 987 1959 734 988 1960 662 989 1961 723 990 1962 699 991 1963 698 992 1964 743 993 1965 746 994 1966 626 995 1967 725 996 1968 697 997 1969 688 998 1970 739 999 1971 651 1000 1972 642 1001 1973 737 1002 1974 653 1003 1975 652 1004 1976 676 1005 1977 728 1006 1978 677 1007 1979 744 1008 1980 631 1009 1981 629 1010 1982 653 1011 1983 735 1012 1984 660 1013 1985 724 1014 1986 698 1015 1987 697 1016 1988 738 1017 1989 652 1018 1990 651 1019 1991 742 1020 1992 706 1021 1993 743 1022 1994 745 1023 1995 629 1024 1996 627 1025 1997 718 1026 1998 713 1027 1999 720 1028 2000 741 1029 2001 641 1030 2002 631 1031 2003 720 1032 2004 712 1033 2005 722 1034 2006 733 1035 2007 707 1036 2008 742 1037 2009 721 1038 2010 708 1039 2011 699 1040 2012 626 1041 2013 747 1042 2014 624 1043 2015 747 1044 2016 627 1045 2017 624 1046 2018 740 1047 2019 642 1048 2020 641 1049 2021 664 1050 2022 730 1051 2023 666 1052 2024 722 1053 2025 711 1054 2026 732 1055 2027 726 1056 2028 688 1057 2029 687 1058 2030 717 1059 2031 716 1060 2032 709 1061 2033 715 1062 2034 718 1063 2035 716 1064 2036 723 1065 2037 650 1066 2038 654 1067 2039 737 1068 2040 636 1069 2041 736 1070 2042 719 1071 2043 709 1072 2044 708 1073 2045 676 1074 2046 689 1075 2047 666 1076 2048 691 1077 2049 643 1078 2050 638 1079 2051 699 1080 2052 679 1081 2053 698 1082 2054 626 1083 2055 705 1084 2056 704 1085 2057 397 0 2058 5 15 2059 2 1 2060 1 3 2061 10 19 2062 388 4 2063 0 6 2064 389 22 2065 390 7 2066 387 9 2067 9 21 2068 392 10 2069 378 12 2070 7 17 2071 393 13 2072 5 15 2073 1 3 2074 376 5 2075 360 2 2076 3 23 2077 391 16 2078 379 8 2079 390 7 2080 7 17 2081 377 18 2082 388 4 2083 10 19 2084 382 14 2085 393 13 2086 9 21 2087 377 18 2088 381 20 2089 389 22 2090 3 23 2091 380 11 2092 392 10 2093 397 0 2094 407 34 2095 398 24 2096 1 3 2097 385 29 2098 6 25 2099 408 26 2100 8 32 2101 392 10 2102 393 13 2103 7 17 2104 401 27 2105 7 17 2109 390 7 2110 400 30 2111 10 19 2112 6 25 2113 11 31 2114 9 21 2115 393 13 2116 384 28 2117 11 31 2118 399 38 2119 389 22 2120 391 16 2121 392 10 2122 8 32 2123 407 34 2124 415 46 2125 14 35 2126 385 29 2127 13 40 2128 416 36 2129 409 37 2130 15 41 2131 400 30 2132 396 39 2133 411 45 2134 8 32 2135 401 27 2139 400 30 2140 15 41 2141 6 25 2142 416 36 2143 394 43 2144 394 43 2145 409 37 2146 399 38 2147 410 44 2148 383 33 2149 8 32 2150 415 46 2151 403 58 2152 12 47 2153 13 40 2154 417 51 2155 25 48 2156 418 49 2157 20 52 2158 15 41 2159 421 50 2160 16 55 2161 411 45 2162 395 42 2166 15 41 2167 20 52 2168 416 36 2169 25 48 2170 21 54 2171 21 54 2172 418 49 2173 409 37 2174 410 44 2175 411 45 2176 16 55 2177 412 57 2178 26 65 2179 12 47 2180 413 59 2181 34 66 2182 25 48 2183 418 49 2184 18 68 2185 27 60 2186 421 50 2187 414 74 2188 28 61 2189 405 62 2190 420 53 2191 17 63 2192 20 52 2196 27 60 2197 17 63 2198 21 54 2199 25 48 2200 34 66 2201 21 54 2202 422 67 2203 18 68 2204 404 56 2205 16 55 2206 28 61 2207 412 57 2208 435 82 2209 36 70 2210 413 59 2211 35 77 2212 23 71 2213 428 72 2214 37 78 2215 27 60 2216 436 73 2217 430 81 2218 28 61 2219 423 64 2220 17 63 2221 38 75 2222 17 63 2226 27 60 2227 37 78 2228 34 66 2229 23 71 2230 22 79 2231 414 74 2232 423 64 2233 29 76 2234 22 79 2235 428 72 2236 18 68 2237 429 80 2238 419 69 2239 28 61 2240 435 82 2241 424 94 2242 30 83 2243 35 77 2244 437 89 2245 44 84 2246 31 85 2247 426 90 2248 37 78 2249 32 86 2250 33 93 2251 430 81 2252 29 76 2253 38 75 2254 42 87 2255 38 75 2259 37 78 2260 426 90 2261 23 71 2262 44 84 2263 41 91 2264 436 73 2265 29 76 2266 439 88 2267 41 91 2268 31 85 2269 428 72 2270 425 92 2271 429 80 2272 430 81 2273 424 94 2274 59 100 2275 431 95 2276 437 89 2277 434 99 2278 433 96 2279 442 97 2280 47 101 2281 426 90 2282 438 98 2283 443 106 2284 33 93 2285 30 83 2286 431 95 2287 434 99 2288 425 92 2289 432 105 2290 59 100 2291 42 87 2292 426 90 2293 47 101 2294 44 84 2295 433 96 2296 39 103 2297 32 86 2298 439 88 2299 441 104 2300 39 103 2301 442 97 2302 31 85 2303 432 105 2304 425 92 2305 33 93 2306 439 88 2307 42 87 2308 440 102 2309 73 107 2310 61 119 2311 49 108 2312 48 110 2313 75 123 2314 433 111 2315 442 97 2316 62 126 2317 63 113 2318 60 114 2319 74 125 2320 65 115 2321 440 102 2322 68 121 2323 67 117 2324 61 119 2325 48 110 2326 45 112 2327 59 109 2328 50 127 2329 64 120 2330 47 101 2331 63 113 2332 68 121 2333 46 122 2334 433 111 2335 75 123 2336 53 118 2337 67 117 2338 74 125 2339 46 122 2340 52 124 2341 62 126 2342 50 127 2343 51 116 2344 65 115 2345 73 107 2346 86 135 2347 76 128 2348 48 110 2349 56 134 2350 66 129 2351 77 130 2352 78 136 2353 63 113 2354 87 131 2355 69 138 2356 65 115 2357 67 117 2358 68 121 2359 80 132 2360 64 120 2364 54 139 2365 86 135 2366 68 121 2367 63 113 2368 78 136 2369 75 123 2370 66 129 2371 79 137 2372 74 125 2373 67 117 2374 55 133 2375 79 137 2376 77 130 2377 62 126 2378 64 120 2379 65 115 2380 69 138 2381 86 135 2382 102 147 2383 90 140 2384 56 134 2385 89 146 2386 103 141 2387 91 142 2388 92 148 2389 78 136 2390 72 143 2391 94 151 2392 69 138 2393 55 133 2394 80 132 2395 71 144 2396 54 139 2400 93 150 2401 102 147 2402 80 132 2403 78 136 2404 92 148 2405 66 129 2406 103 141 2407 70 149 2408 87 131 2409 55 133 2410 81 145 2411 70 149 2412 91 142 2413 77 130 2414 93 150 2415 54 139 2416 69 138 2417 102 147 2418 82 159 2419 88 152 2420 89 146 2421 104 158 2422 114 153 2423 105 154 2424 106 160 2425 92 148 2426 113 155 2427 96 162 2428 94 151 2429 81 145 2430 71 144 2431 109 156 2432 93 150 2436 83 163 2437 82 159 2438 71 144 2439 92 148 2440 106 160 2441 103 141 2442 114 153 2443 108 161 2444 72 143 2445 81 145 2446 84 157 2447 108 161 2448 105 154 2449 91 142 2450 93 150 2451 94 151 2452 96 162 2453 95 164 2454 115 170 2455 88 152 2456 98 165 2457 129 172 2458 114 153 2459 105 154 2460 99 175 2461 116 166 2462 113 155 2463 100 174 2464 117 167 2465 84 157 2466 109 156 2467 97 168 2468 82 159 2472 83 163 2473 107 171 2474 106 160 2475 116 166 2476 97 168 2477 108 161 2478 114 153 2479 129 172 2480 84 157 2481 119 169 2482 100 174 2483 108 161 2484 118 173 2485 99 175 2486 83 163 2487 96 162 2488 117 167 2489 95 164 2490 144 184 2491 131 176 2492 98 165 2493 130 182 2494 111 177 2495 132 178 2496 133 185 2497 116 166 2498 145 179 2499 135 187 2500 117 167 2501 119 169 2502 97 168 2503 136 180 2504 95 164 2508 107 171 2509 134 183 2510 97 168 2511 116 166 2512 133 185 2513 129 172 2514 111 177 2515 110 186 2516 100 174 2517 119 169 2518 120 181 2519 110 186 2520 132 178 2521 99 175 2522 134 183 2523 107 171 2524 117 167 2525 144 184 2526 122 195 2527 121 188 2528 130 182 2529 146 194 2530 155 189 2531 124 190 2532 125 196 2533 133 185 2534 126 191 2535 127 199 2536 135 187 2537 120 181 2538 136 180 2539 150 192 2540 134 183 2544 123 198 2545 122 195 2546 136 180 2547 133 185 2548 125 196 2549 111 177 2550 155 189 2551 148 197 2552 145 179 2553 120 181 2554 149 193 2555 148 197 2556 124 190 2557 132 178 2558 123 198 2559 134 183 2560 135 187 2561 122 195 2562 138 205 2563 137 200 2564 146 194 2565 142 204 2566 141 201 2567 159 202 2568 152 206 2569 125 196 2570 147 203 2571 153 211 2572 127 199 2573 121 188 2574 137 200 2575 142 204 2576 123 198 2577 139 210 2578 138 205 2579 150 192 2580 125 196 2581 152 206 2582 155 189 2583 141 201 2584 140 208 2585 126 191 2586 149 193 2587 151 209 2588 140 208 2589 159 202 2590 124 190 2591 139 210 2592 123 198 2593 127 199 2594 149 193 2595 150 192 2596 158 207 2597 184 212 2598 172 224 2599 161 213 2600 160 215 2601 186 228 2602 141 216 2603 159 202 2604 173 231 2605 174 218 2606 171 219 2607 185 230 2608 176 220 2609 158 207 2610 179 226 2611 178 222 2612 172 224 2613 160 215 2614 156 217 2615 138 214 2616 162 232 2617 175 225 2618 152 206 2619 174 218 2620 179 226 2621 157 227 2622 141 216 2623 186 228 2624 165 223 2625 178 222 2626 185 230 2627 157 227 2628 164 229 2629 173 231 2630 162 232 2631 163 221 2632 176 220 2633 184 212 2634 197 240 2635 187 233 2636 160 215 2637 168 239 2638 177 234 2639 188 235 2640 189 241 2641 174 218 2642 198 236 2643 180 243 2644 176 220 2645 178 222 2646 179 226 2647 191 237 2648 175 225 2652 166 244 2653 197 240 2654 179 226 2655 174 218 2656 189 241 2657 186 228 2658 177 234 2659 190 242 2660 185 230 2661 178 222 2662 167 238 2663 190 242 2664 188 235 2665 173 231 2666 175 225 2667 176 220 2668 180 243 2669 197 240 2670 213 252 2671 201 245 2672 168 239 2673 200 251 2674 214 246 2675 202 247 2676 203 253 2677 189 241 2678 183 248 2679 205 256 2680 180 243 2681 167 238 2682 191 237 2683 182 249 2684 166 244 2688 204 255 2689 213 252 2690 191 237 2691 189 241 2692 203 253 2693 177 234 2694 214 246 2695 181 254 2696 198 236 2697 167 238 2698 192 250 2699 181 254 2700 202 247 2701 188 235 2702 204 255 2703 166 244 2704 180 243 2705 213 252 2706 193 264 2707 199 257 2708 200 251 2709 215 263 2710 225 258 2711 216 259 2712 217 265 2713 203 253 2714 224 260 2715 207 267 2716 205 256 2717 192 250 2718 182 249 2719 220 261 2720 204 255 2724 194 268 2725 193 264 2726 182 249 2727 203 253 2728 217 265 2729 214 246 2730 225 258 2731 219 266 2732 183 248 2733 192 250 2734 195 262 2735 219 266 2736 216 259 2737 202 247 2738 204 255 2739 205 256 2740 207 267 2741 206 269 2742 226 275 2743 199 257 2744 209 270 2745 240 277 2746 225 258 2747 216 259 2748 210 280 2749 227 271 2750 224 260 2751 211 279 2752 228 272 2753 195 262 2754 220 261 2755 208 273 2756 193 264 2760 194 268 2761 218 276 2762 217 265 2763 227 271 2764 208 273 2765 219 266 2766 225 258 2767 240 277 2768 195 262 2769 230 274 2770 211 279 2771 219 266 2772 229 278 2773 210 280 2774 194 268 2775 207 267 2776 228 272 2777 206 269 2778 254 289 2779 242 281 2780 209 270 2781 241 287 2782 222 282 2783 243 283 2784 244 290 2785 227 271 2786 255 284 2787 246 292 2788 228 272 2789 230 274 2790 208 273 2791 247 285 2792 206 269 2796 218 276 2797 245 288 2798 208 273 2799 227 271 2800 244 290 2801 240 277 2802 222 282 2803 221 291 2804 211 279 2805 230 274 2806 231 286 2807 221 291 2808 243 283 2809 210 280 2810 245 288 2811 218 276 2812 228 272 2813 254 289 2814 233 300 2815 232 293 2816 241 287 2817 256 299 2818 265 294 2819 235 295 2820 236 301 2821 244 290 2822 237 296 2823 238 304 2824 246 292 2825 231 286 2826 247 285 2827 260 297 2828 245 288 2832 234 303 2833 233 300 2834 247 285 2835 244 290 2836 236 301 2837 222 282 2838 265 294 2839 258 302 2840 255 284 2841 231 286 2842 259 298 2843 258 302 2844 235 295 2845 243 283 2846 234 303 2847 245 288 2848 246 292 2849 233 300 2850 281 310 2851 248 305 2852 256 299 2853 252 309 2854 251 306 2855 269 307 2856 268 311 2857 236 301 2858 257 308 2859 263 316 2860 238 304 2861 232 293 2862 248 305 2863 252 309 2864 234 303 2865 249 315 2866 281 310 2867 260 297 2868 236 301 2869 268 311 2870 265 294 2871 251 306 2872 250 313 2873 237 296 2874 259 298 2875 262 314 2876 250 313 2877 269 307 2878 235 295 2879 249 315 2880 234 303 2881 238 304 2882 259 298 2883 260 297 2884 261 312 2885 295 317 2886 283 329 2887 271 318 2888 270 320 2889 297 333 2890 251 321 2891 269 307 2892 284 336 2893 285 323 2894 282 324 2895 296 335 2896 287 325 2897 261 312 2898 290 331 2899 289 327 2900 283 329 2901 270 320 2902 266 322 2903 281 319 2904 272 337 2905 286 330 2906 268 311 2907 285 323 2908 290 331 2909 267 332 2910 251 321 2911 297 333 2912 275 328 2913 289 327 2914 296 335 2915 267 332 2916 274 334 2917 284 336 2918 272 337 2919 273 326 2920 287 325 2921 295 317 2922 308 345 2923 298 338 2924 270 320 2925 278 344 2926 288 339 2927 299 340 2928 300 346 2929 285 323 2930 309 341 2931 291 348 2932 287 325 2933 289 327 2934 290 331 2935 302 342 2936 286 330 2940 276 349 2941 308 345 2942 290 331 2943 285 323 2944 300 346 2945 297 333 2946 288 339 2947 301 347 2948 296 335 2949 289 327 2950 277 343 2951 301 347 2952 299 340 2953 284 336 2954 286 330 2955 287 325 2956 291 348 2957 308 345 2958 324 357 2959 312 350 2960 278 344 2961 311 356 2962 325 351 2963 313 352 2964 314 358 2965 300 346 2966 294 353 2967 316 361 2968 291 348 2969 277 343 2970 302 342 2971 293 354 2972 276 349 2976 315 360 2977 324 357 2978 302 342 2979 300 346 2980 314 358 2981 288 339 2982 325 351 2983 292 359 2984 309 341 2985 277 343 2986 303 355 2987 292 359 2988 313 352 2989 299 340 2990 315 360 2991 276 349 2992 291 348 2993 324 357 2994 304 369 2995 310 362 2996 311 356 2997 326 368 2998 336 363 2999 327 364 3000 328 370 3001 314 358 3002 335 365 3003 318 372 3004 316 361 3005 303 355 3006 293 354 3007 331 366 3008 315 360 3012 305 373 3013 304 369 3014 293 354 3015 314 358 3016 328 370 3017 325 351 3018 336 363 3019 330 371 3020 294 353 3021 303 355 3022 306 367 3023 330 371 3024 327 364 3025 313 352 3026 315 360 3027 316 361 3028 318 372 3029 317 374 3030 337 380 3031 310 362 3032 320 375 3033 351 382 3034 336 363 3035 327 364 3036 321 385 3037 338 376 3038 335 365 3039 322 384 3040 339 377 3041 306 367 3042 331 366 3043 319 378 3044 304 369 3048 305 373 3049 329 381 3050 328 370 3051 338 376 3052 319 378 3053 330 371 3054 336 363 3055 351 382 3056 306 367 3057 341 379 3058 322 384 3059 330 371 3060 340 383 3061 321 385 3062 305 373 3063 318 372 3064 339 377 3065 317 374 3066 365 394 3067 353 386 3068 320 375 3069 352 392 3070 333 387 3071 354 388 3072 355 395 3073 338 376 3074 366 389 3075 357 397 3076 339 377 3077 341 379 3078 319 378 3079 358 390 3080 317 374 3084 329 381 3085 356 393 3086 319 378 3087 338 376 3088 355 395 3089 351 382 3090 333 387 3091 332 396 3092 322 384 3093 341 379 3094 342 391 3095 332 396 3096 354 388 3097 321 385 3098 356 393 3099 329 381 3100 339 377 3101 365 394 3102 344 405 3103 343 398 3104 352 392 3105 367 404 3106 375 399 3107 346 400 3108 347 406 3109 355 395 3110 348 401 3111 349 409 3112 357 397 3113 342 391 3114 358 390 3115 371 402 3116 356 393 3120 345 408 3121 344 405 3122 358 390 3123 355 395 3124 347 406 3125 333 387 3126 375 399 3127 369 407 3128 366 389 3129 342 391 3130 370 403 3131 369 407 3132 346 400 3133 354 388 3134 345 408 3135 356 393 3136 357 397 3137 344 405 3138 360 414 3139 359 410 3140 367 404 3141 363 413 3142 388 411 3143 0 6 3144 379 8 3145 347 406 3146 368 412 3147 373 418 3148 349 409 3149 343 398 3150 359 410 3151 363 413 3152 345 408 3153 361 417 3154 360 414 3155 371 402 3156 347 406 3157 379 8 3158 375 399 3159 388 411 3160 362 415 3161 348 401 3162 370 403 3163 372 416 3164 369 407 3165 362 415 3166 0 6 3167 361 417 3168 345 408 3169 349 409 3170 370 403 3171 371 402 3172 378 12 3173 399 38 3174 400 30 3175 390 7 3176 391 16 3177 383 33 3178 407 34 3179 384 28 3180 401 27 3181 395 42 3182 383 33 3183 410 44 3184 415 46 3185 408 26 3186 384 28 3187 402 419 3188 402 419 3189 395 42 3190 420 53 3191 410 44 3192 404 56 3193 403 58 3194 396 39 3195 402 419 3196 405 62 3197 403 58 3198 404 56 3199 419 69 3200 405 62 3201 423 64 3202 414 74 3203 412 57 3204 419 69 3205 429 80 3206 429 80 3207 425 92 3208 424 94 3209 451 420 3210 450 454 3211 453 421 3212 482 423 3213 481 466 3214 444 424 3215 470 426 3216 473 1086 3217 472 427 3218 466 429 3219 465 444 3220 468 430 3221 469 432 3222 460 471 3223 493 433 3224 464 435 3225 455 473 3226 490 436 3227 475 438 3228 470 426 3229 499 439 3230 471 428 3231 500 470 3232 499 439 3233 480 441 3234 505 464 3235 507 442 3236 497 443 3237 496 448 3238 465 444 3239 454 445 3240 489 451 3241 488 446 3242 469 432 3243 498 434 3244 497 443 3245 474 447 3246 465 444 3247 496 448 3248 454 445 3249 445 474 3250 484 450 3251 475 438 3252 502 440 3253 504 452 3254 488 446 3255 487 461 3256 450 454 3257 449 455 3258 486 467 3259 485 456 3260 464 435 3261 495 437 3262 494 458 3263 459 460 3264 450 454 3265 487 461 3266 480 441 3267 476 475 3268 503 463 3269 482 423 3270 507 442 3271 506 465 3272 449 455 3273 481 466 3274 506 465 3275 459 460 3276 492 462 3277 491 468 3278 474 447 3279 501 449 3280 500 470 3281 494 458 3282 493 433 3283 460 471 3284 460 471 3285 463 1087 3286 462 472 3287 491 468 3288 490 436 3289 455 473 3290 485 456 3291 484 450 3292 445 474 3293 477 453 3294 504 452 3295 503 463 3296 456 469 3297 455 473 3298 458 476 3299 445 474 3300 448 1088 3301 447 478 3302 476 475 3303 479 1089 3304 478 479 3305 539 504 3411 540 1090 3412 541 505 3413 532 507 3414 569 546 3415 570 508 3416 560 510 3417 561 1091 3418 558 511 3419 555 513 3420 556 1092 3421 553 514 3422 557 516 3423 586 557 3424 581 517 3425 552 519 3426 583 554 3427 578 520 3428 563 522 3429 590 578 3430 587 523 3431 559 512 3432 558 511 3433 587 523 3434 595 525 3435 593 584 3436 568 526 3437 553 514 3438 584 531 3439 585 527 3440 576 528 3441 577 573 3442 542 529 3443 585 527 3444 586 557 3445 557 516 3446 562 530 3447 589 567 3448 584 531 3449 542 529 3450 577 573 3451 572 532 3452 592 534 3453 590 578 3454 563 522 3455 538 506 3456 575 542 3457 576 528 3458 573 536 3459 574 583 3460 537 537 3461 582 539 3462 583 554 3463 552 519 3464 547 541 3465 580 560 3466 575 542 3467 568 526 3468 593 584 3469 591 543 3470 570 508 3471 569 546 3472 594 545 3473 537 537 3474 574 583 3475 594 545 3476 579 547 3477 580 560 3478 547 541 3479 588 524 3480 589 567 3481 562 530 3482 548 518 3483 581 517 3484 582 539 3485 550 549 3486 551 1093 3487 548 518 3488 543 521 3489 578 520 3490 579 547 3491 533 533 3492 572 532 3493 573 536 3494 565 535 3495 564 544 3496 591 543 3497 544 548 3498 545 1094 3499 546 550 3500 534 538 3501 535 1095 3502 536 551 3503 565 535 3504 566 1096 3505 567 552 3506 578 520 3507 583 554 3508 596 553 3509 583 554 3510 582 539 3511 602 555 3512 582 539 3513 581 517 3514 608 556 3515 586 557 3516 614 558 3517 608 556 3518 585 527 3519 584 531 3520 614 558 3521 579 547 3522 596 553 3523 597 559 3524 596 553 3525 602 555 3526 603 561 3527 608 556 3528 609 562 3529 603 561 3530 614 558 3531 615 563 3532 609 562 3533 584 531 3534 589 567 3535 615 563 3536 580 560 3537 597 559 3538 598 564 3539 597 559 3540 603 561 3541 604 565 3542 603 561 3543 609 562 3544 610 566 3545 615 563 3546 616 568 3547 610 566 3548 589 567 3549 588 524 3550 616 568 3551 575 542 3552 598 564 3553 599 569 3554 604 565 3555 605 571 3556 599 569 3557 604 565 3558 610 566 3559 611 570 3560 610 566 3561 616 568 3562 617 572 3563 616 568 3564 588 524 3565 587 523 3566 599 569 3567 600 574 3568 577 573 3569 605 571 3570 606 576 3571 600 574 3572 605 571 3573 611 570 3574 612 575 3575 611 570 3576 617 572 3577 618 577 3578 617 572 3579 587 523 3580 590 578 3581 600 574 3582 601 579 3583 572 532 3584 606 576 3585 607 581 3586 601 579 3587 606 576 3588 612 575 3589 613 580 3590 612 575 3591 618 577 3592 619 582 3593 618 577 3594 590 578 3595 592 534 3596 601 579 3597 574 583 3598 573 536 3599 607 581 3600 594 545 3601 574 583 3602 607 581 3603 613 580 3604 595 525 3605 613 580 3606 619 582 3607 593 584 3608 619 582 3609 592 534 3610 591 543 3611 447 585 3612 448 1097 3613 536 586 3614 471 588 3615 559 1098 3616 562 589 3617 461 591 3618 462 1099 3619 550 592 3620 448 594 3621 445 1100 3622 533 595 3623 475 597 3624 563 1101 3625 558 598 3626 463 600 3627 551 601 3628 550 600 3629 449 602 3630 446 1102 3631 534 603 3632 444 604 3633 532 1103 3634 571 605 3635 460 607 3636 548 1104 3637 551 608 3638 452 610 3639 540 1105 3640 539 611 3641 478 613 3642 566 1106 3643 565 614 3644 461 616 3645 549 1107 3646 552 617 3647 453 619 3648 541 1108 3649 540 620 3650 479 622 3651 567 1109 3652 566 623 3653 450 625 3654 459 1110 3655 547 626 3656 460 628 3657 469 1111 3658 557 629 3659 476 631 3660 564 1112 3661 567 632 3662 466 634 3663 467 1113 3664 555 635 3665 450 637 3666 538 1114 3667 541 638 3668 480 640 3669 568 1115 3670 564 641 3671 468 643 3672 556 1116 3673 555 644 3674 454 646 3675 451 1117 3676 539 647 3677 449 649 3678 537 1118 3679 569 650 3680 465 652 3681 553 1119 3682 556 653 3683 474 655 3684 562 1120 3685 553 656 3686 483 658 3687 571 1121 3688 570 659 3689 469 661 3690 466 1122 3691 554 662 3692 457 664 3693 545 1123 3694 544 665 3695 482 667 3696 570 1124 3697 568 668 3698 454 670 3699 542 1125 3700 533 671 3701 457 673 3702 458 1126 3703 546 674 3704 444 676 3705 481 1127 3706 569 677 3707 472 679 3708 560 1128 3709 559 680 3710 455 682 3711 543 1129 3712 546 683 3713 477 685 3714 565 1130 3715 563 686 3716 473 688 3717 561 1131 3718 560 689 3719 459 691 3720 456 1132 3721 544 692 3722 447 694 3723 535 1133 3724 534 695 3725 470 697 3726 558 1134 3727 561 698 3728 455 700 3729 464 1135 3730 552 701 3731 664 703 3732 690 1136 3733 691 704 3734 728 706 3735 729 1137 3736 645 707 3737 719 709 3738 721 1138 3739 656 710 3740 725 712 3741 726 1139 3742 648 713 3743 676 715 3744 677 1140 3745 684 716 3746 660 718 3747 662 1141 3748 691 719 3749 745 721 3750 747 1142 3751 620 722 3752 722 724 3753 655 1143 3754 657 725 3755 710 727 3756 671 1144 3757 674 728 3758 720 730 3759 657 1145 3760 659 731 3761 723 733 3762 654 1146 3763 656 734 3764 725 736 3765 649 1147 3766 650 737 3767 744 739 3768 745 1148 3769 622 740 3770 631 742 3771 701 1149 3772 702 743 3773 653 745 3774 660 1150 3775 692 746 3776 717 748 3777 719 1151 3778 658 749 3779 688 751 3780 681 1152 3781 682 752 3782 709 754 3783 716 1153 3784 663 755 3785 746 757 3786 621 1154 3787 620 758 3788 732 760 3789 640 1155 3790 655 761 3791 733 763 3792 639 1156 3793 640 764 3794 735 766 3795 637 1157 3796 638 767 3797 629 769 3798 702 1158 3799 703 770 3800 627 772 3801 703 1159 3802 705 773 3803 730 775 3804 644 1160 3805 645 776 3806 740 778 3807 632 1161 3808 633 779 3809 631 781 3810 641 1162 3811 700 782 3812 735 784 3813 736 1163 3814 636 785 3815 642 787 3816 696 1164 3817 700 788 3818 716 790 3819 718 1165 3820 659 791 3821 746 793 3822 706 1166 3823 675 794 3824 714 796 3825 667 1167 3826 668 797 3827 686 799 3828 687 1168 3829 682 800 3830 686 802 3831 683 1169 3832 684 803 3833 713 805 3834 668 1170 3835 669 806 3836 741 808 3837 744 1171 3838 623 809 3839 710 811 3840 711 1172 3841 670 812 3842 626 814 3843 704 1173 3844 625 815 3845 688 817 3846 697 1174 3847 680 818 3848 727 820 3849 647 1175 3850 648 821 3851 733 823 3852 742 1176 3853 628 824 3854 741 826 3855 630 1177 3856 632 827 3857 743 829 3858 625 1178 3859 628 830 3860 714 832 3861 715 1179 3862 665 833 3863 652 835 3864 694 1180 3865 695 836 3866 712 838 3867 669 1181 3868 670 839 3869 651 841 3870 695 1182 3871 696 842 3872 697 844 3873 698 1183 3874 679 845 3875 653 847 3876 693 1184 3877 694 848 3878 737 850 3879 738 1185 3880 634 850 3881 708 852 3882 673 1186 3883 678 853 3884 730 855 3885 731 1187 3886 643 856 3887 734 858 3888 638 1188 3889 643 859 3890 666 861 3891 689 1189 3892 690 862 3893 707 864 3894 674 1190 3895 675 865 3896 738 867 3897 739 1191 3898 633 868 3899 709 870 3900 672 1192 3901 673 871 3902 659 873 3903 667 1193 3904 665 874 3905 672 876 3906 661 1194 3907 658 877 3908 728 879 3909 646 1195 3910 647 880 3911 663 882 3912 665 1196 3913 661 883 3914 655 885 3915 640 1197 3916 670 886 3917 703 888 3918 622 1198 3919 620 889 3920 715 891 3921 717 1199 3922 661 892 3923 681 894 3924 649 1200 3925 648 895 3926 704 897 3927 705 1201 3928 620 898 3929 673 900 3930 658 1202 3931 656 901 3932 690 903 3933 689 1203 3934 644 904 3935 657 906 3936 655 1204 3937 669 907 3938 639 909 3939 628 1205 3940 674 910 3941 702 912 3942 623 1206 3943 622 913 3944 696 915 3945 633 1207 3946 632 916 3947 694 918 3948 635 1208 3949 634 919 3950 628 921 3951 625 1209 3952 675 922 3953 679 924 3954 654 1210 3955 650 925 3956 700 927 3957 632 1211 3958 630 928 3959 693 930 3960 692 1212 3961 637 931 3962 685 933 3963 684 1213 3964 646 934 3965 693 936 3966 636 1214 3967 635 937 3968 659 939 3969 657 1215 3970 668 940 3971 701 942 3972 630 1216 3973 623 943 3974 695 945 3975 634 1217 3976 633 946 3977 625 948 3978 704 1218 3979 621 949 3980 689 951 3981 685 1219 3982 645 952 3983 678 954 3984 656 1220 3985 654 955 3986 683 957 3987 682 1221 3988 648 958 3989 684 960 3990 683 1222 3991 647 961 3992 680 963 3993 650 1223 3994 649 964 3995 692 966 3996 691 1224 3997 638 967 3998 677 969 3999 728 1225 4000 727 970 4001 732 972 4002 711 1226 4003 710 973 4004 662 975 4005 734 1227 4006 731 976 4007 686 978 4008 727 1228 4009 726 979 4010 640 981 4011 639 1229 4012 671 982 4013 666 984 4014 730 1230 4015 729 985 4016 660 987 4017 735 1231 4018 734 988 4019 723 990 4020 721 1232 4021 699 991 4022 743 993 4023 706 1233 4024 746 994 4025 725 996 4026 724 1234 4027 697 997 4028 739 999 4029 738 1235 4030 651 1000 4031 737 1002 4032 736 1236 4033 653 1003 4034 676 1005 4035 729 1237 4036 728 1006 4037 744 1008 4038 741 1238 4039 631 1009 4040 653 1011 4041 736 1239 4042 735 1012 4043 724 1014 4044 723 1240 4045 698 1015 4046 738 1017 4047 737 1241 4048 652 1018 4049 742 1020 4050 707 1242 4051 706 1021 4052 745 1023 4053 744 1243 4054 629 1024 4055 718 1026 4056 714 1244 4057 713 1027 4058 741 1029 4059 740 1245 4060 641 1030 4061 720 1032 4062 713 1246 4063 712 1033 4064 733 1035 4065 710 1247 4066 707 1036 4067 721 1038 4068 719 1248 4069 708 1039 4070 626 1041 4071 746 1249 4072 747 1042 4073 747 1044 4074 745 1250 4075 627 1045 4076 740 1047 4077 739 1251 4078 642 1048 4079 664 1050 4080 731 1252 4081 730 1051 4082 722 1053 4083 712 1253 4084 711 1054 4085 726 1056 4086 725 1254 4087 688 1057 4088 717 1059 4089 715 1255 4090 716 1060 4091 715 1062 4092 714 1256 4093 718 1063 4094 723 1065 4095 724 1257 4096 650 1066 4097 737 1068 4098 635 1258 4099 636 1069 4100 719 1071 4101 717 1259 4102 709 1072 4103 676 1074 4104 685 1260 4105 689 1075 4106 691 1077 4107 690 1261 4108 643 1078 4109 699 1080 4110 678 1262 4111 679 1081 4112 626 1083 4113 624 1263 4114 705 1084 4115</p>
        </triangles>
        <triangles material="Bloody_Red-material" count="118">
          <input semantic="VERTEX" source="#Circle_009-mesh-vertices" offset="0"/>
          <input semantic="NORMAL" source="#Circle_009-mesh-normals" offset="1"/>
          <input semantic="TEXCOORD" source="#Circle_009-mesh-map-0" offset="2" set="0"/>
          <p>5 15 48 385 29 49 1 3 50 398 24 78 13 40 79 385 29 80 14 35 105 417 51 106 13 40 107 26 65 135 417 51 136 12 47 137 26 65 165 35 77 166 413 59 167 36 70 198 437 89 199 35 77 200 61 119 303 56 134 304 48 110 305 76 128 339 89 146 340 56 134 341 90 140 375 104 158 376 89 146 377 115 170 411 104 158 412 88 152 413 115 170 447 130 182 448 98 165 449 131 176 483 146 194 484 130 182 485 172 224 591 168 239 592 160 215 593 187 233 627 200 251 628 168 239 629 201 245 663 215 263 664 200 251 665 226 275 699 215 263 700 199 257 701 226 275 735 241 287 736 209 270 737 242 281 771 256 299 772 241 287 773 283 329 879 278 344 880 270 320 881 298 338 915 311 356 916 278 344 917 312 350 951 326 368 952 311 356 953 337 380 987 326 368 988 310 362 989 337 380 1023 352 392 1024 320 375 1025 353 386 1059 367 404 1060 352 392 1061 490 436 1248 508 480 1249 495 437 1250 495 437 1251 514 481 1252 494 458 1253 494 458 1254 520 482 1255 493 433 1256 520 482 1257 498 434 1258 493 433 1259 526 483 1260 497 443 1261 498 434 1262 491 468 1263 509 484 1264 508 480 1265 508 480 1266 515 485 1267 514 481 1268 515 485 1269 520 482 1270 514 481 1271 521 486 1272 526 483 1273 520 482 1274 527 487 1275 496 448 1276 526 483 1277 492 462 1278 510 488 1279 509 484 1280 509 484 1281 516 489 1282 515 485 1283 515 485 1284 522 490 1285 521 486 1286 522 490 1287 527 487 1288 521 486 1289 528 491 1290 501 449 1291 527 487 1292 487 461 1293 511 492 1294 510 488 1295 511 492 1296 516 489 1297 510 488 1298 516 489 1299 523 493 1300 522 490 1301 522 490 1302 529 494 1303 528 491 1304 528 491 1305 499 439 1306 500 470 1307 489 451 1308 511 492 1309 488 446 1310 512 495 1311 517 496 1312 511 492 1313 517 496 1314 524 497 1315 523 493 1316 523 493 1317 530 498 1318 529 494 1319 529 494 1320 502 440 1321 499 439 1322 484 450 1323 512 495 1324 489 451 1325 513 499 1326 518 500 1327 512 495 1328 518 500 1329 525 501 1330 524 497 1331 524 497 1332 531 502 1333 530 498 1334 530 498 1335 504 452 1336 502 440 1337 485 456 1338 513 499 1339 484 450 1340 486 467 1341 519 503 1342 513 499 1343 519 503 1344 507 442 1345 525 501 1346 525 501 1347 505 464 1348 531 502 1349 531 502 1350 503 463 1351 504 452 1352 5 15 2106 398 24 2107 385 29 2108 398 24 2136 14 35 2137 13 40 2138 14 35 2163 12 47 2164 417 51 2165 26 65 2193 413 59 2194 417 51 2195 26 65 2223 36 70 2224 35 77 2225 36 70 2256 30 83 2257 437 89 2258 61 119 2361 76 128 2362 56 134 2363 76 128 2397 90 140 2398 89 146 2399 90 140 2433 88 152 2434 104 158 2435 115 170 2469 98 165 2470 104 158 2471 115 170 2505 131 176 2506 130 182 2507 131 176 2541 121 188 2542 146 194 2543 172 224 2649 187 233 2650 168 239 2651 187 233 2685 201 245 2686 200 251 2687 201 245 2721 199 257 2722 215 263 2723 226 275 2757 209 270 2758 215 263 2759 226 275 2793 242 281 2794 241 287 2795 242 281 2829 232 293 2830 256 299 2831 283 329 2937 298 338 2938 278 344 2939 298 338 2973 312 350 2974 311 356 2975 312 350 3009 310 362 3010 326 368 3011 337 380 3045 320 375 3046 326 368 3047 337 380 3081 353 386 3082 352 392 3083 353 386 3117 343 398 3118 367 404 3119 490 436 3306 491 468 3307 508 480 3308 495 437 3309 508 480 3310 514 481 3311 494 458 3312 514 481 3313 520 482 3314 520 482 3315 526 483 3316 498 434 3317 526 483 3318 496 448 3319 497 443 3320 491 468 3321 492 462 3322 509 484 3323 508 480 3324 509 484 3325 515 485 3326 515 485 3327 521 486 3328 520 482 3329 521 486 3330 527 487 3331 526 483 3332 527 487 3333 501 449 3334 496 448 3335 492 462 3336 487 461 3337 510 488 3338 509 484 3339 510 488 3340 516 489 3341 515 485 3342 516 489 3343 522 490 3344 522 490 3345 528 491 3346 527 487 3347 528 491 3348 500 470 3349 501 449 3350 487 461 3351 488 446 3352 511 492 3353 511 492 3354 517 496 3355 516 489 3356 516 489 3357 517 496 3358 523 493 3359 522 490 3360 523 493 3361 529 494 3362 528 491 3363 529 494 3364 499 439 3365 489 451 3366 512 495 3367 511 492 3368 512 495 3369 518 500 3370 517 496 3371 517 496 3372 518 500 3373 524 497 3374 523 493 3375 524 497 3376 530 498 3377 529 494 3378 530 498 3379 502 440 3380 484 450 3381 513 499 3382 512 495 3383 513 499 3384 519 503 3385 518 500 3386 518 500 3387 519 503 3388 525 501 3389 524 497 3390 525 501 3391 531 502 3392 530 498 3393 531 502 3394 504 452 3395 485 456 3396 486 467 3397 513 499 3398 486 467 3399 506 465 3400 519 503 3401 519 503 3402 506 465 3403 507 442 3404 525 501 3405 507 442 3406 505 464 3407 531 502 3408 505 464 3409 503 463 3410</p>
        </triangles>
      </mesh>
    </geometry>
  </library_geometries>
  <library_visual_scenes>
    <visual_scene id="Scene" name="Scene">
      <node id="RL_Tire" name="RL_Tire" type="NODE">
        <matrix sid="transform">0.9999582 0 -0.009146092 5.96046e-8 0 1 0 5.96046e-8 0.009146092 0 0.9999582 0 0 0 0 1</matrix>
        <instance_geometry url="#Circle_009-mesh" name="RL_Tire">
          <bind_material>
            <technique_common>
              <instance_material symbol="Dark_Black-material" target="#Dark_Black-material">
                <bind_vertex_input semantic="UVMap" input_semantic="TEXCOORD" input_set="0"/>
              </instance_material>
              <instance_material symbol="Bloody_Red-material" target="#Bloody_Red-material">
                <bind_vertex_input semantic="UVMap" input_semantic="TEXCOORD" input_set="0"/>
              </instance_material>
            </technique_common>
          </bind_material>
        </instance_geometry>
      </node>
    </visual_scene>
  </library_visual_scenes>
  <scene>
    <instance_visual_scene url="#Scene"/>
  </scene>
</COLLADA>