<?xml version="1.0" encoding="utf-8"?>
<COLLADA xmlns="http://www.collada.org/2005/11/COLLADASchema" version="1.4.1" xmlns:xsi="http://www.w3.org/2001/XMLSchema-instance">
  <asset>
    <contributor>
      <author>Blender User</author>
      <authoring_tool>Blender 4.1.0 commit date:2024-03-25, commit time:20:42, hash:40a5e739e270</authoring_tool>
    </contributor>
    <created>2025-11-09T20:36:58</created>
    <modified>2025-11-09T20:36:58</modified>
    <unit name="meter" meter="1"/>
    <up_axis>Z_UP</up_axis>
  </asset>
  <library_effects>
    <effect id="Dark_Black-effect">
      <profile_COMMON>
        <technique sid="common">
          <lambert>
            <emission>
              <color sid="emission">0 0 0 1</color>
            </emission>
            <diffuse>
              <color sid="diffuse">0.005605387 0.005605389 0.005605392 1</color>
            </diffuse>
            <index_of_refraction>
              <float sid="ior">1.5</float>
            </index_of_refraction>
          </lambert>
        </technique>
      </profile_COMMON>
    </effect>
    <effect id="BaseColor-effect">
      <profile_COMMON>
        <technique sid="common">
          <lambert>
            <emission>
              <color sid="emission">0 0 0 1</color>
            </emission>
            <diffuse>
              <color sid="diffuse">0.008023182 0.004776946 0.01370208 1</color>
            </diffuse>
            <index_of_refraction>
              <float sid="ior">1.5</float>
            </index_of_refraction>
          </lambert>
        </technique>
      </profile_COMMON>
    </effect>
    <effect id="_ndColor-effect">
      <profile_COMMON>
        <technique sid="common">
          <lambert>
            <emission>
              <color sid="emission">0 0 0 1</color>
            </emission>
            <diffuse>
              <color sid="diffuse">0.9822505 0.5332761 0 1</color>
            </diffuse>
            <index_of_refraction>
              <float sid="ior">1.5</float>
            </index_of_refraction>
          </lambert>
        </technique>
      </profile_COMMON>
    </effect>
    <effect id="_rdColor-effect">
      <profile_COMMON>
        <technique sid="common">
          <lambert>
            <emission>
              <color sid="emission">0 0 0 1</color>
            </emission>
            <diffuse>
              <color sid="diffuse">0.9822509 0.006048595 0.008023218 1</color>
            </diffuse>
            <index_of_refraction>
              <float sid="ior">1.5</float>
            </index_of_refraction>
          </lambert>
        </technique>
      </profile_COMMON>
    </effect>
    <effect id="Mirror-effect">
      <profile_COMMON>
        <technique sid="common">
          <lambert>
            <emission>
              <color sid="emission">0 0 0 1</color>
            </emission>
            <diffuse>
              <color sid="diffuse">0.3626448 0.3626448 0.3626448 1</color>
            </diffuse>
            <index_of_refraction>
              <float sid="ior">1.5</float>
            </index_of_refraction>
          </lambert>
        </technique>
      </profile_COMMON>
    </effect>
  </library_effects>
  <library_images/>
  <library_materials>
    <material id="Dark_Black-material" name="Dark Black">
      <instance_effect url="#Dark_Black-effect"/>
    </material>
    <material id="BaseColor-material" name="BaseColor">
      <instance_effect url="#BaseColor-effect"/>
    </material>
    <material id="_ndColor-material" name="2ndColor">
      <instance_effect url="#_ndColor-effect"/>
    </material>
    <material id="_rdColor-material" name="3rdColor">
      <instance_effect url="#_rdColor-effect"/>
    </material>
    <material id="Mirror-material" name="Mirror">
      <instance_effect url="#Mirror-effect"/>
    </material>
  </library_materials>
  <library_geometries>
    <geometry id="Cylinder_016-mesh" name="Cylinder.016">
      <mesh>
        <source id="Cylinder_016-mesh-positions">
          <float_array id="Cylinder_016-mesh-positions-array" count="11049">0.5554857 2.20867 -0.752614 0.4584603 2.093061 -1.198637 0.5629553 2.209037 -0.752614 0.4659301 2.093428 -1.198637 0.570353 2.210134 -0.752614 0.4733277 2.094525 -1.198637 0.5776075 2.211951 -0.752614 0.4805823 2.096342 -1.198637 0.584649 2.214471 -0.752614 0.4876239 2.098862 -1.198637 0.5914096 2.217669 -0.752614 0.4943843 2.102059 -1.198637 0.5978243 2.221513 -0.752614 0.500799 2.105904 -1.198637 0.6038311 2.225968 -0.752614 0.5068059 2.110359 -1.198637 0.6093724 2.23099 -0.752614 0.5123471 2.115381 -1.198637 0.6143949 2.236532 -0.752614 0.5173694 2.120923 -1.198637 0.6188498 2.242539 -0.752614 0.5218245 2.126929 -1.198637 0.6226946 2.248954 -0.752614 0.5256694 2.133345 -1.198637 0.6258922 2.255714 -0.752614 0.5288669 2.140105 -1.198637 0.6284117 2.262755 -0.752614 0.5313864 2.147146 -1.198637 0.6302289 2.27001 -0.752614 0.5332034 2.154401 -1.198637 0.6313261 2.277408 -0.752614 0.5343008 2.161799 -1.198637 0.6316932 2.284877 -0.752614 0.5346677 2.169268 -1.198637 0.6313261 2.292347 -0.752614 0.5343008 2.176738 -1.198637 0.6302289 2.299745 -0.752614 0.5332034 2.184135 -1.198637 0.6284117 2.306999 -0.752614 0.5313861 2.19139 -1.198637 0.6258922 2.314041 -0.752614 0.5288669 2.198432 -1.198637 0.6226946 2.320801 -0.752614 0.5256694 2.205192 -1.198637 0.6188498 2.327216 -0.752614 0.5218245 2.211607 -1.198637 0.6143949 2.333223 -0.752614 0.5173694 2.217614 -1.198637 0.6093724 2.338764 -0.752614 0.5123471 2.223155 -1.198637 0.6038311 2.343786 -0.752614 0.5068059 2.228177 -1.198637 0.5978242 2.348242 -0.752614 0.500799 2.232632 -1.198637 0.5914096 2.352087 -0.752614 0.4943843 2.236478 -1.198637 0.584649 2.355284 -0.752614 0.4876239 2.239675 -1.198637 0.5776076 2.357803 -0.752614 0.4805823 2.242194 -1.198637 0.570353 2.359621 -0.752614 0.4733277 2.244012 -1.198637 0.5629553 2.360718 -0.752614 0.4659301 2.245109 -1.198637 0.5554857 2.361084 -0.752614 0.4584603 2.245476 -1.198637 0.5480161 2.360718 -0.752614 0.4509909 2.245109 -1.198637 0.5406184 2.359621 -0.752614 0.4435932 2.244012 -1.198637 0.5333639 2.357803 -0.752614 0.4363386 2.242194 -1.198637 0.5263223 2.355284 -0.752614 0.4292972 2.239675 -1.198637 0.5195618 2.352087 -0.752614 0.4225364 2.236478 -1.198637 0.5131471 2.348242 -0.752614 0.4161219 2.232632 -1.198637 0.5071402 2.343786 -0.752614 0.410115 2.228177 -1.198637 0.5015989 2.338764 -0.752614 0.4045737 2.223155 -1.198637 0.4965767 2.333223 -0.752614 0.3995513 2.217614 -1.198637 0.4921216 2.327216 -0.752614 0.3950964 2.211607 -1.198637 0.4882768 2.320801 -0.752614 0.3912515 2.205192 -1.198637 0.4850793 2.314041 -0.752614 0.388054 2.198432 -1.198637 0.4825598 2.306999 -0.752614 0.3855345 2.19139 -1.198637 0.4807426 2.299745 -0.752614 0.3837173 2.184135 -1.198637 0.4796453 2.292347 -0.752614 0.38262 2.176738 -1.198637 0.4792783 2.284877 -0.752614 0.382253 2.169268 -1.198637 0.4796453 2.277408 -0.752614 0.38262 2.161799 -1.198637 0.4807426 2.27001 -0.752614 0.3837173 2.154401 -1.198637 0.4825598 2.262755 -0.752614 0.3855345 2.147146 -1.198637 0.4850793 2.255714 -0.752614 0.388054 2.140105 -1.198637 0.4882768 2.248954 -0.752614 0.3912515 2.133345 -1.198637 0.4921216 2.242539 -0.752614 0.3950964 2.126929 -1.198637 0.4965767 2.236532 -0.752614 0.3995513 2.120923 -1.198637 0.5015989 2.23099 -0.752614 0.4045737 2.115381 -1.198637 0.5071402 2.225968 -0.752614 0.410115 2.110359 -1.198637 0.5131471 2.221513 -0.752614 0.4161219 2.105904 -1.198637 0.5195618 2.217669 -0.752614 0.4225366 2.102059 -1.198637 0.5263223 2.214471 -0.752614 0.4292972 2.098862 -1.198637 0.5333639 2.211951 -0.752614 0.4363386 2.096342 -1.198637 0.5406184 2.210134 -0.752614 0.4435932 2.094525 -1.198637 0.548016 2.209037 -0.752614 0.4509909 2.093428 -1.198637 0.3319679 2.523844 -1.792321 0.3244981 2.523477 -1.792321 0.3393656 2.524942 -1.792321 0.34662 2.526759 -1.792321 0.3536615 2.529278 -1.792321 0.3604221 2.532476 -1.792321 0.3668367 2.53632 -1.792321 0.3728436 2.540775 -1.792321 0.378385 2.545798 -1.792321 0.3834072 2.551339 -1.792321 0.3878624 2.557346 -1.792321 0.3917071 2.56376 -1.792321 0.3949046 2.570521 -1.792321 0.3974242 2.577563 -1.792321 0.3992413 2.584817 -1.792321 0.4003387 2.592215 -1.792321 0.4007056 2.599684 -1.792321 0.4003387 2.607154 -1.792321 0.3992413 2.614552 -1.792321 0.3974242 2.621806 -1.792321 0.3949046 2.628848 -1.792321 0.3917071 2.635608 -1.792321 0.3878624 2.642023 -1.792321 0.3834072 2.64803 -1.792321 0.378385 2.653571 -1.792321 0.3728436 2.658594 -1.792321 0.3668367 2.663049 -1.792321 0.3604221 2.666893 -1.792321 0.3536615 2.670091 -1.792321 0.34662 2.67261 -1.792321 0.3393656 2.674427 -1.792321 0.3319679 2.675525 -1.792321 0.3244981 2.675892 -1.792321 0.3170285 2.675525 -1.792321 0.3096309 2.674427 -1.792321 0.3023764 2.67261 -1.792321 0.2953348 2.670091 -1.792321 0.2885743 2.666893 -1.792321 0.2821596 2.663049 -1.792321 0.2761527 2.658594 -1.792321 0.2706114 2.653571 -1.792321 0.265589 2.64803 -1.792321 0.261134 2.642023 -1.792321 0.2572892 2.635608 -1.792321 0.2540916 2.628848 -1.792321 0.2515722 2.621806 -1.792321 0.2497549 2.614552 -1.792321 0.2486577 2.607154 -1.792321 0.2482906 2.599684 -1.792321 0.2486577 2.592215 -1.792321 0.2497549 2.584817 -1.792321 0.2515722 2.577563 -1.792321 0.2540917 2.570521 -1.792321 0.2572892 2.56376 -1.792321 0.261134 2.557346 -1.792321 0.265589 2.551339 -1.792321 0.2706114 2.545798 -1.792321 0.2761527 2.540775 -1.792321 0.2821596 2.53632 -1.792321 0.2885743 2.532476 -1.792321 0.2953348 2.529278 -1.792321 0.3023762 2.526759 -1.792321 0.3096309 2.524942 -1.792321 0.3170285 2.523844 -1.792321 0.5554862 2.208671 0.7536249 0.4584612 2.093061 1.199649 0.5629558 2.209037 0.7536249 0.4659308 2.093428 1.199649 0.5703536 2.210135 0.7536249 0.4733286 2.094525 1.199649 0.5776081 2.211952 0.7536249 0.4805831 2.096342 1.199649 0.5846495 2.214471 0.7536249 0.4876245 2.098862 1.199649 0.5914102 2.217669 0.7536249 0.4943852 2.10206 1.199649 0.5978248 2.221513 0.7536249 0.5007997 2.105904 1.199649 0.6038317 2.225969 0.7536249 0.5068066 2.110359 1.199649 0.609373 2.230991 0.7536249 0.5123479 2.115382 1.199649 0.6143953 2.236532 0.7536249 0.5173702 2.120923 1.199649 0.6188504 2.242539 0.7536249 0.5218254 2.12693 1.199649 0.6226952 2.248954 0.7536249 0.5256701 2.133345 1.199649 0.6258927 2.255714 0.7536249 0.5288676 2.140105 1.199649 0.6284123 2.262756 0.7536249 0.531387 2.147146 1.199649 0.6302293 2.27001 0.7536249 0.5332043 2.154401 1.199649 0.6313266 2.277408 0.7536249 0.5343015 2.161799 1.199649 0.6316936 2.284878 0.7536249 0.5346686 2.169268 1.199649 0.6313266 2.292347 0.7536249 0.5343015 2.176738 1.199649 0.6302293 2.299745 0.7536249 0.5332043 2.184136 1.199649 0.6284121 2.306999 0.7536249 0.531387 2.19139 1.199649 0.6258927 2.314041 0.7536249 0.5288676 2.198432 1.199649 0.6226952 2.320801 0.7536249 0.5256701 2.205193 1.199649 0.6188504 2.327216 0.7536249 0.5218254 2.211607 1.199649 0.6143953 2.333223 0.7536249 0.5173702 2.217614 1.199649 0.609373 2.338764 0.7536249 0.5123479 2.223155 1.199649 0.6038317 2.343787 0.7536249 0.5068066 2.228178 1.199649 0.5978248 2.348242 0.7536249 0.5007997 2.232633 1.199649 0.5914102 2.352087 0.7536249 0.4943852 2.236478 1.199649 0.5846495 2.355284 0.7536249 0.4876245 2.239675 1.199649 0.5776081 2.357804 0.7536249 0.4805831 2.242195 1.199649 0.5703536 2.359621 0.7536249 0.4733286 2.244012 1.199649 0.5629558 2.360718 0.7536249 0.4659308 2.245109 1.199649 0.5554862 2.361086 0.7536249 0.4584612 2.245476 1.199649 0.5480166 2.360718 0.7536249 0.4509916 2.245109 1.199649 0.5406189 2.359621 0.7536249 0.4435939 2.244012 1.199649 0.5333643 2.357804 0.7536249 0.4363393 2.242195 1.199649 0.5263229 2.355284 0.7536249 0.4292979 2.239675 1.199649 0.5195622 2.352087 0.7536249 0.4225372 2.236478 1.199649 0.5131475 2.348242 0.7536249 0.4161226 2.232633 1.199649 0.5071406 2.343787 0.7536249 0.4101157 2.228178 1.199649 0.5015995 2.338764 0.7536249 0.4045745 2.223155 1.199649 0.4965771 2.333223 0.7536249 0.3995521 2.217614 1.199649 0.4921221 2.327216 0.7536249 0.3950971 2.211607 1.199649 0.4882773 2.320801 0.7536249 0.3912522 2.205193 1.199649 0.4850797 2.314041 0.7536259 0.3880547 2.198432 1.199649 0.4825603 2.306999 0.7536259 0.3855352 2.19139 1.199649 0.4807431 2.299745 0.7536259 0.383718 2.184136 1.199649 0.4796458 2.292347 0.7536259 0.3826208 2.176738 1.199649 0.4792788 2.284878 0.7536259 0.3822537 2.169268 1.199649 0.4796458 2.277408 0.7536259 0.3826208 2.161799 1.199649 0.4807431 2.27001 0.7536259 0.383718 2.154401 1.199649 0.4825603 2.262756 0.7536259 0.3855352 2.147146 1.199649 0.4850797 2.255714 0.7536259 0.3880547 2.140105 1.199649 0.4882773 2.248954 0.7536259 0.3912522 2.133345 1.199649 0.4921221 2.242539 0.7536259 0.3950971 2.12693 1.199649 0.4965771 2.236532 0.7536259 0.3995521 2.120923 1.199649 0.5015993 2.230991 0.7536259 0.4045743 2.115382 1.199649 0.5071406 2.225969 0.7536259 0.4101157 2.110359 1.199649 0.5131475 2.221513 0.7536249 0.4161226 2.105904 1.199649 0.5195623 2.217669 0.7536249 0.4225373 2.10206 1.199649 0.5263229 2.214471 0.7536249 0.4292979 2.098862 1.199649 0.5333643 2.211952 0.7536249 0.4363393 2.096342 1.199649 0.5406189 2.210135 0.7536249 0.4435939 2.094525 1.199649 0.5480166 2.209037 0.7536249 0.4509916 2.093428 1.199649 0.331969 2.523845 1.793334 0.3244994 2.523478 1.793334 0.3393667 2.524942 1.793334 0.3466212 2.526759 1.793334 0.3536627 2.529279 1.793334 0.3604233 2.532477 1.793334 0.366838 2.536321 1.793334 0.3728449 2.540776 1.793334 0.3783861 2.545798 1.793334 0.3834086 2.55134 1.793334 0.3878635 2.557346 1.793334 0.3917083 2.563762 1.793334 0.3949059 2.570522 1.793334 0.3974254 2.577563 1.793334 0.3992426 2.584818 1.793334 0.4003399 2.592216 1.793334 0.4007069 2.599685 1.793334 0.4003399 2.607155 1.793334 0.3992426 2.614553 1.793334 0.3974254 2.621807 1.793334 0.3949059 2.628849 1.793334 0.3917083 2.63561 1.793334 0.3878635 2.642024 1.793334 0.3834086 2.648031 1.793334 0.3783861 2.653572 1.793334 0.3728449 2.658594 1.793334 0.366838 2.66305 1.793334 0.3604233 2.666894 1.793334 0.3536627 2.670092 1.793334 0.3466213 2.672611 1.793334 0.3393667 2.674428 1.793334 0.331969 2.675526 1.793334 0.3244994 2.675893 1.793334 0.3170298 2.675526 1.793334 0.309632 2.674428 1.793334 0.3023775 2.672611 1.793334 0.295336 2.670092 1.793334 0.2885754 2.666894 1.793334 0.2821608 2.66305 1.793334 0.2761539 2.658594 1.793334 0.2706125 2.653572 1.793334 0.2655903 2.648031 1.793334 0.2611352 2.642024 1.793334 0.2572904 2.63561 1.793334 0.2540929 2.628849 1.793334 0.2515733 2.621807 1.793334 0.2497562 2.614553 1.793334 0.248659 2.607155 1.793334 0.2482919 2.599685 1.793334 0.248659 2.592216 1.793334 0.2497562 2.584818 1.793334 0.2515733 2.577563 1.793334 0.2540929 2.570522 1.793334 0.2572904 2.563762 1.793334 0.2611352 2.557347 1.793334 0.2655903 2.55134 1.793334 0.2706125 2.545798 1.793334 0.2761539 2.540776 1.793334 0.2821608 2.536321 1.793334 0.2885754 2.532477 1.793334 0.295336 2.529279 1.793334 0.3023775 2.526759 1.793334 0.309632 2.524942 1.793334 0.3170297 2.523845 1.793334 0.261589 2.512512 -0.658823 0.2615888 2.512512 -0.9548397 0.2760962 2.513225 -0.658823 0.2760961 2.513225 -0.9548397 0.2904639 2.515356 -0.658823 0.2904638 2.515356 -0.9548397 0.3045535 2.518886 -0.658823 0.3045533 2.518886 -0.9548397 0.3182293 2.523779 -0.658823 0.3182291 2.523779 -0.9548397 0.3313594 2.529989 -0.658823 0.3313593 2.529989 -0.9548397 0.3438179 2.537456 -0.658823 0.3438177 2.537456 -0.9548397 0.3554844 2.546109 -0.658823 0.3554843 2.546109 -0.9548397 0.3662465 2.555863 -0.658823 0.3662463 2.555863 -0.9548397 0.3760007 2.566625 -0.658823 0.3760006 2.566625 -0.9548397 0.3846532 2.578291 -0.658823 0.3846531 2.578291 -0.9548397 0.3921204 2.59075 -0.658823 0.3921203 2.59075 -0.9548397 0.3983306 2.603881 -0.658823 0.3983305 2.603881 -0.9548397 0.403224 2.617556 -0.658823 0.4032238 2.617556 -0.9548397 0.4067532 2.631645 -0.658823 0.406753 2.631645 -0.9548397 0.4088844 2.646013 -0.658823 0.4088842 2.646013 -0.9548397 0.409597 2.660521 -0.658823 0.4095969 2.660521 -0.9548397 0.4088844 2.675027 -0.658823 0.4088842 2.675027 -0.9548397 0.4067532 2.689395 -0.658823 0.406753 2.689395 -0.9548397 0.403224 2.703485 -0.658823 0.4032238 2.703485 -0.9548397 0.3983306 2.71716 -0.658823 0.3983305 2.71716 -0.9548397 0.3921205 2.730291 -0.658823 0.3921204 2.730291 -0.9548397 0.3846532 2.74275 -0.658823 0.3846531 2.74275 -0.9548397 0.3760007 2.754416 -0.658823 0.3760006 2.754416 -0.9548397 0.3662465 2.765178 -0.658823 0.3662463 2.765178 -0.9548397 0.3554844 2.774932 -0.658823 0.3554843 2.774932 -0.9548397 0.3438179 2.783585 -0.658823 0.3438177 2.783585 -0.9548397 0.3313594 2.791052 -0.658823 0.3313593 2.791052 -0.9548397 0.3182293 2.797262 -0.658823 0.3182291 2.797262 -0.9548397 0.3045535 2.802155 -0.658823 0.3045533 2.802155 -0.9548397 0.2904639 2.805685 -0.658823 0.2904638 2.805685 -0.9548397 0.2760962 2.807816 -0.658823 0.2760961 2.807816 -0.9548397 0.261589 2.808529 -0.658823 0.2615888 2.808529 -0.9548397 0.2470816 2.807816 -0.658823 0.2470814 2.807816 -0.9548397 0.232714 2.805685 -0.658823 0.2327139 2.805685 -0.9548397 0.2186244 2.802155 -0.658823 0.2186243 2.802155 -0.9548397 0.2049486 2.797262 -0.658823 0.2049485 2.797262 -0.9548397 0.1918184 2.791052 -0.658823 0.1918182 2.791052 -0.9548397 0.1793599 2.783585 -0.658823 0.1793597 2.783585 -0.9548397 0.1676935 2.774932 -0.658823 0.1676934 2.774932 -0.9548397 0.1569314 2.765178 -0.658823 0.1569313 2.765178 -0.9548397 0.1471772 2.754416 -0.658823 0.147177 2.754416 -0.9548397 0.1385247 2.74275 -0.658823 0.1385245 2.74275 -0.9548397 0.1310574 2.730291 -0.658823 0.1310573 2.730291 -0.9548397 0.1248473 2.71716 -0.658823 0.1248472 2.71716 -0.9548397 0.119954 2.703485 -0.658823 0.1199538 2.703485 -0.9548397 0.1164247 2.689395 -0.658823 0.1164246 2.689395 -0.9548397 0.1142935 2.675027 -0.658823 0.1142932 2.675027 -0.9548397 0.1135807 2.660521 -0.658823 0.1135806 2.660521 -0.9548397 0.1142935 2.646013 -0.658823 0.1142932 2.646013 -0.9548397 0.1164247 2.631645 -0.658823 0.1164246 2.631645 -0.9548397 0.119954 2.617556 -0.658823 0.1199538 2.617556 -0.9548397 0.1248473 2.603881 -0.658823 0.1248472 2.603881 -0.9548397 0.1310574 2.59075 -0.658823 0.1310573 2.59075 -0.9548397 0.1385247 2.578291 -0.658823 0.1385245 2.578291 -0.9548397 0.1471772 2.566625 -0.658823 0.147177 2.566625 -0.9548397 0.1569314 2.555863 -0.658823 0.1569313 2.555863 -0.9548397 0.1676936 2.546109 -0.658823 0.1676935 2.546109 -0.9548397 0.1793599 2.537456 -0.658823 0.1793597 2.537456 -0.9548397 0.1918184 2.529989 -0.658823 0.1918182 2.529989 -0.9548397 0.2049486 2.523779 -0.658823 0.2049485 2.523779 -0.9548397 0.2186244 2.518886 -0.658823 0.2186243 2.518886 -0.9548397 0.232714 2.515356 -0.658823 0.2327139 2.515356 -0.9548397 0.2470816 2.513225 -0.658823 0.2470814 2.513225 -0.9548397 0.3352082 2.513225 -1.7914 0.3207009 2.512512 -1.7914 0.3495759 2.515356 -1.7914 0.3636654 2.518886 -1.7914 0.3773412 2.523779 -1.7914 0.3904715 2.529988 -1.7914 0.4029299 2.537456 -1.7914 0.4145962 2.546109 -1.7914 0.4253585 2.555863 -1.7914 0.4351128 2.566625 -1.7914 0.4437652 2.578291 -1.7914 0.4512324 2.59075 -1.7914 0.4574427 2.60388 -1.7914 0.4623359 2.617556 -1.7914 0.4658651 2.631645 -1.7914 0.4679964 2.646013 -1.7914 0.4687091 2.66052 -1.7914 0.4679964 2.675027 -1.7914 0.4658651 2.689395 -1.7914 0.4623359 2.703484 -1.7914 0.4574427 2.71716 -1.7914 0.4512324 2.730291 -1.7914 0.4437652 2.742749 -1.7914 0.4351128 2.754415 -1.7914 0.4253585 2.765178 -1.7914 0.4145962 2.774932 -1.7914 0.4029299 2.783585 -1.7914 0.3904715 2.791051 -1.7914 0.3773412 2.797262 -1.7914 0.3636655 2.802155 -1.7914 0.3495759 2.805685 -1.7914 0.3352082 2.807816 -1.7914 0.3207009 2.808528 -1.7914 0.3061937 2.807816 -1.7914 0.291826 2.805685 -1.7914 0.2777366 2.802155 -1.7914 0.2640606 2.797262 -1.7914 0.2509304 2.791051 -1.7914 0.2384719 2.783585 -1.7914 0.2268057 2.774932 -1.7914 0.2160434 2.765178 -1.7914 0.2062891 2.754415 -1.7914 0.1976367 2.742749 -1.7914 0.1901695 2.730291 -1.7914 0.1839592 2.71716 -1.7914 0.179066 2.703484 -1.7914 0.1755366 2.689395 -1.7914 0.1734055 2.675027 -1.7914 0.1726928 2.66052 -1.7914 0.1734055 2.646013 -1.7914 0.1755366 2.631645 -1.7914 0.179066 2.617556 -1.7914 0.1839592 2.60388 -1.7914 0.1901695 2.59075 -1.7914 0.1976367 2.578291 -1.7914 0.2062891 2.566625 -1.7914 0.2160434 2.555863 -1.7914 0.2268057 2.546109 -1.7914 0.2384719 2.537456 -1.7914 0.2509304 2.529988 -1.7914 0.2640606 2.523779 -1.7914 0.2777364 2.518886 -1.7914 0.291826 2.515356 -1.7914 0.3061935 2.513225 -1.7914 0.2615894 2.512512 0.6598349 0.2615894 2.512512 0.9558506 0.2760968 2.513225 0.6598349 0.2760967 2.513225 0.9558506 0.2904644 2.515356 0.6598349 0.2904644 2.515356 0.9558506 0.3045539 2.518886 0.6598349 0.3045538 2.518886 0.9558506 0.3182297 2.523779 0.6598349 0.3182297 2.523779 0.9558506 0.3313599 2.529989 0.6598349 0.3313599 2.529989 0.9558506 0.3438183 2.537456 0.6598349 0.3438181 2.537456 0.9558506 0.3554849 2.546109 0.6598349 0.3554847 2.546109 0.9558506 0.3662469 2.555863 0.6598349 0.3662469 2.555863 0.9558506 0.3760012 2.566625 0.6598349 0.3760012 2.566625 0.9558506 0.3846537 2.578291 0.6598349 0.3846537 2.578291 0.9558506 0.392121 2.59075 0.6598349 0.3921208 2.59075 0.9558506 0.3983311 2.603881 0.6598349 0.3983311 2.603881 0.9558506 0.4032244 2.617556 0.6598349 0.4032242 2.617556 0.9558506 0.4067536 2.631645 0.6598349 0.4067536 2.631645 0.9558506 0.4088848 2.646013 0.6598349 0.4088848 2.646013 0.9558506 0.4095975 2.660521 0.6598349 0.4095975 2.660521 0.9558506 0.4088848 2.675027 0.6598349 0.4088848 2.675027 0.9558506 0.4067536 2.689395 0.6598349 0.4067536 2.689395 0.9558506 0.4032244 2.703485 0.6598349 0.4032242 2.703485 0.9558506 0.3983311 2.71716 0.6598349 0.3983311 2.71716 0.9558506 0.392121 2.730291 0.6598349 0.3921208 2.730291 0.9558506 0.3846537 2.74275 0.6598349 0.3846537 2.74275 0.9558506 0.3760012 2.754416 0.6598349 0.3760012 2.754416 0.9558506 0.3662469 2.765178 0.6598349 0.3662469 2.765178 0.9558506 0.3554849 2.774932 0.6598349 0.3554847 2.774932 0.9558506 0.3438183 2.783585 0.6598349 0.3438181 2.783585 0.9558506 0.33136 2.791052 0.6598349 0.3313599 2.791052 0.9558506 0.3182297 2.797262 0.6598349 0.3182297 2.797262 0.9558506 0.3045539 2.802155 0.6598349 0.3045538 2.802155 0.9558506 0.2904644 2.805685 0.6598349 0.2904644 2.805685 0.9558506 0.2760968 2.807816 0.6598349 0.2760967 2.807816 0.9558506 0.2615894 2.808529 0.6598349 0.2615894 2.808529 0.9558506 0.2470821 2.807816 0.6598349 0.2470821 2.807816 0.9558506 0.2327145 2.805685 0.6598349 0.2327145 2.805685 0.9558506 0.218625 2.802155 0.6598349 0.218625 2.802155 0.9558506 0.2049492 2.797262 0.6598349 0.2049492 2.797262 0.9558506 0.1918188 2.791052 0.6598349 0.1918189 2.791052 0.9558516 0.1793605 2.783585 0.6598349 0.1793605 2.783585 0.9558516 0.1676941 2.774932 0.6598349 0.1676941 2.774932 0.9558516 0.1569319 2.765178 0.6598349 0.156932 2.765178 0.9558516 0.1471776 2.754416 0.6598349 0.1471777 2.754416 0.9558516 0.1385251 2.74275 0.6598349 0.1385253 2.74275 0.9558516 0.131058 2.730291 0.6598349 0.131058 2.730291 0.9558516 0.1248478 2.71716 0.6598349 0.1248479 2.71716 0.9558516 0.1199545 2.703485 0.6598349 0.1199545 2.703485 0.9558516 0.1164252 2.689395 0.6598349 0.1164253 2.689395 0.9558516 0.1142938 2.675027 0.6598349 0.1142939 2.675027 0.9558516 0.1135812 2.660521 0.6598349 0.1135813 2.660521 0.9558516 0.1142938 2.646013 0.6598349 0.1142939 2.646013 0.9558516 0.1164252 2.631645 0.6598349 0.1164253 2.631645 0.9558516 0.1199545 2.617556 0.6598349 0.1199545 2.617556 0.9558516 0.1248478 2.603881 0.6598349 0.1248479 2.603881 0.9558516 0.131058 2.59075 0.6598349 0.131058 2.59075 0.9558516 0.1385251 2.578291 0.6598349 0.1385253 2.578291 0.9558516 0.1471776 2.566625 0.6598349 0.1471777 2.566625 0.9558516 0.1569319 2.555863 0.6598349 0.156932 2.555863 0.9558516 0.1676941 2.546109 0.6598349 0.1676941 2.546109 0.9558516 0.1793605 2.537456 0.6598349 0.1793605 2.537456 0.9558516 0.1918188 2.529989 0.6598349 0.1918189 2.529989 0.9558516 0.2049492 2.523779 0.6598349 0.2049492 2.523779 0.9558516 0.2186248 2.518886 0.6598349 0.218625 2.518886 0.9558516 0.2327145 2.515356 0.6598349 0.2327145 2.515356 0.9558516 0.2470821 2.513225 0.6598349 0.2470821 2.513225 0.9558516 0.3352094 2.513225 1.792413 0.3207022 2.512513 1.792413 0.3495771 2.515356 1.792413 0.3636665 2.518886 1.792413 0.3773424 2.523779 1.792413 0.3904727 2.529989 1.792413 0.4029309 2.537456 1.792413 0.4145973 2.546109 1.792413 0.4253597 2.555863 1.792413 0.4351138 2.566626 1.792413 0.4437662 2.578292 1.792413 0.4512336 2.59075 1.792413 0.4574437 2.603881 1.792413 0.4623369 2.617557 1.792413 0.4658661 2.631645 1.792413 0.4679976 2.646013 1.792413 0.4687101 2.660521 1.792413 0.4679976 2.675028 1.792413 0.4658661 2.689395 1.792413 0.4623369 2.703485 1.792413 0.4574437 2.717161 1.792413 0.4512336 2.730291 1.792413 0.4437662 2.74275 1.792413 0.4351138 2.754416 1.792413 0.4253597 2.765178 1.792413 0.4145973 2.774932 1.792413 0.4029309 2.783585 1.792413 0.3904727 2.791053 1.792413 0.3773424 2.797262 1.792413 0.3636665 2.802155 1.792413 0.3495771 2.805685 1.792413 0.3352094 2.807816 1.792413 0.3207022 2.808529 1.792413 0.3061949 2.807816 1.792413 0.2918272 2.805685 1.792413 0.2777376 2.802155 1.792413 0.2640619 2.797262 1.792413 0.2509316 2.791053 1.792413 0.2384731 2.783585 1.792413 0.2268067 2.774932 1.792413 0.2160446 2.765178 1.792413 0.2062903 2.754416 1.792413 0.1976379 2.74275 1.792413 0.1901705 2.730291 1.792413 0.1839604 2.717161 1.792413 0.1790671 2.703485 1.792413 0.175538 2.689395 1.792413 0.1734066 2.675028 1.792413 0.172694 2.660521 1.792413 0.1734066 2.646013 1.792413 0.175538 2.631645 1.792413 0.1790671 2.617557 1.792413 0.1839604 2.603881 1.792413 0.1901705 2.59075 1.792413 0.1976379 2.578292 1.792413 0.2062903 2.566626 1.792413 0.2160446 2.555863 1.792413 0.2268068 2.546109 1.792413 0.2384731 2.537456 1.792413 0.2509316 2.529989 1.792413 0.2640619 2.523779 1.792413 0.2777376 2.518886 1.792413 0.2918272 2.515356 1.792413 0.3061947 2.513225 1.792413 0.04139852 3.043208 -0.750905 0.04593431 3.043208 -0.9257488 0.0499674 3.043629 -0.750905 0.05450308 3.043629 -0.9257488 0.05845355 3.044888 -0.750905 0.06298935 3.044888 -0.9257488 0.06677567 3.046973 -0.750905 0.07131147 3.046973 -0.9257488 0.07485342 3.049863 -0.750905 0.07938921 3.049863 -0.9257488 0.08260881 3.053532 -0.750905 0.08714461 3.053532 -0.9257488 0.0899676 3.057942 -0.750905 0.09450328 3.057942 -0.9257488 0.0968585 3.063053 -0.750905 0.1013941 3.063053 -0.9257488 0.1032151 3.068814 -0.750905 0.1077509 3.068814 -0.9257488 0.1089766 3.075171 -0.750905 0.1135124 3.075171 -0.9257488 0.1140871 3.082062 -0.750905 0.1186229 3.082062 -0.9257488 0.1184977 3.089421 -0.750905 0.1230335 3.089421 -0.9257488 0.1221659 3.097175 -0.750905 0.1267017 3.097175 -0.9257488 0.1250562 3.105254 -0.750905 0.129592 3.105254 -0.9257488 0.1271409 3.113575 -0.750905 0.1316766 3.113575 -0.9257488 0.1283996 3.122062 -0.750905 0.1329354 3.122062 -0.9257488 0.1288205 3.130631 -0.750905 0.1333563 3.130631 -0.9257488 0.1283996 3.1392 -0.750905 0.1329354 3.1392 -0.9257488 0.1271409 3.147686 -0.750905 0.1316766 3.147686 -0.9257488 0.1250562 3.156008 -0.750905 0.129592 3.156008 -0.9257488 0.1221659 3.164086 -0.750905 0.1267017 3.164086 -0.9257488 0.1184977 3.171841 -0.750905 0.1230335 3.171841 -0.9257488 0.1140871 3.1792 -0.750905 0.1186229 3.1792 -0.9257488 0.1089766 3.18609 -0.750905 0.1135124 3.18609 -0.9257488 0.1032151 3.192447 -0.750905 0.1077509 3.192447 -0.9257488 0.0968585 3.198209 -0.750905 0.1013941 3.198209 -0.9257488 0.0899676 3.203319 -0.750905 0.09450328 3.203319 -0.9257488 0.08260881 3.207731 -0.750905 0.08714461 3.207731 -0.9257488 0.07485342 3.211398 -0.750905 0.07938921 3.211398 -0.9257488 0.06677579 3.214288 -0.750905 0.07131147 3.214288 -0.9257488 0.05845355 3.216373 -0.750905 0.06298935 3.216373 -0.9257488 0.0499674 3.217632 -0.750905 0.05450308 3.217632 -0.9257488 0.04139852 3.218053 -0.750905 0.04593431 3.218053 -0.9257488 0.03282964 3.217632 -0.750905 0.03736543 3.217632 -0.9257488 0.02434325 3.216373 -0.750905 0.02887904 3.216373 -0.9257488 0.01602125 3.214288 -0.750905 0.02055692 3.214288 -0.9257488 0.007943391 3.211398 -0.750905 0.01247918 3.211398 -0.9257488 1.88149e-4 3.207731 -0.750905 0.004723787 3.207731 -0.9257488 -0.007170617 3.203319 -0.750905 -0.002634823 3.203319 -0.9257488 -0.01406139 3.198209 -0.750905 -0.009525597 3.198209 -0.9257488 -0.0204181 3.192447 -0.750905 -0.01588243 3.192447 -0.9257488 -0.02617961 3.18609 -0.750905 -0.02164393 3.18609 -0.9257488 -0.03129023 3.1792 -0.750905 -0.02675443 3.1792 -0.9257488 -0.03570085 3.171841 -0.750905 -0.03116506 3.171841 -0.9257488 -0.0393688 3.164086 -0.750905 -0.03483313 3.164086 -0.9257488 -0.04225927 3.156008 -0.750905 -0.03772348 3.156008 -0.9257488 -0.04434365 3.147686 -0.750905 -0.03980785 3.147686 -0.9257488 -0.0456025 3.1392 -0.750905 -0.0410667 3.1392 -0.9257488 -0.04602342 3.130631 -0.750905 -0.04148763 3.130631 -0.9257488 -0.0456025 3.122062 -0.750905 -0.0410667 3.122062 -0.9257488 -0.04434365 3.113575 -0.750905 -0.03980785 3.113575 -0.9257488 -0.04225927 3.105254 -0.750905 -0.03772348 3.105254 -0.9257488 -0.0393688 3.097175 -0.750905 -0.03483313 3.097175 -0.9257488 -0.03570085 3.089421 -0.750905 -0.03116506 3.089421 -0.9257488 -0.03129023 3.082062 -0.750905 -0.02675443 3.082062 -0.9257488 -0.02617961 3.075171 -0.750905 -0.02164393 3.075171 -0.9257488 -0.0204181 3.068814 -0.750905 -0.01588243 3.068814 -0.9257488 -0.01406139 3.063053 -0.750905 -0.009525597 3.063053 -0.9257488 -0.007170617 3.057942 -0.750905 -0.002634823 3.057942 -0.9257488 1.88149e-4 3.053532 -0.750905 0.004723787 3.053532 -0.9257488 0.007943391 3.049863 -0.750905 0.01247918 3.049863 -0.9257488 0.01602125 3.046973 -0.750905 0.02055692 3.046973 -0.9257488 0.02434325 3.044888 -0.750905 0.02887904 3.044888 -0.9257488 0.03282952 3.043629 -0.750905 0.03736531 3.043629 -0.9257488 0.3232194 2.646655 -1.756104 0.3146505 2.646234 -1.756104 0.3317058 2.647915 -1.756104 0.3400278 2.649999 -1.756104 0.3481056 2.652889 -1.756104 0.3558611 2.656557 -1.756104 0.3632196 2.660968 -1.756104 0.3701106 2.666078 -1.756104 0.3764674 2.67184 -1.756104 0.3822287 2.678197 -1.756104 0.3873394 2.685088 -1.756104 0.3917499 2.692447 -1.756104 0.395418 2.700201 -1.756104 0.3983082 2.70828 -1.756104 0.4003929 2.716602 -1.756104 0.4016517 2.725088 -1.756104 0.4020726 2.733656 -1.756104 0.4016517 2.742225 -1.756104 0.4003929 2.750711 -1.756104 0.3983082 2.759034 -1.756104 0.395418 2.767112 -1.756104 0.3917499 2.774867 -1.756104 0.3873394 2.782226 -1.756104 0.3822287 2.789116 -1.756104 0.3764674 2.795474 -1.756104 0.3701106 2.801235 -1.756104 0.3632196 2.806345 -1.756104 0.3558611 2.810756 -1.756104 0.3481056 2.814424 -1.756104 0.3400278 2.817314 -1.756104 0.3317058 2.819399 -1.756104 0.3232194 2.820658 -1.756104 0.3146505 2.821079 -1.756104 0.3060818 2.820658 -1.756104 0.2975954 2.819399 -1.756104 0.2892735 2.817314 -1.756104 0.2811957 2.814424 -1.756104 0.2734401 2.810756 -1.756104 0.2660816 2.806345 -1.756104 0.2591906 2.801235 -1.756104 0.2528339 2.795474 -1.756104 0.2470723 2.789116 -1.756104 0.2419618 2.782226 -1.756104 0.2375513 2.774867 -1.756104 0.2338833 2.767112 -1.756104 0.2309929 2.759034 -1.756104 0.2289083 2.750711 -1.756104 0.2276495 2.742225 -1.756104 0.2272284 2.733656 -1.756104 0.2276495 2.725088 -1.756104 0.2289083 2.716602 -1.756104 0.2309929 2.70828 -1.756104 0.2338833 2.700201 -1.756104 0.2375513 2.692447 -1.756104 0.2419618 2.685088 -1.756104 0.2470723 2.678197 -1.756104 0.2528339 2.67184 -1.756104 0.2591906 2.666078 -1.756104 0.2660816 2.660968 -1.756104 0.2734401 2.656557 -1.756104 0.2811957 2.652889 -1.756104 0.2892735 2.649999 -1.756104 0.2975954 2.647915 -1.756104 0.3060818 2.646655 -1.756104 0.04139888 3.043208 0.7519169 0.04593479 3.043208 0.9267607 0.04996776 3.043629 0.7519169 0.05450356 3.043629 0.9267607 0.05845415 3.044888 0.7519169 0.06298995 3.044888 0.9267607 0.06677627 3.046973 0.7519169 0.07131206 3.046973 0.9267607 0.07485389 3.049863 0.7519169 0.07938969 3.049863 0.9267607 0.08260941 3.053532 0.7519169 0.0871452 3.053532 0.9267607 0.08996808 3.057942 0.7519169 0.09450387 3.057942 0.9267607 0.09685885 3.063053 0.7519169 0.1013948 3.063053 0.9267607 0.1032157 3.068814 0.7519169 0.1077515 3.068814 0.9267607 0.1089771 3.075171 0.7519169 0.1135129 3.075171 0.9267607 0.1140877 3.082062 0.7519169 0.1186234 3.082062 0.9267607 0.1184983 3.089421 0.7519169 0.1230341 3.089421 0.9267607 0.1221664 3.097175 0.7519169 0.1267022 3.097175 0.9267607 0.1250566 3.105254 0.7519169 0.1295924 3.105254 0.9267607 0.1271411 3.113575 0.7519169 0.1316769 3.113575 0.9267607 0.1283999 3.122062 0.7519169 0.1329357 3.122062 0.9267607 0.128821 3.130631 0.7519169 0.1333568 3.130631 0.9267607 0.1283999 3.1392 0.7519169 0.1329357 3.1392 0.9267607 0.1271411 3.147686 0.7519169 0.1316769 3.147686 0.9267607 0.1250566 3.156008 0.7519169 0.1295924 3.156008 0.9267607 0.1221664 3.164086 0.7519169 0.1267022 3.164086 0.9267607 0.1184983 3.171841 0.7519169 0.1230341 3.171841 0.9267607 0.1140877 3.1792 0.7519169 0.1186234 3.1792 0.9267607 0.1089771 3.18609 0.7519169 0.1135129 3.18609 0.9267607 0.1032157 3.192447 0.7519169 0.1077515 3.192447 0.9267607 0.09685885 3.198209 0.7519169 0.1013948 3.198209 0.9267607 0.08996808 3.203319 0.7519169 0.09450387 3.203319 0.9267607 0.08260941 3.207731 0.7519169 0.0871452 3.207731 0.9267607 0.07485389 3.211398 0.7519169 0.07938969 3.211398 0.9267607 0.06677627 3.214288 0.7519169 0.07131206 3.214288 0.9267607 0.05845415 3.216373 0.7519169 0.06298995 3.216373 0.9267607 0.04996776 3.217632 0.7519169 0.05450356 3.217632 0.9267607 0.04139888 3.218053 0.7519169 0.04593479 3.218053 0.9267607 0.03283011 3.217632 0.7519169 0.03736603 3.217632 0.9267607 0.02434384 3.216373 0.7519169 0.02887952 3.216373 0.9267607 0.01602172 3.214288 0.7519169 0.02055752 3.214288 0.9267607 0.007943987 3.211398 0.7519169 0.0124799 3.211398 0.9267607 1.88387e-4 3.207731 0.7519169 0.004724383 3.207731 0.9267607 -0.00717014 3.203319 0.7519169 -0.002634227 3.203319 0.9267607 -0.01406079 3.198209 0.7519169 -0.009525001 3.198209 0.9267607 -0.02041763 3.192447 0.7519169 -0.01588183 3.192447 0.9267607 -0.02617913 3.18609 0.7519169 -0.02164322 3.18609 0.9267607 -0.03128963 3.1792 0.7519169 -0.02675384 3.1792 0.9267607 -0.03570026 3.171841 0.7519169 -0.03116446 3.171841 0.9267607 -0.03936845 3.164086 0.7519169 -0.03483253 3.164086 0.9267607 -0.04225867 3.156008 0.7519169 -0.03772276 3.156008 0.9267607 -0.04434329 3.147686 0.7519169 -0.03980737 3.147686 0.9267607 -0.0456019 3.1392 0.7519169 -0.04106634 3.1392 0.9267607 -0.04602307 3.130631 0.7519169 -0.04148703 3.130631 0.9267607 -0.0456019 3.122062 0.7519169 -0.04106634 3.122062 0.9267607 -0.04434329 3.113575 0.7519169 -0.03980737 3.113575 0.9267607 -0.04225867 3.105254 0.7519169 -0.03772276 3.105254 0.9267607 -0.03936845 3.097175 0.7519169 -0.03483253 3.097175 0.9267607 -0.03570026 3.089421 0.7519169 -0.03116446 3.089421 0.9267607 -0.03128963 3.082062 0.7519169 -0.02675384 3.082062 0.9267607 -0.02617913 3.075171 0.7519169 -0.02164322 3.075171 0.9267607 -0.02041774 3.068814 0.7519169 -0.01588183 3.068814 0.9267607 -0.01406079 3.063053 0.7519169 -0.009525001 3.063053 0.9267607 -0.00717014 3.057942 0.7519169 -0.002634227 3.057942 0.9267607 1.88626e-4 3.053532 0.7519169 0.004724383 3.053532 0.9267607 0.007943987 3.049863 0.7519169 0.0124799 3.049863 0.9267607 0.0160216 3.046973 0.7519169 0.02055752 3.046973 0.9267607 0.02434384 3.044888 0.7519169 0.02887952 3.044888 0.9267607 0.03283011 3.043629 0.7519169 0.03736603 3.043629 0.9267607 0.3232206 2.646656 1.757116 0.3146519 2.646236 1.757116 0.331707 2.647915 1.757116 0.3400291 2.65 1.757116 0.3481067 2.65289 1.757116 0.3558622 2.656558 1.757116 0.3632209 2.660969 1.757116 0.3701117 2.666079 1.757116 0.3764685 2.671841 1.757116 0.3822299 2.678197 1.757116 0.3873406 2.685088 1.757116 0.3917512 2.692447 1.757116 0.3954192 2.700203 1.757116 0.3983094 2.70828 1.757116 0.4003941 2.716602 1.757116 0.4016528 2.725089 1.757116 0.4020738 2.733657 1.757116 0.4016528 2.742226 1.757116 0.4003941 2.750713 1.757116 0.3983094 2.759035 1.757116 0.3954192 2.767112 1.757116 0.3917512 2.774868 1.757116 0.3873406 2.782227 1.757116 0.3822299 2.789118 1.757116 0.3764685 2.795474 1.757116 0.3701117 2.801235 1.757116 0.3632209 2.806346 1.757116 0.3558623 2.810757 1.757116 0.3481067 2.814424 1.757116 0.3400291 2.817315 1.757116 0.331707 2.8194 1.757116 0.3232206 2.820658 1.757116 0.3146519 2.821079 1.757116 0.3060829 2.820658 1.757116 0.2975966 2.8194 1.757116 0.2892745 2.817315 1.757116 0.2811967 2.814424 1.757116 0.2734413 2.810757 1.757116 0.2660828 2.806346 1.757116 0.2591918 2.801235 1.757116 0.252835 2.795474 1.757116 0.2470736 2.789118 1.757116 0.2419629 2.782227 1.757116 0.2375523 2.774868 1.757116 0.2338843 2.767112 1.757116 0.2309939 2.759035 1.757116 0.2289096 2.750713 1.757116 0.2276507 2.742226 1.757116 0.2272297 2.733657 1.757116 0.2276507 2.725089 1.757116 0.2289096 2.716602 1.757116 0.2309939 2.70828 1.757116 0.2338843 2.700203 1.757116 0.2375523 2.692447 1.757116 0.2419629 2.685088 1.757116 0.2470736 2.678197 1.757116 0.252835 2.671841 1.757116 0.2591918 2.666079 1.757116 0.2660828 2.660969 1.757116 0.2734413 2.656558 1.757116 0.2811967 2.65289 1.757116 0.2892745 2.65 1.757116 0.2975966 2.647915 1.757116 0.3060829 2.646656 1.757116 0.6196654 -0.5397588 1.298478 -0.4621528 -0.5397589 1.298478 0.3963408 -1.534253 1.34548 -0.4621527 -1.534253 1.34548 0.6059924 -1.037006 1.34548 -0.4621527 -1.037006 1.34548 -0.07475346 2.500189 0.5825586 0.04540169 2.500189 0.5825586 0.6151075 0.9394629 1.129605 -0.279847 0.8027334 1.129605 0.3317204 1.715811 0.9054346 -0.08667474 1.647095 0.9054346 0.3963406 -1.534252 0.5825577 -0.4621528 -1.534252 0.5825577 0.6196652 -0.5397588 0.5825577 -0.4621529 -0.5397589 0.5825586 -0.4621528 -1.037006 0.5825577 0.6059922 -1.037006 0.5825577 0.04540169 2.500189 0.5825586 -0.07475346 2.500189 0.5825586 -0.2798473 0.8027335 0.5825586 0.6151074 0.939463 0.5825577 -0.08667498 1.647095 0.5825586 0.3317202 1.715811 0.5825586 0.05831527 -2.495156 0.6325579 -0.4621528 -2.495156 0.6325579 -0.3710002 0.1314872 0.5825586 0.6173862 0.1998521 0.5825577 -0.3981143 -2.495156 1.281442 -0.1064449 -2.495156 1.281442 0.6166852 0.4274245 1.188061 -0.3429528 0.3380245 1.188061 0.6173864 0.1998519 1.214042 -0.371 0.1314873 1.214042 -0.3429532 0.3380246 0.5825586 0.616685 0.4274247 0.5825577 -0.2938709 0.6994648 0.6817951 -0.3078944 0.5961962 0.6827612 -0.3219178 0.4929275 0.6837273 -0.3359413 0.3896589 0.6846933 -0.3499648 0.2863903 0.6856604 -0.3639885 0.1831216 0.6866264 -0.3780119 0.07985293 0.6875925 -0.3920353 -0.02341562 0.6885586 -0.4060589 -0.1266843 0.6895247 -0.4200824 -0.2299529 0.6904917 -0.4341061 -0.3332216 0.6914578 -0.4481294 -0.4364902 0.6924238 -0.4481292 -0.4364902 1.225023 -0.4341057 -0.3332216 1.213776 -0.4200823 -0.229953 1.202528 -0.4060587 -0.1266843 1.19128 -0.3920351 -0.02341574 1.180032 -0.3780118 0.07985293 1.168784 -0.3639883 0.1831216 1.157536 -0.3499647 0.2863903 1.146289 -0.335941 0.3896588 1.135041 -0.3219177 0.4929274 1.123794 -0.3078943 0.5961962 1.112545 -0.2938708 0.6994648 1.101297 0.05985474 0.6514301 0.6817951 0.0458312 0.5481614 0.6827612 0.03180766 0.4448928 0.6837273 0.01778423 0.3416242 0.6846933 0.003760695 0.2383556 0.6856594 -0.01026278 0.1350869 0.6866264 -0.02428644 0.03181827 0.6875925 -0.03830963 -0.07145035 0.6885586 -0.05233317 -0.1747189 0.6895247 -0.06635695 -0.2779876 0.6904917 -0.08038038 -0.3812562 0.6914578 -0.09440368 -0.4845249 0.6924238 -0.09440356 -0.4845249 1.225023 -0.08038026 -0.3812563 1.213776 -0.06635659 -0.2779876 1.202528 -0.05233293 -0.174719 1.191279 -0.03830951 -0.07145041 1.180032 -0.02428621 0.03181827 1.168784 -0.01026266 0.1350868 1.157536 0.003760814 0.2383555 1.146289 0.01778447 0.3416242 1.135041 0.03180778 0.4448927 1.123794 0.04583132 0.5481614 1.112545 0.05985486 0.6514301 1.101297 -0.3149058 0.5445618 1.162081 0.615984 0.6549971 1.162081 0.6159839 0.6549972 0.5825577 -0.314906 0.5445619 0.5825586 -0.399047 -0.07505005 1.240022 0.6180877 -0.02772057 1.240022 0.6180874 -0.02772051 0.5825577 -0.3990472 -0.07504999 0.5825586 -0.07475346 2.500189 0.6463614 0.6187885 -0.2552931 0.5825577 -0.4270939 -0.2815873 1.266003 0.6187888 -0.2552931 1.266003 -0.4270943 -0.2815873 0.5825586 0.04540181 2.500189 0.6463614 0.05831551 -2.495156 1.34548 -0.4621526 -2.495156 1.34548 -0.3981142 -2.128114 1.281442 -0.3981144 -2.495156 0.6948385 -0.106445 -2.495156 0.6948385 -0.1064447 -2.128114 1.281442 -0.3981143 -2.128114 0.6948385 -0.1064449 -2.128114 0.6948385 0.6196646 -0.5397584 -1.298272 -0.4621535 -0.5397585 -1.298271 0.3963399 -1.534252 -1.345273 -0.4621534 -1.534252 -1.345273 0.6059916 -1.037005 -1.345274 -0.4621534 -1.037005 -1.345273 -0.07475382 2.500189 -0.5823507 0.04540133 2.500189 -0.5823507 0.6151069 0.9394632 -1.129398 -0.2798477 0.8027337 -1.129398 0.3317198 1.715811 -0.9052277 -0.08667534 1.647095 -0.9052277 0.3963402 -1.534252 -0.5823517 -0.4621533 -1.534252 -0.5823517 0.6196648 -0.5397586 -0.5823517 -0.4621534 -0.5397587 -0.5823507 -0.4621533 -1.037005 -0.5823517 0.6059918 -1.037005 -0.5823517 0.04540133 2.500189 -0.5823507 -0.07475382 2.500189 -0.5823507 -0.2798476 0.8027336 -0.5823507 0.615107 0.9394631 -0.5823517 -0.08667534 1.647095 -0.5823507 0.3317199 1.715811 -0.5823507 0.05831491 -2.495156 -0.6323519 -0.4621533 -2.495156 -0.6323519 -0.3710005 0.1314874 -0.5823507 0.6173859 0.1998522 -0.5823517 -0.398115 -2.495156 -1.281235 -0.1064456 -2.495156 -1.281235 0.6166844 0.427425 -1.187855 -0.3429535 0.3380249 -1.187854 0.6173856 0.1998523 -1.213835 -0.3710008 0.1314876 -1.213835 -0.3429534 0.3380247 -0.5823507 0.6166846 0.4274248 -0.5823517 -0.2938714 0.6994651 -0.6815882 -0.3078949 0.5961965 -0.6825543 -0.3219183 0.4929278 -0.6835203 -0.3359416 0.3896592 -0.6844864 -0.3499653 0.2863906 -0.6854525 -0.3639889 0.1831218 -0.6864195 -0.3780124 0.07985317 -0.6873856 -0.3920357 -0.02341544 -0.6883516 -0.4060593 -0.1266841 -0.6893177 -0.4200828 -0.2299527 -0.6902847 -0.4341064 -0.3332213 -0.6912508 -0.4481297 -0.43649 -0.6922169 -0.44813 -0.4364899 -1.224816 -0.4341065 -0.3332212 -1.213569 -0.4200831 -0.2299526 -1.202321 -0.4060595 -0.126684 -1.191073 -0.3920359 -0.02341532 -1.179825 -0.3780125 0.07985329 -1.168577 -0.3639891 0.1831219 -1.15733 -0.3499654 0.2863906 -1.146082 -0.3359417 0.3896592 -1.134834 -0.3219184 0.4929279 -1.123586 -0.307895 0.5961965 -1.112338 -0.2938714 0.6994651 -1.10109 0.05985438 0.6514304 -0.6815882 0.04583072 0.5481617 -0.6825543 0.0318073 0.4448931 -0.6835203 0.01778388 0.3416245 -0.6844864 0.003760337 0.2383558 -0.6854534 -0.01026326 0.1350871 -0.6864195 -0.0242868 0.0318185 -0.6873856 -0.03831011 -0.07145011 -0.6883516 -0.05233353 -0.1747187 -0.6893187 -0.06635719 -0.2779874 -0.6902847 -0.08038085 -0.381256 -0.6912508 -0.09440416 -0.4845247 -0.6922169 -0.09440428 -0.4845246 -1.224816 -0.08038097 -0.3812559 -1.213569 -0.06635743 -0.2779873 -1.202321 -0.05233377 -0.1747186 -1.191073 -0.03831022 -0.07144999 -1.179826 -0.02428692 0.03181862 -1.168577 -0.01026338 0.1350873 -1.15733 0.003760099 0.2383559 -1.146082 0.01778376 0.3416246 -1.134834 0.03180706 0.4448932 -1.123587 0.0458306 0.5481617 -1.112338 0.05985414 0.6514304 -1.10109 -0.3149065 0.5445622 -1.161874 0.6159833 0.6549975 -1.161874 0.6159835 0.6549974 -0.5823517 -0.3149064 0.544562 -0.5823507 -0.3990477 -0.07504963 -1.239815 0.6180868 -0.02772015 -1.239816 0.6180871 -0.02772027 -0.5823517 -0.3990476 -0.07504981 -0.5823507 -0.07475382 2.500189 -0.6461544 0.6187882 -0.2552928 -0.5823517 -0.4270949 -0.2815869 -1.265796 0.618788 -0.2552927 -1.265796 -0.4270945 -0.2815871 -0.5823507 0.04540133 2.500189 -0.6461544 0.05831468 -2.495156 -1.345274 -0.4621534 -2.495155 -1.345273 -0.3981149 -2.128113 -1.281235 -0.3981149 -2.495156 -0.6946325 -0.1064455 -2.495156 -0.6946325 -0.1064455 -2.128114 -1.281235 -0.3981148 -2.128113 -0.6946325 -0.1064453 -2.128114 -0.6946325 0.9987132 -2.64282 1.468126 0.3452826 1.775692 0.3919163 1.037664 -3.460238 5.05447e-4 0.01361382 -3.460238 5.05447e-4 0.7034416 3.073344 5.05447e-4 -0.08523613 3.810796 5.06401e-4 0.4346032 -1.219076 5.05447e-4 0.6372596 1.022086 5.05447e-4 1.037664 -1.219076 5.05447e-4 1.037664 1.022085 5.05447e-4 0.05330526 2.529299 5.05447e-4 0.8982551 2.529299 5.05447e-4 1.037664 -1.805733 5.05447e-4 0.2612333 -1.805733 5.05447e-4 0.01361358 -2.632986 5.05447e-4 1.037664 -2.632985 5.05447e-4 0.2265829 3.663382 5.06401e-4 0.3563497 -3.460238 5.05447e-4 0.01361382 -4.690564 5.05447e-4 0.3563496 -4.326676 5.05447e-4 0.5266782 -3.460238 5.05447e-4 0.2861356 3.639886 5.05447e-4 1.037664 -2.827256 5.05447e-4 0.0136137 -2.862071 5.05447e-4 0.3563497 -3.460238 0.1907949 0.5266782 -3.460238 0.1907949 1.037664 -3.460238 0.1907939 1.037664 -2.827256 0.1907939 0.3452827 1.775692 0.7833271 0.7034419 3.073344 0.947608 -0.2587479 3.810796 0.947608 0.01361393 -3.460238 0.644311 1.037664 1.022085 0.7833271 0.9987131 -1.346034 1.468126 1.037664 -1.219076 0.7833271 0.4346035 -1.219076 0.7833271 0.6372599 1.022085 0.7833271 0.0533055 2.529299 0.7833271 0.998713 -1.346034 0.8045378 0.8982554 2.529299 0.7833271 1.037664 -1.805733 0.7833271 0.2612335 -1.805733 0.7833271 1.037664 -2.632986 0.7833271 0.01361382 -2.632986 0.7833271 0.3563498 -3.460238 0.644311 0.2265832 3.663381 0.947608 0.3563497 2.529299 0.7833271 0.35635 -2.632986 0.7833271 0.01361393 -4.690564 0.5034962 0.3563497 -4.326676 0.5034962 0.2861359 3.639885 0.947608 0.5773186 2.529299 0.7833271 0.3452824 1.775692 5.05447e-4 0.5266784 -2.632985 0.7833271 0.8861176 -1.219076 0.7833271 0.9240979 1.022085 0.7833271 1.037664 -2.827256 0.7833262 0.01361393 -2.862071 0.7833271 0.3563499 -2.862071 0.7833271 0.5266783 -2.862071 0.7833271 0.2777779 3.628994 1.145778 0.6950839 3.062453 1.145778 0.8898974 2.518407 1.259462 1.029306 1.011194 1.500241 1.029306 -1.229967 1.500241 0.5689607 2.518408 1.259462 1.029306 -1.816625 1.50024 0.6575818 -1.816625 1.500241 1.029306 -2.643877 1.50024 0.5183206 -2.643877 1.500241 0.8777597 -1.229967 1.500241 0.9157399 1.011194 1.500241 0.5183205 -2.872962 1.500241 1.029306 -2.838147 1.50024 0.5266782 -3.460238 0.3324528 1.037664 -3.460238 0.3324528 1.037664 -2.827256 0.483635 0.3563497 -3.460238 0.3324528 0.3563499 -2.862071 0.5930376 0.5266783 -2.862071 0.5930376 0.01361382 -3.460238 0.3224087 0.7034417 3.073344 0.4740572 0.4346034 -1.219076 0.3919163 0.6372597 1.022086 0.3919163 0.05330538 2.529299 0.3919163 0.2612335 -1.805733 0.3919163 0.0136137 -2.632986 0.3919163 0.3563497 -3.460238 0.3224077 0.01361382 -4.690564 0.2520008 0.3563497 -4.326676 0.2520008 0.01361382 -2.862071 0.3919163 -0.1949837 3.810796 0.4740572 1.037664 -1.219076 0.3919163 1.037664 1.022085 0.3919163 0.8982552 2.529299 0.3919163 1.037664 -1.805733 0.3919163 1.037664 -2.632985 0.3919163 0.2265831 3.663382 0.4740572 0.2861357 3.639886 0.4740572 1.037664 -2.827256 0.3919163 0.3563497 -3.460238 0.07133483 0.5266782 -3.460238 0.07133483 1.037664 -3.460238 0.07133388 1.037664 -2.827256 0.1469249 0.6579562 -1.816137 1.468126 0.5264311 -2.633308 0.8045378 0.518695 -2.643389 1.468126 0.8383427 -1.346034 0.8045378 0.8343899 -1.346034 1.468127 0.526431 -2.862393 0.8045378 0.5186949 -2.872474 1.468126 0.998713 -2.830215 0.8045368 0.9987132 -2.839769 1.468126 0.998713 -2.634698 0.8045378 0.9987123 -2.64282 -1.467921 0.3452823 1.775692 -0.3917093 1.037664 -3.460238 -3.00407e-4 0.01361382 -3.460238 -2.99454e-4 0.7034416 3.073344 -2.985e-4 -0.08523613 3.810796 -2.97546e-4 0.4346032 -1.219076 -2.99454e-4 0.6372596 1.022086 -2.985e-4 1.037664 -1.219076 -2.99454e-4 1.037664 1.022085 -2.99454e-4 0.05330526 2.529299 -2.985e-4 0.8982551 2.529299 -2.985e-4 1.037664 -1.805733 -2.99454e-4 0.2612333 -1.805733 -2.99454e-4 0.01361358 -2.632986 -2.99454e-4 1.037664 -2.632985 -3.00407e-4 0.2265829 3.663382 -2.985e-4 0.3563497 -3.460238 -2.99454e-4 0.01361382 -4.690564 -3.00407e-4 0.3563496 -4.326676 -3.00407e-4 0.5266782 -3.460238 -3.00407e-4 0.2861356 3.639886 -2.985e-4 1.037664 -2.827256 -3.00407e-4 0.0136137 -2.862071 -2.99454e-4 0.3563496 -3.460238 -0.1905889 0.5266781 -3.460238 -0.1905889 1.037664 -3.460238 -0.1905899 1.037664 -2.827256 -0.1905889 0.3452823 1.775693 -0.7831202 0.7034413 3.073345 -0.9474011 -0.2587484 3.810796 -0.9474001 0.01361358 -3.460238 -0.644105 1.037664 1.022086 -0.7831202 0.9987123 -1.346034 -1.467921 1.037664 -1.219076 -0.7831211 0.434603 -1.219076 -0.7831211 0.6372594 1.022086 -0.7831202 0.05330502 2.529299 -0.7831202 0.9987124 -1.346034 -0.8043318 0.8982549 2.529299 -0.7831202 1.037664 -1.805733 -0.7831211 0.2612331 -1.805733 -0.7831211 1.037664 -2.632985 -0.7831211 0.01361322 -2.632985 -0.7831211 0.3563494 -3.460238 -0.644105 0.2265827 3.663382 -0.9474001 0.3563492 2.529299 -0.7831202 0.3563494 -2.632985 -0.7831211 0.01361358 -4.690564 -0.5032911 0.3563494 -4.326676 -0.5032911 0.2861353 3.639886 -0.9474001 0.5773181 2.529299 -0.7831202 0.3452824 1.775692 -2.985e-4 0.5266779 -2.632985 -0.7831211 0.8861171 -1.219076 -0.7831211 0.9240974 1.022086 -0.7831202 1.037664 -2.827256 -0.7831211 0.01361346 -2.862071 -0.7831211 0.3563494 -2.862071 -0.7831211 0.5266779 -2.862071 -0.7831211 0.2777771 3.628994 -1.14557 0.6950832 3.062454 -1.14557 0.8898965 2.518408 -1.259255 1.029305 1.011195 -1.500034 1.029305 -1.229967 -1.500035 0.56896 2.518408 -1.259255 1.029305 -1.816624 -1.500035 0.6575809 -1.816624 -1.500035 1.029305 -2.643876 -1.500035 0.5183196 -2.643876 -1.500035 0.8777588 -1.229967 -1.500035 0.9157389 1.011195 -1.500034 0.5183196 -2.872961 -1.500035 1.029305 -2.838146 -1.500035 0.526678 -3.460238 -0.3322477 1.037664 -3.460238 -0.3322477 1.037664 -2.827256 -0.483429 0.3563495 -3.460238 -0.3322477 0.3563494 -2.862071 -0.5928316 0.5266779 -2.862071 -0.5928316 0.01361358 -3.460238 -0.3222027 0.7034415 3.073344 -0.4738493 0.4346032 -1.219076 -0.3917103 0.6372596 1.022086 -0.3917093 0.05330514 2.529299 -0.3917093 0.2612332 -1.805733 -0.3917103 0.01361346 -2.632986 -0.3917103 0.3563495 -3.460238 -0.3222027 0.0136137 -4.690564 -0.2517958 0.3563495 -4.326676 -0.2517958 0.01361358 -2.862071 -0.3917103 -0.194984 3.810796 -0.4738493 1.037664 -1.219076 -0.3917103 1.037664 1.022085 -0.3917093 0.898255 2.529299 -0.3917093 1.037664 -1.805733 -0.3917103 1.037664 -2.632985 -0.3917103 0.2265828 3.663382 -0.4738493 0.2861354 3.639886 -0.4738493 1.037664 -2.827256 -0.3917103 0.3563496 -3.460238 -0.07112884 0.5266781 -3.460238 -0.07112884 1.037664 -3.460238 -0.07112884 1.037664 -2.827256 -0.1467199 0.6579553 -1.816136 -1.467921 0.5264306 -2.633307 -0.8043318 0.5186941 -2.643388 -1.467921 0.8383422 -1.346034 -0.8043318 0.8343891 -1.346034 -1.467921 0.5264306 -2.862393 -0.8043318 0.5186941 -2.872474 -1.467921 0.9987125 -2.830215 -0.8043318 0.9987123 -2.839769 -1.467921 0.9987125 -2.634698 -0.8043318 -0.4786789 -1.323989 0.03579711 -0.7019504 -1.143833 0.03579711 -0.5223498 -1.2925 0.03579711 -0.52235 -1.2925 0.5436373 -0.4081813 -1.217492 0.6639748 -0.4784651 -2.320142 0.6639643 -0.4782227 -3.471552 0.04740524 -0.3361424 -4.668838 0.04740524 0.3474572 -6.779126 0.02272701 -0.4081809 -3.471551 0.5118828 -0.4149914 -2.322897 0.6639748 -0.4081813 0.9544205 0.6639748 -0.2661008 -4.668838 0.3833981 0.4174987 -6.779128 0.2446498 -0.408181 -2.849403 0.6639738 -0.4081813 -0.1315359 0.6639748 -0.4081813 1.837324 0.6639757 -0.4081814 -0.5024436 0.6639748 -0.1420794 3.334988 0.3889408 -0.4782226 -3.471552 0.3884096 -0.4081813 0.09743076 0.6639748 0.2499312 -4.668838 0.2642765 0.7105847 -6.779128 0.1914806 0.1078508 -3.471552 0.2642775 0.1228473 -2.511011 0.3889389 0.6700875 0.9544208 0.3889399 -0.3361424 -4.668838 0.2990761 0.3474573 -6.779126 0.1914806 0.119224 -2.849402 0.3889389 0.6709645 -0.1315357 0.3889399 0.3688716 1.837324 0.3889399 0.6712641 -0.5024433 0.3889399 0.6918994 -7.212602 0.08990573 0.6707796 0.09743082 0.3889399 0.7105847 -6.779128 0.03678607 0.2499311 -4.668838 0.1095829 0.1192238 -2.849402 0.1719141 0.1228473 -2.511011 0.1719141 0.1078507 -3.471552 0.1095829 0.6709644 -0.1315357 0.1719141 0.3688716 1.837324 0.171915 0.6700875 0.9544208 0.1719141 -0.5779264 3.083599 0.1868009 0.6712639 -0.5024433 0.1719141 0.6707795 0.09743106 0.1719141 -1.190178 0.08326041 0.1590003 -1.264532 -0.1468836 0.06747055 -0.02725499 -3.471551 0.5118818 0.3890734 -1.217492 0.6639748 -0.01865166 -2.406087 0.6639738 0.3877786 0.9544206 0.6639748 -0.01885956 -2.849402 0.6639738 0.3884261 -0.1315358 0.6639748 0.165426 1.837324 0.6639748 0.3886473 -0.5024434 0.6639748 0.1148253 -4.668838 0.3833981 0.6338499 -6.779128 0.2446498 0.3882895 0.09743088 0.6639748 0.7056925 -7.212602 0.08990573 -0.4081814 -0.4649819 0.6639748 0.6712338 -0.4649816 0.3889399 0.6712338 -0.4649816 0.1719141 -1.259525 -0.4803297 0.06747055 0.388625 -0.4649817 0.6639748 0.6703183 0.6687574 0.3889399 0.6705489 0.3830943 0.3889399 0.6703181 0.6687575 0.1719141 0.6705488 0.3830943 0.1719141 -0.4081814 0.6687573 0.6639748 -0.4081814 0.383094 0.6639748 -1.11165 0.3453701 0.1590003 -1.033123 0.6074795 0.1590003 0.3879491 0.6687575 0.6639748 0.3881193 0.3830943 0.6639748 -0.3481193 -2.367304 0.03579711 -0.3481193 -1.323989 0.03579711 0.11962 2.518467 0.2432804 -0.4377857 2.518467 0.1952695 -0.7259942 0.5633221 0.3699913 -1.014551 0.5636463 0.1744794 -0.478404 -2.367304 0.0355978 -0.883073 -2.123907 0.03584671 -0.8019244 -2.261697 0.03575801 -0.5837492 -2.376613 0.03579711 -0.7911506 -2.296808 0.03569602 -0.6022564 -2.453176 0.03539848 -0.4786787 -2.320142 0.5859804 -0.7019078 -1.143967 0.5435829 -0.4787957 -1.324043 0.5434437 -0.4779094 -3.471552 0.5118828 0.1075813 -3.471552 0.5118818 -0.4736 3.371774 0.7173557 -0.1420794 3.334988 0.6635552 0.6718333 -1.21714 0.663661 0.1226459 -2.510825 0.6639643 -0.6323761 0.9544386 0.663888 0.6698607 0.9544293 0.6639643 0.71043 -7.212236 0.1065664 0.6219595 -7.212308 0.106575 0.2498695 -4.668826 0.3832474 -0.3358291 -4.668838 0.3833981 0.3477727 -6.779126 0.2446498 0.7103125 -6.779128 0.2446498 0.1192241 -2.849402 0.6635704 -0.4779068 -2.849403 0.6639738 -0.8909212 -1.208639 0.6639652 0.6708568 -0.1315356 0.6638861 -0.8600887 -0.131536 0.6639748 -0.4887478 1.750236 0.6639757 0.368582 1.837324 0.6639748 0.6710382 -0.5024434 0.6639643 -0.8368028 -0.5025486 0.6639357 -1.037679 -2.234412 0.04605007 -0.4080057 3.371856 0.7173758 0.6916586 -7.212223 0.1066122 -0.8602058 0.09743857 0.6639357 0.6705579 0.09743088 0.6639643 -0.8497523 -0.5139487 0.4433088 -0.8603655 -0.1426136 0.4433127 -0.4737741 3.08433 0.4190159 0.6718007 -1.217406 0.3889389 -0.4080889 3.334924 0.3891249 0.6219952 -7.212574 0.08992385 0.7105847 -7.212204 0.08999919 -0.5599071 1.749879 0.443286 -0.6324835 0.9433428 0.4433127 -0.8603655 0.086353 0.4433127 -0.5121102 3.334907 0.171956 0.6718006 -1.217405 0.1719141 -0.6581552 1.749879 0.1992406 -1.19143 -0.5156998 0.1990499 -1.199002 -0.145191 0.1990509 -0.9543101 0.8696539 0.159213 -0.5590376 3.334989 0.05829048 -0.6249682 3.083831 0.06338024 -0.6724949 1.749879 0.06786251 -1.258583 -0.5177789 0.06747055 -1.243297 0.08169239 0.06774902 -1.004681 0.8414679 0.06781578 -0.7789669 2.852397 0.0674591 -1.047344 1.723326 0.0674324 -1.264221 0.1303292 0.06747055 -1.269659 0.8148033 0.06747055 -0.2812179 3.37188 0.7173319 0.7056295 -7.212223 0.1066122 -0.2814452 3.335352 0.3889408 -0.2116378 3.371986 0.7173233 -0.1662731 3.371973 0.7173071 -0.1661967 3.553015 0.388958 -0.2116702 3.553024 0.3889618 -0.8390499 -0.4649819 0.6639748 0.67101 -0.4649817 0.6639643 -0.8507954 -0.4760597 0.4433117 -1.192188 -0.478637 0.1990499 -0.7019297 -1.143813 0.6638079 -0.7193819 -1.242807 0.6637488 -0.4784039 -1.323742 0.6639748 -0.5222204 -1.292148 0.6639748 -0.9005879 -1.101476 0.03579711 -0.4784506 -2.84918 0.03539752 -0.8810879 -2.445342 0.03610801 -0.8017033 -2.532899 0.03579711 -0.7910234 -2.543352 0.03579711 -0.6023471 -2.727756 0.03579711 -1.016422 -2.095603 0.03579711 -0.8898798 -1.104012 0.5436373 -0.8976702 -1.207295 0.544035 -0.9891423 -1.854459 0.6302958 -0.4786109 -2.848905 0.559721 -0.8659343 -2.235472 0.3824597 -1.016159 -1.984746 0.3824597 -0.8721558 -2.036092 0.3824597 -0.8499936 -0.5027949 0.02843475 -1.224378 -0.5162609 0.06742858 -0.8672265 -0.503417 0.02841281 -0.868893 -0.5128254 0.3700428 -1.166414 -0.5154325 0.1749334 -0.708444 0.6576794 0.4433127 -0.7844048 0.3720164 0.4433127 -1.163704 0.3352124 0.06779766 -1.084193 0.5883393 0.06780624 -1.266033 0.3583455 0.06747055 -1.267846 0.586595 0.06747055 0.6700959 0.6687574 0.6639643 0.6703272 0.3830943 0.6639643 -0.708283 0.6687774 0.6639357 -0.7842428 0.383114 0.6639357 -0.3481191 -2.308099 0.5436363 -0.3481191 -1.324028 0.5434113 -0.4864916 3.334839 0.05825328 0.119696 2.567649 0.2437839 -0.1420797 3.334988 0.2213029 0.1197487 2.567536 0.171915 -0.3030824 3.335352 0.2073335 -0.4381053 3.334927 0.1954021 -0.4466058 3.334989 0.171915 -0.1661452 3.552955 0.2192173 -0.2321335 3.553114 0.2134971 -0.6004964 -2.728829 0.03579711 -1.037473 -2.1272 0.3824597 -0.8238247 -1.86503 0.5677986 -0.995891 -1.835719 0.5402145 -0.8176031 -1.927167 0.6464129 -0.7256037 -1.241568 0.5436382 0.07778549 -2.367304 0.03579711 0.2381826 -1.323989 0.03579711 0.07778573 -2.308099 0.5436363 0.2381828 -1.324029 0.5434103 -0.3481191 -2.856115 0.06301975 -0.348119 -2.79691 0.570859 0.07778549 -2.856115 0.06301975 0.07778573 -2.79691 0.570859 -0.348119 -3.484587 0.09866905 -0.3481189 -3.425381 0.4762325 0.07778549 -3.484587 0.07290077 0.07778573 -3.425381 0.4762325 -0.2410463 -4.47152 0.07485485 -0.2410461 -4.412315 0.3670864 0.1848583 -4.47152 0.07485485 0.1848585 -4.412315 0.3670864 -0.8828794 -1.104012 0.6639605 -0.6944738 -0.9858291 0.6638556 -0.4786789 -2.367131 1.02997e-4 -0.4786789 -1.323816 1.02997e-4 -0.7019504 -1.14366 1.02997e-4 -0.8019626 -2.261048 1.02997e-4 0.1078507 -3.471379 1.02997e-4 -0.6250432 3.083772 1.03951e-4 -0.5223498 -1.292327 1.02997e-4 -0.4782227 -3.471379 1.02997e-4 0.1228472 -2.510838 1.02997e-4 0.6700874 0.9545937 1.02997e-4 -0.3361425 -4.668664 1.02997e-4 0.2499311 -4.668664 1.02997e-4 0.3474572 -6.778953 1.02043e-4 0.1192238 -2.84923 1.02997e-4 -0.8810879 -2.446779 1.02997e-4 0.6709644 -0.1313627 1.02997e-4 0.3688715 1.837497 1.03951e-4 0.6712639 -0.5022704 1.02997e-4 0.6707795 0.09760391 1.02997e-4 0.7105847 -6.778954 1.02043e-4 0.6918994 -7.21243 1.02043e-4 -0.7791886 2.852811 1.03951e-4 0.7056925 -7.21243 1.02043e-4 0.6712337 -0.4648087 1.02997e-4 0.6703181 0.6689304 1.02997e-4 0.6705487 0.3832672 1.02997e-4 -0.3481193 -2.367131 1.02997e-4 -0.3481193 -1.323816 1.02997e-4 0.1195233 2.518328 1.03951e-4 -0.5069699 2.51864 1.03951e-4 -0.8419291 0.552995 1.03951e-4 -1.10886 0.5638085 1.03951e-4 -0.8829397 -2.123826 1.02997e-4 -0.5834749 -2.375904 1.02997e-4 -0.7912437 -2.29628 1.02997e-4 -0.6022564 -2.453003 1.02997e-4 0.6716552 -1.217612 1.02997e-4 0.6219952 -7.212401 1.02043e-4 -0.478451 -2.849007 1.02997e-4 -1.037686 -2.233925 1.02997e-4 -0.8500141 -0.5022805 1.03951e-4 -1.298028 -0.1475786 1.03951e-4 -1.293529 -0.5180881 1.03951e-4 -0.5591781 3.335123 1.03951e-4 -1.272625 0.08099263 1.03951e-4 0.7105779 -7.21212 1.02043e-4 -1.293679 0.1295321 1.03951e-4 -1.296969 0.7941621 1.03951e-4 -1.054802 1.723465 1.03951e-4 -1.29395 -0.4810245 1.03951e-4 -0.9003884 -1.101497 1.03951e-4 -1.0163 -2.095417 1.02997e-4 -0.8695556 -0.5033068 1.03951e-4 -1.260849 -0.5169088 1.03951e-4 -1.294768 0.3510734 1.03951e-4 -1.295857 0.5726147 1.03951e-4 -0.5070003 3.334851 1.03951e-4 0.1196957 2.567824 1.03951e-4 -0.8017033 -2.533392 1.02997e-4 -0.7910234 -2.543949 1.02997e-4 -0.6004964 -2.733401 1.02997e-4 0.07778549 -2.367131 1.02997e-4 0.2381826 -1.323816 1.02997e-4 -0.3481191 -2.855942 1.02997e-4 0.07778549 -2.855942 1.02997e-4 -0.348119 -3.484414 1.02997e-4 0.07778549 -3.484414 1.02997e-4 -0.2410463 -4.471347 1.02997e-4 0.1848583 -4.471347 1.02997e-4 0.1222339 -2.568122 1.02997e-4 -0.01868683 -2.481133 0.6639738 -0.4138386 -2.412025 0.6639748 -0.4783707 -2.361042 0.6639662 0.1222339 -2.568295 0.1719141 0.122234 -2.568295 0.3889389 -0.478412 -2.448877 0.03556346 0.1220666 -2.56814 0.6638975 -0.4786672 -2.361042 0.5859804 -0.5892714 -2.361042 0.9656124 -0.5409873 -2.361042 0.9656124 -0.5892714 -2.320142 0.9656124 -0.5409991 -2.320142 0.9656124 -0.7189124 -2.382682 0.9908276 -0.5303239 -2.386733 0.9908276 -0.6979021 -2.313963 1.010295 -0.5454785 -2.313963 1.010295 -0.7189123 -2.345691 1.362751 -0.5303236 -2.349743 1.362751 -0.697902 -2.279376 1.343284 -0.5454781 -2.279376 1.343284 -0.7189124 -2.315164 0.9908276 -0.5303239 -2.315165 0.9908276 -0.7189123 -2.278174 1.362751 -0.5303236 -2.278174 1.362751 -0.6979021 -2.323424 1.011563 -0.5454785 -2.323425 1.011563 -0.697902 -2.288837 1.344552 -0.5454784 -2.288837 1.344552 -0.5359892 -2.320142 0.7029848 -0.5892714 -2.320142 0.7029848 -0.5358859 -2.361042 0.7029848 -0.5892717 -2.361042 0.7029848 0.6219952 -7.212434 0.01707649 0.7056925 -7.212469 0.02031612 0.6918994 -7.212467 0.01978206 0.7105794 -7.21214 0.02051734 -0.4786789 -1.323989 -0.03559112 -0.7019504 -1.143833 -0.03559017 -0.5223498 -1.2925 -0.03559112 -0.5223503 -1.2925 -0.5434303 -0.4081816 -1.217492 -0.6637678 -0.4784655 -2.320142 -0.6637583 -0.4782227 -3.471552 -0.04719924 -0.3361425 -4.668838 -0.04719924 0.3474572 -6.779126 -0.02252292 -0.4081813 -3.471551 -0.5116758 -0.4149918 -2.322897 -0.6637678 -0.4081816 0.9544208 -0.6637678 -0.266101 -4.668838 -0.383193 0.4174985 -6.779128 -0.2444448 -0.4081814 -2.849403 -0.6637678 -0.4081816 -0.1315357 -0.6637678 -0.4081816 1.837324 -0.6637678 -0.4081819 -0.5024434 -0.6637678 -0.1420798 3.334988 -0.3887329 -0.4782229 -3.471552 -0.3882036 -0.4081816 0.09743094 -0.6637678 0.249931 -4.668838 -0.2640715 0.7105846 -6.779128 -0.1912765 0.1078506 -3.471552 -0.2640715 0.1228471 -2.511011 -0.3887329 0.6700872 0.9544208 -0.3887329 -0.3361425 -4.668838 -0.2988701 0.3474572 -6.779126 -0.1912765 0.1192237 -2.849402 -0.3887329 0.6709643 -0.1315356 -0.3887329 0.3688714 1.837324 -0.3887329 0.6712638 -0.5024432 -0.3887329 0.6918993 -7.212602 -0.08970165 0.6707794 0.09743094 -0.3887329 0.7105847 -6.779128 -0.03658199 0.249931 -4.668838 -0.1093778 0.1192237 -2.849402 -0.1717081 0.1228472 -2.511011 -0.1717081 0.1078507 -3.471552 -0.1093769 0.6709643 -0.1315357 -0.1717081 0.3688714 1.837324 -0.1717081 0.6700873 0.9544208 -0.1717081 -0.5779266 3.083599 -0.1865921 0.6712638 -0.5024432 -0.1717081 0.6707794 0.09743112 -0.1717081 -1.190178 0.08326047 -0.1587934 -1.264532 -0.1468836 -0.06726264 -0.02725535 -3.471551 -0.5116768 0.389073 -1.217492 -0.6637678 -0.01865214 -2.406087 -0.6637678 0.3877782 0.9544209 -0.6637678 -0.01885992 -2.849402 -0.6637678 0.3884257 -0.1315357 -0.6637678 0.1654255 1.837324 -0.6637678 0.3886469 -0.5024432 -0.6637678 0.114825 -4.668838 -0.383193 0.6338497 -6.779128 -0.2444448 0.3882891 0.09743106 -0.6637678 0.7056924 -7.212602 -0.08970165 -0.4081819 -0.4649817 -0.6637678 0.6712335 -0.4649815 -0.3887329 0.6712337 -0.4649815 -0.1717081 -1.259525 -0.4803297 -0.06726264 0.3886246 -0.4649815 -0.6637678 0.670318 0.6687576 -0.3887329 0.6705487 0.3830944 -0.3887329 0.670318 0.6687575 -0.1717081 0.6705487 0.3830943 -0.1717081 -0.4081819 0.6687574 -0.6637678 -0.4081819 0.3830941 -0.6637678 -1.11165 0.3453701 -0.1587934 -1.033123 0.6074795 -0.1587934 0.3879486 0.6687576 -0.6637678 0.3881189 0.3830945 -0.6637678 -0.3481193 -2.367304 -0.03559112 -0.3481193 -1.323989 -0.03559112 0.1196199 2.518467 -0.2430725 -0.4377858 2.518467 -0.1950616 -0.7259944 0.5633223 -0.3697834 -1.014551 0.5636463 -0.1742725 -0.478404 -2.367304 -0.03539085 -0.883073 -2.123907 -0.03563976 -0.8019244 -2.261697 -0.03555107 -0.5837492 -2.376613 -0.03559112 -0.7911506 -2.296808 -0.03548908 -0.6022564 -2.453176 -0.03519153 -0.478679 -2.320142 -0.5857744 -0.701908 -1.143967 -0.543376 -0.478796 -1.324042 -0.5432367 -0.4779096 -3.471552 -0.5116758 0.1075809 -3.471552 -0.5116768 -0.4736005 3.371774 -0.7171478 -0.1420798 3.334988 -0.6633473 0.6718328 -1.21714 -0.663455 0.1226454 -2.510825 -0.6637583 -0.6323766 0.954439 -0.663681 0.6698604 0.9544297 -0.6637583 0.7104299 -7.212236 -0.1063623 0.6219595 -7.212308 -0.1063709 0.2498692 -4.668826 -0.3830423 -0.3358293 -4.668838 -0.383193 0.3477725 -6.779126 -0.2444448 0.7103123 -6.779128 -0.2444458 0.1192236 -2.849402 -0.6633644 -0.477907 -2.849403 -0.6637678 -0.8909217 -1.208639 -0.6637583 0.6708564 -0.1315354 -0.6636801 -0.8600892 -0.1315358 -0.6637678 -0.4887481 1.750236 -0.6637678 0.3685816 1.837324 -0.6637678 0.6710377 -0.5024431 -0.6637583 -0.8368033 -0.5025483 -0.6637287 -1.037679 -2.234412 -0.04584407 -0.408006 3.371856 -0.7171679 0.6916586 -7.212223 -0.1064081 -0.8602063 0.09743881 -0.6637278 0.6705574 0.09743112 -0.6637583 -0.8497526 -0.5139485 -0.4431019 -0.8603658 -0.1426135 -0.4431048 -0.4737743 3.08433 -0.418808 0.6718005 -1.217405 -0.3887329 -0.4080892 3.334924 -0.388916 0.6219952 -7.212574 -0.08971977 0.7105847 -7.212204 -0.08979511 -0.5599073 1.749879 -0.4430781 -0.6324838 0.9433428 -0.4431048 -0.8603658 0.08635312 -0.4431048 -0.5121102 3.334907 -0.1717481 0.6718006 -1.217405 -0.1717081 -0.6581552 1.749879 -0.1990327 -1.19143 -0.5156996 -0.198843 -1.199002 -0.145191 -0.1988439 -0.9543101 0.8696539 -0.1590051 -0.5590376 3.334989 -0.05808162 -0.6249683 3.083831 -0.06317234 -0.6724949 1.749879 -0.0676546 -1.258583 -0.5177789 -0.06726264 -1.243297 0.08169239 -0.06754207 -1.004681 0.8414679 -0.06760787 -0.7789669 2.852397 -0.0672512 -1.047344 1.723326 -0.0672245 -1.264221 0.1303292 -0.06726264 -1.269659 0.8148033 -0.06726264 -0.2812182 3.37188 -0.717124 0.7056295 -7.212223 -0.1064081 -0.2814455 3.335352 -0.3887329 -0.2116383 3.371986 -0.7171154 -0.1662735 3.371973 -0.7170992 -0.1661968 3.553015 -0.3887501 -0.2116703 3.553024 -0.3887539 -0.8390502 -0.4649817 -0.6637678 0.6710096 -0.4649814 -0.6637583 -0.8507956 -0.4760595 -0.4431038 -1.192188 -0.4786369 -0.198843 -0.7019302 -1.143813 -0.6636009 -0.7193824 -1.242807 -0.6635418 -0.4784041 -1.323741 -0.6637678 -0.5222206 -1.292148 -0.6637678 -0.9005879 -1.101476 -0.03559017 -0.4784506 -2.84918 -0.03519153 -0.8810879 -2.445342 -0.03590106 -0.8017033 -2.532899 -0.03559112 -0.7910234 -2.543352 -0.03559112 -0.6023471 -2.727756 -0.03559112 -1.016422 -2.095603 -0.03559017 -0.8898801 -1.104012 -0.5434303 -0.8976704 -1.207295 -0.543828 -0.9891428 -1.854458 -0.6300898 -0.4786113 -2.848905 -0.559515 -0.8659345 -2.235472 -0.3822527 -1.016159 -1.984746 -0.3822527 -0.872156 -2.036092 -0.3822527 -0.8499936 -0.5027949 -0.0282278 -1.224378 -0.5162609 -0.06722164 -0.8672265 -0.503417 -0.02820491 -0.868893 -0.5128253 -0.3698359 -1.166414 -0.5154324 -0.1747264 -0.7084444 0.6576796 -0.4431048 -0.7844051 0.3720165 -0.4431048 -1.163704 0.3352124 -0.06759071 -1.084193 0.5883393 -0.06759929 -1.266033 0.3583455 -0.06726264 -1.267846 0.586595 -0.06726264 0.6700956 0.6687576 -0.6637583 0.6703267 0.3830944 -0.6637583 -0.7082834 0.6687775 -0.6637278 -0.7842431 0.3831142 -0.6637287 -0.3481194 -2.308099 -0.5434303 -0.3481194 -1.324028 -0.5432043 -0.4864916 3.334839 -0.05804538 0.1196959 2.567649 -0.243577 -0.1420797 3.334988 -0.221095 0.1197486 2.567536 -0.1717071 -0.3030824 3.335352 -0.2071256 -0.4381053 3.334927 -0.1951932 -0.4466058 3.334989 -0.1717071 -0.1661453 3.552955 -0.2190093 -0.2321336 3.553114 -0.2132892 -0.6004964 -2.728829 -0.03559112 -1.037473 -2.1272 -0.3822527 -0.823825 -1.865029 -0.5675926 -0.9958912 -1.835719 -0.5400076 -0.8176036 -1.927167 -0.6462059 -0.7256039 -1.241567 -0.5434313 0.07778549 -2.367304 -0.03559112 0.2381826 -1.323989 -0.03559112 0.07778537 -2.308099 -0.5434303 0.2381825 -1.324028 -0.5432043 -0.3481191 -2.856115 -0.06281375 -0.3481193 -2.79691 -0.570653 0.07778549 -2.856115 -0.06281375 0.07778537 -2.79691 -0.570653 -0.348119 -3.484587 -0.09846305 -0.3481191 -3.425381 -0.4760265 0.07778549 -3.484587 -0.07269477 0.07778537 -3.425381 -0.4760265 -0.2410463 -4.47152 -0.07464981 -0.2410465 -4.412315 -0.3668814 0.1848582 -4.47152 -0.07464981 0.1848582 -4.412315 -0.3668814 -0.8828799 -1.104012 -0.6637535 -0.6944742 -0.9858289 -0.6636486 -0.01868718 -2.481132 -0.6637678 -0.4138389 -2.412024 -0.6637678 -0.478371 -2.361042 -0.6637602 0.1222338 -2.568295 -0.1717081 0.1222336 -2.568295 -0.3887329 -0.478412 -2.448877 -0.03535747 0.1220661 -2.56814 -0.6636915 -0.4786676 -2.361042 -0.5857744 -0.589272 -2.361042 -0.9654064 -0.5409879 -2.361042 -0.9654064 -0.589272 -2.320142 -0.9654064 -0.5409997 -2.320142 -0.9654064 -0.718913 -2.382681 -0.9906216 -0.5303245 -2.386732 -0.9906216 -0.6979027 -2.313963 -1.010089 -0.5454791 -2.313963 -1.010089 -0.7189132 -2.345691 -1.362544 -0.5303246 -2.349742 -1.362544 -0.6979028 -2.279375 -1.343078 -0.5454791 -2.279375 -1.343078 -0.718913 -2.315164 -0.9906216 -0.5303245 -2.315164 -0.9906216 -0.7189132 -2.278174 -1.362544 -0.5303246 -2.278174 -1.362544 -0.6979027 -2.323424 -1.011357 -0.5454791 -2.323424 -1.011357 -0.6979028 -2.288836 -1.344345 -0.5454792 -2.288836 -1.344345 -0.5359895 -2.320142 -0.7027788 -0.5892719 -2.320142 -0.7027788 -0.5358864 -2.361042 -0.7027788 -0.589272 -2.361042 -0.7027788 0.6219952 -7.212434 -0.01687335 0.7056925 -7.212469 -0.02011203 0.6918994 -7.212467 -0.01957798 0.7105794 -7.21214 -0.02031326 0.4510444 -5.589981 1.02043e-4 -0.03769475 -5.58998 1.02043e-4 0.4510445 -5.590153 0.2324953 -0.03738039 -5.590153 0.3228235 0.03234684 -5.590153 0.3228235 -0.03769463 -5.590153 0.03663158 -0.03769463 -5.590153 0.2521019 0.3414224 -5.590153 0.3228226 0.4510445 -5.590153 0.07780075 0.4508909 -5.590147 0.3227377 0.4510443 -5.590153 -0.2322902 -0.03738063 -5.590153 -0.3226185 0.0323466 -5.590153 -0.3226185 -0.03769475 -5.590153 -0.03642654 -0.03769475 -5.590153 -0.2518969 0.3414222 -5.590153 -0.3226185 0.4510444 -5.590153 -0.07759666 0.4508907 -5.590147 -0.3225327 0.5808145 -6.184468 1.02043e-4 0.155196 -6.184639 0.2837362 0.1548814 -6.184639 0.2217912 0.4876362 -6.184641 0.2837362 0.5806017 -6.184637 0.2836933 0.1551958 -6.184639 -0.2835312 0.1548811 -6.184639 -0.2215862 0.487636 -6.184641 -0.2835322 0.5806015 -6.184637 -0.2834892 0.1548812 -6.184467 1.02043e-4 0.5808146 -6.184641 0.2119874 0.2249226 -6.184641 0.2837362 0.1548812 -6.184639 0.02967929 0.5808145 -6.184641 0.05729389 0.5808144 -6.184641 -0.2117834 0.2249225 -6.184641 -0.2835322 0.1548812 -6.184639 -0.02947425 0.5808145 -6.184641 -0.05708885 -0.5170162 2.396677 0.001812934 -0.4209181 3.938073 5.06401e-4 -0.5162757 2.396677 -0.01325988 -0.4203258 3.938073 -0.01154804 -0.5140615 2.396677 -0.02818679 -0.4185549 3.938073 -0.02348613 -0.5103947 2.396677 -0.04282474 -0.4156227 3.938073 -0.03519248 -0.505311 2.396677 -0.05703258 -0.4115568 3.938073 -0.04655551 -0.4977772 2.396986 -0.07069587 -0.4063967 3.938073 -0.05746555 -0.487015 2.397846 -0.08369922 -0.4001922 3.938073 -0.06781768 -0.4734692 2.399148 -0.09591102 -0.3930031 3.938073 -0.07751083 -0.4576025 2.400789 -0.1072072 -0.3848983 3.938073 -0.08645343 -0.4398847 2.402658 -0.1174716 -0.3759559 3.938073 -0.09455776 -0.4207845 2.404655 -0.1266002 -0.3662625 3.938073 -0.1017475 -0.4007613 2.406679 -0.1345005 -0.3559108 3.938073 -0.1079521 -0.3802562 2.408643 -0.1410894 -0.3450008 3.938073 -0.1131114 -0.3596864 2.410462 -0.1463003 -0.3336378 3.938073 -0.1171779 -0.339437 2.412068 -0.1500797 -0.321931 3.938073 -0.1201095 -0.3198565 2.413398 -0.1523866 -0.309993 3.938073 -0.1218805 -0.3012522 2.414409 -0.1531982 -0.2979389 3.938073 -0.1224727 -0.2838871 2.415066 -0.152503 -0.2858849 3.938073 -0.1218805 -0.2679771 2.415346 -0.1503086 -0.273947 3.938073 -0.1201095 -0.2533017 2.415357 -0.1466426 -0.26224 3.938073 -0.1171779 -0.2390936 2.415357 -0.1415596 -0.2508769 3.938073 -0.1131114 -0.2254521 2.415357 -0.135107 -0.2399671 3.938073 -0.1079521 -0.2125087 2.415357 -0.1273488 -0.2296154 3.938073 -0.1017475 -0.2003881 2.415357 -0.1183595 -0.2199219 3.938073 -0.09455776 -0.189207 2.415357 -0.1082258 -0.2109797 3.938073 -0.08645343 -0.1790729 2.415357 -0.09704494 -0.2028747 3.938073 -0.07751083 -0.1700837 2.415357 -0.08492374 -0.1956857 3.938073 -0.06781768 -0.1623258 2.415357 -0.07198047 -0.1894811 3.938073 -0.05746555 -0.1558738 2.415357 -0.05833911 -0.184321 3.938073 -0.04655551 -0.1507899 2.415357 -0.04413127 -0.1802552 3.938073 -0.03519248 -0.1471234 2.415357 -0.02949333 -0.1773229 3.938073 -0.02348613 -0.1449092 2.415357 -0.01456642 -0.1755521 3.938073 -0.01154804 -0.1441688 2.415357 5.06401e-4 -0.1749598 3.938073 5.06401e-4 -0.1449092 2.415357 0.01557826 -0.1755521 3.938073 0.01255989 -0.1471234 2.415357 0.03050518 -0.1773229 3.938073 0.02449798 -0.1507899 2.415357 0.04514312 -0.1802552 3.938073 0.03620529 -0.1558738 2.415357 0.05935096 -0.184321 3.938073 0.04756832 -0.1623258 2.415357 0.07299232 -0.1894811 3.938073 0.05847835 -0.1700837 2.415357 0.08593654 -0.1956857 3.938073 0.06882953 -0.1790729 2.415357 0.09805679 -0.2028747 3.938073 0.07852268 -0.189207 2.415357 0.1092376 -0.2109797 3.938073 0.08746528 -0.2003881 2.415357 0.1193723 -0.2199219 3.938073 0.09557056 -0.2125087 2.415357 0.1283607 -0.2296154 3.938073 0.1027593 -0.2254521 2.415357 0.1361188 -0.2399671 3.938073 0.1089639 -0.2390936 2.415357 0.1425714 -0.2508767 3.938073 0.1141242 -0.2533018 2.415357 0.1476545 -0.26224 3.938073 0.1181898 -0.2679771 2.415346 0.1513223 -0.273947 3.938073 0.1211223 -0.2838871 2.415066 0.1535558 -0.2858849 3.938073 0.1228933 -0.3012522 2.414409 0.1543426 -0.2979389 3.938073 0.1234855 -0.3198564 2.413398 0.1536722 -0.309993 3.938073 0.1228933 -0.339437 2.412067 0.1515512 -0.321931 3.938073 0.1211223 -0.3596864 2.410462 0.1479969 -0.3336378 3.938073 0.1181898 -0.3802564 2.408643 0.1430406 -0.3450011 3.938073 0.1141242 -0.4007612 2.40668 0.1367263 -0.3559108 3.938073 0.1089639 -0.4207844 2.404655 0.1291093 -0.3662624 3.938073 0.1027593 -0.4398847 2.402658 0.1202602 -0.3759559 3.938073 0.09557056 -0.4576025 2.400789 0.1102571 -0.3848983 3.938073 0.08746528 -0.4734692 2.399148 0.09919071 -0.3930031 3.938073 0.07852363 -0.487015 2.397846 0.08716106 -0.4001922 3.938073 0.06882953 -0.4977772 2.396986 0.07427787 -0.4063967 3.938073 0.05847835 -0.505311 2.396677 0.0606575 -0.4115568 3.938073 0.04756832 -0.5103947 2.396677 0.04644966 -0.4156227 3.938073 0.03620529 -0.5140615 2.396677 0.03181171 -0.4185549 3.938073 0.02449798 -0.5162757 2.396677 0.0168848 -0.4203258 3.938073 0.01255989 -0.5170162 3.158035 0.001812934 -0.5162757 3.158035 -0.01325988 -0.5140616 3.158035 -0.02818679 -0.5103947 3.158035 -0.04282474 -0.5053111 3.158035 -0.05703258 -0.4977772 3.158344 -0.07069587 -0.487015 3.159204 -0.08369922 -0.4734693 3.160506 -0.09591102 -0.4576025 3.162147 -0.1072072 -0.4398847 3.164016 -0.1174716 -0.4207845 3.166013 -0.1266002 -0.4007614 3.168038 -0.1345005 -0.3802564 3.170001 -0.1410894 -0.3596866 3.171821 -0.1463003 -0.339437 3.173426 -0.1500797 -0.3198565 3.174757 -0.1523866 -0.3012523 3.175767 -0.1531982 -0.2838872 3.176423 -0.152503 -0.2679772 3.176704 -0.1503086 -0.2533017 3.176715 -0.1466426 -0.2390937 3.176715 -0.1415586 -0.2254523 3.176715 -0.135107 -0.2125087 3.176715 -0.1273488 -0.2003881 3.176715 -0.1183595 -0.1892071 3.176715 -0.1082258 -0.1790729 3.176715 -0.09704494 -0.1700838 3.176715 -0.08492374 -0.1623259 3.176715 -0.07198047 -0.1558738 3.176715 -0.05833911 -0.15079 3.176715 -0.04413127 -0.1471234 3.176715 -0.02949333 -0.1449093 3.176715 -0.01456642 -0.1441688 3.176715 5.06401e-4 -0.1449093 3.176715 0.01557826 -0.1471234 3.176715 0.03050518 -0.15079 3.176715 0.04514312 -0.1558738 3.176715 0.05935096 -0.1623259 3.176715 0.07299232 -0.1700838 3.176715 0.08593654 -0.1790729 3.176715 0.09805679 -0.1892071 3.176715 0.1092376 -0.2003881 3.176715 0.1193723 -0.2125087 3.176715 0.1283617 -0.2254523 3.176715 0.1361188 -0.2390937 3.176715 0.1425714 -0.253302 3.176715 0.1476545 -0.2679772 3.176704 0.1513223 -0.2838872 3.176423 0.1535558 -0.3012523 3.175767 0.1543426 -0.3198565 3.174757 0.1536731 -0.339437 3.173426 0.1515512 -0.3596866 3.17182 0.1479969 -0.3802564 3.170001 0.1430406 -0.4007612 3.168038 0.1367263 -0.4207845 3.166013 0.1291093 -0.4398847 3.164016 0.1202602 -0.4576025 3.162147 0.1102571 -0.4734693 3.160506 0.09919071 -0.487015 3.159204 0.08716106 -0.4977772 3.158344 0.07427787 -0.5053111 3.158035 0.0606575 -0.5103947 3.158035 0.04644966 -0.5140616 3.158035 0.03181171 -0.5162757 3.158035 0.0168848 -0.469338 3.548054 0.001159667 -0.4685975 3.548054 -0.01391315 -0.4663834 3.548054 -0.02884006 -0.4627166 3.548054 -0.04347801 -0.4576328 3.548054 -0.05768585 -0.45064 3.548209 -0.07133865 -0.4413799 3.548638 -0.08431148 -0.4301124 3.54929 -0.0964775 -0.4171121 3.55011 -0.1077165 -0.4026626 3.551044 -0.1179161 -0.3870521 3.552043 -0.126975 -0.3705688 3.553056 -0.1348037 -0.3534957 3.554038 -0.141324 -0.3361065 3.554947 -0.1464719 -0.3186627 3.555749 -0.1501941 -0.301409 3.556415 -0.1524553 -0.2845709 3.55692 -0.1532306 -0.2683522 3.557248 -0.1525135 -0.2529338 3.557389 -0.1503086 -0.2382771 3.557394 -0.1466426 -0.2240691 3.557394 -0.1415586 -0.2104275 3.557394 -0.135107 -0.1974842 3.557394 -0.1273488 -0.1853636 3.557394 -0.1183595 -0.1741824 3.557394 -0.1082258 -0.1640483 3.557394 -0.09704494 -0.155059 3.557394 -0.08492374 -0.1473011 3.557394 -0.07198047 -0.1408491 3.557394 -0.05833911 -0.1357653 3.557394 -0.04413127 -0.1320987 3.557394 -0.02949333 -0.1298846 3.557394 -0.01456642 -0.1291441 3.557394 5.06401e-4 -0.1298846 3.557394 0.01557826 -0.1320987 3.557394 0.03050518 -0.1357653 3.557394 0.04514312 -0.1408491 3.557394 0.05935096 -0.1473011 3.557394 0.07299232 -0.155059 3.557394 0.08593654 -0.1640483 3.557394 0.09805679 -0.1741824 3.557394 0.1092376 -0.1853636 3.557394 0.1193723 -0.1974841 3.557394 0.1283617 -0.2104275 3.557394 0.1361188 -0.2240689 3.557394 0.1425714 -0.2382771 3.557394 0.1476545 -0.2529338 3.557389 0.1513223 -0.2683523 3.557248 0.1535463 -0.2845709 3.55692 0.1543092 -0.301409 3.556415 0.1536045 -0.3186628 3.555749 0.1514368 -0.3361065 3.554947 0.1478261 -0.3534957 3.554037 0.142806 -0.3705688 3.553056 0.1364231 -0.3870521 3.552043 0.1287355 -0.4026626 3.551045 0.1198158 -0.4171121 3.55011 0.1097478 -0.4301124 3.54929 0.09862327 -0.4413799 3.548638 0.0865488 -0.45064 3.548209 0.0736351 -0.4576328 3.548054 0.06000423 -0.4627166 3.548054 0.04579639 -0.4663834 3.548054 0.03115844 -0.4685975 3.548054 0.01623153 -0.4509687 3.938074 -0.01456642 -0.4517091 3.938074 5.06401e-4 -0.4487545 3.938074 -0.02949333 -0.4450877 3.938074 -0.04413127 -0.4400041 3.938073 -0.05833911 -0.4335522 3.938073 -0.07198047 -0.4257941 3.938073 -0.08492374 -0.4168047 3.938073 -0.09704494 -0.4066709 3.938073 -0.1082258 -0.3954898 3.938073 -0.1183595 -0.3833692 3.938073 -0.1273488 -0.3704257 3.938073 -0.135107 -0.3567843 3.938073 -0.1415586 -0.3425761 3.938073 -0.1466426 -0.327938 3.938073 -0.1503095 -0.313011 3.938073 -0.1525239 -0.2979389 3.938073 -0.153264 -0.2828669 3.938073 -0.1525239 -0.2679399 3.938073 -0.1503095 -0.2533017 3.938073 -0.1466426 -0.2390936 3.938073 -0.1415586 -0.2254521 3.938073 -0.135107 -0.2125087 3.938073 -0.1273488 -0.2003881 3.938073 -0.1183595 -0.189207 3.938073 -0.1082258 -0.1790729 3.938073 -0.09704494 -0.1700837 3.938073 -0.08492374 -0.1623258 3.938073 -0.07198047 -0.1558738 3.938073 -0.05833911 -0.1507899 3.938073 -0.04413127 -0.1471234 3.938073 -0.02949333 -0.1449092 3.938073 -0.01456642 -0.1441688 3.938073 5.06401e-4 -0.1449092 3.938073 0.01557826 -0.1471234 3.938073 0.03050518 -0.1507899 3.938073 0.04514312 -0.1558738 3.938073 0.05935096 -0.1623258 3.938073 0.07299327 -0.1700837 3.938073 0.08593654 -0.1790729 3.938073 0.09805679 -0.189207 3.938073 0.1092376 -0.2003881 3.938073 0.1193723 -0.2125087 3.938073 0.1283617 -0.2254521 3.938073 0.1361188 -0.2390936 3.938073 0.1425714 -0.2533018 3.938073 0.1476545 -0.2679399 3.938073 0.1513214 -0.2828669 3.938073 0.1535358 -0.2979389 3.938073 0.1542758 -0.313011 3.938073 0.1535358 -0.327938 3.938073 0.1513214 -0.3425759 3.938073 0.1476545 -0.3567843 3.938073 0.1425714 -0.3704257 3.938073 0.1361188 -0.3833689 3.938073 0.1283617 -0.3954898 3.938074 0.1193723 -0.4066709 3.938074 0.1092376 -0.4168047 3.938074 0.09805679 -0.4257941 3.938074 0.08593654 -0.4335522 3.938074 0.07299327 -0.4400041 3.938074 0.05935192 -0.4450877 3.938074 0.04514312 -0.4487545 3.938074 0.03050518 -0.4509687 3.938074 0.01557826 -0.4203258 3.544335 -0.01154708 -0.4209181 3.544335 5.06401e-4 -0.4185549 3.544335 -0.02348518 -0.4156227 3.544335 -0.03519248 -0.4115568 3.544335 -0.04655551 -0.4063967 3.544335 -0.05746555 -0.4001922 3.544335 -0.06781673 -0.3930031 3.544335 -0.07751083 -0.3848983 3.544335 -0.08645248 -0.3759559 3.544335 -0.09455776 -0.3662625 3.544335 -0.1017465 -0.3559108 3.544335 -0.1079511 -0.3450008 3.544335 -0.1131114 -0.3336378 3.544335 -0.117177 -0.321931 3.544335 -0.1201095 -0.309993 3.544335 -0.1218805 -0.2979389 3.544335 -0.1224727 -0.2858849 3.544335 -0.1218805 -0.273947 3.544335 -0.1201095 -0.26224 3.544335 -0.117177 -0.2508769 3.544335 -0.1131114 -0.2399671 3.544335 -0.1079511 -0.2296154 3.544335 -0.1017465 -0.2199219 3.544335 -0.09455776 -0.2109797 3.544335 -0.08645248 -0.2028747 3.544335 -0.07751083 -0.1956857 3.544335 -0.06781673 -0.1894811 3.544335 -0.05746555 -0.184321 3.544335 -0.04655551 -0.1802552 3.544335 -0.03519248 -0.1773229 3.544335 -0.02348518 -0.1755521 3.544335 -0.01154804 -0.1749598 3.544335 5.06401e-4 -0.1755521 3.544335 0.01256084 -0.1773229 3.544335 0.02449798 -0.1802552 3.544335 0.03620529 -0.184321 3.544335 0.04756832 -0.1894811 3.544335 0.05847835 -0.1956857 3.544335 0.06882953 -0.2028747 3.544335 0.07852363 -0.2109797 3.544335 0.08746528 -0.2199219 3.544335 0.09557056 -0.2296154 3.544335 0.1027593 -0.2399671 3.544335 0.1089639 -0.2508767 3.544335 0.1141242 -0.26224 3.544335 0.1181898 -0.273947 3.544335 0.1211223 -0.2858849 3.544335 0.1228933 -0.2979389 3.544335 0.1234855 -0.309993 3.544335 0.1228933 -0.321931 3.544335 0.1211223 -0.3336378 3.544335 0.1181898 -0.3450011 3.544335 0.1141242 -0.3559108 3.544335 0.1089639 -0.3662624 3.544335 0.1027593 -0.3759559 3.544335 0.09557056 -0.3848983 3.544335 0.08746623 -0.3930031 3.544335 0.07852363 -0.4001922 3.544335 0.06882953 -0.4063967 3.544335 0.05847835 -0.4115568 3.544335 0.04756832 -0.4156227 3.544335 0.03620529 -0.4185549 3.544335 0.02449893 -0.4203258 3.544335 0.01256084 0.6461845 -5.879393 -2.57395 0.7361176 -5.874826 -2.57395 0.6824354 -6.593297 -2.57395 0.7723684 -6.58873 -2.57395 0.7089201 -7.333981 5.05447e-4 0.7989692 -7.333981 5.05447e-4 0.7089201 -6.583933 5.05447e-4 0.7989692 -6.583933 5.05447e-4 0.7989692 -7.304105 -0.2433967 0.70892 -6.558358 -0.2433967 0.7089201 -7.304105 -0.2433967 0.798969 -6.558358 -0.2433967 0.7226515 -7.232747 -0.734395 0.6326025 -6.495564 -0.734395 0.6326026 -7.232747 -0.734395 0.7226514 -6.495564 -0.734395 0.7693248 -6.628159 -2.461327 0.645353 -5.917117 -2.461327 0.6793846 -6.632447 -2.461327 0.735293 -5.912829 -2.461327 -0.06370574 -5.879009 -2.5147 -0.05549734 -6.424984 -2.5147 -0.06601732 -5.916672 -2.402078 -0.06008225 -6.463983 -2.402078 0.6461865 -5.879393 2.57496 0.7361196 -5.874825 2.57496 0.6824376 -6.593297 2.57496 0.7723706 -6.58873 2.57496 0.7989693 -7.304105 0.2444076 0.7089201 -6.558358 0.2444076 0.7089202 -7.304105 0.2444076 0.7989692 -6.558358 0.2444076 0.7226521 -7.232747 0.7354059 0.6326031 -6.495564 0.7354059 0.6326032 -7.232747 0.7354059 0.7226521 -6.495564 0.7354059 0.7693267 -6.628158 2.462337 0.645355 -5.917117 2.462337 0.6793865 -6.632445 2.462337 0.7352951 -5.912829 2.462337 -0.06370371 -5.879009 2.515711 -0.05549532 -6.424984 2.515711 -0.0660153 -5.916671 2.403088 -0.06008046 -6.463983 2.403088 0.2087067 -6.236325 -0.190998 0.2916512 -6.227087 -0.1883935 0.29149 -6.583369 -0.2354173 0.3322415 -6.578952 -0.2331886 0.5001516 -5.926892 -2.499337 0.5409031 -5.922474 -2.497109 0.540742 -6.278757 -2.544132 0.5814936 -6.274339 -2.541904 0.3197907 -6.490866 -0.9870043 0.3605422 -6.48645 -0.9847756 0.199282 -6.148129 -0.9429207 0.3199518 -6.134584 -0.9399805 0.5089437 -6.332964 -2.055924 0.4113395 -5.987374 -2.013502 0.4681923 -6.337381 -2.058152 0.4683535 -5.981099 -2.011129 0.3939916 -6.414124 -1.522578 0.3941526 -6.057841 -1.475554 0.434743 -6.409707 -1.52035 0.2647675 -6.072383 -1.478573 0.5543171 -6.302612 -2.253222 0.4648441 -5.956093 -2.210729 0.5135657 -6.30703 -2.255451 0.5137267 -5.950747 -2.208428 0.2087067 -6.236323 0.1920089 0.2916513 -6.227087 0.1894044 0.2914903 -6.583369 0.2364282 0.3322418 -6.578952 0.2341995 0.5001532 -5.926891 2.500348 0.5409045 -5.922473 2.49812 0.5407437 -6.278755 2.545142 0.581495 -6.274338 2.542914 0.3197912 -6.490866 0.9880152 0.360543 -6.486448 0.9857864 0.1992827 -6.148129 0.9439316 0.3199524 -6.134583 0.9409914 0.5089448 -6.332963 2.056934 0.4113408 -5.987374 2.014512 0.4681935 -6.337381 2.059162 0.4683547 -5.981099 2.012139 0.3939926 -6.414124 1.523589 0.3941536 -6.057841 1.476565 0.434744 -6.409706 1.52136 0.2647684 -6.072382 1.479584 0.5543186 -6.302611 2.254233 0.4648454 -5.956093 2.211739 0.513567 -6.307029 2.256462 0.5137281 -5.950747 2.209438 0.3538315 -6.416082 -0.1588373 0.4337743 -6.409206 -0.1554012 0.3892782 -6.803643 -0.2079763 0.469221 -6.796767 -0.2045402 0.5749261 -6.12366 -2.472587 0.6003039 -6.121375 -2.472297 0.6103729 -6.511221 -2.521725 0.6357508 -6.508936 -2.521435 0.4364879 -6.663133 -1.403092 0.5208169 -6.655702 -1.400868 0.4010413 -6.275573 -1.353954 0.4853703 -6.268141 -1.35173 0.3900815 -6.735441 -0.8662682 0.4754067 -6.337249 -0.813858 0.5108535 -6.72481 -0.8629971 0.3546347 -6.34788 -0.8171291 0.6090831 -6.566559 -2.040284 0.4887041 -6.186577 -1.992625 0.5241508 -6.574139 -2.041764 0.5736362 -6.178997 -1.991145 0.6312136 -6.536956 -2.257806 0.5318151 -6.155119 -2.209652 0.567262 -6.542681 -2.258791 0.5957668 -6.149395 -2.208667 0.3538315 -6.416083 0.1598482 0.4337744 -6.409208 0.1564121 0.3892784 -6.803644 0.2089872 0.4692212 -6.796768 0.2055511 0.5749275 -6.12366 2.473597 0.6003053 -6.121375 2.473308 0.6103744 -6.511221 2.522736 0.6357522 -6.508936 2.522446 0.436489 -6.663134 1.404104 0.520818 -6.655702 1.401879 0.4010422 -6.275573 1.354966 0.4853711 -6.268143 1.352741 0.3900823 -6.735441 0.8672791 0.4754071 -6.337249 0.8148689 0.510854 -6.72481 0.864008 0.3546354 -6.347881 0.81814 0.6090844 -6.566559 2.041295 0.4887052 -6.186579 1.993636 0.5241519 -6.57414 2.042775 0.5736375 -6.178999 1.992156 0.6312151 -6.536956 2.258816 0.5318163 -6.155119 2.210663 0.5672632 -6.542681 2.259801 0.5957682 -6.149395 2.209678 0.6391251 -6.663479 -0.09768676 0.4876534 -6.674462 -0.1444883 0.6703405 -6.942982 -0.1331243 0.518869 -6.953965 -0.1799259 0.571524 -6.619587 -0.6727352 0.5060897 -6.62678 -0.6736469 0.6027398 -6.899092 -0.7081728 0.5373054 -6.906285 -0.7090845 0.6118552 -6.915674 -0.5693579 0.5270833 -6.926364 -0.5597115 0.5806394 -6.636169 -0.5339203 0.4958676 -6.646862 -0.5242739 0.5688174 -6.858824 -1.055655 0.612531 -6.854018 -1.055045 0.5813153 -6.574515 -1.019608 0.5376018 -6.57932 -1.020217 0.5952845 -6.822737 -1.316955 0.6338214 -6.818502 -1.316418 0.6026059 -6.538998 -1.28098 0.5640689 -6.543235 -1.281517 0.6036342 -6.767849 -1.603695 0.6374521 -6.764132 -1.603224 0.6100587 -6.518853 -1.572125 0.5762407 -6.52257 -1.572597 0.6515806 -6.593175 -2.514945 0.6704859 -6.591097 -2.514682 0.6551722 -6.453979 -2.497296 0.636267 -6.456057 -2.49756 0.6391249 -6.663479 0.09869766 0.4876534 -6.674462 0.1454992 0.6703404 -6.942982 0.1341352 0.5188691 -6.953965 0.1809368 0.5715245 -6.619589 0.6737461 0.5060899 -6.62678 0.6746578 0.6027403 -6.899092 0.7091837 0.5373058 -6.906285 0.7100954 0.6118556 -6.915674 0.5703688 0.5270834 -6.926364 0.5607224 0.5806397 -6.636171 0.5349312 0.4958678 -6.646862 0.5252848 0.568818 -6.858824 1.056666 0.6125316 -6.85402 1.056057 0.5813159 -6.574515 1.020618 0.5376023 -6.57932 1.021228 0.5952855 -6.822737 1.317966 0.6338222 -6.818502 1.31743 0.6026066 -6.538998 1.281991 0.5640696 -6.543235 1.282528 0.603635 -6.767849 1.604706 0.637453 -6.764132 1.604235 0.6100596 -6.518853 1.573136 0.5762417 -6.52257 1.573607 0.6515819 -6.593175 2.515956 0.6704874 -6.591097 2.515693 0.6551735 -6.453979 2.498308 0.6362683 -6.456057 2.498571 0.4707549 -4.279028 1.375352 -0.05135232 -4.279027 1.350768 0.470755 -4.936701 1.375352 -0.05135232 -4.936701 1.350768 0.4625685 -4.398321 1.54351 0.04420328 -4.39832 1.518927 0.4625685 -4.817407 1.54351 0.04420351 -4.817407 1.518927 0.5386443 -4.936701 1.497992 -0.08150714 -4.936701 1.47341 0.5386442 -4.279028 1.497992 -0.08150702 -4.279027 1.47341 -0.08710306 -4.936701 1.496168 0.5512427 -4.279028 1.520752 0.5512425 -4.936701 1.520751 -0.08710306 -4.279027 1.496168 -0.6582139 -4.817407 1.480177 -0.6582137 -4.39832 1.480177 -0.596576 -4.817407 1.460727 -0.6257844 -4.817407 1.483485 -0.5965759 -4.39832 1.460727 -0.6257843 -4.39832 1.483485 -0.6942993 -4.817407 1.858987 -0.6942993 -4.39832 1.858987 -0.6757114 -4.39832 1.862295 -0.6757114 -4.817407 1.862295 0.02555572 -5.134829 1.496168 0.02199006 -5.134829 1.518927 0.4403551 -5.13483 1.54351 0.02199018 -4.080898 1.518928 0.4403551 -4.080898 1.54351 0.4323271 -4.080897 1.520752 0.4323271 -5.13483 1.520752 0.02555584 -4.080897 1.496168 -0.558214 -5.13483 1.480177 -0.5582141 -4.080899 1.480177 -0.4965755 -5.13483 1.460727 -0.5257841 -5.13483 1.483485 -0.4965758 -4.080898 1.460727 -0.5257843 -4.080899 1.483485 -0.5757111 -4.080899 1.862295 -0.5942994 -4.080899 1.858987 -0.5942994 -5.13483 1.858987 -0.5757111 -5.13483 1.862295 0.7761231 -4.398321 1.54351 0.7761232 -4.817407 1.54351 0.768095 -4.398321 1.520751 0.7680951 -4.817407 1.520751 0.7761232 -5.13483 1.54351 0.7680952 -5.13483 1.520751 0.7680951 -4.080897 1.520752 0.7761232 -4.080897 1.54351 0.2361662 -4.714857 1.807711 0.4497835 -4.714858 1.820263 0.4497834 -4.500872 1.820263 0.2361662 -4.500871 1.807711 -0.6568748 -4.817407 1.471633 -0.6195651 -4.817407 1.459416 -0.6568747 -4.39832 1.471633 -0.619565 -4.39832 1.459416 -0.5195649 -5.13483 1.459416 -0.5568751 -5.13483 1.471633 -0.5568751 -4.080898 1.471633 -0.5195649 -4.080898 1.459417 0.1266583 -4.455173 0.2378854 0.1941572 -4.454809 1.412154 0.1414691 -4.453715 0.2378864 0.2087537 -4.451905 1.412154 0.1557106 -4.449395 0.2378864 0.2225031 -4.44621 1.412154 0.1688356 -4.442379 0.2378864 0.2348774 -4.437942 1.412154 0.1803399 -4.432938 0.2378864 0.2454007 -4.427419 1.412154 0.1897812 -4.421434 0.2378864 0.253669 -4.415044 1.412154 0.1967966 -4.408309 0.2378864 0.2593641 -4.401294 1.412154 0.2011168 -4.394068 0.2378864 0.2622677 -4.386698 1.412154 0.2025755 -4.379257 0.2378864 0.2622677 -4.371816 1.412154 0.2011168 -4.364447 0.2378864 0.2593641 -4.357219 1.412154 0.1967966 -4.350205 0.2378864 0.253669 -4.343471 1.412154 0.1897812 -4.33708 0.2378864 0.2454007 -4.331096 1.412154 0.1803399 -4.325575 0.2378864 0.2348774 -4.320572 1.412154 0.1688356 -4.316134 0.2378864 0.2225031 -4.312304 1.412154 0.1557106 -4.309119 0.2378864 0.2087537 -4.306609 1.412154 0.1414691 -4.304798 0.2378864 0.1941572 -4.303706 1.412154 0.1266583 -4.303339 0.2378864 0.1792749 -4.303706 1.412154 0.1118478 -4.304798 0.2378854 0.1646783 -4.306609 1.412154 0.09760618 -4.309119 0.2378854 0.1509291 -4.312304 1.412154 0.08448123 -4.316134 0.2378854 0.1385547 -4.320572 1.412154 0.07297694 -4.325575 0.2378854 0.1280314 -4.331096 1.412154 0.06353569 -4.33708 0.2378854 0.1197633 -4.343471 1.412153 0.05652022 -4.350205 0.2378854 0.1140679 -4.357219 1.412154 0.05219995 -4.364447 0.2378854 0.1111646 -4.371816 1.412153 0.05074119 -4.379257 0.2378854 0.1111646 -4.386698 1.412153 0.05219995 -4.394068 0.2378854 0.1140679 -4.401294 1.412154 0.05652022 -4.408309 0.2378854 0.1197633 -4.415044 1.412153 0.06353569 -4.421434 0.2378854 0.1280314 -4.427419 1.412154 0.07297694 -4.432938 0.2378854 0.1385548 -4.437942 1.412154 0.08448123 -4.442379 0.2378854 0.1509291 -4.44621 1.412154 0.09760618 -4.449395 0.2378854 0.1646783 -4.451905 1.412154 0.1118478 -4.453715 0.2378854 0.1792749 -4.454809 1.412154 -0.1431674 -4.770539 0.268426 -0.1199562 -4.768253 0.2684269 -0.09763759 -4.761483 0.2684269 -0.07706803 -4.750489 0.2684269 -0.05903905 -4.735692 0.2684269 -0.04424268 -4.717663 0.2684279 -0.03324836 -4.697094 0.2684279 -0.02647787 -4.674775 0.2684279 -0.02419179 -4.651564 0.2684279 -0.02647787 -4.628353 0.2684279 -0.03324824 -4.606034 0.2684279 -0.04424268 -4.585465 0.2684279 -0.05903905 -4.567436 0.2684269 -0.07706803 -4.552639 0.2684269 -0.09763759 -4.541645 0.2684269 -0.1199562 -4.534874 0.268426 -0.1431674 -4.532588 0.268426 -0.1663784 -4.534874 0.268426 -0.1886973 -4.541645 0.268425 -0.2092665 -4.552639 0.268425 -0.2272957 -4.567436 0.268425 -0.2420918 -4.585465 0.268425 -0.2530863 -4.606034 0.268424 -0.2598569 -4.628353 0.268424 -0.262143 -4.651564 0.268424 -0.2598569 -4.674775 0.268424 -0.2530863 -4.697094 0.268424 -0.2420918 -4.717663 0.268425 -0.2272959 -4.735692 0.268425 -0.2092665 -4.750489 0.268425 -0.1886973 -4.761483 0.268425 -0.1663784 -4.768253 0.268426 0.2311162 -4.769967 1.381671 0.2539499 -4.765417 1.381671 0.2754587 -4.756491 1.381672 0.294816 -4.743534 1.381672 0.3112781 -4.727042 1.381673 0.3242124 -4.707649 1.381673 0.3331213 -4.686101 1.381673 0.3376633 -4.663226 1.381673 0.3376633 -4.639903 1.381673 0.3331213 -4.617027 1.381673 0.3242124 -4.595479 1.381673 0.3112781 -4.576086 1.381673 0.294816 -4.559595 1.381672 0.2754587 -4.546638 1.381672 0.2539499 -4.537712 1.381671 0.2311162 -4.533162 1.381671 0.2078355 -4.533162 1.381671 0.185002 -4.537712 1.38167 0.1634932 -4.546638 1.38167 0.1441358 -4.559595 1.38167 0.1276738 -4.576086 1.38167 0.1147394 -4.595479 1.381669 0.1058303 -4.617027 1.381669 0.1012884 -4.639903 1.381669 0.1012884 -4.663226 1.381669 0.1058303 -4.686101 1.381669 0.1147394 -4.707649 1.381669 0.1276738 -4.727042 1.38167 0.1441358 -4.743534 1.38167 0.1634932 -4.756491 1.38167 0.185002 -4.765417 1.381671 0.2078355 -4.769967 1.381671 0.3585991 -4.793183 1.426806 0.1871418 -4.699721 0.2311153 0.3460363 -4.794422 1.426146 0.1673633 -4.703654 0.2311143 0.3339561 -4.798091 1.425512 0.1487326 -4.711371 0.2311143 0.3228227 -4.80405 1.424928 0.1319652 -4.722576 0.2311143 0.3130645 -4.81207 1.424416 0.1177058 -4.736835 0.2311143 0.305056 -4.821842 1.423995 0.1065022 -4.753602 0.2311143 0.2991051 -4.83299 1.423682 0.09878516 -4.772233 0.2311134 0.2954407 -4.845087 1.423491 0.09485101 -4.792012 0.2311134 0.2942034 -4.857667 1.423425 0.09485101 -4.812177 0.2311134 0.2954407 -4.870247 1.423491 0.09878516 -4.831956 0.2311134 0.2991051 -4.882344 1.423682 0.1065022 -4.850586 0.2311143 0.305056 -4.893493 1.423995 0.1177058 -4.867353 0.2311143 0.3130645 -4.903265 1.424416 0.1319652 -4.881613 0.2311143 0.3228227 -4.911284 1.424928 0.1487326 -4.892817 0.2311143 0.3339561 -4.917243 1.425512 0.1673633 -4.900534 0.2311153 0.3460363 -4.920913 1.426146 0.1871418 -4.904468 0.2311153 0.3585991 -4.922152 1.426806 0.2073076 -4.904468 0.2311153 0.3711621 -4.920913 1.427465 0.227086 -4.900534 0.2311153 0.3832424 -4.917243 1.4281 0.2457169 -4.892817 0.2311162 0.3943757 -4.911284 1.428684 0.2624841 -4.881613 0.2311162 0.404134 -4.903265 1.429197 0.2767435 -4.867353 0.2311162 0.4121425 -4.893493 1.429618 0.2879471 -4.850586 0.2311162 0.4180934 -4.882344 1.42993 0.2956643 -4.831956 0.2311162 0.4217579 -4.870247 1.430122 0.2995984 -4.812177 0.2311162 0.4229952 -4.857667 1.430187 0.2995984 -4.792012 0.2311162 0.4217579 -4.845087 1.430122 0.2956643 -4.772233 0.2311162 0.4180934 -4.83299 1.42993 0.2879471 -4.753602 0.2311162 0.4121425 -4.821842 1.429618 0.2767435 -4.736835 0.2311162 0.404134 -4.81207 1.429197 0.2624841 -4.722576 0.2311162 0.3943757 -4.80405 1.428684 0.2457169 -4.711371 0.2311162 0.3832424 -4.798091 1.4281 0.227086 -4.703654 0.2311153 0.3711621 -4.794422 1.427465 0.2073076 -4.699721 0.2311153 -0.03832632 -4.71529 0.5322418 -0.2494305 -4.608639 0.532239 -0.02266019 -4.625669 0.5322418 -0.2358651 -4.719885 0.532239 -0.09571856 -4.540713 0.5322409 -0.1590974 -4.768659 0.5322399 -0.1127483 -4.767581 0.5322409 -0.1866356 -4.542828 0.5322399 -0.2556729 -4.63109 0.532239 -0.02993732 -4.603533 0.5322418 -0.1358699 -4.770404 0.5322409 -0.2069175 -4.554287 0.5322399 -0.02782613 -4.694489 0.5322418 -0.2206743 -4.737551 0.532239 -0.1181592 -4.534469 0.5322409 -0.09062165 -4.7603 0.5322409 -0.2574173 -4.654328 0.532239 -0.04139155 -4.583242 0.5322418 -0.2245752 -4.569486 0.532239 -0.02158397 -4.672038 0.5322418 -0.2023302 -4.751911 0.5322399 -0.1413869 -4.532724 0.5322409 -0.07033926 -4.748841 0.5322418 -0.2545965 -4.677459 0.532239 -0.05658274 -4.565577 0.5322418 -0.2389304 -4.587838 0.532239 -0.01983958 -4.6488 0.5322418 -0.1815383 -4.762415 0.5322399 -0.1645087 -4.535547 0.5322399 -0.0526815 -4.733642 0.5322418 -0.2473192 -4.699595 0.532239 -0.07492655 -4.551217 0.5322418 0.1266617 -4.455173 -0.2376956 0.1941771 -4.454808 -1.411962 0.1414725 -4.453715 -0.2376956 0.2087736 -4.451904 -1.411962 0.1557139 -4.449395 -0.2376956 0.222523 -4.446209 -1.411962 0.168839 -4.442379 -0.2376956 0.2348973 -4.437941 -1.411962 0.1803432 -4.432938 -0.2376956 0.2454206 -4.427418 -1.411962 0.1897845 -4.421434 -0.2376947 0.2536889 -4.415044 -1.411962 0.1967999 -4.408309 -0.2376947 0.259384 -4.401294 -1.411962 0.2011201 -4.394068 -0.2376947 0.2622876 -4.386698 -1.411962 0.2025788 -4.379257 -0.2376947 0.2622876 -4.371815 -1.411962 0.2011201 -4.364447 -0.2376947 0.259384 -4.357219 -1.411962 0.1967999 -4.350205 -0.2376947 0.2536889 -4.34347 -1.411962 0.1897845 -4.33708 -0.2376947 0.2454206 -4.331096 -1.411962 0.1803432 -4.325575 -0.2376956 0.2348973 -4.320571 -1.411962 0.168839 -4.316134 -0.2376956 0.222523 -4.312304 -1.411962 0.1557139 -4.309119 -0.2376956 0.2087736 -4.306608 -1.411962 0.1414725 -4.304798 -0.2376956 0.1941771 -4.303705 -1.411962 0.1266617 -4.303339 -0.2376956 0.1792948 -4.303705 -1.411962 0.1118511 -4.304798 -0.2376956 0.1646984 -4.306608 -1.411963 0.09760951 -4.309119 -0.2376956 0.150949 -4.312304 -1.411963 0.08448457 -4.316134 -0.2376956 0.1385746 -4.320571 -1.411963 0.07298028 -4.325575 -0.2376956 0.1280513 -4.331096 -1.411963 0.06353902 -4.33708 -0.2376956 0.1197832 -4.34347 -1.411963 0.05652356 -4.350205 -0.2376956 0.1140878 -4.357219 -1.411963 0.05220329 -4.364447 -0.2376966 0.1111845 -4.371815 -1.411963 0.05074453 -4.379257 -0.2376966 0.1111845 -4.386698 -1.411963 0.05220329 -4.394068 -0.2376966 0.1140878 -4.401294 -1.411963 0.05652356 -4.408309 -0.2376956 0.1197832 -4.415044 -1.411963 0.06353902 -4.421434 -0.2376956 0.1280513 -4.427418 -1.411963 0.07298028 -4.432938 -0.2376956 0.1385747 -4.437941 -1.411963 0.08448457 -4.442379 -0.2376956 0.150949 -4.446209 -1.411963 0.09760951 -4.449395 -0.2376956 0.1646984 -4.451904 -1.411963 0.1118511 -4.453715 -0.2376956 0.1792948 -4.454808 -1.411962 -0.1431636 -4.770539 -0.26824 -0.1199525 -4.768253 -0.26824 -0.09763377 -4.761483 -0.26824 -0.07706421 -4.750489 -0.26824 -0.05903524 -4.735692 -0.26824 -0.04423898 -4.717663 -0.26824 -0.03324455 -4.697094 -0.26824 -0.02647417 -4.674775 -0.26824 -0.02418798 -4.651564 -0.26824 -0.02647417 -4.628353 -0.26824 -0.03324443 -4.606034 -0.26824 -0.04423898 -4.585465 -0.26824 -0.05903524 -4.567436 -0.26824 -0.07706421 -4.552639 -0.26824 -0.09763377 -4.541645 -0.26824 -0.1199525 -4.534874 -0.26824 -0.1431636 -4.532588 -0.26824 -0.1663746 -4.534874 -0.26824 -0.1886935 -4.541645 -0.26824 -0.2092627 -4.552639 -0.26824 -0.2272919 -4.567436 -0.26824 -0.242088 -4.585465 -0.26824 -0.2530825 -4.606034 -0.26824 -0.2598531 -4.628353 -0.26824 -0.2621393 -4.651564 -0.26824 -0.2598531 -4.674775 -0.26824 -0.2530825 -4.697094 -0.26824 -0.242088 -4.717663 -0.26824 -0.2272921 -4.735692 -0.26824 -0.2092627 -4.750489 -0.26824 -0.1886935 -4.761483 -0.26824 -0.1663746 -4.768253 -0.26824 0.2311357 -4.769966 -1.381479 0.2539694 -4.765416 -1.381479 0.2754781 -4.756491 -1.381479 0.2948355 -4.743533 -1.381479 0.3112975 -4.727041 -1.381479 0.3242318 -4.707648 -1.381479 0.3331408 -4.6861 -1.381479 0.3376828 -4.663225 -1.381479 0.3376828 -4.639902 -1.381479 0.3331408 -4.617027 -1.381479 0.3242318 -4.595479 -1.381479 0.3112975 -4.576086 -1.381479 0.2948355 -4.559594 -1.381479 0.2754781 -4.546637 -1.381479 0.2539694 -4.537711 -1.381479 0.2311357 -4.533161 -1.381479 0.207855 -4.533161 -1.381479 0.1850215 -4.537711 -1.381479 0.1635127 -4.546637 -1.381479 0.1441553 -4.559594 -1.381479 0.1276932 -4.576086 -1.381479 0.1147589 -4.595479 -1.381479 0.1058498 -4.617027 -1.381479 0.101308 -4.639902 -1.381479 0.101308 -4.663225 -1.381479 0.1058498 -4.6861 -1.381479 0.1147589 -4.707648 -1.381479 0.1276932 -4.727041 -1.381479 0.1441553 -4.743533 -1.381479 0.1635127 -4.756491 -1.381479 0.1850215 -4.765416 -1.381479 0.207855 -4.769966 -1.381479 0.3586192 -4.793182 -1.426613 0.187145 -4.699721 -0.2309236 0.3460564 -4.794421 -1.425953 0.1673664 -4.703654 -0.2309236 0.3339762 -4.798091 -1.425319 0.1487358 -4.711371 -0.2309236 0.3228428 -4.804049 -1.424735 0.1319684 -4.722576 -0.2309236 0.3130846 -4.812069 -1.424223 0.1177091 -4.736835 -0.2309236 0.3050761 -4.821841 -1.423802 0.1065054 -4.753602 -0.2309236 0.2991252 -4.83299 -1.42349 0.09878838 -4.772233 -0.2309236 0.2954607 -4.845087 -1.423298 0.09485423 -4.792012 -0.2309236 0.2942234 -4.857667 -1.423232 0.09485423 -4.812177 -0.2309236 0.2954607 -4.870247 -1.423298 0.09878838 -4.831956 -0.2309236 0.2991252 -4.882344 -1.42349 0.1065054 -4.850586 -0.2309236 0.3050761 -4.893492 -1.423802 0.1177091 -4.867353 -0.2309236 0.3130846 -4.903264 -1.424223 0.1319684 -4.881613 -0.2309246 0.3228428 -4.911284 -1.424735 0.1487358 -4.892817 -0.2309246 0.3339762 -4.917243 -1.425319 0.1673664 -4.900534 -0.2309246 0.3460564 -4.920913 -1.425953 0.187145 -4.904468 -0.2309246 0.3586192 -4.922151 -1.426613 0.2073108 -4.904468 -0.2309246 0.3711822 -4.920913 -1.427272 0.2270892 -4.900534 -0.2309246 0.3832625 -4.917243 -1.427906 0.2457201 -4.892817 -0.2309246 0.3943957 -4.911284 -1.428491 0.2624874 -4.881613 -0.2309236 0.4041541 -4.903264 -1.429003 0.2767466 -4.867353 -0.2309246 0.4121626 -4.893492 -1.429423 0.2879503 -4.850586 -0.2309246 0.4181135 -4.882344 -1.429735 0.2956675 -4.831956 -0.2309246 0.4217779 -4.870247 -1.429928 0.2996016 -4.812177 -0.2309246 0.4230152 -4.857667 -1.429993 0.2996016 -4.792012 -0.2309236 0.4217779 -4.845087 -1.429928 0.2956675 -4.772233 -0.2309236 0.4181135 -4.83299 -1.429735 0.2879503 -4.753602 -0.2309246 0.4121626 -4.821841 -1.429423 0.2767466 -4.736835 -0.2309236 0.4041541 -4.812069 -1.429003 0.2624874 -4.722576 -0.2309236 0.3943957 -4.804049 -1.428491 0.2457201 -4.711371 -0.2309236 0.3832625 -4.798091 -1.427906 0.2270892 -4.703654 -0.2309236 0.3711822 -4.794421 -1.427272 0.2073108 -4.699721 -0.2309236 -0.03831893 -4.71529 -0.532054 -0.249423 -4.608639 -0.532054 -0.0226528 -4.625669 -0.532054 -0.2358574 -4.719885 -0.532054 -0.09571105 -4.540713 -0.532054 -0.1590899 -4.768659 -0.532054 -0.1127407 -4.767581 -0.532054 -0.1866281 -4.542828 -0.532054 -0.2556653 -4.63109 -0.532054 -0.02992993 -4.603533 -0.532054 -0.1358624 -4.770404 -0.532054 -0.2069098 -4.554287 -0.532054 -0.02781873 -4.694489 -0.532054 -0.2206668 -4.737551 -0.532054 -0.1181517 -4.534469 -0.532054 -0.09061402 -4.7603 -0.532054 -0.2574096 -4.654328 -0.532054 -0.04138416 -4.583242 -0.532054 -0.2245676 -4.569486 -0.532054 -0.02157658 -4.672038 -0.532054 -0.2023227 -4.751911 -0.532054 -0.1413794 -4.532724 -0.532054 -0.07033175 -4.748841 -0.532054 -0.2545889 -4.677459 -0.532054 -0.05657511 -4.565577 -0.532054 -0.2389228 -4.587838 -0.532054 -0.01983219 -4.6488 -0.532054 -0.1815308 -4.762415 -0.532054 -0.164501 -4.535547 -0.532054 -0.05267399 -4.733642 -0.532054 -0.2473117 -4.699595 -0.532054 -0.07491904 -4.551217 -0.532054 -0.2450989 4.670694 -0.9126148 -0.9812526 4.818815 -0.9126148 -0.2450988 3.18429 -0.9126148 -0.9812523 3.100734 -0.9126148 -0.2450989 4.670694 -0.9588661 -0.9812526 4.818815 -0.9588652 -0.2450988 3.18429 -0.9588652 -0.9812523 3.100734 -0.9588652 -0.2450988 3.460831 -0.9126148 -0.2450989 4.359322 -0.9126148 -0.9812528 4.458913 -0.9126148 -0.9812528 3.420378 -0.9126148 -0.2450989 4.359322 -0.9588652 -0.2450988 3.460831 -0.9588652 -0.9812528 3.420378 -0.9588652 -0.9812528 4.458913 -0.9588652 -1.322788 4.609148 -0.8935537 -1.203847 3.606254 -0.8935547 -1.203847 3.606254 -0.9779253 -1.322788 4.609148 -0.9779253 -1.177072 4.584313 -0.9779253 -1.177072 4.584313 -0.8935537 -1.166766 3.533687 -0.9779253 -1.166766 3.533687 -0.8935547 -0.07190018 4.359322 -0.9097424 -0.07006853 4.430752 -0.9097424 -0.07189995 3.237407 -0.9617376 -0.07189995 3.237407 -0.9097424 -0.07190018 3.460831 -0.9617376 -0.07006853 4.430752 -0.9617376 -0.07190018 3.460831 -0.9097424 -0.07190018 4.359322 -0.9617376 -1.079162 4.561124 -0.8935537 -1.074009 3.516543 -0.8935547 -1.079162 4.561124 -0.9779253 -1.074009 3.516543 -0.9779253 -0.2450989 4.091005 -0.9126148 -0.9812526 4.148775 -0.9126148 -0.245099 4.091005 -0.9588652 -0.9812526 4.148775 -0.9588652 -1.209522 4.265929 -0.8935537 -1.209522 4.265929 -0.9779253 -1.173994 4.270564 -0.8935537 -1.173994 4.270564 -0.9779253 -0.07189995 4.091005 -0.9097424 -0.07190018 4.091005 -0.9617376 -1.077623 4.24918 -0.9779253 -1.077623 4.24918 -0.8935537 -0.9812523 4.105927 -0.9126148 -0.2450989 4.053936 -0.9588652 -1.214293 4.218512 -0.8935537 -1.173569 4.227219 -0.8935537 -0.07190018 4.053936 -0.9617376 -1.077411 4.206084 -0.8935537 -0.2450989 4.053936 -0.9126148 -0.9812526 4.105927 -0.9588652 -1.214293 4.218512 -0.9779253 -1.173569 4.227219 -0.9779253 -0.07190018 4.053936 -0.9097424 -1.077411 4.206084 -0.9779253 -1.102638 4.227218 0.02209854 -1.095834 3.533687 0.02209854 -1.003078 3.516543 0.02209854 -1.006479 4.206084 0.02209854 -1.166766 3.533687 -0.8286963 -1.173569 4.227218 -0.8286963 -1.074009 3.516543 -0.8286963 -1.077411 4.206084 -0.8286963 -1.095834 3.533687 -0.6914749 -1.003078 3.516543 -0.6914749 -1.006479 4.206084 -0.6914749 -1.102638 4.227218 -0.6914749 -1.322788 4.609148 0.02209854 -1.177072 4.584314 0.02209854 -1.209522 4.265929 0.02209854 -1.173994 4.270564 0.02209854 -0.2450983 4.670694 0.9136267 -0.9812521 4.818815 0.9136276 -0.2450982 3.18429 0.9136267 -0.9812516 3.100733 0.9136276 -0.2450983 4.670694 0.959878 -0.9812521 4.818815 0.959878 -0.2450982 3.18429 0.959878 -0.9812516 3.100733 0.959878 -0.2450982 3.46083 0.9136267 -0.2450983 4.359321 0.9136267 -0.9812521 4.458913 0.9136276 -0.9812521 3.420377 0.9136276 -0.2450983 4.359321 0.959878 -0.2450982 3.46083 0.959878 -0.9812521 3.420377 0.959878 -0.9812521 4.458913 0.959878 -1.322787 4.609148 0.8945675 -1.203847 3.606254 0.8945675 -1.203846 3.606254 0.9789381 -1.322787 4.609148 0.9789381 -1.177071 4.584312 0.9789381 -1.177072 4.584312 0.8945675 -1.166765 3.533687 0.9789381 -1.166765 3.533687 0.8945675 -0.07189959 4.359321 0.9107542 -0.07006794 4.430752 0.9107542 -0.07189935 3.237407 0.9627504 -0.07189935 3.237407 0.9107542 -0.07189959 3.46083 0.9627504 -0.07006794 4.430752 0.9627504 -0.07189959 3.46083 0.9107542 -0.07189959 4.359321 0.9627504 -1.079162 4.561124 0.8945675 -1.074009 3.516542 0.8945675 -1.079162 4.561124 0.9789381 -1.074009 3.516542 0.9789381 -0.2450985 4.091004 0.9136267 -0.9812521 4.148774 0.9136276 -0.2450983 4.091004 0.959878 -0.9812521 4.148774 0.959878 -1.209522 4.265928 0.8945675 -1.209522 4.265928 0.9789381 -1.173994 4.270564 0.8945675 -1.173994 4.270564 0.9789381 -0.07189959 4.091004 0.9107542 -0.07189935 4.091004 0.9627504 -1.077623 4.24918 0.9789381 -1.077623 4.24918 0.8945675 -0.9812521 4.105927 0.9136276 -0.2450983 4.053936 0.959878 -1.214293 4.218511 0.8945675 -1.173568 4.227218 0.8945675 -0.07189959 4.053936 0.9627504 -1.07741 4.206083 0.8945675 -0.2450983 4.053936 0.9136267 -0.9812518 4.105927 0.959878 -1.214293 4.218511 0.9789381 -1.173568 4.227218 0.9789381 -0.07189959 4.053936 0.9107542 -1.07741 4.206083 0.9789381 -1.102638 4.227218 -0.02108573 -1.095834 3.533687 -0.02108573 -1.003078 3.516543 -0.02108573 -1.006479 4.206084 -0.02108573 -1.166765 3.533687 0.8297081 -1.173568 4.227218 0.8297091 -1.074009 3.516543 0.8297081 -1.07741 4.206084 0.8297091 -1.095834 3.533687 0.6924877 -1.003077 3.516543 0.6924877 -1.006479 4.206084 0.6924877 -1.102637 4.227218 0.6924887 -1.322788 4.609148 -0.02108573 -1.177072 4.584314 -0.02108573 -1.209522 4.265929 -0.02108573 -1.173994 4.270564 -0.02108573 -0.2038727 3.535146 -0.237708 -0.3308476 3.535146 -0.237708 -0.2038727 3.408172 -0.237708 -0.3308475 3.408172 -0.237708 -0.2038727 3.535146 -0.3646822 -0.3308476 3.535146 -0.3646822 -0.2038729 3.408172 -0.3646822 -0.3308476 3.408172 -0.3646822 -1.050132 3.66073 -0.237708 -1.050132 3.533756 -0.2377071 -1.050132 3.533756 -0.3646822 -1.050132 3.66073 -0.3646822 -0.6664465 3.408172 -0.237708 -0.6664466 3.408172 -0.3646822 -0.6664465 3.535146 -0.3646822 -0.6664465 3.535146 -0.237708 -0.2038725 3.535146 0.2387199 -0.3308475 3.535146 0.2387199 -0.2038725 3.408172 0.2387199 -0.3308473 3.408172 0.2387199 -0.2038725 3.535146 0.365695 -0.3308475 3.535146 0.365695 -0.2038725 3.408172 0.365695 -0.3308473 3.408172 0.365695 -1.050132 3.66073 0.2387199 -1.050132 3.533756 0.2387199 -1.050132 3.533756 0.365695 -1.050132 3.66073 0.365695 -0.6664462 3.408172 0.2387199 -0.6664462 3.408172 0.365695 -0.6664462 3.535146 0.365695 -0.6664462 3.535146 0.2387199 -1.030646 3.74456 0.02723789 -1.222859 3.843825 0.02723884 -1.030646 3.619721 0.02723789 -1.222859 3.619721 0.02723884 -1.030646 3.74456 -0.02622604 -1.222859 3.843825 -0.02622604 -1.030646 3.619721 -0.02622604 -1.222859 3.619721 -0.02622604 -1.303678 3.843825 0.02723884 -1.303678 3.619721 0.02723884 -1.303678 3.619721 -0.02622604 -1.303678 3.843825 -0.02622604 -1.263268 3.843825 0.02723884 -1.263268 3.587724 0.02723884 -1.263268 3.843825 -0.02622604 -1.263268 3.587724 -0.02622604 -1.303678 4.159444 -0.02622604 -1.303678 4.159444 0.02723884 -1.263268 4.159444 0.02723884 -1.263268 4.159444 -0.02622604 -1.303678 4.560331 -0.02622604 -1.303678 4.560331 0.02723884 -1.263268 4.560331 0.02723884 -1.263268 4.560331 -0.02622604 -1.227599 -0.2424649 0.08791542 -1.385353 -0.1849259 0.08791542 -1.227599 -0.4163095 0.08791542 -1.385352 -0.4163095 0.08791542 -1.227599 -0.2424649 -0.08690261 -1.385353 -0.1849258 -0.08690261 -1.227599 -0.4163094 -0.08690261 -1.385352 -0.4163095 -0.08690261 -1.283679 -0.4163094 5.06401e-4 -1.385352 -0.4163095 5.06401e-4 -1.283679 -0.2424649 5.06401e-4 -1.385353 -0.1849258 5.06401e-4 -1.473971 -0.1849258 0.08791542 -1.473971 -0.4163095 0.08791542 -1.473971 -0.4163094 5.06401e-4 -1.473971 -0.4163094 -0.08690261 -1.473971 -0.1849257 -0.08690261 -1.473971 -0.1849258 5.06401e-4 -1.473971 -0.1849257 -0.3021889 -1.473971 -0.4163095 0.3032007 -1.473971 -0.1849257 0.3032007 -1.473971 -0.4163095 -0.3021889 -1.413725 -0.1849257 -0.3021889 -1.413725 -0.4163095 -0.3021889 -1.413725 -0.4163095 0.3032007 -1.413725 -0.1849257 0.3032007 -1.385352 -0.4163095 -0.02863025 -1.385352 -0.4163095 -0.05776691 -1.264986 -0.2424649 -0.02863025 -1.246292 -0.2424649 -0.05776691 -1.246292 -0.4163094 -0.05776691 -1.264986 -0.4163094 -0.02863025 -1.385353 -0.1849258 -0.05776691 -1.385353 -0.1849258 -0.02863025 -1.473971 -0.4163094 -0.02863025 -1.473971 -0.4163094 -0.05776691 -1.473971 -0.1849258 -0.05776691 -1.473971 -0.1849258 -0.02863025 -1.227599 -0.4142933 0.08791542 -1.227599 -0.3795244 0.08791542 -1.227599 -0.2772067 0.08791542 -1.512178 -0.4027854 -0.02863025 -1.385353 -0.1964064 0.08791542 -1.385352 -0.2426831 0.08791542 -1.385352 -0.3565087 0.08791542 -1.385352 -0.4027855 0.08791542 -1.512178 -0.1964064 -0.05776691 -1.227599 -0.2772067 -0.08690261 -1.227599 -0.3795244 -0.08690261 -1.227599 -0.4142932 -0.08690261 -1.385352 -0.4027855 -0.08690261 -1.385352 -0.3565087 -0.08690261 -1.385352 -0.2426831 -0.08690261 -1.385353 -0.1964063 -0.08690261 -1.283679 -0.4142933 5.06401e-4 -1.283679 -0.3795244 5.06401e-4 -1.283679 -0.2772067 5.06401e-4 -1.512178 -0.2196421 -0.05776691 -1.473971 -0.1964064 0.08791542 -1.473971 -0.2426831 0.08791542 -1.473971 -0.3565087 0.08791542 -1.473971 -0.4027855 0.08791542 -1.473971 -0.4027854 -0.08690261 -1.473971 -0.3565087 -0.08690261 -1.473971 -0.2426831 -0.08690261 -1.473971 -0.1964064 -0.08690261 -1.473971 -0.4027854 5.06401e-4 -1.473971 -0.3565087 5.06401e-4 -1.473971 -0.2426831 5.06401e-4 -1.473971 -0.1964064 5.06401e-4 -1.473971 -0.4027854 -0.3021889 -1.473971 -0.3565086 -0.3021889 -1.473971 -0.2426831 -0.3021889 -1.473971 -0.1964064 -0.3021889 -1.473971 -0.1964064 0.3032007 -1.473971 -0.2426831 0.3032007 -1.473971 -0.3565087 0.3032007 -1.473971 -0.4027855 0.3032007 -1.413725 -0.4027854 -0.3021889 -1.413725 -0.3565087 -0.3021889 -1.413725 -0.2426831 -0.3021889 -1.413725 -0.1964064 -0.3021889 -1.413725 -0.1964064 0.3032007 -1.413725 -0.2426832 0.3032007 -1.413725 -0.3565087 0.3032007 -1.413725 -0.4027855 0.3032007 -1.473971 -0.4027854 -0.05776691 -1.473971 -0.3565087 -0.05776691 -1.473971 -0.2426831 -0.05776691 -1.473971 -0.1964064 -0.05776691 -1.473971 -0.4027854 -0.02863025 -1.473971 -0.3565087 -0.02863025 -1.473971 -0.2426831 -0.02863025 -1.473971 -0.1964064 -0.02863025 -1.264986 -0.4142933 -0.02863025 -1.264986 -0.3795244 -0.02863025 -1.264986 -0.2772067 -0.02863025 -1.512178 -0.3795498 -0.05776691 -1.246292 -0.4142933 -0.05776691 -1.246292 -0.3795244 -0.05776691 -1.246292 -0.2772067 -0.05776691 -1.512178 -0.4027854 -0.05776691 -1.512178 -0.3795498 -0.02863025 -1.512178 -0.2196421 -0.02863025 -1.512178 -0.1964064 -0.02863025 0.4707541 -4.279027 -1.375148 -0.05135303 -4.279026 -1.350563 0.4707542 -4.9367 -1.375148 -0.05135315 -4.9367 -1.350563 0.4625675 -4.39832 -1.543305 0.04420244 -4.39832 -1.518723 0.4625675 -4.817407 -1.543305 0.04420256 -4.817406 -1.518723 0.5386434 -4.9367 -1.497788 -0.0815081 -4.9367 -1.473205 0.5386433 -4.279027 -1.497788 -0.0815081 -4.279026 -1.473205 -0.0871039 -4.9367 -1.495963 0.5512416 -4.279027 -1.520547 0.5512416 -4.9367 -1.520547 -0.08710402 -4.279026 -1.495963 -0.6582147 -4.817407 -1.479972 -0.6582147 -4.39832 -1.479972 -0.5965768 -4.817407 -1.460521 -0.6257854 -4.817407 -1.48328 -0.5965768 -4.39832 -1.460521 -0.6257854 -4.39832 -1.48328 -0.6943004 -4.817407 -1.858781 -0.6943004 -4.39832 -1.858781 -0.6757126 -4.39832 -1.862089 -0.6757126 -4.817407 -1.862089 0.02555477 -5.134829 -1.495963 0.0219891 -5.134829 -1.518723 0.4403541 -5.134829 -1.543305 0.02198922 -4.080897 -1.518722 0.4403542 -4.080898 -1.543305 0.4323261 -4.080897 -1.520547 0.4323261 -5.134829 -1.520547 0.02555489 -4.080896 -1.495963 -0.5582149 -5.134829 -1.479972 -0.5582149 -4.080898 -1.479972 -0.4965766 -5.134829 -1.460521 -0.5257851 -5.134829 -1.48328 -0.4965766 -4.080897 -1.460521 -0.5257851 -4.080898 -1.48328 -0.5757122 -4.080898 -1.862089 -0.5943006 -4.080898 -1.858781 -0.5943006 -5.134829 -1.858781 -0.5757122 -5.134829 -1.862089 0.7761221 -4.39832 -1.543305 0.7761222 -4.817407 -1.543305 0.7680941 -4.39832 -1.520547 0.7680942 -4.817407 -1.520547 0.7761222 -5.134829 -1.543305 0.7680943 -5.134829 -1.520547 0.7680942 -4.080897 -1.520547 0.7761222 -4.080897 -1.543305 0.2361651 -4.714857 -1.807506 0.4497823 -4.714857 -1.820058 0.4497823 -4.500871 -1.820058 0.2361652 -4.500871 -1.807506 -0.6568757 -4.817407 -1.471427 -0.6195661 -4.817407 -1.459211 -0.6568757 -4.39832 -1.471427 -0.6195661 -4.39832 -1.459211 -0.5195658 -5.134829 -1.459211 -0.5568761 -5.134829 -1.471427 -0.556876 -4.080897 -1.471427 -0.5195657 -4.080897 -1.459211</float_array>
          <technique_common>
            <accessor source="#Cylinder_016-mesh-positions-array" count="3683" stride="3">
              <param name="X" type="float"/>
              <param name="Y" type="float"/>
              <param name="Z" type="float"/>
            </accessor>
          </technique_common>
        </source>
        <source id="Cylinder_016-mesh-normals">
          <float_array id="Cylinder_016-mesh-normals-array" count="20790">0.004098773 -0.6242219 0.7812364 0.09387165 -0.9755043 -0.1989459 0.06661593 -0.6291568 0.7744185 0.1872411 -0.9587954 -0.2136641 0.1302424 -0.6286257 0.7667247 0.2783828 -0.9331928 -0.2272756 0.1946107 -0.6223195 0.7581855 0.3664014 -0.899056 -0.2396838 0.2591208 -0.6099168 0.7489046 0.4505386 -0.8568128 -0.2507724 0.3232532 -0.5912182 0.7388967 0.5301711 -0.8069186 -0.2603862 0.3862512 -0.5660781 0.7282621 0.6046634 -0.7499288 -0.2683077 0.4475587 -0.5343312 0.7170645 0.6735056 -0.6863929 -0.274327 0.5062296 -0.4960007 0.7054892 0.7362146 -0.6169393 -0.2781621 0.561447 -0.4512534 0.693648 0.7924302 -0.5421441 -0.2795251 0.6124421 -0.4003284 0.6816537 0.8418309 -0.4625599 -0.2781352 0.6584233 -0.3435766 0.6696521 0.8840686 -0.378825 -0.2737051 0.6985501 -0.2814868 0.65787 0.9188787 -0.2913966 -0.2659888 0.7321978 -0.2147021 0.6463664 0.9458975 -0.200906 -0.2547839 0.7587106 -0.1439574 0.6353224 0.9647524 -0.1079294 -0.2400084 0.7775811 -0.07007932 0.6248652 0.975032 -0.01304322 -0.2216811 0.7884296 0.006049096 0.6150953 0.9762797 0.08295321 -0.1999915 0.7909644 0.08348912 0.6061393 0.9680674 0.1792376 -0.1752693 0.785057 0.1612697 0.5980616 0.950054 0.274723 -0.1480699 0.7706974 0.2383515 0.5909434 0.9220357 0.3683534 -0.1190207 0.7480168 0.3137771 0.5848205 0.8840071 0.4589592 -0.08881443 0.7170836 0.3866952 0.5798775 0.836269 0.5452193 -0.05822497 0.6784382 0.4560258 0.5759879 0.7792659 0.626075 -0.0278337 0.6324791 0.5210003 0.5731744 0.7137008 0.7004484 0.001797854 0.5796924 0.580716 0.5715994 0.6404683 0.7673878 0.030272 0.5207829 0.634475 0.5711626 0.4565733 0.681576 0.5718348 0.5605273 0.8261469 0.0573647 0.387562 0.7215582 0.5737156 0.4748854 0.8761305 0.08294177 0.3148025 0.753821 0.5767611 0.3845708 0.9168741 0.1069923 0.2393175 0.7779935 0.5809074 0.2908137 0.9479748 0.1295046 0.161915 0.7938569 0.5861526 0.1945816 0.969264 0.1505498 0.08344972 0.8012896 0.5924282 0.09697878 0.9806275 0.1701909 0.005108058 0.800117 0.5998222 -8.81293e-4 0.982079 0.1884682 -0.07211524 0.7906135 0.608054 -0.09802961 0.9737542 0.2054097 -0.1475312 0.7728361 0.6172189 -0.1935476 0.9558721 0.2210159 -0.2198377 0.7472415 0.6271376 -0.2864601 0.9287705 0.2352148 -0.2882949 0.7142496 0.6377567 -0.375878 0.8928859 0.2479325 -0.3523523 0.6743714 0.6489 -0.4611687 0.8486587 0.2590402 -0.4110622 0.6283159 0.66049 -0.5415122 0.796723 0.2683227 -0.463883 0.5768699 0.6723346 -0.6163512 0.7376686 0.2756018 -0.5104182 0.5207698 0.6843042 -0.6852269 0.6720998 0.2806173 -0.5501446 0.460966 0.6963126 -0.7477305 0.6006237 0.2831084 -0.583029 0.39823 0.7081597 -0.8034644 0.5238996 0.2827975 -0.6090866 0.3334314 0.719609 -0.8520984 0.4425635 0.2794029 -0.628242 0.2673763 0.7306313 -0.893371 0.3571088 0.2726934 -0.6405208 0.2008955 0.7411978 -0.9269143 0.2681902 0.2624961 -0.6463804 0.1346141 0.7510469 -0.9523834 0.1763789 0.2487093 -0.6460468 0.06913882 0.7601603 -0.9693771 0.08230918 0.2313727 -0.6398043 0.005007028 0.7685216 -0.9774686 -0.01328754 0.2106627 -0.6280958 -0.05733752 0.7760207 -0.9762482 -0.1095355 0.1869263 -0.6112945 -0.117527 0.7826281 -0.9653782 -0.2054789 0.1606968 -0.5896601 -0.1752946 0.7883989 -0.9446632 -0.3000458 0.1326047 -0.5636165 -0.2303668 0.7932639 -0.9140871 -0.39213 0.1033386 -0.5335002 -0.2825608 0.7972058 -0.873889 -0.4805107 0.07367241 -0.4995487 -0.3317427 0.8002486 -0.8244651 -0.5641849 0.04419112 -0.4620482 -0.3777279 0.8023921 -0.7664523 -0.6421155 0.0154531 -0.4212021 -0.4204286 0.8036347 -0.7006082 -0.7134424 -0.01217132 -0.3771831 -0.4597182 0.8039852 -0.5488432 -0.8335283 -0.06325978 -0.3301696 -0.4954403 0.803447 -0.4647867 -0.881179 -0.08658486 -0.2804769 -0.5273934 0.8019907 -0.3765895 -0.9200102 -0.1084516 -0.2280929 -0.5554574 0.7996505 -0.285142 -0.9497708 -0.1289556 -0.1732715 -0.579438 0.7963847 -0.1914004 -0.9702597 -0.148196 -0.1160737 -0.5990555 0.7922496 -0.8038706 0.2579775 -0.5359475 -0.09642064 -0.9813636 -0.1662184 -0.05692851 -0.6140795 0.7871884 -0.001002848 -0.9830893 -0.1831242 0.4269132 -0.2776277 -0.8606207 0.08821636 -0.4482516 -0.889544 -0.1773973 0.8828673 -0.4348282 0.6787967 0.1493436 -0.7189795 0.6859808 0.2233036 -0.692507 -0.5433814 -0.3479597 -0.763977 0.3976173 0.7689043 -0.5006863 0.3248769 0.8120651 -0.4847736 -0.05010074 -0.4712432 -0.8805793 -0.4210822 0.7945379 -0.437492 0.4674561 -0.2415163 -0.850385 -0.8109169 0.1758888 -0.5581014 0.6836975 0.2994455 -0.6655 -0.485895 -0.3835293 -0.7853733 0.246922 0.846794 -0.4711364 -0.002702891 -0.4659534 -0.8848052 0.1321238 -0.435979 -0.8902055 -0.4943585 0.7483299 -0.4422805 0.5070491 -0.2009198 -0.8381721 -0.8075489 0.09443634 -0.5821912 0.6716318 0.3762401 -0.638243 -0.4272754 -0.4122329 -0.8046737 0.1654879 0.872535 -0.45967 0.1754726 -0.4214599 -0.8897084 -0.5619571 0.6945666 -0.4492009 0.5450326 -0.1554693 -0.8238744 -0.794207 0.0151205 -0.6074591 0.6493788 0.4521254 -0.6114653 -0.3689708 -0.4345419 -0.8216045 -0.6277585 -0.7774581 -0.03844904 0.08118188 0.88914 -0.4503774 0.2181117 -0.4045689 -0.8881168 -0.6228976 0.6340448 -0.4582422 0.5807209 -0.1048384 -0.8073242 -0.7706136 -0.06065326 -0.6344101 0.6171437 0.5254708 -0.5856741 -0.3117532 -0.4511852 -0.8362068 -0.004924178 0.8964073 -0.4432039 0.2604758 -0.3852006 -0.8853095 -0.676969 0.5670705 -0.4691951 0.6130584 -0.04884999 -0.7885259 -0.73835 -0.1315127 -0.6614709 0.5748347 0.595176 -0.5615431 -0.2558694 -0.4627996 -0.8487328 -0.09153449 0.8942816 -0.4380435 0.3024788 -0.3630881 -0.881291 -0.7223866 0.4952281 -0.4826042 0.6412125 0.01244312 -0.7672626 -0.698053 -0.1963559 -0.6885975 0.5235699 0.6596604 -0.5391871 -0.2017671 -0.4701243 -0.8592283 0.3441566 -0.3380369 -0.8759494 -0.7591192 0.418968 -0.4982007 0.6634982 0.07872527 -0.7440246 -0.6510177 -0.2543451 -0.7151815 0.4642264 0.7178943 -0.5187695 -0.1493251 -0.4736576 -0.8679577 -0.2615495 0.8622178 -0.4337886 0.3859326 -0.3096264 -0.8690153 -0.786438 0.3394801 -0.5160122 -0.5989633 -0.3049297 -0.7404464 0.04334485 -0.4582498 -0.8877661 -0.09890013 -0.4738972 -0.8750087 -0.3433186 0.832611 -0.4346163 0.004086434 -0.6241849 -0.7812662 0.09383308 -0.9755089 0.1989418 -0.001001834 -0.983089 0.1831257 0.06659537 -0.6291805 -0.7744011 0.1872402 -0.9587944 0.2136692 0.1302594 -0.6286172 -0.7667287 0.2783923 -0.9331881 0.2272831 0.194585 -0.6223056 -0.7582035 0.3664263 -0.8990448 0.2396876 0.259146 -0.6099254 -0.7488888 0.4505423 -0.856812 0.2507687 0.3232518 -0.5912364 -0.7388828 0.530153 -0.8069348 0.2603734 0.3862755 -0.5660743 -0.7282521 0.6046814 -0.7499146 0.268307 0.4475508 -0.5343057 -0.7170884 0.6735234 -0.6863737 0.274331 0.5062092 -0.4960125 -0.7054955 0.7362085 -0.6169455 0.2781644 0.5614628 -0.4512703 -0.6936244 0.7924236 -0.5421494 0.2795336 0.6124376 -0.4003256 -0.6816596 0.8418262 -0.4625681 0.278136 0.6584526 -0.3435404 -0.6696419 0.8840708 -0.3788173 0.2737086 0.6984899 -0.2815008 -0.6579281 0.9188715 -0.2914222 0.2659855 0.7322024 -0.2147024 -0.6463611 0.9458973 -0.2009099 0.2547814 0.7586544 -0.1439744 -0.6353856 0.9647543 -0.1079092 0.24001 0.7775872 -0.07009106 -0.6248564 0.9750301 -0.01304835 0.2216891 0.7884293 0.006044447 -0.6150957 0.9762798 0.08295977 0.1999888 0.7909905 0.08348459 -0.6061059 0.9680695 0.1792176 0.1752787 0.7850017 0.161269 -0.5981345 0.9500482 0.2747396 0.1480764 0.7706828 0.2383627 -0.5909579 0.9220355 0.3683562 0.1190143 0.7479405 0.31383 -0.5848896 0.8840163 0.4589404 0.08882051 0.717082 0.3867017 -0.5798752 0.8362568 0.5452404 0.05820542 0.678439 0.4560315 -0.5759824 0.779262 0.6260805 0.02782607 0.6325222 0.5209407 -0.5731809 0.7137171 0.7004319 -0.001797735 0.5797049 0.5807029 -0.5715999 0.6404857 0.7673736 -0.03026586 0.4564973 0.6816167 -0.5718469 0.520828 0.6344779 -0.5711181 0.3875489 0.7215489 -0.5737361 0.5605112 0.8261575 -0.05736911 0.31486 0.7538014 -0.5767552 0.4748805 0.8761331 -0.082942 0.2393048 0.77802 -0.5808771 0.3845955 0.916865 -0.106981 0.1618596 0.7938581 -0.5861662 0.2907925 0.9479811 -0.1295058 0.08350306 0.8012517 -0.5924719 0.1945939 0.9692622 -0.1505464 0.005133748 0.8001438 -0.5997863 0.09697139 0.9806277 -0.1701939 -0.07220989 0.7905902 -0.6080733 -8.79589e-4 0.9820801 -0.1884623 -0.1474676 0.7728425 -0.617226 -0.09802615 0.973754 -0.2054122 -0.2198043 0.7472464 -0.6271435 -0.193558 0.9558722 -0.221006 -0.2883816 0.7142226 -0.6377477 -0.2864373 0.9287778 -0.2352139 -0.3523639 0.674375 -0.64889 -0.3759065 0.8928718 -0.2479403 -0.4110504 0.6283354 -0.6604788 -0.4611583 0.848665 -0.2590383 -0.4638749 0.5768538 -0.6723539 -0.5414891 0.7967368 -0.2683284 -0.5103426 0.5207948 -0.6843416 -0.6163698 0.7376489 -0.275613 -0.5501579 0.4609589 -0.6963068 -0.6852371 0.6720884 -0.2806194 -0.5829951 0.3981685 -0.7082223 -0.7477257 0.6006286 -0.2831106 -0.6089541 0.3333473 -0.7197601 -0.8034445 0.5239313 -0.2827951 -0.628544 0.2675605 -0.7303039 -0.8521019 0.4425587 -0.2793996 -0.6405608 0.200905 -0.7411606 -0.8933705 0.3571095 -0.2726941 -0.6463813 0.1346094 -0.751047 -0.9269109 0.2681989 -0.262499 -0.6460555 0.06913334 -0.7601532 -0.9523857 0.176371 -0.2487065 -0.6397424 0.005006194 -0.7685731 -0.9693779 0.08230572 -0.2313707 -0.6281185 -0.05734205 -0.7760019 -0.977469 -0.01328736 -0.2106608 -0.6112562 -0.117534 -0.7826569 -0.9762482 -0.1095263 -0.1869314 -0.5896498 -0.1752882 -0.7884081 -0.9653784 -0.2054776 -0.1606972 -0.563554 -0.2303732 -0.7933065 -0.9446588 -0.3000658 -0.132591 -0.5334992 -0.28258 -0.7971997 -0.9140946 -0.3921098 -0.103349 -0.4995384 -0.3317372 -0.8002575 -0.8738818 -0.4805251 -0.07366377 -0.4620482 -0.3777223 -0.8023948 -0.8244557 -0.5641984 -0.04419267 -0.4211063 -0.4204622 -0.8036673 -0.7664519 -0.642116 -0.01545345 -0.3772292 -0.4597051 -0.803971 -0.7006291 -0.7134221 0.01216125 -0.5488179 -0.8335444 0.06326729 -0.6277789 -0.7774418 0.03844577 -0.3299862 -0.4949717 -0.8038111 -0.4647924 -0.8811764 0.08658152 -0.2804199 -0.5272579 -0.8020997 -0.3766168 -0.9199995 0.1084464 -0.2280964 -0.5554727 -0.7996387 -0.2851418 -0.9497703 0.1289596 -0.1732297 -0.5794415 -0.7963913 -0.1913951 -0.9702605 0.1481977 -0.8036887 0.2580789 0.5361714 -0.1161432 -0.5990353 -0.7922547 -0.09638279 -0.9813664 0.1662245 -0.05689412 -0.6140913 -0.7871817 -0.6230372 0.6339805 0.4581414 -0.7941049 0.0151236 0.6075926 -0.002707123 -0.4659846 0.8847888 0.6788025 0.1493572 0.7189713 -0.5433922 -0.3479421 0.7639774 0.397596 0.7689263 0.5006695 -0.05005288 -0.4712214 0.8805937 0.08819836 -0.4482446 0.8895492 -0.4211194 0.7945308 0.4374694 0.4269381 -0.2776228 0.8606099 -0.8108969 0.1758775 0.5581339 0.6858489 0.2233287 0.6926295 -0.4857068 -0.3835602 0.7854747 0.324867 0.8120763 0.4847612 0.1321905 -0.4359837 0.8901932 -0.494552 0.7482165 0.442256 0.4676076 -0.2414841 0.850311 -0.8076099 0.09442251 0.5821089 0.6836594 0.2994723 0.665527 -0.4273117 -0.4122409 0.8046505 0.2471262 0.8467401 0.4711262 -0.5618863 0.6946028 0.4492335 0.5070262 -0.200933 0.8381829 0.6716263 0.3762354 0.6382516 -0.368844 -0.4345722 0.8216454 0.1655118 0.8725261 0.4596782 0.1754671 -0.4214568 0.889711 0.5450354 -0.1554726 0.8238717 -0.7707188 -0.06064283 0.6342831 0.6493671 0.4520984 0.6114977 -0.3117198 -0.4511725 0.8362262 0.08109706 0.8891496 0.4503737 0.2181983 -0.4045575 0.8881008 -0.6769545 0.5670944 0.4691873 0.5807414 -0.1048316 0.8073102 -0.7383328 -0.1315084 0.6614909 0.6171306 0.5255084 0.5856541 -0.2558733 -0.4627966 0.8487332 -0.004921317 0.8964414 0.443135 0.2604453 -0.3852002 0.8853186 -0.722376 0.495226 0.4826222 0.6131815 -0.04885119 0.7884301 -0.6979861 -0.196365 0.6886626 0.5748322 0.5951945 0.5615261 -0.2017864 -0.4701232 0.8592244 -0.09144687 0.8942885 0.4380473 0.3023106 -0.3631129 0.8813385 -0.7591269 0.4189569 0.4981983 0.6412253 0.01244938 0.7672518 -0.6510114 -0.2543597 0.7151821 0.5235808 0.6596461 0.5391941 -0.1494473 -0.4736615 0.8679346 -0.1774209 0.8828166 0.4349217 0.3442763 -0.338023 0.8759077 -0.7864194 0.3394886 0.5160351 0.6636225 0.07870846 0.7439154 -0.5991081 -0.3048788 0.7403502 0.04332965 -0.458227 0.8877784 0.464317 0.7178232 0.5187869 -0.0988897 -0.4739014 0.8750076 -0.3432443 0.8326434 0.4346128 0.385753 -0.3096511 0.8690862 4.96251e-7 -0.7178202 0.6962285 0.09693115 -0.9952908 7.7351e-4 0.07036322 -0.7143663 0.6962255 0.1938643 -0.9810192 0.004263877 0.1400463 -0.7040265 0.6962283 0.2892618 -0.9571958 0.01018553 0.2083806 -0.6869302 0.6962072 0.3817076 -0.9241853 0.0134567 0.2746998 -0.6631793 0.6962279 0.470467 -0.8822616 0.01659578 0.338379 -0.6330627 0.6962265 0.5546975 -0.8318218 0.01957511 0.3987733 -0.5968574 0.6962335 0.6335751 -0.7733579 0.0223661 0.455392 -0.554895 0.696211 0.7063358 -0.7074375 0.02493947 0.5075565 -0.5075843 0.6962361 0.7722755 -0.6347022 0.02727144 0.5548876 -0.4553756 0.6962277 0.5968129 -0.3988182 0.696246 0.8812555 -0.4716142 0.03112584 0.6330689 -0.3383733 0.6962237 0.9232254 -0.3828727 0.03261029 0.663164 -0.2747042 0.6962408 0.6869121 -0.208379 0.6962256 0.9562993 -0.2904319 0.03377884 0.7040299 -0.1400383 0.6962265 0.980156 -0.1951807 0.03462255 0.7143912 -0.07035893 0.6962003 0.9945604 -0.09805881 0.03513276 0.7178214 1.1948e-6 0.6962274 0.9993767 2.26768e-6 0.03530234 0.7143726 0.07035624 0.6962197 0.9945601 0.09806197 0.03513175 0.7040305 0.1400354 0.6962264 0.9801555 0.1951828 0.03462302 0.686911 0.2083783 0.6962269 0.9562987 0.2904339 0.03378063 0.6631904 0.2746908 0.696221 0.9232279 0.3828667 0.03261077 0.6330438 0.3383793 0.6962436 0.8812556 0.4716139 0.03112566 0.5968661 0.3987981 0.6962119 0.8307667 0.555847 0.02934098 0.5548967 0.455389 0.6962115 0.7722791 0.6346979 0.0272727 0.5075581 0.5075865 0.6962333 0.7063354 0.707438 0.02493941 0.4553825 0.5548816 0.6962279 0.6335705 0.7733618 0.02236443 0.3987734 0.5968576 0.6962334 0.5546973 0.8318219 0.01957398 0.338384 0.6330776 0.6962106 0.4704737 0.8822579 0.01659476 0.2746863 0.6631854 0.6962274 0.3817074 0.9241853 0.01345545 0.2083489 0.6869145 0.6962323 0.2892549 0.957198 0.01018619 0.1400556 0.7040254 0.6962275 0.1940785 0.9809412 0.00937879 0.07036972 0.7143703 0.6962206 0.09680771 0.9952848 0.006043314 4.92579e-7 0.7178234 0.6962253 -0.001101136 0.9999994 -7.86489e-5 -0.07036834 0.7143644 0.6962269 -0.09924906 0.9950623 -9.22897e-4 -0.1400464 0.7040263 0.6962284 -0.1962822 0.9805378 -0.00434494 -0.2083738 0.6869301 0.6962094 -0.2912705 0.9565851 -0.01032155 -0.2746692 0.6631886 0.6962311 -0.3835842 0.9234061 -0.01357728 -0.3383814 0.6330593 0.6962284 -0.4721819 0.8813431 -0.01669973 -0.3987748 0.5968568 0.6962332 -0.5562224 0.8308009 -0.01965832 -0.4553838 0.5548946 0.6962167 -0.6348862 0.7722802 -0.02242618 -0.5075572 0.507588 0.6962329 -0.7074337 0.7063383 -0.02497798 -0.554881 0.4553819 0.6962288 -0.7731649 0.6336178 -0.02728861 -0.5968453 0.398807 0.6962246 -0.8314467 0.5548297 -0.02933508 -0.6330697 0.3383725 0.6962233 -0.8817449 0.4707002 -0.03110104 -0.6631679 0.2746971 0.6962398 -0.9235509 0.3820906 -0.03256773 -0.6869106 0.2083787 0.6962271 -0.9564857 0.2898241 -0.03372204 -0.7040294 0.1400412 0.6962264 -0.9802411 0.1947653 -0.03455436 -0.7143871 0.07036197 0.6962043 -0.9945835 0.09785068 -0.03505694 -0.717822 1.6567e-6 0.6962267 -0.9993794 1.77795e-6 -0.0352258 -0.7143571 -0.07035827 0.6962354 -0.9945837 -0.09784895 -0.03505796 -0.7040294 -0.1400408 0.6962265 -0.980241 -0.1947658 -0.03455448 -0.6869177 -0.2083799 0.6962198 -0.9564856 -0.2898243 -0.0337215 -0.6631911 -0.2746909 0.6962201 -0.9235491 -0.3820949 -0.03256726 -0.6330693 -0.33837 0.6962248 -0.8314491 -0.554826 -0.02933484 -0.5968251 -0.3988111 0.6962396 -0.5549007 -0.4553995 0.6962016 -0.7074317 -0.7063402 -0.0249772 -0.5075549 -0.5075876 0.6962348 -0.6348902 -0.7722769 -0.02242594 -0.4553832 -0.5548766 0.6962315 -0.3987787 -0.5968587 0.6962293 -0.4721755 -0.8813464 -0.01669883 -0.3383729 -0.6330677 0.696225 -0.383584 -0.9234062 -0.0135768 -0.2746972 -0.6631801 0.6962282 -0.2912782 -0.9565827 -0.01032179 -0.2083762 -0.6869181 0.6962205 -0.1961563 -0.9805629 -0.004390418 -0.1400464 -0.7040262 0.6962286 0.7272691 -0.1443386 -0.6710038 0.7381571 -0.07255709 -0.6707157 -0.09911346 -0.9950757 -9.68044e-4 -0.07036411 -0.7143819 0.6962093 -0.001100897 -0.9999995 -7.7985e-5 -0.1376113 0.6996812 -0.7010774 0.7272589 0.1443395 -0.6710146 0.1425225 -0.7084767 -0.6911933 -0.6895182 -0.06807327 -0.7210623 -0.6799409 -0.1355537 -0.7206286 0.5205181 0.5188939 -0.6780931 -0.3901064 -0.5861269 -0.7101213 -0.3317285 -0.6234338 -0.7080159 -0.0685659 0.7121716 -0.698649 0.4074313 -0.6073563 -0.6819958 0.4661253 -0.5660098 -0.6799707 -0.5791448 0.3880087 -0.7169663 0.7418829 -9.20319e-7 -0.6705296 -0.6638984 -0.2018558 -0.7200647 0.4661321 0.566007 -0.6799684 -0.2697425 -0.6550214 -0.705823 0.5205674 -0.5188829 -0.6780635 -0.6132398 0.3286718 -0.7182701 0.7382167 0.07254749 -0.6706513 -0.6416406 -0.2664158 -0.7192496 0.4074395 0.6073843 -0.6819659 -0.2048699 -0.6805255 -0.7035008 -0.204864 0.6805242 -0.7035038 0.5700899 -0.4664291 -0.6763442 -0.641595 0.2664182 -0.7192894 -0.8817448 -0.4707005 -0.03110098 -0.613311 -0.3286421 -0.7182229 0.001580536 -0.7178708 -0.6961747 0.0721659 -0.7166542 -0.693685 0.3450471 0.6425452 -0.6841624 -0.137609 -0.6996726 -0.7010864 -0.269748 0.655026 -0.7058166 0.8307706 -0.5558413 0.0293405 0.6140846 -0.4092219 -0.6748611 -0.663939 0.2018486 -0.7200293 0.7091519 0.2145991 -0.6716032 -0.579152 -0.3879927 -0.7169691 0.2796258 0.6712873 -0.6864276 -0.06857001 -0.712167 -0.6986532 -0.3316724 0.6234272 -0.7080481 0.6521981 -0.3477387 -0.6735841 -0.6799381 0.1355516 -0.7206317 0.6840013 0.2826417 -0.6724998 -0.7731615 -0.6336219 -0.02728754 -0.5394746 -0.4439014 -0.715485 0.2119019 0.6933004 -0.6887904 0.2119081 -0.6933002 -0.6887888 -0.3900884 0.5861339 -0.7101254 0.6840003 -0.2826537 -0.6724957 -0.6895809 0.06806498 -0.7210031 0.6521267 0.3477734 -0.6736352 -0.4944292 -0.4959089 -0.7138727 0.1425172 0.708457 -0.6912146 0.2796357 -0.6712859 -0.686425 -0.4444239 0.5434798 -0.7121217 0.7091131 -0.2146089 -0.671641 -0.6928081 -8.72512e-7 -0.721122 0.6140725 0.409236 -0.6748637 -0.4444677 -0.5434682 -0.7121031 0.0721628 0.7166582 -0.6936811 0.3451074 -0.6425462 -0.6841311 -0.4943765 0.4959236 -0.713899 0.5700898 0.4664234 -0.6763482 -0.5562244 -0.8307996 -0.01965826 0.001579523 0.7178705 -0.6961749 -0.5394746 0.4438952 -0.7154888 0.07036364 -0.7143804 -0.696211 -0.001100838 -0.9999994 7.83579e-5 0 -0.7178174 -0.6962314 0.1400366 -0.7040278 -0.6962289 0.09692949 -0.9952729 -0.006046712 0.208375 -0.6869142 -0.6962247 0.1942064 -0.9809155 -0.009420812 0.3817064 -0.9241858 -0.0134567 0.2892617 -0.9571959 -0.01018577 0.3383839 -0.6330834 -0.6962053 0.2746977 -0.6631771 -0.6962309 0.5546997 -0.8318204 -0.01957517 0.4704697 -0.8822601 -0.01659673 0.3988006 -0.5968496 -0.6962246 0.6335719 -0.7733604 -0.02236586 0.5075781 -0.5075773 -0.6962254 0.4553791 -0.5548796 -0.6962317 0.5548916 -0.4553949 -0.6962118 0.7063339 -0.7074394 -0.02493959 0.59685 -0.3988062 -0.6962209 0.7722774 -0.6346999 -0.0272718 0.8812553 -0.4716145 -0.03112745 0.8307728 -0.555838 -0.02934175 0.663179 -0.2746966 -0.6962294 0.6330894 -0.3383595 -0.6962118 0.6869104 -0.2083793 -0.6962271 0.9232268 -0.3828693 -0.03261107 0.7040616 -0.1400303 -0.696196 0.9562995 -0.290431 -0.03377956 0.7143716 -0.07035464 -0.6962209 0.9801551 -0.1951853 -0.03462332 0.7178516 2.36259e-6 -0.6961962 0.9945603 -0.09805852 -0.03513294 0.7144024 0.07036089 -0.6961886 0.9993767 1.38719e-6 -0.03530359 0.7040616 0.1400308 -0.6961959 0.9945604 0.09805929 -0.03513246 0.686913 0.2083768 -0.6962253 0.9801552 0.1951847 -0.03462314 0.6631672 0.2746983 -0.6962401 0.9562993 0.2904316 -0.03378075 0.6330705 0.338373 -0.6962224 0.9232283 0.3828656 -0.03261107 0.5968863 0.3987906 -0.6961988 0.8812552 0.4716148 -0.03112632 0.5548909 0.4553794 -0.6962226 0.83077 0.5558421 -0.02934157 0.5075802 0.5075788 -0.6962227 0.7722799 0.634697 -0.0272727 0.4553861 0.5548951 -0.6962147 0.7063329 0.7074404 -0.02493947 0.3988014 0.5968485 -0.6962252 0.6335675 0.7733641 -0.02236521 0.338378 0.6330602 -0.6962293 0.5546999 0.8318203 -0.01957595 0.2746985 0.663183 -0.6962249 0.4704763 0.8822567 -0.01659637 0.208374 0.6869301 -0.6962094 0.381706 0.9241859 -0.01345479 0.1400468 0.7040263 -0.6962283 0.2892545 0.957198 -0.01018565 0.07036894 0.7143643 -0.6962269 0.1938669 0.9810187 -0.004265248 2.40377e-7 0.7178238 -0.6962249 0.09693759 0.9952724 -0.005999982 -0.07037049 0.714387 -0.6962034 -0.001101553 0.9999994 7.76902e-5 -0.1400465 0.7040259 -0.6962288 -0.09912073 0.9950749 9.68259e-4 -0.2083703 0.6869176 -0.6962227 -0.1961569 0.9805629 0.004341185 -0.2746961 0.6631834 -0.6962255 -0.2912721 0.9565847 0.01032149 -0.3383789 0.6330666 -0.6962231 -0.383584 0.9234063 0.01357632 -0.5562223 0.830801 0.01965898 -0.4721815 0.8813432 0.01669925 -0.4553769 0.5548849 -0.6962289 -0.3988022 0.5968453 -0.6962274 -0.7074334 0.7063386 0.02497774 -0.634886 0.7722804 0.02242696 -0.5075781 0.5075819 -0.6962221 -0.773165 0.6336176 0.02728843 -0.5968911 0.3987899 -0.6961951 -0.5548945 0.4553871 -0.6962145 -0.8817445 0.4707011 0.03110057 -0.8314468 0.5548295 0.02933567 -0.6631795 0.2746959 -0.6962293 -0.6330652 0.3383682 -0.6962295 -0.68693 0.2083843 -0.6962063 -0.9235506 0.3820914 0.03256809 -0.7040598 0.140038 -0.6961963 -0.9564858 0.2898234 0.03372377 -0.714366 0.07035964 -0.6962261 -0.980241 0.1947656 0.03455609 -0.7178214 1.73206e-6 -0.6962274 -0.9945834 0.09785085 0.03505843 -0.7143751 -0.07035845 -0.696217 -0.9993794 1.80768e-6 0.03522604 -0.70406 -0.1400374 -0.6961962 -0.9945837 -0.09784924 0.03505784 -0.6869115 -0.2083778 -0.6962265 -0.9802409 -0.1947661 0.03455531 -0.6631907 -0.2746944 -0.6962193 -0.9564858 -0.2898238 0.0337224 -0.6330729 -0.3383715 -0.6962209 -0.9235491 -0.382095 0.03256708 -0.5968506 -0.3988007 -0.6962236 -0.8817448 -0.4707006 0.03110069 -0.5548806 -0.4553812 -0.6962295 -0.8314489 -0.5548262 0.02933549 -0.5075768 -0.50758 -0.6962244 -0.7731612 -0.6336222 0.02728855 -0.4553892 -0.5548924 -0.6962149 -0.7074337 -0.7063383 0.02497893 -0.398804 -0.5968475 -0.6962245 -0.6348909 -0.7722764 0.02242761 -0.3383722 -0.633065 -0.6962277 -0.5562224 -0.830801 0.01965922 -0.2746972 -0.6631799 -0.6962284 -0.472175 -0.8813467 0.01669937 -0.2083778 -0.6869181 -0.69622 -0.3835838 -0.9234063 0.01357746 -0.1400466 -0.7040266 -0.696228 -0.2912788 -0.9565826 0.01032269 0.7272488 -0.1443434 0.6710247 -0.0703631 -0.7143694 -0.6962223 -0.1961563 -0.9805631 0.004341661 -0.09911233 -0.9950758 9.63517e-4 0.7418959 8.90243e-7 0.6705152 0.001581013 0.7178815 0.6961637 -0.6928218 8.22766e-7 0.7211089 -0.6895824 -0.06806796 0.7210013 0.5205197 0.5189192 0.6780723 -0.3900796 -0.5861338 0.7101303 -0.0685755 0.7121645 0.6986552 0.4073603 -0.607388 0.68201 -0.5791572 0.3879892 0.7169667 0.7382182 -0.07254922 0.6706494 -0.6799206 -0.1355531 0.720648 0.4660854 0.5660266 0.679984 -0.3316681 -0.623433 0.708045 -0.1376052 0.699653 0.7011067 0.4662299 -0.5659756 0.6799275 -0.6132379 0.3286675 0.7182736 0.7382781 0.07254499 0.6705838 -0.6638979 -0.2018561 0.7200651 0.4074809 0.6073381 0.6819823 -0.2697664 -0.6550252 0.7058103 -0.204866 0.6805258 0.7035017 0.5205356 -0.5189055 0.6780706 -0.6416432 0.2664123 0.7192486 0.7272357 0.1443407 0.6710395 -0.6416599 -0.2664099 0.7192347 0.001579999 -0.7179037 0.6961407 0.3450573 0.6425567 0.6841465 -0.2048716 -0.6805262 0.7034997 -0.2697466 0.6550428 0.7058015 0.5700048 -0.4664544 0.6763986 -0.6639701 0.2018381 0.7200036 0.7091779 0.2145911 0.6715783 -0.61324 -0.3286699 0.7182708 0.2796386 0.6713016 0.6864084 -0.1375964 -0.6996541 0.7011073 0.0721631 -0.7166574 0.6936819 -0.331676 0.6234433 0.7080322 0.6141037 -0.4092071 0.6748527 -0.6799178 0.1355502 0.7206511 0.6840026 0.2826521 0.6724941 -0.5792378 -0.3879697 0.7169123 0.2119023 0.6933009 0.6887897 -0.06856626 -0.7121718 0.6986488 0.1424977 -0.7084563 0.6912193 -0.3900928 0.5861135 0.7101399 0.6521262 -0.3477718 0.6736366 -0.6896466 0.06806486 0.7209402 0.6521241 0.3477697 0.6736397 -0.5393904 -0.4439235 0.7155348 0.1425182 0.7084538 0.6912177 0.2119077 -0.693301 0.6887879 -0.4444315 0.5434825 0.7121149 0.6840222 -0.2826501 0.672475 0.6140625 0.4092217 0.6748814 -0.4943957 -0.4959274 0.7138831 0.0721873 0.7166507 0.6936864 0.2796611 -0.6712834 0.686417 -0.4943838 0.495942 0.7138811 0.7091104 -0.2146135 0.6716424 0.5699179 0.4664918 0.6764459 -0.4445715 -0.5434363 0.7120626 0.3450436 -0.6425484 0.6841613 -0.5393015 0.4439566 0.7155813 -0.003804147 -0.975161 0.2214645 0.06971311 -0.7135546 0.6971226 -5.80943e-4 -0.7178248 0.6962236 0.09217643 -0.9676786 0.2347374 0.1391562 -0.7024072 0.6980399 0.1867288 -0.9511763 0.2457562 0.2070763 -0.6845728 0.6989131 0.2790225 -0.9259291 0.2545622 0.2728645 -0.6602013 0.6997709 0.3684365 -0.892215 0.2611648 0.3359206 -0.6295339 0.700603 0.4541403 -0.8504323 0.2655591 0.3955959 -0.5929518 0.7013645 0.5355147 -0.800943 0.2677952 0.4513987 -0.5507364 0.7020888 0.6119712 -0.7441412 0.2678529 0.5027035 -0.5033524 0.7027985 0.6828671 -0.6805024 0.2657238 0.5492323 -0.4512074 0.7033889 0.7476184 -0.6105297 0.2613815 0.5904571 -0.3948602 0.7038792 0.8056873 -0.5347442 0.2547879 0.6258828 -0.3348584 0.7043725 0.8565488 -0.4537146 0.2459014 0.6554009 -0.2716856 0.7047245 0.8996999 -0.3680373 0.2347097 0.678543 -0.2060087 0.7050815 0.9346563 -0.2783985 0.2211605 0.6952705 -0.1384184 0.7052937 0.9609578 -0.1855573 0.2052528 0.7053686 -0.06952297 0.705423 0.9782038 -0.09027379 0.1869974 0.7087375 1.92593e-6 0.7054723 0.9841315 0.1039513 0.1438032 0.7053603 0.06952416 0.7054313 0.9723294 0.2009242 0.1191856 0.6952708 0.1384185 0.7052934 0.9505542 0.2963389 0.09289783 0.6785454 0.2060093 0.7050789 0.9188683 0.3891276 0.06527572 0.6554009 0.2716856 0.7047245 0.877949 0.4771708 0.03890532 0.6258801 0.3348495 0.7043792 0.8269541 0.5621765 0.01023393 0.5904573 0.3948603 0.7038791 0.7678372 0.6402966 -0.02112758 0.5492486 0.4512273 0.7033634 0.7008202 0.7116151 -0.04954922 0.5027672 0.5033261 0.7027717 0.6268132 0.7753522 -0.07703465 0.4513923 0.5507284 0.7020991 0.5468336 0.8308568 -0.1031997 0.395617 0.5929201 0.7013794 0.4617933 0.8777392 -0.1277531 0.3359298 0.6295586 0.7005764 0.3727785 0.9156394 -0.1504681 0.2728278 0.6601994 0.699787 0.2807893 0.9443773 -0.1711983 0.2070739 0.6845772 0.6989096 0.1868178 0.96388 -0.1898273 0.1391596 0.7024056 0.6980408 0.09175193 0.9741688 -0.2063415 0.06972569 0.713569 0.6971067 -0.003574967 0.9753253 -0.2207437 -5.81514e-4 0.717832 0.6962161 -0.09827089 0.9674916 -0.23303 -0.07104724 0.7151996 0.6952999 -0.1914775 0.9508817 -0.2432289 -0.1409509 0.7056397 0.6944103 -0.2825136 0.9257431 -0.2513678 -0.209663 0.6892862 0.6934883 -0.3706706 0.8923573 -0.2574912 -0.276462 0.6661715 0.6926647 -0.4552782 0.8510442 -0.2616214 -0.3408437 0.6365702 0.6918121 -0.5356593 0.8021847 -0.2637594 -0.4019939 0.6007197 0.6910403 -0.611164 0.7462157 -0.2638952 -0.4593582 0.5590191 0.6902809 -0.6812823 0.6835149 -0.2620341 -0.5123707 0.5117709 0.6896136 -0.745401 0.6146041 -0.2581456 -0.5604826 0.4594995 0.6889989 -0.8030081 0.5399798 -0.2521907 -0.6032909 0.4026613 0.6884069 -0.8536 0.4601873 -0.2441204 -0.6401683 0.3418633 0.6879783 -0.8966863 0.3758335 -0.2338865 -0.6709684 0.2776511 0.6875401 -0.9318221 0.2875187 -0.2214514 -0.6951115 0.2107117 0.6873285 -0.9585572 0.1959929 -0.2067725 -0.7126685 0.1416385 0.6870533 -0.9765033 0.1019778 -0.1898472 -0.7232721 0.07117837 0.6868852 -0.9853062 0.006281912 -0.1706818 -0.7267757 1.97991e-6 0.686875 -0.723252 -0.07117438 0.6869067 -0.9846611 -0.09020447 -0.1493511 -0.7126694 -0.1416379 0.6870525 -0.9743411 -0.1865203 -0.125975 -0.6951758 -0.2106951 0.6872687 -0.9542173 -0.2816323 -0.1007597 -0.6709682 -0.277651 0.6875403 -0.9242736 -0.374492 -0.07398664 -0.6401541 -0.3418666 0.6879898 -0.884725 -0.4640651 -0.0436486 -0.6032912 -0.4026615 0.6884064 -0.8357183 -0.5489586 -0.01481395 -0.5604941 -0.4595013 0.6889883 -0.7779438 -0.6282222 0.01184791 -0.5123063 -0.5117976 0.6896415 -0.7119885 -0.7010067 0.0407679 -0.4593628 -0.5589986 0.6902945 -0.6386545 -0.7663877 0.0690692 -0.4019731 -0.6007499 0.6910262 -0.5589206 -0.8236125 0.096282 -0.3408428 -0.6365646 0.6918177 -0.4738051 -0.8721288 0.1220667 -0.2765023 -0.6661728 0.6926474 -0.3843697 -0.9115444 0.1461061 -0.2096572 -0.6892613 0.6935148 -0.2915762 -0.9416429 0.1682021 -0.1409761 -0.7056385 0.6944063 0.428059 0.5049926 -0.7494985 -0.1966202 -0.9622552 0.1881633 -0.0710411 -0.7152267 0.6952726 -0.1003791 -0.9734043 0.2059324 -0.09961241 0.5175662 -0.8498252 0.7790747 0.1430067 -0.6104031 0.1736989 -0.8466638 -0.5029804 -0.3690533 -0.7148427 -0.5939694 -0.3026711 -0.7591217 -0.5763024 0.6138733 -0.6174092 -0.4918998 -0.4392297 0.2896486 -0.8504005 -0.4732015 0.2483932 -0.8452107 0.9860237 0.006544113 0.1664763 0.8032155 0.0677486 -0.5918235 -0.6280038 -0.2012971 -0.7517253 -0.6237874 -0.2701643 -0.733417 0.3647532 0.5283706 -0.766668 -0.2308084 -0.7956895 -0.5600051 -0.1486793 0.4986485 -0.853958 0.6687411 -0.5537127 -0.4961731 -0.5049898 0.2039353 -0.838687 -0.611796 -0.3399957 -0.7142189 0.007427513 -0.8537149 -0.5206878 0.09057593 -0.8548177 -0.5109626 0.3015795 0.5449368 -0.7823643 -0.1543781 -0.8239521 -0.5452251 -0.195757 0.476944 -0.8568568 0.7162665 -0.4846087 -0.5021123 -0.5343316 0.1561101 -0.8307342 0.7464038 0.2139479 -0.6301649 -0.5919777 -0.4096866 -0.69406 0.238964 0.5553538 -0.7965415 -0.07458871 -0.8433808 -0.5321141 -0.2409597 0.4524599 -0.8586143 0.7556477 -0.4110073 -0.5099702 -0.5605586 0.1048633 -0.8214486 0.7063274 0.2794975 -0.6503712 -0.5637044 -0.4781452 -0.6735092 0.177648 0.5600714 -0.8091732 0.2557565 -0.8293192 -0.4968082 -0.2841592 0.4253815 -0.8592463 0.7866644 -0.33376 -0.5193876 -0.583455 0.0501002 -0.8105989 0.6594967 0.3388821 -0.6709867 -0.5270127 -0.544067 -0.6528772 0.1181001 0.5597605 -0.8201954 0.3355227 -0.8031243 -0.4923576 -0.3257548 0.395577 -0.8587216 0.80865 -0.2539926 -0.5306345 -0.6023698 -0.008149445 -0.7981756 0.6070827 0.3914352 -0.6915411 -0.4820217 -0.6062677 -0.6325303 0.06045681 0.5548731 -0.8297355 0.4121332 -0.7683708 -0.4896455 -0.3652406 0.3631222 -0.8571707 0.8214129 -0.1728224 -0.5435193 -0.6165829 -0.06969988 -0.7841987 0.5501951 0.4367079 -0.7117385 -0.4292134 -0.6635482 -0.612764 0.004937767 0.5459523 -0.8378018 0.4847877 -0.725403 -0.4886423 -0.4032063 0.3278325 -0.8543714 0.8247068 -0.09135353 -0.5581338 -0.6254121 -0.1342604 -0.7686572 0.4900346 0.4745863 -0.7311867 -0.04840129 0.5333912 -0.8444828 0.5522812 -0.6748837 -0.4894055 0.8186176 -0.01076954 -0.574238 0.06971418 -0.7135733 -0.6971034 -0.003804862 -0.9751602 -0.2214682 -5.81436e-4 -0.7178254 -0.696223 0.1391558 -0.7024086 -0.6980386 0.09217536 -0.9676777 -0.2347421 0.207102 -0.6845664 -0.6989118 0.1867244 -0.9511765 -0.2457587 0.2728639 -0.6602004 -0.699772 0.2790213 -0.9259325 -0.2545511 0.3359318 -0.6295452 -0.7005875 0.3684369 -0.8922177 -0.2611548 0.3956376 -0.592938 -0.7013526 0.4541376 -0.8504328 -0.2655618 0.4514031 -0.5507192 -0.7020995 0.5355082 -0.8009463 -0.2677985 0.5027699 -0.5033339 -0.7027642 0.6119663 -0.7441446 -0.2678546 0.5492438 -0.451218 -0.703373 0.6828718 -0.6804984 -0.2657221 0.5903396 -0.3949061 -0.703952 0.7476234 -0.6105256 -0.2613769 0.6258798 -0.3348421 -0.704383 0.805686 -0.534748 -0.2547835 0.6553513 -0.2716956 -0.7047668 0.8565477 -0.4537141 -0.2459056 0.6785504 -0.2059995 -0.7050771 0.8997011 -0.3680312 -0.2347152 0.6952697 -0.138408 -0.7052966 0.934658 -0.2783932 -0.2211604 0.7053633 -0.06953203 -0.7054275 0.9609617 -0.1855462 -0.2052448 0.7087429 1.91554e-6 -0.7054669 0.9782031 -0.09028261 -0.1869965 0.9841321 0.1039553 -0.1437966 0.9860249 0.006549 -0.166469 0.7053778 0.06953549 -0.7054128 0.9723321 0.2009115 -0.1191843 0.69527 0.138408 -0.7052964 0.9505563 0.296332 -0.09289807 0.6785358 0.2060018 -0.7050904 0.9188715 0.3891192 -0.06528097 0.6553513 0.2716956 -0.7047668 0.8764672 0.4799746 -0.03781121 0.6258687 0.3348482 -0.7043899 0.8255649 0.5642527 -0.007838189 0.5903396 0.3949061 -0.703952 0.7678427 0.6402902 0.02112621 0.54923 0.4512166 -0.7033846 0.7008247 0.7116101 0.04955583 0.5027672 0.5033302 -0.7027688 0.6268123 0.775353 0.07703268 0.4514014 0.550746 -0.7020795 0.5468331 0.8308578 0.1031943 0.3956216 0.5929172 -0.7013792 0.4617894 0.877741 0.1277547 0.3359272 0.6295537 -0.7005819 0.3727759 0.9156418 0.1504606 0.2728258 0.6601994 -0.6997877 0.2807903 0.9443792 0.1711868 0.207077 0.6845836 -0.6989023 0.1868141 0.9638791 0.189836 0.139145 0.7024078 -0.6980414 0.09174144 0.974167 0.2063548 0.06972157 0.7135517 -0.6971248 -0.00357753 0.9753232 0.2207532 -5.81771e-4 0.7178318 -0.6962164 -0.09826552 0.9674905 0.2330366 -0.07105046 0.7152244 -0.695274 -0.191477 0.9508836 0.2432221 -0.140928 0.7056403 -0.6944143 -0.2825164 0.9257441 0.251361 -0.209661 0.6892732 -0.6935018 -0.3706666 0.8923579 0.2574949 -0.2764567 0.6661713 -0.692667 -0.4552752 0.8510459 0.2616208 -0.3408482 0.6365758 -0.6918048 -0.5356628 0.8021829 0.2637574 -0.40205 0.6007006 -0.6910244 -0.6111645 0.7462153 0.2638953 -0.4593476 0.5590068 -0.6902979 -0.6812841 0.6835136 0.2620328 -0.5123693 0.5117739 -0.6896123 -0.7454013 0.6146036 0.2581462 -0.5605021 0.4595104 -0.6889758 -0.8030052 0.5399842 0.2521902 -0.6031767 0.4027014 -0.6884835 -0.8536004 0.4601857 0.244122 -0.6401716 0.3418642 -0.6879747 -0.896689 0.3758259 0.2338882 -0.6709243 0.2776697 -0.6875756 -0.9318196 0.2875224 0.2214568 -0.6951709 0.2106939 -0.687274 -0.9585515 0.1960135 0.2067795 -0.7126749 0.1416392 -0.6870465 -0.9765057 0.1019737 0.1898369 -0.723245 0.07117521 -0.686914 -0.9853085 0.006278455 0.1706691 -0.7232553 -0.07117426 -0.6869032 -0.7267819 1.98512e-6 -0.6868684 -0.712675 -0.1416392 -0.6870463 -0.9846641 -0.09019511 0.1493372 -0.6951566 -0.2106965 -0.6872877 -0.9743396 -0.1865403 0.1259574 -0.670924 -0.2776695 -0.6875761 -0.9542153 -0.281642 0.1007524 -0.6401602 -0.3418704 -0.6879823 -0.9242771 -0.3744835 0.07398658 -0.6031769 -0.4027016 -0.6884832 -0.8847823 -0.4639643 0.04356062 -0.5604887 -0.4594883 -0.6890014 -0.8357807 -0.5488636 0.0148099 -0.5123738 -0.5117784 -0.6896058 -0.7779424 -0.6282238 -0.01185655 -0.4593554 -0.5590196 -0.6902824 -0.7119911 -0.7010038 -0.04077142 -0.4020139 -0.6007383 -0.6910125 -0.6386498 -0.766392 -0.06906425 -0.3408347 -0.6365543 -0.6918312 -0.5589151 -0.8236166 -0.09627974 -0.2765024 -0.6661702 -0.6926497 -0.4737991 -0.8721327 -0.1220616 -0.2096628 -0.6892645 -0.6935098 -0.3843687 -0.9115457 -0.1460999 -0.1409592 -0.7056396 -0.6944087 -0.2915784 -0.9416445 -0.1681899 0.4279129 0.5050317 0.7495556 -0.0710386 -0.7152025 -0.6952978 -0.1966131 -0.9622582 -0.1881552 -0.1003729 -0.973405 -0.2059324 -0.3653121 0.3631176 0.8571422 -0.6023598 -0.008145809 0.7981832 0.007429599 -0.8537755 0.5205884 -0.3691725 -0.7147954 0.5939522 -0.09958857 0.5175508 0.8498373 0.6138719 -0.6174234 0.4918838 -0.4392195 0.2896429 0.8504078 0.8032948 0.06773883 0.5917169 -0.6281153 -0.2012921 0.7516334 0.3648106 0.5283424 0.76666 -0.3027005 -0.7591196 0.5762899 -0.1486995 0.4986575 0.8539492 0.6687387 -0.5537232 0.4961646 -0.4732142 0.2483891 0.845205 0.7791231 0.1429848 0.6103463 -0.6237331 -0.2701697 0.7334613 0.3014279 0.5449765 0.782395 -0.2307736 -0.795691 0.5600173 -0.195759 0.476919 0.8568703 0.7162339 -0.4846093 0.5021582 -0.5049767 0.2039356 0.8386948 0.746403 0.213957 0.6301627 -0.6119892 -0.3399478 0.7140762 0.2389441 0.555337 0.7965593 -0.1543276 -0.8239588 0.5452292 0.09054279 -0.8548066 0.5109869 -0.2408169 0.4525002 0.8586332 0.7558289 -0.4108738 0.5098091 -0.5341253 0.1561372 0.8308619 0.7063364 0.2795017 0.6503598 -0.5919654 -0.4097049 0.6940598 0.1777317 0.5600814 0.8091478 -0.07458454 -0.8433756 0.532123 0.1735846 -0.8466708 0.503008 -0.2841952 0.4253635 0.8592433 0.7866845 -0.3337464 0.5193661 -0.5605443 0.1048634 0.8214583 0.6595017 0.3388774 0.670984 -0.5636936 -0.478142 0.6735205 0.1180739 0.5597462 0.8202091 0.2557183 -0.8293305 0.496809 0.8087274 -0.2539638 0.5305303 -0.5834493 0.05009734 0.8106031 0.6071442 0.3913921 0.6915115 -0.5270068 -0.5440849 0.6528671 0.06045001 0.5548774 0.829733 0.335564 -0.8031172 0.4923412 -0.3255109 0.3956054 0.8588009 0.8213874 -0.1728145 0.5435605 0.5501962 0.4367214 0.7117292 -0.4821698 -0.6062206 0.6324627 0.004943668 0.5459856 0.8377799 0.4122512 -0.7683202 0.4896254 0.8246656 -0.09135854 0.5581938 -0.616476 -0.06970572 0.7842822 0.4900901 0.4745752 0.7311567 -0.4292082 -0.6635363 0.6127805 -0.04840296 0.5333993 0.8444777 0.5524529 -0.6747858 0.4893465 -0.4032034 0.327852 0.8543654 0.818634 -0.01077288 0.5742146 -0.6253542 -0.1342385 0.7687082 0 0.0941047 0.9955623 0 0.0941047 0.9955623 0 0.09410476 0.9955623 0.9999954 0.003081202 -3.13521e-7 0.9999954 0.003081321 -3.14264e-7 0.9999953 0.003081381 -3.26167e-7 0.9996222 -0.02748697 -3.19998e-7 0.9996222 -0.02748686 -3.2577e-7 0.9996222 -0.02748674 -3.34741e-7 0 0 1 0.9214468 -0.3885048 -4.01711e-7 0.9214468 -0.3885049 -3.61843e-7 0.9214466 -0.388505 -2.89553e-7 0.9393736 0.3428956 -1.86275e-6 0.9393735 0.3428956 -4.57014e-7 0.9393736 0.3428956 -2.23761e-6 -0.04129558 0.2642915 0.9635584 -0.04180568 0.2638196 0.9636657 -0.04049152 0.265035 0.9633882 -0.9999024 0.01397299 6.9557e-7 -0.9999024 0.01397305 1.44601e-7 -0.9999024 0.01397305 0 0.9433342 -0.3318446 -2.76161e-7 0.9433342 -0.3318446 -3.32257e-7 0.9433342 -0.3318446 -1.64155e-7 -0.9909052 0.1345616 -3.27859e-7 -0.9909051 0.1345635 1.64315e-6 -0.9909052 0.1345615 0 -1 0 2.58632e-7 -1 0 1.92456e-7 -1 0 1.56254e-7 -0.9748145 0.2230173 6.72379e-7 -0.9748145 0.2230173 7.15631e-7 -0.9748145 0.2230173 7.38041e-7 -0.9909053 0.1345611 -3.79332e-7 -0.9909054 0.134561 -1.39982e-6 -0.9909053 0.1345613 -1.42678e-6 -0.9909052 0.1345618 3.3411e-7 -0.9909052 0.1345627 1.08135e-6 -0.9909052 0.1345624 1.10862e-6 0.9999953 0.003081142 -2.99292e-7 0.9999953 0.003081142 -3.02536e-7 0.9999953 0.003081142 -2.89457e-7 -0.9909053 0.1345611 1.02044e-6 -0.9909054 0.1345614 4.17394e-7 -0.9909053 0.1345611 8.30529e-7 -0.9909054 0.1345607 6.5397e-7 -0.9909053 0.1345614 0 -0.9909054 0.1345612 5.30201e-7 -0.9909054 0.1345613 -1.10497e-6 -0.9909052 0.134562 0 -0.9909052 0.1345618 -9.60131e-7 -0.9909054 0.1345605 3.47375e-7 -0.9909053 0.1345614 5.43134e-7 -0.9909054 0.1345607 8.45935e-7 -0.9909053 0.1345617 8.92591e-7 -0.9909052 0.134562 6.85766e-7 -0.9909052 0.1345615 1.12911e-6 -0.9909053 0.1345614 1.11415e-6 -0.9909052 0.134562 6.8642e-7 -0.9909052 0.1345616 8.36685e-7 0.1345614 0.9909053 1.28627e-7 0.1345614 0.9909053 1.4314e-7 0.1345614 0.9909054 1.85382e-7 0.001247346 0.009185135 0.999957 0.001247227 0.009185135 0.999957 0.001247406 0.009185135 0.999957 0.1345613 0.9909054 0 0.1345613 0.9909053 0 0.1345613 0.9909054 -1.56753e-7 -0.9909053 0.1345616 1.65074e-6 -0.9909055 0.1345599 1.44478e-6 -0.9909054 0.1345609 1.30784e-6 -0.01443839 -0.1063266 -0.9942265 -0.01443886 -0.1063267 -0.9942265 -0.01443904 -0.1063267 -0.9942265 -0.1345614 -0.9909053 0 -0.1345615 -0.9909053 0 -0.1345615 -0.9909052 0 0.001247227 0.009185135 0.999957 0.001247227 0.009185135 0.9999571 1 -3.26103e-7 -2.0322e-7 1 -3.65983e-7 -2.0322e-7 1 -4.15252e-7 -2.0322e-7 0 -0.7070989 0.7071148 0 -1 0 0 -0.7071068 0.7071068 0.9999953 0.003081321 -3.54071e-7 0.9999953 0.003080904 -3.56473e-7 0.9999953 0.003081023 -3.42241e-7 0.9999953 0.00308144 -3.44742e-7 0.9999953 0.00308144 -3.32973e-7 0.9999953 0.003080964 -2.87076e-7 0.9999953 0.003081142 -3.31302e-7 0.9999953 0.003081142 -3.16662e-7 -0.001834809 0.1151524 0.9933462 -0.001993477 0.1240451 0.9922747 7.65718e-4 0.124759 0.9921869 -0.003944516 0.1141742 0.993453 -0.00449264 0.1245478 0.9922035 -0.006463468 0.1142101 0.9934356 -0.007239937 0.1248602 0.9921481 -0.009134531 0.1142495 0.9934102 -0.01016247 0.1251918 0.9920805 -0.01197153 0.1142908 0.9933753 -0.01327723 0.1255407 0.9919996 -0.01677 0.1245876 0.9920669 -0.01531946 0.1145796 0.993296 -0.01860982 0.1134339 0.9933713 -0.9909054 0.134561 4.26945e-6 -0.9909051 0.1345632 3.72437e-6 -0.9909052 0.1345618 3.62622e-6 -0.9909055 0.1345605 3.48984e-6 -0.9909054 0.1345614 -2.32166e-7 -0.9909054 0.1345614 0 -1 -2.47824e-7 1.59994e-7 -1 0 1.59401e-7 -1 -1.52261e-7 1.56254e-7 -0.01233249 0.2923079 0.9562448 -0.0441538 0.2965515 0.9539957 -0.04880261 0.2971463 0.953584 0.9393736 0.3428956 -3.63415e-7 0.9393736 0.3428955 -2.43032e-7 -0.9909055 0.1345594 2.34005e-7 -0.9909055 0.1345593 2.24058e-7 -0.9909056 0.1345595 2.35548e-7 -0.9909051 0.134563 6.79133e-7 -0.9909049 0.1345638 5.10202e-7 -0.9909051 0.1345629 7.06739e-7 -0.9909055 0.1345592 2.87488e-7 -0.9909057 0.1345584 4.67298e-7 -0.9909056 0.1345594 2.56448e-7 -0.9909052 0.1345617 2.65111e-7 -0.9909053 0.1345617 2.7055e-7 -0.9909053 0.1345617 2.64116e-7 -0.9909055 0.1345597 5.05192e-7 -0.9909054 0.1345604 3.38951e-7 -0.9909055 0.1345596 5.37526e-7 -0.9909052 0.1345617 2.80091e-7 -0.9909052 0.1345616 2.60049e-7 -0.9909053 0.1345617 2.84252e-7 -0.1345614 -0.9909054 0 -0.1345614 -0.9909054 0 -0.1345614 -0.9909053 0 -0.01443892 -0.1063266 -0.9942265 -0.01443868 -0.1063266 -0.9942265 -0.01443904 -0.1063266 -0.9942265 0.001247882 0.009186685 0.999957 0.001250147 0.009192287 0.999957 0.001250803 0.009193837 0.999957 -0.1345614 -0.9909052 -1.42364e-7 -0.1345614 -0.9909054 -1.53425e-7 -0.1345615 -0.9909052 0 0.1345613 0.9909053 0 0.1345613 0.9909053 0 0.1345613 0.9909053 1.63048e-7 0.1345617 0.9909053 0 0.1345617 0.9909053 0 0.1345617 0.9909052 0 -0.1345613 -0.9909053 0 -0.1345614 -0.9909053 0 -0.1345613 -0.9909053 0 -0.0144388 -0.1063267 -0.9942265 -0.01443868 -0.1063266 -0.9942265 -0.01443862 -0.1063266 -0.9942265 0.001247227 0.009185135 0.999957 0.001247227 0.009185135 0.999957 0.001247227 0.009185135 0.999957 -0.1345615 -0.9909053 0 -0.1345615 -0.9909053 0 -0.1345615 -0.9909052 0 0.1345614 0.9909054 0 0.1345614 0.9909054 0 0.1345614 0.9909053 0 -0.01443886 -0.1063266 -0.9942265 -0.01443833 -0.1063266 -0.9942265 -0.01443904 -0.1063266 -0.9942265 0.001247346 0.009185135 0.999957 0.001247227 0.009185135 0.999957 0.001247227 0.009185135 0.999957 -0.1345614 -0.9909053 0 -0.1345614 -0.9909053 0 -0.1345613 -0.9909053 0 -0.01443934 -0.1063283 -0.9942263 -0.01444184 -0.1063337 -0.9942256 -0.01443862 -0.1063266 -0.9942265 0.001248478 0.009194195 0.999957 0.001248717 0.009194195 0.999957 0.001248836 0.009194195 0.999957 0.1345614 0.9909054 0 0.1345614 0.9909054 0 0.1345613 0.9909053 0 -0.01443892 -0.1063266 -0.9942265 -0.01443868 -0.1063268 -0.9942264 -0.01443862 -0.1063268 -0.9942265 -0.9909052 0.1345618 1.81119e-7 -0.9909053 0.1345614 1.48539e-7 -0.9909053 0.1345613 1.20424e-6 0 -1 -4.12242e-6 1.37836e-6 -1 -4.48689e-6 1.21488e-6 -1 -4.76252e-6 -4.80484e-7 -1 2.04527e-7 -1.49661e-7 -1 1.25269e-6 -4.58085e-7 -1 0 0 -1 0 0 -1 -1.31543e-6 -4.11127e-7 -1 1.6503e-6 -8.17428e-7 -1 3.65995e-7 -8.17427e-7 -1 1.52226e-7 -8.17428e-7 -1 5.18221e-7 1.85787e-7 0 1 0 0 1 -3.1107e-7 0 1 -1 5.24339e-7 3.34104e-7 -1 4.44581e-7 2.75555e-7 -1 3.46043e-7 2.0322e-7 0 0 -1 0 0 -1 0 0 -1 -8.37791e-7 0.0941047 -0.9955623 -8.72322e-7 0.09410464 -0.9955623 -8.1669e-7 0.09410476 -0.9955624 0.9999953 0.003080844 -2.76324e-7 0.9999954 0.003081023 -2.81712e-7 0.9999953 0.003080606 -2.1771e-7 0.9996222 -0.0274868 -2.78508e-7 0.9996222 -0.02748692 -2.94935e-7 0.9996223 -0.02748656 -2.52972e-7 -4.05064e-7 -3.13511e-7 -1 -3.00059e-7 -5.15197e-7 -1 -8.97776e-7 -1.54147e-6 -1 0.9214467 -0.388505 -4.33191e-7 0.9214467 -0.388505 -4.85058e-7 0.9214467 -0.388505 -5.79106e-7 0.9393735 0.3428957 0 0.9393734 0.3428958 0 -0.0412954 0.2642916 -0.9635584 -0.04180544 0.2638197 -0.9636657 -0.04312789 0.2625955 -0.9639417 -0.9999024 0.01397305 0 -0.9999024 0.01397305 0 -0.9999024 0.01397305 0 -8.04855e-7 4.33942e-7 -1 -2.25982e-7 3.39412e-7 -1 0.9433342 -0.3318446 -4.37384e-7 0.9433341 -0.3318446 -4.09798e-7 0.9433341 -0.3318446 -3.57221e-7 -0.9909051 0.1345629 -6.80356e-7 -0.990905 0.1345638 2.35746e-7 -0.9909049 0.1345639 2.61372e-7 -1 0 1.62551e-7 -1 0 1.5848e-7 -1 0 1.67212e-7 -0.9748146 0.2230172 2.43047e-7 -0.9748146 0.2230172 0 -0.9748145 0.2230172 3.14477e-7 -0.9909055 0.1345604 8.99943e-7 -0.9909054 0.1345608 1.60181e-6 -0.9909052 0.1345622 -3.80396e-6 -0.9909053 0.1345617 -1.46746e-7 -0.9909051 0.1345629 -7.13344e-7 -0.9909051 0.1345625 1.01813e-6 0.9999953 0.003081262 -3.01721e-7 0.9999954 0.003081023 -2.99418e-7 0.9999954 0.003081202 -3.29164e-7 -0.9909053 0.1345613 1.46032e-7 -0.9909054 0.1345607 7.20962e-7 -0.9909054 0.1345614 1.31227e-6 -0.9909054 0.1345607 6.01206e-7 -0.9909054 0.1345613 1.74436e-6 -0.9909053 0.1345618 -3.4655e-7 -0.9909054 0.1345613 6.74559e-7 -0.9909052 0.1345626 6.36776e-7 -0.9909052 0.1345619 0 -0.9909052 0.1345618 0 -0.9909053 0.1345613 2.8163e-7 -0.9909052 0.1345619 1.2949e-7 -0.9909054 0.1345614 -1.41648e-7 -0.9909053 0.1345612 -8.63645e-7 -0.9909054 0.1345614 1.65868e-6 -0.9909052 0.1345617 7.94468e-7 -0.9909053 0.1345614 -1.85127e-7 -0.9909053 0.1345611 2.04503e-6 -0.9909052 0.1345615 2.67683e-6 0.1345614 0.9909053 0 0.1345614 0.9909053 0 0.1345614 0.9909054 0 0.001247227 0.009185135 -0.999957 0.001247227 0.009185135 -0.999957 0.001247227 0.009185135 -0.999957 0.1345614 0.9909053 1.68864e-7 0.1345613 0.9909053 1.64048e-7 0.1345613 0.9909053 1.56753e-7 -0.9909054 0.1345606 9.09681e-7 -0.01443904 -0.1063266 0.9942265 -0.01443839 -0.1063266 0.9942265 -0.01443922 -0.1063266 0.9942265 -0.1345614 -0.9909053 0 -0.1345614 -0.9909053 0 -0.1345614 -0.9909054 0 0.001247286 0.009185135 -0.999957 0.001247525 0.009185135 -0.999957 0.001247584 0.009185135 -0.9999571 1 -3.65983e-7 -2.0322e-7 1 -3.26104e-7 -2.0322e-7 1 -4.15252e-7 -2.0322e-7 0 -0.7070985 0.7071151 0.9999953 0.003081202 -3.18512e-7 0.9999953 0.003081083 -3.00573e-7 0.9999953 0.00308144 -2.56023e-7 0.9999954 0.003081202 -2.57671e-7 0.9999953 0.0030815 -2.49309e-7 0.9999954 0.003081142 -3.45359e-7 0.9999954 0.003081023 -3.7081e-7 0.9999953 0.003081083 -3.68066e-7 -0.002408564 0.1151908 -0.9933406 -0.001994073 0.1240454 -0.9922747 -0.003944754 0.114174 -0.993453 -0.004493176 0.1245476 -0.9922035 -0.006463944 0.11421 -0.9934356 -0.007240414 0.1248605 -0.9921479 -0.009134888 0.1142495 -0.9934101 -0.01016288 0.1251915 -0.9920806 -0.01197212 0.1142907 -0.9933753 -0.01327782 0.1255412 -0.9919996 -0.01531988 0.1145816 -0.9932958 -0.01672226 0.1245849 -0.9920681 -0.01856219 0.1134311 -0.9933725 -0.9909052 0.1345627 -2.06777e-6 -0.9909054 0.1345609 -4.07078e-6 -0.9909051 0.1345628 -8.79465e-7 -0.9909054 0.1345611 6.50758e-7 -0.9909052 0.1345618 4.03702e-7 -0.9909054 0.1345608 6.77242e-7 -0.9909054 0.1345609 1.07056e-6 -0.9909053 0.1345611 8.50341e-7 -1 -1.73767e-7 1.59994e-7 -1 0 1.59401e-7 -1 -2.02778e-7 1.66512e-7 -1 0 1.56254e-7 -0.01233243 0.292308 -0.9562448 -0.04415363 0.2965514 -0.9539957 0 0.2905825 -0.9568501 0.9393735 0.3428957 0 0.9393735 0.3428957 0 -0.9909055 0.1345593 2.61986e-7 -0.9909055 0.1345593 2.53067e-7 -0.9909055 0.1345593 2.51683e-7 -0.9909051 0.1345627 4.99205e-7 -0.9909051 0.1345628 4.97656e-7 -0.9909051 0.1345628 4.97403e-7 -0.9909055 0.1345593 2.78267e-7 -0.9909056 0.1345594 2.74526e-7 -0.9909055 0.1345594 2.7388e-7 -0.9909052 0.1345626 4.99041e-7 -0.9909052 0.1345618 3.17806e-7 -0.9909053 0.1345616 2.84654e-7 -0.9909054 0.1345604 5.22e-7 -0.9909056 0.1345596 3.1757e-7 -0.9909055 0.1345594 2.77807e-7 -0.9909052 0.1345626 5.34466e-7 -0.9909052 0.1345617 2.98507e-7 -0.9909053 0.1345615 2.49514e-7 -0.1345614 -0.9909054 -2.86644e-7 -0.1345614 -0.9909054 -2.99287e-7 -0.1345614 -0.9909053 -2.66254e-7 -0.01443892 -0.1063267 0.9942265 -0.01443868 -0.1063266 0.9942265 -0.01443862 -0.1063266 0.9942265 0.001247763 0.009192585 -0.999957 0.001245439 0.009187042 -0.999957 0.001248419 0.009194195 -0.999957 -0.1345614 -0.9909052 0 -0.1345614 -0.9909054 0 -0.1345614 -0.9909052 -1.89714e-7 0.1345613 0.9909053 1.6826e-7 0.1345613 0.9909053 1.66347e-7 0.1345613 0.9909054 1.63048e-7 0.1345617 0.9909053 0 0.1345617 0.9909053 0 0.1345617 0.9909052 0 -0.1345613 -0.9909053 -1.61798e-7 -0.1345613 -0.9909053 -1.63408e-7 -0.1345613 -0.9909053 -1.66388e-7 -0.0144385 -0.1063284 0.9942263 -0.01443737 -0.1063343 0.9942256 -0.0144388 -0.1063266 0.9942265 0.001247286 0.009185135 -0.999957 0.001247525 0.009185135 -0.999957 0.001247584 0.009185135 -0.999957 -0.1345615 -0.9909053 0 -0.1345615 -0.9909052 0 -0.1345615 -0.9909053 0 0.1345614 0.9909054 1.52841e-7 0.1345613 0.9909053 1.65604e-7 0.1345614 0.9909053 1.27342e-7 -0.01443856 -0.1063267 0.9942265 -0.01443892 -0.1063266 0.9942265 -0.01443904 -0.1063266 0.9942265 0.001247227 0.009185135 -0.999957 0.001247227 0.009185135 -0.999957 0.001247227 0.009185135 -0.999957 -0.1345614 -0.9909053 -1.76825e-7 -0.1345614 -0.9909053 -1.89462e-7 -0.1345614 -0.9909053 -1.49413e-7 -0.01443868 -0.1063267 0.9942265 -0.01443892 -0.1063267 0.9942264 -0.01443904 -0.1063268 0.9942265 0.001247584 0.009192645 -0.999957 0.001245439 0.009187042 -0.999957 0.00124824 0.009194195 -0.999957 0.1345613 0.9909054 2.30008e-7 0.1345613 0.9909054 2.27517e-7 0.1345614 0.9909053 2.21609e-7 -0.01443761 -0.1063343 0.9942256 -0.01443839 -0.1063284 0.9942263 -0.01443743 -0.1063359 0.9942255 -0.9909055 0.1345604 -3.41604e-6 -0.9909052 0.1345621 -4.68074e-7 -2.06234e-6 -1 -2.99662e-6 1.902e-7 -1 -1.23221e-6 -2.0323e-6 -1 -3.50458e-6 -2.83469e-7 -1 -1.80996e-7 -7.36709e-7 -1 -3.81625e-6 -8.17428e-7 -1 -4.92184e-6 0 -1 0 -4.16926e-7 -1 0 0 -1 0 -8.17427e-7 -1 0 -8.17428e-7 -1 3.92294e-7 -8.17427e-7 -1 -3.39696e-7 1.86179e-7 0 -1 0 0 -1 5.56767e-7 0 -1 -1 5.2434e-7 2.75555e-7 -1 4.44581e-7 3.34105e-7 -1 6.22878e-7 2.0322e-7 -1.4023e-7 0 1 0 0 1 4.17643e-7 0 1 1.01679e-6 -6.58535e-7 1 5.83716e-7 -3.49952e-6 1 1.80135e-7 -2.44341e-6 1 2.33287e-7 1 1.50168e-7 4.66585e-7 1 1.02314e-6 4.66585e-7 1 1.32349e-6 2.3015e-7 0 1 -5.21267e-7 0 1 0 1 0 2.33286e-7 1 0 -1 -7.50955e-7 3.39828e-7 -1 0 3.21625e-7 -1 -4.55835e-7 3.43642e-7 -1 -2.01432e-7 5.10011e-7 -1 0 0 -1 0 0 0.02861052 -0.1493148 0.9883757 0.1011966 -0.1204671 0.9875459 0 -0.1604167 0.9870494 -0.03608196 -0.1378664 0.9897934 -0.008916854 -0.1420213 0.9898235 0 -0.1433616 0.9896704 0.9414613 0.3371213 -1.92015e-7 0.9414613 0.3371213 0 0.9414613 0.3371212 0 1 0 -2.76044e-7 1 0 -3.61604e-7 1 0 -5.66284e-7 1 0 -2.76043e-7 1 0 -3.04563e-7 4.63197e-7 0 1 0 0 1 0.9957497 0.09210121 -2.60567e-7 0.9957497 0.09210121 -2.95504e-7 0.9957497 0.09210109 -2.01211e-7 2.04918e-7 0 1 1 -3.54251e-7 -3.58372e-7 1 0 -3.04563e-7 1 0 -3.93891e-7 1 -5.5395e-7 -4.12185e-7 0 0 1 -0.9302893 0.3632178 0.05132991 -0.930241 0.3633457 0.05129861 -0.9350172 0.354023 -0.02026098 0 0 1 2.3113e-7 0 1 0 0 1 -0.05393534 -0.1494536 0.9872967 -0.001767814 -0.1464396 0.9892181 0 -0.1463304 0.9892358 0.7279468 -0.6856337 -1.94312e-7 0.7279468 -0.6856337 -9.20995e-7 0.7279468 -0.6856337 -6.54822e-7 -1 0 2.14607e-7 -1 0 4.57999e-7 -1 0 3.5765e-7 -0.9324604 -0.3612721 0 -0.9324605 -0.3612722 2.1131e-7 -0.9324604 -0.3612723 3.51877e-7 -0.9860851 0.1659991 -0.008975386 -0.986085 0.1659996 -0.008976697 -0.9860849 0.1659996 -0.008976697 0.9999321 0 0.01165729 0.9999321 1.40343e-7 0.01165729 0.9999321 0 0.01165729 -0.9666854 -0.254599 -0.02643245 -0.9675962 -0.2481198 -0.04684293 -0.9678187 -0.2457149 -0.05432331 0.8033772 0.5917561 0.06640696 0.8033771 0.5917567 0.06640368 0.8033772 0.5917559 0.06640785 -0.9739901 -0.2260104 -0.01620477 -0.9742028 -0.2247607 -0.02029091 -0.9742975 -0.224166 -0.02223014 0.9955403 0.09263467 0.01784443 0.9954925 0.09375703 0.01430273 0.9955587 0.09208351 0.01958209 1 -2.43511e-7 -1.5779e-7 1 -2.56269e-7 0 1 -2.61826e-7 0 0 -0.2263704 0.9740413 0 -0.2263705 0.9740414 0 -0.2263703 0.9740413 0.03614246 -0.9993467 0 0.06797504 -0.9976871 -2.07559e-7 0.03400695 -0.9994216 0 0.1676609 0.1642561 0.9720647 0.05576372 0.1918221 0.9798442 0 0.2045433 0.9788575 2.6974e-6 -5.34746e-7 1 -1.4592e-7 -7.84124e-7 1 2.66857e-6 -4.58355e-7 1 -6.79036e-7 -8.12796e-7 1 0 0 1 0 0.1577507 0.987479 0 0.1577508 0.987479 0 0.1577509 0.987479 1.93553e-6 0 1 1.84516e-6 -1.4829e-7 1 1.86241e-6 0 1 2.03674e-6 0 1 0.9999321 0 0.01165735 0.9999321 0 0.01165747 -0.9324605 -0.3612722 2.18586e-7 -0.9324605 -0.3612721 2.84757e-7 0.9999321 0 0.01165747 0.9999321 2.23763e-7 0.01165735 -0.9999321 7.21936e-7 -0.01165574 -0.9999321 0 -0.01165825 -0.9999321 0 -0.01165843 -0.9999321 4.6177e-7 -0.01165843 -0.9999321 0 -0.01165837 -0.9999321 0 -0.01165837 0.06796711 -0.9975843 -0.01435708 0.06797385 -0.9975836 -0.01438009 0.06797653 -0.9975835 -0.01437252 0.9392835 0.3403115 0.04398435 0.9419528 0.3342543 0.03161007 0.943477 0.330559 0.02412313 -0.9997916 0.01694309 -0.01139831 -0.9997915 0.01694315 -0.01139843 -0.9997916 0.01694321 -0.01139843 0.9999321 -5.9116e-7 0.01165741 0.9999321 0 0.01165735 -1 -3.04466e-7 2.56701e-7 -1 0 0 0.8051548 0.593065 -1.72666e-7 0.8051546 0.593065 0 0.8051547 0.5930649 0 1 0 -2.31002e-7 1 0 -1.94485e-7 1 0 -1.899e-7 0.3670082 0.9302178 3.71221e-7 0.3974146 0.9176239 -0.005309522 0.3584412 0.9334818 0.01147884 -1 -5.2452e-7 3.04563e-7 -1 -2.86673e-7 3.09953e-7 -0.9580034 0.2867571 3.66964e-7 -0.9585033 0.2850817 4.844e-7 -0.9580034 0.2867571 0 -0.9324604 -0.3612723 2.24824e-7 -0.9324605 -0.3612722 5.61445e-7 -0.9959366 0.09005725 4.13889e-7 -0.9959367 0.09005725 4.62343e-7 -0.9959366 0.09005725 4.04573e-7 -0.9590003 0.2834055 4.5511e-7 -0.9585033 0.2850818 3.15958e-7 -0.9912232 -0.1224093 -0.04992634 -0.9700555 -0.1605402 -0.1822615 -0.994207 -0.1074827 2.36285e-7 0.381852 0.9235202 0.03605067 0.3216961 0.9456751 0.04701417 -2.33288e-7 -1 -2.21238e-7 0 -1 -4.5392e-7 0 -1 -1.23358e-6 -4.66585e-7 -1 1.45034e-7 -4.66585e-7 -1 0 0.1270814 -0.3263069 0.9366825 0.0948894 -0.3030773 0.94823 0 -0.2323066 0.9726426 0 -0.3993862 0.9167828 3.34309e-7 -0.3993856 0.916783 0 -0.3993863 0.9167828 1 0 -2.69398e-7 1 0 0 1 0 0 1.39976e-6 -1 0 1.39976e-6 -1 0 0.338487 0.9409164 0.01015681 0.2904074 0.9561038 0.0391044 -0.9801025 -0.1965606 -0.02762335 -0.970937 -0.213988 -0.1071943 -0.9817432 -0.1902119 2.33323e-7 -0.9585033 0.2850817 2.38309e-7 -0.9959367 0.09005725 4.85293e-7 -0.9959366 0.09005725 3.0461e-7 -0.9324604 -0.3612723 0 -0.9580035 0.286757 7.99209e-7 -1 -5.22828e-7 3.04563e-7 -1 -3.11179e-7 3.04563e-7 0.3670077 0.930218 1.96606e-6 1 0 -2.26013e-7 1 0 -1.85163e-7 0.8051548 0.593065 2.40744e-7 0.8051548 0.5930649 0 -1 0 2.28382e-7 0.7279468 -0.6856337 0 0.7279468 -0.6856336 0 1 -2.29901e-7 -1.96947e-7 1 1.80904e-7 0 0.9957497 0.09210127 -3.03716e-7 0.9957497 0.09210121 -3.12658e-7 1 0 -3.04563e-7 1 1.29787e-7 -3.04563e-7 0.9414612 0.3371213 -2.58809e-7 0.9414613 0.3371212 0 1.61587e-7 0 -1 -4.20883e-7 3.8245e-7 -1 0 -1 0 0 -1 0 0 0 1 -1 0 2.96487e-7 -1 0 2.69465e-7 0 0 -1 4.06524e-7 0 -1 0 0 -1 0 0 -1 0 0 -1 4.66585e-7 1 -1.50172e-7 2.33287e-7 1 1.58326e-6 2.33286e-7 1 0 0 0 -1 -2.60634e-7 0 -1 0 1.8871e-7 -1 0 1 1.04571e-6 0 1 -1.98523e-6 -1 0 2.69465e-7 -1 0 2.69744e-7 -1 0 2.69465e-7 -1 0 5.10011e-7 -1 -4.02861e-7 0 -1 0 6.26466e-7 0.02861028 -0.1493138 -0.9883759 0.1011958 -0.1204664 -0.9875462 0.1198572 -0.1128904 -0.9863519 -0.008916795 -0.1420205 -0.9898236 -0.03608167 -0.1378656 -0.9897936 0 -0.1433607 -0.9896706 0.9414614 0.3371211 -2.21018e-7 0.9414613 0.3371213 -4.24452e-7 0.9414613 0.3371213 -2.88248e-7 1 0 0 1 0 -2.76043e-7 1 0 -2.76043e-7 1 0 -3.04563e-7 1 0 -3.04563e-7 -1.6633e-7 0 -1 0 2.32208e-7 -1 0.9957497 0.09210133 -3.03716e-7 0.9957497 0.09210121 -3.11709e-7 0.9957497 0.09210121 -3.01818e-7 0 1.9626e-7 -1 1 -6.5159e-7 -2.61721e-7 1 -1.61395e-7 -3.04564e-7 1 -1.33782e-6 -3.04563e-7 1 -3.91938e-7 -3.49226e-7 -1.46129e-7 0 -1 -0.9302895 0.3632172 -0.05132955 -0.899869 0.287981 0.3275712 -0.9350176 0.354022 0.02026206 0 2.28121e-7 -1 -0.001767694 -0.1464385 -0.9892182 -0.05393588 -0.1494526 -0.9872968 0 -0.1463294 -0.989236 0.7279468 -0.6856337 -1.52315e-6 0.7279468 -0.6856337 -1.27087e-7 0.7279468 -0.6856337 1.37306e-7 -1 0 3.50263e-7 -1 0 4.00837e-7 -1 0 4.95965e-7 -0.9324604 -0.3612722 3.78697e-7 -0.9324604 -0.3612722 0 -0.9324605 -0.3612722 0 -0.9860849 0.1660003 0.008975684 -0.9860851 0.1659994 0.008976936 -0.9860849 0.1660003 0.008975684 0.9999321 2.73914e-7 -0.01165801 0.9999321 0 -0.01165801 0.9999321 0 -0.01165801 -0.9666854 -0.2545992 0.02643245 -0.9675961 -0.2481199 0.04684424 -0.9664778 -0.2557349 0.02281475 0.8033769 0.5917566 -0.06640511 0.8033773 0.5917561 -0.0664063 0.8033774 0.5917559 -0.06640666 -0.9739902 -0.2260103 0.01620537 -0.9742027 -0.2247607 0.0202912 -0.9739127 -0.2264408 0.01479482 0.9954925 0.09375697 -0.01430332 0.9955403 0.09263467 -0.01784509 0.9955588 0.09208357 -0.0195828 1 0 -3.15581e-7 1 0 0 1 0 -3.82256e-7 0 -0.2263704 -0.9740413 0 -0.2263705 -0.9740414 0 -0.2263703 -0.9740413 0.06797766 -0.9976612 0.007154107 0.03614246 -0.9993467 0 0.04539871 -0.9989574 0.004808664 0.05576419 0.191824 -0.9798439 0.1676621 0.1642575 -0.9720643 0 0.2045454 -0.9788572 0 0 -1 6.2625e-7 1.89801e-7 -1 6.79407e-7 2.12765e-7 -1 0 4.25526e-7 -1 0 4.25526e-7 -1 0 0.1577509 -0.987479 -2.41108e-7 0.1577508 -0.987479 0 0.1577509 -0.987479 0.9999321 1.6134e-7 -0.01165813 0.9999321 0 -0.01165801 -0.9324604 -0.3612723 3.79628e-7 -0.9324604 -0.3612723 0 0.9999321 -3.68426e-7 -0.01165801 0.9999321 0 -0.01165813 -0.9999321 0 0.01165819 -0.9999322 0 0.01165574 -0.9999321 0 0.01165837 -0.9999321 0 0.0116589 -0.9999321 4.61786e-7 0.01166051 -0.9999321 0 0.01165872 0.06797116 -0.997584 0.01436227 0.06797128 -0.997584 0.01436233 0.9392836 0.3403114 -0.04398488 0.9419527 0.3342542 -0.03160995 0.9358991 0.3473663 -0.05856287 -0.9997916 0.01694309 0.01139897 -0.9997916 0.01694315 0.01139909 -0.9997915 0.01694309 0.01139897 0.9999321 -9.99176e-7 -0.01165801 0.9999321 -6.92252e-7 -0.01165795 -1 -2.78554e-7 3.73094e-7 -1 -2.75055e-7 2.79602e-7 0.8051546 0.593065 0 0.8051547 0.5930649 -2.04936e-7 0.8051547 0.5930649 0 1 0 -3.46351e-7 1 0 -3.64817e-7 1 0 -3.79801e-7 0.3670082 0.9302177 0 0.3974146 0.9176239 0.005309522 0.3670079 0.9302178 9.8303e-7 -1 -6.06862e-7 3.55899e-7 -0.9580034 0.2867571 1.32682e-7 -0.9585033 0.2850817 4.54919e-7 -0.9580034 0.2867571 3.52701e-7 -0.9324604 -0.3612723 2.84387e-7 -0.9324604 -0.3612723 2.07338e-7 -0.9959367 0.09005725 1.78486e-7 -0.9959366 0.09005731 3.03733e-7 -0.9959366 0.09005719 2.51335e-7 -0.9590003 0.2834055 1.79386e-7 -0.9590002 0.2834055 2.49317e-7 -0.9912231 -0.1224094 0.04992699 -0.9700554 -0.1605404 0.1822619 -0.9597152 -0.1716877 0.2224187 0.3584412 0.9334818 -0.01147854 0.381852 0.9235202 -0.03605085 0 -1 7.79662e-7 -2.33292e-7 -1 2.2696e-7 -2.33289e-7 -1 6.16798e-7 -4.66585e-7 -1 0 -4.66585e-7 -1 0 0.09488952 -0.3030759 -0.9482305 0.1270814 -0.3263054 -0.9366831 0 -0.2323054 -0.972643 0 -0.399385 -0.9167834 3.33568e-7 -0.3993844 -0.9167836 3.98311e-7 -0.3993843 -0.9167837 1 2.56829e-7 0 1 0 -2.69399e-7 1 3.6062e-7 0 1.39976e-6 -1 0 0.3384872 0.9409162 -0.01015549 0.3216964 0.9456751 -0.04701316 -0.9801025 -0.1965606 0.02762377 -0.970937 -0.213988 0.1071944 -0.9670448 -0.2187893 0.130214 -0.9585032 0.2850818 5.96369e-7 -0.9590003 0.2834055 2.79724e-7 -0.9959366 0.09005731 4.3678e-7 -0.9959366 0.09005719 3.04522e-7 -0.9324603 -0.3612725 0 -0.9580034 0.2867571 7.23964e-7 -1 -5.24292e-7 4.13421e-7 -1 -1.03865e-6 6.09125e-7 0.3670083 0.9302177 -2.76027e-7 1 0 -4.52025e-7 1 0 -3.70328e-7 0.8051546 0.5930651 0 0.8051548 0.593065 0 -1 0 0 -1 -1.23367e-7 7.23542e-7 -1 0 4.74002e-7 0.7279468 -0.6856337 -1.24176e-6 0.7279468 -0.6856337 3.09764e-7 1 0 -4.55025e-7 1 0 -6.09127e-7 1 0 -6.09126e-7 0.9957497 0.09210115 -3.03717e-7 0.9957497 0.09210121 -3.13608e-7 1 0 -3.61604e-7 1 0 -3.04564e-7 0.9414613 0.3371214 -5.29794e-7 0.9414613 0.3371212 -5.27041e-7 0 0 1 0 0 1 0 -1 -4.33863e-7 0 -1 -3.07969e-7 0 -1 -4.61207e-7 0 0 -1 -1 0 2.69663e-7 -1 0 2.69635e-7 0 0 1 0 0 1 -0.0326355 -0.9990547 0.02871745 0.01218026 -0.9999259 2.10386e-6 -0.02541905 -0.9990336 0.03585982 -0.9999852 0.00227499 -0.004952013 -0.9999898 0.002204895 0.003965318 -0.999969 0.007882773 -1.4887e-4 -1 -2.51216e-4 -1.67447e-4 -0.9999938 -0.003530144 -1.55096e-7 -1 -3.66229e-4 -4.84041e-7 -0.8048329 -0.5931385 0.02075332 -0.810454 -0.5858024 -5.86457e-7 -0.7982305 -0.6023521 3.93105e-7 0.006609916 0.9999782 -1.79862e-7 0.005008757 0.9999868 0.001186192 0.002860188 0.9999959 -3.95283e-4 -0.8885508 -0.01654881 0.45848 -0.8945939 -0.01308286 0.4466885 -0.8898166 -0.007609903 0.456255 0.006149053 0.002337872 0.9999784 0.002270519 -0.001181066 0.9999967 0.001720726 0.002201318 0.9999962 -0.9669141 0.2550729 0.003870487 -0.9682556 0.2499625 1.24321e-6 -0.9674915 0.2529039 7.38048e-5 0.6464152 0.7629858 -4.43157e-7 0.6356465 0.7719075 0.010598 0.6401687 0.7682305 0.002478241 -1.99257e-4 -1 0 -4.01774e-4 -0.999993 -0.003730177 -0.003474712 -0.999994 0 0.9464338 0.3228979 2.23802e-4 0.9464358 0.3228923 -4.75195e-7 0.9462449 0.3234513 0 0.9930325 0.1178419 9.27313e-5 0.9930324 0.1178419 -2.83813e-7 0.9930323 0.1178419 0 0.1134959 -0.9935386 1.65728e-6 0.03067332 -0.9992464 -0.02378869 0.006598949 -0.9999783 -2.4007e-6 -0.844679 -0.5352733 4.01003e-4 -0.8480887 -0.5298545 -3.25912e-7 -0.8434132 -0.5372654 0 -0.9232331 -0.006113231 0.384192 -0.9249516 -0.01107543 0.3799237 -0.9187271 -0.005844712 0.3948498 -0.8502425 -0.362579 0.3816073 -0.8497538 -0.3632323 0.3820744 -0.8541279 -0.3688659 0.3666108 0 -0.1067006 0.9942913 1.8541e-6 -0.1067005 0.9942912 1.48724e-6 -0.1067005 0.9942912 0.0386368 -0.999217 -0.008534789 0.01776105 -0.9998423 1.15391e-6 0.03797078 -0.9992778 0.00151962 0.9874066 0.1479263 0.05608987 0.9450004 0.3254027 0.03297573 0.8368521 0.5474292 0 -0.9144323 0.3381152 -0.2224673 -0.3879714 0.9036919 -0.1811605 -8.18028e-4 0.9938943 -0.1103346 0.00105834 -2.93123e-4 0.9999994 5.27899e-4 -1.47833e-4 1 2.70349e-5 -5.79819e-6 1 1.65769e-4 -5.07037e-5 1 0.002168357 -6.53172e-4 0.9999975 9.79622e-5 -6.4511e-5 1 0.001561701 -5.79153e-4 0.9999986 -5.75965e-5 4.40035e-6 1 -1.11041e-5 -5.33276e-7 1 4.73461e-7 -1.64782e-6 1 -0.9663541 0.2569231 -0.01226788 -0.9663699 0.256859 -0.01235479 -0.9663449 0.2569595 -0.01221942 -0.9933795 0.1037614 0.04930222 -0.9546528 0.1571097 0.2528925 -0.9959678 0.08962231 -0.004023253 3.70741e-5 3.71641e-7 1 1.85383e-5 0 1 3.70913e-5 0 1 -0.8444431 -0.5356403 0.00235635 -0.8423718 -0.5388554 0.006696045 -0.8459206 -0.5332852 0.005027472 0.977376 0.2114531 0.004888176 0.9770845 0.2128471 0.0014894 0.9768775 0.2137602 0.004145085 -1.31228e-4 -0.303748 0.9527524 -1.05575e-5 -0.3036904 0.9527708 -8.28727e-6 -0.303696 0.9527691 -0.9621346 0.0596351 0.2659711 -0.999797 0.01389986 0.01458668 -0.9496495 0.0668627 0.3060971 0.9931369 0.1169576 4.18399e-4 0.9930292 0.1178684 5.22028e-4 0.9929244 0.1187425 0.001228272 -2.1206e-6 -0.06560671 0.9978457 -5.48054e-7 -0.06560689 0.9978456 -1.45352e-6 -0.06560772 0.9978456 -7.44033e-5 1.57149e-6 1 -0.003406584 -1.32552e-5 0.9999942 -1.63798e-4 1.70655e-5 1 0.9999997 8.62739e-4 3.44989e-4 0.9999995 8.70057e-4 5.99927e-4 0.9999997 8.07551e-4 1.95533e-4 0.2949414 0.9136931 -0.2795971 0.2319501 0.9380103 -0.2575575 0.3215551 0.901827 -0.2886354 1.15578e-4 -9.66449e-5 1 1.1775e-4 -3.6966e-5 1 2.52027e-4 -1.17924e-4 1 3.71792e-5 1.17239e-4 1 1.84944e-5 0 1 -9.22902e-5 2.90411e-5 1 -3.13519e-4 4.04057e-5 1 -1.21368e-4 9.35222e-5 1 0.9999997 8.11674e-4 4.08161e-4 0.9999988 3.03453e-5 0.001589477 0.9999997 8.07794e-4 4.03657e-4 -0.9968699 -0.05747884 0.05428355 -0.9978365 -0.03200542 0.05742913 -0.9977215 -0.02630311 0.06212925 -0.9930149 -0.1179813 0.001344442 -0.9928119 -0.1196332 0.003539621 -0.9929976 -0.1181079 0.002518296 5.61112e-4 -0.1066965 0.9942915 7.38128e-5 -0.1066995 0.9942913 9.91428e-7 -0.1067001 0.9942913 -0.9883201 0.1523825 -0.001742422 -0.9885976 0.1505817 5.69532e-7 -0.988456 0.1514986 0.001761794 0.9999998 8.07705e-4 0 -0.8961089 0.09626042 0.4332702 -0.910161 0.08738344 0.4049335 -0.891422 0.09907072 0.4422124 0.9769939 0.2132668 5.03137e-4 0.9769964 0.2132544 8.62302e-4 0.9769951 0.2132616 3.17503e-4 0.9999427 -0.01070696 -3.41826e-7 0.9999427 -0.01070809 -5.68437e-6 0.9999427 -0.01070779 -5.65133e-6 2.83478e-4 -0.03477215 0.9993953 0.01616936 -0.03855448 0.9991257 1.62417e-6 -0.03474891 0.9993962 0.998894 0.01383388 -0.0449388 0.9989287 0.02051234 -0.04148334 0.9988499 0.005543172 -0.04762548 -0.9984946 -0.04137361 0.03600949 -0.9984704 -0.05028688 0.02298563 -0.9980993 -0.02864629 0.05456489 -0.00145483 2.84491e-4 0.9999989 -0.002718985 9.24872e-4 0.999996 -0.001319825 3.75958e-4 0.9999991 -0.679713 -0.647291 0.3449708 -0.6052657 -0.7345716 0.3066887 -0.5153219 -0.8164415 0.2605124 0.0195477 0.002464711 0.9998059 0.001207828 -9.00406e-4 0.9999989 0.0226435 0.002552509 0.9997404 -0.9522645 -0.3052741 -7.2269e-7 -0.9513307 -0.3081705 -9.02653e-4 -0.9513273 -0.3081684 0.002970457 -0.9930325 -0.1178417 1.01904e-6 -0.9930324 -0.1178417 -2.15421e-4 -0.9930324 -0.1178417 0 -0.9999993 -8.05623e-4 9.75187e-4 -0.9999933 -0.001260638 0.003453314 1.74694e-7 -0.237469 0.9713952 5.20496e-7 -0.2374685 0.9713953 1.22155e-6 -0.2374683 0.9713954 -1.569e-4 6.34718e-5 1 5.51529e-7 -3.4198e-7 1 -1.8718e-4 -9.56435e-6 1 1.86924e-5 2.1049e-7 1 -2.15512e-5 -1.44782e-5 1 4.9515e-5 3.24429e-5 1 -0.9512867 -0.3082981 0.00242716 -0.9502809 -0.3113449 0.005540132 -0.9507004 -0.3100234 0.00737226 -0.9999885 -0.003843843 0.002883493 -2.15249e-4 -0.9996133 0.02780944 2.87407e-4 -0.9999833 0.00579828 -1.60439e-4 -0.9999703 0.007704079 -3.06311e-5 1.51209e-5 1 -9.74013e-5 2.01834e-5 1 -8.66132e-5 1.03509e-4 1 0.9858002 -0.1679227 -1.93865e-4 0.8027927 -0.5962582 -3.63078e-5 0.9857661 -0.1681221 3.39586e-4 -6.82036e-4 0.9936842 -0.1122105 -0.002383649 0.9937425 -0.1116704 -6.15958e-4 0.9938273 -0.1109371 -0.0039438 0.002152979 0.99999 1.84853e-5 0 1 0 0 1 0.9999997 7.57163e-4 3.62293e-4 0.9999989 4.89891e-5 0.001471817 -0.9999976 -0.001640677 0.001530766 -0.9999976 -0.001654267 0.001514494 -0.9999988 0.001393318 7.3771e-4 9.24983e-4 -0.03472721 0.9993965 0.03590524 -0.03321534 0.9988031 0.001084506 -0.9999976 -0.001921594 -4.54079e-5 -0.3036997 0.9527678 0 -0.303672 0.9527767 0 -0.2374681 0.9713953 0 -0.2374683 0.9713953 5.9625e-6 1.30709e-7 1 0 -5.00104e-4 1 -4.06734e-5 -5.34771e-6 1 -0.9954555 0.07588481 0.05753308 -0.9955283 0.07687032 0.05490541 -0.9955459 0.07696181 0.05445575 -0.9879165 0.1478417 -0.04651588 -0.9879193 0.1478228 -0.04651778 -0.9879499 0.147553 -0.04672539 2.23568e-5 -0.06556278 0.9978485 4.45003e-4 -0.06546968 0.9978545 2.40663e-4 -0.0655325 0.9978504 3.79394e-4 -0.2373964 0.9714128 9.20156e-4 -0.2371408 0.9714749 0.01557868 -0.9988111 0.04619187 0.05624753 -0.9984096 0.003805518 0.1192543 -0.9928601 -0.002704501 0.3568567 0.07438349 0.9311931 0.01800543 0.004609107 0.9998273 -2.70306e-4 -9.85615e-4 0.9999995 0.999895 -0.0144931 -7.28027e-6 0.9998311 -0.01837259 4.75277e-4 0.9998331 -0.01827716 -1.47928e-5 -0.001401305 0.9999987 8.49171e-4 -0.002870619 0.9999959 3.89999e-4 -0.003261804 0.9999946 4.73922e-4 0.9464348 0.322895 1.64852e-4 0.9464361 0.3228911 3.85199e-4 0.9464361 0.3228911 1.62265e-4 0.9999997 8.07013e-4 0 -0.9930155 -0.1179709 0.001758098 -0.8447835 -0.5351008 -0.002846777 -0.8444527 -0.5356245 0.002474367 0.9999997 8.07649e-4 0 0.9999436 -0.0106306 2.3141e-4 0.9999997 7.78333e-4 0 0.9999998 7.50608e-4 -5.98514e-5 0.9999998 6.6401e-4 -3.60399e-4 0.03576505 -0.9991043 -0.0226196 0.04772996 -0.9988536 -0.003652989 0.03690004 -0.9992111 -0.01468849 0.9999997 8.07573e-4 -3.46816e-7 0.9999997 8.0745e-4 0 0.9999998 8.0794e-4 -3.46697e-7 -0.765217 -0.6437725 -1.78732e-6 -0.7153633 -0.6987456 0.003176689 -0.7486249 -0.6628918 0.01162862 0.9467145 0.3220742 -4.75319e-7 0.9998951 -0.01448905 -3.29502e-7 0.999833 -0.01827734 0 0.9999997 8.07557e-4 -3.46832e-7 0.9999997 8.07657e-4 1.60444e-7 -0.5830818 -0.01467287 0.812281 -0.582669 -0.01294833 0.8126066 -0.5815834 -0.01626092 0.8133243 -0.7271292 0.1786456 0.6628492 -0.8721939 0.1171686 0.4749205 -0.6739727 0.1928784 0.7131331 -0.6727035 0.1833482 0.7168357 -0.6668056 0.1917521 0.72014 -0.6548569 0.1912351 0.7311578 -0.8746703 0.2658218 0.4053279 -0.8751918 0.2650986 0.4046754 -0.8666779 0.2766868 0.415107 -0.6497009 0.1803106 0.7384963 -0.6447967 0.1883664 0.7407802 -0.6417784 0.1922762 0.7423951 -0.6067133 0.05043351 0.7933193 -0.6294041 0.1088314 0.7694195 -0.5850042 0 0.8110304 -0.5817642 -0.01213091 0.8132671 -0.5814294 -0.01606464 0.8134384 0.9770087 0.2131861 0.002445101 0.9930323 0.1178419 2.51479e-4 -0.9242447 0.06002318 0.3770533 -0.9124818 0.06533855 0.4038664 -0.9260227 0.05918115 0.3727997 1 4.28288e-4 -3.65837e-7 0.985762 -0.1681457 6.84155e-4 0.946436 0.3228914 3.58074e-6 -0.8904367 -0.01341432 0.4549095 -0.8944522 -0.01521801 0.4469045 -0.8763158 0.3169821 0.3627574 -0.9415603 0.3140844 0.1217181 -0.8684102 0.3181244 0.3803429 -0.897331 0.2533218 0.3614211 -0.9026023 0.2486385 0.3514087 -0.8933314 0.2550682 0.3699993 -0.8666034 0.2677882 0.421056 -0.8744338 0.2636852 0.4072293 -0.8624379 0.2726967 0.4264242 -0.8359574 0.5487944 1.47482e-7 -0.8303861 0.557188 7.46704e-4 -0.8282075 0.5604217 -5.25954e-7 -0.8873203 -0.01870423 0.4607741 -0.8893052 -0.02825278 0.4564408 -0.8725596 0.09102225 0.4799528 -0.8828141 0.1029458 0.4583029 -0.8900906 0.1118407 0.4418488 -0.9915571 0.03731673 0.1241856 -0.9383204 0.05805987 0.3408578 -0.9934603 0.03575986 0.1084343 -0.3356156 -0.5948888 0.73039 -0.3519725 -0.5812405 0.7336722 -0.3612256 -0.5739073 0.7349467 -0.9512865 -0.3082962 0.002735555 -0.9672405 0.2316426 0.1038637 -0.9737297 0.2275501 0.008452534 -0.964861 0.2398584 0.1072907 -0.8395503 0.2607456 0.4766204 -0.8483147 0.2567621 0.4630717 -0.8359178 0.2623459 0.4820957 -0.9460027 0.3042772 0.111778 -0.9461192 0.3040363 0.1114466 -0.9456878 0.3049258 0.1126711 0.9999963 -0.001278996 0.002403795 1 -6.32932e-6 -4.08289e-6 0.9999989 -0.001277565 7.82288e-4 0.9464634 0.3228113 4.88227e-5 0.9464281 0.3229136 9.42208e-4 0.9464304 0.3229076 4.85132e-4 0.9999431 -0.0106672 3.15561e-4 0.9999483 -0.01014578 6.68761e-4 0.9999436 -0.00609672 0.008708357 0.9999815 0.002649545 0.00548315 0.004101097 -0.303714 0.9527545 5.53977e-5 -0.3036721 0.9527766 -3.093e-5 6.11173e-5 1 0.9464319 0.3229025 8.11856e-4 0.9999997 8.47969e-4 3.55606e-4 0.9999997 8.35128e-4 1.00603e-4 0.9998934 -0.01460069 6.75659e-5 0.9998087 -0.01952576 0.001218974 5.15644e-4 -0.8235009 0.5673148 9.9308e-4 -0.8232099 0.5677362 0.001315951 -0.823013 0.5680212 -8.61925e-7 -0.06560653 0.9978456 2.33195e-7 -0.1067003 0.9942913 -0.01446747 -0.9995215 0.02733898 0.9939507 0.1098278 1.52768e-4 0.993947 0.1098611 1.09021e-4 0.9939599 0.1097443 2.62612e-4 6.87778e-4 0.9999998 -2.20491e-4 0.002034544 0.999998 1.41497e-4 0.002378761 0.9999973 2.34017e-4 4.05519e-4 0.8757194 0.4828202 2.30827e-4 0.8757096 0.4828381 4.21366e-4 0.8757203 0.4828186 0.9999992 9.35853e-4 8.17921e-4 0.01111185 -0.9999064 0.007995307 0.008098781 -0.9999582 0.00425744 0.9999997 8.07553e-4 0 0.9999998 8.07493e-4 -3.46815e-7 0.9999997 8.0755e-4 -3.46896e-7 2.36287e-5 -5.65676e-4 0.9999999 -7.32565e-5 -3.17533e-5 1 -0.001269161 0.001580357 -0.999998 -0.001895189 -0.001280665 -0.9999974 0.0109663 -0.002637326 -0.9999364 -0.9968613 0.07916837 -6.2891e-7 -0.9957602 0.09165197 -0.007857263 -0.995671 0.09294819 -1.34241e-6 0.916508 0.3999187 0.008844137 0.9582635 0.2858868 -3.15085e-7 0.9150336 0.4033635 -0.003375589 0.982339 -0.06262165 -0.1763199 0.9784178 0.01011306 -0.2063888 0.9816272 -0.104061 -0.1599358 -0.5897831 -0.8075617 8.85821e-7 -0.5849182 -0.8110897 -0.002070784 -0.5897844 -0.8075608 2.58466e-7 -0.03512883 0.9989161 -0.03054106 -0.1062574 0.9943386 8.41071e-7 -0.09508937 0.9952527 0.02073872 -0.636024 -0.7716691 -6.61863e-4 -0.6376146 -0.7703532 -0.001920223 -0.6382212 -0.7698531 -1.8262e-4 0.8593554 0.5113511 0.005328357 -0.2081575 -0.9780926 -0.00235027 -0.2080659 -0.9781147 -2.99899e-4 -0.2085488 -0.9780119 -5.31143e-4 0.2082347 0.9780728 0.003456234 0.2015848 0.9794712 2.15226e-7 0.207621 0.978192 0.005821704 0.006844758 -0.9999766 -3.27712e-7 3.23459e-7 -0.999997 -0.002463757 5.69189e-4 -0.9999977 -0.002090871 0.0068596 0.9999765 -5.76176e-7 -0.04184502 0.9990422 0.01279455 -0.002128899 0.003249466 0.9999926 -0.002538561 -0.00194925 0.9999949 0.003808319 2.64156e-4 0.9999928 0.003102958 6.63507e-4 0.999995 0.002058744 2.00619e-4 0.9999979 -0.9729452 0.2310364 0 -0.9723643 0.2334643 0.001529097 -0.9705703 0.2408181 -6.8776e-7 0.002783298 -0.001670956 0.9999948 -8.99778e-4 -0.003240466 0.9999943 -0.5891155 -0.8080459 0.002192258 -0.5848606 -0.8111312 -0.002072453 -0.9299561 -1.2622e-5 -0.3676707 -0.9999977 -0.001274883 -0.001738965 -0.9289135 -0.002223193 -0.3702902 -0.5837928 -0.8119011 0.00162214 -0.5824329 -0.8128733 0.003006815 -0.587685 -0.8090835 0.003237783 -0.6353396 -0.7722254 0.003414154 -0.8925279 -0.01133483 0.45085 -0.2127341 -0.9771102 0 -0.2119975 -0.9772703 3.38856e-7 0.942557 1.50146e-4 -0.3340453 0.9430646 3.51599e-5 -0.3326098 0.9432547 3.49725e-4 -0.3320701 0.08647912 2.55951e-4 -0.9962537 0.08673214 9.08967e-4 -0.9962313 0.08661252 2.71853e-4 -0.9962421 0.5569863 -0.07490038 -0.8271374 0.5495119 -0.07678598 -0.83195 0.5472143 -0.07736206 -0.8334097 -0.9551061 0.03076756 0.2946619 -0.9962859 0.02605688 0.08207088 -0.9949268 0.06977224 0.07247388 -5.53027e-5 3.34755e-6 1 -0.9256411 0.2371237 0.2948914 -0.9654098 0.2330173 0.1169913 -0.9225433 0.2442435 0.2987625 -0.005037009 0.001317083 0.9999865 -0.009659588 -8.86791e-5 0.9999534 -0.005051612 0.00357002 0.9999809 -0.003023326 -5.27057e-5 0.9999955 0.8014783 -0.5980153 0.003201842 0.8058679 -0.5920954 -8.30763e-6 -3.41126e-4 1 -8.7633e-5 -0.001251101 0.9999981 0.001528859 0.9999997 8.0743e-4 4.02863e-4 0.9999992 6.10514e-4 0.001169383 -0.6623063 0.1804165 0.7271865 1.85102e-5 0 1 -0.3652241 0.9305518 -0.02617055 -0.8932229 0.4263343 0.1428008 -0.002681672 0.9936026 -0.1129015 3.71489e-5 0 1 -0.966345 0.2569597 -0.0122134 -0.966345 0.2569599 -0.01221501 -0.9663447 0.2569611 -0.01221179 -0.8529511 0.2651523 0.4496319 -0.8616626 0.2607777 0.4353535 -0.8495036 0.2668277 0.4551337 -0.9168283 -0.009382247 0.3991717 -0.9153766 -0.005697369 0.4025586 -0.916232 -2.37186e-4 0.4006482 -0.9199078 -0.006122231 0.3920871 -0.9663453 0.2569586 -0.0122168 0.9999994 8.0769e-4 8.06581e-4 -0.1042819 0.9905028 -0.08960819 8.51215e-5 0.9984512 -0.05563694 4.57535e-5 -1 -8.99867e-5 1.09443e-4 -1 -1.06473e-4 -0.9999985 0.001351177 0.001139402 -0.9999999 8.11392e-5 -4.79162e-4 -1 4.88482e-5 -4.20793e-4 0.8735269 -0.1227887 -0.4710347 0.8729501 -0.1230123 -0.4720447 0.8738248 -0.1228134 -0.4704754 6.74871e-4 0.9999998 2.42617e-4 7.2073e-4 0.9999998 -2.98812e-7 1.82533e-5 1 0 -0.02709877 -0.003794312 -0.9996256 -0.2817023 -0.03759598 -0.958765 -0.304856 -0.04066926 -0.9515297 -0.6376482 -0.7703253 -0.001939415 -0.6331018 -0.7740687 -3.06512e-7 -0.9999778 -2.09753e-4 0.006668925 -0.9999895 0.00130552 0.004417419 -0.9999963 6.14621e-5 0.00273776 0.9999985 -0.00175327 -2.99715e-7 0.03286176 -0.9991804 -0.02363646 -0.9974527 0.07094192 0.007434368 -0.9959514 0.08974355 -0.005208671 9.77145e-4 -0.9999724 -0.007386207 0.02635025 -0.9994061 -0.02220672 -0.7137599 -0.7000875 0.02060168 -0.6958421 -0.7181883 0.003080964 -0.700366 -0.713445 0.02199763 -0.5966817 -0.7945969 0.1121911 -0.6104017 -0.7879564 0.08083719 0.2337272 0.6864593 -0.6885821 0.2378256 0.6872564 -0.6863801 0.2455714 0.6887238 -0.6821687 0.1225007 -0.05001562 -0.9912074 -0.01052486 -0.02322727 0.9996748 -0.08526378 -0.01688146 0.9962154 -0.09820616 -0.01111268 0.9951041 0.9829979 -0.178669 -0.04233962 0.9753521 -0.1370496 -0.1729332 0.9789517 -0.1971592 -0.05274438 0.9776235 -0.2083272 -0.0291922 0.9845322 -0.1751994 0.001263141 7.93417e-4 -8.52009e-4 0.9999994 -0.003709673 -0.02419966 0.9997003 -0.9900186 0.1361722 0.03633701 -0.9945564 0.0805909 0.06605017 -0.9953756 0.0462495 0.08419239 -0.984443 0.1452912 0.09880614 -0.9863139 0.1529545 0.06156283 -0.9864384 0.1538295 0.05723488 -1.84794e-7 -1 -7.85503e-5 9.05188e-7 -1 0 -1.95455e-7 -0.999997 -0.002460479 -1.22312e-6 -2.29231e-4 -1 -5.43912e-7 -2.28942e-4 -1 2.22208e-4 -0.001161336 -0.9999994 1 4.65481e-7 -1.93518e-7 1 3.23444e-7 0 1 5.3378e-7 0 -1 0 2.33225e-7 -0.9999992 -2.4552e-4 -0.001270353 -0.9999992 -0.00111097 -6.63583e-4 -0.988591 0.1506255 0 -0.9879008 0.1550704 -0.002280056 -0.9881829 0.1532796 0 -0.9878104 0.1550501 -0.01378506 -0.9869756 0.1608706 1.30723e-5 1 3.25892e-7 -1.44385e-7 0.9999992 0.001076519 -7.19114e-4 1 1.22359e-7 -1.68726e-7 -1 0 2.50125e-7 -0.9999992 7.18602e-4 -0.001075923 0.9999992 1.5758e-4 -0.001285076 -1.77767e-4 -0.05486035 -0.998494 1.99988e-4 -0.05644345 -0.9984058 -8.39395e-4 -0.05580502 -0.9984413 0.994027 0.108723 -0.009475588 0.9937637 0.1094076 -0.02153396 0.9940913 0.1080919 -0.009931802 -0.9940463 -0.1086035 0.008791267 -0.9939664 -0.1078474 0.01999461 -0.993738 -0.1106831 0.01530128 -0.001026034 0.1486461 -0.98889 -2.15829e-7 0.1488879 -0.9888542 1.77422e-4 0.14815 -0.9889649 -1 0 2.83856e-7 1 1.52775e-7 0 0 0.995124 -0.09863281 0.0032624 0.9999947 -1.04252e-6 -0.0032624 0.9999947 0 7.22338e-4 0.9798858 -0.199558 0 0.9951239 -0.09863251 0 0.1099209 -0.9939404 2.75571e-4 0.108909 -0.9940517 -1.40942e-7 0.1099209 -0.9939404 -0.9941663 -0.1078579 3.59497e-7 -0.9941182 -0.1078323 0.01007235 0.9941669 0.1078531 0 0.9941664 0.1078573 0 -0.001395046 -3.18743e-4 0.999999 -0.9954323 0.07611316 0.05763095 -0.9954313 0.07608336 0.05768871 -0.9954452 0.07651311 0.05687516 7.38285e-4 -9.26563e-5 0.9999998 -6.02838e-5 3.45723e-4 1 -0.004783034 -0.002605736 0.9999852 0.001688838 0.999998 0.001181304 0 1 0 0 1 4.35192e-6 0.001284301 -0.9999983 -0.001358926 -0.001032471 -0.9999953 0.002888977 0 -0.9999982 -0.001917481 -0.01062726 -0.7149083 -0.6991375 -0.007308304 -0.7100631 -0.7041002 -0.01370954 -0.7179177 -0.695993 0.879146 0.002095341 0.4765479 0.9998173 5.08306e-4 0.01910674 0.8788079 0.00220257 0.4771708 -0.9999648 0.002041578 0.008141696 -0.6916696 -0.7217785 -0.02508264 0.999899 -0.01421737 1.63637e-4 0.001108765 -4.1998e-4 0.9999994 -1.39287e-4 1.89561e-5 1 0.003576397 -0.001892507 0.9999919 0.9999977 -0.001890361 -0.001055896 0.9999977 0.001886367 0.001055181 0.9999977 -0.001061022 0.001874804 -0.1926859 -2.94543e-4 -0.9812604 -0.1893169 -0.00125575 -0.9819153 -0.1921135 -0.00160557 -0.9813714 0.9209865 6.12192e-5 -0.3895946 0.9209201 1.6216e-4 -0.3897517 0.9210268 0 -0.3894993 -3.94981e-4 0.9814682 -0.191625 -0.01138114 0.9916639 -0.1283482 0 0.9810655 -0.1936768 -5.25625e-7 0 1 0.001868128 -4.01529e-5 0.9999983 0.002899587 0.001001536 0.9999953 -0.01959711 -0.9949 0.09894454 -0.02238392 -0.9945506 0.1018245 -0.02137136 -0.995028 0.09727615 1 0 -6.41038e-7 1 0 -6.41043e-7 1 0 -6.41038e-7 -0.9999979 -0.001612484 0.00128442 -0.9999983 0.001869559 3.20521e-7 -0.999998 -0.001314938 -0.001587152 0.01555401 0.996517 -0.08192646 0.01753085 0.9955884 -0.0921756 -0.02112549 0.9964551 -0.08143019 0.02029132 0.9968014 -0.07730066 0.02445381 0.9963915 -0.08127778 -0.01589554 0.9962958 -0.08451044 -0.02832782 0.9961032 -0.08352273 1.56842e-6 0.9946489 -0.1033139 0.001702606 0.9945178 -0.1045536 1.46758e-6 0.9946489 -0.1033132 0 0.1328711 0.9911334 0.001701116 0.1341068 0.9909655 0 0.1328711 0.9911333 -1 2.75115e-5 -2.16992e-6 -1 1.64392e-6 1.00069e-6 -1 2.79893e-5 -2.22848e-6 0.001700878 -0.1341067 -0.9909656 0 -0.1328698 -0.9911336 0.001246809 -0.1311846 -0.9913573 -0.7275075 -0.001756012 -0.6860975 3.15461e-4 -0.9999953 0.003051757 7.10747e-6 -0.9999983 0.001869559 0.5613922 0.001361966 0.8275489 0.5614063 0.001334071 0.8275393 0 1 -5.21905e-6 0.9999986 -3.62865e-4 -0.001714944 1 -1.23013e-5 0 0.1100807 -0.9936248 0.02433317 -0.03263521 -0.9990547 -0.02871769 -0.08440095 -0.9964319 -2.65427e-6 -0.999969 0.007881999 1.4972e-4 -0.9999852 0.00227499 0.004952192 -0.9999994 -0.001170575 7.94765e-7 -1 -2.51175e-4 1.67936e-4 -1 -3.66229e-4 1.01555e-6 -0.8049027 -0.5930468 -0.0206688 -0.8030499 -0.5958797 0.006201088 0.005053639 0.9999865 -0.001203 0.001850008 0.9999984 1.60509e-7 -0.8899984 -0.01925003 -0.455557 -0.8945943 -0.01308226 -0.446688 -0.8944529 -0.01521748 -0.4469032 0.002270996 -0.001177191 -0.9999967 0.006138622 0.002298176 -0.9999786 0.001723945 0.002205014 -0.9999961 -0.9669141 0.255073 -0.003869891 -0.9662849 0.2574757 -2.55975e-7 0.6356467 0.7719073 -0.01059627 0.6401687 0.7682304 -0.002478837 -4.03487e-4 -0.999993 0.003730118 -1.749e-4 -0.9999948 0.003212869 0.9464338 0.3228979 -2.24161e-4 0.9464349 0.3228949 -1.6553e-4 0.9930325 0.1178419 -9.34043e-5 0.9930324 0.1178419 -9.33008e-5 0.03095388 -0.999237 0.02382344 0.1100802 -0.9936251 -0.02432727 -0.844679 -0.5352733 -3.97849e-4 -0.8447818 -0.535104 0.002750694 -0.9232331 -0.006113231 -0.384192 -0.9249519 -0.01107561 -0.3799229 -0.9263533 -0.003421723 -0.3766404 -0.849756 -0.3632289 -0.3820729 -0.8502454 -0.3625744 -0.3816052 -0.8541397 -0.3688825 -0.3665666 -1.08209e-6 -0.1066992 -0.9942914 0 -0.106699 -0.9942914 0 -0.106699 -0.9942914 0.03863519 -0.999217 0.008533418 0.03796994 -0.9992778 -0.001521706 0.9874067 0.1479255 -0.05609011 0.9450002 0.3254035 -0.03297585 0.9921033 0.1097365 -0.06073749 -0.3879719 0.9036919 0.1811595 -0.9144331 0.3381134 0.222467 -8.1894e-4 0.9938943 0.1103333 0.001104176 -2.79305e-4 -0.9999994 5.26056e-4 -1.47258e-4 -1 0.00225687 -6.79514e-4 -0.9999973 1.62407e-4 -5.0706e-5 -1 9.71328e-5 -6.41914e-5 -1 0.001561641 -5.79064e-4 -0.9999986 -5.2968e-5 4.95429e-6 -1 -1.00465e-5 1.44542e-6 -1 -1.2581e-4 1.90458e-5 -1 -0.966354 0.256923 0.01226842 -0.9663699 0.2568591 0.0123555 -0.9663872 0.2567896 0.01244795 -0.9933795 0.1037614 -0.04930192 -0.954653 0.15711 -0.2528916 -0.9380927 0.1692773 -0.3022043 1.68653e-5 0 -1 3.38971e-5 3.37858e-7 -1 3.3678e-5 0 -1 -0.8444433 -0.5356401 -0.002356529 -0.8423718 -0.5388556 -0.006670296 -0.8444528 -0.5356246 -0.002459347 0.9770131 0.2131749 -0.001474678 0.9773961 0.2113595 -0.004893839 0.977225 0.2121615 -0.004336595 -1.06496e-5 -0.303688 -0.9527716 -1.3079e-4 -0.3037447 -0.9527536 -8.46101e-6 -0.3036934 -0.9527698 -0.9621348 0.05963528 -0.2659706 -0.9997971 0.0138998 -0.01458555 -0.9999159 0.009626865 0.0086928 0.9930292 0.1178684 -5.22968e-4 0.9931424 0.1169106 -4.12272e-4 0.9929244 0.1187425 -0.001229166 -7.27327e-6 -0.06560903 -0.9978454 -2.70613e-6 -0.06560862 -0.9978455 -1.44532e-5 -0.06561112 -0.9978454 -0.003406822 -1.31906e-5 -0.9999942 -6.88302e-5 1.82703e-6 -1 -1.4922e-4 1.75737e-5 -1 0.9999995 8.70095e-4 -6.00636e-4 0.9999997 8.62587e-4 -3.45665e-4 0.9999997 8.07523e-4 -1.96082e-4 0.2949417 0.9136931 0.2795971 0.2319501 0.9380101 0.2575583 0.2013062 0.9479996 0.246521 1.16109e-4 -3.69674e-5 -1 1.12345e-4 -9.6648e-5 -1 2.48687e-4 -1.17927e-4 -1 1.6863e-5 0 -1 3.3834e-5 1.17237e-4 -1 -9.35917e-5 2.86817e-5 -1 -3.14235e-4 4.02075e-5 -1 -1.8721e-4 -9.16755e-6 -1 0.9999987 -3.8515e-6 -0.00162369 0.9999997 8.11915e-4 -4.08797e-4 0.9999997 8.07725e-4 -4.04254e-4 -0.9968693 -0.05745166 -0.05432474 -0.9978367 -0.0320003 -0.05742806 -0.9965931 -0.05857163 -0.0580666 -0.993015 -0.1179814 -0.001344799 -0.9928062 -0.1196808 -0.003535807 -0.9930155 -0.1179709 -0.001757204 7.32618e-5 -0.1066995 -0.9942913 5.61619e-4 -0.1066965 -0.9942915 -1.36338e-6 -0.1066997 -0.9942913 -0.9883201 0.1523822 0.001742482 -0.9882885 0.1525974 0 0.9999998 8.07589e-4 -7.51213e-7 0.9999997 8.07452e-4 -7.53305e-7 -0.8961094 0.09626024 -0.4332692 -0.9101627 0.08738267 -0.4049298 -0.9145215 0.08447521 -0.3956193 0.9769939 0.213267 -5.04222e-4 0.9769951 0.2132617 -3.18813e-4 0.9999427 -0.01070803 4.83408e-6 0.9999428 -0.01070636 -3.52623e-7 0.01616752 -0.03855419 -0.9991258 2.82597e-4 -0.03477209 -0.9993953 0 -0.03474873 -0.9993961 0.998894 0.01383376 0.04493808 0.9989331 0.0204724 0.04139524 0.9987393 0.03116548 0.03935205 -0.9984947 -0.04137396 -0.03600889 -0.9984703 -0.05028736 -0.02298492 -0.9980056 -0.06297004 -0.004411995 -0.00272262 9.26744e-4 -0.999996 -0.001456201 2.85806e-4 -0.9999989 -0.001319944 3.77381e-4 -0.9999991 -0.6797123 -0.6472916 -0.3449708 -0.6052656 -0.7345718 -0.3066887 -0.7361211 -0.5641158 -0.374031 0.001207768 -9.0046e-4 -0.9999989 0.01954764 0.002464652 -0.9998059 0.02264344 0.002552509 -0.9997404 -0.9513308 -0.3081706 9.02938e-4 -0.9930324 -0.1178418 2.15824e-4 -0.9999993 -8.05662e-4 -9.75072e-4 -1.47575e-6 -0.2374686 -0.9713953 -3.9286e-7 -0.2374691 -0.9713952 6.89559e-4 -0.2370751 -0.9714912 -1.57102e-4 6.36329e-5 -1 1.7089e-5 1.91352e-7 -1 -2.15647e-5 -1.44782e-5 -1 4.78466e-5 3.2442e-5 -1 -0.951279 -0.3083254 -0.001948416 -0.9502809 -0.3113449 -0.00554037 -0.9512866 -0.3082962 -0.002734839 -0.9999883 -0.003892004 -0.002883791 -0.9999929 -4.67252e-4 -0.003730833 -0.9999645 0.002083897 -0.00816524 2.85929e-4 -0.9999833 -0.005786478 -2.1538e-4 -0.9996134 -0.02780431 -1.43777e-4 -0.9999704 -0.007697105 -3.10033e-5 1.51445e-5 -1 -9.82235e-5 2.05324e-5 -1 -5.57929e-5 3.75175e-6 -1 2.59231e-5 -5.52266e-6 -1 0.9858002 -0.1679228 1.89603e-4 0.8027927 -0.5962582 3.38001e-5 0.8026799 -0.5964096 8.24721e-4 -6.0491e-4 0.9936646 0.1123846 -0.002325594 0.9937279 0.1118012 -0.004126548 0.9940112 0.1092008 -0.00394386 0.002152919 -0.99999 0 0 -1 1.69303e-5 0 -1 0.9999997 7.58799e-4 -3.6284e-4 -0.9999976 -0.001640439 -0.001529514 -0.9999975 -0.001653969 -0.001513242 -0.9999997 8.34564e-4 -2.40671e-4 9.26884e-4 -0.03472721 -0.9993965 4.58617e-4 -0.0335012 -0.9994387 -5.40383e-6 -0.3036711 -0.9527769 -4.52522e-5 -0.3036969 -0.9527688 -6.00265e-7 -0.2374696 -0.971395 0 -0.2374696 -0.971395 5.49357e-6 0 -1 0 -5.00104e-4 -1 -4.17213e-5 -4.25473e-6 -1 0 0 -1 -0.9954556 0.07588416 -0.05753123 -0.9955284 0.07686996 -0.05490416 -0.9954324 0.07611316 -0.05762892 -0.9879193 0.1478229 0.0465185 -0.9879165 0.1478419 0.04651659 -0.9879498 0.147553 0.0467261 4.44479e-4 -0.06546998 -0.9978545 1.57986e-5 -0.06556493 -0.9978483 2.40869e-4 -0.0655328 -0.9978504 3.79393e-4 -0.237395 -0.9714131 0.002838432 -0.2369225 -0.9715244 0.0548951 -0.9984907 0.001691222 0.01555037 -0.9988132 -0.04615658 0.1192538 -0.9928601 0.002732813 0.01803469 0.004700064 -0.9998263 0.3568567 0.07438397 -0.9311931 -2.80263e-4 -0.001031816 -0.9999995 0.9998311 -0.01837265 -4.76258e-4 0.999895 -0.0144931 6.6078e-6 0.9998331 -0.0182771 1.40047e-5 -0.002870619 0.9999959 -3.9097e-4 -3.41124e-4 1 8.69563e-5 -0.001401305 0.9999987 -8.50239e-4 0.9464361 0.322891 -3.85165e-4 0.9464362 0.3228911 -1.62983e-4 0.9999997 8.06745e-4 -7.07934e-7 -0.9930324 -0.1178417 2.16088e-4 0.9999998 8.07787e-4 -7.40882e-7 0.9999997 8.0745e-4 -5.79572e-7 0.9999436 -0.01063138 -2.32102e-4 0.9999427 -0.01070761 4.81974e-6 0.9999998 7.50609e-4 5.90318e-5 0.9999997 7.77818e-4 -7.5115e-7 0.9999998 6.64028e-4 3.59788e-4 0.04773032 -0.9988536 0.003651797 0.03576624 -0.9991043 0.02261906 0.0369023 -0.999211 0.01468825 0.9999998 8.07447e-4 -3.46993e-7 -0.7153632 -0.6987456 -0.003176689 -0.5826677 -0.01294827 -0.8126074 -0.5830804 -0.01467281 -0.812282 -0.581583 -0.01625049 -0.8133249 -0.7271296 0.1786458 -0.6628485 -0.8721943 0.1171688 -0.4749197 -0.924471 0.08201187 -0.3723271 -0.6727033 0.1833476 -0.716836 -0.6668051 0.1917541 -0.7201398 -0.6738283 0.1791771 -0.7168341 -0.875192 0.2650985 -0.404675 -0.8746705 0.2658217 -0.4053276 -0.8666777 0.2766874 -0.4151073 -0.6496999 0.1803106 -0.7384973 -0.6448294 0.188378 -0.7407489 -0.6623054 0.1804162 -0.7271875 -0.6294028 0.1088311 -0.7694206 -0.6067122 0.05043345 -0.7933202 -0.585003 0 -0.8110312 -0.5817632 -0.01212966 -0.8132678 -0.58143 -0.01604247 -0.8134384 0.9770085 0.2131863 -0.002447962 0.9930323 0.117842 -2.52734e-4 -0.9242449 0.06002336 -0.3770524 -0.9124822 0.06533873 -0.4038655 -0.9105243 0.06571477 -0.4082002 0.985762 -0.1681456 -7.8394e-4 0.9857662 -0.168122 -3.42246e-4 0.9464634 0.3228113 -4.98737e-5 0.9464414 0.3228757 -8.7709e-7 0.946436 0.3228914 -5.05228e-6 -0.8904381 -0.01341146 -0.4549067 -0.8948909 -0.0182873 -0.4459101 -0.8763159 0.3169821 -0.3627574 -0.9415603 0.3140844 -0.1217181 -0.9436763 0.3144741 -0.1028653 -0.9026076 0.2486706 -0.3513724 -0.8973315 0.2533218 -0.3614198 -0.8933323 0.2550675 -0.3699973 -0.8665722 0.2678796 -0.421062 -0.8744335 0.263687 -0.4072288 -0.8764351 0.2648954 -0.4021093 -0.8303861 0.5571882 -7.48083e-4 -0.887322 -0.01870042 -0.4607711 -0.8828155 0.102944 -0.4583005 -0.872561 0.0910207 -0.4799507 -0.8900921 0.1118389 -0.4418461 -0.9915571 0.03731667 -0.1241854 -0.9383199 0.05805999 -0.3408593 -0.9327372 0.05942505 -0.3556262 -0.335614 -0.5948895 -0.7303901 -0.3519719 -0.5812405 -0.7336724 -0.3244082 -0.6040076 -0.7279658 -0.9513344 -0.3081583 0.001177906 -0.9672405 0.2316426 -0.1038632 -0.9737297 0.2275501 -0.008451938 -0.9718876 0.2354 -0.004634022 -0.839551 0.260746 -0.4766191 -0.8483148 0.2567626 -0.4630712 -0.8517083 0.2551714 -0.4576905 -0.9460027 0.3042771 -0.111778 -0.9461192 0.3040365 -0.1114466 -0.9465054 0.3029716 -0.1110662 1 -6.43801e-6 3.68454e-6 0.9999963 -0.001280128 -0.002405822 0.9999989 -0.001278042 -7.8329e-4 0.946428 0.3229138 -9.42531e-4 0.9464304 0.3229076 -4.85482e-4 0.9999483 -0.01014584 -6.69383e-4 0.9999431 -0.01066905 -3.16076e-4 0.999943 -0.006194353 -0.008702039 0.9999815 0.002648949 -0.005483806 4.34585e-5 -0.3036721 -0.9527767 0.004099309 -0.3037109 -0.9527555 -3.17919e-5 6.26081e-5 -1 0.946432 0.3229024 -8.11555e-4 0.9999997 8.35055e-4 -1.01419e-4 0.9999997 8.4945e-4 -3.56218e-4 0.9998087 -0.01952582 -0.00121957 0.9998934 -0.01460057 -6.83268e-5 5.15634e-4 -0.8235008 -0.5673151 9.93683e-4 -0.8232097 -0.5677367 -3.10238e-5 -0.8238331 -0.5668324 -7.78913e-7 -0.0656082 -0.9978455 -2.33195e-7 -0.1066994 -0.9942913 -0.0144692 -0.9995224 -0.02730876 0.993947 0.1098607 -1.10774e-4 0.9939507 0.1098277 -1.54048e-4 0.9939599 0.1097449 -2.62706e-4 0.002034544 0.999998 -1.40473e-4 6.87778e-4 0.9999998 2.20432e-4 0.002378761 0.9999973 -2.32717e-4 4.05536e-4 0.87572 -0.4828193 2.31031e-4 0.8757089 -0.4828393 2.15233e-4 0.8757081 -0.4828411 0.9999992 9.34496e-4 -8.18568e-4 0.01111018 -0.9999064 -0.007996499 0.008097469 -0.9999582 -0.004258692 0.9999997 8.07497e-4 -6.09586e-7 2.35673e-5 -5.65674e-4 -0.9999999 -7.33364e-5 -3.17533e-5 -1 -0.001268923 0.001580357 0.999998 -0.001894831 -0.001280665 0.9999974 -0.00108987 -0.003768146 0.9999923 -0.99576 0.09165316 0.007856726 -0.9974527 0.0709424 -0.007435977 0.9165077 0.3999195 -0.008844256 0.9566112 0.2913663 9.12027e-4 0.9784182 0.01011341 0.2063874 0.9824 -0.06256031 0.1760014 0.9816273 -0.1040596 0.1599361 -0.584918 -0.8110899 0.002070605 -0.5848605 -0.8111312 0.002072274 -0.03512859 0.9989161 0.03054022 -0.6376146 -0.7703531 0.001920223 -0.6359969 -0.7716913 6.95654e-4 -0.638221 -0.7698532 1.82599e-4 0.8593556 0.5113509 -0.00532937 -0.2081575 -0.9780926 0.002350091 -0.2080664 -0.9781147 2.99545e-4 -0.2079134 -0.9781472 2.40356e-4 0.2082349 0.9780728 -0.003456294 0.2145007 0.9767239 -3.99372e-7 3.78957e-7 -0.999997 0.002463817 5.68957e-4 -0.9999977 0.002090871 -0.002131462 0.003249585 -0.9999926 -0.002538859 -0.001947641 -0.9999949 0.003801584 2.67064e-4 -0.9999928 0.003103077 6.6436e-4 -0.999995 -0.9723643 0.2334645 -0.001529812 -8.05734e-4 -0.003248333 -0.9999944 0.00278151 -0.001668274 -0.9999948 -0.5891152 -0.8080462 -0.00219196 -0.9999976 -0.001303374 0.001778542 -0.9299558 -1.58977e-5 0.3676713 -0.9289135 -0.002227008 0.3702903 -0.5838311 -0.8118737 -0.001625895 -0.582471 -0.8128459 -0.003010153 -0.6353392 -0.7722256 -0.003413856 -0.8925287 -0.01133859 -0.4508484 -0.8893031 -0.02820855 -0.4564477 0.9432548 3.49652e-4 0.3320699 0.9430646 3.51599e-5 0.3326098 0.9425572 1.50083e-4 0.3340448 0.08661472 2.71519e-4 0.9962419 0.08673411 9.09451e-4 0.9962311 0.08647936 2.55836e-4 0.9962537 0.5495111 -0.07678616 0.8319504 0.5569845 -0.07490068 0.8271387 0.5472139 -0.07736217 0.8334099 -0.9695078 0.05165147 -0.2395552 -0.991298 0.1316315 0.001210689 -0.9949269 0.06977206 -0.07247382 -1.23553e-4 9.36182e-5 -1 -0.9256359 0.2371674 -0.2948727 -0.9653992 0.2330636 -0.1169872 -0.9647359 0.2404083 -0.1071855 -0.005046665 0.001317143 -0.9999864 -0.009683072 -8.17333e-5 -0.9999531 -0.005453824 -5.42894e-4 -0.999985 -0.003029048 -5.21143e-5 -0.9999954 0.002860188 0.9999959 3.95151e-4 0.9999997 8.07552e-4 -4.03539e-4 0.9999992 6.10412e-4 -0.001170277 -0.6548559 0.1912361 -0.7311584 1.68316e-5 0 -1 -0.8931388 0.4264541 -0.142969 -0.3652238 0.9305518 0.0261712 -0.002702116 0.9935976 0.1129449 3.3702e-5 0 -1 -0.966345 0.2569594 0.012214 -0.9663448 0.2569601 0.01221519 -0.9663451 0.256959 0.0122168 -0.8529513 0.2651522 -0.4496315 -0.8616634 0.2607775 -0.4353522 -0.8648712 0.2591131 -0.4299517 -0.9168289 -0.009334325 -0.3991713 -0.9153765 -0.005697369 -0.4025586 -0.9199078 -0.006122231 -0.3920871 -0.9187271 -0.005845248 -0.3948498 -0.966345 0.2569595 0.01221972 0.9999994 8.07974e-4 -8.07503e-4 -0.1042804 0.9905028 0.0896092 -0.1177406 0.9894462 0.08445996 4.51908e-5 -1 8.96347e-5 1.07619e-4 -1 1.05365e-4 -0.9999983 0.001496016 -0.001139461 -0.9999999 8.03809e-5 4.7981e-4 -0.9999965 -0.001610159 0.002111017 0.8729518 -0.1230126 0.4720417 0.8731141 -0.1227924 0.4717984 0.8735287 -0.1227889 0.4710313 6.74891e-4 0.9999998 -2.42824e-4 -0.001080155 0.9999994 3.50224e-4 -0.02709966 -0.003795266 0.9996256 -0.2817023 -0.03759688 0.958765 -2.4844e-4 -2.2968e-4 1 -0.6376484 -0.7703251 0.001939475 -0.9999778 -2.09639e-4 -0.006668925 -0.9999894 0.00130552 -0.004417479 -0.9999948 2.14072e-5 -0.003250837 0.03286248 -0.9991804 0.02363514 -0.9959513 0.08974349 0.005209326 -0.996562 0.08269721 -0.005043447 9.76333e-4 -0.9999724 0.007383286 0.0263502 -0.9994062 0.02220517 -0.6958426 -0.7181877 -0.003080487 -0.6104014 -0.7879564 -0.08084017 -0.685406 -0.7281551 -0.002977013 0.2337297 0.6864594 0.6885812 0.2378272 0.6872564 0.6863796 0.2276385 0.6852483 0.6918205 0.1225053 -0.05001759 0.9912068 0.01096701 -0.002637505 0.9999364 -0.01043015 -0.02324783 -0.9996754 -0.08525925 -0.01688188 -0.9962159 -0.003710031 -0.024199 -0.9997003 0.9753519 -0.1370496 0.1729338 0.9830027 -0.1786651 0.04224282 0.9789517 -0.1971595 0.0527423 0.9776235 -0.2083275 0.0291903 6.62385e-4 -7.12214e-4 -0.9999995 -0.9945564 0.08059304 -0.0660476 -0.990019 0.1361694 -0.03633552 -0.9953757 0.04625457 -0.08418935 -0.9863139 0.1529545 -0.06156069 -0.9844433 0.1452918 -0.0988028 -0.9864385 0.1538294 -0.05723279 0 -1 7.81711e-5 -1.95455e-7 -0.999997 0.002460062 0 -2.2968e-4 1 0 -2.2968e-4 1 2.7776e-4 -0.001395463 0.9999991 1 4.52228e-7 -1.56319e-7 -0.9999992 -2.45667e-4 0.001271009 -1 0 0 -0.9999992 -0.001110911 6.64381e-4 -0.9879008 0.1550704 0.002280473 -0.9878193 0.1550008 0.01370376 -0.988355 0.1519476 0.008152604 1 3.4415e-7 -1.97722e-7 0.9999992 0.001076638 7.18499e-4 0.9999991 1.8605e-4 0.001329004 -0.9999992 7.18679e-4 0.001076698 -1 0 1.25063e-7 0.999999 -9.37763e-4 0.00108987 1.99987e-4 -0.05644339 0.9984058 -1.77767e-4 -0.05486029 0.998494 -8.39396e-4 -0.0558049 0.9984414 0.994027 0.1087229 0.009475111 0.9937686 0.109369 0.0215047 0.9938447 0.1093663 0.0176562 -0.9939734 -0.1077983 -0.01991176 -0.9940463 -0.1086035 -0.008790791 -0.9937341 -0.1107217 -0.01527225 -0.001072645 0.1486351 0.9888916 -2.16508e-7 0.1488878 0.9888542 -2.11098e-4 0.149764 0.9887218 0 0.995124 0.09863185 0 0.9951239 0.09863263 -0.001093804 0.9799329 0.1993249 7.50121e-4 0.9798781 0.1995953 2.88039e-4 0.1088621 0.9940568 -1.50767e-7 0.10992 0.9939405 -2.00791e-7 0.1099201 0.9939405 -0.994218 -0.1073809 0 0.9940913 0.1080918 0.009931325 -0.001313269 -2.68682e-4 -0.9999992 -0.9954088 0.07624399 -0.05786287 7.38135e-4 -9.26566e-5 -0.9999998 -3.87043e-4 -2.87852e-4 -0.9999999 -0.004782915 -0.002606034 -0.9999852 0 1 1.25561e-7 0.001688838 0.999998 -0.001182198 0 1 4.45274e-6 0.00128436 -0.9999983 0.001359105 -0.001032531 -0.9999953 -0.002888917 0.00161004 -0.9999954 -0.00261116 -0.010531 -0.7149055 0.6991419 -0.007321417 -0.7100955 0.7040674 0.003044009 -0.7007533 0.7133973 0.9998173 5.0776e-4 -0.01910752 0.8791454 0.002093195 -0.476549 0.8788079 0.002199947 -0.4771709 -1 4.84936e-5 4.21452e-4 -0.9999942 0.002034723 -0.002753436 -0.6916708 -0.7217773 0.02508252 -0.6293134 -0.7771518 3.19531e-6 0.999899 -0.01421725 -1.64394e-4 0 0 -1 0.001108705 -4.1998e-4 -0.9999994 0.003543674 -0.001857519 -0.9999921 0.9999976 0.001932501 -0.001078844 0.9999976 -0.001924395 0.001079022 0.9999976 -0.00108087 -0.001917123 -0.1893159 -0.001255631 0.9819155 -0.1925917 -2.79004e-4 0.981279 -0.1921119 -0.001605689 0.9813718 0.9209876 6.12186e-5 0.3895921 0.9209222 1.62159e-4 0.3897469 0.9208557 2.64439e-4 0.3899036 -0.01161944 0.9917877 0.1273662 -3.85934e-4 0.9814574 0.1916802 0 0.9810672 0.1936681 0.001868605 -4.01126e-5 -0.9999983 -1.54033e-7 0 -1 0.002899944 0.001001477 -0.9999954 -0.01964539 -0.9948988 -0.09894645 -0.02238482 -0.9945503 -0.1018269 -0.01856619 -0.9948212 -0.09993088 1 0 -3.20523e-7 1 0 -3.20522e-7 1 0 -3.20522e-7 -0.9999978 -0.001650035 -0.001313269 -0.9999982 0.001917481 7.239e-7 -0.9999983 1.84953e-4 -0.001859724 0.01553934 0.9965143 0.0819633 -0.0244534 0.9963915 0.08127743 0.01988136 0.9966745 0.07902371 -0.0211234 0.9964553 0.08142924 0.0283336 0.9961029 0.08352398 -0.01585507 0.9962942 0.08453828 1.51065e-6 0.9946488 0.1033152 0.001248598 0.9948222 0.1016233 1.64598e-6 0.9946487 0.1033158 0 0.1328711 -0.9911334 0.001701176 0.1341066 -0.9909655 0.001246988 0.1311846 -0.9913573 -1 1.81899e-5 1.61457e-6 -1 -7.22021e-6 0 -1 -7.68956e-6 0 0.001700222 -0.1340096 0.9909786 0 -0.1327722 0.9911466 0 -0.1327722 0.9911466 -0.7275053 -0.001755774 0.6860998 -0.7278223 -2.02521e-4 0.6857658 3.15443e-4 -0.9999953 -0.003052294 7.19418e-6 -0.9999983 -0.001870155 0.5613927 0.001362502 -0.8275484 0.5614077 0.00133419 -0.8275384 0 1 -5.21902e-6 -8.77985e-4 0.999998 -0.001818776 0.9999986 -3.62977e-4 0.001714468 4.73609e-4 -0.06549012 -0.9978532 -2.51275e-7 -0.06560671 -0.9978456 0 -0.06560617 -0.9978456 -0.9513328 -0.308165 5.58723e-4 -0.9512993 -0.3082571 -0.002696931 -0.951332 -0.3081669 7.27606e-4 0.9769952 0.2132618 -1.66156e-4 0.976905 0.2136731 -8.2268e-4 0.9770213 0.2131413 4.80304e-4 0.001097023 -0.06533414 -0.9978628 4.00514e-4 -0.06549519 -0.9978528 -0.9512837 -0.3083155 -9.73619e-4 -0.9516463 -0.3071193 -0.00686258 -0.9522609 -0.3052856 -4.10653e-7 -0.9522449 -0.3053355 1.01925e-6 0.9768015 0.2141466 -1.22061e-6 0.9769949 0.213263 -2.33244e-4 0 -0.06560683 -0.9978456 0 -0.06560611 -0.9978457 0.9772163 0.2122231 -0.003107964 0.9766827 0.2146875 -4.50729e-4 1.2373e-6 -0.06560701 0.9978456 4.73952e-4 -0.0654906 0.9978532 0 -0.06560617 0.9978456 -0.9513328 -0.308165 -5.58723e-4 -0.9514995 -0.3076432 0.002125263 -0.9512837 -0.3083158 9.73691e-4 0.9771068 0.2127476 9.49634e-4 0.9769951 0.2132619 1.65295e-4 0.9770213 0.2131416 -4.80237e-4 3.97765e-4 -0.06549644 0.9978528 0.001096606 -0.06533521 0.9978628 -0.9507152 -0.3099919 0.006768584 -0.9521834 -0.3055064 0.003581106 -0.9513321 -0.3081669 -7.26585e-4 0.9769949 0.213263 2.33405e-4 0 -0.06560695 0.9978456 0 -0.06560617 0.9978456 0.9768683 0.2138218 0.002913534 0.976693 0.2146407 4.51629e-4 7.70298e-4 -0.06539368 -0.9978592 -0.9516316 -0.3071506 -0.007467806 0.9771988 0.2123269 -8.98707e-5 7.62328e-4 -0.06539571 0.9978591 -0.9977832 0.04501742 -0.0490126 -0.9977829 0.04501777 -0.04901927 -0.9977828 0.04501777 -0.04901945 -0.9882001 0.04442119 -0.1465856 -0.9882012 0.04442077 -0.1465783 -0.9882012 0.04442077 -0.1465781 -0.9691151 0.04339742 -0.2427604 -0.9691155 0.04339754 -0.2427589 -0.9691155 0.04339754 -0.2427589 -0.9407134 0.04195618 -0.3365979 -0.940712 0.04195642 -0.3366016 -0.940712 0.04195648 -0.3366017 -0.9029769 0.03890287 -0.4279246 -0.8898769 0.03943151 -0.4544936 -0.8895344 0.03944444 -0.4551624 -0.8561981 0.03353399 -0.5155583 -0.8150599 0.03469514 -0.578337 -0.8139681 0.03472179 -0.579871 -0.8012204 0.02666389 -0.5977751 -0.7358766 0.02827858 -0.676525 -0.7341454 0.02831512 -0.6784017 -0.7385685 0.019122 -0.6739072 -0.6567762 0.02125447 -0.753786 -0.6546227 0.02130424 -0.7556557 -0.6689401 0.01168054 -0.7432246 -0.5795819 0.01439774 -0.8147869 -0.5772433 0.01446348 -0.8164442 -0.5930531 0.00500679 -0.8051478 -0.5046074 0.008238136 -0.8633097 -0.502302 0.008318483 -0.8646523 -0.511632 -3.73454e-4 -0.8592047 -0.4312688 0.003131091 -0.9022181 -0.4291774 0.003219902 -0.9032145 -0.4254318 -0.004104495 -0.9049813 -0.3584833 -6.9092e-4 -0.9335359 -0.3567394 -6.03232e-4 -0.9342038 -0.3353059 -0.006015181 -0.9420902 -0.2850321 -0.003091216 -0.958513 -0.2837185 -0.003015339 -0.958903 -0.2419608 -0.006120979 -0.9702668 -0.2093646 -0.004011929 -0.9778294 -0.2085086 -0.003956675 -0.9780126 -0.1302155 -0.004116952 -0.9914773 -0.1462616 -0.003866136 -0.9892384 -0.1297852 -0.004123687 -0.9915336 -0.04602479 -0.001698195 -0.9989389 -0.04895603 -0.001671254 -0.9987996 -0.04594695 -0.001698911 -0.9989424 0.04426383 0.001654326 -0.9990186 0.04891198 0.001633107 -0.9988018 0.04414153 0.001654863 -0.9990239 0.1416411 0.005575478 -0.9899024 0.1466091 0.005565881 -0.9891788 0.1415116 0.005575716 -0.989921 0.2426398 0.009576082 -0.9700692 0.2429738 0.009575545 -0.9699857 0.2426311 0.009576082 -0.9700714 0.3368778 0.01329582 -0.9414545 0.3368785 0.01329576 -0.9414542 0.3368777 0.01329582 -0.9414545 0.4274743 0.01687151 -0.9038702 0.4274756 0.01687151 -0.9038695 0.4274742 0.01687151 -0.9038702 0.5140088 0.02028673 -0.857545 0.5140049 0.02028673 -0.8575474 0.5140089 0.02028673 -0.8575451 0.5955381 0.02350449 -0.8029832 0.5955387 0.02350455 -0.8029828 0.6713113 0.02649533 -0.7407018 0.6713143 0.02649527 -0.7406991 0.6713112 0.02649533 -0.7407019 0.7406226 0.02923095 -0.6712851 0.7406226 0.02923095 -0.6712851 0.7406226 0.02923095 -0.6712852 0.8028193 0.0316857 -0.59538 0.8028199 0.0316857 -0.5953791 0.8028194 0.0316857 -0.59538 0.8572375 0.03383344 -0.5138086 0.8572375 0.03383344 -0.5138086 0.9034098 0.03565609 -0.4272933 0.9034119 0.03565585 -0.4272886 0.9034098 0.03565609 -0.4272934 0.9408915 0.03713512 -0.3366667 0.940889 0.0371353 -0.3366734 0.9408915 0.03713512 -0.3366665 0.9693225 0.03825724 -0.2427967 0.9693225 0.0382573 -0.2427967 0.9693226 0.03825724 -0.2427968 0.9884235 0.03901112 -0.1466189 0.9884236 0.03901118 -0.1466183 0.9884235 0.03901112 -0.1466189 0.9980206 0.0393899 -0.04902446 0.9980205 0.0393899 -0.04902553 0.9980207 0.0393899 -0.0490244 0.9980204 0.03938996 0.04902875 0.9980204 0.03938984 0.04902732 0.9980204 0.03938984 0.04902726 0.9884237 0.03901118 0.1466177 0.9884237 0.03901112 0.1466185 0.9884236 0.03901112 0.1466186 0.9693225 0.0382573 0.2427967 0.9693228 0.03825724 0.2427962 0.9693227 0.03825724 0.2427962 0.9408891 0.0371353 0.3366732 0.9408913 0.03713518 0.3366669 0.9408913 0.03713518 0.3366667 0.903423 0.03565526 0.4272652 0.9034098 0.03565609 0.4272931 0.9034094 0.03565609 0.4272938 0.8572379 0.03383344 0.5138078 0.8572537 0.03383284 0.5137816 0.8572542 0.03383284 0.5137808 0.8027974 0.03168481 0.5954095 0.8027968 0.03168481 0.5954103 0.7406232 0.02923095 0.6712845 0.7406233 0.02923095 0.6712844 0.6713492 0.02649664 0.7406674 0.6713454 0.0264967 0.7406708 0.6713454 0.0264967 0.7406709 0.5955388 0.02350473 0.8029826 0.5955418 0.02350467 0.8029806 0.5955418 0.02350467 0.8029805 0.513959 0.02028489 0.8575749 0.5139581 0.02028495 0.8575755 0.5139581 0.02028495 0.8575755 0.4275281 0.01687365 0.9038446 0.4275281 0.01687371 0.9038446 0.427528 0.01687371 0.9038446 0.3368198 0.01329356 0.9414754 0.3368201 0.01329362 0.9414752 0.3368201 0.01329362 0.9414752 0.2429785 0.009580492 0.9699844 0.2427553 0.00958079 0.9700403 0.2427495 0.00958085 0.9700417 0.1466394 0.0056203 0.9891741 0.1428094 0.005627691 0.9897342 0.1427096 0.00562787 0.9897486 0.04898643 0.001807749 0.9987979 0.04700529 0.001816749 0.998893 0.0469532 0.001816987 0.9988955 -0.0488426 -0.001312911 0.9988057 -0.04196017 -0.001376032 0.9991183 -0.04177743 -0.001377701 0.9991261 -0.146113 -0.003271281 0.9892626 -0.1250813 -0.003597974 0.9921401 -0.1245172 -0.003606677 0.992211 -0.203563 -0.003046452 0.9790572 -0.2417898 -0.00552392 0.970313 -0.2025586 -0.002981543 0.9792657 -0.2787522 -0.001872777 0.9603613 -0.3350602 -0.005161166 0.9421826 -0.2772797 -0.001787483 0.9607876 -0.3521372 7.73778e-4 0.9359481 -0.4252995 -0.00298953 0.9050477 -0.3502295 8.7034e-4 0.9366636 -0.4251657 0.004815876 0.9051027 -0.5114235 9.89916e-4 0.8593283 -0.422918 0.004912674 0.9061548 -0.4990336 0.01010996 0.8665237 -0.5928937 0.006572246 0.805254 -0.4965829 0.01019763 0.8679295 -0.5747876 0.01640814 0.8181383 -0.6688413 0.01338845 0.7432847 -0.5723211 0.01648086 0.819864 -0.6530926 0.02332657 0.7569186 -0.7384573 0.020895 0.6739766 -0.6508397 0.02338314 0.7588551 -0.7333972 0.03030717 0.6791245 -0.8011062 0.02840709 0.5978478 -0.7315988 0.03035038 0.6810596 -0.8138154 0.03654539 0.5799733 -0.8561241 0.0351541 0.5155733 -0.8126896 0.03657758 0.5815479 -0.88954 0.04093778 0.4550195 -0.9029191 0.04030984 0.4279164 -0.8891894 0.04095327 0.4557028 -0.9406671 0.04308187 0.3365849 -0.9406766 0.04308128 0.3365584 -0.9406669 0.04308187 0.3365856 -0.9690812 0.04420912 0.2427494 -0.9690804 0.04420918 0.2427525 -0.9690812 0.04420912 0.2427493 0.9891751 -3.58785e-7 -0.1467405 0.9891751 -3.91317e-7 -0.1467405 0.9891751 -3.58124e-7 -0.1467405 -0.9881796 0.04491084 0.1465754 -0.9881783 0.04491132 0.1465836 -0.9881796 0.04491084 0.1465752 -0.9977753 0.04518157 0.04902255 -0.9977756 0.04518109 0.04901546 -0.9977753 0.04518157 0.04902273 0.002129197 -0.9999977 1.02085e-4 0.02260446 -0.9997331 0.004778742 0.02255362 -0.9997342 -0.004783272 -0.9987952 0 0.04907393 -0.9987952 0 0.04907393 -0.9987952 0 0.04907393 -0.9891778 0 0.1467224 -0.9891766 -1.60079e-7 0.1467301 -0.9891766 -1.62123e-7 0.1467302 -0.9700272 -1.60078e-7 0.2429964 -0.970029 0 0.2429891 -0.9700291 0 0.2429891 -0.9415459 0 0.3368847 -0.9415434 -1.60081e-7 0.3368917 -0.9415434 -1.62126e-7 0.3368918 -0.8750566 0 0.4840208 -0.8750535 0 0.4840264 -0.8750566 0 0.4840207 -0.7674527 0 0.6411057 -0.7674525 0 0.6411059 -0.7674526 0 0.6411057 -0.6640238 0 0.7477115 -0.6640275 -1.33085e-7 0.7477082 -0.6640238 0 0.7477115 -0.5720638 0 0.8202092 -0.572061 0 0.8202112 -0.5720638 0 0.8202092 -0.4916376 0 0.8708 -0.4916368 0 0.8708004 -0.4203749 0 0.9073505 -0.4203761 0 0.90735 -0.4203749 0 0.9073505 -0.3555512 0 0.9346569 -0.3555491 0 0.9346576 -0.3555512 0 0.9346569 -0.2943025 0 0.9557123 -0.2943035 0 0.955712 -0.2342419 0 0.9721783 -0.2342441 0 0.9721779 -0.2342419 0 0.9721784 -0.1728851 0 0.984942 -0.1728836 0 0.9849423 -0.1728851 0 0.984942 -0.1076902 0 0.9941846 -0.1077382 -1.23782e-6 0.9941793 -0.1076894 0 0.9941847 -0.03601253 -1.23806e-6 0.9993514 -0.03817921 0.005404293 0.9992563 -0.0360133 -1.25689e-6 0.9993514 0.04526209 0 0.9989752 0.04578191 -0.005630433 0.9989356 0.04526209 0 0.9989752 0.1390199 0 0.9902896 0.13902 0 0.9902896 0.1390199 0 0.9902896 0.242475 0 0.9701577 0.2424756 0 0.9701575 0.2424749 0 0.9701577 0.3368471 0 0.9415594 0.3368507 0 0.9415581 0.3368507 0 0.9415581 0.4275886 0 0.9039736 0.4275887 0 0.9039735 0.4275887 0 0.9039734 0.5140622 0 0.857753 0.5141103 -1.05949e-6 0.8577241 0.5141109 -1.07406e-6 0.8577238 0.5957025 -9.77914e-7 0.8032053 0.5956625 0 0.8032349 0.5956619 0 0.8032352 0.6715892 0 0.7409238 0.6715851 0 0.7409275 0.671585 0 0.7409276 0.7409365 0 0.6715751 0.7409397 0 0.6715716 0.7409397 0 0.6715716 0.8032041 0 0.5957041 0.8032003 1.20061e-7 0.5957092 0.8032002 1.21595e-7 0.5957092 0.8577452 1.61604e-7 0.5140752 0.8577452 1.22098e-7 0.5140752 0.8577452 1.21586e-7 0.5140752 0.9039842 1.60079e-7 0.4275659 0.9039872 0 0.4275597 0.9039872 0 0.4275596 0.9415409 0 0.336899 0.9415384 1.60081e-7 0.3369059 0.9415383 1.62126e-7 0.336906 0.9700309 1.60079e-7 0.2429816 0.9700328 0 0.2429743 0.9700328 0 0.2429742 0.9891778 0 0.1467225 0.9891766 1.60079e-7 0.14673 0.9891766 1.62123e-7 0.1467301 0.9987952 1.20061e-7 0.04907381 0.9987956 0 0.04906612 0.9987956 0 0.049066 0.9987953 0 -0.04907071 0.9987958 1.20053e-7 -0.04906302 0.9987958 1.21586e-7 -0.0490629 0.9891778 1.60079e-7 -0.1467224 0.9891766 0 -0.1467301 0.9891766 0 -0.1467302 0.9700309 0 -0.2429816 0.9700328 1.60079e-7 -0.2429743 0.9700328 1.62124e-7 -0.2429742 0.9415409 1.60081e-7 -0.3368989 0.9415384 0 -0.3369059 0.9415383 0 -0.336906 0.9039842 0 -0.4275659 0.9039872 1.60079e-7 -0.4275597 0.9039872 1.62124e-7 -0.4275596 0.8577286 1.22104e-7 -0.5141029 0.8577285 1.61613e-7 -0.5141032 0.8577285 1.62124e-7 -0.5141032 0.8032266 1.20055e-7 -0.5956736 0.8032229 0 -0.5956788 0.8032228 0 -0.5956788 0.7409359 0 -0.6715757 0.7409397 0 -0.6715716 0.7409397 0 -0.6715716 0.6715545 0 -0.7409552 0.6715505 0 -0.7409588 0.6715505 0 -0.7409589 0.595703 0 -0.8032048 0.5141075 0 -0.8577257 0.5141106 0 -0.8577239 0.5141106 0 -0.8577239 0.4275383 0 -0.9039973 0.4275878 1.20133e-6 -0.9039739 0.4275884 1.2159e-6 -0.9039736 0.3369102 1.20749e-6 -0.9415369 0.3368527 0 -0.9415574 0.336852 0 -0.9415577 0.2423529 0 -0.9701882 0.242354 0 -0.970188 0.242354 0 -0.9701879 0.1366316 0 -0.9906219 0.136632 0 -0.9906219 0.136632 0 -0.9906219 0.04115325 -0.005445122 -0.9991381 0.04000449 0 -0.9991995 0.04000455 0 -0.9991996 -0.04501867 0.005457341 -0.9989713 -0.04358196 0 -0.99905 -0.04358196 0 -0.9990499 -0.1170085 0 -0.993131 -0.1170084 0 -0.993131 -0.1170083 0 -0.9931309 -0.183474 0 -0.9830245 -0.1834735 0 -0.9830246 -0.1834735 0 -0.9830247 -0.2455694 0 -0.969379 -0.2455687 0 -0.9693792 -0.2455687 0 -0.9693793 -0.3059257 0 -0.9520554 -0.3059266 0 -0.9520551 -0.3059266 0 -0.9520552 -0.3670212 0 -0.9302126 -0.3670194 0 -0.9302134 -0.3670194 0 -0.9302134 -0.4312127 0 -0.9022504 -0.4312137 0 -0.9022499 -0.4312137 0 -0.9022498 -0.5012831 0 -0.8652833 -0.5012844 0 -0.8652827 -0.5799722 0 -0.8146364 -0.5799754 0 -0.814634 -0.5799754 0 -0.814634 -0.6695926 -1.32185e-7 -0.7427287 -0.6695894 0 -0.7427316 -0.6695893 0 -0.7427316 -0.7703704 0 -0.6375967 -0.7703706 0 -0.6375966 -0.7703706 0 -0.6375965 -0.875697 0 -0.4828612 -0.8757003 0 -0.4828551 -0.8757004 0 -0.482855 -0.941546 -1.60082e-7 -0.3368847 -0.9415435 0 -0.3368917 -0.9415434 0 -0.3368918 -0.9700272 0 -0.2429964 -0.970029 -1.60079e-7 -0.2429891 -0.9700291 -1.62124e-7 -0.2429891 -0.9891778 -1.60079e-7 -0.1467224 -0.9891766 0 -0.1467301 -0.9891766 0 -0.1467302 -0.9987953 0 -0.04907083 -0.9987953 0 -0.04907083 -0.9914226 0.1212785 0.04871064 -0.9914227 0.1212787 0.04871118 -0.9914227 0.1212785 0.04871064 -0.9819948 0.1202884 0.1456602 -0.9819954 0.1202887 0.1456558 -0.9819949 0.1202884 0.1456604 -0.9632323 0.1181549 0.2412942 -0.9632337 0.1181549 0.2412889 -0.9632323 0.1181549 0.2412943 -0.9353104 0.1148978 0.3346539 -0.9353064 0.1148979 0.3346647 -0.9353104 0.1148978 0.3346536 -0.8713729 0.1072952 0.4787453 -0.8847329 0.1077459 0.4534738 -0.8710316 0.1072829 0.4793688 -0.768219 0.09385353 0.6332702 -0.8093637 0.09582912 0.579437 -0.7671398 0.09379839 0.6345852 -0.6678333 0.07931935 0.7400724 -0.7291628 0.08241236 0.67936 -0.6661872 0.07923185 0.7415639 -0.5773468 0.06545317 0.8138714 -0.6490208 0.06885302 0.7576485 -0.5753754 0.06535536 0.8152742 -0.4972456 0.05290734 0.8659952 -0.5709188 0.05597603 0.8190961 -0.4951708 0.05281746 0.8671888 -0.4256093 0.04185014 0.9039388 -0.4954741 0.04425877 0.8674945 -0.4236017 0.0417785 0.9048846 -0.3600176 0.03225493 0.9323878 -0.4220468 0.03391903 0.9059394 -0.3582092 0.03220492 0.9330858 -0.297834 0.02401876 0.9543155 -0.3495607 0.02502059 0.9365796 -0.2963147 0.02398854 0.9547891 -0.2368057 0.01702821 0.9714078 -0.2767951 0.01753145 0.9607691 -0.2356315 0.01701307 0.9716936 -0.1745352 0.01113677 0.984588 -0.2022396 0.01132673 0.9792706 -0.1737283 0.0111311 0.9847307 -0.1086032 0.00617522 0.994066 -0.1243721 0.006213784 0.9922163 -0.1081511 0.006174087 0.9941154 -0.03459316 -0.003697276 0.9993947 -0.04170405 0.001920282 0.9991282 0.04418677 0.003623187 0.9990168 0.04698044 -0.001893401 0.998894 0.1392089 -0.005649924 0.9902469 0.1427156 -0.005643546 0.9897478 0.1391161 -0.005650103 0.99026 0.2424779 -0.009581625 0.9701097 0.2427496 -0.009581208 0.9700418 0.2424709 -0.009581625 0.9701114 0.3368169 -0.01329368 0.9414764 0.33682 -0.01329368 0.9414752 0.3368169 -0.01329368 0.9414764 0.427528 -0.01687383 0.9038446 0.4275271 -0.01687377 0.9038451 0.4275281 -0.01687383 0.9038447 0.5139557 -0.02028495 0.8575769 0.5139589 -0.02028495 0.8575749 0.5139556 -0.02028495 0.8575769 0.5955388 -0.02350473 0.8029826 0.5955423 -0.02350467 0.80298 0.5955387 -0.02350473 0.8029827 0.6713529 -0.02649676 0.7406641 0.6713456 -0.02649682 0.7406708 0.6713531 -0.02649676 0.7406638 0.7406194 -0.02923095 0.6712887 0.7406226 -0.02923095 0.6712852 0.7406194 -0.02923095 0.6712887 0.8028008 -0.03168493 0.5954048 0.8027969 -0.03168505 0.5954102 0.802801 -0.03168493 0.5954047 0.8572539 -0.03383439 0.5137811 0.8572539 -0.03383433 0.5137811 0.8572539 -0.03383439 0.5137812 0.9034094 -0.03565609 0.4272941 0.9034094 -0.03565609 0.4272941 0.9408916 -0.03713542 0.3366663 0.9408914 -0.03713536 0.3366665 0.9408916 -0.03713542 0.3366663 0.969321 -0.03825753 0.2428026 0.9693224 -0.03825718 0.2427974 0.969321 -0.03825753 0.2428027 0.9884248 -0.03901118 0.1466102 0.9884236 -0.03901141 0.1466189 0.9884249 -0.03901118 0.1466099 0.9980201 -0.0393902 0.04903507 0.9980204 -0.03938984 0.04902917 0.9980201 -0.0393902 0.04903525 0.9980205 -0.0393899 -0.04902583 0.9980203 -0.03939014 -0.04903179 0.9980202 -0.03939014 -0.04903197 0.9884237 -0.03901147 -0.1466186 0.9884248 -0.03901118 -0.1466101 0.9884249 -0.03901118 -0.1466099 0.9693223 -0.03825718 -0.242798 0.969321 -0.03825753 -0.2428028 0.9693209 -0.03825753 -0.2428029 0.9408914 -0.03713536 -0.3366665 0.9408916 -0.03713542 -0.3366663 0.9408916 -0.03713542 -0.3366663 0.9034094 -0.03565609 -0.4272941 0.9034094 -0.03565609 -0.4272941 0.857237 -0.03383368 -0.5138095 0.8572375 -0.03383374 -0.5138084 0.8028194 -0.03168594 -0.5953798 0.8028233 -0.03168582 -0.5953746 0.8028234 -0.03168582 -0.5953745 0.7406231 -0.02923089 -0.6712846 0.7406189 -0.02923101 -0.6712893 0.7406188 -0.02923101 -0.6712894 0.6713108 -0.02649551 -0.7407023 0.6713188 -0.02649533 -0.740695 0.671319 -0.02649533 -0.7406949 0.5955387 -0.02350455 -0.8029828 0.5955381 -0.02350449 -0.8029832 0.5140081 -0.02028673 -0.8575454 0.5140025 -0.02028679 -0.8575489 0.5140023 -0.02028679 -0.8575489 0.4274733 -0.01687163 -0.9038707 0.4274761 -0.01687163 -0.9038693 0.4274761 -0.01687163 -0.9038692 0.336879 -0.01329588 -0.9414542 0.3368806 -0.01329588 -0.9414535 0.3368806 -0.01329588 -0.9414536 0.2426313 -0.00957632 -0.9700713 0.2423537 -0.009576678 -0.9701408 0.2423465 -0.009576737 -0.9701425 0.1414855 -0.00559622 -0.9899246 0.1368497 -0.005604565 -0.990576 0.1367269 -0.005604803 -0.9905929 0.04409658 -0.001831233 -0.9990256 0.03841966 0.003433644 -0.9992558 -0.0459854 0.001930654 -0.9989403 -0.04300981 -0.003738164 -0.9990677 -0.1297764 0.006112515 -0.9915245 -0.1177597 0.006083488 -0.9930235 -0.117415 0.006082653 -0.9930644 -0.2083645 0.01106697 -0.9779886 -0.1849787 0.01090723 -0.982682 -0.1842968 0.01090246 -0.9828103 -0.283421 0.01707422 -0.9588437 -0.2479594 0.01662731 -0.9686277 -0.2469162 0.0166139 -0.9688945 -0.3562618 0.02433735 -0.9340693 -0.3092556 0.02342128 -0.9506905 -0.3078714 0.02339363 -0.9511404 -0.428492 0.03299266 -0.902943 -0.3712592 0.03144031 -0.9279969 -0.3695853 0.03139364 -0.9286663 -0.5013686 0.04308813 -0.8641603 -0.4361971 0.0408048 -0.8989255 -0.4343177 0.04073691 -0.8998382 -0.5759927 0.05458116 -0.8156307 -0.5066449 0.05162739 -0.8606077 -0.5046845 0.05154103 -0.861764 -0.6529337 0.06727212 -0.7544217 -0.585036 0.06394916 -0.8084821 -0.5831623 0.0638538 -0.8098423 -0.7318224 0.08072817 -0.6766971 -0.6732538 0.07763797 -0.7353243 -0.6716777 0.07755094 -0.7367734 -0.8107426 0.09416943 -0.5777791 -0.771121 0.09212344 -0.6299886 -0.7700808 0.09206688 -0.631268 -0.8851668 0.1063036 -0.4529673 -0.8721265 0.1057859 -0.4777079 -0.8717936 0.1057719 -0.4783181 -0.9354272 0.1137915 -0.3347053 -0.9354298 0.1137912 -0.334698 -0.9354298 0.1137912 -0.3346979 -0.9633252 0.1173576 -0.2413127 -0.9633243 0.1173579 -0.2413166 -0.9633242 0.1173579 -0.2413167 -0.9820531 0.1198077 -0.145664 -0.9820526 0.1198076 -0.1456668 -0.9820526 0.1198076 -0.1456668 -0.9914425 0.1211178 -0.04870855 -0.9914423 0.1211178 -0.04871004 -0.9914423 0.1211177 -0.04871004 3.08232e-5 1 5.90558e-6 3.09724e-5 1 0 3.09724e-5 1 0 3.03771e-5 1 3.20837e-5 3.08232e-5 1 -7.53677e-7 2.96386e-5 1 -4.03239e-6 3.03771e-5 1 1.37924e-6 1.38836e-5 1 -2.30245e-6 2.77481e-5 1 -2.01412e-5 0 1 1.2009e-5 1.2108e-5 1 -3.54444e-5 0 1 1.25531e-6 0 1 -8.02735e-6 0 1 -1.43134e-5 0 1 -2.0075e-5 0 1 4.60743e-6 0 1 6.09273e-6 0 1 6.09293e-6 0 1 1.60546e-5 0 1 2.30376e-6 0 1 6.09253e-6 0 1 8.02712e-6 0 1 1.2746e-6 0 1 -4.88343e-6 0 1 -8.02727e-6 0 1 5.01842e-6 0 1 -4.88337e-6 0 1 -3.57797e-6 0 1 5.01836e-6 0 1 6.09281e-6 0 1 0 0 1 7.1568e-6 0 1 0 0 1 -1.20089e-5 0 1 6.09258e-6 0 1 1.25555e-6 0 1 8.02718e-6 0 1 2.30372e-6 0 1 -2.00734e-5 0 1 -1.20098e-5 0 1 1.41201e-5 0 1 1.25536e-6 0 1 8.02725e-6 0 1 3.4556e-6 0 1 -2.0075e-5 0 1 -1.30089e-5 0 1 1.20408e-5 0 1 -4.60741e-6 0 1 -1.21854e-5 0 1 4.01371e-6 0 1 1.15185e-6 0 1 2.04291e-6 0 1 -1.46001e-5 0 1 0 0 1 1.46016e-5 0 1 0 0 1 -1.15186e-6 0 1 -2.04284e-6 0 1 1.43132e-5 0 1 -4.01371e-6 0 1 1.79127e-6 0 1 -3.45557e-6 0 1 2.0074e-5 0 1 -1.2555e-6 0 1 -1.20406e-5 0 1 1.20099e-5 0 1 2.00746e-5 0 1 -6.09274e-6 0 1 -8.02715e-6 0 1 -8.02749e-6 0 1 -2.30372e-6 0 1 -1.21856e-5 0 1 -2.30374e-6 0 1 3.67399e-6 0 1 -8.02704e-6 0 1 -4.85268e-6 0 1 -1.00372e-5 0 1 8.02747e-6 0 1 8.02756e-6 0 1 -4.85276e-6 0 1 3.6741e-6 0 1 -1.00372e-5 0 1 -6.09297e-6 0 1 1.77707e-5 2.00819e-5 1 1.43132e-5 2.55719e-5 1 -3.19037e-6 2.19012e-5 1 -1.09305e-5 4.41044e-5 1 0 2.39419e-5 1 -2.35286e-5 2.19008e-5 1 -2.00745e-5 2.57524e-5 1 -2.43713e-5 2.39421e-5 1 -3.21098e-5 2.73149e-5 1 -1.66162e-5 2.57526e-5 1 0 2.86148e-5 1 -1.28642e-5 2.73149e-5 1 -8.02704e-6 2.86147e-5 1 -8.06447e-6 2.96389e-5 1 -7.27577e-6 2.96388e-5 1 4.03413e-6 3.03773e-5 1 -1.37916e-6 3.03772e-5 1 -3.20822e-5 3.08232e-5 1 7.53643e-7 3.08232e-5 1 -5.90415e-6 -4.4171e-7 1 1.48947e-5 1.07674e-6 1 -4.28178e-6 -1.51504e-6 1 -1.92208e-6 -0.9039885 0 -0.4275569 -0.9039881 0 -0.4275578 -0.9039885 0 -0.4275569 0.5141068 2.07607e-6 0.8577262 0.5141061 2.05825e-6 0.8577266 0.5141068 2.07643e-6 0.8577263 0.9987952 0 -0.04907435 0.9987953 0 -0.04907053 0.9987952 0 -0.04907441 -0.8577165 0 -0.5141232 -0.8577157 0 -0.5141246 0.4275094 0 0.9040109 0.4275723 2.16185e-6 0.9039812 0.4275082 0 0.9040115 -0.8032041 0 -0.595704 -0.8032305 -1.39319e-6 -0.5956685 -0.803231 -1.4209e-6 -0.5956677 0.336941 2.2022e-6 0.9415259 0.3368728 0 0.9415503 0.3369423 2.246e-6 0.9415254 -0.7409589 -1.58775e-6 -0.6715503 -0.7409232 0 -0.6715899 -0.7409225 0 -0.6715906 0.2429189 0 0.9700467 0.2429894 2.30604e-6 0.970029 0.2429174 0 0.9700469 -0.6715823 0 -0.74093 -0.6715808 0 -0.7409314 0.1467422 0 0.9891748 0.1467422 0 0.9891749 -0.5956792 0 -0.8032225 -0.5956775 0 -0.8032237 -0.5956792 0 -0.8032224 0.04907137 0 0.9987953 0.04907137 0 0.9987953 -0.5141067 0 -0.8577262 -0.5141061 0 -0.8577266 -0.5141068 0 -0.8577263 -0.0490719 0 0.9987953 -0.04907172 0 0.9987953 -0.0490719 0 0.9987953 -0.4275862 0 -0.9039746 -0.427585 0 -0.9039753 -0.4275862 0 -0.9039746 -0.1467422 0 0.9891748 -0.1467422 0 0.9891749 -0.336865 0 -0.9415529 -0.3368663 0 -0.9415526 -0.336865 0 -0.9415531 -0.2429167 2.29309e-6 0.9700472 -0.2429872 0 0.9700296 -0.2429152 2.3387e-6 0.9700475 -0.242989 0 -0.9700291 -0.2429886 0 -0.9700292 -0.336938 2.22287e-6 0.941527 -0.3368693 0 0.9415515 -0.3368679 0 0.9415519 -0.1467422 0 -0.9891748 -0.1467422 0 -0.9891749 -0.4275185 0 0.9040066 -0.4275808 2.16189e-6 0.9039773 -0.427582 2.20489e-6 0.9039766 -0.04907339 0 -0.9987953 -0.04907178 0 -0.9987953 -0.04907345 0 -0.9987952 -0.5141068 2.04973e-6 0.8577262 -0.5141061 2.10575e-6 0.8577266 -0.5141061 2.10688e-6 0.8577267 0.04907286 0 -0.9987953 0.04907119 0 -0.9987954 0.04907119 0 -0.9987953 -0.5957288 1.92211e-6 0.8031857 -0.5956785 0 0.803223 -0.5956775 0 0.8032238 0.1467422 0 -0.9891749 0.1467419 0 -0.9891749 -0.6715401 0 0.7409682 -0.67158 1.77751e-6 0.7409321 -0.6715808 1.81287e-6 0.7409314 0.2429908 0 -0.9700286 0.2429909 0 -0.9700286 -0.7409586 1.60194e-6 0.6715508 -0.7409232 0 0.6715899 -0.7409225 0 0.6715906 0.3368663 0 -0.9415525 0.3368663 0 -0.9415525 -0.8032041 0 0.595704 -0.8032307 1.44123e-6 0.5956681 -0.8032313 1.4699e-6 0.5956674 0.4275796 0 -0.9039778 0.4275814 0 -0.9039769 0.4275795 0 -0.9039778 -0.8577368 1.20376e-6 0.5140892 -0.8577162 0 0.5141236 -0.8577157 0 0.5141242 0.9987953 0 0.04907059 0.9987952 0 0.04907423 0.9987953 0 0.04907053 0.5141103 0 -0.8577242 0.5141121 0 -0.8577231 0.5141102 0 -0.8577242 -0.9039885 0 0.4275569 -0.9039881 0 0.4275578 -0.9039885 0 0.4275569 0.9891751 3.53483e-7 0.1467405 0.9891751 3.91212e-7 0.1467405 0.9891751 3.52718e-7 0.1467405 0.5956785 0 -0.8032231 0.5956782 0 -0.8032232 -0.9415443 0 0.3368895 -0.9415442 0 0.3368899 -0.9415442 0 0.3368895 0.9700334 0 0.2429721 0.9700377 3.84328e-7 0.2429546 0.9700332 0 0.2429725 0.671576 -1.78165e-6 -0.7409357 0.6715339 0 -0.7409738 0.6715769 -1.81709e-6 -0.7409349 -0.970031 0 0.2429815 -0.9700355 6.72572e-7 0.2429636 -0.9700355 6.85949e-7 0.2429633 0.941541 0 0.3368986 0.9415412 0 0.3368981 0.9415409 0 0.3368986 0.7409293 0 -0.6715831 0.7409625 -1.53732e-6 -0.6715464 0.7409287 0 -0.6715838 -0.9891765 3.185e-7 0.146731 -0.9891748 0 0.1467422 -0.9891748 0 0.1467424 0.9039884 0 0.4275572 0.9039883 0 0.4275573 0.9039884 0 0.4275572 0.8032267 0 -0.5956735 0.8032264 0 -0.595674 -0.9987953 0 0.04907047 -0.9987953 0 0.04907059 -0.9987954 0 0.04907047 0.8577409 1.23106e-6 0.5140823 0.8577207 0 0.5141161 0.8577412 1.25554e-6 0.5140816 0.8577206 0 -0.5141161 0.8577206 0 -0.5141164 0.8577206 0 -0.5141162 -0.9987952 0 -0.04907429 -0.9987953 0 -0.04907065 -0.9987953 0 -0.04907059 0.8031995 0 0.5957101 0.8032258 1.44123e-6 0.5956747 0.803199 0 0.5957108 0.9039882 0 -0.4275575 0.9039885 0 -0.4275569 -0.9891765 -3.78435e-7 -0.146731 -0.9891749 0 -0.1467422 -0.9891747 0 -0.1467425 0.7409636 1.58121e-6 0.6715452 0.7409279 0 0.6715846 0.7409644 1.61266e-6 0.6715444 0.941541 0 -0.3368986 0.9415412 0 -0.3368979 0.9415409 0 -0.3368986 -0.9700355 0 -0.2429632 -0.9700356 0 -0.2429631 -0.9700355 0 -0.2429633 0.6715347 0 0.7409732 0.6715761 1.82554e-6 0.7409357 0.6715338 0 0.7409739 0.9700378 -4.22822e-7 -0.2429542 0.9700332 0 -0.2429725 0.9700379 -4.31231e-7 -0.2429538 -0.9415443 0 -0.3368895 -0.9415441 0 -0.3368897 -0.9415442 0 -0.3368895 0.5957333 1.90138e-6 0.8031824 0.5956837 0 0.8032191 0.5957343 1.93919e-6 0.8031815 -0.04740941 0.9433868 0.3282891 -0.04670512 0.9434881 0.3280991 -0.04260039 0.9436964 0.3280586 0 0 1 0.04461514 0.002160966 0.9990019 0.03372198 0.001816511 0.9994297 -0.08165812 -0.002644896 -0.9966569 -0.08189636 -0.002335667 -0.9966382 -0.08300209 -9.0008e-4 -0.996549 -1 0 0 -1 -1.31914e-7 2.44379e-7 -1 -1.63849e-7 4.71996e-7 0 -0.994547 -0.1042894 0 -0.9945469 -0.1042906 0 -0.9945471 -0.1042889 0 -0.9919211 -0.1268566 0 -0.9919213 -0.1268554 0 -0.9919211 -0.1268568 -0.9881348 0 0.1535894 -0.9881349 0 0.1535893 -0.9881348 0 0.1535892 1 1.6309e-7 -2.34906e-7 1 0 -2.44379e-7 1 0 -2.44379e-7 0 0.9925814 0.1215823 0 0.9925818 0.1215794 0 0.9925819 0.1215782 -0.9990156 -0.03721708 -0.02414256 -0.9996048 -0.01008296 -0.02624183 -0.9985981 -0.04750823 -0.02334111 0.01506316 -0.9481238 -0.3175444 0.001412868 -0.9482009 -0.3176686 0 -0.9482209 -0.3176119 0.9881349 1.61544e-7 -0.153589 0.9881348 1.62021e-7 -0.1535891 0.9881349 1.60851e-7 -0.1535888 0 0.9896037 0.1438218 0 0.9896036 0.1438223 0 0.9896036 0.1438224 0.01704174 -0.9476884 -0.3187422 0.04575681 -0.9468319 -0.3184583 -0.9979785 -0.04775547 -0.04193246 -0.9983875 -0.05041807 -0.02608609 -0.9984156 -0.05069774 -0.02441668 0.999017 0.0371986 0.02411454 0.9996036 0.01010066 0.02627831 0.9996333 0 0.02707976 -0.001385748 0.9445481 0.3283701 0 0.9445598 0.3283395 0.9990428 0.01131343 0.04225724 0.99951 0.0145446 0.02771753 0.9989544 0.01083266 0.04441893 0.235005 0.9160509 0.3249977 0.234774 0.9156021 0.3264262 0.234746 0.9155478 0.3265985 0.08209705 0.002646207 0.9966208 -0.02703917 -0.9478588 -0.3175417 -0.04670417 0.9434934 -0.3280838 -0.04755246 0.9433843 -0.3282757 -0.04240828 0.9437056 -0.3280571 0.04461431 0.002161085 -0.999002 -1.43797e-6 0 -1 0.03367394 0.001815617 -0.9994313 -0.08165854 -0.002644896 0.9966569 -0.08189678 -0.002335667 0.9966381 -0.08073699 -0.003841042 0.9967281 -1 0 3.97712e-7 -1 0 2.44379e-7 0 -0.994547 0.10429 0 -0.9945473 0.1042871 0 -0.9945468 0.1042912 0 -0.9919212 0.1268565 0 -0.9919212 0.1268556 0 -0.9919213 0.1268554 -0.9881349 0 -0.1535884 -0.988135 0 -0.1535882 -0.988135 -1.60851e-7 -0.1535885 1 0 -2.53852e-7 0 0.9925814 -0.1215819 0 0.9925814 -0.121583 0 0.9925813 -0.1215835 -0.9990156 -0.0372169 0.02414333 -0.9996048 -0.0100829 0.02624261 -0.9996351 0 0.02701759 0.01510822 -0.9481223 0.317547 0.001412749 -0.9482005 0.3176698 0.04575711 -0.9468306 0.3184622 0.988135 2.03622e-7 0.1535881 0.988135 1.20615e-7 0.1535879 0.988135 0 0.1535879 0 0.9896036 -0.143822 0 0.9896032 -0.1438247 0 0.9896036 -0.1438217 0.01704651 -0.9476877 0.3187436 0.04808217 -0.9465156 0.3190555 -0.9979785 -0.04775542 0.04193395 -0.9983875 -0.05041813 0.02608716 -0.9979207 -0.04747593 0.04359239 0.9996036 0.01010078 -0.02627909 0.9990169 0.0371986 -0.02411538 0.9996333 1.87211e-7 -0.02708047 -0.001385748 0.9445482 -0.3283702 0 0.9445598 -0.3283395 0.99951 0.01454454 -0.02771759 0.9990428 0.01131308 -0.04225862 0.9989542 0.01083225 -0.04442054 0.2350038 0.9160543 -0.324989 0.2347718 0.9156044 -0.3264213 0.235032 0.9161089 -0.3248147 0.08209639 0.002646207 -0.9966209 -0.02703893 -0.9478561 0.3175498 0.018265 0.1308198 -0.9912379 0.03677761 0.1307453 -0.9907336 0.0165559 0.1308244 -0.9912673 -0.1120334 0.9899407 0.08640629 -0.1120319 0.9899408 0.08640611 -0.1120336 0.9899407 0.08640635 -0.03998559 -0.1307248 0.990612 -0.03998112 -0.1307252 0.9906122 -0.03998601 -0.1307247 0.990612 0.1135917 -0.9865971 -0.1171457 0.1135576 -0.9866003 -0.1171519 0.1135947 -0.9865968 -0.1171451 0.9872422 0.1091895 0.115891 0.9865158 0.1116114 0.1197058 0.9839286 0.1197185 0.1324844 -0.9928493 -0.1080799 -0.05068743 -0.9928493 -0.1080799 -0.05068743 -0.9928493 -0.10808 -0.05068743 -0.9841814 -0.09445095 -0.1498867 -0.9841814 -0.09445118 -0.1498867 -0.9841814 -0.09445089 -0.1498867 0.9659301 0.256806 0.03209304 0.9532064 0.2966527 0.05826437 0.9730286 0.2302091 0.01480597 0.1136937 -0.9855614 -0.1254691 0.1136831 -0.9855625 -0.1254702 0.1136812 -0.9855628 -0.1254702 -0.1133443 0.9866236 0.1171621 -0.1133232 0.9866262 0.1171613 -0.1133224 0.9866262 0.1171613 0.1136876 -0.9855623 -0.1254679 0.1136955 -0.9855614 -0.1254675 0.1136962 -0.9855613 -0.1254674 -0.9684767 -0.08176565 -0.2353028 -0.9684767 -0.081766 -0.2353026 -0.9684767 -0.08176636 -0.2353025 0.9371304 0.2463064 0.2472242 0.9565992 0.2023469 0.2096991 0.9053325 0.3041707 0.2964007 -0.1136817 0.9855626 0.1254703 -0.1136818 0.9855625 0.1254717 -0.1136813 0.9855627 0.1254704 -0.1136628 0.9855644 0.1254737 -0.113662 0.9855645 0.1254738 0.9341478 0.3165112 0.1648895 0.9317645 0.3212372 0.1691798 0.9376763 0.309323 0.1583749 0.1136947 -0.9855613 -0.1254688 -0.9841815 -0.09445083 -0.1498866 -0.9841815 -0.09445077 -0.1498864 -0.9895321 -0.1010316 -0.1030492 -0.9895319 -0.1010316 -0.1030492 -0.989532 -0.1010315 -0.1030491 0.1120622 -0.9899371 -0.0864098 0.1122984 -0.9899097 -0.08641737 0.1123236 -0.9899067 -0.08641821 0.9617603 0.1089946 0.2512716 0.9575826 0.1142656 0.2645353 0.9532594 0.1194343 0.2775464 -0.1136826 0.9855625 0.1254713 -0.1136943 0.9855619 0.1254649 0.03677749 0.1307454 0.9907336 0.01826816 0.1308203 0.9912378 0.01655942 0.130825 0.9912673 -0.1120226 0.9899412 -0.08641362 -0.1120314 0.9899408 -0.086407 -0.1120322 0.9899408 -0.08640629 -0.03997963 -0.1307243 -0.9906123 -0.03999507 -0.1307235 -0.9906118 -0.03997832 -0.1307244 -0.9906124 0.1135385 -0.9866023 0.1171537 0.113601 -0.9865962 0.1171447 0.1136063 -0.9865956 0.1171439 0.987242 0.1091899 -0.115892 0.9865157 0.1116117 -0.1197066 0.9895319 0.1010317 -0.1030505 -0.9928491 -0.1080805 0.05068838 -0.9928491 -0.1080804 0.05068838 -0.9928491 -0.1080806 0.05068838 -0.9841813 -0.09445136 0.1498873 -0.9841814 -0.09445154 0.1498872 -0.9841813 -0.09445118 0.1498873 0.9659301 0.2568055 -0.03209316 0.9532067 0.2966521 -0.05826437 0.9437015 0.3221414 -0.07518368 0.1136878 -0.9855619 0.1254706 0.1136923 -0.9855614 0.1254702 0.1136873 -0.985562 0.1254706 -0.1133462 0.9866232 -0.1171647 -0.1133666 0.9866215 -0.1171585 -0.1133454 0.9866232 -0.1171649 0.1136948 -0.9855607 0.1254739 0.1136891 -0.9855614 0.1254729 0.1136959 -0.9855607 0.1254732 -0.9684767 -0.08176529 0.2353029 -0.9684768 -0.08176559 0.2353021 -0.9684765 -0.08176499 0.2353036 0.9371303 0.2463056 -0.2472252 0.9565991 0.2023465 -0.2097003 0.9780151 0.1390348 -0.1554213 -0.1137046 0.9855603 -0.1254684 -0.1137075 0.9855601 -0.1254673 -0.1137076 0.9855601 -0.1254672 -0.1137065 0.9855598 -0.1254697 -0.1137065 0.9855598 -0.1254699 0.9341479 0.3165106 -0.1648905 0.9317645 0.3212365 -0.1691806 0.9280923 0.328328 -0.1756289 0.1136885 -0.9855617 0.1254722 -0.9841814 -0.09445112 0.149887 -0.9841815 -0.09445095 0.1498869 -0.9895321 -0.1010316 0.1030493 -0.9895319 -0.1010316 0.1030493 -0.9895319 -0.101032 0.1030495 0.1120643 -0.9899369 0.08640933 0.1123076 -0.989909 0.08641314 0.1120336 -0.9899405 0.08640879 0.9617602 0.1089946 -0.2512722 0.9575825 0.1142656 -0.2645359 0.9656988 0.1037355 -0.2380435 -0.1136961 0.9855609 -0.1254707 -0.113704 0.9855603 -0.1254688 0.03154605 0.1285601 -0.9911999 0.03154587 0.12856 -0.9912 0.03154611 0.1285602 -0.9911999 -0.09027314 0.9905022 0.1037119 -0.09035319 0.990494 0.1037213 -0.09026706 0.9905028 0.1037112 -1.21836e-5 -0.1257823 0.9920579 -1.79106e-5 -0.1257812 0.992058 -1.19259e-5 -0.1257823 0.9920579 0.08995288 -0.9906508 -0.1025656 0.08965843 -0.9906805 -0.1025353 0.08961707 -0.9906848 -0.102531 0.9831695 0.06844526 0.1693907 0.9831694 0.06844514 0.1693906 0.9831695 0.06844502 0.1693904 -0.9940585 -0.08181512 -0.07179254 -0.9940585 -0.08181518 -0.07179254 -0.9940584 -0.08181518 -0.07179254 -0.9866535 -0.07170426 -0.1461962 -0.9866536 -0.07170432 -0.1461964 -0.9866535 -0.07170432 -0.1461966 0.992244 0.07853496 0.09635412 0.9922441 0.07853496 0.09635418 0.992244 0.07853502 0.09635406 0.09035813 -0.9879999 -0.1252666 0.09037595 -0.9879982 -0.1252667 0.09037572 -0.9879983 -0.1252667 -0.09036231 0.9879994 0.1252667 -0.09036028 0.9879994 0.1252685 -0.09036254 0.9879996 0.1252663 -0.08965855 0.9906808 0.1025335 -0.08995264 0.9906505 0.1025674 -0.08961719 0.990685 0.1025287 0.9959086 0.08975386 0.01051414 0.9959086 0.08975386 0.01051414 0.9959086 0.08975392 0.01051408 -0.9957395 -0.08731007 -0.02966284 -0.9957395 -0.08731019 -0.02966284 -0.9957396 -0.08730971 -0.0296629 0.09036397 -0.9879993 -0.125267 0.09036254 -0.9879994 -0.125267 0.09035962 -0.9880002 -0.1252633 0.0903576 -0.9879999 -0.1252661 -0.9908452 -0.07652217 -0.1112221 -0.9908451 -0.07652223 -0.1112221 -0.9908452 -0.07652205 -0.111222 0.9867568 0.07180845 0.1454465 0.9867568 0.07180851 0.1454465 0.9867568 0.07180857 0.1454466 -0.09035998 0.9879995 0.1252687 -0.09035736 0.9880002 0.1252644 -0.9957935 -0.0877217 -0.02646172 -0.9957935 -0.0877217 -0.0264616 -0.9957936 -0.08772158 -0.02646183 0.09035354 -0.9904939 -0.1037212 0.09025913 -0.9905036 -0.1037113 0.09025198 -0.9905043 -0.1037105 0.9770492 0.06358528 0.203302 0.9770494 0.06358516 0.2033016 0.9770494 0.06358498 0.2033013 -0.09035885 0.9880001 0.1252644 -0.09037065 0.987999 0.1252652 0.03154575 0.1285602 0.9911999 0.03154641 0.1285597 0.9912 0.03154647 0.1285596 0.9911999 -0.09035408 0.990494 -0.1037202 -0.09027308 0.9905021 -0.1037141 -0.09026694 0.9905026 -0.1037136 3.38236e-5 -0.1257785 -0.9920583 -9.59913e-6 -0.1257841 -0.9920578 -1.15532e-5 -0.1257843 -0.9920576 0.08995616 -0.9906502 0.1025678 0.08965373 -0.990681 0.1025356 0.08998507 -0.9906472 0.1025709 0.9831693 0.06844484 -0.1693918 0.9831692 0.06844484 -0.1693918 0.9831693 0.06844484 -0.1693916 -0.9940584 -0.08181542 0.07179301 -0.9940584 -0.08181542 0.07179307 -0.9940584 -0.08181542 0.07179296 -0.9866534 -0.0717048 0.1461969 -0.9866534 -0.07170492 0.1461969 -0.9866534 -0.07170462 0.1461969 0.992244 0.07853525 -0.09635442 0.9922441 0.07853519 -0.0963543 0.992244 0.07853513 -0.096354 0.09035718 -0.9879994 0.1252708 0.09035605 -0.988 0.1252667 0.09035748 -0.9879994 0.1252707 -0.09037697 0.9879983 -0.1252659 -0.09036433 0.9879994 -0.1252658 -0.09036284 0.9879996 -0.1252655 -0.08995306 0.9906504 -0.1025685 -0.08965837 0.9906808 -0.1025336 -0.08961695 0.9906851 -0.1025287 0.9959084 0.0897541 -0.01051503 0.9959085 0.08975416 -0.01051509 0.9959085 0.08975422 -0.01051515 -0.9957394 -0.08731114 0.0296638 -0.9957394 -0.08731096 0.0296638 -0.9957394 -0.08731138 0.02966392 0.09035676 -0.9879999 0.1252669 0.09036564 -0.987999 0.1252686 0.09035921 -0.9879996 0.1252687 0.09035968 -0.9879997 0.1252663 -0.9908451 -0.0765224 0.111223 -0.990845 -0.07652246 0.1112231 -0.990845 -0.07652246 0.1112232 0.9867567 0.07180869 -0.1454467 0.9867568 0.07180869 -0.1454466 0.9867568 0.07180863 -0.1454465 -0.09037375 0.9879983 -0.1252674 -0.09037786 0.9879982 -0.1252658 -0.9957935 -0.08772176 0.0264616 -0.9957935 -0.08772158 0.02646148 -0.9957936 -0.08772134 0.02646124 0.09034973 -0.9904943 0.1037209 0.09025847 -0.990503 0.1037179 0.09036558 -0.9904929 0.1037214 0.9770489 0.06358557 -0.2033037 0.9770491 0.06358528 -0.2033031 0.9770488 0.06358587 -0.2033042 -0.09037494 0.9879986 -0.1252642 -0.09037369 0.9879984 -0.1252672 -0.2817478 -0.1515903 0.9474379 -0.2817475 -0.1515901 0.9474381 -0.281748 -0.1515905 0.9474378 0.1101284 -0.9860247 -0.1250084 0.1101377 -0.9860233 -0.1250122 0.1101407 -0.9860229 -0.1250115 -0.9898602 -0.0974465 -0.1033484 -0.9898602 -0.09744656 -0.1033482 -0.9898602 -0.09744644 -0.1033492 -0.1119558 0.991193 0.0707283 -0.09765684 0.9924453 0.07426655 -0.09511601 0.992645 0.07489305 0.9917862 0.1172469 -0.05112075 0.9917862 0.1172468 -0.05112099 0.9917863 0.117247 -0.05112057 -0.9937977 -0.1072766 -0.02929061 -0.9937977 -0.1072766 -0.02929067 -0.9937977 -0.1072768 -0.02929091 -0.991612 -0.1004307 -0.08136022 -0.991612 -0.1004303 -0.08136034 -0.991612 -0.10043 -0.08136045 0.9842814 0.1256605 -0.1240953 0.9842814 0.1256608 -0.1240953 0.9842815 0.1256601 -0.1240953 -0.1101286 0.9860238 0.1250155 -0.1101353 0.9860222 0.1250225 -0.1101264 0.9860244 0.1250125 0.0976541 -0.992446 -0.07426232 0.111943 -0.9911943 -0.07073116 0.09511512 -0.9926455 -0.07488751 -0.1101295 0.9860239 0.1250138 -0.1101424 0.9860222 0.1250156 -0.1101287 0.986024 0.1250137 0.1101392 -0.9860223 -0.125018 0.1101371 -0.9860225 -0.1250178 0.9935243 0.1056628 0.04177433 0.9935241 0.1056628 0.04177439 0.9935241 0.1056631 0.04177463 -0.9932949 -0.104725 -0.04897075 -0.9932949 -0.104725 -0.04897069 -0.9932949 -0.1047244 -0.04897081 0.9906567 0.09870702 0.09410798 0.9906567 0.09870707 0.09410804 0.9906566 0.09870761 0.09410858 -0.9888913 -0.09606015 -0.1134307 -0.9888913 -0.09606015 -0.1134307 -0.9888913 -0.09606015 -0.1134309 0.1100997 -0.986027 -0.1250162 0.1100953 -0.9860274 -0.1250159 -0.1099159 0.9918144 0.06498384 -0.1099227 0.9918653 0.06419014 -0.1099172 0.9918116 0.06502372 0.1099032 -0.9768044 -0.1837784 0.1099413 -0.9770036 -0.1826933 0.109943 -0.9770138 -0.1826379 -0.109947 0.9917565 0.06580811 -0.1099491 0.9917563 0.06580805 0.9937362 0.1068204 0.03282964 0.9937362 0.1068204 0.03282958 0.9937362 0.106821 0.03282922 3.29e-6 0.1257792 -0.9920583 3.47361e-5 0.1257871 -0.9920573 3.8026e-5 0.125788 -0.9920572 0.9930327 0.1038427 0.05570423 0.9930329 0.1038411 0.05570369 0.9930326 0.1038429 0.05570429 -0.9922252 -0.1017227 -0.07170593 -0.9922252 -0.1017236 -0.07170593 -0.9922251 -0.1017237 -0.07170599 0.1099421 -0.9772199 -0.1815326 0.1099419 -0.97722 -0.1815325 -0.281747 -0.1515898 -0.9474383 -0.2817471 -0.1515898 -0.9474382 -0.2817472 -0.1515899 -0.9474381 0.1101279 -0.9860242 0.1250132 0.1101373 -0.9860229 0.1250141 0.1101235 -0.9860246 0.1250142 -0.9898602 -0.09744685 0.1033488 -0.9898601 -0.09744685 0.1033487 -0.9898602 -0.09744679 0.1033489 -0.111943 0.9911943 -0.07073038 -0.0976541 0.9924458 -0.07426375 -0.1170333 0.9906956 -0.06946647 0.9917862 0.1172476 0.05111956 0.9917863 0.1172476 0.05111974 0.9917862 0.1172476 0.05111938 -0.9937977 -0.107276 0.02929091 -0.9937977 -0.1072762 0.02929091 -0.9937978 -0.1072759 0.02929097 -0.991612 -0.1004303 0.08136111 -0.991612 -0.1004303 0.08136051 -0.991612 -0.1004302 0.08136159 0.9842814 0.125661 0.1240947 0.9842815 0.1256613 0.1240943 0.9842815 0.1256616 0.1240937 -0.1101174 0.9860248 -0.1250177 -0.1101078 0.9860261 -0.1250157 -0.1101056 0.9860263 -0.1250156 0.1119426 -0.9911944 0.07072913 0.0976541 -0.9924458 0.07426363 0.09511512 -0.9926453 0.07488942 -0.1101421 0.986022 -0.1250175 -0.1101295 0.9860235 -0.1250166 -0.1101273 0.9860239 -0.1250164 0.1101387 -0.9860229 0.1250134 0.1100991 -0.9860268 0.1250175 0.9935241 0.105663 -0.04177463 0.9935241 0.1056632 -0.04177474 0.9935241 0.1056637 -0.04177516 -0.9932948 -0.1047253 0.04897099 -0.9932948 -0.1047253 0.04897093 -0.9932947 -0.1047258 0.04897153 0.9906567 0.09870636 -0.09410876 0.9906567 0.09870642 -0.09410881 0.9906566 0.09870648 -0.09410905 -0.9888912 -0.09606039 0.1134319 -0.9888911 -0.09606033 0.1134319 -0.9888913 -0.09605979 0.1134321 0.1100965 -0.986027 0.125018 0.1100963 -0.9860258 0.1250278 -0.1099162 0.9918661 -0.06418895 -0.1099162 0.9918143 -0.06498366 -0.1099175 0.9918115 -0.0650236 0.1099042 -0.976804 0.1837795 0.1100629 -0.9771825 0.1816607 0.1099019 -0.9768044 0.1837792 -0.1099468 0.9917566 -0.06580781 -0.1099488 0.9917564 -0.06580787 0.9937362 0.1068204 -0.03283017 0.9937363 0.1068202 -0.03283011 0.9937363 0.1068194 -0.03282958 -4.38801e-5 0.1257769 0.9920586 -3.25241e-5 0.1257764 0.9920586 -3.1336e-5 0.1257764 0.9920586 0.9930325 0.1038433 -0.05570453 0.9930326 0.1038424 -0.05570465 0.9930326 0.1038423 -0.05570465 -0.9922252 -0.1017226 0.07170629 -0.9922252 -0.1017223 0.07170653 -0.9922252 -0.1017227 0.07170623 0.1099426 -0.9770141 0.182637 0.1099415 -0.9772203 0.1815305 0.04703366 0 -0.9988933 0.04703366 0 -0.9988933 0.0470336 0 -0.9988933 0.0527817 -0.01448237 -0.9985011 0.04224884 0.01319557 -0.99902 0.03847306 0.02309095 -0.9989929 -0.8327944 -2.98787e-7 0.5535825 -0.8327944 -2.55091e-7 0.5535824 -0.8327945 -4.61416e-7 0.5535823 1.59679e-6 1 -5.5448e-6 1.63019e-6 1 -3.15508e-6 1.54143e-6 1 2.00333e-5 -1.37343e-6 1.58843e-6 -1 -1.89665e-6 1.16517e-6 -1 -0.9710761 0 -0.2387706 -0.9710772 1.3802e-7 -0.2387657 -0.9710764 0 -0.2387692 -0.9710748 1.77158e-7 -0.2387754 -0.9710755 0 -0.2387725 0.8748967 0 -0.4843097 0.8748956 0 -0.4843116 0.8748966 0 -0.4843098 1.52306e-6 1 -4.98403e-6 1.52652e-6 1 3.3536e-5 -7.98395e-7 -1 -3.86093e-7 -8.15097e-7 -1 4.39924e-6 -9.02841e-7 -1 -3.68081e-6 -0.05865913 -0.004106163 0.9982696 -0.05580306 0.00297147 0.9984374 -0.05866014 -0.004105031 0.9982697 -0.1749566 -0.0551185 0.9830322 -0.1751538 -0.02997517 0.9840847 -0.1751771 -0.02465522 0.9842282 0.8748992 1.8701e-7 -0.4843052 0.8748948 2.21786e-7 -0.4843132 -7.70713e-7 -1 0 -7.61529e-7 -1 9.92958e-6 0.05689966 0.007999897 -0.9983479 0.05690389 -0.009753227 -0.9983321 0.05689924 0.009755074 -0.9983323 0.05690264 0.0179246 -0.9982189 0.07314884 -0.02715808 -0.9969512 0.06978547 -0.03411471 -0.9969786 0.07487303 -0.02358782 -0.9969141 -0.17515 0.02997547 0.9840853 -0.1749564 0.05511862 0.9830322 -0.1751763 0.02465498 0.9842283 -0.05545699 -0.01097685 0.9984008 -0.0529316 -0.00140202 0.9985972 0 -1 -8.46889e-6 1.25694e-7 -1 -1.96808e-6 0 -1 1.54414e-5 0.06939715 0 -0.9975891 0.06939715 0 -0.9975891 0.06939703 0 -0.9975891 -5.77678e-7 1 4.78582e-5 -2.7372e-6 1 3.0115e-6 -8.30967e-7 1 5.79913e-5 -0.9498757 0.2992468 -0.09048533 -0.9838146 0.1527279 -0.0937184 -0.9842329 0.1499833 -0.09375834 -0.9842337 -0.1499786 -0.09375804 -0.9838141 -0.1527312 -0.09371829 0.9803769 -0.1488799 0.1292134 0.9798066 0.1526517 0.1291381 0.9798058 -0.1526564 0.1291381 -7.1615e-7 -1 3.72785e-5 0 -1 -5.11786e-7 -1.88673e-7 -1 -1.47612e-6 -3.07476e-6 1 4.25847e-5 -2.75067e-6 1 8.26712e-5 -5.5182e-6 1 5.21247e-5 2.86191e-6 1 2.11184e-5 0 -1 -1.96071e-6 0 -1 1.14023e-5 -3.68487e-6 1 7.13125e-6 -2.8896e-6 1 3.85677e-5 6.20599e-7 -1 -9.7248e-6 -0.05599868 0.01091629 0.9983712 -0.05282318 0.007426083 0.9985764 0.05685609 -0.01791203 -0.9982217 0.0569064 -0.007998645 -0.9983475 -0.05599826 -0.01091706 0.9983712 -0.949876 -0.2992461 -0.09048515 -0.9433181 0.2971831 -0.1477603 -0.9763859 0.1524896 -0.1530278 -0.9770543 0.1480379 -0.1531332 0.9463402 0.2981331 0.1247272 0.9803764 0.1488832 0.1292132 0.04224747 -0.01319897 -0.99902 0.05278122 0.01448106 -0.9985011 0.03847146 -0.02309495 -0.9989929 0.9463399 -0.298134 0.1247273 -0.9763872 -0.1524862 -0.1530234 -0.9770554 -0.1480359 -0.1531284 -0.05865991 0.004105031 0.9982697 -0.05865967 0.004105031 0.9982697 0.06978505 0.03411477 -0.9969786 0.07314866 0.02715826 -0.9969512 0.07487297 0.023588 -0.9969141 0.9430516 4.93027e-7 -0.3326464 0.9430518 1.77421e-7 -0.3326459 0.9430519 1.95904e-7 -0.332646 0.943051 4.62807e-7 -0.3326483 0.9430477 -4.15848e-7 -0.3326577 0.9430515 4.51065e-7 -0.3326468 0 0 1 0 -1 6.36905e-7 -4.42825e-7 -1 2.99358e-5 0 0 1 2.19411e-7 0 1 -8.64406e-7 7.80443e-7 -1 -1.12207e-6 -7.37011e-7 -1 -1.26681e-6 -1.46512e-6 -1 -2.68791e-6 -3.1087e-6 -1 -0.05865913 0 0.9982781 -0.05865967 0 0.998278 -0.02036517 -0.9378071 0.3465591 -0.02036517 -0.9378071 0.3465592 -0.0203647 -0.9378074 0.3465583 -0.02036303 0.9378048 0.3465655 -0.02036303 0.9378048 0.3465654 -0.02036345 0.9378049 0.3465649 0.9989347 1.87736e-7 0.0461474 0.9989348 2.05535e-7 0.04614734 0.9989346 0 0.04614758 -0.3107424 0.0529617 -0.9490175 -0.3096723 0.09756094 -0.945825 -0.3096708 0.0975607 -0.9458256 -0.3107433 -0.05296176 -0.9490172 -0.3108803 0.04388004 -0.9494357 -0.3096911 -0.09756439 -0.9458186 -0.3108803 -0.04388058 -0.9494357 -0.9433116 -0.2971749 -0.1478193 0.558876 0.4456739 0.6993086 0.6657405 0.2440679 -0.7051387 0.608758 0.3709645 -0.7012838 0.638228 0.3842123 0.6671177 0.7006597 0.1099394 -0.7049748 -0.7575035 -6.68362e-4 -0.6528309 -0.7086408 -0.04071593 0.7043937 -0.7073215 0.06971758 0.7034457 0.7108227 -1.96222e-5 -0.7033714 0.7386605 0.09040069 0.6679884 0.737924 -0.09061104 0.6687734 0.7005544 -0.2514754 0.6678201 0.701188 -0.109395 -0.7045341 -0.6588894 0.2061896 0.7234297 -0.5936496 0.4419112 -0.6725285 -0.6718711 0.3208267 -0.6675774 -0.6414827 0.3094928 0.701936 -0.4944379 0.5464277 -0.6759794 0.6093816 -0.3706262 -0.7009211 0.4414788 -0.5963819 0.6703919 0.5232788 -0.4817569 -0.7029151 -0.4305285 0.5451743 0.7193263 -0.2464039 0.6866416 -0.6839653 -0.3797293 0.6361613 -0.6716432 0.4260656 -0.579316 -0.694882 0.1789237 -0.7140499 0.6768448 0.3043324 -0.6470612 -0.6990663 -0.1877728 0.6739179 0.7145461 0.03269803 0.7211527 -0.6920042 -0.1072595 0.7263718 -0.678881 0.03422445 -0.7299391 -0.6826549 -0.2431533 -0.6823752 0.689377 -0.1066557 -0.7173252 -0.6885269 0.03682982 -0.7314169 0.6809353 0.1726756 -0.6972241 -0.6957455 -0.2499788 -0.6945472 -0.6746221 -0.477936 -0.5344898 0.6970638 -0.3758096 -0.6290982 -0.680443 0.3538234 -0.6744272 0.6480409 -0.6728653 -0.3197522 -0.6670915 -0.7065108 -0.1356248 -0.6945851 -0.498839 -0.5511942 -0.6688383 -0.6407703 -0.3100576 0.7023373 -0.5931943 -0.4415691 -0.6731548 -0.7258525 0.1617829 -0.668554 -0.7006221 -0.2119602 0.6813234 0.667391 -0.2459651 -0.7029157 0.5907703 -0.4890045 0.6417672 0.677896 -0.3643083 0.6385425 0.4618353 0.5439164 0.7006163 0.5270165 0.483958 -0.6985974 -0.5707832 0.4296274 0.6997335 0.2203601 0.6723651 0.7066588 0.4215078 0.5745794 -0.7015624 0.3061184 0.6542939 -0.6915136 -0.3674029 0.6202181 0.693069 -0.08129429 -0.7466014 0.6602861 -0.3560054 -0.6523591 0.6690948 0.06718748 0.7515816 0.6562095 0.1535421 0.7331079 -0.662554 0.3362663 0.9081356 -0.2494291 0.2067401 0.7650499 0.609883 0.4054377 0.7255472 0.5560589 0.4837368 0.8203264 -0.3050631 0.5493899 0.6463264 0.5295592 0.6170321 0.7074411 -0.3446718 0.6728221 0.537932 0.5078776 0.7349003 0.5717782 -0.3646796 0.7704749 0.4075415 0.490182 0.9994434 -0.01903975 -0.02739608 0.8342026 0.265659 0.4832508 0.9631567 -0.2503561 -0.098239 0.8590353 0.1293127 0.4953145 -0.8947392 -0.4455124 0.03099483 -0.53363 -0.06384998 0.8433043 -0.9739062 0.2235233 0.03929352 -0.7855033 -0.6174647 0.0414977 -0.5566433 -0.1262784 0.8210981 -0.657049 -0.7534173 0.02547872 -0.5270216 -0.2385586 0.8156826 -0.5149986 -0.8571873 -0.002520322 -0.4779958 -0.3495752 0.8058023 -0.3716067 -0.9276345 -0.03745269 -0.4080231 -0.453812 0.7921944 -0.2615979 -0.9615365 -0.08375018 -0.313122 -0.5492825 0.7747538 -0.2211195 -0.9692679 -0.1078239 -0.1810587 -0.6372206 0.7491113 -0.1688331 -0.693277 -0.7006158 0.07554525 -0.9952737 -0.06101882 0.1018732 -0.9887894 -0.109167 0.1154025 -0.7163321 0.6881501 0.2899752 -0.9220537 -0.2563818 0.2249917 -0.7021172 0.6755814 0.3472272 -0.9369055 -0.04051369 0.4748521 -0.6209129 0.6236849 0.5070089 -0.8594372 -0.06564801 0.5857431 -0.5509337 0.5944554 0.6570274 -0.7488211 -0.08707445 0.6816213 -0.442381 0.5828307 0.7870377 -0.6083031 -0.1026598 0.7546596 -0.3180269 0.5738883 0.8896845 -0.4428124 -0.1112602 0.801959 -0.174434 0.5713445 0.8209189 -0.02970314 0.5702717 -0.9763495 0.2084958 -0.05719375 -0.5348512 0.04072844 0.8439642 -0.5223724 0.1395866 0.8412151 -0.9150411 0.3965857 -0.07361793 -0.4972625 0.2403869 0.8336331 -0.8138296 0.5734143 -0.09422111 -0.4566697 0.3339484 0.8245795 -0.6739064 0.729585 -0.1164299 -0.4041063 0.4226515 0.8112115 -0.4976929 0.8570122 -0.1335365 -0.3413419 0.5015265 0.7949573 -0.2858219 0.9494274 -0.1299753 -0.2657729 0.5785603 0.7711243 -0.04256117 0.9954727 -0.08498597 -0.149843 0.7056359 0.6925498 0.256365 0.9664573 -0.01541191 0.06811946 0.7665334 0.6385815 -0.1755757 0.9383158 -0.2978871 0.03618752 0.4724426 -0.8806182 0.1560997 -0.911611 -0.3802607 -0.5286138 -0.5611956 -0.6368886 -0.8506438 0.2474421 0.4638726 -0.7650464 0.5925178 -0.2522435 0.3161388 0.6689138 0.6727635 0.2175101 -0.7253377 0.6531268 0.4552362 -0.526637 -0.717923 0.3500706 -0.6523132 0.6722635 -0.5716539 -0.4642212 0.6765431 0.5358721 -0.4379462 -0.721834 0.4992194 -0.5532097 0.6668876 0.7005599 0.2527742 0.6673239 -0.105396 0.7210886 0.6847795 0.4027172 0.5636638 0.721181 0.5541256 0.4289512 -0.7134044 0.4821525 0.5404214 -0.689546 -0.6869403 0.0216791 0.7263904 -0.7446891 -0.2541371 -0.6171326 -0.6783343 -0.1058952 0.7270824 -0.6093224 -0.3464975 0.7132081 -0.4630245 -0.6107898 -0.642296 -0.528216 -0.4486589 0.7208975 0.7088884 -0.01130384 0.7052301 0.6530544 -0.2172518 -0.7254803 0.6847636 -0.08423233 -0.7238811 0.6968848 -0.2438473 0.6744554 0.7633221 -0.1606846 0.6257155 0.6204113 -0.4019686 0.6734323 0.595946 -0.3202264 -0.7364125 0.6953127 0.1254061 0.7076818 0.6913139 0.05007117 -0.7208176 0.6546255 0.2546764 0.7117623 0.6735527 0.1842932 -0.7157953 0.5913776 0.3751298 0.7138279 0.6323832 0.3120889 -0.7090078 0.06710624 -0.7481216 0.6601597 0.3469116 -0.629036 -0.6956767 -0.08476412 -0.7382084 0.669226 0.2241467 -0.6917287 -0.6864908 -0.2292491 -0.6972839 0.6791465 0.08996134 -0.7316582 -0.6757096 0.1502466 0.6672654 0.7295087 0.3597941 0.6203057 -0.6969714 0.2479888 0.7058349 -0.6635501 -0.05108058 0.6905267 0.7215009 0.4664911 0.5717033 0.6749382 -0.6569507 -0.2282158 0.7185634 -0.6012523 -0.5048327 -0.6193866 -0.6961353 -0.3793767 -0.6094827 -0.5934072 0.3667753 0.7164801 -0.626596 0.4689441 -0.6224701 -0.6988502 0.3390548 -0.6298018 -0.652308 0.2519949 0.7148377 -0.7569653 0.1974188 -0.6229202 -0.6688616 0.1464588 0.7288168 -0.7971689 -0.08037447 -0.5983827 -0.4845508 0.4830763 0.7292791 -0.5211485 0.580218 -0.6259005 -0.3840266 0.569839 0.7265033 -0.398797 0.6659644 -0.6304383 -0.2191547 0.7544255 -0.6187192 -0.2891622 0.6057682 0.7412356 -0.1322161 0.6837724 0.7176171 -0.07035195 0.7689769 -0.6353937 -0.455868 -0.551068 0.698934 -0.1848415 -0.7202288 -0.6686585 -0.3321685 -0.6165086 0.7138497 -0.05400466 -0.745277 -0.6645643 0.1961691 0.6908928 0.695834 -0.3479183 -0.6843904 -0.6407517 0.06317853 0.7535414 -0.6543577 -0.7993512 0.07841122 -0.595726 0.1819583 0.9718965 -0.1493597 -0.1274949 0.7068962 -0.6957319 -0.7465685 -0.008399367 -0.6652555 0.9154712 -0.3973822 -0.06324487 0.8794087 0.2956867 -0.3731083 0.05011707 -0.9287653 -0.3672648 0.1380586 -0.7057728 -0.6948559 -0.2757239 -0.3178662 -0.907159 -0.1037386 -0.7224834 -0.6835613 -0.381192 0.1984391 -0.9029478 0.9849069 0.1711021 -0.02612662 0.7770618 0.2066059 -0.5945494 0.8239229 0.009238958 -0.5666269 0.9989152 -0.02251797 -0.0407595 1.64509e-4 -0.7489854 -0.6625866 0.04346746 -0.7180805 0.6946014 0.2847096 -0.9179131 -0.2763622 -0.7171637 0.1672227 -0.6765447 0.3215707 0.6230646 -0.7130097 -0.4243036 0.5396522 -0.7271464 -0.7640795 -0.2997573 -0.5712515 -0.1453121 0.2230326 -0.9639196 0.954536 0.03557914 -0.2959649 0.2677316 -0.8284333 -0.4919534 -0.3101815 -0.1476886 -0.9391355 -0.4337632 0.3975795 -0.8085667 0.7212302 -0.2862157 -0.6307992 -0.004075348 0.8718656 -0.4897281 0.6674348 0.2456877 0.7029711 0.550354 0.5002508 -0.6684756 0.6063003 0.3691362 0.704371 0.7014394 0.1094221 0.7042795 0.6772612 0.3639288 -0.639432 -0.742457 -0.01872026 0.669632 -0.7078345 -0.03998661 -0.7052458 -0.7220672 -0.1818407 0.6674975 0.711054 3.98184e-5 0.7031373 0.7386255 -0.09078192 -0.6679753 0.7380203 0.09038686 -0.6686975 0.6892943 -0.2039698 -0.695176 0.7011218 -0.1093899 0.7046007 -0.5969442 0.4453002 0.667357 -0.6873568 0.1784383 -0.7040599 -0.6705681 0.31789 0.6702869 -0.4994415 0.5505565 0.6689139 -0.6483657 0.3440876 -0.679136 0.4615778 -0.5431385 -0.7013891 0.6059214 -0.3690196 0.704758 0.5265678 -0.4844632 0.6985856 -0.2493922 0.6948194 0.6745588 -0.4790607 0.5335404 -0.6970191 -0.3758015 0.6291024 0.6804435 0.2201884 -0.6732242 -0.7058941 0.421504 -0.5745732 0.7015697 0.3059628 -0.6543607 0.6915193 0.03586906 0.7299849 0.6825214 -0.2426527 0.6823762 -0.6895523 -0.1066666 0.7173278 0.6885225 -0.01654601 -0.7034734 0.710529 -0.2379567 -0.6760846 -0.6973422 -0.1064153 -0.7206928 -0.6850385 0.0857082 -0.6992216 -0.7097488 0.1755797 -0.7048233 0.6873107 -0.431751 -0.5457546 -0.7181525 -0.246978 -0.6865018 0.6838985 -0.3797456 -0.6361576 0.6716374 0.3163739 -0.6687784 -0.6727876 -0.6709668 -0.3184948 0.6696004 -0.6059743 -0.3334544 -0.7222211 -0.4951394 -0.5459108 0.6758835 -0.5964948 -0.4451354 0.6678687 -0.7071689 0.07068336 -0.7035027 -0.7256574 0.1618901 0.6687399 -0.6877668 -0.1782936 -0.7036961 0.551081 -0.5000662 -0.6680147 0.6653948 -0.2451546 0.7050879 0.6378099 -0.3850362 -0.6670424 0.4415365 0.5963644 -0.6703694 0.5231032 0.4820271 0.7028606 -0.5710388 0.4639904 -0.6772205 0.4260551 0.579317 0.6948876 0.1791923 0.7139748 -0.6768531 0.3022118 0.648534 0.6986212 -0.3551323 0.6516172 -0.6702806 -0.04153144 0.7066354 -0.706358 -0.3686064 -0.6195564 -0.6930218 -0.1579329 -0.7404507 0.6532916 0.08601534 0.6999381 -0.7090049 0.1078675 0.7275611 0.6775099 0.7129766 0.6961005 0.08431094 0.2465982 0.7669723 -0.5924044 0.1807337 0.983491 0.00899744 0.8468543 0.5119615 0.14399 0.4185491 0.7165652 -0.5579884 0.9248578 0.3150525 0.2130259 0.5622431 0.6343261 -0.5305782 0.9491089 0.129753 0.2869783 0.6845384 0.5209882 -0.509881 0.8983275 0.4390109 0.01664793 0.7802723 0.382295 -0.4950008 0.9876792 0.1440812 -0.06107711 0.8457075 0.2247302 -0.4840199 -0.5845903 -0.1051582 -0.804485 -0.9087299 -0.4173408 0.006058335 -0.9774954 0.209937 -0.02071344 -0.5172106 -0.1657693 -0.8396511 -0.8191107 -0.57305 0.02591603 -0.4865181 -0.2678653 -0.8315939 -0.7160564 -0.695252 0.06235378 -0.4387227 -0.3673413 -0.8201115 -0.6033666 -0.7914218 0.09798061 -0.3730611 -0.4629422 -0.8040584 -0.4883137 -0.8640173 0.122572 -0.2860124 -0.5543904 -0.7815679 -0.3958785 -0.9108212 0.1169826 -0.1661784 -0.6420437 -0.7484415 -0.3175628 -0.9477966 0.02890592 -0.1825797 -0.7212964 0.6681289 -0.1238347 -0.4953919 0.8597976 0.07385945 -0.7632752 -0.6418378 0.0892781 -0.9959962 0.004576861 -0.03955882 -0.9965243 -0.07331055 0.2341968 -0.6982485 -0.6764621 0.2053664 -0.9695655 0.1332945 0.481908 -0.6312841 -0.6076554 0.4460418 -0.8895127 -0.09906506 0.5933648 -0.5576627 -0.5804573 0.5851046 -0.8082127 -0.06667 0.6925696 -0.4446579 -0.5680024 0.7116773 -0.7019786 -0.02723163 0.7683004 -0.3147683 -0.5573468 0.8201355 -0.5719877 0.01441991 0.8196328 -0.1709383 -0.5467926 0.9055062 -0.4206944 0.05545061 0.848253 -0.01489961 -0.5293816 -0.7872675 0.6049265 -0.1194741 -0.5365571 0.0385825 -0.8429815 -0.9987201 0.01444941 0.04847174 -0.6447923 0.7461721 -0.1657409 -0.5814372 0.1258145 -0.8038044 -0.4947225 0.8446251 -0.2045932 -0.5561544 0.2358432 -0.796913 -0.3478972 0.9091518 -0.2289336 -0.5152282 0.3417689 -0.7859606 -0.2133826 0.9494192 -0.230372 -0.4578333 0.4422018 -0.7712627 -0.09796315 0.9760668 -0.1941565 -0.3875425 0.5316598 -0.7530928 0.00256437 0.9951075 -0.09876477 -0.3019344 0.611422 -0.7314362 0.0629037 0.9978535 0.0182138 0.04127854 0.7278919 -0.6844484 -0.793801 0.5831565 0.1726512 -0.8806982 -0.4018232 0.2508163 -0.9743332 -0.1312085 0.1829189 0.3538295 0.6744563 -0.6480073 0.4226649 -0.5383769 0.7290438 0.2090635 -0.7043951 -0.6783214 0.3606203 -0.6678819 -0.651066 -0.5713089 -0.4290269 -0.6996728 0.530786 -0.4409795 0.7237426 0.5032923 -0.5574977 -0.6602221 0.7376575 0.2235459 -0.6370939 0.3372861 0.6450352 -0.6856877 0.5680927 0.4323506 0.7002455 0.4501339 0.5485883 -0.7045782 -0.7260571 -0.20635 0.6559427 -0.684035 0.02108013 -0.7291446 -0.6822667 -0.1044746 -0.7236002 -0.4869487 -0.5495405 0.678886 -0.5981698 -0.3448684 -0.7233663 -0.5423399 -0.4533209 -0.7073668 0.751617 0.04946726 -0.6577424 0.6531814 -0.2173033 0.7253506 0.7380424 -0.1028146 -0.6668753 0.707161 -0.2456473 -0.6630089 0.5982131 -0.3413617 0.7249919 0.6293398 -0.4047407 -0.6634128 0.7276313 0.2005458 -0.6559985 0.7002214 -0.07044267 0.710442 0.6698521 0.3416413 -0.6592264 0.7048898 0.06529879 0.7063048 0.5817907 0.4660874 -0.666545 0.684735 0.2004387 0.7006871 0.3497521 -0.6094152 0.7115383 0.06304889 -0.7231861 -0.6877694 0.2292929 -0.6726352 0.7035529 -0.07812088 -0.7120563 -0.6977629 0.09989124 -0.7135176 0.6934799 -0.2110586 -0.6750574 -0.7069314 0.05766987 0.7066611 -0.7051982 0.3743265 0.6335504 0.6771216 0.1953266 0.6635115 -0.7222189 0.2383703 0.7241151 0.6471762 -0.05445182 0.6999703 -0.7120931 0.07612884 0.7421198 0.66593 0.6412702 0.3304453 0.6925161 -0.5823556 -0.5118344 0.6315755 -0.6490998 -0.2280044 -0.7257297 -0.6772553 -0.3925597 0.6222718 -0.5670673 0.3801865 -0.7306798 -0.6149624 0.4652923 0.6366509 -0.4875665 0.4852684 -0.7258054 -0.6280017 0.2681645 -0.7305489 -0.6748481 0.357959 0.6453258 -0.781832 -0.1057336 0.6144586 -0.6676914 0.145847 -0.7300117 -0.5082285 0.5739275 0.6421145 -0.3879269 0.5736753 -0.7213941 -0.3859298 0.6548697 0.6497722 -0.2704819 0.6447073 -0.714977 -0.2499508 0.7112735 0.6569739 -0.09881037 0.7435343 0.6613572 -0.139892 0.6614519 -0.7368254 -0.2417356 -0.6772955 0.6948631 -0.4367725 -0.5421282 -0.7178626 -0.351543 -0.6321666 -0.6904947 -0.0391075 -0.7308353 0.6814326 0.4838115 0.5607833 0.6718992 -0.3292201 -0.6802517 0.6548832 -0.7859567 0.04660332 0.6165229 0.1180315 0.7137257 -0.6904087 0.1280605 0.726036 0.6756274 -0.08024334 0.4564002 0.8861489 -0.2194712 0.1011491 0.9703615 0.836388 0.4475977 0.3164042 0.2727888 0.2398608 0.9316937 0.7166056 -0.6654851 0.2088205 0.1263949 -0.9020155 0.4127861 -0.6572095 -0.4951078 0.5682815 -0.2402814 -0.01972573 0.9705029 -0.9056768 0.1828371 0.3825181 0.9788911 0.1860842 0.08452785 0.5110631 0.7576947 0.4058489 -0.05164313 0.8506173 0.5232431 -0.09133964 0.5627632 0.8215564 0.04462671 0.8680493 0.4944684 0.6413531 0.6539509 0.4012663 -0.2250894 -0.1279137 0.9659052 0.0367707 -0.7399806 -0.6716225 0.880704 -0.4220938 0.2149356 0.0565797 0.8417657 0.5368702 -0.03244936 0.7897928 0.6125148 -0.1489986 0.3131219 0.9379521 -0.2158681 0.06096118 0.9745177 0.4080017 0.2290852 0.883773 0.3690251 -0.6017585 0.708313 -0.7995705 -0.2996439 0.5204812 -0.934086 0.2557951 0.2491028 0.9272236 0.367837 0.07037252 0 0 1 0 0 1 0 0 1 0.1127799 -0.99362 0 0.1127799 -0.99362 0 0.1127799 -0.99362 0 -6.23176e-7 -4.0417e-7 -1 -7.44551e-7 -2.2342e-6 -1 -2.37781e-7 -1.40035e-6 -1 0.1972563 0.9803519 0 0.1972566 0.9803519 0 0.1972566 0.980352 0 0.2932037 -0.95605 0 0.2932042 -0.9560499 0 0.2932036 -0.95605 0 -1 4.84012e-7 0 -1 8.58791e-7 0 -1 4.47602e-7 0 -1 -1.51193e-6 0 -1 -1.51193e-6 0 0.1680093 0.9857854 0 0.1680095 0.9857854 -1.92267e-7 0.1680093 0.9857854 -2.1754e-7 -0.01651692 5.12832e-5 -0.9998636 -0.01658284 0 -0.9998625 -0.0165826 0 -0.9998626 0.8078907 0.5893325 0 0.807891 0.5893321 0 0.8078907 0.5893326 0 0 0 -1 0 0 -1 0 0 -1 0 0 1 0 0 1 0 0 1 0 0 1 -0.949626 -0.3133854 1.46021e-7 -0.949626 -0.3133856 0 -0.9496261 -0.3133854 0 -1.16972e-6 0 -1 2.76489e-6 0 -1 -2.77917e-6 0 -1 0.1293736 -0.991596 4.51512e-7 0.1293745 -0.9915958 0 0.1293735 -0.9915959 4.63037e-7 -0.8904761 -0.4550303 0 -0.890476 -0.4550302 0 -0.8904759 -0.4550307 0 -0.181752 -0.9833445 0 -0.1817523 -0.9833444 0 -0.181752 -0.9833445 0 0 0 1 3.39984e-7 0 1 1.31396e-7 0 1 -1.27946e-6 0 -1 1.34899e-6 0 -1 0.2304657 0.9730805 0 0.2304657 0.9730805 0 0.2304658 0.9730805 0 0.9996714 -0.02563393 0 0.9996714 -0.02563387 0 0.9996714 -0.02563399 0 1 1.08228e-6 0 1 5.41132e-7 0 1 1.08228e-6 0 1 3.957e-7 -4.30604e-6 1 0 -5.58651e-7 1 -1.52499e-6 -3.19668e-6 -0.01658225 0 0.9998626 -0.0165826 0 0.9998626 -0.01658302 0 0.9998625 -0.01651757 5.24353e-5 0.9998636 -0.01649034 1.98049e-4 0.9998641 -0.01640939 0 0.9998654 -0.01658219 0 -0.9998626 -0.01658254 0 -0.9998626 -0.01658272 0 -0.9998626 -0.01648944 1.96413e-4 -0.9998641 -0.01658302 2.14327e-4 -0.9998625 -0.01658231 0 0.9998626 -0.01658207 0 0.9998626 0.7221383 0.6917487 0 0.722139 0.691748 0 0.7221393 0.6917477 0 0.1927802 6.75316e-4 -0.9812418 0.2008728 6.6774e-5 -0.9796174 0.1977669 8.91928e-4 -0.9802488 0.1924124 7.72385e-4 0.9813139 0.195303 3.74957e-4 0.9807429 0.1931227 8.18465e-5 0.9811746 -0.7197483 -0.6942352 0 -0.719748 -0.6942355 0 -0.7197486 -0.6942349 0 0.1978224 8.91957e-4 0.9802376 0.1927413 6.74806e-4 0.9812493 0.1924032 7.72387e-4 -0.9813157 0.1951531 3.74349e-4 -0.9807728 0.192036 9.47648e-4 -0.9813875 -0.01658266 0 0.9998626 -0.0165829 2.14324e-4 0.9998625 1 -1.28605e-6 -1.38869e-6 1 -3.26158e-6 0 0 0 -1 -7.79296e-7 0 -1 0 0 -1 1.87534e-7 -4.28738e-7 1 -8.99915e-7 0 1 -6.38607e-7 0 1 0 -9.05444e-7 1 -1.51583e-6 0 -1 -0.9949755 0.100119 0 -0.9949756 0.1001178 0 -0.9949758 0.1001166 0 0 0 1 0 0 1 0 0 -1 0 0 -1 -0.01658225 0 -0.9998626 -0.01658248 0 -0.9998626 -0.01658207 0 -0.9998626 -0.9998545 -0.01705944 0 -0.9998545 -0.0170595 0 -0.9998545 -0.01705944 0 -3.45781e-6 -1.40568e-6 1 -3.54459e-6 -1.40201e-6 1 -0.9999519 -0.009809076 0 -0.9999519 -0.009809076 0 -0.9999519 -0.009809434 3.39357e-7 1 5.41138e-7 0 0.2008726 6.65266e-5 0.9796174 0.2012792 -1.72154e-7 0.9795339 0.1930659 8.06185e-5 -0.9811858 -0.01658219 0 0.9998626 -1.87868e-7 0 -1 -0.1814972 -0.9819679 0.052895 -0.1817467 -0.9833454 0 -0.1817462 -0.9833455 0 0.9999879 0.004932761 -1.66636e-7 0.9999879 0.004932761 -1.74062e-7 0.9999879 0.00493288 0 0.2144395 0.975671 -0.04562664 0.214659 0.9766891 0 0.2146586 0.9766892 0 0.2146652 0.9766878 0 0.2144417 0.9756705 -0.04562824 0.2142459 0.974788 -0.06234747 0.9999879 0.004933118 -3.48547e-6 0.9999879 0.004932582 -2.21247e-7 0.9999879 0.004933178 -3.70672e-6 -0.1816162 -0.9826113 0.03860974 -0.1817523 -0.9833444 0 -0.9999519 -0.009808897 0 -0.9999519 -0.009809315 0 -0.9999519 -0.009809315 0 0.2142458 0.9747881 -0.06234657 0.8883283 0.004382133 -0.459188 0.8883283 0.004382133 -0.4591881 0.8883284 0.004382133 -0.4591881 -0.1814972 -0.9819681 0.05289375 -0.8883031 -0.008714139 0.459175 -0.8883037 -0.00871396 0.4591737 -0.8883039 -0.008713901 0.4591736 0.9999519 0.009808957 -2.5934e-7 0.9999519 0.009808957 -2.64092e-7 0.9999519 0.009808957 -2.57618e-7 -0.9496261 -0.3133854 5.85649e-7 -0.9496261 -0.3133854 0 0.1680065 0.9857859 -8.30205e-7 0.1680062 0.985786 -8.80756e-7 -1.4232e-6 0 -1 -1.43733e-6 0 -1 -1.35984e-6 0 -1 0.1127802 -0.99362 0 0.1127803 -0.99362 0 0.1127802 -0.99362 0 0 0 1 0 0 1 0 0 1 0.1972565 0.9803519 0 0.1972563 0.9803519 0 0.1972563 0.980352 0 0.2932038 -0.95605 0 0.2932038 -0.95605 0 0.1680157 0.9857844 8.80759e-7 0.1680156 0.9857844 0 0.1680155 0.9857844 0 -0.01658231 0 0.9998626 -0.01658242 2.1432e-4 0.9998625 -0.01651644 5.24343e-5 0.9998636 0.8078913 0.5893316 0 0.8078913 0.5893315 0 0.8078914 0.5893315 0 0 0 1 0 0 1 0 0 1 0 0 1 -1.3136e-6 0 -1 -1.32294e-6 0 -1 -1.34982e-6 0 -1 -1.36877e-6 0 -1 -1.29681e-6 0 -1 -0.949626 -0.3133857 0 -0.9496262 -0.3133853 1.68634e-7 -0.9496262 -0.3133853 0 2.81308e-7 0 1 -5.76303e-7 0 1 -3.35104e-7 0 1 0.1293746 -0.9915958 -1.19987e-6 0.1293737 -0.991596 -9.15854e-7 0.1293737 -0.9915959 -9.08414e-7 -0.8904755 -0.4550311 3.1406e-6 -0.8904755 -0.4550311 3.19221e-6 -0.8904759 -0.4550307 1.99826e-6 -0.1817545 -0.983344 0 -0.1817542 -0.9833441 -9.74219e-6 -0.181755 -0.9833438 0 -9.45491e-7 0 -1 0 0 -1 3.73872e-7 0 1 -2.91489e-7 0 1 0.2304611 0.9730815 1.01525e-6 0.230461 0.9730816 1.27015e-6 0.2304614 0.9730815 0 0.9996714 -0.02563387 0 0.9996715 -0.02563387 0 1 5.38207e-7 0 1 1.04802e-6 0 1 1.04218e-6 0 1 7.91389e-7 -5.58649e-7 1 -3.20668e-6 -4.30601e-6 1 -1.28601e-6 -3.19662e-6 -0.01658272 0 -0.9998625 -0.01658248 0 -0.9998626 -0.01658201 0 -0.9998626 -0.01649016 1.98044e-4 -0.9998641 -0.01651728 5.24365e-5 -0.9998637 -0.01640939 0 -0.9998654 -0.01658266 0 0.9998626 -0.01658248 0 0.9998626 -0.01658248 0 0.9998626 -0.01648962 1.98045e-4 0.9998641 -0.01640832 0 0.9998655 -0.01658201 0 -0.9998626 -0.01658183 0 -0.9998626 0.7221387 0.6917483 0 0.7221378 0.6917492 0 0.7221372 0.6917499 0 0.1927315 6.79168e-4 0.9812514 0.2008726 6.6774e-5 0.9796174 0.2012798 0 0.9795338 0.1953875 3.78612e-4 -0.9807261 0.1924033 7.72093e-4 -0.9813157 0.1930616 7.75278e-5 -0.9811866 -0.719748 -0.6942354 0 -0.719748 -0.6942355 0 0.1978108 8.88341e-4 -0.9802398 0.1927317 6.79359e-4 -0.9812512 0.1924032 7.72092e-4 0.9813157 0.1951052 3.77734e-4 0.9807823 0.1932027 7.81413e-5 0.9811589 -0.01658284 0 -0.9998625 -0.01658236 0 -0.9998626 1 -1.97557e-6 -1.38871e-6 0 0 1 1.51631e-6 0 1 3.73133e-7 0 1 -7.87747e-7 0 -1 -1.59656e-6 0 -1 1.72078e-7 0 1 1.55427e-6 0 1 -0.9949753 0.1001213 0 -0.9949753 0.1001213 0 -0.9949753 0.1001212 0 -1.27806e-6 0 -1 -1.23942e-6 0 -1 1.19629e-7 0 1 0 0 1 -0.0165829 0 0.9998625 -0.0165826 0 0.9998626 0 0 1 -0.9998545 -0.01705944 2.53858e-7 -0.9998545 -0.01705992 2.65919e-6 -0.9998546 -0.01705998 2.91305e-6 0 0 -1 -0.9999519 -0.009809136 6.72468e-7 -0.9999519 -0.009809136 6.60332e-7 -0.9999519 -0.009809553 3.31197e-7 1 5.41129e-7 0 0.2008739 6.67816e-5 -0.9796171 0.2012811 0 -0.9795335 0.1978103 8.89005e-4 0.9802399 -1.30456e-6 0 -1 -0.1814972 -0.9819678 -0.05289733 -0.1817511 -0.9833446 0 -0.1816161 -0.9826112 -0.03861379 0.9999879 0.00493288 -3.25783e-7 0.9999879 0.00493294 -3.40469e-7 0.9999879 0.004933416 -6.70038e-7 0.2144401 0.9756709 0.04562669 0.214659 0.9766891 0 0.2142463 0.9747879 0.06234741 0.2142461 0.9747877 0.06235009 0.2146639 0.976688 3.46162e-6 0.2146633 0.9766882 9.33433e-6 0.9999879 0.004933059 0 0.9999879 0.004933118 0 0.9999879 0.004933059 0 -0.1817533 -0.9833443 -3.73604e-6 -0.1814979 -0.9819674 -0.0529015 -0.9999519 -0.009809136 0 -0.9999519 -0.009809076 0 -0.9999519 -0.009809076 0 0.2144404 0.9756707 0.04562884 0.8883273 0.004382312 0.4591901 0.8883287 0.004381477 0.4591873 0.888329 0.004381299 0.4591867 -0.1816163 -0.9826112 -0.03861236 -0.8883025 -0.008713424 -0.4591763 -0.8883017 -0.008713424 -0.4591777 -0.8883027 -0.008713424 -0.459176 0.9999519 0.009809553 -2.49357e-7 0.9999519 0.009809136 -2.47161e-7 0.999952 0.009808957 -2.46365e-7 -0.949626 -0.3133856 1.28271e-7 -0.949626 -0.3133856 0 0.1680073 0.9857857 -1.65914e-7 0.1680152 0.9857844 7.71442e-7 0 0 1 3.55203e-7 -1 3.13694e-6 0 -1 6.78977e-7 0 -1 1.35795e-6 0 0 -1 -3.55194e-7 1 0 1 -4.62125e-7 -4.69424e-7 1 0 -9.38847e-7 -0.3110717 -0.9503865 3.74886e-6 -0.3110716 -0.9503866 9.02172e-7 -0.3110718 -0.9503865 4.65104e-6 -1 7.31584e-7 0 -1 7.31586e-7 0 0 0 -1 0 0 -1 1.31007e-6 6.94868e-7 1 2.44692e-6 6.23756e-6 1 1.03785e-6 0 1 0.3110722 0.9503864 0 0.3110722 0.9503864 0 -7.10427e-7 1 0 -3.55214e-7 1 0 0 0 -1 3.55204e-7 -1 1.77211e-6 7.10427e-7 -1 -1.26056e-6 7.10427e-7 -1 -3.31131e-6 0 0 -1 0 0 -1 3.55194e-7 -1 0 0 0 1 -3.55194e-7 1 0 -0.3110715 -0.9503866 0 -0.3110716 -0.9503866 0 -0.3110716 -0.9503866 0 0 0 1 -1.27007e-7 0 1 0 0 1 0 0 -1 0 0 -1 0.3110721 0.9503864 0 0.3110721 0.9503864 0 0.3110722 0.9503864 0 -7.10427e-7 1 0 -3.55214e-7 1 0 7.10427e-7 -1 0 3.55214e-7 -1 0 4.96101e-6 0 1 2.04583e-6 0 1 4.9486e-6 0 1 0 0 -1 0 0 -1 0.458858 0.8885097 0 0.458858 0.8885098 0 0 0 1 0 0 1 0 0 1 -0.6207799 -0.7839848 0 -0.6207801 -0.7839849 0 -0.6207813 -0.7839838 0 0 0 -1 0 0 -1 0 0 -1 0.6207787 -0.7839859 0 0.6207787 -0.783986 0 0 0 1 0 0 1 0 0 1 3.97346e-7 -1 -5.85534e-7 -2.97322e-7 -1 0 3.77835e-7 -1 0 0 0 -1 2.27715e-7 0 -1 3.85676e-7 0 -1 0.3863312 0.9101252 -0.1497345 0.4307611 0.8979624 -0.09004741 0.3346671 0.9175484 -0.2147164 3.36299e-7 1 0 3.36299e-7 1 0 3.36299e-7 1 0 -4.80037e-7 -1 0 -1.59621e-7 -1 2.19057e-7 0.4826914 0.8747319 0.04305082 0.4264535 0.8731384 0.23615 0.4156686 0.8695409 0.2666801 0 -1 -3.10909e-7 4.1387e-7 -1 7.8475e-7 1.88917e-7 -1 0 -1 -3.22335e-6 0 -1 -1.84197e-6 0 -3.36299e-7 -1 0 1.24976e-7 -1 -2.09591e-7 3.28573e-7 1 0 2.68451e-7 1 0 2.47339e-7 1 0 3.36299e-7 1 8.40545e-7 1.78221e-7 1 -2.3403e-7 3.36299e-7 1 -3.9688e-7 -3.36299e-7 -1 0 0 -1 0 0.9914273 0 0.1306607 0.9914272 2.96572e-6 0.1306603 0.9914272 3.96361e-7 0.1306606 0.9914273 0 -0.1306601 0.9914273 0 -0.1306601 0.9914273 0 -0.1306599 -3.50053e-7 -1 -2.26624e-7 -4.5709e-7 -1 -3.34909e-7 -4.94677e-7 -1 -2.87222e-7 -1.05203e-6 1 -3.06475e-7 -1 -2.58817e-6 0 -1 -1.38149e-6 0 1.53601e-7 0 1 0 0 1 -3.34047e-7 0 1 -1.94759e-7 0 -1 0 -1 0 -3.36299e-7 -1 0 -1 -1.84196e-6 0 0.3774052 0.9256616 0.02675986 0.3396922 0.9199843 0.195546 0.3346669 0.9175478 0.214719 0.4244177 0.9048439 0.03357291 0.3785604 0.9004281 0.2142928 0.3713256 0.8974186 0.2382377 3.36299e-7 1 5.75498e-7 3.36299e-7 1 3.86335e-7 3.36299e-7 1 0 4.54854e-7 -1 -4.37852e-7 0.8416637 0 0.5400021 0.8416665 0 0.5399978 0.8416653 0 0.5399995 0.8416638 0 0.5400021 0.8416678 0 0.5399958 0.8416677 0 0.539996 0.8416678 0 0.5399957 0.8416723 0 0.5399888 0.8416737 0 0.5399866 0.841671 0 0.5399909 0.8416708 0 0.5399911 0.8416708 0 0.539991 -7.80011e-7 -1 0 -7.80012e-7 -1 0 -7.80009e-7 -1 0 -1 -1.84199e-6 0 -0.5164136 -0.8563393 0 -0.5164143 -0.856339 0 -0.5164154 -0.8563383 0 -1 -1.58307e-6 0 0 0 -1 0 0 -1 -2.28965e-7 0 -1 -2.31789e-7 0 -1 -3.34049e-7 0 -1 -5.06805e-7 0 -1 2.99335e-7 0 -1 -8.77289e-7 0 -1 0 0 1 -9.17341e-7 0 1 4.6276e-7 0 1 -1.94758e-7 0 1 -9.05571e-7 0 1 2.84349e-7 0 1 0 0 1 -1 -2.99142e-6 0 -1 -2.04347e-6 0 -1 -2.58823e-6 0 -1 -2.99139e-6 0 -1 -1.84191e-6 0 0.9914273 2.96567e-6 -0.1306599 0.9914273 0 -0.1306598 0.9914273 2.9657e-6 -0.1306599 0.9914273 2.96574e-6 -0.1306599 0.9914273 2.96577e-6 -0.1306599 0.9914273 0 -0.13066 0.9914273 0 -0.1306599 0.9914273 0 0.1306606 0.9914271 0 0.1306607 0.9914272 0 0.1306607 0.9914273 0 0.1306605 0.9914272 0 0.1306605 0.9914273 2.56937e-6 0.1306606 0.9914272 0 0.1306604 -1 -3.22336e-6 0 -1 -1.84191e-6 0 0.8416669 0 -0.5399971 0.8416641 0 -0.5400015 0.8416616 0 -0.5400053 0.8416664 0 -0.5399978 0.8416663 0 -0.5399982 0.841666 0 -0.5399987 0.8416664 0 -0.539998 0.8416661 0 -0.5399983 0.8416664 0 -0.5399979 0.8416644 0 0.540001 0.8416635 0 0.5400023 0.841663 0 0.5400032 0.8416629 0 0.5400035 0.8416638 0 0.5400019 0 0 -1 0 0 -1 0 0 -1 0 0 -1 0 0 -1 0 0 1 0 0 1 0 0 1 0 0 1 -0.516415 0.8563385 0 -0.5164156 0.8563381 0 -0.516414 0.8563391 0 0.04703551 0 0.9988932 0.04703545 0 0.9988933 0.04703527 0 0.9988933 0.05278152 -0.01448225 0.9985011 0.04224884 0.01319569 0.99902 0.06029075 -0.03428208 0.9975921 -0.8327945 0 -0.5535824 -0.8327946 0 -0.5535821 -0.8327954 3.01226e-7 -0.5535811 8.15097e-7 1 -2.59423e-6 7.98395e-7 1 6.62278e-7 7.70714e-7 1 5.03198e-6 0 0 1 -0.9710768 0 0.2387675 -0.9710764 0 0.2387692 -0.971077 0 0.2387667 -0.9710761 0 0.2387706 -0.9710772 -1.81268e-7 0.2387659 0.8748968 0 0.4843096 0.8748966 1.41396e-7 0.48431 0.874897 3.23268e-7 0.4843093 7.61528e-7 1 1.77099e-7 7.63261e-7 1 6.81229e-6 0 -1 5.01393e-6 0 -1 1.14856e-6 0 -1 2.15983e-6 -0.05580306 0.002974867 -0.9984374 -0.05865877 -0.00410366 -0.9982697 -0.058658 -0.004104852 -0.9982697 -0.1751613 -0.02997535 -0.9840834 -0.1749541 -0.05511778 -0.9830326 -0.1751865 -0.0246554 -0.9842265 0.8748947 0 0.4843132 0.8748958 0 0.4843114 0 -1 5.60131e-6 0.05686539 -0.009747922 0.9983343 0.05686455 0.007994055 0.99835 0.05686432 0.009747982 0.9983344 0.05685436 0.01791155 0.9982218 0.05685406 0.01791155 0.9982219 0.06978714 -0.03411561 0.9969785 0.07315093 -0.02715891 0.9969511 0.07487529 -0.02358859 0.9969139 -0.1751455 0.02997601 -0.9840862 -0.1749548 0.0551182 -0.9830325 -0.1749546 0.05511814 -0.9830325 -0.05293256 -0.001401007 -0.9985972 -0.05282455 0.007426261 -0.9985762 0 -1 -6.04049e-6 1.25698e-7 -1 -6.34062e-6 0 -1 -6.55808e-6 0.06939899 0 0.9975891 0.06939899 0 0.997589 0.06939899 0 0.9975891 -5.77715e-7 1 -3.79298e-5 -2.7372e-6 1 -5.08338e-6 -2.84028e-6 1 -2.92502e-6 -0.1751706 0.02465546 -0.9842293 -0.9838145 0.1527277 0.09371918 -0.9498756 0.2992467 0.09048616 -0.9842329 0.149983 0.09375911 -0.9842336 -0.1499783 0.09375917 -0.983814 -0.1527312 0.09371912 0.9798065 0.1526518 -0.129139 0.9803767 -0.1488799 -0.1292142 0.9798057 -0.1526566 -0.1291389 -7.16149e-7 -1 0 0 -1 1.37763e-6 -4.42826e-7 -1 1.31525e-7 -3.07491e-6 1 -7.57197e-5 -8.31028e-7 1 -2.62941e-5 2.86164e-6 1 -2.17581e-5 -2.74964e-6 1 -7.16335e-5 3.70764e-6 1 -3.00544e-5 0 -1 3.92142e-6 0 -1 4.13541e-6 -3.68473e-6 1 -1.47219e-5 -2.88974e-6 1 -7.78912e-5 6.20602e-7 -1 -3.33877e-6 0 1 -1.96071e-6 -5.51762e-6 1 -4.39756e-5 -0.05599921 0.01091825 -0.9983711 -0.06201559 -0.009926736 -0.9980258 0.0568546 -0.01791167 0.9982218 0.05686748 -0.007994174 0.9983497 -0.05599981 -0.01091736 -0.9983711 -0.05545926 -0.0109778 -0.9984007 -0.949876 -0.2992456 0.09048628 -0.949876 -0.2992456 0.0904861 -0.9763905 0.152487 0.1530013 -0.9433109 0.2971807 0.1478118 -0.9770588 0.1480362 0.153106 0.9463401 0.2981331 -0.124728 0.9803762 0.1488833 -0.1292139 0.05278116 0.01448202 0.9985011 0.04224866 -0.01319599 0.99902 0.03847312 -0.02309125 0.9989928 0.9463397 -0.2981345 -0.1247279 0.9463398 -0.2981343 -0.1247277 -0.9763906 -0.1524864 0.153001 -0.9770588 -0.1480368 0.1531057 -0.0586574 0.004104852 -0.9982697 -0.06780993 0.007067739 -0.9976732 0.06978666 0.03411555 0.9969784 0.07315069 0.02715885 0.9969511 0.06767344 0.03848016 0.9969652 0.943048 1.77428e-7 0.3326568 0.9430478 0 0.3326576 0.9430481 1.9591e-7 0.3326566 0.9430491 4.62822e-7 0.3326537 0.9430477 0 0.3326577 0.9430471 -4.62821e-7 0.3326594 0 -1 5.63774e-6 0 0 -1 0 0 -1 -4.4987e-7 0 1 -2.42408e-7 0 1 -0.05865961 0 -0.9982781 -0.05865955 0 -0.9982781 -0.05865925 0 -0.9982781 -0.02036535 -0.9378064 -0.3465608 -0.02036541 -0.9378066 -0.3465604 -0.02036631 -0.9378092 -0.3465535 -0.02036339 0.9378059 -0.3465626 -0.02036345 0.9378058 -0.3465626 -0.02036279 0.9378057 -0.346563 0.9989346 0 -0.046148 0.9989347 0 -0.046148 0.9989346 0 -0.04614794 -0.310723 0.05295825 0.9490242 -0.3096705 0.09755796 0.9458259 -0.3108602 0.04387754 0.9494424 -0.3108602 -0.04387706 0.9494423 -0.3107228 -0.0529583 0.9490242 -0.3096698 -0.09755754 0.9458262 -0.9433137 -0.2971763 0.1478028 -0.9433138 -0.2971763 0.1478025 -0.261677 0.8621814 0.4337838 0.4848016 -0.7254003 0.4886325 0 0.09410464 0.9955624 0.9996222 -0.02748709 -3.11534e-7 0.9214468 -0.3885047 -4.74001e-7 -0.04312831 0.2625954 0.9639417 -0.9999024 0.01397299 7.30262e-7 0.9433341 -0.3318446 -4.39173e-7 -1 -1.74016e-7 3.34424e-7 -0.9748145 0.2230173 6.3938e-7 0.1345614 0.9909054 0 0.001247227 0.009185135 0.999957 0.1345613 0.9909054 0 -0.01443821 -0.1063266 -0.9942265 -0.1345614 -0.9909053 -2.54982e-7 0.001247227 0.009185135 0.9999571 1 -2.76834e-7 -2.0322e-7 -1 -1.32087e-7 1.66512e-7 0 0.2905823 0.95685 0.9393737 0.3428954 -1.79723e-7 -0.9909056 0.1345593 2.22419e-7 -0.990905 0.1345639 4.80879e-7 -0.9909057 0.1345582 5.00268e-7 -0.9909052 0.1345617 2.71606e-7 -0.9909055 0.1345605 3.04605e-7 -0.9909053 0.1345615 2.55629e-7 -0.1345613 -0.9909054 0 -0.01443862 -0.1063266 -0.9942265 0.001247227 0.009185135 0.9999571 -0.1345614 -0.9909054 -1.89713e-7 0.1345613 0.9909054 0 0.1345616 0.9909053 -1.19408e-7 -0.1345613 -0.9909053 0 -0.0144388 -0.1063266 -0.9942265 0.001247227 0.009185135 0.999957 -0.1345615 -0.9909052 1.99013e-7 0.1345614 0.9909053 0 -0.01443821 -0.1063266 -0.9942265 0.001247406 0.009185135 0.999957 -0.1345614 -0.9909054 0 -0.01444262 -0.1063353 -0.9942255 0.001248419 0.009194195 0.999957 0.1345614 0.9909053 0 -0.01443904 -0.1063266 -0.9942265 -0.9909052 0.1345619 1.7698e-7 -8.17427e-7 -1 0 5.56768e-7 0 1 -1 6.22877e-7 4.06439e-7 1.40045e-7 0 -1 -8.93791e-7 0.09410464 -0.9955623 0.9996222 -0.02748715 -3.19027e-7 0.9214466 -0.388505 -3.39142e-7 -0.04049152 0.265035 -0.9633882 -0.9999024 0.01397305 0 -1.43017e-6 0 -1 0.9433341 -0.3318446 -4.92465e-7 -0.9748146 0.2230172 0 -0.9909052 0.1345615 2.73755e-6 0.1345614 0.9909054 1.35884e-7 0.001247227 0.009185135 -0.999957 0.1345614 0.9909053 1.76159e-7 -0.01443821 -0.1063266 0.9942265 -0.1345615 -0.9909052 -1.47478e-7 0.001247227 0.009185135 -0.9999571 1 -2.76835e-7 -2.0322e-7 6.68764e-4 0.1247651 -0.9921862 -1 0 1.56254e-7 -0.04880237 0.2971462 -0.953584 0.9393735 0.3428957 0 -0.9909055 0.1345594 2.63455e-7 -0.9909051 0.1345627 4.99474e-7 -0.9909056 0.1345593 2.78954e-7 -0.9909052 0.1345627 5.34255e-7 -0.9909054 0.1345605 5.64236e-7 -0.9909052 0.1345628 5.86506e-7 -0.1345614 -0.9909053 -3.19677e-7 -0.01443904 -0.1063266 0.9942265 0.001244783 0.009185492 -0.9999571 -0.1345614 -0.9909054 0 0.1345613 0.9909054 1.71559e-7 0.1345617 0.9909053 -1.19408e-7 -0.1345613 -0.9909053 -1.58818e-7 -0.01443701 -0.1063359 0.9942255 0.001247227 0.009185135 -0.999957 -0.1345614 -0.9909052 1.99013e-7 0.1345613 0.9909053 1.91103e-7 -0.01443845 -0.1063267 0.9942265 -0.1345615 -0.9909053 -2.16874e-7 -0.01443862 -0.1063267 0.9942265 0.001244783 0.009185492 -0.999957 0.1345613 0.9909053 2.35916e-7 -0.01443862 -0.1063267 0.9942265 8.98155e-7 -1 -4.37047e-7 -8.17428e-7 -1 6.96748e-7 -3.10153e-7 0 -1 -1 3.46043e-7 4.0644e-7 -5.56768e-7 0 1 2.06592e-6 0 1 -1 0 2.69465e-7 -1 -2.47426e-7 6.26466e-7 0.1198582 -0.1128911 0.9863517 -0.04161441 -0.1370069 0.9896956 0.9414612 0.3371214 0 1 0 -3.04563e-7 -0.9970598 0.06762683 0.03603416 -0.9971449 0.06115663 0.04429554 -0.89987 0.2879816 -0.327568 -0.9303138 0.3635096 0.04875731 -0.9303598 0.3631016 0.05087071 -0.05907315 -0.1497287 0.9869609 -0.9860851 0.1659991 -0.008975386 -0.9664778 -0.2557348 -0.02281498 0.803377 0.5917568 0.06640285 -0.9739125 -0.2264409 -0.01479405 0.995472 0.09415817 0.01303577 1 -2.39641e-7 -1.91127e-7 0 -0.2263706 0.9740413 0.06797504 -0.9976871 -2.68321e-7 0.2084226 0.1535214 0.9659148 0 0.1577507 0.987479 -0.9999322 7.66617e-7 -0.01165556 -0.9999321 5.06321e-7 -0.01165843 0.06796836 -0.9975839 -0.01437807 0.06796836 -0.9975839 -0.01437932 0.06796663 -0.9975847 -0.01433432 0.06796663 -0.9975846 -0.01433604 0.06796693 -0.9975843 -0.01435643 0.9358993 0.3473663 0.0585615 -0.9997915 0.01694303 -0.01139825 0.9999321 -1.71174e-6 0.01165747 0.8051546 0.593065 -4.57849e-7 1 0 -2.37001e-7 0.3670084 0.9302178 -9.83029e-7 -1 -5.19326e-7 3.04563e-7 -0.9324605 -0.3612722 3.76845e-7 -0.9959367 0.09005725 3.00292e-7 -0.9590002 0.2834054 7.46797e-7 -0.9597153 -0.1716875 -0.2224183 -2.33293e-7 -1 2.41122e-7 0.2181144 -0.3897703 0.8947097 3.99195e-7 -0.3993855 0.9167832 1 0 -3.54041e-7 -0.9670448 -0.2187893 -0.1302141 -0.9590002 0.2834056 2.79724e-7 -4.62956e-6 4.20681e-6 -1 -2.78096e-6 2.52702e-6 -1 0 -1 0 4.66585e-7 1 0 -1 -4.9485e-7 0 0 -0.1604156 -0.9870496 -0.04161411 -0.1370061 -0.9896958 0.9414614 0.3371209 -5.31473e-7 1 1.22815e-7 -3.04563e-7 0.9957497 0.09210121 -3.13608e-7 -0.9971449 0.06115603 -0.04429519 -0.9970608 0.06762111 -0.0360161 -0.9302411 0.3633457 -0.05129772 -0.930359 0.3631045 -0.05086487 -0.930312 0.3635147 -0.04875081 -0.05907368 -0.1497278 -0.986961 0.7279468 -0.6856336 -1.89646e-6 -0.9860851 0.1659993 0.008976936 -0.9678187 -0.245715 0.05432504 0.8033769 0.5917568 -0.06640481 -0.9742974 -0.2241661 0.02223026 0.995472 0.09415811 -0.01303637 0 -0.2263706 -0.9740413 0.0679751 -0.997687 0 0.2084241 0.1535227 -0.9659143 -2.52367e-7 0.1577508 -0.987479 -0.9324604 -0.3612722 1.88423e-7 -0.9999322 0 0.01165556 -0.9999321 5.06337e-7 0.01166063 0.06796842 -0.9975841 0.01436984 0.06796842 -0.997584 0.0143696 0.06797379 -0.9975836 0.01436823 0.06796669 -0.9975845 0.01434069 0.9434771 0.3305588 -0.02412259 -0.9997915 0.01694321 0.01139914 0.9999321 -1.71174e-6 -0.01165795 1 0 -2.37001e-7 -1 -5.19326e-7 3.04563e-7 -0.9585033 0.2850816 3.69335e-7 -0.9959366 0.09005731 1.51021e-7 -0.994207 -0.1074827 3.54428e-7 0.2181144 -0.3897687 -0.8947104 0 -0.3993851 -0.9167833 1 0 -3.54042e-7 0.2904074 0.9561038 -0.03910338 -0.981743 -0.190212 2.33323e-7 0.8051547 0.593065 2.57669e-7 0 -1 -2.80045e-7 -1 0 2.69465e-7 -1.35508e-7 0 1 -0.9999673 0.008085191 0 -0.9999982 0.001886248 -3.33822e-7 -0.8028815 -0.5961104 -0.005815684 0.6294801 0.7770166 1.84066e-6 0.9930325 0.1178419 9.26543e-5 -0.926353 -0.003421485 0.376641 -0.8516707 -0.3722756 0.368874 0.01089334 -0.9999408 -1.32527e-6 0.9921032 0.1097376 0.06073719 -0.9506593 0.2247434 -0.213863 -0.9663873 0.2567895 -0.01244705 -0.9380925 0.169277 0.3022051 -0.9999159 0.009626924 -0.008691608 0.2013064 0.9479999 -0.2465199 0.9999994 8.23513e-4 8.24612e-4 -0.9965905 -0.05852991 0.05815154 0.001117885 -0.1066931 0.9942914 -0.9145194 0.08447623 0.3956239 0.977198 0.2123305 -1.36213e-7 4.72755e-4 -0.03345561 0.9994402 0.9987393 0.03116458 -0.03935271 -0.9980058 -0.06296908 0.004413068 -0.7361218 -0.5641149 0.3740308 -0.9513344 -0.3081584 -0.001177012 -0.9930324 -0.1178418 -2.15045e-4 1.62304e-6 -1.08016e-6 1 -0.00396043 -0.9998696 0.01566296 0.8026801 -0.5964095 -8.07093e-4 -0.004087805 0.9940018 -0.1092877 -0.9999997 8.78878e-4 2.24968e-4 -0.9879155 0.1478493 -0.04651516 0 -0.06553423 0.9978503 0.002838432 -0.236924 0.9715241 0.3768849 0.07693523 0.9230595 -0.003382384 0.9999943 4.00974e-4 0.04885804 -0.9986884 -0.01530909 -0.5849026 -0.0119552 0.8110154 -0.9244707 0.08201175 0.3723279 -0.6738278 0.1791772 0.7168345 -0.8826804 0.254508 0.3950963 -0.6457752 0.1559754 0.7474263 -0.9105334 0.06547576 0.4082179 0.8028109 -0.5962338 3.11818e-4 0.9464414 0.3228758 -1.17526e-6 -0.8948897 -0.01828801 0.4459125 -0.9436907 0.3144287 0.1028709 -0.9057323 0.2439756 0.3465905 -0.8764217 0.2649395 0.4021098 -0.8339948 0.5517315 0.006734609 -0.8620945 0.07947868 0.5004761 -0.9327379 0.05942493 0.3556246 -0.3244104 -0.6040064 0.7279658 -0.9718876 0.2354 0.004634082 -0.8517084 0.2551709 0.4576907 -0.9465243 0.3028566 0.1112191 0.9464921 0.3227272 0 0.9999487 -0.01010656 7.39308e-4 0.008241474 -0.3037484 0.9527167 -3.03151e-5 -0.8238331 0.5668324 0.9939377 0.1099452 -1.73452e-6 1.99205e-4 1 -3.51808e-4 2.15013e-4 0.8757086 0.4828397 -0.001090049 -0.003768146 -0.9999924 0.956611 0.291367 -9.12107e-4 0.9762827 0.03046435 -0.2143458 0.8550598 0.5185295 2.78842e-7 -0.2079128 -0.9781473 -2.40662e-4 -0.9713544 0.2376265 -0.002105116 0.002305448 0.001214027 0.9999966 -0.9999982 0.001917481 9.07819e-7 -0.637239 -0.770666 -7.33672e-4 0.9404417 -4.39707e-6 -0.339955 0.9425871 2.13651e-4 -0.3339606 0.9419929 5.75548e-4 -0.3356322 0.08639049 1.44118e-5 -0.9962614 0.08636033 1.86317e-6 -0.9962641 0.0862146 0.005485117 -0.9962615 0.08581006 0.01006728 -0.9962607 0.08802223 1.96185e-4 -0.9961186 0.5593144 -0.0743094 -0.8256182 -0.991298 0.1316319 -0.001210629 -0.9695078 0.05165153 0.2395557 -0.9647359 0.2404083 0.1071854 -0.005397737 -5.32042e-4 0.9999853 -0.9394879 0.3006936 0.1641522 -0.8648702 0.2591133 0.4299533 -0.1176975 0.9894528 -0.08444285 -0.9999968 -0.001552343 -0.002035975 0.8731114 -0.1227921 -0.4718036 0.8728658 -0.1230403 -0.4721932 -0.001080155 0.9999994 -3.51021e-4 -2.47513e-4 -2.2871e-4 -1 -0.6421728 -0.76656 -2.11199e-7 -0.9999948 2.1283e-5 0.003250837 -0.9965621 0.08269643 0.005043327 0.009539902 -0.9999539 -0.00118649 0.2276344 0.685248 -0.6918222 0.1477621 -0.061531 -0.9871071 0.9736115 -0.1359435 -0.1833036 -0.9885454 0.1479114 0.03000527 -0.9840877 0.1442589 0.1037355 -0.006841421 -0.9999767 3.27553e-7 -1.65292e-6 -2.29414e-4 -1 -0.988355 0.1519476 -0.008152306 0.9999992 -8.43782e-4 -9.81716e-4 6.52863e-4 -0.05545002 -0.9984613 0.9938551 0.1092481 -0.01780742 -2.11098e-4 0.149764 -0.9887218 -0.001093864 0.9799333 -0.1993234 0 0.1099209 -0.9939404 0.003149211 -0.0020684 0.999993 0.001778423 0.9999976 -0.001303732 0.00161004 -0.9999954 0.002611398 0.002996325 -0.7007465 -0.7134041 0.9998181 2.88495e-4 0.01907253 -0.9999943 0.001989543 0.00276786 0.9999977 0.001057028 -0.001875519 -0.1909218 0.001773715 -0.9816038 0.9208527 2.64442e-4 -0.3899109 0.001245915 -0.001701116 0.9999978 -0.01852101 -0.9948207 0.09994518 1 0 -6.41044e-7 -0.9999983 1.80286e-4 0.001812994 0.001248657 0.9948223 -0.1016219 0.001247048 0.1311846 0.9913573 -1 1.16619e-6 1.05924e-6 0 -0.1328698 -0.9911336 -0.7278578 -2.03654e-4 -0.6857281 -8.77952e-4 0.999998 0.001805007 1 -1.57973e-5 0 -0.02541851 -0.9990335 -0.0358603 -0.9999897 0.002205133 -0.003965377 -0.8898094 -0.00756818 -0.4562696 -0.9674818 0.2529408 -1.01001e-4 -0.8516708 -0.3722754 -0.368874 0.8368507 0.5474314 0 -0.9506599 0.2247414 0.2138624 -0.9959678 0.08962237 0.004024088 -0.8459205 -0.5332853 -0.005027949 -0.9496495 0.06686294 -0.3060966 0.3215554 0.901827 0.2886351 0.9999994 8.2351e-4 -8.24825e-4 -0.9977217 -0.02629762 -0.062128 -0.9929975 -0.118108 -0.002519905 0.001118957 -0.1066931 -0.9942914 -0.9884559 0.1514986 -0.001761794 -0.891422 0.09907072 -0.4422124 0.9988484 0.005407154 0.04767298 -0.9980993 -0.02864617 -0.05456465 -0.515322 -0.8164415 -0.2605123 -0.004056155 -0.9998697 -0.01563185 -8.85718e-5 1.04515e-4 -1 -6.75486e-4 0.9938418 0.1108066 0.9999989 4.78311e-5 -0.001472413 -0.9999988 0.001348316 -7.53149e-4 0.03590339 -0.03321534 -0.9988031 1.33466e-6 -0.2374696 -0.971395 -0.995546 0.07696139 -0.05445468 -0.9879155 0.1478496 0.04651582 -1.24301e-5 -0.06553685 -0.9978502 0.3768849 0.0769357 -0.9230594 -0.001251101 0.9999981 -0.001525998 -0.003261804 0.9999946 -4.74156e-4 -0.003382384 0.9999943 -4.01622e-4 0.04885774 -0.9986885 0.01530766 -0.7486258 -0.6628908 -0.0116297 -0.5849014 -0.01195466 -0.8110164 -0.6739731 0.1928786 -0.7131326 -0.8826809 0.2545073 -0.3950955 -0.6417772 0.1922765 -0.7423961 -0.6457741 0.1559751 -0.7474274 -0.926023 0.05918133 -0.3727989 0.8028109 -0.5962338 -3.13169e-4 -0.8684065 0.3181648 -0.3803173 -0.9057316 0.2439773 -0.3465911 -0.8624534 0.2726526 -0.4264211 -0.8339948 0.5517314 -0.006734549 -0.8620955 0.07947713 -0.5004745 -0.9934603 0.0357598 -0.1084343 -0.3612432 -0.5738679 -0.7349687 -0.9648609 0.2398584 -0.1072908 -0.8359187 0.2623462 -0.4820939 -0.9456881 0.3049254 -0.1126711 0.9464921 0.3227272 0 0.9999487 -0.01010638 -7.40194e-4 0.00823915 -0.3037446 -0.952718 0.001316964 -0.8230125 -0.5680217 0.9939378 0.1099442 -1.21568e-6 1.99205e-4 1 3.51355e-4 4.21367e-4 0.875721 -0.4828174 0.976283 0.03046435 0.2143442 -0.09508925 0.9952527 -0.02073866 -0.2085489 -0.9780119 5.31108e-4 0.2076206 0.9781921 -0.005821824 8.55247e-5 0.9984511 0.05563759 0.00200361 1.2215e-4 -0.999998 -0.9713467 0.2376574 0.002141594 0.002313554 0.001225709 -0.9999967 -0.9999981 0.001965463 0 -0.5876839 -0.8090842 -0.003237783 -0.6372205 -0.7706814 6.93336e-4 0.9425871 2.13566e-4 0.3339604 0.9405244 -2.90424e-4 0.3397262 0.941991 5.75164e-4 0.3356379 0.08635973 1.91963e-6 0.9962641 0.08639007 1.44643e-5 0.9962614 0.08802902 1.95015e-4 0.9961179 0.08581042 0.01008665 0.9962604 0.08621561 0.005495011 0.9962614 0.5593124 -0.0743097 0.8256198 -0.9962859 0.02605688 -0.08207088 -0.9551062 0.03076756 -0.2946617 -0.9225484 0.2442001 -0.2987824 -0.005077838 0.003578186 -0.9999808 -0.9394983 0.300687 -0.1641052 -0.9663449 0.2569601 0.01221287 -0.8495036 0.2668277 -0.4551337 -0.9162165 -2.36933e-4 -0.4006838 0.8738257 -0.1228135 0.4704737 0.8728675 -0.1230406 0.4721903 -0.304856 -0.04067015 0.9515298 -0.9999963 6.15581e-5 -0.00273776 0.009539067 -0.9999538 0.001183509 -0.5966816 -0.7945969 -0.112191 0.2455711 0.6887235 0.6821693 0.1477675 -0.06153333 0.9871062 -0.09820079 -0.01111346 -0.9951046 0.9736101 -0.135985 0.1832805 0.9845322 -0.1751993 -0.001265645 -0.988546 0.1479076 -0.0300039 -0.9840878 0.1442596 -0.1037319 0 -2.29679e-4 1 -0.9869756 0.1608706 -1.22479e-5 1 2.14239e-7 -1.39981e-7 -1 0 1.41928e-7 6.52863e-4 -0.05545002 0.9984613 -0.9941182 -0.1078322 -0.01007157 1.77421e-4 0.1481499 0.9889649 0 0.10992 0.9939404 -0.9954452 0.07651424 -0.0568729 0.003149151 -0.0020684 -0.9999929 0.001817166 0.9999976 0.001332163 0 -0.9999982 0.001917481 -0.01366317 -0.7179051 0.6960069 0.9998182 2.88493e-4 -0.0190733 0.9999976 0.001088201 0.001916587 -0.190921 0.001725733 0.981604 0.9210273 0 0.3894982 0.0175001 0.9955862 0.09220659 0.001246273 -0.001701176 -0.9999978 -0.02137255 -0.9950277 -0.09727889 1 0 -3.20523e-7 -0.9999978 -0.001345455 0.001625061 0.001702606 0.9945176 0.1045551 0 0.1328711 -0.9911333 -1 1.86593e-5 1.64386e-6 0.001247584 -0.1310871 0.9913702 -0.9521688 -0.3055516 -0.003580451 -0.9977832 0.04501742 -0.04901242 -0.9882001 0.04442119 -0.1465858 -0.9691152 0.04339742 -0.2427604 -0.9407134 0.04195618 -0.3365979 -0.9033063 0.03888869 -0.4272301 -0.85724 0.03350013 -0.5138264 -0.8029341 0.02661454 -0.5954734 -0.7408127 0.01905596 -0.6714413 -0.6715054 0.01159602 -0.740909 -0.5956953 0.004905462 -0.8031955 -0.5141078 -4.84407e-4 -0.8577254 -0.4275363 -0.004213333 -0.9039884 -0.3368992 -0.006108462 -0.9415209 -0.2429898 -0.006187736 -0.9700092 -0.1467435 -0.003858566 -0.9891671 -0.04904115 -0.001670479 -0.9987954 0.04904174 0.001632511 -0.9987955 0.1467419 0.005565643 -0.9891592 0.2429825 0.009575545 -0.9699835 0.3368785 0.01329582 -0.9414542 0.4274756 0.01687151 -0.9038695 0.5140048 0.02028673 -0.8575474 0.5955387 0.02350455 -0.8029827 0.6713144 0.02649527 -0.740699 0.7406226 0.02923095 -0.6712852 0.903412 0.03565585 -0.4272885 0.940889 0.0371353 -0.3366736 0.9693225 0.0382573 -0.2427968 0.9884237 0.03901118 -0.1466183 0.9980205 0.0393899 -0.04902553 0.9980204 0.03938996 0.04902881 0.9884237 0.03901118 0.1466176 0.9693225 0.0382573 0.2427968 0.940889 0.0371353 0.3366734 0.9034234 0.03565526 0.4272645 0.8572375 0.03383344 0.5138086 0.8027974 0.03168481 0.5954095 0.7406232 0.02923095 0.6712845 0.6713492 0.02649664 0.7406674 0.5955387 0.02350473 0.8029827 0.5139591 0.02028489 0.8575749 0.427528 0.01687365 0.9038446 0.3368198 0.01329356 0.9414753 0.2429843 0.009580492 0.9699829 0.1467418 0.005620062 0.9891589 0.04904168 0.001807451 0.9987952 -0.0490424 -0.001311123 0.9987959 -0.146744 -0.003261387 0.9891691 -0.2429943 -0.00560224 0.9700116 -0.3368396 -0.005265891 0.9415474 -0.4275903 -0.003109335 0.9039673 -0.5140686 8.68911e-4 0.8577487 -0.5956825 0.006461322 0.803194 -0.6715256 0.01329445 0.7408621 -0.7407866 0.02081972 0.6714178 -0.8028736 0.02834928 0.595475 -0.8571926 0.03511375 0.5137977 -0.9032555 0.04029309 0.4272074 -0.9406769 0.04308128 0.3365577 -0.9690804 0.04420918 0.2427526 0.9891751 -3.91978e-7 -0.1467405 -0.9881783 0.04491132 0.1465838 -0.9977757 0.04518109 0.04901528 0.07792592 -0.9969464 -0.005062937 0.07105624 -0.9974724 -2.47835e-6 0.1012981 -0.9948424 -0.005227923 0.07796853 -0.996943 0.005058884 0.1013873 -0.9948337 0.005162775 0.09385597 -0.9954633 0.01561814 0.1068189 -0.9938813 0.02810257 0.1337389 -0.9900249 0.04432421 0.1329659 -0.989965 0.04784888 0.1436503 -0.9881559 0.05396676 0.1551778 -0.9858708 0.06307715 0.10431 -0.9945449 -9.51926e-7 0.1043139 -0.9945445 -1.06739e-6 0.1018261 -0.9948022 1.8775e-6 0.1018721 -0.9947975 -2.46863e-6 0.09736788 -0.9952486 2.4459e-7 0.09737312 -0.995248 1.44817e-6 0.09106314 -0.9958451 -1.06395e-6 0.09107565 -0.9958441 0 0.08293074 -0.9965553 0 0.08296871 -0.9965522 -1.08236e-6 0.07287144 -0.9973413 -1.76206e-7 0.07290834 -0.9973387 -6.86774e-7 0.06068104 -0.9981572 -7.86999e-7 0.06071871 -0.998155 -4.22966e-7 0.04600614 -0.9989412 -6.75198e-7 0.04604727 -0.9989393 -5.76771e-7 0.03797072 -0.9880942 -0.1490911 0.02079719 -0.9980554 -0.05876308 0.01368623 -0.9994699 -0.02953773 0.01008129 -0.9998037 -0.01706016 0.007916986 -0.9999091 -0.01092171 0.006473898 -0.9999526 -0.007285058 0.005440711 -0.9999723 -0.005093336 0.004662215 -0.9999828 -0.003567457 0.004052996 -0.9999887 -0.002464413 0.003348112 -0.9999934 -0.001478314 0.002640068 -0.9999963 -6.42936e-4 0.002129197 -0.9999977 -1.02105e-4 0.002640306 -0.9999963 6.42959e-4 0.003327012 -0.9999933 0.001513183 0.004351079 -0.9999859 0.003056466 0.005444467 -0.9999725 0.005052566 0.006479799 -0.9999526 0.007283806 0.007929623 -0.9999097 0.01085698 0.01010519 -0.9998028 0.01709973 0.01374202 -0.9994658 0.02965611 0.02096813 -0.9980233 0.05924433 0.03875964 -0.9875491 0.152461 0.1329246 -0.9901463 -0.04406195 0.09367209 -0.9954809 -0.0156005 0.1425855 -0.9883306 -0.05359345 0.1064291 -0.9939256 -0.02801227 0.1538321 -0.9861166 -0.06252813 0.1321055 -0.9900949 -0.04754257 -0.9987952 0 0.04907393 -0.9891777 0 0.1467224 -0.9700272 -1.62123e-7 0.2429965 -0.9415459 0 0.3368846 -0.8750535 0 0.4840265 -0.7674525 0 0.6411058 -0.6640275 -1.35044e-7 0.7477082 -0.572061 0 0.8202112 -0.4916368 0 0.8708004 -0.4203763 0 0.90735 -0.3555491 0 0.9346577 -0.2943035 0 0.9557121 -0.2342441 0 0.9721779 -0.1728836 0 0.9849423 -0.107739 -1.2577e-6 0.9941793 0.13902 0 0.9902896 0.2424756 0 0.9701575 0.3368471 0 0.9415594 0.4275885 0 0.9039735 0.5140616 0 0.8577534 0.595703 -9.90403e-7 0.8032048 0.6715893 0 0.7409237 0.7409364 0 0.6715752 0.8032041 0 0.595704 0.8577452 1.62115e-7 0.5140752 0.9039841 1.62123e-7 0.427566 0.9415409 0 0.3368989 0.9700309 1.62124e-7 0.2429817 0.9891777 0 0.1467224 0.9987952 1.21594e-7 0.04907393 0.9987953 0 -0.04907083 0.9891777 1.62123e-7 -0.1467223 0.9700309 0 -0.2429817 0.9415409 1.62126e-7 -0.3368989 0.9039841 0 -0.427566 0.8577286 1.21593e-7 -0.5141029 0.8032267 1.21589e-7 -0.5956736 0.7409359 0 -0.6715758 0.6715546 0 -0.7409552 0.5141075 0 -0.8577258 0.4275377 0 -0.9039976 0.3369109 1.22291e-6 -0.9415366 0.2423529 0 -0.9701882 0.1366316 0 -0.990622 -0.1170085 0 -0.9931309 -0.183474 0 -0.9830245 -0.2455695 0 -0.969379 -0.3059258 0 -0.9520555 -0.3670212 0 -0.9302126 -0.4312126 0 -0.9022503 -0.5012831 0 -0.8652834 -0.5799721 0 -0.8146364 -0.6695926 -1.34144e-7 -0.7427286 -0.7703704 0 -0.6375967 -0.875697 0 -0.4828613 -0.941546 -1.62127e-7 -0.3368846 -0.9700272 0 -0.2429965 -0.9891777 -1.62123e-7 -0.1467224 -0.9987954 0 -0.04907083 -0.9914227 0.1212787 0.04871118 -0.9819955 0.1202887 0.1456557 -0.9632338 0.118155 0.2412887 -0.9353063 0.1148979 0.334665 -0.8850634 0.1077563 0.4528262 -0.8104202 0.09587627 0.5779505 -0.7308454 0.08249217 0.6775397 -0.6511279 0.06894797 0.7558298 -0.5732201 0.05606776 0.817481 -0.4977625 0.0443347 0.8661795 -0.4241454 0.03397351 0.9049567 -0.3513397 0.02505403 0.9359129 -0.2781707 0.01754832 0.9603714 -0.2031776 0.01133298 0.9790764 -0.1248894 0.006215035 0.9921512 -0.04187572 0.001920223 0.999121 0.0470277 -0.001893341 0.9988918 0.1428117 -0.005643367 0.9897339 0.2427566 -0.009581208 0.97004 0.3368201 -0.01329368 0.9414752 0.427527 -0.01687377 0.9038451 0.5139591 -0.02028495 0.8575749 0.5955424 -0.02350467 0.80298 0.6713454 -0.02649688 0.7406709 0.7406226 -0.02923095 0.6712852 0.8027968 -0.03168505 0.5954103 0.857254 -0.03383433 0.513781 0.9408915 -0.03713536 0.3366665 0.9693225 -0.03825718 0.2427973 0.9884235 -0.03901141 0.1466191 0.9980204 -0.03938984 0.04902899 0.9980206 -0.0393899 -0.04902565 0.9884236 -0.03901147 -0.1466188 0.9693223 -0.03825718 -0.2427979 0.9408915 -0.03713536 -0.3366665 0.8572369 -0.03383368 -0.5138095 0.8028194 -0.03168594 -0.59538 0.7406232 -0.02923089 -0.6712845 0.6713106 -0.02649551 -0.7407025 0.5955387 -0.02350455 -0.8029827 0.5140083 -0.02028673 -0.8575454 0.4274732 -0.01687163 -0.9038707 0.3368789 -0.01329588 -0.9414542 0.2426385 -0.00957632 -0.9700696 0.1416125 -0.005595982 -0.9899064 0.04421192 -0.001831054 -0.9990205 -0.04605543 0.001930654 -0.9989371 -0.1301711 0.006113469 -0.9914728 -0.2091583 0.01107227 -0.9778192 -0.2846453 0.01708936 -0.9584807 -0.357886 0.02436822 -0.9334474 -0.4304395 0.03304398 -0.9020144 -0.5035176 0.04316097 -0.8629063 -0.5781748 0.05467069 -0.8140793 -0.6549451 0.06736636 -0.7526677 -0.733441 0.08080923 -0.6749328 -0.8117655 0.09421914 -0.576333 -0.8854897 0.1063157 -0.452333 -0.9354271 0.1137915 -0.3347055 -0.9633252 0.1173576 -0.2413126 -0.9820531 0.1198077 -0.1456639 -0.9914425 0.1211178 -0.04870849 0 1 6.52316e-5 0 1 -2.04094e-5 0 1 -7.03521e-7 0 1 2.10418e-6 0 1 1.30463e-4 0 1 -2.10318e-6 0 1 -2.60892e-4 0 1 2.92666e-6 0 1 -1.69685e-4 0 1 -6.9517e-6 -2.40167e-6 1 1.0597e-5 -2.95737e-5 1 5.21847e-4 -3.73076e-6 1 8.41569e-6 -4.91512e-6 1 0 -4.72835e-6 1 1.35832e-5 0 1 -3.2817e-4 -1.35912e-6 1 4.34391e-6 0 1 3.34893e-4 0 1 -5.2204e-4 0 0.9999999 5.21597e-4 0 1 2.88482e-5 0 1 -2.10383e-6 0 1 -1.30446e-4 -7.3607e-7 1 7.83339e-7 0 1 2.10374e-6 0 1 1.30446e-4 0 1 2.10383e-6 -7.43883e-7 1 -1.50113e-6 0 1 -4.92813e-5 0 0.9999999 -5.21597e-4 0 1 -2.76024e-6 0 1 3.39425e-4 0 1 1.12567e-5 0 1 3.3493e-4 0 1 -5.21972e-4 5.85353e-6 1 2.04331e-5 1.36004e-5 1 -6.32631e-6 1.72835e-4 1 -2.60892e-4 -4.41542e-5 1 -6.98957e-5 0 1 -1.30421e-4 -0.9039881 0 -0.4275578 0.5141061 2.05789e-6 0.8577267 0.9987954 0 -0.04907047 -0.8577156 0 -0.5141246 0.4275736 2.20485e-6 0.9039807 -0.8032035 0 -0.5957047 0.3368715 0 0.9415507 -0.7409597 -1.61933e-6 -0.6715496 0.2429909 2.3519e-6 0.9700286 -0.5956775 0 -0.8032238 -0.5141061 0 -0.8577267 -0.04907172 0 0.9987953 -0.427585 0 -0.9039753 -0.3368663 0 -0.9415525 -0.2429886 0 0.9700292 -0.3369393 2.26708e-6 0.9415264 -0.4275172 0 0.9040072 -0.04907172 0 -0.9987953 -0.5141068 2.04859e-6 0.8577263 0.04907292 0 -0.9987952 -0.5957298 1.96034e-6 0.8031849 -0.6715393 0 0.740969 -0.7409593 1.63381e-6 0.6715499 -0.8032035 0 0.5957047 0.4275814 0 -0.9039769 -0.8577373 1.2277e-6 0.5140886 0.9987952 0 0.04907435 0.5141121 0 -0.8577231 -0.9039881 0 0.4275578 0.9891751 3.91978e-7 0.1467405 0.9700378 3.91972e-7 0.2429542 0.6715331 0 -0.7409746 -0.9700309 0 0.2429818 0.9415412 0 0.336898 0.7409632 -1.56789e-6 -0.6715456 -0.9891765 3.24834e-7 0.1467308 0.9039883 0 0.4275574 -0.9987954 0 0.04907059 0.8577203 0 0.5141168 0.8577205 0 -0.5141164 -0.9987952 0 -0.04907435 0.8032264 1.46989e-6 0.595674 0.9039885 0 -0.4275569 -0.9891765 -3.85961e-7 -0.1467308 0.7409272 0 0.6715855 0.9415413 0 -0.3368979 -0.9700355 0 -0.2429631 0.6715769 1.86185e-6 0.7409349 0.9700331 0 -0.2429729 0.5956827 0 0.8032199 -0.04789149 0.9431469 0.3289077 4.91929e-7 0 1 -0.08073657 -0.003840982 -0.9967281 0 -0.9945468 -0.1042911 0 -0.9919213 -0.1268553 -0.9881348 -1.60851e-7 0.1535895 1 1.63849e-7 -2.35998e-7 0 0.9925813 0.1215835 -0.999635 0 -0.02701687 0.9881348 1.6272e-7 -0.1535892 0 0.9896036 0.1438217 0.04806309 -0.9465231 -0.3190364 -0.9979208 -0.04747599 -0.04359078 0.9985995 0.047508 0.02328604 0.9995609 0.01502782 0.02554154 0.235033 0.9161053 0.324824 0.0831753 0.001250445 0.9965342 -0.02704054 -0.9478641 -0.3175256 -0.04789054 0.9431517 -0.3288941 -0.0830025 -9.00049e-4 0.996549 -1 -1.63849e-7 0 0 -0.9945474 0.1042858 0 -0.9919211 0.1268566 -0.988135 0 -0.1535881 1 0 -2.5276e-7 0 0.9925815 -0.1215814 -0.9985981 -0.047508 0.02334189 0 -0.9482204 0.3176133 0.988135 3.2544e-7 0.1535882 0 0.9896032 -0.1438251 -0.9984156 -0.05069786 0.02441775 0.9985994 0.04750794 -0.02328693 0.9995608 0.01502776 -0.02554142 0.2347438 0.9155499 -0.3265942 0.08317416 0.001250445 -0.9965342 -0.02704024 -0.9478607 0.3175361 0.04000824 0.1307277 -0.9906108 -0.1120318 0.9899408 0.08640605 -0.0399807 -0.1307252 0.9906122 0.1135535 -0.9866007 -0.1171526 0.9895321 0.1010313 0.1030492 -0.9928492 -0.1080798 -0.05068743 -0.9841814 -0.0944513 -0.149887 0.9437013 0.322142 0.07518368 -0.1133451 0.9866235 0.1171622 0.1136861 -0.9855625 -0.1254679 -0.9684767 -0.08176529 -0.2353029 0.9780151 0.1390355 0.1554207 0.9280921 0.3283287 0.1756282 -0.989532 -0.1010317 -0.1030493 0.1120323 -0.9899405 -0.08640885 0.965699 0.1037355 0.2380431 -0.1136959 0.9855618 0.125464 0.04000753 0.1307277 0.9906108 -0.1120218 0.9899414 -0.08641433 -0.03999638 -0.1307234 -0.9906119 0.1135309 -0.986603 0.1171548 0.9839286 0.1197187 -0.1324848 -0.9928492 -0.1080803 0.05068838 -0.9841813 -0.09445178 0.1498871 0.9730287 0.2302086 -0.01480621 0.1136931 -0.9855613 0.1254702 -0.1133674 0.9866214 -0.1171582 -0.968477 -0.08176589 0.2353014 0.9053322 0.3041701 -0.2964022 0.9376763 0.3093223 -0.158376 -0.9895321 -0.1010312 0.103049 0.1123335 -0.9899061 0.08641356 0.9532592 0.1194344 -0.2775472 -0.113695 0.9855611 -0.1254707 0.03154581 0.12856 -0.9912 -0.09036713 0.9904925 0.1037229 -1.81683e-5 -0.1257812 0.992058 0.08998101 -0.9906479 -0.1025685 0.9831693 0.06844538 0.1693909 -0.9940584 -0.08181506 -0.0717926 -0.9866536 -0.0717042 -0.146196 0.9922441 0.0785349 0.09635424 -0.08998078 0.9906477 0.1025707 0.9959085 0.0897538 0.01051419 -0.9957394 -0.08731055 -0.02966284 0.09036028 -0.9880001 -0.1252629 -0.9908451 -0.07652229 -0.1112221 0.9867568 0.07180839 0.1454464 -0.9957935 -0.08772182 -0.02646148 0.09036993 -0.9904922 -0.103723 0.9770492 0.06358546 0.2033025 -0.09037441 0.9879983 0.1252671 0.03154569 0.1285603 0.9911999 -0.09036821 0.9904925 -0.1037213 3.57777e-5 -0.1257783 -0.9920584 0.08961123 -0.9906853 0.102531 0.9831692 0.0684449 -0.169392 -0.9940583 -0.08181536 0.07179313 -0.9866535 -0.07170504 0.1461969 0.992244 0.07853531 -0.09635466 -0.08998119 0.9906475 -0.1025718 0.9959084 0.08975404 -0.01051497 -0.9957394 -0.08731073 0.02966368 0.09036672 -0.9879988 0.1252688 -0.9908451 -0.0765224 0.1112229 0.9867567 0.07180875 -0.1454467 -0.9957935 -0.087722 0.02646178 0.09025156 -0.9905037 0.1037176 0.9770492 0.06358498 -0.2033025 -0.09037518 0.9879989 -0.1252624 -0.2817472 -0.1515899 0.9474381 0.1101239 -0.986025 -0.1250099 -0.9898604 -0.09744668 -0.1033475 -0.1170496 0.9906939 0.06946259 0.9917863 0.1172467 -0.05112117 -0.9937978 -0.1072764 -0.02929037 -0.991612 -0.100431 -0.08136016 0.9842813 0.1256612 -0.1240952 -0.1101385 0.9860212 0.125027 0.1170331 -0.9906955 -0.06946808 -0.1101439 0.9860221 0.1250159 0.9935243 0.1056626 0.04177409 -0.9932948 -0.1047255 -0.04897063 0.9906567 0.09870648 0.09410738 -0.9888913 -0.09606015 -0.1134306 -0.109923 0.9918653 0.06419014 0.1099007 -0.9768049 -0.1837779 0.9937363 0.1068198 0.03282999 0 0.1257783 -0.9920584 0.9930329 0.1038407 0.05570352 -0.9922252 -0.1017225 -0.07170587 -0.2817469 -0.1515896 -0.9474382 -0.9898602 -0.09744697 0.1033487 -0.09511506 0.9926454 -0.07488942 0.9917862 0.1172476 0.05111992 -0.9937978 -0.1072763 0.02929091 -0.991612 -0.1004303 0.08136004 0.9842814 0.1256607 0.1240953 -0.1101219 0.9860242 -0.125018 0.1170327 -0.9906957 0.0694648 -0.1101436 0.9860218 -0.1250179 0.9935242 0.1056625 -0.04177421 -0.993295 -0.1047248 0.0489704 0.9906567 0.0987063 -0.09410852 -0.9888911 -0.09606099 0.1134319 0.1100962 -0.9860258 0.1250284 -0.1099163 0.9918661 -0.06418889 0.9937361 0.1068212 -0.03283077 -4.50682e-5 0.1257769 0.9920586 0.9930326 0.1038436 -0.05570453 -0.9922252 -0.1017223 0.07170659 0.1099413 -0.9772204 0.1815305 0.04703366 0 -0.9988933 0.06029111 -0.03428226 -0.997592 -0.8327943 0 0.5535827 1.80568e-6 1 1.84041e-6 -4.34644e-6 1.02122e-6 -1 -0.9710772 0 -0.2387657 -0.06201517 -0.009932696 0.9980258 -0.1749559 -0.0551185 0.9830323 0.874902 3.7805e-7 -0.4843003 -7.6326e-7 -1 0 0.05690288 0.0179246 -0.9982188 0.06767261 -0.03847926 -0.9969654 -0.1749563 0.05511862 0.9830322 0.06939727 0 -0.9975892 -2.84028e-6 1 1.95001e-6 -0.9498758 0.2992463 -0.09048503 3.70775e-6 1 3.00555e-5 0 -1 -2.06771e-6 0.0568546 -0.01791167 -0.9982218 -0.06781023 0.00706762 0.9976732 -0.949876 -0.2992459 -0.09048563 -0.9433184 0.2971832 -0.1477589 0.9463402 0.2981331 0.1247273 0.06029123 0.03428232 -0.997592 0.9463401 -0.2981335 0.1247271 0.06767207 0.03847938 -0.9969654 0.943051 4.86293e-7 -0.3326485 0.9430475 -4.86307e-7 -0.3326583 -0.05865859 0 0.9982781 -0.02036583 -0.9378066 0.3465603 -0.02036243 0.9378045 0.3465663 0.9989347 5.02701e-7 0.0461471 -0.3096908 -0.09756428 -0.9458186 -0.9433116 -0.2971749 -0.1478191 0.8546387 0.1402889 -0.4999117 -0.7595112 0.1979962 0.6196292 0 0 1 -1.34983e-6 0 -1 0.2932043 -0.9560498 0 -1 8.95201e-7 0 0.1680095 0.9857854 0 0.807891 0.5893319 0 0.1293745 -0.9915959 0 -0.8904762 -0.4550298 0 1.16596e-6 0 -1 0.2304657 0.9730805 0 0.9996715 -0.02563381 0 -0.01640772 -3.06165e-6 -0.9998655 -0.01658242 0 0.9998626 0.7221378 0.6917493 0 0.2012801 0 -0.9795337 0.1920453 9.47646e-4 0.9813857 -0.7197478 -0.6942356 0 -0.9949753 0.1001201 0 -0.9998545 -0.0170595 0 -0.9999519 -0.009808719 -3.38725e-7 -0.1816163 -0.9826111 0.03861266 0.9999879 0.004932641 -3.40697e-7 0.2146682 0.9766871 0 0.9999879 0.004932522 0 -0.999952 -0.009808897 0 0.8883283 0.004382133 -0.4591881 -0.888303 -0.008714199 0.4591752 0.999952 0.009808897 -2.65815e-7 -0.9496261 -0.3133854 7.20428e-7 -1.51984e-6 0 -1 0.1127803 -0.99362 0 0.1972565 0.9803519 0 0.2932037 -0.95605 0 -0.0165829 0 0.9998625 0.8078913 0.5893317 0 -4.10662e-7 0 1 0.1293746 -0.9915959 -1.20731e-6 -0.8904753 -0.4550316 4.33454e-6 1.21552e-7 0 -1 0.2304607 0.9730817 2.2854e-6 1 9.01184e-7 0 -0.01658266 0 -0.9998626 -0.01658248 2.14322e-4 -0.9998625 -0.01658248 0 0.9998626 0.7221391 0.6917479 0 0.192036 9.47287e-4 -0.9813875 -0.719748 -0.6942355 0 0.1920359 9.47286e-4 0.9813875 -7.38214e-7 0 -1 -0.9949752 0.1001214 0 -0.9999519 -0.009808719 1.0016e-6 -0.1817511 -0.9833446 0 0.9999879 0.004932403 0 0.9999879 0.004933118 0 -0.9999519 -0.009809136 0 0.888327 0.004382431 0.4591907 -0.8883016 -0.008713424 -0.4591781 0.9999519 0.009809732 -2.50152e-7 -0.9496259 -0.3133857 0 0.1680064 0.985786 -3.84531e-7 0 0 1 1 -9.24251e-7 0 -0.3110715 -0.9503866 0 -1 1.46317e-6 0 0 0 -1 2.44693e-6 7.5108e-6 1 -7.10427e-7 1 0 -0.3110715 -0.9503866 0 -1.52933e-7 0 1 0 0 -1 0.3110721 0.9503864 0 2.04156e-6 0 1 0.458858 0.8885097 0 -0.6207787 -0.783986 0 0 0 -1 0.492521 0.8703006 3.64809e-7 0 -1 2.8722e-7 0.4925206 0.8703008 0 0.9914273 0 0.13066 0.9914273 0 -0.1306602 -1.48403e-6 1 -1.43611e-7 2.88874e-7 0 1 0.3823344 0.9240241 0 0.4312877 0.9022146 0 -7.80014e-7 -1 0 -0.5164125 -0.8563399 0 0.841666 0 -0.5399985 0.8416629 0 0.5400033 -0.5164166 0.8563375 0 0.04703569 0 0.9988933 0.03847318 0.02309101 0.9989929 -0.832794 -2.56344e-7 -0.553583 9.02841e-7 1 -7.36162e-6 -0.9710768 1.79401e-7 0.2387678 0 -1 -6.90152e-6 -0.1749534 -0.05511772 -0.9830328 0.8748962 0 0.4843106 0.0676741 -0.03848028 0.9969652 0.06939905 0 0.9975891 -0.9498756 0.2992468 0.09048604 -1.88668e-7 -1 1.68692e-6 0 1 -2.06771e-6 0.0568546 -0.01791167 0.9982218 -0.9433109 0.2971807 0.1478117 0.9463401 0.2981331 -0.1247281 0.06029021 0.03428179 0.997592 -0.05865716 0.004104912 -0.9982698 0.07487517 0.02358853 0.9969139 0.9430493 4.86308e-7 0.3326534 0.9430471 -4.86307e-7 0.3326594 0 -1 5.85004e-6 2.15742e-7 0 -1 -0.05865991 0 -0.9982781 -0.0203647 -0.9378046 -0.3465656 -0.02036434 0.9378061 -0.346562 0.9989346 0 -0.046148 -0.3096702 0.0975579 0.9458261 -0.3096695 -0.09755748 0.9458263</float_array>
          <technique_common>
            <accessor source="#Cylinder_016-mesh-normals-array" count="6930" stride="3">
              <param name="X" type="float"/>
              <param name="Y" type="float"/>
              <param name="Z" type="float"/>
            </accessor>
          </technique_common>
        </source>
        <source id="Cylinder_016-mesh-map-0">
          <float_array id="Cylinder_016-mesh-map-0-array" count="42696">1 0.5 0.984375 1 0.984375 0.5 0.984375 0.5 0.96875 1 0.96875 0.5 0.96875 0.5 0.953125 1 0.953125 0.5 0.953125 0.5 0.9375 1 0.9375 0.5 0.9375 0.5 0.921875 1 0.921875 0.5 0.921875 0.5 0.90625 1 0.90625 0.5 0.90625 0.5 0.890625 1 0.890625 0.5 0.890625 0.5 0.875 1 0.875 0.5 0.875 0.5 0.859375 1 0.859375 0.5 0.859375 0.5 0.84375 1 0.84375 0.5 0.84375 0.5 0.828125 1 0.828125 0.5 0.828125 0.5 0.8125 1 0.8125 0.5 0.8125 0.5 0.796875 1 0.796875 0.5 0.796875 0.5 0.78125 1 0.78125 0.5 0.78125 0.5 0.765625 1 0.765625 0.5 0.765625 0.5 0.75 1 0.75 0.5 0.75 0.5 0.734375 1 0.734375 0.5 0.734375 0.5 0.71875 1 0.71875 0.5 0.71875 0.5 0.703125 1 0.703125 0.5 0.703125 0.5 0.6875 1 0.6875 0.5 0.6875 0.5 0.671875 1 0.671875 0.5 0.671875 0.5 0.65625 1 0.65625 0.5 0.65625 0.5 0.640625 1 0.640625 0.5 0.640625 0.5 0.625 1 0.625 0.5 0.625 0.5 0.609375 1 0.609375 0.5 0.609375 1 0.59375 0.5 0.609375 0.5 0.59375 1 0.578125 0.5 0.59375 0.5 0.578125 1 0.5625 0.5 0.578125 0.5 0.5625 1 0.546875 0.5 0.5625 0.5 0.546875 1 0.53125 0.5 0.546875 0.5 0.53125 1 0.515625 0.5 0.53125 0.5 0.515625 1 0.5 0.5 0.515625 0.5 0.5 1 0.484375 0.5 0.5 0.5 0.484375 1 0.46875 0.5 0.484375 0.5 0.46875 1 0.453125 0.5 0.46875 0.5 0.453125 1 0.4375 0.5 0.453125 0.5 0.4375 1 0.421875 0.5 0.4375 0.5 0.421875 1 0.40625 0.5 0.421875 0.5 0.40625 1 0.390625 0.5 0.40625 0.5 0.390625 1 0.375 0.5 0.390625 0.5 0.375 1 0.359375 0.5 0.375 0.5 0.359375 1 0.34375 0.5 0.359375 0.5 0.34375 1 0.328125 0.5 0.34375 0.5 0.328125 1 0.3125 0.5 0.328125 0.5 0.3125 1 0.296875 0.5 0.3125 0.5 0.296875 1 0.28125 0.5 0.296875 0.5 0.28125 1 0.265625 0.5 0.28125 0.5 0.265625 1 0.25 0.5 0.265625 0.5 0.25 1 0.234375 0.5 0.25 0.5 0.234375 1 0.21875 0.5 0.234375 0.5 0.21875 1 0.203125 0.5 0.21875 0.5 0.203125 1 0.1875 0.5 0.203125 0.5 0.1875 1 0.171875 0.5 0.1875 0.5 0.171875 1 0.15625 0.5 0.171875 0.5 0.15625 1 0.140625 0.5 0.15625 0.5 0.140625 1 0.125 0.5 0.140625 0.5 0.125 1 0.109375 0.5 0.125 0.5 0.109375 0.5 0.09375 1 0.09375 0.5 0.09375 0.5 0.078125 1 0.078125 0.5 0.078125 0.5 0.0625 1 0.0625 0.5 0.0625 0.5 0.046875 1 0.046875 0.5 0.046875 0.5 0.03125 1 0.03125 0.5 0.3125 1 0.296875 1 0.296875 1 0.03125 0.5 0.015625 1 0.015625 0.5 0.015625 0.5 0 1 0 0.5 0.9888443 0.2735241 0.7735241 0.01115566 0.5111557 0.2264759 0.4495527 0.3833369 0.2968217 0.4853885 0.2031783 0.01461148 0.703125 1 0.71875 1 0.703125 1 0.171875 1 0.15625 1 0.15625 1 0.5625 1 0.578125 1 0.5625 1 0.03125 1 0.015625 1 0.015625 1 0.984375 1 0.96875 1 0.96875 1 0.4375 1 0.421875 1 0.421875 1 0.828125 1 0.84375 1 0.828125 1 0.296875 1 0.28125 1 0.28125 1 0.6875 1 0.703125 1 0.6875 1 0.15625 1 0.140625 1 0.140625 1 0.546875 1 0.5625 1 0.546875 1 0.015625 1 0 1 0 1 0.96875 1 0.953125 1 0.953125 1 0.421875 1 0.40625 1 0.40625 1 0.8125 1 0.828125 1 0.8125 1 0.28125 1 0.265625 1 0.265625 1 0.671875 1 0.6875 1 0.671875 1 0.140625 1 0.125 1 0.125 1 0.53125 1 0.546875 1 0.53125 1 0.9375 1 0.953125 1 0.9375 1 0.40625 1 0.390625 1 0.390625 1 0.796875 1 0.8125 1 0.796875 1 0.265625 1 0.25 1 0.25 1 0.65625 1 0.671875 1 0.65625 1 0.125 1 0.109375 1 0.109375 1 0.515625 1 0.53125 1 0.515625 1 0.921875 1 0.9375 1 0.921875 1 0.390625 1 0.375 1 0.375 1 0.78125 1 0.796875 1 0.78125 1 0.25 1 0.234375 1 0.234375 1 0.640625 1 0.65625 1 0.640625 1 0.109375 1 0.09375 1 0.09375 1 0.5 1 0.515625 1 0.5 1 0.90625 1 0.921875 1 0.90625 1 0.375 1 0.359375 1 0.359375 1 0.765625 1 0.78125 1 0.765625 1 0.234375 1 0.21875 1 0.21875 1 0.625 1 0.640625 1 0.625 1 0.09375 1 0.078125 1 0.078125 1 0.484375 1 0.5 1 0.484375 1 0.890625 1 0.90625 1 0.890625 1 0.359375 1 0.34375 1 0.34375 1 0.75 1 0.765625 1 0.75 1 0.21875 1 0.203125 1 0.203125 1 0.609375 1 0.625 1 0.609375 1 0.078125 1 0.0625 1 0.0625 1 0.46875 1 0.484375 1 0.46875 1 0.875 1 0.890625 1 0.875 1 0.34375 1 0.328125 1 0.328125 1 0.734375 1 0.75 1 0.734375 1 0.203125 1 0.1875 1 0.1875 1 0.59375 1 0.609375 1 0.59375 1 0.0625 1 0.046875 1 0.046875 1 0.453125 1 0.46875 1 0.453125 1 0.859375 1 0.875 1 0.859375 1 0.328125 1 0.3125 1 0.3125 1 0.71875 1 0.734375 1 0.71875 1 0.1875 1 0.171875 1 0.171875 1 1 1 0.984375 1 0.984375 1 0.578125 1 0.59375 1 0.578125 1 0.046875 1 0.03125 1 0.03125 1 0.453125 1 0.4375 1 0.4375 1 0.84375 1 0.859375 1 0.84375 1 1 0.5 0.984375 1 1 1 0.984375 0.5 0.96875 1 0.984375 1 0.96875 0.5 0.953125 1 0.96875 1 0.953125 0.5 0.9375 1 0.953125 1 0.9375 0.5 0.921875 1 0.9375 1 0.921875 0.5 0.90625 1 0.921875 1 0.90625 0.5 0.890625 1 0.90625 1 0.890625 0.5 0.875 1 0.890625 1 0.875 0.5 0.859375 1 0.875 1 0.859375 0.5 0.84375 1 0.859375 1 0.84375 0.5 0.828125 1 0.84375 1 0.828125 0.5 0.8125 1 0.828125 1 0.8125 0.5 0.796875 1 0.8125 1 0.796875 0.5 0.78125 1 0.796875 1 0.78125 0.5 0.765625 1 0.78125 1 0.765625 0.5 0.75 1 0.765625 1 0.75 0.5 0.734375 1 0.75 1 0.734375 0.5 0.71875 1 0.734375 1 0.71875 0.5 0.703125 1 0.71875 1 0.703125 0.5 0.6875 1 0.703125 1 0.6875 0.5 0.671875 1 0.6875 1 0.671875 0.5 0.65625 1 0.671875 1 0.65625 0.5 0.640625 1 0.65625 1 0.640625 0.5 0.625 1 0.640625 1 0.625 0.5 0.609375 1 0.625 1 0.59375 0.5 0.609375 1 0.609375 0.5 0.578125 0.5 0.59375 1 0.59375 0.5 0.5625 0.5 0.578125 1 0.578125 0.5 0.546875 0.5 0.5625 1 0.5625 0.5 0.53125 0.5 0.546875 1 0.546875 0.5 0.515625 0.5 0.53125 1 0.53125 0.5 0.5 0.5 0.515625 1 0.515625 0.5 0.484375 0.5 0.5 1 0.5 0.5 0.46875 0.5 0.484375 1 0.484375 0.5 0.453125 0.5 0.46875 1 0.46875 0.5 0.4375 0.5 0.453125 1 0.453125 0.5 0.421875 0.5 0.4375 1 0.4375 0.5 0.40625 0.5 0.421875 1 0.421875 0.5 0.390625 0.5 0.40625 1 0.40625 0.5 0.375 0.5 0.390625 1 0.390625 0.5 0.359375 0.5 0.375 1 0.375 0.5 0.34375 0.5 0.359375 1 0.359375 0.5 0.328125 0.5 0.34375 1 0.34375 0.5 0.3125 0.5 0.328125 1 0.328125 0.5 0.296875 0.5 0.3125 1 0.3125 0.5 0.28125 0.5 0.296875 1 0.296875 0.5 0.265625 0.5 0.28125 1 0.28125 0.5 0.25 0.5 0.265625 1 0.265625 0.5 0.234375 0.5 0.25 1 0.25 0.5 0.21875 0.5 0.234375 1 0.234375 0.5 0.203125 0.5 0.21875 1 0.21875 0.5 0.1875 0.5 0.203125 1 0.203125 0.5 0.171875 0.5 0.1875 1 0.1875 0.5 0.15625 0.5 0.171875 1 0.171875 0.5 0.140625 0.5 0.15625 1 0.15625 0.5 0.125 0.5 0.140625 1 0.140625 0.5 0.109375 0.5 0.125 1 0.125 0.5 0.109375 0.5 0.09375 1 0.109375 1 0.09375 0.5 0.078125 1 0.09375 1 0.078125 0.5 0.0625 1 0.078125 1 0.0625 0.5 0.046875 1 0.0625 1 0.046875 0.5 0.03125 1 0.046875 1 0.296875 1 0.3125 1 0.296875 1 0.03125 0.5 0.015625 1 0.03125 1 0.015625 0.5 0 1 0.015625 1 0.5111557 0.2735241 0.7264759 0.01115566 0.9888443 0.2264758 0.08029437 0.08029437 0.00999999 0.25 0.25 0.49 0.703125 1 0.71875 1 0.71875 1 0.15625 1 0.171875 1 0.15625 1 0.5625 1 0.578125 1 0.578125 1 0.015625 1 0.03125 1 0.015625 1 0.96875 1 0.984375 1 0.96875 1 0.421875 1 0.4375 1 0.421875 1 0.828125 1 0.84375 1 0.84375 1 0.28125 1 0.296875 1 0.28125 1 0.6875 1 0.703125 1 0.703125 1 0.140625 1 0.15625 1 0.140625 1 0.546875 1 0.5625 1 0.5625 1 0 1 0.015625 1 0 1 0.953125 1 0.96875 1 0.953125 1 0.40625 1 0.421875 1 0.40625 1 0.8125 1 0.828125 1 0.828125 1 0.265625 1 0.28125 1 0.265625 1 0.671875 1 0.6875 1 0.6875 1 0.125 1 0.140625 1 0.125 1 0.53125 1 0.546875 1 0.546875 1 0.9375 1 0.953125 1 0.953125 1 0.390625 1 0.40625 1 0.390625 1 0.796875 1 0.8125 1 0.8125 1 0.25 1 0.265625 1 0.25 1 0.65625 1 0.671875 1 0.671875 1 0.109375 1 0.125 1 0.109375 1 0.515625 1 0.53125 1 0.53125 1 0.921875 1 0.9375 1 0.9375 1 0.375 1 0.390625 1 0.375 1 0.78125 1 0.796875 1 0.796875 1 0.234375 1 0.25 1 0.234375 1 0.640625 1 0.65625 1 0.65625 1 0.09375 1 0.109375 1 0.09375 1 0.5 1 0.515625 1 0.515625 1 0.90625 1 0.921875 1 0.921875 1 0.359375 1 0.375 1 0.359375 1 0.765625 1 0.78125 1 0.78125 1 0.21875 1 0.234375 1 0.21875 1 0.625 1 0.640625 1 0.640625 1 0.078125 1 0.09375 1 0.078125 1 0.484375 1 0.5 1 0.5 1 0.890625 1 0.90625 1 0.90625 1 0.34375 1 0.359375 1 0.34375 1 0.75 1 0.765625 1 0.765625 1 0.203125 1 0.21875 1 0.203125 1 0.609375 1 0.625 1 0.625 1 0.0625 1 0.078125 1 0.0625 1 0.46875 1 0.484375 1 0.484375 1 0.875 1 0.890625 1 0.890625 1 0.328125 1 0.34375 1 0.328125 1 0.734375 1 0.75 1 0.75 1 0.1875 1 0.203125 1 0.1875 1 0.59375 1 0.609375 1 0.609375 1 0.046875 1 0.0625 1 0.046875 1 0.453125 1 0.46875 1 0.46875 1 0.859375 1 0.875 1 0.875 1 0.3125 1 0.328125 1 0.3125 1 0.71875 1 0.734375 1 0.734375 1 0.171875 1 0.1875 1 0.171875 1 0.984375 1 1 1 0.984375 1 0.578125 1 0.59375 1 0.59375 1 0.03125 1 0.046875 1 0.03125 1 0.4375 1 0.453125 1 0.4375 1 0.84375 1 0.859375 1 0.859375 1 1 0.5 0.984375 1 0.984375 0.5 0.984375 0.5 0.96875 1 0.96875 0.5 0.96875 0.5 0.953125 1 0.953125 0.5 0.953125 0.5 0.9375 1 0.9375 0.5 0.9375 0.5 0.921875 1 0.921875 0.5 0.921875 0.5 0.90625 1 0.90625 0.5 0.90625 0.5 0.890625 1 0.890625 0.5 0.890625 0.5 0.875 1 0.875 0.5 0.875 0.5 0.859375 1 0.859375 0.5 0.859375 1 0.84375 0.5 0.859375 0.5 0.84375 0.5 0.828125 1 0.828125 0.5 0.828125 0.5 0.8125 1 0.8125 0.5 0.8125 1 0.796875 0.5 0.8125 0.5 0.796875 1 0.78125 0.5 0.796875 0.5 0.78125 1 0.765625 0.5 0.78125 0.5 0.765625 1 0.75 0.5 0.765625 0.5 0.75 1 0.734375 0.5 0.75 0.5 0.734375 1 0.71875 0.5 0.734375 0.5 0.71875 1 0.703125 0.5 0.71875 0.5 0.703125 1 0.6875 0.5 0.703125 0.5 0.6875 1 0.671875 0.5 0.6875 0.5 0.671875 1 0.65625 0.5 0.671875 0.5 0.65625 1 0.640625 0.5 0.65625 0.5 0.640625 1 0.625 0.5 0.640625 0.5 0.625 1 0.609375 0.5 0.625 0.5 0.609375 1 0.59375 0.5 0.609375 0.5 0.59375 1 0.578125 0.5 0.59375 0.5 0.578125 1 0.5625 0.5 0.578125 0.5 0.5625 1 0.546875 0.5 0.5625 0.5 0.546875 1 0.53125 0.5 0.546875 0.5 0.53125 1 0.515625 0.5 0.53125 0.5 0.515625 1 0.5 0.5 0.515625 0.5 0.5 1 0.484375 0.5 0.5 0.5 0.484375 1 0.46875 0.5 0.484375 0.5 0.46875 1 0.453125 0.5 0.46875 0.5 0.453125 1 0.4375 0.5 0.453125 0.5 0.4375 1 0.421875 0.5 0.4375 0.5 0.421875 1 0.40625 0.5 0.421875 0.5 0.40625 1 0.390625 0.5 0.40625 0.5 0.390625 1 0.375 0.5 0.390625 0.5 0.375 1 0.359375 0.5 0.375 0.5 0.359375 1 0.34375 0.5 0.359375 0.5 0.34375 1 0.328125 0.5 0.34375 0.5 0.328125 1 0.3125 0.5 0.328125 0.5 0.3125 1 0.296875 0.5 0.3125 0.5 0.296875 1 0.28125 0.5 0.296875 0.5 0.28125 1 0.265625 0.5 0.28125 0.5 0.265625 1 0.25 0.5 0.265625 0.5 0.25 1 0.234375 0.5 0.25 0.5 0.234375 1 0.21875 0.5 0.234375 0.5 0.21875 1 0.203125 0.5 0.21875 0.5 0.203125 1 0.1875 0.5 0.203125 0.5 0.1875 1 0.171875 0.5 0.1875 0.5 0.171875 0.5 0.15625 1 0.15625 0.5 0.15625 1 0.140625 0.5 0.15625 0.5 0.140625 0.5 0.125 1 0.125 0.5 0.125 0.5 0.109375 1 0.109375 0.5 0.109375 1 0.09375 0.5 0.109375 0.5 0.09375 0.5 0.078125 1 0.078125 0.5 0.078125 0.5 0.0625 1 0.0625 0.5 0.0625 0.5 0.046875 1 0.046875 0.5 0.046875 0.5 0.03125 1 0.03125 0.5 0.765625 1 0.78125 1 0.765625 1 0.03125 0.5 0.015625 1 0.015625 0.5 0.015625 0.5 0 1 0 0.5 0.9888443 0.2735241 0.7735241 0.01115566 0.5111557 0.2264759 0.2031783 0.01461148 0.4853885 0.2031783 0.2968217 0.4853885 0.21875 1 0.234375 1 0.21875 1 0.640625 1 0.625 1 0.625 1 0.078125 1 0.09375 1 0.078125 1 0.5 1 0.484375 1 0.484375 1 0.890625 1 0.90625 1 0.890625 1 0.359375 1 0.34375 1 0.34375 1 0.75 1 0.765625 1 0.75 1 0.203125 1 0.21875 1 0.203125 1 0.625 1 0.609375 1 0.609375 1 0.0625 1 0.078125 1 0.0625 1 0.484375 1 0.46875 1 0.46875 1 0.875 1 0.890625 1 0.875 1 0.34375 1 0.328125 1 0.328125 1 0.75 1 0.734375 1 0.734375 1 0.1875 1 0.203125 1 0.1875 1 0.609375 1 0.59375 1 0.59375 1 0.046875 1 0.0625 1 0.046875 1 0.46875 1 0.453125 1 0.453125 1 0.859375 1 0.875 1 0.859375 1 0.328125 1 0.3125 1 0.3125 1 0.734375 1 0.71875 1 0.71875 1 0.171875 1 0.1875 1 0.171875 1 0.984375 1 1 1 0.984375 1 0.59375 1 0.578125 1 0.578125 1 0.03125 1 0.046875 1 0.03125 1 0.453125 1 0.4375 1 0.4375 1 0.84375 1 0.859375 1 0.84375 1 0.3125 1 0.296875 1 0.296875 1 0.71875 1 0.703125 1 0.703125 1 0.15625 1 0.171875 1 0.15625 1 0.578125 1 0.5625 1 0.5625 1 0.015625 1 0.03125 1 0.015625 1 0.96875 1 0.984375 1 0.96875 1 0.4375 1 0.421875 1 0.421875 1 0.828125 1 0.84375 1 0.828125 1 0.296875 1 0.28125 1 0.28125 1 0.703125 1 0.6875 1 0.6875 1 0.140625 1 0.15625 1 0.140625 1 0.5625 1 0.546875 1 0.546875 1 0 1 0.015625 1 0 1 0.953125 1 0.96875 1 0.953125 1 0.421875 1 0.40625 1 0.40625 1 0.8125 1 0.828125 1 0.8125 1 0.28125 1 0.265625 1 0.265625 1 0.6875 1 0.671875 1 0.671875 1 0.125 1 0.140625 1 0.125 1 0.546875 1 0.53125 1 0.53125 1 0.9375 1 0.953125 1 0.9375 1 0.40625 1 0.390625 1 0.390625 1 0.796875 1 0.8125 1 0.796875 1 0.265625 1 0.25 1 0.25 1 0.671875 1 0.65625 1 0.65625 1 0.109375 1 0.125 1 0.109375 1 0.53125 1 0.515625 1 0.515625 1 0.921875 1 0.9375 1 0.921875 1 0.390625 1 0.375 1 0.375 1 0.78125 1 0.796875 1 0.78125 1 0.234375 1 0.25 1 0.234375 1 0.65625 1 0.640625 1 0.640625 1 0.09375 1 0.109375 1 0.09375 1 0.515625 1 0.5 1 0.5 1 0.90625 1 0.921875 1 0.90625 1 0.375 1 0.359375 1 0.359375 1 0.984375 0.5 1 1 1 0.5 0.96875 0.5 0.984375 1 0.984375 0.5 0.953125 0.5 0.96875 1 0.96875 0.5 0.953125 0.5 0.9375 1 0.953125 1 0.921875 0.5 0.9375 1 0.9375 0.5 0.921875 0.5 0.90625 1 0.921875 1 0.90625 0.5 0.890625 1 0.90625 1 0.875 0.5 0.890625 1 0.890625 0.5 0.859375 0.5 0.875 1 0.875 0.5 0.84375 0.5 0.859375 1 0.859375 0.5 0.84375 0.5 0.828125 1 0.84375 1 0.8125 0.5 0.828125 1 0.828125 0.5 0.796875 0.5 0.8125 1 0.8125 0.5 0.78125 0.5 0.796875 1 0.796875 0.5 0.765625 0.5 0.78125 1 0.78125 0.5 0.75 0.5 0.765625 1 0.765625 0.5 0.734375 0.5 0.75 1 0.75 0.5 0.71875 0.5 0.734375 1 0.734375 0.5 0.703125 0.5 0.71875 1 0.71875 0.5 0.6875 0.5 0.703125 1 0.703125 0.5 0.671875 0.5 0.6875 1 0.6875 0.5 0.65625 0.5 0.671875 1 0.671875 0.5 0.640625 0.5 0.65625 1 0.65625 0.5 0.625 0.5 0.640625 1 0.640625 0.5 0.609375 0.5 0.625 1 0.625 0.5 0.59375 0.5 0.609375 1 0.609375 0.5 0.578125 0.5 0.59375 1 0.59375 0.5 0.5625 0.5 0.578125 1 0.578125 0.5 0.546875 0.5 0.5625 1 0.5625 0.5 0.53125 0.5 0.546875 1 0.546875 0.5 0.515625 0.5 0.53125 1 0.53125 0.5 0.5 0.5 0.515625 1 0.515625 0.5 0.484375 0.5 0.5 1 0.5 0.5 0.46875 0.5 0.484375 1 0.484375 0.5 0.453125 0.5 0.46875 1 0.46875 0.5 0.4375 0.5 0.453125 1 0.453125 0.5 0.421875 0.5 0.4375 1 0.4375 0.5 0.421875 0.5 0.40625 1 0.421875 1 0.390625 0.5 0.40625 1 0.40625 0.5 0.390625 0.5 0.375 1 0.390625 1 0.375 0.5 0.359375 1 0.375 1 0.34375 0.5 0.359375 1 0.359375 0.5 0.34375 0.5 0.328125 1 0.34375 1 0.3125 0.5 0.328125 1 0.328125 0.5 0.296875 0.5 0.3125 1 0.3125 0.5 0.28125 0.5 0.296875 1 0.296875 0.5 0.265625 0.5 0.28125 1 0.28125 0.5 0.25 0.5 0.265625 1 0.265625 0.5 0.234375 0.5 0.25 1 0.25 0.5 0.21875 0.5 0.234375 1 0.234375 0.5 0.203125 0.5 0.21875 1 0.21875 0.5 0.1875 0.5 0.203125 1 0.203125 0.5 0.171875 0.5 0.1875 1 0.1875 0.5 0.15625 0.5 0.171875 1 0.171875 0.5 0.140625 0.5 0.15625 1 0.15625 0.5 0.125 0.5 0.140625 1 0.140625 0.5 0.109375 0.5 0.125 1 0.125 0.5 0.09375 0.5 0.109375 1 0.109375 0.5 0.078125 0.5 0.09375 1 0.09375 0.5 0.0625 0.5 0.078125 1 0.078125 0.5 0.046875 0.5 0.0625 1 0.0625 0.5 0.03125 0.5 0.046875 1 0.046875 0.5 0.765625 1 0.78125 1 0.78125 1 0.015625 0.5 0.03125 1 0.03125 0.5 0.015625 0.5 0 1 0.015625 1 0.7264759 0.01115566 0.9888443 0.2264758 0.7735241 0.4888443 0.49 0.25 0.25 0.00999999 0.00999999 0.25 0.21875 1 0.234375 1 0.234375 1 0.625 1 0.640625 1 0.625 1 0.078125 1 0.09375 1 0.09375 1 0.484375 1 0.5 1 0.484375 1 0.890625 1 0.90625 1 0.90625 1 0.34375 1 0.359375 1 0.34375 1 0.75 1 0.765625 1 0.765625 1 0.203125 1 0.21875 1 0.21875 1 0.609375 1 0.625 1 0.609375 1 0.0625 1 0.078125 1 0.078125 1 0.46875 1 0.484375 1 0.46875 1 0.875 1 0.890625 1 0.890625 1 0.328125 1 0.34375 1 0.328125 1 0.734375 1 0.75 1 0.734375 1 0.1875 1 0.203125 1 0.203125 1 0.59375 1 0.609375 1 0.59375 1 0.046875 1 0.0625 1 0.0625 1 0.453125 1 0.46875 1 0.453125 1 0.859375 1 0.875 1 0.875 1 0.3125 1 0.328125 1 0.3125 1 0.71875 1 0.734375 1 0.71875 1 0.171875 1 0.1875 1 0.1875 1 0.984375 1 1 1 1 1 0.578125 1 0.59375 1 0.578125 1 0.03125 1 0.046875 1 0.046875 1 0.4375 1 0.453125 1 0.4375 1 0.84375 1 0.859375 1 0.859375 1 0.296875 1 0.3125 1 0.296875 1 0.703125 1 0.71875 1 0.703125 1 0.15625 1 0.171875 1 0.171875 1 0.5625 1 0.578125 1 0.5625 1 0.015625 1 0.03125 1 0.03125 1 0.96875 1 0.984375 1 0.984375 1 0.421875 1 0.4375 1 0.421875 1 0.828125 1 0.84375 1 0.84375 1 0.28125 1 0.296875 1 0.28125 1 0.6875 1 0.703125 1 0.6875 1 0.140625 1 0.15625 1 0.15625 1 0.546875 1 0.5625 1 0.546875 1 0 1 0.015625 1 0.015625 1 0.953125 1 0.96875 1 0.96875 1 0.40625 1 0.421875 1 0.40625 1 0.8125 1 0.828125 1 0.828125 1 0.265625 1 0.28125 1 0.265625 1 0.671875 1 0.6875 1 0.671875 1 0.125 1 0.140625 1 0.140625 1 0.53125 1 0.546875 1 0.53125 1 0.9375 1 0.953125 1 0.953125 1 0.390625 1 0.40625 1 0.390625 1 0.796875 1 0.8125 1 0.8125 1 0.25 1 0.265625 1 0.25 1 0.65625 1 0.671875 1 0.65625 1 0.109375 1 0.125 1 0.125 1 0.515625 1 0.53125 1 0.515625 1 0.921875 1 0.9375 1 0.9375 1 0.375 1 0.390625 1 0.375 1 0.78125 1 0.796875 1 0.796875 1 0.234375 1 0.25 1 0.25 1 0.640625 1 0.65625 1 0.640625 1 0.09375 1 0.109375 1 0.109375 1 0.5 1 0.515625 1 0.5 1 0.90625 1 0.921875 1 0.921875 1 0.359375 1 0.375 1 0.359375 1 1 1 0.984375 0.5 1 0.5 0.984375 1 0.96875 0.5 0.984375 0.5 0.96875 1 0.953125 0.5 0.96875 0.5 0.953125 1 0.9375 0.5 0.953125 0.5 0.9375 1 0.921875 0.5 0.9375 0.5 0.921875 1 0.90625 0.5 0.921875 0.5 0.90625 1 0.890625 0.5 0.90625 0.5 0.890625 1 0.875 0.5 0.890625 0.5 0.875 1 0.859375 0.5 0.875 0.5 0.859375 1 0.84375 0.5 0.859375 0.5 0.84375 1 0.828125 0.5 0.84375 0.5 0.828125 1 0.8125 0.5 0.828125 0.5 0.8125 1 0.796875 0.5 0.8125 0.5 0.796875 1 0.78125 0.5 0.796875 0.5 0.78125 1 0.765625 0.5 0.78125 0.5 0.765625 1 0.75 0.5 0.765625 0.5 0.75 0.5 0.734375 1 0.734375 0.5 0.734375 0.5 0.71875 1 0.71875 0.5 0.71875 0.5 0.703125 1 0.703125 0.5 0.703125 0.5 0.6875 1 0.6875 0.5 0.6875 0.5 0.671875 1 0.671875 0.5 0.671875 0.5 0.65625 1 0.65625 0.5 0.65625 0.5 0.640625 1 0.640625 0.5 0.640625 0.5 0.625 1 0.625 0.5 0.625 0.5 0.609375 1 0.609375 0.5 0.609375 0.5 0.59375 1 0.59375 0.5 0.59375 0.5 0.578125 1 0.578125 0.5 0.578125 0.5 0.5625 1 0.5625 0.5 0.5625 0.5 0.546875 1 0.546875 0.5 0.546875 0.5 0.53125 1 0.53125 0.5 0.53125 0.5 0.515625 1 0.515625 0.5 0.515625 0.5 0.5 1 0.5 0.5 0.5 0.5 0.484375 1 0.484375 0.5 0.484375 0.5 0.46875 1 0.46875 0.5 0.46875 0.5 0.453125 1 0.453125 0.5 0.453125 0.5 0.4375 1 0.4375 0.5 0.4375 0.5 0.421875 1 0.421875 0.5 0.421875 0.5 0.40625 1 0.40625 0.5 0.40625 0.5 0.390625 1 0.390625 0.5 0.390625 0.5 0.375 1 0.375 0.5 0.375 0.5 0.359375 1 0.359375 0.5 0.359375 0.5 0.34375 1 0.34375 0.5 0.34375 0.5 0.328125 1 0.328125 0.5 0.328125 0.5 0.3125 1 0.3125 0.5 0.3125 0.5 0.296875 1 0.296875 0.5 0.296875 0.5 0.28125 1 0.28125 0.5 0.28125 0.5 0.265625 1 0.265625 0.5 0.265625 0.5 0.25 1 0.25 0.5 0.25 1 0.234375 0.5 0.25 0.5 0.234375 1 0.21875 0.5 0.234375 0.5 0.21875 1 0.203125 0.5 0.21875 0.5 0.203125 1 0.1875 0.5 0.203125 0.5 0.1875 1 0.171875 0.5 0.1875 0.5 0.171875 1 0.15625 0.5 0.171875 0.5 0.15625 1 0.140625 0.5 0.15625 0.5 0.140625 1 0.125 0.5 0.140625 0.5 0.125 1 0.109375 0.5 0.125 0.5 0.109375 1 0.09375 0.5 0.109375 0.5 0.09375 1 0.078125 0.5 0.09375 0.5 0.078125 1 0.0625 0.5 0.078125 0.5 0.0625 1 0.046875 0.5 0.0625 0.5 0.046875 1 0.03125 0.5 0.046875 0.5 0.625 1 0.609375 1 0.609375 1 0.03125 1 0.015625 0.5 0.03125 0.5 0.015625 1 0 0.5 0.015625 0.5 0.9888443 0.2735241 0.7735241 0.01115566 0.5111557 0.2264759 0.2031783 0.01461148 0.4853885 0.2031783 0.2968217 0.4853885 0.0625 1 0.078125 1 0.0625 1 0.484375 1 0.46875 1 0.46875 1 0.890625 1 0.875 1 0.875 1 0.328125 1 0.34375 1 0.328125 1 0.75 1 0.734375 1 0.734375 1 0.1875 1 0.203125 1 0.1875 1 0.609375 1 0.59375 1 0.59375 1 0.046875 1 0.0625 1 0.046875 1 0.46875 1 0.453125 1 0.453125 1 0.875 1 0.859375 1 0.859375 1 0.3125 1 0.328125 1 0.3125 1 0.734375 1 0.71875 1 0.71875 1 0.171875 1 0.1875 1 0.171875 1 0.984375 1 1 1 0.984375 1 0.59375 1 0.578125 1 0.578125 1 0.03125 1 0.046875 1 0.03125 1 0.453125 1 0.4375 1 0.4375 1 0.859375 1 0.84375 1 0.84375 1 0.296875 1 0.3125 1 0.296875 1 0.71875 1 0.703125 1 0.703125 1 0.15625 1 0.171875 1 0.15625 1 0.578125 1 0.5625 1 0.5625 1 0.015625 1 0.03125 1 0.015625 1 0.96875 1 0.984375 1 0.96875 1 0.4375 1 0.421875 1 0.421875 1 0.84375 1 0.828125 1 0.828125 1 0.28125 1 0.296875 1 0.28125 1 0.703125 1 0.6875 1 0.6875 1 0.140625 1 0.15625 1 0.140625 1 0.5625 1 0.546875 1 0.546875 1 0 1 0.015625 1 0 1 0.953125 1 0.96875 1 0.953125 1 0.421875 1 0.40625 1 0.40625 1 0.828125 1 0.8125 1 0.8125 1 0.265625 1 0.28125 1 0.265625 1 0.6875 1 0.671875 1 0.671875 1 0.125 1 0.140625 1 0.125 1 0.546875 1 0.53125 1 0.53125 1 0.9375 1 0.953125 1 0.9375 1 0.390625 1 0.40625 1 0.390625 1 0.8125 1 0.796875 1 0.796875 1 0.25 1 0.265625 1 0.25 1 0.671875 1 0.65625 1 0.65625 1 0.109375 1 0.125 1 0.109375 1 0.53125 1 0.515625 1 0.515625 1 0.921875 1 0.9375 1 0.921875 1 0.375 1 0.390625 1 0.375 1 0.796875 1 0.78125 1 0.78125 1 0.234375 1 0.25 1 0.234375 1 0.65625 1 0.640625 1 0.640625 1 0.09375 1 0.109375 1 0.09375 1 0.515625 1 0.5 1 0.5 1 0.90625 1 0.921875 1 0.90625 1 0.359375 1 0.375 1 0.359375 1 0.78125 1 0.765625 1 0.765625 1 0.21875 1 0.234375 1 0.21875 1 0.640625 1 0.625 1 0.625 1 0.078125 1 0.09375 1 0.078125 1 0.5 1 0.484375 1 0.484375 1 0.90625 1 0.890625 1 0.890625 1 0.34375 1 0.359375 1 0.34375 1 0.765625 1 0.75 1 0.75 1 0.203125 1 0.21875 1 0.203125 1 0.984375 0.5 1 1 1 0.5 0.96875 0.5 0.984375 1 0.984375 0.5 0.953125 0.5 0.96875 1 0.96875 0.5 0.9375 0.5 0.953125 1 0.953125 0.5 0.921875 0.5 0.9375 1 0.9375 0.5 0.90625 0.5 0.921875 1 0.921875 0.5 0.890625 0.5 0.90625 1 0.90625 0.5 0.875 0.5 0.890625 1 0.890625 0.5 0.859375 0.5 0.875 1 0.875 0.5 0.84375 0.5 0.859375 1 0.859375 0.5 0.828125 0.5 0.84375 1 0.84375 0.5 0.8125 0.5 0.828125 1 0.828125 0.5 0.796875 0.5 0.8125 1 0.8125 0.5 0.78125 0.5 0.796875 1 0.796875 0.5 0.765625 0.5 0.78125 1 0.78125 0.5 0.75 0.5 0.765625 1 0.765625 0.5 0.75 0.5 0.734375 1 0.75 1 0.734375 0.5 0.71875 1 0.734375 1 0.71875 0.5 0.703125 1 0.71875 1 0.703125 0.5 0.6875 1 0.703125 1 0.6875 0.5 0.671875 1 0.6875 1 0.671875 0.5 0.65625 1 0.671875 1 0.65625 0.5 0.640625 1 0.65625 1 0.640625 0.5 0.625 1 0.640625 1 0.625 0.5 0.609375 1 0.625 1 0.609375 0.5 0.59375 1 0.609375 1 0.59375 0.5 0.578125 1 0.59375 1 0.578125 0.5 0.5625 1 0.578125 1 0.5625 0.5 0.546875 1 0.5625 1 0.546875 0.5 0.53125 1 0.546875 1 0.53125 0.5 0.515625 1 0.53125 1 0.515625 0.5 0.5 1 0.515625 1 0.5 0.5 0.484375 1 0.5 1 0.484375 0.5 0.46875 1 0.484375 1 0.46875 0.5 0.453125 1 0.46875 1 0.453125 0.5 0.4375 1 0.453125 1 0.4375 0.5 0.421875 1 0.4375 1 0.421875 0.5 0.40625 1 0.421875 1 0.40625 0.5 0.390625 1 0.40625 1 0.390625 0.5 0.375 1 0.390625 1 0.375 0.5 0.359375 1 0.375 1 0.359375 0.5 0.34375 1 0.359375 1 0.34375 0.5 0.328125 1 0.34375 1 0.328125 0.5 0.3125 1 0.328125 1 0.3125 0.5 0.296875 1 0.3125 1 0.296875 0.5 0.28125 1 0.296875 1 0.28125 0.5 0.265625 1 0.28125 1 0.265625 0.5 0.25 1 0.265625 1 0.234375 0.5 0.25 1 0.25 0.5 0.21875 0.5 0.234375 1 0.234375 0.5 0.203125 0.5 0.21875 1 0.21875 0.5 0.1875 0.5 0.203125 1 0.203125 0.5 0.171875 0.5 0.1875 1 0.1875 0.5 0.15625 0.5 0.171875 1 0.171875 0.5 0.140625 0.5 0.15625 1 0.15625 0.5 0.125 0.5 0.140625 1 0.140625 0.5 0.109375 0.5 0.125 1 0.125 0.5 0.09375 0.5 0.109375 1 0.109375 0.5 0.078125 0.5 0.09375 1 0.09375 0.5 0.0625 0.5 0.078125 1 0.078125 0.5 0.046875 0.5 0.0625 1 0.0625 0.5 0.03125 0.5 0.046875 1 0.046875 0.5 0.609375 1 0.625 1 0.609375 1 0.015625 0.5 0.03125 1 0.03125 0.5 0 0.5 0.015625 1 0.015625 0.5 0.5111557 0.2735241 0.7264759 0.01115566 0.9888443 0.2264758 0.08029437 0.08029437 0.00999999 0.25 0.25 0.49 0.0625 1 0.078125 1 0.078125 1 0.46875 1 0.484375 1 0.46875 1 0.875 1 0.890625 1 0.875 1 0.328125 1 0.34375 1 0.34375 1 0.734375 1 0.75 1 0.734375 1 0.1875 1 0.203125 1 0.203125 1 0.59375 1 0.609375 1 0.59375 1 0.046875 1 0.0625 1 0.0625 1 0.453125 1 0.46875 1 0.453125 1 0.859375 1 0.875 1 0.859375 1 0.3125 1 0.328125 1 0.328125 1 0.71875 1 0.734375 1 0.71875 1 0.171875 1 0.1875 1 0.1875 1 0.984375 1 1 1 1 1 0.578125 1 0.59375 1 0.578125 1 0.03125 1 0.046875 1 0.046875 1 0.4375 1 0.453125 1 0.4375 1 0.84375 1 0.859375 1 0.84375 1 0.296875 1 0.3125 1 0.3125 1 0.703125 1 0.71875 1 0.703125 1 0.15625 1 0.171875 1 0.171875 1 0.5625 1 0.578125 1 0.5625 1 0.015625 1 0.03125 1 0.03125 1 0.96875 1 0.984375 1 0.984375 1 0.421875 1 0.4375 1 0.421875 1 0.828125 1 0.84375 1 0.828125 1 0.28125 1 0.296875 1 0.296875 1 0.6875 1 0.703125 1 0.6875 1 0.140625 1 0.15625 1 0.15625 1 0.546875 1 0.5625 1 0.546875 1 0 1 0.015625 1 0.015625 1 0.953125 1 0.96875 1 0.96875 1 0.40625 1 0.421875 1 0.40625 1 0.8125 1 0.828125 1 0.8125 1 0.265625 1 0.28125 1 0.28125 1 0.671875 1 0.6875 1 0.671875 1 0.125 1 0.140625 1 0.140625 1 0.53125 1 0.546875 1 0.53125 1 0.9375 1 0.953125 1 0.953125 1 0.390625 1 0.40625 1 0.40625 1 0.796875 1 0.8125 1 0.796875 1 0.25 1 0.265625 1 0.265625 1 0.65625 1 0.671875 1 0.65625 1 0.109375 1 0.125 1 0.125 1 0.515625 1 0.53125 1 0.515625 1 0.921875 1 0.9375 1 0.9375 1 0.375 1 0.390625 1 0.390625 1 0.78125 1 0.796875 1 0.78125 1 0.234375 1 0.25 1 0.25 1 0.640625 1 0.65625 1 0.640625 1 0.09375 1 0.109375 1 0.109375 1 0.5 1 0.515625 1 0.5 1 0.90625 1 0.921875 1 0.921875 1 0.359375 1 0.375 1 0.375 1 0.765625 1 0.78125 1 0.765625 1 0.21875 1 0.234375 1 0.234375 1 0.625 1 0.640625 1 0.625 1 0.078125 1 0.09375 1 0.09375 1 0.484375 1 0.5 1 0.484375 1 0.890625 1 0.90625 1 0.890625 1 0.34375 1 0.359375 1 0.359375 1 0.75 1 0.765625 1 0.75 1 0.203125 1 0.21875 1 0.21875 1 0.7120389 0.1064439 0.6340337 0.1427785 0.6340649 0.1064439 0.7851232 0.2539719 0.8250594 0.233546 0.8250594 0.2539719 0.7727949 0.1477577 0.8250595 0.1118563 0.8250595 0.1477577 0.6967306 0.07014524 0.6340649 0.1064439 0.634061 0.07014524 0.7693637 0.1118563 0.8250595 0.07341533 0.8250595 0.1118563 0.8250594 0.3587185 0.8250594 0.3060757 0.8250594 0.3587185 0.7125588 0.25089 0.6611675 0.3027183 0.6472265 0.2409088 0.5748866 0.7590463 0.8250595 0.361316 0.8250595 0.361316 0.7693637 0 0.6305825 0.5252404 0.6305824 0.4554131 0.8214093 0 0.7693637 0.07341533 0.7693637 0 0.5779277 0.6887364 0.6148229 0.6963387 0.5748866 0.6963387 0.5785368 0.4554131 0.6305825 0.5252404 0.5748866 0.5252404 0.5984577 0.7590463 0.5748866 0.6963387 0.6148229 0.6963387 0.5780689 0.6735318 0.5779983 0.6811341 0.5748866 0.677333 0.6127505 0.6659294 0.6135717 0.6583272 0.6190903 0.6621283 0.8250594 0.2172054 0.7827525 0.233546 0.7808558 0.2172054 0.6176772 0.6203156 0.6184983 0.6127132 0.6247802 0.6165144 0.5783511 0.6431226 0.5782805 0.650725 0.5748867 0.6469238 0.6160351 0.6355202 0.6168561 0.6279179 0.6228836 0.6317191 0.5787038 0.605111 0.5748866 0.6165145 0.5748866 0.5975087 0.5784921 0.6279178 0.5748866 0.6165145 0.5785627 0.6203155 0.5783511 0.6431226 0.5748866 0.6317191 0.5784216 0.6355202 0.5748867 0.6469238 0.5782099 0.6583271 0.5748866 0.6621285 0.5748866 0.6621285 0.5780689 0.6735318 0.5748866 0.677333 0.5748866 0.677333 0.5779277 0.6887364 0.5748866 0.6963387 0.6127505 0.6659294 0.5781394 0.6659294 0.5781394 0.6659294 0.5787038 0.605111 0.5786333 0.6127132 0.5786333 0.6127132 0.6193194 0.6051109 0.5787038 0.605111 0.5787038 0.605111 0.6143928 0.6507249 0.6152138 0.6431226 0.6209869 0.6469237 0.6193194 0.6051109 0.6184983 0.6127132 0.6193194 0.6051109 0.5782099 0.6583271 0.6135717 0.6583272 0.6135717 0.6583272 0.5781394 0.6659294 0.5780689 0.6735318 0.5780689 0.6735318 0.6108016 0.3993791 0.6452763 0.399379 0.6452763 0.399379 0.8250594 0.3587185 0.8250595 0.361316 0.8250595 0.361316 0.8250595 0.1681835 0.7770624 0.1845241 0.7751658 0.1681835 0.8250595 0.1477577 0.7751658 0.1681835 0.7727949 0.1477577 0.7808558 0.2172054 0.8250595 0.2008647 0.8250594 0.2172054 0.8250595 0.1845241 0.7789592 0.2008647 0.7770624 0.1845241 0.7130059 0.1427785 0.6365708 0.1616497 0.6340337 0.1427785 0.7129198 0.1635692 0.6386004 0.1767467 0.6365708 0.1616497 0.7128511 0.1802017 0.6406301 0.1918436 0.6386004 0.1767467 0.7127823 0.1968342 0.6426597 0.2069406 0.6406301 0.1918436 0.7127135 0.2134668 0.6446895 0.2220376 0.6426597 0.2069406 0.6472265 0.2409088 0.7126448 0.2300993 0.7125588 0.25089 0.6171937 0.677333 0.6102871 0.6887364 0.6111083 0.6811342 0.6127505 0.6659294 0.6171937 0.677333 0.6119294 0.6735319 0.6143928 0.6507249 0.6190903 0.6621283 0.6135717 0.6583272 0.6160351 0.6355202 0.6209869 0.6469237 0.6152138 0.6431226 0.5784216 0.6355202 0.5784921 0.6279178 0.6160351 0.6355202 0.6176772 0.6203156 0.6228836 0.6317191 0.6168561 0.6279179 0.5785627 0.6203155 0.5786333 0.6127132 0.6176772 0.6203156 0.6193194 0.6051109 0.6247802 0.6165144 0.6184983 0.6127132 0.6271511 0.5975087 0.5748866 0.5613746 0.6305825 0.5613746 0.5748866 0.5252404 0.6305825 0.5613746 0.5748866 0.5613746 0.8250594 0.3587185 0.6618036 0.3652408 0.6705749 0.3652408 0.8250594 0.3587185 0.6611675 0.3027183 0.6917106 0.3077345 0.8014884 0.3060757 0.8250594 0.2539719 0.8250594 0.3060757 0.6184983 0.6127132 0.5787038 0.605111 0.6193194 0.6051109 0.6168561 0.6279179 0.5785627 0.6203155 0.6176772 0.6203156 0.6152138 0.6431226 0.5784216 0.6355202 0.6160351 0.6355202 0.6135717 0.6583272 0.5782805 0.650725 0.6143928 0.6507249 0.6119294 0.6735319 0.5781394 0.6659294 0.6127505 0.6659294 0.6102871 0.6887364 0.5779983 0.6811341 0.6111083 0.6811342 0.6184983 0.6127132 0.5786333 0.6127132 0.6184983 0.6127132 0.6135717 0.6583272 0.6143928 0.6507249 0.6143928 0.6507249 0.5782099 0.6583271 0.5782805 0.650725 0.5782099 0.6583271 0.6119294 0.6735319 0.5780689 0.6735318 0.6119294 0.6735319 0.6176772 0.6203156 0.5785627 0.6203155 0.5785627 0.6203155 0.6111083 0.6811342 0.5779983 0.6811341 0.5779983 0.6811341 0.5784921 0.6279178 0.6168561 0.6279179 0.6168561 0.6279179 0.6160351 0.6355202 0.6152138 0.6431226 0.6160351 0.6355202 0.5784216 0.6355202 0.5783511 0.6431226 0.5783511 0.6431226 0.6102871 0.6887364 0.5779277 0.6887364 0.6102871 0.6887364 0.6160351 0.6355202 0.5784216 0.6355202 0.5784216 0.6355202 0.6102871 0.6887364 0.6111083 0.6811342 0.6111083 0.6811342 0.5779277 0.6887364 0.5779983 0.6811341 0.5779277 0.6887364 0.6152138 0.6431226 0.5783511 0.6431226 0.6152138 0.6431226 0.6168561 0.6279179 0.6176772 0.6203156 0.6176772 0.6203156 0.5784921 0.6279178 0.5785627 0.6203155 0.5784921 0.6279178 0.6143928 0.6507249 0.5782805 0.650725 0.5782805 0.650725 0.6127505 0.6659294 0.6119294 0.6735319 0.6127505 0.6659294 0.6119294 0.6735319 0.6111083 0.6811342 0.5780689 0.6735318 0.5787038 0.605111 0.6271511 0.5975087 0.6193194 0.6051109 0.5781394 0.6659294 0.5782099 0.6583271 0.6127505 0.6659294 0.7546698 0.05603396 0.6305824 0.4554131 0.6452763 0.399379 0.7891445 0.05603402 0.5785368 0.4554131 0.8214093 0 0.7546698 0.05603396 0.8214093 0 0.7693637 0 0.6452763 0.399379 0.5785368 0.4554131 0.6108016 0.3993791 0.7891445 0.05603402 0.6452763 0.399379 0.6108016 0.3993791 0.6108016 0.3993791 0.7891445 0.05603402 0.6108016 0.3993791 0.7546698 0.05603396 0.7891445 0.05603402 0.7891445 0.05603402 0.6452763 0.399379 0.7546698 0.05603396 0.7546698 0.05603396 0.7120389 0.1064439 0.6340337 0.1427785 0.7130059 0.1427785 0.8250594 0.233546 0.7851232 0.2539719 0.8250594 0.2539719 0.8250595 0.1118563 0.7727949 0.1477577 0.8250595 0.1477577 0.6967306 0.07014524 0.6340649 0.1064439 0.7120389 0.1064439 0.8250595 0.1118563 0.7693637 0.07341533 0.7693637 0.1118563 0.8250594 0.3060757 0.8250594 0.3587185 0.8250594 0.3587185 0.7125588 0.25089 0.6611675 0.3027183 0.6917106 0.3077345 0.8250595 0.361316 0.5748866 0.7590463 0.8250595 0.361316 0.7693637 0 0.6305825 0.5252404 0.6967306 0.07014524 0.8214093 0 0.7693637 0.07341533 0.8250595 0.07341533 0.6148229 0.6963387 0.5779277 0.6887364 0.5748866 0.6963387 0.5785368 0.4554131 0.6305825 0.5252404 0.6305824 0.4554131 0.5748866 0.6963387 0.5984577 0.7590463 0.6148229 0.6963387 0.5780689 0.6735318 0.5779983 0.6811341 0.6111083 0.6811342 0.6127505 0.6659294 0.6135717 0.6583272 0.5782099 0.6583271 0.7827525 0.233546 0.8250594 0.2172054 0.7808558 0.2172054 0.6176772 0.6203156 0.6184983 0.6127132 0.5786333 0.6127132 0.5783511 0.6431226 0.5782805 0.650725 0.6143928 0.6507249 0.6160351 0.6355202 0.6168561 0.6279179 0.5784921 0.6279178 0.5787038 0.605111 0.5748866 0.6165145 0.5786333 0.6127132 0.5748866 0.6165145 0.5784921 0.6279178 0.5785627 0.6203155 0.5748866 0.6317191 0.5783511 0.6431226 0.5784216 0.6355202 0.5748867 0.6469238 0.5782099 0.6583271 0.5782805 0.650725 0.5748866 0.6621285 0.5780689 0.6735318 0.5781394 0.6659294 0.5748866 0.677333 0.5779277 0.6887364 0.5779983 0.6811341 0.5781394 0.6659294 0.6127505 0.6659294 0.6127505 0.6659294 0.5786333 0.6127132 0.5787038 0.605111 0.5786333 0.6127132 0.5787038 0.605111 0.6193194 0.6051109 0.6193194 0.6051109 0.6143928 0.6507249 0.6152138 0.6431226 0.5783511 0.6431226 0.6193194 0.6051109 0.6184983 0.6127132 0.6184983 0.6127132 0.6135717 0.6583272 0.5782099 0.6583271 0.5782099 0.6583271 0.5780689 0.6735318 0.5781394 0.6659294 0.5780689 0.6735318 0.6452763 0.399379 0.6108016 0.3993791 0.6452763 0.399379 0.8250595 0.361316 0.8250594 0.3587185 0.8250595 0.361316 0.7770624 0.1845241 0.8250595 0.1681835 0.7751658 0.1681835 0.7751658 0.1681835 0.8250595 0.1477577 0.7727949 0.1477577 0.8250595 0.2008647 0.7808558 0.2172054 0.8250594 0.2172054 0.7789592 0.2008647 0.8250595 0.1845241 0.7770624 0.1845241 0.7130059 0.1427785 0.6365708 0.1616497 0.7129198 0.1635692 0.7129198 0.1635692 0.6386004 0.1767467 0.7128511 0.1802017 0.7128511 0.1802017 0.6406301 0.1918436 0.7127823 0.1968342 0.7127823 0.1968342 0.6426597 0.2069406 0.7127135 0.2134668 0.7127135 0.2134668 0.6446895 0.2220376 0.7126448 0.2300993 0.7126448 0.2300993 0.6472265 0.2409088 0.7125588 0.25089 0.6102871 0.6887364 0.6171937 0.677333 0.6111083 0.6811342 0.6127505 0.6659294 0.6171937 0.677333 0.6190903 0.6621283 0.6143928 0.6507249 0.6190903 0.6621283 0.6209869 0.6469237 0.6160351 0.6355202 0.6209869 0.6469237 0.6228836 0.6317191 0.5784216 0.6355202 0.5784921 0.6279178 0.5748866 0.6317191 0.6176772 0.6203156 0.6228836 0.6317191 0.6247802 0.6165144 0.5785627 0.6203155 0.5786333 0.6127132 0.5748866 0.6165145 0.6193194 0.6051109 0.6247802 0.6165144 0.6271511 0.5975087 0.6271511 0.5975087 0.5748866 0.5613746 0.5748866 0.5975087 0.5748866 0.5613746 0.6305825 0.5252404 0.5748866 0.5252404 0.6618036 0.3652408 0.8250594 0.3587185 0.6705749 0.3652408 0.8250594 0.3587185 0.6611675 0.3027183 0.8250595 0.361316 0.8250594 0.2539719 0.8014884 0.3060757 0.8250594 0.3060757 0.5787038 0.605111 0.6184983 0.6127132 0.6193194 0.6051109 0.5785627 0.6203155 0.6168561 0.6279179 0.6176772 0.6203156 0.5784216 0.6355202 0.6152138 0.6431226 0.6160351 0.6355202 0.5782805 0.650725 0.6135717 0.6583272 0.6143928 0.6507249 0.5781394 0.6659294 0.6119294 0.6735319 0.6127505 0.6659294 0.5779983 0.6811341 0.6102871 0.6887364 0.6111083 0.6811342 0.6184983 0.6127132 0.5786333 0.6127132 0.6184983 0.6127132 0.6143928 0.6507249 0.6135717 0.6583272 0.6143928 0.6507249 0.5782099 0.6583271 0.5782805 0.650725 0.5782805 0.650725 0.6119294 0.6735319 0.5780689 0.6735318 0.5780689 0.6735318 0.5785627 0.6203155 0.6176772 0.6203156 0.6176772 0.6203156 0.5779983 0.6811341 0.6111083 0.6811342 0.6111083 0.6811342 0.6168561 0.6279179 0.5784921 0.6279178 0.5784921 0.6279178 0.6160351 0.6355202 0.6152138 0.6431226 0.6152138 0.6431226 0.5783511 0.6431226 0.5784216 0.6355202 0.5783511 0.6431226 0.6102871 0.6887364 0.5779277 0.6887364 0.6102871 0.6887364 0.5784216 0.6355202 0.6160351 0.6355202 0.5784216 0.6355202 0.6111083 0.6811342 0.6102871 0.6887364 0.6111083 0.6811342 0.5779277 0.6887364 0.5779983 0.6811341 0.5779983 0.6811341 0.6152138 0.6431226 0.5783511 0.6431226 0.6152138 0.6431226 0.6176772 0.6203156 0.6168561 0.6279179 0.6176772 0.6203156 0.5784921 0.6279178 0.5785627 0.6203155 0.5785627 0.6203155 0.5782805 0.650725 0.6143928 0.6507249 0.6143928 0.6507249 0.6127505 0.6659294 0.6119294 0.6735319 0.6119294 0.6735319 0.6119294 0.6735319 0.6111083 0.6811342 0.6171937 0.677333 0.5787038 0.605111 0.6271511 0.5975087 0.5748866 0.5975087 0.5781394 0.6659294 0.5782099 0.6583271 0.5748866 0.6621285 0.6305824 0.4554131 0.7546698 0.05603396 0.6452763 0.399379 0.7891445 0.05603402 0.5785368 0.4554131 0.6108016 0.3993791 0.7546698 0.05603396 0.8214093 0 0.7891445 0.05603402 0.5785368 0.4554131 0.6452763 0.399379 0.6108016 0.3993791 0.6108016 0.3993791 0.7546698 0.05603396 0.7891445 0.05603402 0.6108016 0.3993791 0.7891445 0.05603402 0.7891445 0.05603402 0.7891445 0.05603402 0.7546698 0.05603396 0.7891445 0.05603402 0.7546698 0.05603396 0.6452763 0.399379 0.7546698 0.05603396 0.4068171 0.6395044 0.625 0.6608436 0.6250001 0.6367507 0 0 0 0 0 0 0.5637755 0.5307598 0.625 0.5615195 0.6250001 0.5307598 0 0 0 0 0 0 0.625 0.6608436 0.875 0.6376309 0.6250001 0.6367507 0 0 0 0 0 0 0.625 0.5 0.5590506 0.5 0.5590506 0.5 0.5267627 0.75 0.625 0.7227095 0.5480352 0.7227095 0.3125 0.75 0.375 0.7227095 0.3125 0.7227095 0.3125 0.5615196 0.375 0.5833333 0.375 0.5615196 0.3125 0.5833333 0.375 0.6666666 0.375 0.5833333 0.5165817 0.5307598 0.625 0.5833333 0.5637755 0.5307598 0.3125 0.6666666 0.375 0.7227095 0.375 0.6666666 0.5480352 0.7227095 0.625 0.6946881 0.625 0.6666666 0.3125 0.5307598 0.375 0.5615196 0.375 0.5307598 0.3125 0.5307598 0.375 0.5222417 0.3125 0.5222417 0.5637755 0.5307598 0.625 0.5222417 0.5624671 0.5222417 0.5156003 0.5222417 0.5637755 0.5307598 0.5624671 0.5222417 0.5591854 0.5789994 0.5625 0.5833333 0.5625 0.5833333 0.5047764 0.7227095 0.625 0.6666666 0.5625 0.6666666 0.5625 0.5833333 0.625 0.6666666 0.625 0.5833333 0.488822 0.75 0.5480352 0.7227095 0.5047764 0.7227095 0.5590506 0.4375001 0.625 0.5 0.625 0.4375 0.6874999 0.5 0.625 0.5 0.625 0.5 0.625 0.6946881 0.6875 0.6666666 0.625 0.6666666 0.5458165 0.5615195 0.5165817 0.5307598 0.5165817 0.5307598 0.375 0.6666666 0.375 0.5833333 0.375 0.6666666 0.5047764 0.7227095 0.488822 0.75 0.488822 0.75 0.488822 0.75 0.375 0.75 0.488822 0.75 0.5625 0.6666666 0.5047764 0.7227095 0.5047764 0.7227095 0.375 0.7227095 0.375 0.6666666 0.375 0.7227095 0.5590506 0.5 0.5624671 0.5222417 0.5624671 0.5222417 0.5590506 0.5 0.625 0.5222417 0.625 0.5 0.5156003 0.5222417 0.375 0.5222417 0.5156003 0.5222417 0.375 0.75 0.5047764 0.7227095 0.375 0.7227095 0.375 0.5615196 0.5625 0.5833333 0.5458165 0.5615195 0.375 0.5833333 0.5625 0.6666666 0.5625 0.5833333 0.375 0.7227095 0.5625 0.6666666 0.375 0.6666666 0.375 0.5307598 0.5458165 0.5615195 0.5165817 0.5307598 0.375 0.5222417 0.5165817 0.5307598 0.5156003 0.5222417 0.375 0.5833333 0.375 0.5615196 0.375 0.5833333 0.6875 0.6946881 0.75 0.6666666 0.6875 0.6666666 0.375 0.5615196 0.375 0.5307598 0.375 0.5615196 0.5156003 0.5222417 0.5165817 0.5307598 0.5165817 0.5307598 0.5165817 0.5307598 0.5156003 0.5222417 0.5156003 0.5222417 0.3835209 0.5222417 0.3856495 0.5222417 0.375 0.5222417 0.375 0.75 0.375 0.7227095 0.375 0.7227095 0.5625 0.5833333 0.5625 0.6666666 0.5625 0.6666666 0.375 0.5307598 0.375 0.5222417 0.375 0.5307598 0.6874999 0.5 0.75 0.5222417 0.7500001 0.5 0.375 0.875 0.4888221 0.8125 0.375 0.8125 0.5590506 0.4375001 0.5590506 0.375 0.5590506 0.4375 0.4888221 0.8125 0.5267627 0.875 0.5267627 0.8125 0.6875 0.5307598 0.75 0.5222417 0.6875 0.5222417 0.6875 0.5307598 0.75 0.5615195 0.75 0.5307598 0.6875 0.7227095 0.75 0.6946881 0.6875 0.6946881 0.6875 0.6666666 0.75 0.5833333 0.6875 0.5833333 0.6875 0.5833333 0.75 0.5615195 0.6875 0.5615195 0.6875 0.7227095 0.75 0.75 0.75 0.7227095 0.5267627 0.8125 0.625 0.875 0.625 0.8125 0.5130379 0.4375 0.5590506 0.5 0.5590506 0.4375 0.375 0.5 0.5130379 0.4375 0.375 0.4375 0.375 0.5222417 0.5130379 0.5 0.375 0.5 0.5130379 0.5 0.5624671 0.5222417 0.5590506 0.5 0.3125 0.5222417 0.375 0.5 0.3125 0.5 0.5624671 0.5222417 0.5156003 0.5222417 0.5624671 0.5222417 0.5267627 0.75 0.625 0.8125 0.625 0.75 0.625 0.7227095 0.6875 0.75 0.6875 0.7227095 0.625 0.5615195 0.6875 0.5833333 0.6875 0.5615195 0.625 0.6666666 0.6875 0.5833333 0.625 0.5833333 0.625 0.7227095 0.6875 0.6946881 0.625 0.6946881 0.625 0.5615195 0.6875 0.5307598 0.6250001 0.5307598 0.6250001 0.5307598 0.6875 0.5222417 0.625 0.5222417 0.4888221 0.8125 0.5267627 0.75 0.488822 0.75 0.5590506 0.5 0.5590506 0.4375 0.5590506 0.5 0.375 0.8125 0.488822 0.75 0.375 0.75 0.625 0.5 0.6875 0.5222417 0.6874999 0.5 0.7500001 0.5 0.6875 0.5 0.6874999 0.5 0.5590506 0.375 0.625 0.4375 0.625 0.375 0.25 0.5307598 0.3125 0.5222417 0.25 0.5222417 0.25 0.5615196 0.3125 0.5307598 0.25 0.5307598 0.25 0.6666666 0.3125 0.7227095 0.3125 0.6666666 0.25 0.6666666 0.3125 0.5833333 0.25 0.5833333 0.25 0.5615196 0.3125 0.5833333 0.3125 0.5615196 0.25 0.75 0.3125 0.7227095 0.25 0.7227095 0.625 0.1123691 0.4032431 0.1094031 0.4675785 0.1990541 0.625 0.25 0.5509128 0.5 0.625 0.5 0.6250001 0.6367507 0.5509128 0.5 0.4068171 0.6395044 0.6250001 0.6367507 0.875 0.5 0.625 0.5 0.4032431 0.1094031 0.625 0.08812099 0.4032431 0.08457666 0.625 0.6608436 0.4068171 0.6395044 0.6250001 0.6367507 0 0 0 0 0 0 0.5637755 0.5307598 0.625 0.5615195 0.625 0.5833333 0 0 0 0 0 0 0.625 0.6608436 0.875 0.6376309 0.875 0.661879 0 0 0 0 0 0 0.625 0.5 0.5590506 0.5 0.625 0.5 0.625 0.7227095 0.5267627 0.75 0.5480352 0.7227095 0.375 0.7227095 0.3125 0.75 0.3125 0.7227095 0.375 0.5615196 0.3125 0.5833333 0.3125 0.5615196 0.3125 0.5833333 0.375 0.6666666 0.3125 0.6666666 0.5165817 0.5307598 0.625 0.5833333 0.5625 0.5833333 0.375 0.6666666 0.3125 0.7227095 0.3125 0.6666666 0.625 0.6946881 0.5480352 0.7227095 0.625 0.6666666 0.375 0.5307598 0.3125 0.5615196 0.3125 0.5307598 0.375 0.5222417 0.3125 0.5307598 0.3125 0.5222417 0.625 0.5222417 0.5637755 0.5307598 0.5624671 0.5222417 0.5156003 0.5222417 0.5637755 0.5307598 0.5165817 0.5307598 0.5591854 0.5789994 0.5588987 0.5786245 0.5625 0.5833333 0.625 0.6666666 0.5047764 0.7227095 0.5625 0.6666666 0.5625 0.5833333 0.625 0.6666666 0.5625 0.6666666 0.5480352 0.7227095 0.488822 0.75 0.5047764 0.7227095 0.625 0.4375 0.5590506 0.5 0.5590506 0.4375001 0.6874999 0.5 0.625 0.5 0.6875 0.5 0.625 0.6666666 0.6875 0.6946881 0.625 0.6946881 0.5458165 0.5615195 0.5165817 0.5307598 0.5458165 0.5615195 0.375 0.5833333 0.375 0.6666666 0.375 0.6666666 0.5047764 0.7227095 0.488822 0.75 0.5047764 0.7227095 0.375 0.75 0.488822 0.75 0.488822 0.75 0.5625 0.6666666 0.5047764 0.7227095 0.5625 0.6666666 0.375 0.6666666 0.375 0.7227095 0.375 0.7227095 0.5590506 0.5 0.5624671 0.5222417 0.5590506 0.5 0.625 0.5 0.5624671 0.5222417 0.5590506 0.5 0.375 0.5222417 0.5156003 0.5222417 0.5156003 0.5222417 0.5047764 0.7227095 0.375 0.75 0.375 0.7227095 0.375 0.5615196 0.5625 0.5833333 0.375 0.5833333 0.375 0.5833333 0.5625 0.6666666 0.375 0.6666666 0.5625 0.6666666 0.375 0.7227095 0.375 0.6666666 0.375 0.5307598 0.5458165 0.5615195 0.375 0.5615196 0.375 0.5222417 0.5165817 0.5307598 0.375 0.5307598 0.375 0.5615196 0.375 0.5833333 0.375 0.5833333 0.6875 0.6666666 0.75 0.6946881 0.6875 0.6946881 0.375 0.5307598 0.375 0.5615196 0.375 0.5615196 0.5156003 0.5222417 0.5165817 0.5307598 0.5156003 0.5222417 0.5165817 0.5307598 0.5156003 0.5222417 0.5165817 0.5307598 0.375 0.5222417 0.375 0.5222417 0.3835209 0.5222417 0.375 0.75 0.375 0.7227095 0.375 0.75 0.5625 0.5833333 0.5625 0.6666666 0.5625 0.5833333 0.375 0.5222417 0.375 0.5307598 0.375 0.5307598 0.6874999 0.5 0.75 0.5222417 0.6875 0.5222417 0.375 0.8125 0.4888221 0.875 0.375 0.875 0.5590506 0.375 0.5590506 0.4375001 0.5590506 0.4375 0.4888221 0.8125 0.5267627 0.875 0.4888221 0.875 0.75 0.5222417 0.6875 0.5307598 0.6875 0.5222417 0.75 0.5307598 0.6875 0.5615195 0.6875 0.5307598 0.6875 0.6946881 0.75 0.7227095 0.6875 0.7227095 0.75 0.5833333 0.6875 0.6666666 0.6875 0.5833333 0.6875 0.5615195 0.75 0.5833333 0.6875 0.5833333 0.6875 0.7227095 0.75 0.75 0.6875 0.75 0.5267627 0.8125 0.625 0.875 0.5267627 0.875 0.5590506 0.4375 0.5130379 0.5 0.5130379 0.4375 0.5130379 0.4375 0.375 0.5 0.375 0.4375 0.5130379 0.5 0.375 0.5222417 0.375 0.5 0.5130379 0.5 0.5624671 0.5222417 0.5156003 0.5222417 0.375 0.5 0.3125 0.5222417 0.3125 0.5 0.5156003 0.5222417 0.5624671 0.5222417 0.5624671 0.5222417 0.5267627 0.75 0.625 0.8125 0.5267627 0.8125 0.625 0.7227095 0.6875 0.75 0.625 0.75 0.625 0.5615195 0.6875 0.5833333 0.625 0.5833333 0.6875 0.5833333 0.625 0.6666666 0.625 0.5833333 0.625 0.6946881 0.6875 0.7227095 0.625 0.7227095 0.6250001 0.5307598 0.6875 0.5615195 0.625 0.5615195 0.625 0.5222417 0.6875 0.5307598 0.6250001 0.5307598 0.488822 0.75 0.5267627 0.8125 0.4888221 0.8125 0.5590506 0.4375 0.5590506 0.5 0.5590506 0.5 0.375 0.75 0.4888221 0.8125 0.375 0.8125 0.625 0.5 0.6875 0.5222417 0.625 0.5222417 0.7500001 0.5 0.6875 0.5 0.75 0.5 0.625 0.375 0.5590506 0.4375001 0.5590506 0.375 0.3125 0.5222417 0.25 0.5307598 0.25 0.5222417 0.25 0.5307598 0.3125 0.5615196 0.25 0.5615196 0.25 0.6666666 0.3125 0.7227095 0.25 0.7227095 0.25 0.5833333 0.3125 0.6666666 0.25 0.6666666 0.3125 0.5615196 0.25 0.5833333 0.25 0.5615196 0.3125 0.7227095 0.25 0.75 0.25 0.7227095 0.4675785 0.1990541 0.625 0.1123691 0.625 0.25 0.625 0.25 0.5509128 0.5 0.5490866 0.25 0.5509128 0.5 0.6250001 0.6367507 0.4068171 0.6395044 0.6250001 0.6367507 0.875 0.5 0.875 0.6376309 0.4032431 0.1094031 0.625 0.08812099 0.625 0.1123691 0.08711361 0.8864342 0.06697434 0.9004744 0.05361592 0.8706923 0.7146449 0.3587591 0.7185959 0.3587185 0.7185873 0.3645052 0.8256582 0.6676975 0.8228164 0.6177222 0.826625 0.6177083 0.3725091 0.8753721 0.3754081 0.8551713 0.3754081 0.8753858 0.7094364 0.7878978 0.7155165 0.7925827 0.7070403 0.7925798 0.5817055 0.1390975 0.5762813 0.1655134 0.5762813 0.138763 0.4733871 0.8708639 0.4898356 0.8804594 0.4898357 0.8819651 0.5809662 0.4512287 0.5762813 0.4305157 0.5813761 0.4305211 0.8989278 0.7099097 0.9017936 0.687398 0.9017696 0.7099102 0.9404844 0.3564928 0.9391177 0.3483786 0.9404844 0.3483783 0.07158052 0.08085542 0.05774682 0.1409613 0.05774682 0.08083194 0.06656175 0.5664803 0.05774676 0.6635519 0.05774676 0.5664664 0.9404844 0.358658 0.9388568 0.3580942 0.9404844 0.3580939 0.9391177 0.3483786 0.9404844 0.3123627 0.9404844 0.3483783 0.5817055 0.2247291 0.5762813 0.2411658 0.5762813 0.2233794 0.5817055 0.1881096 0.5762813 0.1840788 0.5817279 0.1843724 0.236488 0.647981 0.2441887 0.5512868 0.25234 0.551226 0.4536131 0.8844359 0.4538844 0.88986 0.4496572 0.8844392 0.0890547 0.01766955 0.1154937 0.0145598 0.1111658 0.01766955 0.607604 0.4524458 0.6340321 0.4548753 0.6340337 0.4554131 0.1815078 0.4741097 0.1495993 0.3702435 0.1979638 0.4655564 0.1162156 0.312936 0.1495993 0.3702435 0.1165444 0.3704621 0.1815078 0.4741097 0.1980122 0.4715967 0.1816094 0.4787225 0.2441648 0.4656901 0.2519124 0.5008381 0.2437615 0.5008988 0.6297309 0.2358612 0.611967 0.258529 0.611967 0.2349684 0.6297271 0.2594211 0.6119649 0.3239004 0.611967 0.258529 0.1154937 0.1956737 0.1486178 0.2184213 0.1156347 0.2186672 0.9250752 0.3123643 0.9319116 0.3483732 0.9207943 0.3124009 0.07743692 0.8358589 0.0748071 0.7873235 0.08058065 0.7873221 0.1261324 0.8541032 0.1497237 0.8187758 0.1578747 0.8187149 0.629734 0.3245052 0.6100108 0.4317854 0.6119649 0.3239004 0.08859634 0.6635646 0.07901728 0.5664803 0.0989536 0.5664788 0.1578747 0.8187149 0.1718697 0.7706785 0.1800208 0.7706177 0.244247 0.4585153 0.2510704 0.3780397 0.2516609 0.4576106 0.08905464 0.2825933 0.1111925 0.3010083 0.08905464 0.3010089 0.6274095 0.8360456 0.6107231 0.8639577 0.6104397 0.8360456 0.1159178 0.2646527 0.1490342 0.2828361 0.116018 0.2830823 0.1161968 0.3099207 0.1492272 0.31269 0.1162156 0.312936 0.2416858 0.2177279 0.2677257 0.1945387 0.2767677 0.2174649 0.08905464 0.2136663 0.1111987 0.2366408 0.08905464 0.236642 0.6297309 0.1407356 0.6119669 0.14275 0.6119667 0.1397151 0.8540816 0.6177083 0.8536781 0.5226914 0.8640232 0.6177109 0.1838064 0.6483736 0.183896 0.5517361 0.1996583 0.5516185 0.5791553 0.01132172 0.5762813 3.91098e-5 0.5799808 0 0.07158046 0.3010089 0.08905464 0.2825933 0.08905464 0.3010089 0.5817055 0.1658405 0.5762813 0.1840788 0.5762813 0.1655134 0.06070047 0.8358604 0.05774676 0.7873097 0.06235164 0.7873235 0.05774676 0.4939027 0.07158046 0.489313 0.07158046 0.4939166 0.2252277 1.59037e-4 0.2409963 0.1236719 0.1739414 0.1241715 0.9169703 0.09239947 0.9458935 0.08744513 0.9290191 0.1152837 0.629734 0.1437349 0.611967 0.1694561 0.6119669 0.14275 0.7283149 0.4134003 0.7547997 0.403351 0.7568471 0.4256508 0.3717086 0.8551768 0.344622 0.8751224 0.344622 0.8541746 0.7283149 0.5871432 0.7693637 0.5074862 0.73916 0.6106604 0.8228164 0.3587324 0.8251979 0.4049105 0.8228163 0.4049242 0.8228164 0.5227027 0.826625 0.6177083 0.8228164 0.6177222 0.8256582 0.6676975 0.8540816 0.6177083 0.867875 0.6677183 0.1996583 0.5516185 0.2437615 0.5008988 0.2441887 0.5512868 0.1492272 0.31269 0.2427986 0.369549 0.1495993 0.3702435 0.1739414 0.1241715 0.2415172 0.1947353 0.1484692 0.1954286 0.1490342 0.2828361 0.2423546 0.3089807 0.1492077 0.3096747 0.8406661 0.4049104 0.8425065 0.358721 0.8456537 0.4049129 0.8640232 0.6177109 0.867875 0.6677183 0.8540816 0.6177083 0.9319086 0.3564628 0.9332523 0.34838 0.9332538 0.3564944 0.2420228 0.263713 0.285816 0.2403913 0.2948647 0.2633187 0.1484692 0.1954286 0.2416858 0.2177279 0.1486178 0.2184213 0.1979638 0.4655564 0.2441648 0.4656901 0.1980122 0.4715967 0.07158046 0.489313 0.08905464 0.3883442 0.08905464 0.489313 0.6831628 0.8456466 0.6978806 0.8192204 0.6979756 0.8456502 0.7287039 0.4910047 0.7568471 0.4256508 0.7693637 0.5074862 0.1489151 0.2644068 0.2421579 0.2821422 0.1490342 0.2828361 0.08905464 0.3278277 0.1111925 0.3010083 0.1111987 0.3278264 0.629734 0.1703481 0.611967 0.1878474 0.611967 0.1694561 0.2409963 0.1236719 0.2477173 0 0.2504659 0.1306113 0.9404844 0.3580939 0.9388998 0.3564931 0.9404844 0.3564928 0.1179845 0.854157 0.1244322 0.8189643 0.1497237 0.8187758 0.2441887 0.5512868 0.2519124 0.5008381 0.25234 0.551226 0.1501924 0.1243485 0.1484692 0.1954286 0.1154937 0.1956737 0.2421579 0.2821422 0.2927234 0.3086054 0.2423546 0.3089807 0.2415172 0.1947353 0.2504659 0.1306113 0.2677257 0.1945387 0.6200448 0.09199434 0.6297309 0.1407356 0.6119667 0.1397151 0.5791553 0.01132172 0.6070674 0.008613348 0.6070674 0.02022826 0.1244322 0.8189643 0.1302907 0.7709881 0.1411584 0.7709074 0.183896 0.5517361 0.1982496 0.5012379 0.1996583 0.5516185 0.9319123 0.3586419 0.9332538 0.3580955 0.9332462 0.3586596 0.2090054 0.003359973 0.1739414 0.1241715 0.1501924 0.1243485 0.07158046 0.5165078 0.07901728 0.5664803 0.06656175 0.5664803 0.7013875 0.8036225 0.6978806 0.8192204 0.6856136 0.8045832 0.07158052 0.1409752 0.08905464 0.2136663 0.07158046 0.2136663 0.07158046 0.3278277 0.08905464 0.3010089 0.08905464 0.3278277 0.826625 0.6177083 0.8468887 0.5226888 0.8540816 0.6177083 0.9386627 0.3123643 0.9332523 0.34838 0.9250752 0.3123643 0.07158046 0.236642 0.08905464 0.2136663 0.08905464 0.236642 0.07158046 0.489313 0.08905464 0.4939166 0.07158046 0.4939166 0.07158046 0.3308407 0.08905464 0.3883442 0.07158046 0.3883442 0.4083233 0.8875807 0.4063363 0.88986 0.406329 0.8875789 0.05774682 0.2366281 0.07158046 0.2136663 0.07158046 0.236642 0.05774682 0.3278138 0.07158046 0.3010089 0.07158046 0.3278277 0.3754081 0.8753858 0.3725342 0.8854246 0.3725091 0.8753721 0.05774682 0.2136524 0.07158052 0.1409752 0.07158046 0.2136663 0.05774676 0.5164939 0.06656175 0.5664803 0.05774676 0.5664664 0.05774682 0.300995 0.07158046 0.2825933 0.07158046 0.3010089 0.6755475 0.7681918 0.6433735 0.7330422 0.6823212 0.7421971 0.6830858 0.8592559 0.6664287 0.9215592 0.6475875 0.8449075 0.6792729 0.8349053 0.6475875 0.8449075 0.6430486 0.8223336 0.5901183 0.4516022 0.6100108 0.4317854 0.607604 0.4524458 0.6716471 0.7862039 0.6385412 0.7997725 0.6340337 0.7772112 0.6716471 0.7862039 0.6369147 0.759105 0.6755475 0.7681918 0.6823212 0.7421971 0.6440914 0.7301453 0.6830858 0.7392423 0.07315593 0.8358604 0.06235164 0.7873235 0.0748071 0.7873235 0.07901722 0.6635658 0.06656175 0.5664803 0.07901728 0.5664803 0.6119649 0.3239004 0.5913135 0.4308834 0.5923151 0.3231048 0.07158046 0.3278277 0.05774682 0.3308268 0.05774682 0.3278138 0.08905464 0.3883442 0.1111987 0.4892969 0.08905464 0.489313 0.07158052 0.1409752 0.07158052 0.08085542 0.07736718 0.08084601 0.5922998 0.1397787 0.5817055 0.1658405 0.5817055 0.1390975 0.5890923 0.2500041 0.581737 0.3229887 0.5817332 0.2473323 0.5809662 0.4512287 0.5913135 0.4308834 0.5901183 0.4516022 0.5890752 0.2283072 0.5817332 0.2473323 0.5817325 0.2263563 0.5762813 0.4107161 0.5813761 0.4305211 0.5762813 0.4305157 0.5922998 0.1368078 0.5817055 0.1390975 0.5817055 0.1360971 0.5890752 0.1849285 0.5817055 0.1658405 0.5922999 0.166507 0.5923151 0.3231048 0.5813761 0.4305211 0.581737 0.3229887 0.2910859 0.4263491 0.3170113 0.4427995 0.2970222 0.4516636 0.8251979 0.4049105 0.8382256 0.3587185 0.8406661 0.4049104 0.5817024 0.3178206 0.5762813 0.4107161 0.5762813 0.3177714 0.5890752 0.1849285 0.5817318 0.2053804 0.5817279 0.1843724 0.397597 0.940597 0.3795491 0.9266725 0.3976082 0.9259735 0.06498497 0.8706905 0.06070047 0.8358604 0.07315593 0.8358604 0.116018 0.2830823 0.1492077 0.3096747 0.1161968 0.3099207 0.0890547 0.01766955 0.1111996 0.1409736 0.08905464 0.1409752 0.08905464 0.489313 0.1111934 0.4939032 0.08905464 0.4939166 0.06631892 0.8706922 0.07315593 0.8358604 0.07743692 0.8358589 0.1163513 0.8541691 0.1154937 0.8190308 0.1244322 0.8189643 0.2420228 0.263713 0.2949861 0.2817485 0.2421579 0.2821422 0.08905464 0.1409752 0.1111987 0.2136644 0.08905464 0.2136663 0.08905464 0.3308407 0.1111744 0.3883231 0.08905464 0.3883442 0.08905464 0.5165078 0.0989536 0.5664788 0.07901728 0.5664803 0.6339662 0.6336018 0.6319175 0.6243509 0.6339662 0.6165395 0.1497237 0.8187758 0.1411584 0.7709074 0.1718697 0.7706785 0.2283368 0.6480417 0.1996583 0.5516185 0.2441887 0.5512868 0.9319086 0.3580846 0.9332538 0.3564944 0.9332538 0.3580955 0.08905607 0 0.07555705 0.01766955 0.07538908 5.08236e-6 0.9715723 0.5264551 0.966084 0.5128549 0.9737877 0.5122986 0.966084 0.5529626 0.9715723 0.5264551 0.9713838 0.5528981 0.08905464 0.3278277 0.1111987 0.3308394 0.08905464 0.3308407 0.4458381 0.8738415 0.4496572 0.8844392 0.4429369 0.8757833 0.07158046 0.2596177 0.05774682 0.2825794 0.05774682 0.2596037 0.07158046 0.3278277 0.08905464 0.3308407 0.07158046 0.3308407 0.2423546 0.3089807 0.2924829 0.3116311 0.2423768 0.3119959 0.1492077 0.3096747 0.2423768 0.3119959 0.1492272 0.31269 0.5111815 0.9060278 0.4898357 0.9157267 0.4909288 0.9074689 0.5762813 0.09211122 0.5785624 0.1406091 0.5762813 0.1406502 0.9075422 0.6989266 0.9046715 0.7017677 0.9046715 0.6988742 0.9532987 0.05584901 0.9384183 0.07321971 0.9453547 0.05433875 0.9297219 0.604173 0.9268479 0.5988041 0.9297219 0.5988025 0.9055728 0.2977765 0.8933215 0.3006345 0.8932915 0.2977605 0.8859627 0.5765402 0.9268479 0.5988041 0.8859583 0.5988041 0.9046715 0.6988742 0.9075495 0.6873913 0.9075422 0.6989266 0.9268479 0.576534 0.8859583 0.5543387 0.9268479 0.5530715 0.6263829 0.8639538 0.610737 0.8668317 0.6107231 0.8639577 0.9297219 0.604173 0.9268479 0.6193295 0.9268479 0.6041746 0.9055728 0.2977765 0.9207938 0.3006345 0.9055402 0.3006345 0.4714881 0.8962117 0.4898357 0.8819651 0.4898219 0.9085526 0.4891753 0.8688242 0.4717469 0.8682399 0.4678492 0.8541745 0.8365188 0.3478747 0.8393927 0.3541604 0.8365188 0.3542196 0.4631122 0.9080258 0.4651679 0.8945621 0.4714881 0.8962117 0.8859739 0.6041616 0.9268479 0.5988041 0.9268479 0.6041746 0.7631259 0.9241103 0.7667545 0.9148204 0.7668671 0.9245576 0.8859583 0.5988041 0.8762691 0.6042041 0.8762691 0.5988157 0.8762691 0.5988157 0.8859627 0.5765402 0.8859583 0.5988041 0.5817055 0.1390975 0.5762813 0.1357893 0.5817055 0.1360971 0.9268479 0.576534 0.9297219 0.5530949 0.9297219 0.5765323 0.01572471 0.9363359 0.01572471 0.8706923 0.02040672 0.870808 0.2096629 0.8717477 0.1751117 0.9374164 0.1908465 0.8716896 0.8581911 0.3419109 0.8250594 0.2596468 0.8591754 0.253266 0.14528 0.9400032 0.14528 0.8549338 0.1475593 0.8549438 0.2418543 0.2407205 0.2767677 0.2174649 0.285816 0.2403913 0.5817055 0.2430449 0.5762813 0.3177714 0.5762813 0.2411658 0.7527523 0.3810513 0.7471048 0.3616059 0.7507063 0.3587185 0.7345795 0.3961316 0.7527523 0.3810513 0.7547997 0.403351 0.07158046 0.236642 0.05774682 0.2596037 0.05774682 0.2366281 0.05774682 0.3883601 0.07158046 0.489313 0.05774676 0.4892991 0.7070403 0.7925798 0.7100336 0.8017348 0.7023808 0.8017315 0.07158046 0.2825933 0.08905464 0.2596177 0.08905464 0.2825933 0.07158046 0.2596177 0.08905464 0.236642 0.08905464 0.2596177 0.08905464 0.2596177 0.1111987 0.2825921 0.08905464 0.2825933 0.67546 0.8105546 0.6430486 0.8223336 0.6385412 0.7997725 0.1487665 0.2414141 0.2420228 0.263713 0.1489151 0.2644068 0.1486178 0.2184213 0.2418543 0.2407205 0.1487665 0.2414141 0.3943861 0.9670751 0.397597 0.940597 0.3949579 0.9670693 0.1157763 0.2416599 0.1489151 0.2644068 0.1159178 0.2646527 0.1156347 0.2186672 0.1487665 0.2414141 0.1157763 0.2416599 0.6297309 0.1887392 0.611967 0.211408 0.611967 0.1878474 0.5890752 0.2066178 0.5817325 0.2263563 0.5817318 0.2053804 0.5817055 0.1881096 0.5762813 0.2055932 0.5762813 0.1878071 0.5817055 0.2064101 0.5762813 0.2233794 0.5762813 0.2055932 0.6297309 0.2123007 0.611967 0.2349684 0.611967 0.211408 0.08905464 0.236642 0.1111988 0.2596164 0.08905464 0.2596177 0.9055728 0.2977765 0.9206265 0.2568709 0.9207943 0.2977605 0.9268479 0.6041746 0.8859765 0.6193299 0.8859739 0.6041616 0.8697938 0.7065333 0.8256743 0.7064037 0.8256716 0.6998515 0.7025833 0.9318684 0.6971625 0.8456501 0.7112392 0.9321258 0.3407564 0.862258 0.3250423 0.9273701 0.3250423 0.8541745 0.7693637 0.7111444 0.7846497 0.790352 0.7693699 0.790458 0.1979638 0.4655564 0.2427986 0.369549 0.244247 0.4585153 0.9268479 0.576534 0.9297219 0.5988025 0.9268479 0.5988041 0.7283148 0.4381268 0.7222305 0.3590437 0.728314 0.3587185 0.05774682 0.3308268 0.07158046 0.3883442 0.05774682 0.3883601 0.406329 0.8875789 0.4084267 0.8600738 0.4083233 0.8875807 0.5791553 0.09211128 0.6119667 0.1397151 0.5785624 0.1406091 0.4458381 0.8738415 0.4084267 0.8600738 0.4061942 0.8541746 0.3754081 0.8854293 0.3725342 0.8867644 0.3725342 0.8854246 0.3754081 0.9106988 0.3725342 0.9106551 0.3725342 0.91043 0.6123853 0.8233437 0.6274095 0.8360456 0.6104397 0.8360456 0.4909288 0.9074689 0.5120022 0.8541746 0.5111815 0.9060278 0.2791932 0.371316 0.3111023 0.4203805 0.2910859 0.4263491 0.9291874 0.006963551 0.9453547 0.05433875 0.9205639 0.01134312 0.9291874 0.006963551 0.9169703 0.004513859 0.9255335 0 0.2770946 0.3633632 0.2992259 0.368416 0.2791932 0.371316 0.6070674 0.02022826 0.6270223 0.03091216 0.6197693 0.03236269 0.6197693 0.03236269 0.6297333 0.08358186 0.6200768 0.08363521 0.9268479 0.6193295 0.8859765 0.6873855 0.8859765 0.6193299 0.9297219 0.6193279 0.9268479 0.6873852 0.9268479 0.6193295 0.7846403 0.7111432 0.8344396 0.790352 0.7846497 0.790352 0.5673583 0.8258842 0.5644843 0.8651828 0.5644843 0.8258703 0.8738888 0.1681507 0.9169703 0.1336433 0.9147784 0.1729063 0.8710148 0.1681646 0.8738888 0.2532521 0.8710148 0.253266 0.8738888 0.2532521 0.9147784 0.1729063 0.9147602 0.2532489 0.5695501 0.8651967 0.6028206 0.9109797 0.5724205 0.9157413 0.8760807 0.1288878 0.9093512 0.08316242 0.9169703 0.1336433 0.5673583 0.8258842 0.6104397 0.8604351 0.5695501 0.8651967 0.8738888 0.1681507 0.8710148 0.1289017 0.8760807 0.1288878 0.8344396 0.790352 0.7846442 0.8297526 0.7846497 0.790352 0.5724205 0.9157413 0.5940326 0.990952 0.5705031 0.9957135 0.8768763 0.07840681 0.9005632 0.004755616 0.9093512 0.08316242 0.7846442 0.8297526 0.8344761 0.8801441 0.7846863 0.8801441 0.8760807 0.1288878 0.8710148 0.07842069 0.8768763 0.07840681 0.5695501 0.8651967 0.5644843 0.9157273 0.5644843 0.8651828 0.9209621 0.2767956 0.9707211 0.2828143 0.9209616 0.2828143 0.9207943 0.253266 0.9707216 0.2767956 0.9209621 0.2767956 0.8344761 0.8801441 0.7972547 0.9593585 0.7846863 0.8801441 0.8768763 0.07840681 0.8710148 1.39243e-5 0.8770337 0 0.5644843 0.9157273 0.5705031 0.9957135 0.5644843 0.9956997 0.2561739 0.3754587 0.2427986 0.369549 0.2770946 0.3633632 0.6297329 0.09205102 0.6200768 0.08363521 0.6297333 0.08358186 0.2982241 0.3600018 0.2761297 0.3506537 0.2924829 0.3116311 0.2761297 0.3506537 0.2423768 0.3119959 0.2924829 0.3116311 0.4897726 0.9087802 0.4631122 0.9080258 0.4898219 0.9085526 0.5074985 0.9544727 0.5035123 0.9477328 0.5103629 0.9514371 0.7184657 0.4708194 0.7148811 0.4638252 0.7184657 0.4586428 0.7638791 0.9140815 0.7604841 0.927958 0.7615959 0.9052486 0.2585102 0.4575789 0.2653809 0.4606368 0.2585321 0.4614092 0.867875 0.6677183 0.8256716 0.6998515 0.8256582 0.6676975 0.8762692 0.667684 0.8697938 0.7065333 0.867875 0.6677183 0.3754081 0.9106988 0.3725663 0.9259735 0.3725342 0.9106551 0.08905464 0.4939166 0.1111671 0.5165078 0.08905464 0.5165078 0.07158046 0.4939166 0.08905464 0.5165078 0.07158046 0.5165078 0.1980122 0.4715967 0.2437615 0.5008988 0.1982496 0.5012379 0.05774676 0.5164939 0.07158046 0.4939166 0.07158046 0.5165078 0.244247 0.4585153 0.2516833 0.4621814 0.2441648 0.4656901 0.1816094 0.4787225 0.1982496 0.5012379 0.1821078 0.5013591 0.6305824 0.4554682 0.6313481 0.4822751 0.6305824 0.4823302 0.7638791 0.9140815 0.7669798 0.9068071 0.7667545 0.9148204 0.7634701 0.9203946 0.7662414 0.9281535 0.7604841 0.927958 0.4978331 0.9477204 0.5111818 0.9457192 0.5035123 0.9477328 0.8845421 0.7100359 0.8903021 0.6873855 0.8903021 0.7101221 0.6330512 0.9846881 0.6104397 0.9549071 0.6330512 0.9547412 0.5120022 0.8841775 0.5177473 0.8545287 0.5177473 0.8845315 0.7131022 0.3982982 0.7186101 0.4279619 0.7131022 0.428301 0.4916048 0.9441092 0.5111818 0.9457192 0.4898357 0.9456728 0.4916048 0.917298 0.5111818 0.9157731 0.5094127 0.9173367 0.4916048 0.9441092 0.4898357 0.9157267 0.4916048 0.917298 0.5094127 0.9173367 0.5111818 0.9457192 0.5094127 0.9441479 0.6518417 0.9938813 0.6340337 0.9670314 0.6518417 0.9670701 0.6305825 0.6165389 0.6313414 0.5987206 0.6313414 0.6165395 0.6305825 0.5361092 0.6313472 0.5093026 0.6313472 0.5361645 0.6313466 0.5630819 0.6305825 0.5809004 0.6305825 0.5630815 0.7669798 0.9342948 0.7631259 0.9241103 0.7668671 0.9245576 0.7131022 0.4793685 0.7184657 0.4708194 0.7184657 0.482996 0.2516609 0.4576106 0.2585321 0.4614092 0.2516833 0.4621814 0.5172136 0.9551415 0.5074985 0.9544727 0.5103629 0.9514371 0.05939054 0.8706852 0.05774676 0.8358465 0.06070047 0.8358604 0.9388568 0.3580942 0.9332538 0.3564944 0.9388998 0.3564931 0.9388406 0.3586583 0.9332538 0.3580955 0.9388568 0.3580942 0.9388998 0.3564931 0.9332523 0.34838 0.9391177 0.3483786 0.08711361 0.8864342 0.06697434 0.9004744 0.09806215 0.9004744 0.7185873 0.3645052 0.7146449 0.3587591 0.7146329 0.3783388 0.8228164 0.6177222 0.8256582 0.6676975 0.826625 0.6177083 0.3725091 0.8753721 0.3754081 0.8551713 0.3717086 0.8551768 0.7094364 0.7878978 0.7155165 0.7925827 0.7155333 0.7878978 0.5817055 0.1390975 0.5762813 0.1655134 0.5817055 0.1658405 0.4898356 0.8804594 0.4733871 0.8708639 0.4898357 0.8819651 0.5809662 0.4512287 0.5762813 0.4305157 0.5762813 0.4512385 0.9017936 0.687398 0.8989278 0.7099097 0.9017696 0.7099102 0.9404844 0.3564928 0.9391177 0.3483786 0.9388998 0.3564931 0.07158052 0.08085542 0.05774682 0.1409613 0.07158052 0.1409752 0.06656175 0.5664803 0.05774676 0.6635519 0.06656175 0.6635658 0.9404844 0.358658 0.9388568 0.3580942 0.9388406 0.3586583 0.9391177 0.3483786 0.9404844 0.3123627 0.9386627 0.3123643 0.5817055 0.2247291 0.5762813 0.2411658 0.5817055 0.2430449 0.5762813 0.1840788 0.5817055 0.1881096 0.5817279 0.1843724 0.2441887 0.5512868 0.236488 0.647981 0.25234 0.551226 0.4538844 0.88986 0.4536131 0.8844359 0.4496572 0.8844392 0.0890547 0.01766955 0.1154937 0.0145598 0.08905607 0 0.6340321 0.4548753 0.607604 0.4524458 0.6340337 0.4554131 0.1815078 0.4741097 0.1495993 0.3702435 0.1165444 0.3704621 0.1495993 0.3702435 0.1162156 0.312936 0.1165444 0.3704621 0.1980122 0.4715967 0.1815078 0.4741097 0.1816094 0.4787225 0.2441648 0.4656901 0.2519124 0.5008381 0.2516833 0.4621814 0.6297309 0.2358612 0.611967 0.258529 0.6297271 0.2594211 0.6297271 0.2594211 0.6119649 0.3239004 0.629734 0.3245052 0.1486178 0.2184213 0.1154937 0.1956737 0.1156347 0.2186672 0.9250752 0.3123643 0.9319116 0.3483732 0.9332523 0.34838 0.0748071 0.7873235 0.07743692 0.8358589 0.08058065 0.7873221 0.1497237 0.8187758 0.1261324 0.8541032 0.1578747 0.8187149 0.629734 0.3245052 0.6100108 0.4317854 0.6340321 0.4548753 0.07901728 0.5664803 0.08859634 0.6635646 0.0989536 0.5664788 0.1718697 0.7706785 0.1578747 0.8187149 0.1800208 0.7706177 0.2510704 0.3780397 0.244247 0.4585153 0.2516609 0.4576106 0.1111925 0.3010083 0.08905464 0.2825933 0.08905464 0.3010089 0.6274095 0.8360456 0.6107231 0.8639577 0.6263829 0.8639538 0.1490342 0.2828361 0.1159178 0.2646527 0.116018 0.2830823 0.1492272 0.31269 0.1161968 0.3099207 0.1162156 0.312936 0.2416858 0.2177279 0.2677257 0.1945387 0.2415172 0.1947353 0.1111987 0.2366408 0.08905464 0.2136663 0.08905464 0.236642 0.6297309 0.1407356 0.6119669 0.14275 0.629734 0.1437349 0.8540816 0.6177083 0.8536781 0.5226914 0.8468887 0.5226888 0.183896 0.5517361 0.1838064 0.6483736 0.1996583 0.5516185 0.5791553 0.01132172 0.5762813 3.91098e-5 0.5762813 0.01133769 0.07158046 0.3010089 0.08905464 0.2825933 0.07158046 0.2825933 0.5817055 0.1658405 0.5762813 0.1840788 0.5817279 0.1843724 0.05774676 0.7873097 0.06070047 0.8358604 0.06235164 0.7873236 0.05774676 0.4939027 0.07158046 0.489313 0.05774676 0.4892991 0.2409963 0.1236719 0.2252277 1.59037e-4 0.1739414 0.1241715 0.9169703 0.09239947 0.9458935 0.08744513 0.9384183 0.07321971 0.629734 0.1437349 0.611967 0.1694561 0.629734 0.1703481 0.7547997 0.403351 0.7283149 0.4134003 0.7568471 0.4256508 0.3717086 0.8551768 0.344622 0.8751224 0.3725091 0.8753721 0.7693637 0.5074862 0.7283149 0.5871432 0.73916 0.6106604 0.8251977 0.4049103 0.8228164 0.3587324 0.8228163 0.4049242 0.826625 0.6177083 0.8228164 0.5227027 0.8228164 0.6177222 0.8256582 0.6676975 0.8540816 0.6177083 0.826625 0.6177083 0.1996583 0.5516185 0.2437615 0.5008988 0.1982496 0.5012379 0.2427986 0.369549 0.1492272 0.31269 0.1495993 0.3702435 0.2415172 0.1947353 0.1739414 0.1241715 0.1484692 0.1954286 0.2423546 0.3089807 0.1490342 0.2828361 0.1492077 0.3096747 0.8406661 0.4049104 0.8425065 0.358721 0.8382256 0.3587185 0.8640232 0.6177109 0.867875 0.6677183 0.8762692 0.667684 0.9332523 0.34838 0.9319086 0.3564628 0.9332538 0.3564944 0.2420228 0.263713 0.285816 0.2403913 0.2418543 0.2407205 0.2416858 0.2177279 0.1484692 0.1954286 0.1486178 0.2184213 0.2441648 0.4656901 0.1979638 0.4655564 0.1980122 0.4715967 0.07158046 0.489313 0.08905464 0.3883442 0.07158046 0.3883442 0.6831628 0.8456466 0.6978806 0.8192204 0.6830857 0.8192057 0.7568471 0.4256508 0.7287039 0.4910047 0.7693637 0.5074862 0.2421579 0.2821422 0.1489151 0.2644068 0.1490342 0.2828361 0.08905464 0.3278277 0.1111925 0.3010083 0.08905464 0.3010089 0.629734 0.1703481 0.611967 0.1878474 0.6297309 0.1887392 0.2409963 0.1236719 0.2477173 0 0.2400493 5.04395e-5 0.9404844 0.3580939 0.9388998 0.3564931 0.9388568 0.3580942 0.1244322 0.8189643 0.1179845 0.854157 0.1497237 0.8187758 0.2441887 0.5512868 0.2519124 0.5008381 0.2437615 0.5008988 0.1484692 0.1954286 0.1501924 0.1243485 0.1154937 0.1956737 0.2927234 0.3086054 0.2421579 0.2821422 0.2423546 0.3089807 0.2415172 0.1947353 0.2504659 0.1306113 0.2409963 0.1236719 0.6200448 0.09199434 0.6297309 0.1407356 0.6297329 0.09205102 0.6070674 0.008613348 0.5791553 0.01132172 0.6070674 0.02022826 0.1302907 0.7709881 0.1244322 0.8189643 0.1411584 0.7709074 0.183896 0.5517361 0.1982496 0.5012379 0.1821078 0.5013591 0.9332538 0.3580955 0.9319123 0.3586419 0.9332462 0.3586596 0.1739414 0.1241715 0.2090054 0.003359973 0.1501924 0.1243485 0.07901728 0.5664803 0.07158046 0.5165078 0.06656175 0.5664803 0.6978806 0.8192204 0.7100336 0.8017348 0.7013875 0.8036225 0.08905464 0.2136663 0.07158052 0.1409752 0.07158046 0.2136663 0.08905464 0.3278277 0.07158046 0.3010089 0.07158046 0.3278277 0.826625 0.6177083 0.8468887 0.5226888 0.826625 0.5226888 0.9332523 0.34838 0.9386627 0.3123643 0.9250752 0.3123643 0.08905464 0.236642 0.07158046 0.2136663 0.07158046 0.236642 0.08905464 0.4939166 0.07158046 0.489313 0.07158046 0.4939166 0.08905464 0.3883442 0.07158046 0.3308407 0.07158046 0.3883442 0.4063363 0.88986 0.4083233 0.8875807 0.406329 0.8875789 0.05774682 0.2366281 0.07158046 0.2136663 0.05774682 0.2136524 0.05774682 0.3278138 0.07158046 0.3010089 0.05774682 0.300995 0.3754081 0.8753858 0.3725342 0.8854246 0.3754081 0.8854293 0.05774682 0.2136524 0.07158052 0.1409752 0.05774682 0.1409613 0.06656175 0.5664803 0.05774676 0.5164939 0.05774676 0.5664664 0.05774682 0.300995 0.07158046 0.2825933 0.05774682 0.2825794 0.6433735 0.7330422 0.6755475 0.7681918 0.6823212 0.7421971 0.6830858 0.8592559 0.6664287 0.9215592 0.677639 0.9244984 0.6792729 0.8349053 0.6475875 0.8449075 0.6830858 0.8592559 0.6100108 0.4317854 0.5901183 0.4516022 0.607604 0.4524458 0.6716471 0.7862039 0.6385412 0.7997725 0.67546 0.8105546 0.6369147 0.759105 0.6716471 0.7862039 0.6755475 0.7681918 0.6440914 0.7301453 0.6823212 0.7421971 0.6830858 0.7392423 0.06235164 0.7873236 0.07315593 0.8358604 0.0748071 0.7873235 0.07901728 0.5664803 0.06656175 0.6635658 0.07901722 0.6635658 0.6119649 0.3239004 0.5913135 0.4308834 0.6100108 0.4317854 0.07158046 0.3278277 0.05774682 0.3308268 0.07158046 0.3308407 0.1111987 0.4892969 0.08905464 0.3883442 0.08905464 0.489313 0.0890547 0.01766955 0.07555705 0.01766955 0.07736718 0.08084601 0.5922998 0.1397787 0.5817055 0.1658405 0.5922999 0.166507 0.5890923 0.2500041 0.581737 0.3229887 0.5923151 0.3231048 0.5913135 0.4308834 0.5809662 0.4512287 0.5901183 0.4516022 0.5890752 0.2283072 0.5817332 0.2473323 0.5890923 0.2500041 0.5813761 0.4305211 0.5762813 0.4107161 0.5762813 0.4305157 0.5922998 0.1368078 0.5817055 0.1390975 0.5922998 0.1397787 0.5817055 0.1658405 0.5890752 0.1849285 0.5922999 0.166507 0.5923151 0.3231048 0.5813761 0.4305211 0.5913135 0.4308834 0.2910859 0.4263491 0.3170113 0.4427995 0.3111023 0.4203805 0.8251977 0.4049103 0.8382256 0.3587185 0.8246381 0.3587185 0.5817024 0.3178206 0.5762813 0.4107161 0.5817046 0.4106845 0.5890752 0.1849285 0.5817318 0.2053804 0.5890752 0.2066178 0.397597 0.940597 0.3795491 0.9266725 0.3795491 0.9408012 0.06070047 0.8358604 0.06498497 0.8706905 0.07315593 0.8358604 0.1492077 0.3096747 0.116018 0.2830823 0.1161968 0.3099207 0.1111996 0.1409736 0.0890547 0.01766955 0.08905464 0.1409752 0.1111934 0.4939032 0.08905464 0.489313 0.08905464 0.4939166 0.07315593 0.8358604 0.06631892 0.8706922 0.07743692 0.8358589 0.1154937 0.8190308 0.1163513 0.8541691 0.1244322 0.8189643 0.2949861 0.2817485 0.2420228 0.263713 0.2421579 0.2821422 0.1111987 0.2136644 0.08905464 0.1409752 0.08905464 0.2136663 0.1111744 0.3883231 0.08905464 0.3308407 0.08905464 0.3883442 0.0989536 0.5664788 0.08905464 0.5165078 0.07901728 0.5664803 0.6339662 0.6336018 0.6319175 0.6243509 0.6305825 0.6294447 0.1411584 0.7709074 0.1497237 0.8187758 0.1718697 0.7706785 0.1996583 0.5516185 0.2283368 0.6480417 0.2441887 0.5512868 0.9332538 0.3564944 0.9319086 0.3580846 0.9332538 0.3580955 0.07555705 0.01766955 0.08905607 0 0.07538908 5.08236e-6 0.966084 0.5128549 0.9715723 0.5264551 0.9737877 0.5122986 0.966084 0.5529626 0.9715723 0.5264551 0.9662599 0.5265207 0.1111987 0.3308394 0.08905464 0.3278277 0.08905464 0.3308407 0.4496572 0.8844392 0.4458381 0.8738415 0.4429369 0.8757833 0.05774682 0.2825794 0.07158046 0.2596177 0.05774682 0.2596037 0.08905464 0.3308407 0.07158046 0.3278277 0.07158046 0.3308407 0.2924829 0.3116311 0.2423546 0.3089807 0.2423768 0.3119959 0.2423768 0.3119959 0.1492077 0.3096747 0.1492272 0.31269 0.5111815 0.9060278 0.4898357 0.9157267 0.5120022 0.9143512 0.5762813 0.09211122 0.5785624 0.1406091 0.5791553 0.09211128 0.9075422 0.6989266 0.9046715 0.7017677 0.9075373 0.7018107 0.9384183 0.07321971 0.9532987 0.05584901 0.9453547 0.05433875 0.9297219 0.604173 0.9268479 0.5988041 0.9268479 0.6041746 0.9055728 0.2977765 0.8933215 0.3006345 0.9055402 0.3006345 0.9268479 0.5988041 0.8859627 0.5765402 0.8859583 0.5988041 0.9075495 0.6873913 0.9046715 0.6988742 0.9075422 0.6989266 0.9268479 0.576534 0.8859583 0.5543387 0.8859627 0.5765402 0.6263829 0.8639538 0.610737 0.8668317 0.6263983 0.8668317 0.9268479 0.6193295 0.9297219 0.604173 0.9268479 0.6041746 0.9207938 0.3006345 0.9055728 0.2977765 0.9055402 0.3006345 0.4898357 0.8819651 0.4714881 0.8962117 0.4898219 0.9085526 0.4891753 0.8688242 0.4717469 0.8682399 0.4898356 0.8804594 0.8393927 0.3541604 0.8365188 0.3478747 0.8365188 0.3542196 0.4651679 0.8945621 0.4631122 0.9080258 0.4714881 0.8962117 0.9268479 0.5988041 0.8859739 0.6041616 0.9268479 0.6041746 0.7667545 0.9148204 0.7631259 0.9241103 0.7668671 0.9245576 0.8859583 0.5988041 0.8762691 0.6042041 0.8859739 0.6041616 0.8859627 0.5765402 0.8762691 0.5988157 0.8859583 0.5988041 0.5762813 0.1357893 0.5817055 0.1390975 0.5817055 0.1360971 0.9297219 0.5530949 0.9268479 0.576534 0.9297219 0.5765323 0.02040672 0.870808 0.01572471 0.8706923 0.01572471 0.9363359 0.1908465 0.8716896 0.1751117 0.9374164 0.2096629 0.8717477 0.8250594 0.2596468 0.8581911 0.3419109 0.8591754 0.253266 0.1750621 0.9417715 0.1750663 0.8541746 0.1475593 0.8549438 0.2418543 0.2407205 0.2767677 0.2174649 0.2416858 0.2177279 0.5817055 0.2430449 0.5762813 0.3177714 0.5817024 0.3178206 0.7527523 0.3810513 0.7471048 0.3616059 0.7408454 0.3788599 0.7527523 0.3810513 0.7345795 0.3961316 0.7547997 0.403351 0.07158046 0.236642 0.05774682 0.2596037 0.07158046 0.2596177 0.07158046 0.489313 0.05774682 0.3883601 0.05774676 0.4892991 0.7070403 0.7925798 0.7100336 0.8017348 0.7155165 0.7925827 0.07158046 0.2825933 0.08905464 0.2596177 0.07158046 0.2596177 0.08905464 0.2596177 0.07158046 0.236642 0.07158046 0.2596177 0.1111987 0.2825921 0.08905464 0.2596177 0.08905464 0.2825933 0.67546 0.8105546 0.6430486 0.8223336 0.6792729 0.8349053 0.2420228 0.263713 0.1487665 0.2414141 0.1489151 0.2644068 0.2418543 0.2407205 0.1486178 0.2184213 0.1487665 0.2414141 0.397597 0.940597 0.3943861 0.9670751 0.3949579 0.9670693 0.1489151 0.2644068 0.1157763 0.2416599 0.1159178 0.2646527 0.1487665 0.2414141 0.1156347 0.2186672 0.1157763 0.2416599 0.6297309 0.1887392 0.611967 0.211408 0.6297309 0.2123007 0.5890752 0.2066178 0.5817325 0.2263563 0.5890752 0.2283072 0.5817055 0.1881096 0.5762813 0.2055932 0.5817055 0.2064101 0.5817055 0.2064101 0.5762813 0.2233794 0.5817055 0.2247291 0.6297309 0.2123007 0.611967 0.2349684 0.6297309 0.2358612 0.1111988 0.2596164 0.08905464 0.236642 0.08905464 0.2596177 0.9055728 0.2977765 0.9206265 0.2568709 0.9053733 0.253266 0.8859765 0.6193299 0.9268479 0.6041746 0.8859739 0.6041616 0.8697938 0.7065333 0.8256743 0.7064037 0.8701848 0.7111432 0.6971625 0.8456501 0.6971625 0.9317166 0.7025833 0.9318684 0.3407564 0.862258 0.3250423 0.9273701 0.344622 0.927381 0.7693637 0.7111444 0.7846497 0.790352 0.7846403 0.7111432 0.1979638 0.4655564 0.2427986 0.369549 0.1495993 0.3702435 0.9297219 0.5988025 0.9268479 0.576534 0.9268479 0.5988041 0.7283148 0.4381268 0.7222305 0.3590437 0.71861 0.4380994 0.05774682 0.3308268 0.07158046 0.3883442 0.07158046 0.3308407 0.4084267 0.8600738 0.406329 0.8875789 0.4083233 0.8875807 0.5791553 0.09211128 0.6119667 0.1397151 0.6200448 0.09199434 0.4084267 0.8600738 0.4458381 0.8738415 0.4061942 0.8541746 0.3725342 0.8867644 0.3754081 0.8854293 0.3725342 0.8854246 0.3725342 0.91043 0.3754081 0.9106988 0.3754081 0.8867701 0.6123853 0.8233437 0.6274095 0.8360456 0.6325712 0.8211227 0.5120022 0.8541746 0.4909288 0.9074689 0.5111815 0.9060278 0.2791932 0.371316 0.3111023 0.4203805 0.2992259 0.368416 0.9453547 0.05433875 0.9291874 0.006963551 0.9205639 0.01134312 0.9291874 0.006963551 0.9169703 0.004513859 0.9205639 0.01134312 0.2992259 0.368416 0.2770946 0.3633632 0.2791932 0.371316 0.6270223 0.03091216 0.6070674 0.02022826 0.6197693 0.03236269 0.6297333 0.08358186 0.6197693 0.03236269 0.6200768 0.08363521 0.8859765 0.6873855 0.9268479 0.6193295 0.8859765 0.6193299 0.9268479 0.6873852 0.9297219 0.6193279 0.9268479 0.6193295 0.8344396 0.790352 0.7846403 0.7111432 0.7846497 0.790352 0.5644843 0.8651828 0.5673583 0.8258842 0.5644843 0.8258703 0.9169703 0.1336433 0.8738888 0.1681507 0.9147784 0.1729063 0.8738888 0.2532521 0.8710148 0.1681646 0.8710148 0.253266 0.8738888 0.2532521 0.9147784 0.1729063 0.8738888 0.1681507 0.5695501 0.8651967 0.6028206 0.9109797 0.6104397 0.8604351 0.9093512 0.08316242 0.8760807 0.1288878 0.9169703 0.1336433 0.5673583 0.8258842 0.6104397 0.8604351 0.6082478 0.8211227 0.8738888 0.1681507 0.8710148 0.1289017 0.8710148 0.1681646 0.7846442 0.8297526 0.8344396 0.790352 0.7846497 0.790352 0.5724205 0.9157413 0.5940326 0.990952 0.6028206 0.9109797 0.9005632 0.004755616 0.8768763 0.07840681 0.9093512 0.08316242 0.7846442 0.8297526 0.8344761 0.8801441 0.834434 0.8297526 0.8760807 0.1288878 0.8710148 0.07842069 0.8710148 0.1289017 0.5644843 0.9157273 0.5695501 0.8651967 0.5644843 0.8651828 0.9209616 0.2828143 0.9707216 0.2767956 0.9209621 0.2767956 0.9209621 0.2767956 0.9705538 0.253266 0.9207943 0.253266 0.7972547 0.9593585 0.8344761 0.8801441 0.7846863 0.8801441 0.8768763 0.07840681 0.8710148 1.39243e-5 0.8710148 0.07842069 0.5644843 0.9157273 0.5705031 0.9957135 0.5724205 0.9157413 0.2770946 0.3633632 0.2427986 0.369549 0.2561739 0.3754587 0.6297329 0.09205102 0.6200768 0.08363521 0.6200448 0.09199434 0.2982241 0.3600018 0.2761297 0.3506537 0.2770946 0.3633632 0.2761297 0.3506537 0.2423768 0.3119959 0.2427986 0.369549 0.4897726 0.9087802 0.4898219 0.9085526 0.4631122 0.9080258 0.5035123 0.9477328 0.5074985 0.9544727 0.5103629 0.9514371 0.7184657 0.4708194 0.7148811 0.4638252 0.7139917 0.4715968 0.7638791 0.9140815 0.7604841 0.927958 0.7634701 0.9203946 0.2653809 0.4606368 0.2585102 0.4575789 0.2585321 0.4614092 0.867875 0.6677183 0.8256716 0.6998515 0.8697938 0.7065333 0.8762692 0.667684 0.8697938 0.7065333 0.8762685 0.7062574 0.3754081 0.9106988 0.3725663 0.9259735 0.3754081 0.9259718 0.1111671 0.5165078 0.08905464 0.4939166 0.08905464 0.5165078 0.08905464 0.5165078 0.07158046 0.4939166 0.07158046 0.5165078 0.2437615 0.5008988 0.1980122 0.4715967 0.1982496 0.5012379 0.05774676 0.5164939 0.07158046 0.4939166 0.05774676 0.4939027 0.244247 0.4585153 0.2516833 0.4621814 0.2516609 0.4576106 0.1982496 0.5012379 0.1816094 0.4787225 0.1821078 0.5013591 0.6313481 0.4822751 0.6305824 0.4554682 0.6305824 0.4823302 0.7669798 0.9068071 0.7638791 0.9140815 0.7667545 0.9148204 0.7634701 0.9203946 0.7662414 0.9281535 0.766558 0.9204996 0.5111818 0.9457192 0.4978331 0.9477204 0.5035123 0.9477328 0.8903021 0.6873855 0.8845421 0.7100359 0.8903021 0.7101221 0.6330512 0.9846881 0.6104397 0.9549071 0.6104397 0.9848539 0.5177473 0.8545287 0.5120022 0.8841775 0.5177473 0.8845315 0.7131022 0.3982982 0.7186101 0.4279619 0.7186101 0.3979592 0.4916048 0.9441092 0.5111818 0.9457192 0.5094127 0.9441479 0.5111818 0.9157731 0.4916048 0.917298 0.5094127 0.9173367 0.4898357 0.9157267 0.4916048 0.9441092 0.4916048 0.917298 0.5094127 0.9441479 0.5111818 0.9157731 0.5094127 0.9173367 0.6518417 0.9670701 0.6340337 0.9938426 0.6518417 0.9938813 0.6305825 0.6165389 0.6313414 0.5987206 0.6305825 0.5987201 0.6305825 0.5361092 0.6313472 0.5093026 0.6305825 0.5092473 0.6313466 0.5630819 0.6305825 0.5809004 0.6313466 0.5809008 0.7669798 0.9342948 0.7631259 0.9241103 0.7623728 0.9341391 0.7184657 0.4708194 0.7131022 0.4793685 0.7184657 0.482996 0.2585321 0.4614092 0.2516609 0.4576106 0.2516833 0.4621814 0.5172136 0.9551415 0.5074985 0.9544727 0.5171639 0.9612249 0.05774676 0.8358465 0.05939054 0.8706852 0.06070047 0.8358604 0.9332538 0.3564944 0.9388568 0.3580942 0.9388998 0.3564931 0.9332538 0.3580955 0.9388406 0.3586583 0.9388568 0.3580942 0.9332523 0.34838 0.9388998 0.3564931 0.9391177 0.3483786 0.1838064 0.6483736 0.1940157 0.7225813 0.2283368 0.6480417 0.826625 0.5226888 0.8431065 0.4511022 0.8257575 0.4511022 0.06656175 0.6635658 0.07645827 0.7387866 0.07901722 0.6635658 0.1680197 0.6484906 0.1578846 0.7228505 0.1838064 0.6483736 0.8468887 0.5226888 0.8488008 0.4511048 0.8431065 0.4511022 0.8228164 0.5227027 0.8257575 0.4511022 0.8228164 0.4511162 0.05774676 0.6635519 0.06400281 0.7387866 0.06656175 0.6635658 0.2283368 0.6480417 0.2021668 0.7225205 0.236488 0.647981 0.07901722 0.6635658 0.08372431 0.7387853 0.08859634 0.6635646 0.1940157 0.7225813 0.1838064 0.6483736 0.2283368 0.6480417 0.826625 0.5226888 0.8431065 0.4511022 0.8468887 0.5226888 0.07645827 0.7387866 0.06656175 0.6635658 0.07901722 0.6635658 0.1578846 0.7228505 0.1680197 0.6484906 0.1838064 0.6483736 0.8468887 0.5226888 0.8488008 0.4511048 0.8536781 0.5226914 0.8228164 0.5227027 0.8257575 0.4511022 0.826625 0.5226888 0.06400281 0.7387867 0.05774676 0.6635519 0.06656175 0.6635658 0.2021668 0.7225205 0.2283368 0.6480417 0.236488 0.647981 0.08372431 0.7387853 0.07901722 0.6635658 0.08859634 0.6635646 0.1578846 0.7228505 0.1718697 0.7706785 0.1940157 0.7225813 0.8257575 0.4511022 0.8406661 0.4049104 0.8251977 0.4049103 0.06400281 0.7387866 0.0748071 0.7873235 0.07645827 0.7387866 0.1450877 0.7229454 0.1411584 0.7709074 0.1578846 0.7228505 0.8431065 0.4511022 0.8456537 0.4049129 0.8406661 0.4049104 0.8228164 0.4511162 0.8251977 0.4049103 0.8228163 0.4049242 0.05774676 0.7387728 0.06235164 0.7873236 0.06400281 0.7387866 0.1940157 0.7225813 0.1800208 0.7706177 0.2021668 0.7225205 0.07645827 0.7387866 0.08058065 0.7873221 0.08372431 0.7387853 0.1718697 0.7706785 0.1578846 0.7228505 0.1940157 0.7225813 0.8257575 0.4511022 0.8406661 0.4049104 0.8431065 0.4511022 0.0748071 0.7873235 0.06400281 0.7387867 0.07645827 0.7387866 0.1411584 0.7709074 0.1450877 0.7229454 0.1578846 0.7228505 0.8431065 0.4511022 0.8456537 0.4049129 0.8488008 0.4511048 0.8228164 0.4511162 0.8251979 0.4049105 0.8257575 0.4511022 0.06235164 0.7873235 0.05774676 0.7387728 0.06400281 0.7387867 0.1800208 0.7706177 0.1940157 0.7225813 0.2021668 0.7225205 0.08058065 0.7873221 0.07645827 0.7387866 0.08372431 0.7387853 1 1 0.9843751 0.875 1 0.875 0.984375 1 0.96875 0.875 0.9843751 0.875 0.96875 1 0.9531249 0.875 0.96875 0.875 0.953125 1 0.9375 0.875 0.9531249 0.875 0.9375 1 0.9218749 0.875 0.9375 0.875 0.921875 1 0.90625 0.875 0.9218749 0.875 0.90625 1 0.890625 0.875 0.90625 0.875 0.890625 1 0.8750001 0.8750001 0.890625 0.875 0.875 1 0.859375 0.8749999 0.8750001 0.8750001 0.859375 1 0.84375 0.8749999 0.859375 0.8749999 0.84375 1 0.828125 0.875 0.84375 0.8749999 0.828125 1 0.8125 0.875 0.828125 0.875 0.8125 1 0.796875 0.8750001 0.8125 0.875 0.796875 1 0.78125 0.875 0.796875 0.8750001 0.78125 0.875 0.765625 1 0.765625 0.875 0.765625 0.875 0.75 1 0.75 0.875 0.75 0.875 0.734375 1 0.7343751 0.8750001 0.7343751 0.8750001 0.71875 1 0.7187501 0.875 0.7187501 0.875 0.703125 1 0.703125 0.875 0.703125 0.875 0.6875 1 0.6875 0.875 0.6875 0.875 0.671875 1 0.671875 0.875 0.671875 0.875 0.65625 1 0.65625 0.875 0.65625 0.875 0.640625 1 0.640625 0.875 0.640625 0.875 0.625 1 0.625 0.875 0.625 0.875 0.609375 1 0.609375 0.875 0.609375 0.875 0.59375 1 0.59375 0.875 0.59375 0.875 0.578125 1 0.578125 0.875 0.578125 0.875 0.5625 1 0.5625 0.875 0.5625 0.875 0.546875 1 0.546875 0.875 0.546875 0.875 0.53125 1 0.53125 0.875 0.53125 0.875 0.515625 1 0.515625 0.875 0.515625 0.875 0.5 1 0.5 0.875 0.5 1 0.484375 0.875 0.5 0.875 0.484375 1 0.46875 0.875 0.484375 0.875 0.46875 1 0.453125 0.875 0.46875 0.875 0.453125 1 0.4375 0.875 0.453125 0.875 0.4375 1 0.421875 0.875 0.4375 0.875 0.421875 1 0.40625 0.875 0.421875 0.875 0.40625 1 0.390625 0.875 0.40625 0.875 0.390625 1 0.375 0.875 0.390625 0.875 0.375 1 0.359375 0.875 0.375 0.875 0.359375 1 0.34375 0.875 0.359375 0.875 0.34375 1 0.328125 0.875 0.34375 0.875 0.328125 1 0.3125 0.875 0.328125 0.875 0.3125 1 0.296875 0.875 0.3125 0.875 0.296875 1 0.28125 0.875 0.296875 0.875 0.28125 1 0.265625 0.875 0.28125 0.875 0.265625 1 0.25 0.875 0.265625 0.875 0.25 1 0.234375 0.8750001 0.25 0.875 0.234375 1 0.21875 0.875 0.234375 0.8750001 0.21875 0.875 0.203125 1 0.203125 0.875 0.203125 0.875 0.1875 1 0.1875 0.875 0.1875 0.875 0.171875 1 0.171875 0.8750001 0.171875 0.8750001 0.15625 1 0.15625 0.875 0.15625 0.875 0.140625 1 0.140625 0.875 0.140625 0.875 0.125 1 0.125 0.8750001 0.125 0.8750001 0.109375 1 0.109375 0.875 0.109375 0.875 0.09375 1 0.09375 0.8750001 0.09375 0.8750001 0.078125 1 0.078125 0.8749999 0.078125 0.8749999 0.0625 1 0.0625 0.875 0.0625 0.875 0.046875 1 0.046875 0.875 0.046875 0.875 0.03125 1 0.03125 0.8749999 0.2125539 0.4382539 0.2311863 0.4410179 0.2311863 0.4410179 0.03125 0.8749999 0.015625 1 0.015625 0.875 0.015625 0.875 0 1 0 0.875 0.7264759 0.01115566 0.5111557 0.2264759 0.9888443 0.2264758 0.015625 0.75 0 0.5 0.015625 0.5 0.03125 0.75 0.015625 0.5 0.03125 0.5 0.046875 0.75 0.03125 0.5 0.046875 0.5 0.0625 0.75 0.046875 0.5 0.0625 0.5 0.078125 0.5 0.0625 0.75 0.0625 0.5 0.09375 0.5 0.078125 0.75 0.078125 0.5 0.109375 0.5 0.09375 0.75 0.09375 0.5 0.125 0.5 0.109375 0.7500001 0.109375 0.5 0.140625 0.5 0.125 0.75 0.125 0.5 0.15625 0.5 0.140625 0.75 0.140625 0.5 0.171875 0.5 0.15625 0.75 0.15625 0.5 0.1875 0.5 0.171875 0.75 0.171875 0.5 0.203125 0.5 0.1875 0.75 0.1875 0.5 0.21875 0.5 0.203125 0.75 0.203125 0.5 0.234375 0.5 0.21875 0.75 0.21875 0.5 0.25 0.5 0.234375 0.75 0.234375 0.5 0.265625 0.5 0.25 0.75 0.25 0.5 0.28125 0.5 0.265625 0.75 0.265625 0.5 0.296875 0.5 0.28125 0.75 0.28125 0.5 0.3125 0.75 0.296875 0.5 0.3125 0.5 0.328125 0.75 0.3125 0.5 0.328125 0.5 0.34375 0.75 0.328125 0.5 0.34375 0.5 0.359375 0.75 0.34375 0.5 0.359375 0.5 0.375 0.75 0.359375 0.5 0.375 0.5 0.390625 0.75 0.375 0.5 0.390625 0.5 0.40625 0.75 0.390625 0.5 0.40625 0.5 0.421875 0.75 0.40625 0.5 0.421875 0.5 0.4375 0.75 0.421875 0.5 0.4375 0.5 0.453125 0.75 0.4375 0.5 0.453125 0.5 0.46875 0.75 0.453125 0.5 0.46875 0.5 0.484375 0.75 0.46875 0.5 0.484375 0.5 0.5 0.75 0.484375 0.5 0.5 0.5 0.515625 0.75 0.5 0.5 0.515625 0.5 0.53125 0.75 0.515625 0.5 0.53125 0.5 0.546875 0.75 0.53125 0.5 0.546875 0.5 0.5625 0.75 0.546875 0.5 0.5625 0.5 0.578125 0.75 0.5625 0.5 0.578125 0.5 0.59375 0.75 0.578125 0.5 0.59375 0.5 0.609375 0.75 0.59375 0.5 0.609375 0.5 0.625 0.75 0.609375 0.5 0.625 0.5 0.640625 0.75 0.625 0.5 0.640625 0.5 0.65625 0.75 0.640625 0.5 0.65625 0.5 0.671875 0.75 0.65625 0.5 0.671875 0.5 0.6875 0.75 0.671875 0.5 0.6875 0.5 0.703125 0.75 0.6875 0.5 0.703125 0.5 0.71875 0.75 0.703125 0.5 0.71875 0.5 0.734375 0.75 0.71875 0.5 0.734375 0.5 0.75 0.75 0.734375 0.5 0.75 0.5 0.765625 0.75 0.75 0.5 0.765625 0.5 0.78125 0.75 0.765625 0.5 0.78125 0.5 0.796875 0.75 0.78125 0.5 0.796875 0.5 0.8125 0.75 0.796875 0.5 0.8125 0.5 0.828125 0.75 0.8125 0.5 0.828125 0.5 0.84375 0.75 0.828125 0.5 0.84375 0.5 0.859375 0.75 0.84375 0.5 0.859375 0.5 0.875 0.75 0.859375 0.5 0.875 0.5 0.890625 0.75 0.875 0.5 0.890625 0.5 0.90625 0.75 0.890625 0.5 0.90625 0.5 0.921875 0.75 0.90625 0.5 0.921875 0.5 0.9375 0.75 0.921875 0.5 0.9375 0.5 0.953125 0.75 0.9375 0.5 0.953125 0.5 0.96875 0.75 0.953125 0.5 0.96875 0.5 0.984375 0.75 0.96875 0.5 0.984375 0.5 1 0.75 0.984375 0.5 1 0.5 0.015625 0.75 0 0.875 0 0.75 0.03125 0.75 0.015625 0.875 0.015625 0.75 0.046875 0.75 0.03125 0.8749999 0.03125 0.75 0.0625 0.75 0.046875 0.875 0.046875 0.75 0.078125 0.75 0.0625 0.875 0.0625 0.75 0.09375 0.75 0.078125 0.8749999 0.078125 0.75 0.109375 0.7500001 0.09375 0.8750001 0.09375 0.75 0.125 0.75 0.109375 0.875 0.109375 0.7500001 0.140625 0.75 0.125 0.8750001 0.125 0.75 0.15625 0.75 0.140625 0.875 0.140625 0.75 0.171875 0.75 0.15625 0.875 0.15625 0.75 0.1875 0.75 0.171875 0.8750001 0.171875 0.75 0.203125 0.75 0.1875 0.875 0.1875 0.75 0.21875 0.75 0.203125 0.875 0.203125 0.75 0.234375 0.75 0.21875 0.875 0.21875 0.75 0.25 0.75 0.234375 0.8750001 0.234375 0.75 0.265625 0.75 0.25 0.875 0.25 0.75 0.28125 0.75 0.265625 0.875 0.265625 0.75 0.296875 0.75 0.28125 0.875 0.28125 0.75 0.3125 0.75 0.296875 0.875 0.296875 0.75 0.328125 0.75 0.3125 0.875 0.3125 0.75 0.34375 0.75 0.328125 0.875 0.328125 0.75 0.359375 0.75 0.34375 0.875 0.34375 0.75 0.375 0.75 0.359375 0.875 0.359375 0.75 0.390625 0.75 0.375 0.875 0.375 0.75 0.40625 0.75 0.390625 0.875 0.390625 0.75 0.421875 0.75 0.40625 0.875 0.40625 0.75 0.4375 0.75 0.421875 0.875 0.421875 0.75 0.453125 0.75 0.4375 0.875 0.4375 0.75 0.46875 0.75 0.453125 0.875 0.453125 0.75 0.484375 0.75 0.46875 0.875 0.46875 0.75 0.5 0.75 0.484375 0.875 0.484375 0.75 0.515625 0.875 0.5 0.75 0.515625 0.75 0.53125 0.875 0.515625 0.75 0.53125 0.75 0.546875 0.875 0.53125 0.75 0.546875 0.75 0.5625 0.875 0.546875 0.75 0.5625 0.75 0.578125 0.875 0.5625 0.75 0.578125 0.75 0.59375 0.875 0.578125 0.75 0.59375 0.75 0.609375 0.875 0.59375 0.75 0.609375 0.75 0.625 0.875 0.609375 0.75 0.625 0.75 0.640625 0.875 0.625 0.75 0.640625 0.75 0.65625 0.875 0.640625 0.75 0.65625 0.75 0.671875 0.875 0.65625 0.75 0.671875 0.75 0.6875 0.875 0.671875 0.75 0.6875 0.75 0.703125 0.875 0.6875 0.75 0.703125 0.75 0.7187501 0.875 0.703125 0.75 0.71875 0.75 0.7343751 0.8750001 0.71875 0.75 0.734375 0.75 0.75 0.875 0.734375 0.75 0.75 0.75 0.765625 0.875 0.75 0.75 0.765625 0.75 0.78125 0.875 0.765625 0.75 0.78125 0.75 0.796875 0.8750001 0.78125 0.75 0.796875 0.75 0.8125 0.875 0.796875 0.75 0.8125 0.75 0.828125 0.875 0.8125 0.75 0.828125 0.75 0.84375 0.8749999 0.828125 0.75 0.84375 0.75 0.859375 0.8749999 0.84375 0.75 0.859375 0.75 0.8750001 0.8750001 0.859375 0.75 0.875 0.75 0.890625 0.875 0.875 0.75 0.890625 0.75 0.90625 0.875 0.890625 0.75 0.90625 0.75 0.9218749 0.875 0.90625 0.75 0.921875 0.75 0.9375 0.875 0.921875 0.75 0.9375 0.75 0.9531249 0.875 0.9375 0.75 0.953125 0.75 0.96875 0.875 0.953125 0.75 0.96875 0.75 0.9843751 0.875 0.96875 0.75 0.984375 0.75 1 0.875 0.984375 0.75 1 0.75 0.2688136 0.4410178 0.25 0.49 0.2500001 0.441942 0.2874461 0.4382541 0.2735241 0.4888443 0.2688136 0.4410178 0.3057179 0.4336771 0.2968217 0.4853885 0.2874461 0.4382541 0.3234531 0.4273315 0.3196683 0.4796657 0.3057179 0.4336771 0.3404809 0.4192778 0.341844 0.4717311 0.3234531 0.4273315 0.3404809 0.4192778 0.3833369 0.4495527 0.3631352 0.4616611 0.3717668 0.3983732 0.3833369 0.4495527 0.3566374 0.4095941 0.3857235 0.3857235 0.4022544 0.4355225 0.3717668 0.3983732 0.3857235 0.3857235 0.4355225 0.4022544 0.4197056 0.4197056 0.4095941 0.3566374 0.4355225 0.4022544 0.3983733 0.3717668 0.4095941 0.3566374 0.4616611 0.3631352 0.4495527 0.3833369 0.4192778 0.3404809 0.4717311 0.341844 0.4616611 0.3631352 0.4336772 0.3057178 0.4717311 0.341844 0.4273313 0.3234531 0.4336772 0.3057178 0.4853885 0.2968217 0.4796657 0.3196683 0.4410178 0.2688136 0.4853885 0.2968217 0.4382539 0.2874461 0.4410178 0.2688136 0.49 0.25 0.4888443 0.2735241 0.4410178 0.2311863 0.49 0.25 0.441942 0.25 0.4410178 0.2311863 0.4853885 0.2031783 0.4888443 0.2264758 0.4336771 0.1942821 0.4853885 0.2031783 0.4382539 0.2125539 0.4336771 0.1942821 0.4717311 0.1581559 0.4796656 0.1803317 0.4192778 0.1595191 0.4717311 0.1581559 0.4273314 0.1765469 0.4095941 0.1433627 0.4616611 0.1368648 0.4192778 0.1595191 0.4095941 0.1433627 0.4355225 0.09774559 0.4495527 0.1166631 0.3857235 0.1142764 0.4355225 0.09774559 0.3983733 0.1282332 0.3717668 0.1016267 0.4197056 0.08029437 0.3857235 0.1142764 0.3717668 0.1016267 0.3833369 0.05044728 0.4022544 0.06447744 0.3404809 0.08072215 0.3833369 0.05044728 0.3566373 0.09040594 0.3404809 0.08072215 0.341844 0.02826887 0.3631352 0.03833889 0.3234531 0.07266861 0.3196683 0.0203343 0.341844 0.02826887 0.3057179 0.0663228 0.2968217 0.01461148 0.3196683 0.0203343 0.287446 0.06174594 0.2735241 0.01115566 0.2968217 0.01461148 0.2688137 0.05898213 0.25 0.00999999 0.2735241 0.01115566 0.2311864 0.05898213 0.25 0.00999999 0.2500001 0.05805784 0.2125539 0.061746 0.2264759 0.01115566 0.2311864 0.05898213 0.1942821 0.0663228 0.2031783 0.01461148 0.2125539 0.061746 0.1942821 0.0663228 0.1581559 0.02826887 0.1803317 0.0203343 0.1595191 0.08072215 0.1581559 0.02826887 0.1765469 0.07266861 0.1595191 0.08072215 0.1166631 0.05044728 0.1368647 0.03833889 0.1282332 0.1016267 0.1166631 0.05044728 0.1433626 0.090406 0.1282332 0.1016267 0.08029437 0.08029437 0.09774559 0.06447744 0.1016268 0.1282332 0.08029437 0.08029437 0.1142764 0.1142764 0.1016268 0.1282332 0.05044728 0.116663 0.0644775 0.09774559 0.09040594 0.1433626 0.03833889 0.1368648 0.05044728 0.116663 0.07266861 0.1765469 0.03833889 0.1368648 0.08072215 0.1595191 0.07266861 0.1765469 0.0203343 0.1803317 0.02826887 0.1581559 0.061746 0.2125539 0.0203343 0.1803317 0.0663228 0.1942821 0.05898213 0.2311863 0.01461154 0.2031783 0.061746 0.2125539 0.05898213 0.2311863 0.00999999 0.25 0.01115566 0.2264759 0.05898213 0.2688136 0.00999999 0.25 0.05805784 0.25 0.05898213 0.2688136 0.01461154 0.2968217 0.01115566 0.2735241 0.061746 0.287446 0.0203343 0.3196683 0.01461154 0.2968217 0.07266861 0.323453 0.0203343 0.3196683 0.06632286 0.3057178 0.07266861 0.323453 0.03833889 0.3631352 0.02826893 0.341844 0.09040594 0.3566373 0.03833889 0.3631352 0.08072215 0.3404808 0.1016267 0.3717668 0.05044722 0.3833368 0.09040594 0.3566373 0.1016267 0.3717668 0.08029431 0.4197056 0.0644775 0.4022544 0.1282332 0.3983732 0.08029431 0.4197056 0.1142764 0.3857235 0.1282332 0.3983732 0.1166631 0.4495527 0.09774559 0.4355225 0.1595191 0.4192778 0.1166631 0.4495527 0.1433627 0.409594 0.1595191 0.4192778 0.1581559 0.4717311 0.1368648 0.4616611 0.1765469 0.4273313 0.1803316 0.4796656 0.1581559 0.4717311 0.1942821 0.4336771 0.2031783 0.4853885 0.1803316 0.4796656 0.2125539 0.4382539 0.2264758 0.4888443 0.2031783 0.4853885 0.2311863 0.4410179 0.25 0.49 0.2264758 0.4888443 0.4382539 0.2125539 0.4095941 0.3566374 0.2874461 0.4382541 0.1765469 0.07266861 0.1595191 0.08072215 0.1595191 0.08072215 0.4095941 0.3566374 0.4192778 0.3404809 0.4192778 0.3404809 0.2311863 0.4410179 0.2500001 0.441942 0.2500001 0.441942 0.1595191 0.08072215 0.1433626 0.090406 0.1433626 0.090406 0.4192778 0.3404809 0.4273313 0.3234531 0.4273313 0.3234531 0.1282332 0.1016267 0.1433626 0.090406 0.1282332 0.1016267 0.4273313 0.3234531 0.4336772 0.3057178 0.4336772 0.3057178 0.1142764 0.1142764 0.1282332 0.1016267 0.1142764 0.1142764 0.4336772 0.3057178 0.4382539 0.2874461 0.4382539 0.2874461 0.1142764 0.1142764 0.1016268 0.1282332 0.1016268 0.1282332 0.4382539 0.2874461 0.4410178 0.2688136 0.4410178 0.2688136 0.1016268 0.1282332 0.09040594 0.1433626 0.09040594 0.1433626 0.4410178 0.2688136 0.441942 0.25 0.441942 0.25 0.09040594 0.1433626 0.08072215 0.1595191 0.08072215 0.1595191 0.441942 0.25 0.4410178 0.2311863 0.4410178 0.2311863 0.08072215 0.1595191 0.07266861 0.1765469 0.07266861 0.1765469 0.4410178 0.2311863 0.4382539 0.2125539 0.4382539 0.2125539 0.07266861 0.1765469 0.0663228 0.1942821 0.0663228 0.1942821 0.4382539 0.2125539 0.4336771 0.1942821 0.4336771 0.1942821 0.0663228 0.1942821 0.061746 0.2125539 0.061746 0.2125539 0.4273314 0.1765469 0.4336771 0.1942821 0.4273314 0.1765469 0.061746 0.2125539 0.05898213 0.2311863 0.05898213 0.2311863 0.4192778 0.1595191 0.4273314 0.1765469 0.4192778 0.1595191 0.05898213 0.2311863 0.05805784 0.25 0.05805784 0.25 0.4095941 0.1433627 0.4192778 0.1595191 0.4095941 0.1433627 0.05898213 0.2688136 0.05805784 0.25 0.05898213 0.2688136 0.3983733 0.1282332 0.4095941 0.1433627 0.3983733 0.1282332 0.05898213 0.2688136 0.061746 0.287446 0.061746 0.287446 0.3857235 0.1142764 0.3983733 0.1282332 0.3857235 0.1142764 0.061746 0.287446 0.06632286 0.3057178 0.06632286 0.3057178 0.3717668 0.1016267 0.3857235 0.1142764 0.3717668 0.1016267 0.06632286 0.3057178 0.07266861 0.323453 0.07266861 0.323453 0.3566373 0.09040594 0.3717668 0.1016267 0.3566373 0.09040594 0.07266861 0.323453 0.08072215 0.3404808 0.08072215 0.3404808 0.3404809 0.08072215 0.3566373 0.09040594 0.3404809 0.08072215 0.2500001 0.441942 0.2688136 0.4410178 0.2688136 0.4410178 0.08072215 0.3404808 0.09040594 0.3566373 0.09040594 0.3566373 0.3404809 0.08072215 0.3234531 0.07266861 0.3234531 0.07266861 0.2688136 0.4410178 0.2874461 0.4382541 0.2874461 0.4382541 0.09040594 0.3566373 0.1016267 0.3717668 0.1016267 0.3717668 0.3234531 0.07266861 0.3057179 0.0663228 0.3057179 0.0663228 0.2874461 0.4382541 0.3057179 0.4336771 0.3057179 0.4336771 0.1016267 0.3717668 0.1142764 0.3857235 0.1142764 0.3857235 0.287446 0.06174594 0.3057179 0.0663228 0.287446 0.06174594 0.3057179 0.4336771 0.3234531 0.4273315 0.3234531 0.4273315 0.1142764 0.3857235 0.1282332 0.3983732 0.1282332 0.3983732 0.2688137 0.05898213 0.287446 0.06174594 0.2688137 0.05898213 0.3234531 0.4273315 0.3404809 0.4192778 0.3404809 0.4192778 0.1282332 0.3983732 0.1433627 0.409594 0.1433627 0.409594 0.2688137 0.05898213 0.2500001 0.05805784 0.2500001 0.05805784 0.3404809 0.4192778 0.3566374 0.4095941 0.3566374 0.4095941 0.1433627 0.409594 0.1595191 0.4192778 0.1595191 0.4192778 0.2311864 0.05898213 0.2500001 0.05805784 0.2311864 0.05898213 0.3566374 0.4095941 0.3717668 0.3983732 0.3717668 0.3983732 0.1595191 0.4192778 0.1765469 0.4273313 0.1765469 0.4273313 0.2125539 0.061746 0.2311864 0.05898213 0.2125539 0.061746 0.3717668 0.3983732 0.3857235 0.3857235 0.3857235 0.3857235 0.1765469 0.4273313 0.1942821 0.4336771 0.1942821 0.4336771 0.2125539 0.061746 0.1942821 0.0663228 0.1942821 0.0663228 0.3857235 0.3857235 0.3983733 0.3717668 0.3983733 0.3717668 0.1942821 0.4336771 0.2125539 0.4382539 0.2125539 0.4382539 0.1942821 0.0663228 0.1765469 0.07266861 0.1765469 0.07266861 0.3983733 0.3717668 0.4095941 0.3566374 0.4095941 0.3566374 0.625 0.4971069 0.375 0.5 0.375 0.4971068 0.625 0.5 0.375 0.75 0.375 0.5 0.3721069 0.75 0.3721069 0.5 0.3721069 0.75 0.7195122 0.5 0.75 0.75 0.7195122 0.75 0.625 0.8445122 0.375 0.875 0.375 0.8445122 0.625 0.7972561 0.375 0.8445122 0.375 0.7972561 0.6722561 0.5 0.7195122 0.75 0.6722561 0.75 0.2804878 0.5 0.25 0.75 0.25 0.5 0.375 0.375 0.625 0.4054878 0.375 0.4054878 0.6278932 0.5 0.6722561 0.75 0.6278932 0.75 0.375 0.7528932 0.625 0.7972561 0.375 0.7972561 0.3277439 0.5 0.2804878 0.75 0.2804878 0.5 0.375 0.4054878 0.625 0.4527439 0.375 0.4527439 0.375 0.75 0.625 0.7528932 0.375 0.7528932 0.625 0.5 0.6278932 0.75 0.625 0.75 0.3721069 0.5 0.3277439 0.75 0.3277439 0.5 0.625 0.4527439 0.375 0.4971068 0.375 0.4527439 0.375 0.5 0.3721069 0.75 0.3721069 0.5 0.375 0.4971068 0.375 0.5 0.375 0.4971068 0.375 0.75 0.375 0.5 0.375 0.5 0.375 0.7528932 0.375 0.75 0.375 0.75 0.375 0.5 0.625 0.4971069 0.375 0.4971068 0.375 0.75 0.625 0.5 0.375 0.5 0.3721069 0.75 0.3721069 0.5 0.3721069 0.5 0.7195122 0.5 0.75 0.75 0.75 0.5 0.375 0.8445122 0.625 0.875 0.625 0.8445122 0.375 0.8445122 0.625 0.7972561 0.375 0.7972561 0.6722561 0.5 0.7195122 0.75 0.7195122 0.5 0.25 0.75 0.2804878 0.5 0.25 0.5 0.375 0.4054878 0.625 0.375 0.375 0.375 0.6278932 0.5 0.6722561 0.75 0.6722561 0.5 0.375 0.7528932 0.625 0.7972561 0.625 0.7528932 0.2804878 0.75 0.3277439 0.5 0.2804878 0.5 0.375 0.4054878 0.625 0.4527439 0.625 0.4054878 0.375 0.75 0.625 0.7528932 0.625 0.75 0.625 0.5 0.6278932 0.75 0.6278932 0.5 0.3277439 0.75 0.3721069 0.5 0.3277439 0.5 0.375 0.4971068 0.625 0.4527439 0.375 0.4527439 0.3721069 0.75 0.375 0.5 0.3721069 0.5 0.375 0.4971068 0.375 0.5 0.375 0.5 0.375 0.5 0.375 0.75 0.375 0.5 0.375 0.75 0.375 0.7528932 0.375 0.75 0.625 0 0.375 0.25 0.375 0 0.625 0.4782416 0.375 0.5 0.375 0.4782416 0.625 0.5 0.375 0.75 0.375 0.5 0.625 0.9115481 0.375 1 0.375 0.9115481 0.3532417 0.5 0.375 0.75 0.3532417 0.75 0.875 0.5 0.7865481 0.75 0.7865481 0.5 0.7275324 0.5 0.7865481 0.75 0.7275324 0.75 0.125 0.5 0.2134519 0.75 0.125 0.75 0.375 0.8525324 0.625 0.9115481 0.375 0.9115481 0.375 0.25 0.625 0.3384519 0.375 0.3384519 0.375 0.7717583 0.625 0.7935166 0.375 0.7935166 0.6467583 0.5 0.6685166 0.75 0.6467583 0.75 0.2724676 0.5 0.3314833 0.75 0.2724676 0.75 0.625 0.3974676 0.375 0.4564833 0.375 0.3974676 0.625 0.3384519 0.375 0.3974676 0.375 0.3384519 0.2134518 0.5 0.2724676 0.75 0.2134519 0.75 0.375 0.7935166 0.625 0.8525324 0.375 0.8525324 0.7275324 0.5 0.6685166 0.75 0.6685166 0.5 0.6467583 0.5 0.625 0.75 0.625 0.5 0.375 0.75 0.625 0.7717583 0.375 0.7717583 0.3314833 0.5 0.3532417 0.75 0.3314833 0.75 0.625 0.4564833 0.375 0.4782416 0.375 0.4564833 0.375 0.25 0.625 0 0.375 0 0.375 0.5 0.625 0.4782416 0.375 0.4782416 0.375 0.5 0.625 0.75 0.625 0.5 0.375 1 0.625 0.9115481 0.375 0.9115481 0.3532417 0.5 0.375 0.75 0.375 0.5 0.7865481 0.75 0.875 0.5 0.7865481 0.5 0.7275324 0.75 0.7865481 0.5 0.7275324 0.5 0.125 0.5 0.2134519 0.75 0.2134518 0.5 0.375 0.8525324 0.625 0.9115481 0.625 0.8525324 0.375 0.25 0.625 0.3384519 0.625 0.25 0.375 0.7717583 0.625 0.7935166 0.625 0.7717583 0.6467583 0.5 0.6685166 0.75 0.6685166 0.5 0.2724676 0.5 0.3314833 0.75 0.3314833 0.5 0.375 0.4564833 0.625 0.3974676 0.375 0.3974676 0.375 0.3974676 0.625 0.3384519 0.375 0.3384519 0.2134518 0.5 0.2724676 0.75 0.2724676 0.5 0.375 0.7935166 0.625 0.8525324 0.625 0.7935166 0.6685166 0.75 0.7275324 0.5 0.6685166 0.5 0.625 0.75 0.6467583 0.5 0.625 0.5 0.375 0.75 0.625 0.7717583 0.625 0.75 0.3314833 0.5 0.3532417 0.75 0.3532417 0.5 0.375 0.4782416 0.625 0.4564833 0.375 0.4564833 0.625 0 0.375 0.25 0.375 0 0.625 0.4747003 0.375 0.5 0.375 0.4747003 0.625 0.5 0.375 0.75 0.375 0.5 0.375 0.9375001 0.625 1 0.375 1 0.3497003 0.5 0.375 0.75 0.3497003 0.75 0.875 0.5 0.8125 0.75 0.8125 0.5 0.75 0.5 0.6755995 0.75 0.6755995 0.5 0.1875 0.5 0.25 0.75 0.1875 0.75 0.375 0.8005995 0.625 0.875 0.375 0.875 0.625 0.3125 0.375 0.375 0.375 0.3125 0.625 0.25 0.375 0.3125 0.375 0.25 0.125 0.5 0.1875 0.75 0.125 0.75 0.75 0.5 0.8125 0.75 0.75 0.75 0.375 0.875 0.625 0.9375 0.375 0.9375001 0.375 0.7752997 0.625 0.8005994 0.375 0.8005995 0.6755995 0.5 0.6502997 0.75 0.6502997 0.5 0.3244006 0.5 0.25 0.75 0.25 0.5 0.625 0.375 0.375 0.4494006 0.375 0.375 0.6502997 0.5 0.625 0.75 0.625 0.5 0.375 0.75 0.625 0.7752997 0.375 0.7752997 0.3244006 0.5 0.3497003 0.75 0.3244006 0.75 0.625 0.4494006 0.375 0.4747003 0.375 0.4494006 0.375 0.25 0.625 0 0.375 0 0.375 0.5 0.625 0.4747003 0.375 0.4747003 0.375 0.75 0.625 0.5 0.375 0.5 0.375 0.9375001 0.625 1 0.625 0.9375 0.3497003 0.5 0.375 0.75 0.375 0.5 0.8125 0.75 0.875 0.5 0.8125 0.5 0.6755995 0.75 0.75 0.5 0.6755995 0.5 0.1875 0.5 0.25 0.75 0.25 0.5 0.375 0.8005995 0.625 0.875 0.625 0.8005994 0.375 0.375 0.625 0.3125 0.375 0.3125 0.375 0.3125 0.625 0.25 0.375 0.25 0.125 0.5 0.1875 0.75 0.1875 0.5 0.75 0.75 0.8125 0.5 0.75 0.5 0.375 0.875 0.625 0.9375 0.625 0.875 0.375 0.7752997 0.625 0.8005994 0.625 0.7752997 0.6502997 0.75 0.6755995 0.5 0.6502997 0.5 0.25 0.5 0.3244006 0.75 0.3244006 0.5 0.375 0.4494006 0.625 0.375 0.375 0.375 0.625 0.75 0.6502997 0.5 0.625 0.5 0.375 0.75 0.625 0.7752997 0.625 0.75 0.3244006 0.5 0.3497003 0.75 0.3497003 0.5 0.375 0.4747003 0.625 0.4494006 0.375 0.4494006 0.625 0 0.375 0.25 0.375 0 0.375 0.4143418 0.625 0.5 0.375 0.5 0.625 0.75 0.625 0.5 0.625 0.5 0.375 0.8356582 0.625 1 0.375 1 0.375 0.5 0.2893418 0.75 0.2893418 0.5 0.875 0.5 0.7288071 0.75 0.7288072 0.5 0.625 0.5 0.7288071 0.75 0.625 0.75 0.125 0.5 0.2893418 0.75 0.125 0.75 0.625 0.75 0.375 0.8356582 0.375 0.75 0.625 0.25 0.375 0.4143418 0.375 0.25 0.375 0.75 0.625 0.75 0.625 0.75 0.375 0.5 0.625 0.5 0.375 0.5 0.375 0.75 0.625 0.75 0.625 0.75 0.375 0.75 0.375 0.5 0.375 0.75 0.625 0.75 0.625 0.5 0.625 0.5 0.375 0.5 0.375 0.75 0.375 0.75 0.625 0.75 0.625 0.5 0.625 0.5 0.375 0.5 0.625 0.5 0.375 0.5 0.375 0.75 0.625 0.75 0.625 0.75 0.375 0.5 0.625 0.5 0.375 0.5 0.375 0.75 0.625 0.75 0.625 0.75 0.375 0.75 0.375 0.5 0.375 0.75 0.375 0.5 0.625 0.75 0.375 0.75 0.375 0.5 0.375 0.75 0.375 0.75 0.625 0.5 0.625 0.75 0.625 0.5 0.375 0.5 0.625 0.5 0.375 0.5 0.375 0.25 0.625 0 0.375 0 0.375 0.4143418 0.625 0.5 0.625 0.3961929 0.625 0.5 0.625 0.75 0.625 0.75 0.375 0.8356582 0.625 1 0.625 0.8538071 0.2893418 0.5 0.375 0.75 0.375 0.5 0.7288071 0.75 0.875 0.5 0.7288072 0.5 0.625 0.5 0.7288071 0.75 0.7288072 0.5 0.125 0.5 0.2893418 0.75 0.2893418 0.5 0.375 0.8356582 0.625 0.75 0.375 0.75 0.375 0.4143418 0.625 0.25 0.375 0.25 0.625 0.75 0.375 0.75 0.625 0.75 0.375 0.5 0.625 0.5 0.625 0.5 0.625 0.75 0.375 0.75 0.625 0.75 0.375 0.75 0.375 0.5 0.375 0.75 0.625 0.5 0.625 0.75 0.625 0.75 0.375 0.75 0.375 0.5 0.375 0.5 0.625 0.5 0.625 0.75 0.625 0.75 0.375 0.5 0.625 0.5 0.625 0.5 0.625 0.75 0.375 0.75 0.625 0.75 0.375 0.5 0.625 0.5 0.625 0.5 0.625 0.75 0.375 0.75 0.625 0.75 0.375 0.75 0.375 0.5 0.375 0.75 0.375 0.75 0.625 0.5 0.375 0.5 0.375 0.75 0.375 0.5 0.375 0.75 0.625 0.5 0.625 0.75 0.625 0.75 0.375 0.5 0.625 0.5 0.625 0.5 0.375 0 0.625 0.25 0.625 0 0.625 0.7838353 0.375 0.7838353 0.375 0.7838353 0.625 0.5 0.625 0.75 0.625 0.75 0.375 1 0.625 0.8176705 0.375 0.8176705 0.375 0.7838353 0.375 0.7838353 0.375 0.7838353 0.6926706 0.75 0.875 0.5 0.6926705 0.5 0.6588353 0.75 0.6926705 0.5 0.6588353 0.5 0.125 0.75 0.3073295 0.5 0.125 0.5 0.375 0.8176705 0.625 0.7838353 0.375 0.7838353 0.375 0.25 0.625 0.4323295 0.625 0.25 0.375 0.75 0.625 0.75 0.375 0.75 0.625 0.5 0.625 0.5 0.625 0.5 0.3073295 0.75 0.3411647 0.5 0.3073295 0.5 0.375 0.4323295 0.625 0.4661648 0.625 0.4323295 0.6588353 0.5 0.6588353 0.75 0.6588353 0.5 0.6588353 0.5 0.6588353 0.5 0.6588353 0.5 0.6588353 0.75 0.6588353 0.75 0.6588353 0.75 0.625 0.75 0.625 0.75 0.625 0.75 0.625 0.75 0.625 0.5 0.625 0.5 0.625 0.4661648 0.625 0.5 0.625 0.4872968 0.6588353 0.5 0.6588353 0.75 0.6588353 0.5 0.375 0.75 0.375 0.7838353 0.375 0.7838353 0.625 0.75 0.625 0.5 0.625 0.75 0.625 0.75 0.625 0.75 0.625 0.75 0.625 0.5 0.625 0.75 0.625 0.5 0.625 0.75 0.625 0.5 0.625 0.75 0.375 0.4661647 0.625 0.5 0.625 0.4661648 0.375 0.7838353 0.625 0.75 0.375 0.75 0.625 0.7627032 0.625 0.75 0.625 0.75 0.625 0.5 0.625 0.5 0.625 0.5 0.625 0.7838353 0.625 0.75 0.625 0.7838353 0.625 0.5 0.625 0.4661648 0.625 0.4661648 0.625 0.75 0.625 0.75 0.625 0.75 0.625 0.75 0.625 0.75 0.625 0.75 0.6588353 0.75 0.6588353 0.75 0.6588353 0.75 0.375 0.5 0.375 0.5 0.375 0.5 0.625 0.5 0.625 0.5 0.625 0.5 0.625 0.5 0.625 0.5 0.625 0.5 0.625 0.75 0.6377032 0.75 0.625 0.75 0.625 0.5 0.625 0.5 0.625 0.5 0.375 0.4661647 0.625 0.4661648 0.375 0.4661647 0.625 0.75 0.625 0.75 0.625 0.75 0.625 0.75 0.6377032 0.5 0.625 0.5 0.625 0.5 0.375 0.5 0.375 0.5 0.6588353 0.5 0.6588353 0.5 0.6588353 0.5 0.3411648 0.75 0.375 0.5 0.3411647 0.5 0.375 0.5 0.3411647 0.5 0.375 0.5 0.3411648 0.75 0.375 0.75 0.3411648 0.75 0.375 0.5 0.375 0.75 0.375 0.75 0.375 0.4661647 0.375 0.5 0.375 0.4661647 0.375 0.75 0.375 0.75 0.375 0.75 0.3411648 0.75 0.3411647 0.5 0.3411647 0.5 0.375 0.4661647 0.375 0.4661647 0.375 0.4661647 0.375 0.75 0.625 0.5 0.375 0.5 0.375 0.5 0.625 0.5 0.625 0.5 0.625 0.75 0.375 0.75 0.625 0.75 0.375 0.75 0.375 0.5 0.375 0.75 0.6588353 0.75 0.6377032 0.75 0.6588353 0.75 0.6588353 0.5 0.6377032 0.75 0.6588353 0.75 0.6588353 0.5 0.6377032 0.5 0.6377032 0.5 0.6377032 0.5 0.625 0.5 0.625 0.5 0.640625 1 0.9717311 0.1581559 0.65625 0.5 0.671875 1 0.9853885 0.2031783 0.6875 0.5 0.51 0.25 0.234375 1 0.265625 1 0.75 0.5 0.734375 1 0.765625 1 0.99 0.25 0.796875 1 0.9853885 0.2968217 0.296875 1 0.5504474 0.116663 0.3125 0.5 0.328125 1 0.5802944 0.08029437 0.34375 0.5 0.9495527 0.3833369 0.890625 1 0.9197056 0.4197056 0.390625 1 0.658156 0.02826887 0.40625 0.5 0.8833369 0.4495527 0.953125 1 0.841844 0.4717311 0.453125 1 0.75 0.00999999 0.46875 0.5 0.75 0.49 0.046875 1 0.7031784 0.4853885 0.841844 0.4717311 0.984375 1 0.7968217 0.4853885 0.658156 0.4717311 0.109375 1 0.6166631 0.4495527 0.9197056 0.4197056 0.921875 1 0.8833369 0.4495527 0.5282689 0.341844 0.234375 1 0.5146116 0.2968217 0.5802944 0.4197056 0.171875 1 0.5504473 0.3833368 0.265625 1 0.5282689 0.1581559 0.28125 0.5 0.5504473 0.3833368 0.203125 1 0.5282689 0.341844 0.9717311 0.341844 0.859375 1 0.9495527 0.3833369 0.9853885 0.2968217 0.828125 1 0.9717311 0.341844 0.609375 1 0.9495527 0.1166631 0.625 0.5 0.5146116 0.2031783 0.51 0.25 0.265625 1 0.359375 1 0.6166631 0.05044728 0.375 0.5 0.546875 1 0.8833369 0.05044728 0.5625 0.5 0.421875 1 0.7031784 0.01461148 0.4375 0.5 0.7968217 0.4853885 0.2264758 0.4888443 0.75 0.49 0.841844 0.02826887 0.9717311 0.1581559 0.841844 0.4717311 0.1368647 0.03833889 0.0203343 0.1803317 0.1803316 0.4796656 0.7031784 0.4853885 0.078125 1 0.658156 0.4717311 0.515625 1 0.841844 0.02826887 0.53125 0.5 0.805945 0.5214118 0.3196683 0.0203343 0.578125 1 0.8461703 0.2982441 0.3631352 0.03833889 0.609375 1 0.8668206 0.5184824 0.4022544 0.06447744 0.640625 1 0.9006716 0.3576549 0.4355225 0.09774559 0.671875 1 0.918498 0.3920081 0.4616611 0.1368648 0.703125 1 0.9294223 0.4277341 0.4796656 0.1803317 0.734375 1 0.1717314 0.457265 0.234375 1 0.4446808 0.4277343 0.1521519 0.4675659 0.203125 1 0.4407989 0.4634604 0.1345018 0.4768363 0.171875 1 0.4438114 0.4978127 0.1726836 0.3816435 0.140625 1 0.43396 0.5663507 0.1829138 0.3882942 0.109375 1 0.4476318 0.5846105 0.09042358 0.4951812 0.078125 1 0.4678645 0.6000522 0.07752311 0.497359 0.046875 1 0.5132951 0.5969198 0.5192605 0.6189401 0 0.5 0.2395094 0.4007789 0.8149313 0.4951812 0.984375 1 0.8055419 0.6108592 0.6810011 0.4023163 0.953125 1 0.854105 0.6222382 0.7868138 0.4847202 0.921875 1 0.8608105 0.5969214 0.7708531 0.4768363 0.890625 1 0.885064 0.5799969 0.8400472 0.6184896 0.859375 1 0.9054086 0.5572231 0.7336252 0.4572651 0.828125 1 0.920777 0.529473 0.7119539 0.4463294 0.796875 1 0.9302956 0.4978134 0.6881117 0.4351806 0.765625 1 0.9333074 0.4634598 0.4734316 0.3576555 0.01115566 0.2264759 0.296875 1 0.4977594 0.3259961 0.0203343 0.1803317 0.328125 1 0.5279412 0.298245 0.03833889 0.1368648 0.359375 1 0.5720421 0.4729119 0.0644775 0.09774559 0.390625 1 0.6021571 0.2585508 0.09774559 0.06447744 0.421875 1 0.6439208 0.2481279 0.1368647 0.03833889 0.453125 1 0.4022544 0.06447744 0.3196683 0.0203343 0.1368647 0.03833889 0.6862118 0.501756 0.1803317 0.0203343 0.484375 1 0.7296187 0.5160756 0.2264759 0.01115566 0.515625 1 0.658156 0.02826887 0.9717311 0.1581559 0.841844 0.4717311 0.25 0.5 0.4556069 0.3920084 0.5146116 0.2031783 0.578125 1 0.9197056 0.08029437 0.59375 0.5 0.4375 0.5 0.390625 1 0.6166631 0.05044728 0.6166631 0.4495527 0.140625 1 0.5802944 0.4197056 0.40625 0.5 0.359375 1 0.5802944 0.08029437 0.703125 1 0.99 0.25 0.71875 0.5 0.484375 1 0.7968217 0.01461148 0.5 0.5 0.6166631 0.4495527 0.140625 1 0.109375 1 0.75 0.5 0.703125 1 0.9853885 0.2031783 0.65625 0.5 0.609375 1 0.9197056 0.08029437 0.51 0.25 0.296875 1 0.265625 1 0.3125 0.5 0.296875 1 0.5146116 0.2031783 0.34375 0.5 0.328125 1 0.5282689 0.1581559 0.5146116 0.2968217 0.265625 1 0.234375 1 0.5282689 0.341844 0.234375 1 0.203125 1 0.5504473 0.3833368 0.203125 1 0.171875 1 0.46875 0.5 0.421875 1 0.658156 0.02826887 0.5 0.5 0.453125 1 0.7031784 0.01461148 0.53125 0.5 0.484375 1 0.75 0.00999999 0.7031784 0.4853885 0.078125 1 0.046875 1 0.046875 1 0.75 0.49 0.03125 0.5 0.5802944 0.4197056 0.171875 1 0.140625 1 0.6875 0.5 0.640625 1 0.9495527 0.1166631 0.71875 0.5 0.671875 1 0.9717311 0.1581559 0.9495527 0.3833369 0.859375 1 0.828125 1 0.9717311 0.341844 0.828125 1 0.796875 1 0.78125 0.5 0.734375 1 0.99 0.25 0.9197056 0.4197056 0.890625 1 0.859375 1 0.5504474 0.116663 0.375 0.5 0.359375 1 0.8833369 0.4495527 0.921875 1 0.890625 1 0.953125 1 0.841844 0.4717311 0.96875 0.5 0.984375 1 0.7968217 0.4853885 1 0.5 0.59375 0.5 0.546875 1 0.841844 0.02826887 0.5625 0.5 0.515625 1 0.7968217 0.01461148 0.658156 0.4717311 0.109375 1 0.078125 1 0.5504473 0.3833368 0.7031784 0.4853885 0.7968217 0.01461148 0.953125 1 0.203125 1 0.453125 1 0.625 0.5 0.578125 1 0.8833369 0.05044728 1 0.5 0.015625 1 0.984375 1 0.8125 0.5 0.765625 1 0.9853885 0.2968217 0.7719426 0.2585485 0.2735241 0.01115566 0.546875 1 0.75 0.00999999 0.400516 0.3510649 0.6862118 0.501756 0.5802944 0.08029437 0.2713742 0.4139449 0.5279412 0.298245 0.78125 0.5 0.9302956 0.4978134 0.9717311 0.341844 0.90625 0.5 0.8608105 0.5969214 0.841844 0.4717311 0.03125 0.5 0.5132951 0.5969198 0.658156 0.4717311 0.15625 0.5 0.4438114 0.4978127 0.5282689 0.341844 0.6875 0.5 0.918498 0.3920081 0.9853885 0.2031783 0.8833369 0.05044728 0.506011 0.334919 0.805945 0.5214118 0.9197056 0.08029437 0.5390991 0.390596 0.8461703 0.2982441 0.71875 0.5 0.9294223 0.4277341 0.99 0.25 0.125 0.5 0.43396 0.5663507 0.5504473 0.3833368 0.015625 1 0.2395094 0.4007789 0.2735241 0.4888443 0.875 0.5 0.885064 0.5799969 0.8833369 0.4495527 0.75 0.5 0.9333074 0.4634598 0.9853885 0.2968217 0.6166631 0.05044728 0.2984274 0.3386316 0.5720421 0.4729119 0.7968217 0.01461148 0.4352527 0.3499385 0.7296187 0.5160756 0.7031784 0.01461148 0.365812 0.3473946 0.6439208 0.2481279 0.3125 0.5 0.4977594 0.3259961 0.5504474 0.116663 0.8125 0.5 0.920777 0.529473 0.9495527 0.3833369 0.9375 0.5 0.854105 0.6222382 0.7968217 0.4853885 0.0625 0.5 0.4678645 0.6000522 0.6166631 0.4495527 0.1875 0.5 0.4407989 0.4634604 0.5146116 0.2968217 0.65625 0.5 0.9006716 0.3576549 0.9717311 0.1581559 0.9495527 0.1166631 0.5722174 0.3967893 0.8668206 0.5184824 0.21875 0.5 0.4446808 0.4277343 0.51 0.25 0.09375 0.5 0.4476318 0.5846105 0.5802944 0.4197056 0.96875 0.5 0.8055419 0.6108592 0.75 0.49 0.84375 0.5 0.9054086 0.5572231 0.9197056 0.4197056 0.28125 0.5 0.4734316 0.3576555 0.5282689 0.1581559 0.658156 0.02826887 0.3331409 0.3967903 0.6021571 0.2585508 0.841844 0.02826887 0.4701744 0.3841543 0.7719426 0.2585485 0.4556069 0.3920084 0.01115566 0.2735241 0.265625 1 0.9717311 0.1581559 0.640625 1 0.65625 0.5 0.9853885 0.2031783 0.671875 1 0.6875 0.5 0.51 0.25 0.234375 1 0.5146116 0.2968217 0.75 0.5 0.765625 1 0.734375 1 0.796875 1 0.99 0.25 0.9853885 0.2968217 0.5504474 0.116663 0.296875 1 0.3125 0.5 0.5802944 0.08029437 0.328125 1 0.34375 0.5 0.890625 1 0.9495527 0.3833369 0.9197056 0.4197056 0.658156 0.02826887 0.390625 1 0.40625 0.5 0.953125 1 0.8833369 0.4495527 0.841844 0.4717311 0.75 0.00999999 0.453125 1 0.46875 0.5 0.75 0.49 0.046875 1 0.015625 1 0.984375 1 0.841844 0.4717311 0.7968217 0.4853885 0.109375 1 0.658156 0.4717311 0.6166631 0.4495527 0.921875 1 0.9197056 0.4197056 0.8833369 0.4495527 0.234375 1 0.5282689 0.341844 0.5146116 0.2968217 0.171875 1 0.5802944 0.4197056 0.5504473 0.3833368 0.5282689 0.1581559 0.265625 1 0.28125 0.5 0.203125 1 0.5504473 0.3833368 0.5282689 0.341844 0.859375 1 0.9717311 0.341844 0.9495527 0.3833369 0.828125 1 0.9853885 0.2968217 0.9717311 0.341844 0.9495527 0.1166631 0.609375 1 0.625 0.5 0.5146116 0.2031783 0.265625 1 0.51 0.25 0.6166631 0.05044728 0.359375 1 0.375 0.5 0.8833369 0.05044728 0.546875 1 0.5625 0.5 0.7031784 0.01461148 0.421875 1 0.4375 0.5 0.2264758 0.4888443 0.7968217 0.4853885 0.75 0.49 0.75 0.00999999 0.51 0.25 0.75 0.49 0.4355225 0.4022544 0.2735241 0.4888443 0.2264759 0.01115566 0.078125 1 0.7031784 0.4853885 0.658156 0.4717311 0.841844 0.02826887 0.515625 1 0.53125 0.5 0.805945 0.5214118 0.3196683 0.0203343 0.506011 0.334919 0.8461703 0.2982441 0.3631352 0.03833889 0.5390991 0.390596 0.8668206 0.5184824 0.4022544 0.06447744 0.5722174 0.3967893 0.9006716 0.3576549 0.4355225 0.09774559 0.6082869 0.3209296 0.918498 0.3920081 0.4616611 0.1368648 0.633978 0.413945 0.9294223 0.4277341 0.4796656 0.1803317 0.6620921 0.4242454 0.234375 1 0.1717314 0.457265 0.4446808 0.4277343 0.203125 1 0.1521519 0.4675659 0.4407989 0.4634604 0.171875 1 0.1345018 0.4768363 0.4438114 0.4978127 0.140625 1 0.1726836 0.3816435 0.43396 0.5663507 0.109375 1 0.1829138 0.3882942 0.4476318 0.5846105 0.078125 1 0.09042358 0.4951812 0.4678645 0.6000522 0.046875 1 0.07752311 0.497359 0.5132951 0.5969198 0.5192605 0.6189401 0 0.5 0.7031784 0.4853885 0.984375 1 0.8149313 0.4951812 0.8055419 0.6108592 0.953125 1 0.6810011 0.4023163 0.854105 0.6222382 0.921875 1 0.7868138 0.4847202 0.8608105 0.5969214 0.890625 1 0.7708531 0.4768363 0.885064 0.5799969 0.859375 1 0.8400472 0.6184896 0.9054086 0.5572231 0.828125 1 0.7336252 0.4572651 0.920777 0.529473 0.796875 1 0.7119539 0.4463294 0.9302956 0.4978134 0.765625 1 0.6881117 0.4351806 0.9333074 0.4634598 0.4734316 0.3576555 0.01115566 0.2264759 0.2172433 0.4351805 0.4977594 0.3259961 0.0203343 0.1803317 0.243261 0.4242464 0.5279412 0.298245 0.03833889 0.1368648 0.2713742 0.4139449 0.5720421 0.4729119 0.0644775 0.09774559 0.2984274 0.3386316 0.6021571 0.2585508 0.09774559 0.06447744 0.3331409 0.3967903 0.6439208 0.2481279 0.1368647 0.03833889 0.365812 0.3473946 0.3631352 0.4616611 0.2735241 0.4888443 0.09774559 0.4355225 0.6862118 0.501756 0.1803317 0.0203343 0.400516 0.3510649 0.7296187 0.5160756 0.2264759 0.01115566 0.4352527 0.3499385 0.5802944 0.08029437 0.51 0.25 0.75 0.49 0.4556069 0.3920084 0.25 0.5 0.5146116 0.2031783 0.9197056 0.08029437 0.578125 1 0.59375 0.5 0.390625 1 0.4375 0.5 0.6166631 0.05044728 0.140625 1 0.6166631 0.4495527 0.5802944 0.4197056 0.359375 1 0.40625 0.5 0.5802944 0.08029437 0.99 0.25 0.703125 1 0.71875 0.5 0.7968217 0.01461148 0.484375 1 0.5 0.5 0.6166631 0.4495527 0.140625 1 0.125 0.5 0.703125 1 0.75 0.5 0.9853885 0.2031783 0.609375 1 0.65625 0.5 0.9197056 0.08029437 0.51 0.25 0.296875 1 0.28125 0.5 0.296875 1 0.3125 0.5 0.5146116 0.2031783 0.328125 1 0.34375 0.5 0.5282689 0.1581559 0.5146116 0.2968217 0.265625 1 0.25 0.5 0.5282689 0.341844 0.234375 1 0.21875 0.5 0.5504473 0.3833368 0.203125 1 0.1875 0.5 0.421875 1 0.46875 0.5 0.658156 0.02826887 0.453125 1 0.5 0.5 0.7031784 0.01461148 0.484375 1 0.53125 0.5 0.75 0.00999999 0.7031784 0.4853885 0.078125 1 0.0625 0.5 0.046875 1 0.75 0.49 0.015625 1 0.5802944 0.4197056 0.171875 1 0.15625 0.5 0.640625 1 0.6875 0.5 0.9495527 0.1166631 0.671875 1 0.71875 0.5 0.9717311 0.1581559 0.9495527 0.3833369 0.859375 1 0.875 0.5 0.9717311 0.341844 0.828125 1 0.84375 0.5 0.734375 1 0.78125 0.5 0.99 0.25 0.9197056 0.4197056 0.890625 1 0.90625 0.5 0.5504474 0.116663 0.359375 1 0.375 0.5 0.8833369 0.4495527 0.921875 1 0.9375 0.5 0.953125 1 0.841844 0.4717311 0.921875 1 0.984375 1 0.7968217 0.4853885 0.953125 1 0.546875 1 0.59375 0.5 0.841844 0.02826887 0.515625 1 0.5625 0.5 0.7968217 0.01461148 0.658156 0.4717311 0.109375 1 0.09375 0.5 0.5146116 0.2968217 0.7031784 0.01461148 0.9853885 0.2031783 0.515625 1 0.265625 1 0.015625 1 0.578125 1 0.625 0.5 0.8833369 0.05044728 1 0.5 0.984375 1 0.015625 1 0.765625 1 0.8125 0.5 0.9853885 0.2968217 0.7719426 0.2585485 0.2735241 0.01115566 0.4701744 0.3841543 0.75 0.00999999 0.400516 0.3510649 0.46875 0.5 0.5802944 0.08029437 0.2713742 0.4139449 0.34375 0.5 0.9302956 0.4978134 0.78125 0.5 0.9717311 0.341844 0.8608105 0.5969214 0.90625 0.5 0.841844 0.4717311 0.5132951 0.5969198 0.03125 0.5 0.658156 0.4717311 0.4438114 0.4978127 0.15625 0.5 0.5282689 0.341844 0.918498 0.3920081 0.6875 0.5 0.9853885 0.2031783 0.8833369 0.05044728 0.506011 0.334919 0.5625 0.5 0.9197056 0.08029437 0.5390991 0.390596 0.59375 0.5 0.9294223 0.4277341 0.71875 0.5 0.99 0.25 0.43396 0.5663507 0.125 0.5 0.5504473 0.3833368 0.015625 1 0.2395094 0.4007789 0.5192605 0.6189401 0.885064 0.5799969 0.875 0.5 0.8833369 0.4495527 0.9333074 0.4634598 0.75 0.5 0.9853885 0.2968217 0.6166631 0.05044728 0.2984274 0.3386316 0.375 0.5 0.7968217 0.01461148 0.4352527 0.3499385 0.5 0.5 0.7031784 0.01461148 0.365812 0.3473946 0.4375 0.5 0.4977594 0.3259961 0.3125 0.5 0.5504474 0.116663 0.920777 0.529473 0.8125 0.5 0.9495527 0.3833369 0.854105 0.6222382 0.9375 0.5 0.7968217 0.4853885 0.4678645 0.6000522 0.0625 0.5 0.6166631 0.4495527 0.4407989 0.4634604 0.1875 0.5 0.5146116 0.2968217 0.9006716 0.3576549 0.65625 0.5 0.9717311 0.1581559 0.9495527 0.1166631 0.5722174 0.3967893 0.625 0.5 0.4446808 0.4277343 0.21875 0.5 0.51 0.25 0.4476318 0.5846105 0.09375 0.5 0.5802944 0.4197056 0.8055419 0.6108592 0.96875 0.5 0.75 0.49 0.9054086 0.5572231 0.84375 0.5 0.9197056 0.4197056 0.4734316 0.3576555 0.28125 0.5 0.5282689 0.1581559 0.658156 0.02826887 0.3331409 0.3967903 0.40625 0.5 0.841844 0.02826887 0.4701744 0.3841543 0.53125 0.5 0.4556069 0.3920084 0.01115566 0.2735241 0.193399 0.44633 0.625 0.2034884 0.375 0.25 0.375 0.2034884 0.625 0.25 0.375 0.5 0.375 0.25 0.625 0.69763 0.375 0.75 0.375 0.6976299 0.625 0.75 0.375 1 0.375 0.75 0.375 0.5 0.375 0.25 0.375 0.25 0.875 0.6976299 0.625 0.75 0.625 0.69763 0.875 0.5 0.625 0.5465117 0.625 0.5 0.625 0.69763 0.875 0.6976299 0.875 0.6976299 0.375 0.6976299 0.375 0.6525015 0.375 0.6525015 0.375 1 0.375 0.75 0.375 0.75 0.375 0.5 0.625 0.5465117 0.3750001 0.5465117 0.625 0.6525015 0.375 0.6976299 0.375 0.6525015 0.375 0 0.625 0.05237001 0.375 0.05237001 0.375 0.1037332 0.625 0.2034884 0.375 0.2034884 0.875 0.6525015 0.625 0.69763 0.625 0.6525015 0.625 0.6462668 0.625 0.5465117 0.625 0.6462668 0.625 0.09749847 0.625 0.09749847 0.625 0.09749847 0.875 0.5465117 0.625 0.5465117 0.625 0.5465117 0.875 0.5465117 0.625 0.5465117 0.625 0.5465117 0.625 0.05237001 0.625 0.09749847 0.625 0.09749847 0.625 0.6462668 0.625 0.5465117 0.625 0.6462668 0.625 0.6976299 0.875 0.6976299 0.875 0.6976299 0.375 0.6976299 0.125 0.75 0.125 0.6976299 0.375 0.5 0.125 0.5465116 0.125 0.5 0.375 0.6525015 0.125 0.6976299 0.125 0.6525015 0.375 0.2034884 0.375 0.1037332 0.375 0.1037332 0.375 0.05237001 0.375 0 0.375 0 0.3750001 0.5465117 0.375 0.5 0.375 0.5 0.375 0.6976299 0.375 0.75 0.375 0.6976299 0.375 0.2034884 0.375 0.25 0.375 0.2034884 0.875 0.6976299 0.625 0.6976299 0.875 0.6976299 0.625 0.6462668 0.625 0.5465117 0.625 0.6462668 0.625 0.05237001 0.625 0.09749847 0.625 0.09749847 0.875 0.5465116 0.625 0.5465117 0.625 0.5465117 0.625 0.09749847 0.625 0.1037332 0.625 0.1037332 0.625 0.69763 0.625 0.6525015 0.625 0.6976299 0.375 0.09749847 0.375 0.05237001 0.375 0.05237001 0.375 0.6462668 0.125 0.6525015 0.125 0.6462668 0.625 0.6976299 0.625 0.6525015 0.625 0.69763 0.625 0.09749847 0.625 0.1037332 0.625 0.1037332 0.625 0.1037332 0.625 0.09749847 0.625 0.1037332 0.625 0.69763 0.625 0.6525015 0.625 0.69763 0.875 0.6462668 0.625 0.6525015 0.625 0.6462668 0.375 0.05237001 0.625 0.09749847 0.375 0.09749847 0.625 0.6462668 0.375 0.6525015 0.375 0.6462667 0.375 0.6462667 0.375 0.6525015 0.375 0.6462668 0.3750001 0.5465117 0.375 0.6462668 0.3750001 0.5465117 0.625 0.5465117 0.375 0.6462667 0.3750001 0.5465117 0.875 0.5465116 0.625 0.6462668 0.625 0.5465117 0.625 0.1037332 0.625 0.2034884 0.625 0.2034883 0.625 0.2034883 0.625 0.1037332 0.625 0.1037332 0.3750001 0.5465117 0.125 0.6462668 0.125 0.5465116 0.625 0.1037332 0.625 0.2034883 0.625 0.2034884 0.625 0.6525015 0.625 0.6462668 0.625 0.6525015 0.375 0.09749847 0.375 0.1037332 0.375 0.09749847 0.625 0.6525015 0.625 0.6462668 0.625 0.6525015 0.625 0.6462668 0.625 0.6525015 0.625 0.6525015 0.375 0.09749847 0.625 0.1037332 0.375 0.1037332 0.875 0.5465117 0.875 0.5465117 0.875 0.5465117 0.625 0.1037332 0.625 0.2034883 0.625 0.2034883 0.625 0.1037332 0.625 0.1037332 0.625 0.1037332 0.625 0.1037332 0.625 0.1037332 0.625 0.1037332 0.625 0.2034883 0.625 0.1037332 0.625 0.2034883 0.875 0.5465117 0.875 0.5465117 0.875 0.5465117 0.625 0.2034883 0.625 0.1037332 0.625 0.1037332 0.625 0.1037332 0.625 0.1037332 0.625 0.1037332 0.625 0.2034883 0.625 0.1037332 0.625 0.2034883 0.875 0.5465117 0.875 0.5465117 0.875 0.5465117 0.625 0.2034883 0.625 0.1037332 0.625 0.1037332 0.625 0.05237001 0.625 0.09749847 0.625 0.09749847 0.875 0.6525015 0.875 0.6976299 0.875 0.6976299 0.875 0.6976299 0.875 0.6976299 0.875 0.6976299 0.375 0.25 0.625 0.2034884 0.375 0.2034884 0.375 0.5 0.625 0.25 0.375 0.25 0.375 0.75 0.625 0.69763 0.375 0.6976299 0.375 0.75 0.625 1 0.625 0.75 0.375 0.25 0.375 0.5 0.375 0.25 0.625 0.75 0.875 0.6976299 0.625 0.69763 0.625 0.5465117 0.875 0.5 0.625 0.5 0.875 0.6976299 0.625 0.69763 0.625 0.69763 0.375 0.6525015 0.375 0.6976299 0.375 0.6976299 0.375 0.75 0.375 1 0.375 0.75 0.375 0.5 0.625 0.5465117 0.625 0.5 0.375 0.6976299 0.625 0.6525015 0.375 0.6525015 0.375 0 0.625 0.05237001 0.625 0 0.375 0.1037332 0.625 0.2034884 0.625 0.1037332 0.625 0.69763 0.875 0.6525015 0.625 0.6525015 0.625 0.6462668 0.625 0.5465117 0.625 0.5465117 0.625 0.09749847 0.625 0.09749847 0.625 0.09749847 0.625 0.5465117 0.875 0.5465117 0.625 0.5465117 0.625 0.5465117 0.875 0.5465117 0.625 0.5465117 0.625 0.09749847 0.625 0.05237001 0.625 0.09749847 0.625 0.6462668 0.625 0.5465117 0.625 0.5465117 0.875 0.6976299 0.625 0.69763 0.625 0.6976299 0.125 0.75 0.375 0.6976299 0.125 0.6976299 0.125 0.5465116 0.375 0.5 0.125 0.5 0.125 0.6976299 0.375 0.6525015 0.125 0.6525015 0.375 0.1037332 0.375 0.2034884 0.375 0.1037332 0.375 0 0.375 0.05237001 0.375 0 0.375 0.5 0.3750001 0.5465117 0.375 0.5 0.375 0.6976299 0.375 0.75 0.375 0.75 0.375 0.2034884 0.375 0.25 0.375 0.25 0.875 0.6976299 0.625 0.69763 0.875 0.6976299 0.625 0.6462668 0.625 0.5465117 0.625 0.5465117 0.625 0.09749847 0.625 0.05237001 0.625 0.09749847 0.625 0.5465117 0.875 0.5465116 0.625 0.5465117 0.625 0.1037332 0.625 0.09749847 0.625 0.1037332 0.625 0.69763 0.625 0.6525015 0.625 0.6525015 0.375 0.05237001 0.375 0.09749847 0.375 0.09749847 0.125 0.6525015 0.375 0.6462668 0.125 0.6462668 0.625 0.6976299 0.625 0.6525015 0.625 0.6525015 0.625 0.1037332 0.625 0.09749847 0.625 0.1037332 0.625 0.1037332 0.625 0.09749847 0.625 0.09749847 0.625 0.69763 0.625 0.6525015 0.625 0.6525015 0.625 0.6525015 0.875 0.6462668 0.625 0.6462668 0.375 0.05237001 0.625 0.09749847 0.625 0.05237001 0.375 0.6525015 0.625 0.6462668 0.375 0.6462667 0.375 0.6462668 0.375 0.6525015 0.375 0.6462667 0.3750001 0.5465117 0.375 0.6462668 0.375 0.6462667 0.375 0.6462667 0.625 0.5465117 0.3750001 0.5465117 0.625 0.6462668 0.875 0.5465116 0.625 0.5465117 0.625 0.2034884 0.625 0.1037332 0.625 0.2034883 0.625 0.1037332 0.625 0.2034883 0.625 0.1037332 0.125 0.6462668 0.3750001 0.5465117 0.125 0.5465116 0.625 0.2034883 0.625 0.1037332 0.625 0.2034884 0.625 0.6525015 0.625 0.6462668 0.625 0.6462668 0.375 0.09749847 0.375 0.1037332 0.375 0.09749847 0.625 0.6525015 0.625 0.6462668 0.625 0.6462668 0.625 0.6525015 0.625 0.6462668 0.625 0.6525015 0.375 0.09749847 0.625 0.1037332 0.625 0.09749847 0.875 0.5465117 0.875 0.5465117 0.875 0.5465117 0.625 0.2034883 0.625 0.1037332 0.625 0.2034883 0.625 0.1037332 0.625 0.1037332 0.625 0.1037332 0.625 0.1037332 0.625 0.1037332 0.625 0.1037332 0.625 0.2034883 0.625 0.1037332 0.625 0.2034883 0.875 0.5465117 0.875 0.5465117 0.875 0.5465117 0.625 0.1037332 0.625 0.2034883 0.625 0.2034883 0.625 0.1037332 0.625 0.1037332 0.625 0.1037332 0.625 0.2034883 0.625 0.1037332 0.625 0.1037332 0.875 0.5465117 0.875 0.5465117 0.875 0.5465117 0.625 0.1037332 0.625 0.2034883 0.625 0.1037332 0.625 0.09749847 0.625 0.05237001 0.625 0.09749847 0.875 0.6976299 0.875 0.6525015 0.875 0.6525015 0.875 0.6976299 0.875 0.6976299 0.875 0.6976299 0.375 0 0.625 0.25 0.375 0.25 0.625 0.25 0.375 0.5 0.375 0.25 0.375 0.5 0.625 0.75 0.375 0.75 0.625 0.75 0.375 1 0.375 0.75 0.375 0.5 0.125 0.75 0.125 0.5 0.625 0.25 0.625 0.5 0.625 0.5 0.625 0.5 0.875 0.75 0.625 0.75 0.625 0.75 0.625 0.5 0.625 0.75 0.625 0 0.625 0.25 0.625 0.25 0.625 0.75 0.625 1 0.625 1 0.625 0.75 0.625 1 0.625 1 0.625 0.25 0.625 0 0.625 0.25 0.625 0.5 0.625 0.75 0.625 0.75 0.625 0.5 0.625 0.25 0.625 0.5 0.375 0 0.625 0.25 0.625 0 0.375 0.5 0.625 0.25 0.375 0.25 0.375 0.75 0.625 0.5 0.375 0.5 0.375 1 0.625 0.75 0.375 0.75 0.125 0.75 0.375 0.5 0.125 0.5 0.625 0.5 0.625 0.25 0.625 0.5 0.625 0.75 0.875 0.5 0.625 0.5 0.625 0.75 0.625 0.5 0.625 0.5 0.625 0.25 0.625 0 0.625 0.25 0.625 1 0.625 0.75 0.625 1 0.625 1 0.625 0.75 0.625 1 0.625 0.25 0.625 0 0.625 0 0.625 0.75 0.625 0.5 0.625 0.75 0.625 0.5 0.625 0.25 0.625 0.5 0.375 0 0.625 0.25 0.375 0.25 0.375 0.25 0.625 0.5 0.375 0.5 0.625 0.5 0.375 0.75 0.375 0.5 0.625 0.75 0.375 1 0.375 0.75 0.375 0.5 0.125 0.75 0.125 0.5 0.625 0 0.625 0.25 0.625 0.25 0.875 0.5 0.625 0.75 0.625 0.5 0.625 0 0.625 0 0.625 0 0.625 0.25 0.625 0.5 0.625 0.5 0.625 0.75 0.625 0.5 0.625 0.75 0.625 0.5 0.625 0.75 0.625 0.75 0.625 0.25 0.625 0.5 0.625 0.5 0.625 0.75 0.625 1 0.625 1 0.625 0.25 0.625 0 0.625 0.25 0.625 0.75 0.625 0.75 0.625 0.75 0.875 0.75 0.625 0.75 0.625 0.75 0.625 0.75 0.625 1 0.625 1 0.625 0.75 0.625 0.75 0.625 0.75 0.625 0.75 0.625 1 0.625 1 0.875 0.75 0.625 0.75 0.625 0.75 0.625 0.75 0.625 1 0.625 1 0.625 0 0.625 0 0.625 0 0.375 0.2 0.625 0.25 0.375 0.25 0.375 0.4583333 0.625 0.5 0.375 0.5 0.375 0.7 0.625 0.7000001 0.625 0.75 0.375 0.875 0.625 1 0.375 1 0.6666666 0.7 0.7083333 0.7000001 0.7083333 0.7000001 0.625 0.75 0.625 0.7916666 0.625 0.7916666 0.625 0.5 0.625 0.5 0.625 0.5 0.7083333 0.7000001 0.7083333 0.65 0.7083333 0.65 0.625 0.8333333 0.375 0.875 0.375 0.8333333 0.625 0.25 0.375 0.375 0.375 0.25 0.75 0.7 0.875 0.75 0.75 0.75 0.7083333 0.7000001 0.75 0.75 0.7083333 0.75 0.625 0.25 0.625 0.375 0.625 0.375 0.625 0.75 0.625 0.75 0.625 0.75 0.625 0.875 0.625 1 0.625 1 0.625 0.375 0.625 0.4166666 0.625 0.4166666 0.625 0 0.625 0.04999995 0.625 0.04999995 0.625 0.5 0.625 0.55 0.625 0.5500001 0.625 0.25 0.625 0.25 0.625 0.25 0.875 0.5 0.875 0.55 0.8750001 0.5500001 0.625 1 0.625 1 0.625 1 0.625 0.75 0.625 0.7 0.625 0.7 0.625 0.04999995 0.625 0 0.625 0.04999995 0.625 0.5 0.625 0.55 0.625 0.55 0.625 0.4583333 0.625 0.5 0.625 0.5 0.625 0.4166666 0.625 0.4583333 0.625 0.4583333 0.625 0.7 0.6666666 0.75 0.625 0.75 0.7083333 0.7000001 0.6666666 0.75 0.6666666 0.7 0.625 0.75 0.375 0.7916666 0.375 0.75 0.625 0.7916666 0.375 0.8333333 0.375 0.7916666 0.625 0.8333333 0.625 0.875 0.625 0.875 0.625 0.7916666 0.625 0.8333333 0.625 0.8333333 0.6666666 0.65 0.7083333 0.7000001 0.6666666 0.7 0.7083333 0.55 0.6666666 0.6 0.6666666 0.55 0.375 0.375 0.625 0.4166666 0.375 0.4166666 0.375 0.4166666 0.625 0.4583333 0.375 0.4583333 0.3333333 0.5 0.2916666 0.55 0.2916666 0.5 0.2916666 0.55 0.3333333 0.6 0.2916666 0.6 0.3333333 0.6 0.2916666 0.65 0.2916666 0.6 0.3333333 0.65 0.2916666 0.7 0.2916666 0.65 0.2916666 0.5 0.25 0.55 0.25 0.5 0.2916666 0.55 0.25 0.6 0.25 0.55 0.2916666 0.6 0.25 0.65 0.25 0.6 0.2916666 0.65 0.25 0.7 0.25 0.65 0.7083333 0.5 0.6666666 0.55 0.6666666 0.5 0.7083333 0.55 0.6666666 0.55 0.6666666 0.55 0.7083333 0.6 0.6666666 0.65 0.6666666 0.6 0.6666666 0.65 0.7083333 0.65 0.6666666 0.65 0.625 0.5 0.6666666 0.55 0.625 0.55 0.625 0.55 0.6666666 0.6 0.625 0.6 0.6666666 0.6 0.625 0.65 0.625 0.6 0.6666666 0.65 0.625 0.7 0.625 0.65 0.625 0.7 0.625 0.75 0.625 0.75 0.625 0.7 0.625 0.65 0.625 0.7 0.625 0.6 0.625 0.65 0.625 0.65 0.625 0.6 0.625 0.55 0.625 0.6 0.625 0.2 0.625 0.25 0.625 0.25 0.625 0.2 0.625 0.15 0.625 0.2 0.625 0.1 0.625 0.15 0.625 0.15 0.625 0.04999995 0.625 0.1 0.625 0.1 0.625 0.5 0.625 0.55 0.625 0.5 0.625 0.6 0.625 0.55 0.625 0.55 0.625 0.6 0.625 0.65 0.625 0.6 0.625 0.65 0.625 0.7 0.625 0.65 0.875 0.7000001 0.875 0.75 0.875 0.75 0.875 0.7000001 0.875 0.65 0.875 0.7000001 0.8750001 0.6 0.875 0.65 0.8750001 0.6500001 0.8750001 0.5500001 0.875 0.6 0.8750001 0.6 0.625 0.7000001 0.625 0.75 0.625 0.75 0.625 0.7000001 0.625 0.65 0.625 0.7 0.625 0.65 0.625 0.6 0.625 0.65 0.6250001 0.6 0.625 0.55 0.625 0.6 0.625 0.2 0.625 0.25 0.625 0.25 0.625 0.15 0.625 0.2 0.625 0.2 0.625 0.15 0.625 0.1 0.625 0.15 0.625 0.04999995 0.625 0.1 0.625 0.1 0.75 0.5 0.7083333 0.55 0.7083333 0.5 0.7083333 0.55 0.75 0.6 0.7083333 0.6 0.7083333 0.6 0.75 0.65 0.7083333 0.65 0.7083333 0.65 0.75 0.7 0.7083333 0.7000001 0.75 0.5 0.8750001 0.5500001 0.75 0.55 0.75 0.55 0.8750001 0.6 0.75 0.6 0.75 0.6 0.8750001 0.6500001 0.75 0.65 0.75 0.65 0.875 0.7000001 0.75 0.7 0.25 0.5 0.125 0.55 0.125 0.5 0.25 0.55 0.125 0.6 0.125 0.55 0.25 0.6 0.125 0.65 0.125 0.6 0.25 0.65 0.125 0.7 0.125 0.65 0.375 0.5 0.3333333 0.55 0.3333333 0.5 0.375 0.55 0.3333333 0.6 0.3333333 0.55 0.375 0.6 0.3333333 0.65 0.3333333 0.6 0.375 0.6500001 0.3333333 0.7 0.3333333 0.65 0.625 0.5 0.375 0.55 0.375 0.5 0.625 0.5500001 0.375 0.6 0.375 0.55 0.6250001 0.6 0.375 0.6500001 0.375 0.6 0.625 0.65 0.375 0.7 0.375 0.6500001 0.375 0 0.625 0 0.625 0.04999995 0.375 0.04999995 0.625 0.1 0.375 0.1 0.375 0.1 0.625 0.15 0.375 0.15 0.375 0.15 0.625 0.2 0.375 0.2 0.7083333 0.55 0.7083333 0.6 0.7083333 0.55 0.6666666 0.6 0.7083333 0.6 0.7083333 0.6 0.6666666 0.7 0.6666666 0.65 0.6666666 0.7 0.6666666 0.55 0.6666666 0.6 0.6666666 0.6 0.375 0 0.625 0.25 0.375 0.25 0.625 0.7838353 0.375 0.7838353 0.625 0.7838353 0.625 0.5 0.625 0.75 0.625 0.5 0.625 0.8176705 0.375 1 0.375 0.8176705 0.375 0.7838353 0.375 0.7838353 0.375 0.7838353 0.875 0.5 0.6926706 0.75 0.6926705 0.5 0.6926705 0.5 0.6588353 0.75 0.6588353 0.5 0.125 0.5 0.3073295 0.75 0.125 0.75 0.625 0.7838353 0.375 0.8176705 0.375 0.7838353 0.375 0.25 0.625 0.4323295 0.375 0.4323295 0.625 0.75 0.375 0.75 0.375 0.75 0.625 0.5 0.625 0.5 0.625 0.5 0.3411647 0.5 0.3073295 0.75 0.3073295 0.5 0.375 0.4323295 0.625 0.4661648 0.375 0.4661647 0.6588353 0.75 0.6588353 0.5 0.6588353 0.5 0.6588353 0.5 0.6588353 0.5 0.6588353 0.5 0.6588353 0.75 0.6588353 0.75 0.6588353 0.75 0.625 0.75 0.625 0.75 0.625 0.75 0.625 0.5 0.625 0.75 0.625 0.75 0.625 0.4872968 0.625 0.5 0.625 0.4661648 0.6588353 0.75 0.6588353 0.5 0.6588353 0.5 0.375 0.75 0.375 0.7838353 0.375 0.75 0.625 0.5 0.625 0.75 0.625 0.75 0.625 0.75 0.625 0.75 0.625 0.75 0.625 0.75 0.625 0.5 0.625 0.5 0.625 0.5 0.625 0.75 0.625 0.75 0.375 0.4661647 0.625 0.5 0.375 0.5 0.625 0.75 0.375 0.7838353 0.375 0.75 0.625 0.75 0.625 0.7627032 0.625 0.7838353 0.625 0.5 0.625 0.5 0.625 0.5 0.625 0.75 0.625 0.7838353 0.625 0.7838353 0.625 0.5 0.625 0.4661648 0.625 0.5 0.625 0.75 0.625 0.75 0.625 0.75 0.625 0.75 0.625 0.75 0.625 0.75 0.6588353 0.75 0.6588353 0.75 0.6588353 0.75 0.375 0.5 0.375 0.5 0.375 0.5 0.625 0.5 0.625 0.5 0.625 0.5 0.625 0.5 0.625 0.5 0.625 0.5 0.6377032 0.75 0.625 0.75 0.625 0.75 0.625 0.5 0.625 0.5 0.625 0.5 0.625 0.4661648 0.375 0.4661647 0.375 0.4661647 0.625 0.75 0.625 0.75 0.625 0.75 0.6377032 0.5 0.625 0.75 0.625 0.5 0.625 0.5 0.375 0.5 0.625 0.5 0.6588353 0.5 0.6588353 0.5 0.6588353 0.5 0.375 0.5 0.3411648 0.75 0.3411647 0.5 0.3411647 0.5 0.375 0.5 0.375 0.5 0.375 0.75 0.3411648 0.75 0.3411648 0.75 0.375 0.5 0.375 0.75 0.375 0.5 0.375 0.5 0.375 0.4661647 0.375 0.4661647 0.375 0.75 0.375 0.75 0.375 0.75 0.3411648 0.75 0.3411647 0.5 0.3411648 0.75 0.375 0.4661647 0.375 0.4661647 0.375 0.4661647 0.625 0.5 0.375 0.75 0.375 0.5 0.375 0.5 0.625 0.5 0.375 0.5 0.375 0.75 0.625 0.75 0.625 0.75 0.375 0.5 0.375 0.75 0.375 0.75 0.6588353 0.75 0.6377032 0.75 0.6377032 0.75 0.6588353 0.75 0.6377032 0.5 0.6588353 0.5 0.6377032 0.5 0.6588353 0.5 0.6377032 0.5 0.6377032 0.5 0.625 0.5 0.6377032 0.5 1 0.5 1 1 0.984375 1 0.984375 0.5 0.984375 1 0.96875 1 0.96875 0.5 0.96875 1 0.953125 1 0.953125 0.5 0.953125 1 0.9375 1 0.9375 0.5 0.9375 1 0.921875 1 0.921875 0.5 0.921875 1 0.90625 1 0.90625 0.5 0.90625 1 0.890625 1 0.890625 0.5 0.890625 1 0.875 1 0.875 0.5 0.875 1 0.859375 1 0.859375 0.5 0.859375 1 0.84375 1 0.84375 0.5 0.84375 1 0.828125 1 0.828125 0.5 0.828125 1 0.8125 1 0.8125 0.5 0.8125 1 0.796875 1 0.796875 0.5 0.796875 1 0.78125 1 0.78125 0.5 0.78125 1 0.765625 1 0.765625 0.5 0.765625 1 0.75 1 0.75 0.5 0.75 1 0.734375 1 0.734375 0.5 0.734375 1 0.71875 1 0.71875 0.5 0.71875 1 0.703125 1 0.703125 0.5 0.703125 1 0.6875 1 0.6875 0.5 0.6875 1 0.671875 1 0.671875 0.5 0.671875 1 0.65625 1 0.65625 0.5 0.65625 1 0.640625 1 0.640625 0.5 0.640625 1 0.625 1 0.625 0.5 0.625 1 0.609375 1 0.609375 1 0.59375 1 0.59375 0.5 0.59375 1 0.578125 1 0.578125 0.5 0.578125 1 0.5625 1 0.5625 0.5 0.5625 1 0.546875 1 0.546875 0.5 0.546875 1 0.53125 1 0.53125 0.5 0.53125 1 0.515625 1 0.515625 0.5 0.515625 1 0.5 1 0.5 0.5 0.5 1 0.484375 1 0.484375 0.5 0.484375 1 0.46875 1 0.46875 0.5 0.46875 1 0.453125 1 0.453125 0.5 0.453125 1 0.4375 1 0.4375 0.5 0.4375 1 0.421875 1 0.421875 0.5 0.421875 1 0.40625 1 0.40625 0.5 0.40625 1 0.390625 1 0.390625 0.5 0.390625 1 0.375 1 0.375 0.5 0.375 1 0.359375 1 0.359375 0.5 0.359375 1 0.34375 1 0.34375 0.5 0.34375 1 0.328125 1 0.328125 0.5 0.328125 1 0.3125 1 0.3125 0.5 0.3125 1 0.296875 1 0.296875 0.5 0.296875 1 0.28125 1 0.28125 0.5 0.28125 1 0.265625 1 0.265625 0.5 0.265625 1 0.25 1 0.25 0.5 0.25 1 0.234375 1 0.234375 0.5 0.234375 1 0.21875 1 0.21875 0.5 0.21875 1 0.203125 1 0.203125 0.5 0.203125 1 0.1875 1 0.1875 0.5 0.1875 1 0.171875 1 0.171875 0.5 0.171875 1 0.15625 1 0.15625 0.5 0.15625 1 0.140625 1 0.140625 0.5 0.140625 1 0.125 1 0.125 0.5 0.125 1 0.109375 1 0.109375 0.5 0.109375 0.5 0.109375 1 0.09375 1 0.09375 0.5 0.09375 1 0.078125 1 0.078125 0.5 0.078125 1 0.0625 1 0.0625 0.5 0.0625 1 0.046875 1 0.046875 0.5 0.046875 1 0.03125 1 0.3125 1 0.3125 1 0.296875 1 0.03125 0.5 0.03125 1 0.015625 1 0.015625 0.5 0.015625 1 0 1 0.7264758 0.4888443 0.75 0.49 0.7735241 0.4888443 0.7735241 0.4888443 0.7968217 0.4853885 0.7264758 0.4888443 0.7968217 0.4853885 0.8196683 0.4796657 0.7264758 0.4888443 0.8196683 0.4796657 0.841844 0.4717311 0.8631352 0.4616611 0.8631352 0.4616611 0.8833369 0.4495527 0.9022544 0.4355225 0.9022544 0.4355225 0.9197056 0.4197056 0.9355225 0.4022544 0.9355225 0.4022544 0.9495527 0.3833369 0.9616611 0.3631352 0.9616611 0.3631352 0.9717311 0.341844 0.9888443 0.2735241 0.9717311 0.341844 0.9796657 0.3196683 0.9888443 0.2735241 0.9796657 0.3196683 0.9853885 0.2968217 0.9888443 0.2735241 0.9888443 0.2735241 0.99 0.25 0.9888443 0.2264758 0.9888443 0.2264758 0.9853885 0.2031783 0.9796656 0.1803317 0.9796656 0.1803317 0.9717311 0.1581559 0.9616611 0.1368648 0.9616611 0.1368648 0.9495527 0.1166631 0.9796656 0.1803317 0.9495527 0.1166631 0.9355225 0.09774559 0.9796656 0.1803317 0.9355225 0.09774559 0.9197056 0.08029437 0.8631352 0.03833889 0.9197056 0.08029437 0.9022544 0.06447744 0.8631352 0.03833889 0.9022544 0.06447744 0.8833369 0.05044728 0.8631352 0.03833889 0.8631352 0.03833889 0.841844 0.02826887 0.8196684 0.0203343 0.8196684 0.0203343 0.7968217 0.01461148 0.7735241 0.01115566 0.7735241 0.01115566 0.75 0.00999999 0.6803317 0.0203343 0.75 0.00999999 0.7264759 0.01115566 0.6803317 0.0203343 0.7264759 0.01115566 0.7031784 0.01461148 0.6803317 0.0203343 0.6803317 0.0203343 0.658156 0.02826887 0.6368648 0.03833889 0.6368648 0.03833889 0.6166631 0.05044728 0.6803317 0.0203343 0.6166631 0.05044728 0.5977457 0.06447744 0.6803317 0.0203343 0.5977457 0.06447744 0.5802944 0.08029437 0.5644775 0.09774559 0.5644775 0.09774559 0.5504474 0.116663 0.5977457 0.06447744 0.5504474 0.116663 0.5383389 0.1368648 0.5977457 0.06447744 0.5383389 0.1368648 0.5282689 0.1581559 0.5203343 0.1803317 0.5203343 0.1803317 0.5146116 0.2031783 0.5111557 0.2264759 0.5111557 0.2264759 0.51 0.25 0.5111557 0.2735241 0.5111557 0.2735241 0.5146116 0.2968217 0.5111557 0.2264759 0.5146116 0.2968217 0.5203343 0.3196683 0.5111557 0.2264759 0.5203343 0.3196683 0.5282689 0.341844 0.5644775 0.4022544 0.5282689 0.341844 0.5383389 0.3631352 0.5644775 0.4022544 0.5383389 0.3631352 0.5504473 0.3833368 0.5644775 0.4022544 0.5644775 0.4022544 0.5802944 0.4197056 0.5977457 0.4355225 0.5977457 0.4355225 0.6166631 0.4495527 0.6368649 0.4616611 0.6368649 0.4616611 0.658156 0.4717311 0.6803317 0.4796656 0.6803317 0.4796656 0.7031784 0.4853885 0.6368649 0.4616611 0.7031784 0.4853885 0.7264758 0.4888443 0.6368649 0.4616611 0.8196683 0.4796657 0.8631352 0.4616611 0.7264758 0.4888443 0.8631352 0.4616611 0.9022544 0.4355225 0.7264758 0.4888443 0.9022544 0.4355225 0.9355225 0.4022544 0.9616611 0.3631352 0.9888443 0.2735241 0.9888443 0.2264758 0.9796656 0.1803317 0.8631352 0.03833889 0.8196684 0.0203343 0.9355225 0.09774559 0.8196684 0.0203343 0.7735241 0.01115566 0.9355225 0.09774559 0.5383389 0.1368648 0.5203343 0.1803317 0.5977457 0.06447744 0.5203343 0.1803317 0.5111557 0.2264759 0.5977457 0.06447744 0.5644775 0.4022544 0.5977457 0.4355225 0.6368649 0.4616611 0.9022544 0.4355225 0.9616611 0.3631352 0.7264758 0.4888443 0.9616611 0.3631352 0.9888443 0.2735241 0.7264758 0.4888443 0.9888443 0.2735241 0.9796656 0.1803317 0.7735241 0.01115566 0.9796656 0.1803317 0.9355225 0.09774559 0.7735241 0.01115566 0.7735241 0.01115566 0.6803317 0.0203343 0.5111557 0.2264759 0.6803317 0.0203343 0.5977457 0.06447744 0.5111557 0.2264759 0.5111557 0.2264759 0.5203343 0.3196683 0.5644775 0.4022544 0.5644775 0.4022544 0.6368649 0.4616611 0.5111557 0.2264759 0.6368649 0.4616611 0.7264758 0.4888443 0.5111557 0.2264759 0.7264758 0.4888443 0.9888443 0.2735241 0.5111557 0.2264759 0.2968217 0.4853885 0.2735241 0.4888443 0.25 0.49 0.25 0.49 0.2264758 0.4888443 0.2031783 0.4853885 0.2031783 0.4853885 0.1803316 0.4796656 0.1581559 0.4717311 0.1581559 0.4717311 0.1368648 0.4616611 0.2031783 0.4853885 0.1368648 0.4616611 0.1166631 0.4495527 0.2031783 0.4853885 0.1166631 0.4495527 0.09774559 0.4355225 0.05044722 0.3833368 0.09774559 0.4355225 0.08029431 0.4197056 0.05044722 0.3833368 0.08029431 0.4197056 0.0644775 0.4022544 0.05044722 0.3833368 0.05044722 0.3833368 0.03833889 0.3631352 0.02826893 0.341844 0.02826893 0.341844 0.0203343 0.3196683 0.05044722 0.3833368 0.0203343 0.3196683 0.01461154 0.2968217 0.05044722 0.3833368 0.01461154 0.2968217 0.01115566 0.2735241 0.00999999 0.25 0.00999999 0.25 0.01115566 0.2264759 0.01461154 0.2968217 0.01115566 0.2264759 0.01461154 0.2031783 0.01461154 0.2968217 0.01461154 0.2031783 0.0203343 0.1803317 0.05044728 0.116663 0.0203343 0.1803317 0.02826887 0.1581559 0.05044728 0.116663 0.02826887 0.1581559 0.03833889 0.1368648 0.05044728 0.116663 0.05044728 0.116663 0.0644775 0.09774559 0.08029437 0.08029437 0.08029437 0.08029437 0.09774559 0.06447744 0.05044728 0.116663 0.09774559 0.06447744 0.1166631 0.05044728 0.05044728 0.116663 0.1166631 0.05044728 0.1368647 0.03833889 0.2031783 0.01461148 0.1368647 0.03833889 0.1581559 0.02826887 0.2031783 0.01461148 0.1581559 0.02826887 0.1803317 0.0203343 0.2031783 0.01461148 0.2031783 0.01461148 0.2264759 0.01115566 0.25 0.00999999 0.25 0.00999999 0.2735241 0.01115566 0.2968217 0.01461148 0.2968217 0.01461148 0.3196683 0.0203343 0.341844 0.02826887 0.341844 0.02826887 0.3631352 0.03833889 0.2968217 0.01461148 0.3631352 0.03833889 0.3833369 0.05044728 0.2968217 0.01461148 0.3833369 0.05044728 0.4022544 0.06447744 0.4495527 0.1166631 0.4022544 0.06447744 0.4197056 0.08029437 0.4495527 0.1166631 0.4197056 0.08029437 0.4355225 0.09774559 0.4495527 0.1166631 0.4495527 0.1166631 0.4616611 0.1368648 0.4717311 0.1581559 0.4717311 0.1581559 0.4796656 0.1803317 0.4853885 0.2031783 0.4853885 0.2031783 0.4888443 0.2264758 0.49 0.25 0.49 0.25 0.4888443 0.2735241 0.4853885 0.2968217 0.4853885 0.2968217 0.4796657 0.3196683 0.4717311 0.341844 0.4717311 0.341844 0.4616611 0.3631352 0.4495527 0.3833369 0.4495527 0.3833369 0.4355225 0.4022544 0.4197056 0.4197056 0.4197056 0.4197056 0.4022544 0.4355225 0.4495527 0.3833369 0.4022544 0.4355225 0.3833369 0.4495527 0.4495527 0.3833369 0.3833369 0.4495527 0.3631352 0.4616611 0.2968217 0.4853885 0.3631352 0.4616611 0.341844 0.4717311 0.2968217 0.4853885 0.341844 0.4717311 0.3196683 0.4796657 0.2968217 0.4853885 0.2968217 0.4853885 0.25 0.49 0.2031783 0.4853885 0.2031783 0.01461148 0.25 0.00999999 0.2968217 0.01461148 0.4495527 0.1166631 0.4717311 0.1581559 0.4853885 0.2031783 0.4853885 0.2031783 0.49 0.25 0.4495527 0.3833369 0.49 0.25 0.4853885 0.2968217 0.4495527 0.3833369 0.4853885 0.2968217 0.4717311 0.341844 0.4495527 0.3833369 0.2968217 0.4853885 0.2031783 0.4853885 0.1166631 0.4495527 0.1166631 0.4495527 0.05044722 0.3833368 0.2968217 0.4853885 0.05044722 0.3833368 0.01461154 0.2968217 0.2968217 0.4853885 0.01461154 0.2968217 0.01461154 0.2031783 0.05044728 0.116663 0.05044728 0.116663 0.1166631 0.05044728 0.2031783 0.01461148 0.2031783 0.01461148 0.2968217 0.01461148 0.3833369 0.05044728 0.3833369 0.05044728 0.4495527 0.1166631 0.2031783 0.01461148 0.4495527 0.1166631 0.4853885 0.2031783 0.2031783 0.01461148 0.4495527 0.3833369 0.3833369 0.4495527 0.2968217 0.4853885 0.01461154 0.2968217 0.05044728 0.116663 0.2968217 0.4853885 0.05044728 0.116663 0.2031783 0.01461148 0.2968217 0.4853885 0.4853885 0.2031783 0.4495527 0.3833369 0.2031783 0.01461148 0.703125 1 0.71875 1 0.71875 1 0.171875 1 0.171875 1 0.15625 1 0.5625 1 0.578125 1 0.578125 1 0.03125 1 0.03125 1 0.015625 1 0.984375 1 0.984375 1 0.96875 1 0.4375 1 0.4375 1 0.421875 1 0.828125 1 0.84375 1 0.84375 1 0.296875 1 0.296875 1 0.28125 1 0.6875 1 0.703125 1 0.703125 1 0.15625 1 0.15625 1 0.140625 1 0.546875 1 0.5625 1 0.5625 1 0.015625 1 0.015625 1 0 1 0.96875 1 0.96875 1 0.953125 1 0.421875 1 0.421875 1 0.40625 1 0.8125 1 0.828125 1 0.828125 1 0.28125 1 0.28125 1 0.265625 1 0.671875 1 0.6875 1 0.6875 1 0.140625 1 0.140625 1 0.125 1 0.53125 1 0.546875 1 0.546875 1 0.9375 1 0.953125 1 0.953125 1 0.40625 1 0.40625 1 0.390625 1 0.796875 1 0.8125 1 0.8125 1 0.265625 1 0.265625 1 0.25 1 0.65625 1 0.671875 1 0.671875 1 0.125 1 0.125 1 0.109375 1 0.515625 1 0.53125 1 0.53125 1 0.921875 1 0.9375 1 0.9375 1 0.390625 1 0.390625 1 0.375 1 0.78125 1 0.796875 1 0.796875 1 0.25 1 0.25 1 0.234375 1 0.640625 1 0.65625 1 0.65625 1 0.109375 1 0.109375 1 0.09375 1 0.5 1 0.515625 1 0.515625 1 0.90625 1 0.921875 1 0.921875 1 0.375 1 0.375 1 0.359375 1 0.765625 1 0.78125 1 0.78125 1 0.234375 1 0.234375 1 0.21875 1 0.625 1 0.640625 1 0.640625 1 0.09375 1 0.09375 1 0.078125 1 0.484375 1 0.5 1 0.5 1 0.890625 1 0.90625 1 0.90625 1 0.359375 1 0.359375 1 0.34375 1 0.75 1 0.765625 1 0.765625 1 0.21875 1 0.21875 1 0.203125 1 0.609375 1 0.625 1 0.625 1 0.078125 1 0.078125 1 0.0625 1 0.46875 1 0.484375 1 0.484375 1 0.875 1 0.890625 1 0.890625 1 0.34375 1 0.34375 1 0.328125 1 0.734375 1 0.75 1 0.75 1 0.203125 1 0.203125 1 0.1875 1 0.59375 1 0.609375 1 0.609375 1 0.0625 1 0.0625 1 0.046875 1 0.453125 1 0.46875 1 0.46875 1 0.859375 1 0.875 1 0.875 1 0.328125 1 0.328125 1 0.3125 1 0.71875 1 0.734375 1 0.734375 1 0.1875 1 0.1875 1 0.171875 1 1 1 1 1 0.984375 1 0.578125 1 0.59375 1 0.59375 1 0.046875 1 0.046875 1 0.03125 1 0.453125 1 0.453125 1 0.4375 1 0.84375 1 0.859375 1 0.859375 1 1 0.5 0.984375 0.5 0.984375 1 0.984375 0.5 0.96875 0.5 0.96875 1 0.96875 0.5 0.953125 0.5 0.953125 1 0.953125 0.5 0.9375 0.5 0.9375 1 0.9375 0.5 0.921875 0.5 0.921875 1 0.921875 0.5 0.90625 0.5 0.90625 1 0.90625 0.5 0.890625 0.5 0.890625 1 0.890625 0.5 0.875 0.5 0.875 1 0.875 0.5 0.859375 0.5 0.859375 1 0.859375 0.5 0.84375 0.5 0.84375 1 0.84375 0.5 0.828125 0.5 0.828125 1 0.828125 0.5 0.8125 0.5 0.8125 1 0.8125 0.5 0.796875 0.5 0.796875 1 0.796875 0.5 0.78125 0.5 0.78125 1 0.78125 0.5 0.765625 0.5 0.765625 1 0.765625 0.5 0.75 0.5 0.75 1 0.75 0.5 0.734375 0.5 0.734375 1 0.734375 0.5 0.71875 0.5 0.71875 1 0.71875 0.5 0.703125 0.5 0.703125 1 0.703125 0.5 0.6875 0.5 0.6875 1 0.6875 0.5 0.671875 0.5 0.671875 1 0.671875 0.5 0.65625 0.5 0.65625 1 0.65625 0.5 0.640625 0.5 0.640625 1 0.640625 0.5 0.625 0.5 0.625 1 0.625 0.5 0.609375 0.5 0.609375 1 0.59375 0.5 0.59375 1 0.609375 1 0.578125 0.5 0.578125 1 0.59375 1 0.5625 0.5 0.5625 1 0.578125 1 0.546875 0.5 0.546875 1 0.5625 1 0.53125 0.5 0.53125 1 0.546875 1 0.515625 0.5 0.515625 1 0.53125 1 0.5 0.5 0.5 1 0.515625 1 0.484375 0.5 0.484375 1 0.5 1 0.46875 0.5 0.46875 1 0.484375 1 0.453125 0.5 0.453125 1 0.46875 1 0.4375 0.5 0.4375 1 0.453125 1 0.421875 0.5 0.421875 1 0.4375 1 0.40625 0.5 0.40625 1 0.421875 1 0.390625 0.5 0.390625 1 0.40625 1 0.375 0.5 0.375 1 0.390625 1 0.359375 0.5 0.359375 1 0.375 1 0.34375 0.5 0.34375 1 0.359375 1 0.328125 0.5 0.328125 1 0.34375 1 0.3125 0.5 0.3125 1 0.328125 1 0.296875 0.5 0.296875 1 0.3125 1 0.28125 0.5 0.28125 1 0.296875 1 0.265625 0.5 0.265625 1 0.28125 1 0.25 0.5 0.25 1 0.265625 1 0.234375 0.5 0.234375 1 0.25 1 0.21875 0.5 0.21875 1 0.234375 1 0.203125 0.5 0.203125 1 0.21875 1 0.1875 0.5 0.1875 1 0.203125 1 0.171875 0.5 0.171875 1 0.1875 1 0.15625 0.5 0.15625 1 0.171875 1 0.140625 0.5 0.140625 1 0.15625 1 0.125 0.5 0.125 1 0.140625 1 0.109375 0.5 0.109375 1 0.125 1 0.109375 0.5 0.09375 0.5 0.09375 1 0.09375 0.5 0.078125 0.5 0.078125 1 0.078125 0.5 0.0625 0.5 0.0625 1 0.0625 0.5 0.046875 0.5 0.046875 1 0.046875 0.5 0.03125 0.5 0.03125 1 0.296875 1 0.3125 1 0.3125 1 0.03125 0.5 0.015625 0.5 0.015625 1 0.015625 0.5 0 0.5 0 1 0.7735241 0.4888443 0.75 0.49 0.6803317 0.4796656 0.75 0.49 0.7264758 0.4888443 0.6803317 0.4796656 0.7264758 0.4888443 0.7031784 0.4853885 0.6803317 0.4796656 0.6803317 0.4796656 0.658156 0.4717311 0.6368649 0.4616611 0.6368649 0.4616611 0.6166631 0.4495527 0.5977457 0.4355225 0.5977457 0.4355225 0.5802944 0.4197056 0.5644775 0.4022544 0.5644775 0.4022544 0.5504473 0.3833368 0.5977457 0.4355225 0.5504473 0.3833368 0.5383389 0.3631352 0.5977457 0.4355225 0.5383389 0.3631352 0.5282689 0.341844 0.5203343 0.3196683 0.5203343 0.3196683 0.5146116 0.2968217 0.5111557 0.2735241 0.5111557 0.2735241 0.51 0.25 0.5111557 0.2264759 0.5111557 0.2264759 0.5146116 0.2031783 0.5203343 0.1803317 0.5203343 0.1803317 0.5282689 0.1581559 0.5383389 0.1368648 0.5383389 0.1368648 0.5504474 0.116663 0.5203343 0.1803317 0.5504474 0.116663 0.5644775 0.09774559 0.5203343 0.1803317 0.5644775 0.09774559 0.5802944 0.08029437 0.6368648 0.03833889 0.5802944 0.08029437 0.5977457 0.06447744 0.6368648 0.03833889 0.5977457 0.06447744 0.6166631 0.05044728 0.6368648 0.03833889 0.6368648 0.03833889 0.658156 0.02826887 0.6803317 0.0203343 0.6803317 0.0203343 0.7031784 0.01461148 0.6368648 0.03833889 0.7031784 0.01461148 0.7264759 0.01115566 0.6368648 0.03833889 0.7264759 0.01115566 0.75 0.00999999 0.7735241 0.01115566 0.7735241 0.01115566 0.7968217 0.01461148 0.7264759 0.01115566 0.7968217 0.01461148 0.8196684 0.0203343 0.7264759 0.01115566 0.8196684 0.0203343 0.841844 0.02826887 0.8631352 0.03833889 0.8631352 0.03833889 0.8833369 0.05044728 0.9022544 0.06447744 0.9022544 0.06447744 0.9197056 0.08029437 0.9355225 0.09774559 0.9355225 0.09774559 0.9495527 0.1166631 0.9022544 0.06447744 0.9495527 0.1166631 0.9616611 0.1368648 0.9022544 0.06447744 0.9616611 0.1368648 0.9717311 0.1581559 0.9796656 0.1803317 0.9796656 0.1803317 0.9853885 0.2031783 0.9888443 0.2264758 0.9888443 0.2264758 0.99 0.25 0.9888443 0.2735241 0.9888443 0.2735241 0.9853885 0.2968217 0.9796657 0.3196683 0.9796657 0.3196683 0.9717311 0.341844 0.9616611 0.3631352 0.9616611 0.3631352 0.9495527 0.3833369 0.9796657 0.3196683 0.9495527 0.3833369 0.9355225 0.4022544 0.9796657 0.3196683 0.9355225 0.4022544 0.9197056 0.4197056 0.9022544 0.4355225 0.9022544 0.4355225 0.8833369 0.4495527 0.8631352 0.4616611 0.8631352 0.4616611 0.841844 0.4717311 0.8196683 0.4796657 0.8196683 0.4796657 0.7968217 0.4853885 0.8631352 0.4616611 0.7968217 0.4853885 0.7735241 0.4888443 0.8631352 0.4616611 0.6803317 0.4796656 0.6368649 0.4616611 0.5977457 0.4355225 0.5383389 0.3631352 0.5203343 0.3196683 0.5977457 0.4355225 0.5203343 0.3196683 0.5111557 0.2735241 0.5977457 0.4355225 0.5111557 0.2735241 0.5111557 0.2264759 0.5644775 0.09774559 0.5111557 0.2264759 0.5203343 0.1803317 0.5644775 0.09774559 0.8196684 0.0203343 0.8631352 0.03833889 0.9022544 0.06447744 0.9616611 0.1368648 0.9796656 0.1803317 0.9022544 0.06447744 0.9796656 0.1803317 0.9888443 0.2264758 0.9022544 0.06447744 0.9888443 0.2264758 0.9888443 0.2735241 0.9355225 0.4022544 0.9888443 0.2735241 0.9796657 0.3196683 0.9355225 0.4022544 0.9355225 0.4022544 0.9022544 0.4355225 0.8631352 0.4616611 0.7735241 0.4888443 0.6803317 0.4796656 0.5111557 0.2735241 0.6803317 0.4796656 0.5977457 0.4355225 0.5111557 0.2735241 0.5644775 0.09774559 0.6368648 0.03833889 0.5111557 0.2735241 0.6368648 0.03833889 0.7264759 0.01115566 0.5111557 0.2735241 0.7264759 0.01115566 0.8196684 0.0203343 0.9888443 0.2264758 0.8196684 0.0203343 0.9022544 0.06447744 0.9888443 0.2264758 0.9355225 0.4022544 0.8631352 0.4616611 0.9888443 0.2264758 0.8631352 0.4616611 0.7735241 0.4888443 0.9888443 0.2264758 0.7735241 0.4888443 0.5111557 0.2735241 0.9888443 0.2264758 0.25 0.49 0.2735241 0.4888443 0.341844 0.4717311 0.2735241 0.4888443 0.2968217 0.4853885 0.341844 0.4717311 0.2968217 0.4853885 0.3196683 0.4796657 0.341844 0.4717311 0.341844 0.4717311 0.3631352 0.4616611 0.4197056 0.4197056 0.3631352 0.4616611 0.3833369 0.4495527 0.4197056 0.4197056 0.3833369 0.4495527 0.4022544 0.4355225 0.4197056 0.4197056 0.4197056 0.4197056 0.4355225 0.4022544 0.4717311 0.341844 0.4355225 0.4022544 0.4495527 0.3833369 0.4717311 0.341844 0.4495527 0.3833369 0.4616611 0.3631352 0.4717311 0.341844 0.4717311 0.341844 0.4796657 0.3196683 0.4853885 0.2968217 0.4853885 0.2968217 0.4888443 0.2735241 0.4717311 0.341844 0.4888443 0.2735241 0.49 0.25 0.4717311 0.341844 0.49 0.25 0.4888443 0.2264758 0.4853885 0.2031783 0.4853885 0.2031783 0.4796656 0.1803317 0.49 0.25 0.4796656 0.1803317 0.4717311 0.1581559 0.49 0.25 0.4717311 0.1581559 0.4616611 0.1368648 0.4495527 0.1166631 0.4495527 0.1166631 0.4355225 0.09774559 0.4197056 0.08029437 0.4197056 0.08029437 0.4022544 0.06447744 0.341844 0.02826887 0.4022544 0.06447744 0.3833369 0.05044728 0.341844 0.02826887 0.3833369 0.05044728 0.3631352 0.03833889 0.341844 0.02826887 0.341844 0.02826887 0.3196683 0.0203343 0.25 0.00999999 0.3196683 0.0203343 0.2968217 0.01461148 0.25 0.00999999 0.2968217 0.01461148 0.2735241 0.01115566 0.25 0.00999999 0.25 0.00999999 0.2264759 0.01115566 0.2031783 0.01461148 0.2031783 0.01461148 0.1803317 0.0203343 0.25 0.00999999 0.1803317 0.0203343 0.1581559 0.02826887 0.25 0.00999999 0.1581559 0.02826887 0.1368647 0.03833889 0.1166631 0.05044728 0.1166631 0.05044728 0.09774559 0.06447744 0.1581559 0.02826887 0.09774559 0.06447744 0.08029437 0.08029437 0.1581559 0.02826887 0.08029437 0.08029437 0.0644775 0.09774559 0.05044728 0.116663 0.05044728 0.116663 0.03833889 0.1368648 0.02826887 0.1581559 0.02826887 0.1581559 0.0203343 0.1803317 0.01461154 0.2031783 0.01461154 0.2031783 0.01115566 0.2264759 0.02826887 0.1581559 0.01115566 0.2264759 0.00999999 0.25 0.02826887 0.1581559 0.00999999 0.25 0.01115566 0.2735241 0.02826893 0.341844 0.01115566 0.2735241 0.01461154 0.2968217 0.02826893 0.341844 0.01461154 0.2968217 0.0203343 0.3196683 0.02826893 0.341844 0.02826893 0.341844 0.03833889 0.3631352 0.05044722 0.3833368 0.05044722 0.3833368 0.0644775 0.4022544 0.02826893 0.341844 0.0644775 0.4022544 0.08029431 0.4197056 0.02826893 0.341844 0.08029431 0.4197056 0.09774559 0.4355225 0.1166631 0.4495527 0.1166631 0.4495527 0.1368648 0.4616611 0.08029431 0.4197056 0.1368648 0.4616611 0.1581559 0.4717311 0.08029431 0.4197056 0.1581559 0.4717311 0.1803316 0.4796656 0.2031783 0.4853885 0.2031783 0.4853885 0.2264758 0.4888443 0.1581559 0.4717311 0.2264758 0.4888443 0.25 0.49 0.1581559 0.4717311 0.4717311 0.1581559 0.4495527 0.1166631 0.49 0.25 0.4495527 0.1166631 0.4197056 0.08029437 0.49 0.25 0.08029437 0.08029437 0.05044728 0.116663 0.00999999 0.25 0.05044728 0.116663 0.02826887 0.1581559 0.00999999 0.25 0.25 0.49 0.341844 0.4717311 0.49 0.25 0.341844 0.4717311 0.4197056 0.4197056 0.49 0.25 0.4197056 0.4197056 0.4717311 0.341844 0.49 0.25 0.4197056 0.08029437 0.341844 0.02826887 0.25 0.00999999 0.25 0.00999999 0.1581559 0.02826887 0.08029437 0.08029437 0.00999999 0.25 0.02826893 0.341844 0.08029431 0.4197056 0.08029431 0.4197056 0.1581559 0.4717311 0.00999999 0.25 0.1581559 0.4717311 0.25 0.49 0.00999999 0.25 0.49 0.25 0.4197056 0.08029437 0.25 0.49 0.4197056 0.08029437 0.25 0.00999999 0.25 0.49 0.25 0.00999999 0.08029437 0.08029437 0.25 0.49 0.703125 1 0.703125 1 0.71875 1 0.15625 1 0.171875 1 0.171875 1 0.5625 1 0.5625 1 0.578125 1 0.015625 1 0.03125 1 0.03125 1 0.96875 1 0.984375 1 0.984375 1 0.421875 1 0.4375 1 0.4375 1 0.828125 1 0.828125 1 0.84375 1 0.28125 1 0.296875 1 0.296875 1 0.6875 1 0.6875 1 0.703125 1 0.140625 1 0.15625 1 0.15625 1 0.546875 1 0.546875 1 0.5625 1 0 1 0.015625 1 0.015625 1 0.953125 1 0.96875 1 0.96875 1 0.40625 1 0.421875 1 0.421875 1 0.8125 1 0.8125 1 0.828125 1 0.265625 1 0.28125 1 0.28125 1 0.671875 1 0.671875 1 0.6875 1 0.125 1 0.140625 1 0.140625 1 0.53125 1 0.53125 1 0.546875 1 0.9375 1 0.9375 1 0.953125 1 0.390625 1 0.40625 1 0.40625 1 0.796875 1 0.796875 1 0.8125 1 0.25 1 0.265625 1 0.265625 1 0.65625 1 0.65625 1 0.671875 1 0.109375 1 0.125 1 0.125 1 0.515625 1 0.515625 1 0.53125 1 0.921875 1 0.921875 1 0.9375 1 0.375 1 0.390625 1 0.390625 1 0.78125 1 0.78125 1 0.796875 1 0.234375 1 0.25 1 0.25 1 0.640625 1 0.640625 1 0.65625 1 0.09375 1 0.109375 1 0.109375 1 0.5 1 0.5 1 0.515625 1 0.90625 1 0.90625 1 0.921875 1 0.359375 1 0.375 1 0.375 1 0.765625 1 0.765625 1 0.78125 1 0.21875 1 0.234375 1 0.234375 1 0.625 1 0.625 1 0.640625 1 0.078125 1 0.09375 1 0.09375 1 0.484375 1 0.484375 1 0.5 1 0.890625 1 0.890625 1 0.90625 1 0.34375 1 0.359375 1 0.359375 1 0.75 1 0.75 1 0.765625 1 0.203125 1 0.21875 1 0.21875 1 0.609375 1 0.609375 1 0.625 1 0.0625 1 0.078125 1 0.078125 1 0.46875 1 0.46875 1 0.484375 1 0.875 1 0.875 1 0.890625 1 0.328125 1 0.34375 1 0.34375 1 0.734375 1 0.734375 1 0.75 1 0.1875 1 0.203125 1 0.203125 1 0.59375 1 0.59375 1 0.609375 1 0.046875 1 0.0625 1 0.0625 1 0.453125 1 0.453125 1 0.46875 1 0.859375 1 0.859375 1 0.875 1 0.3125 1 0.328125 1 0.328125 1 0.71875 1 0.71875 1 0.734375 1 0.171875 1 0.1875 1 0.1875 1 0.984375 1 1 1 1 1 0.578125 1 0.578125 1 0.59375 1 0.03125 1 0.046875 1 0.046875 1 0.4375 1 0.453125 1 0.453125 1 0.84375 1 0.84375 1 0.859375 1 1 0.5 1 1 0.984375 1 0.984375 0.5 0.984375 1 0.96875 1 0.96875 0.5 0.96875 1 0.953125 1 0.953125 0.5 0.953125 1 0.9375 1 0.9375 0.5 0.9375 1 0.921875 1 0.921875 0.5 0.921875 1 0.90625 1 0.90625 0.5 0.90625 1 0.890625 1 0.890625 0.5 0.890625 1 0.875 1 0.875 0.5 0.875 1 0.859375 1 0.859375 1 0.84375 1 0.84375 0.5 0.84375 0.5 0.84375 1 0.828125 1 0.828125 0.5 0.828125 1 0.8125 1 0.8125 1 0.796875 1 0.796875 0.5 0.796875 1 0.78125 1 0.78125 0.5 0.78125 1 0.765625 1 0.765625 0.5 0.765625 1 0.75 1 0.75 0.5 0.75 1 0.734375 1 0.734375 0.5 0.734375 1 0.71875 1 0.71875 0.5 0.71875 1 0.703125 1 0.703125 0.5 0.703125 1 0.6875 1 0.6875 0.5 0.6875 1 0.671875 1 0.671875 0.5 0.671875 1 0.65625 1 0.65625 0.5 0.65625 1 0.640625 1 0.640625 0.5 0.640625 1 0.625 1 0.625 0.5 0.625 1 0.609375 1 0.609375 0.5 0.609375 1 0.59375 1 0.59375 0.5 0.59375 1 0.578125 1 0.578125 0.5 0.578125 1 0.5625 1 0.5625 0.5 0.5625 1 0.546875 1 0.546875 0.5 0.546875 1 0.53125 1 0.53125 0.5 0.53125 1 0.515625 1 0.515625 0.5 0.515625 1 0.5 1 0.5 0.5 0.5 1 0.484375 1 0.484375 0.5 0.484375 1 0.46875 1 0.46875 0.5 0.46875 1 0.453125 1 0.453125 0.5 0.453125 1 0.4375 1 0.4375 0.5 0.4375 1 0.421875 1 0.421875 0.5 0.421875 1 0.40625 1 0.40625 0.5 0.40625 1 0.390625 1 0.390625 0.5 0.390625 1 0.375 1 0.375 0.5 0.375 1 0.359375 1 0.359375 0.5 0.359375 1 0.34375 1 0.34375 0.5 0.34375 1 0.328125 1 0.328125 0.5 0.328125 1 0.3125 1 0.3125 0.5 0.3125 1 0.296875 1 0.296875 0.5 0.296875 1 0.28125 1 0.28125 0.5 0.28125 1 0.265625 1 0.265625 0.5 0.265625 1 0.25 1 0.25 0.5 0.25 1 0.234375 1 0.234375 0.5 0.234375 1 0.21875 1 0.21875 0.5 0.21875 1 0.203125 1 0.203125 0.5 0.203125 1 0.1875 1 0.1875 0.5 0.1875 1 0.171875 1 0.171875 0.5 0.171875 0.5 0.171875 1 0.15625 1 0.15625 1 0.140625 1 0.140625 0.5 0.140625 0.5 0.140625 1 0.125 1 0.125 0.5 0.125 1 0.109375 1 0.109375 1 0.09375 1 0.09375 0.5 0.09375 0.5 0.09375 1 0.078125 1 0.078125 0.5 0.078125 1 0.0625 1 0.0625 0.5 0.0625 1 0.046875 1 0.046875 0.5 0.046875 1 0.03125 1 0.765625 1 0.78125 1 0.78125 1 0.03125 0.5 0.03125 1 0.015625 1 0.015625 0.5 0.015625 1 0 1 0.7264758 0.4888443 0.75 0.49 0.7735241 0.4888443 0.7735241 0.4888443 0.7968217 0.4853885 0.7264758 0.4888443 0.7968217 0.4853885 0.8196683 0.4796657 0.7264758 0.4888443 0.8196683 0.4796657 0.841844 0.4717311 0.8631352 0.4616611 0.8631352 0.4616611 0.8833369 0.4495527 0.9022544 0.4355225 0.9022544 0.4355225 0.9197056 0.4197056 0.9355225 0.4022544 0.9355225 0.4022544 0.9495527 0.3833369 0.9616611 0.3631352 0.9616611 0.3631352 0.9717311 0.341844 0.9888443 0.2735241 0.9717311 0.341844 0.9796657 0.3196683 0.9888443 0.2735241 0.9796657 0.3196683 0.9853885 0.2968217 0.9888443 0.2735241 0.9888443 0.2735241 0.99 0.25 0.9888443 0.2264758 0.9888443 0.2264758 0.9853885 0.2031783 0.9796656 0.1803317 0.9796656 0.1803317 0.9717311 0.1581559 0.9355225 0.09774559 0.9717311 0.1581559 0.9616611 0.1368648 0.9355225 0.09774559 0.9616611 0.1368648 0.9495527 0.1166631 0.9355225 0.09774559 0.9355225 0.09774559 0.9197056 0.08029437 0.9022544 0.06447744 0.9022544 0.06447744 0.8833369 0.05044728 0.8631352 0.03833889 0.8631352 0.03833889 0.841844 0.02826887 0.8196684 0.0203343 0.8196684 0.0203343 0.7968217 0.01461148 0.8631352 0.03833889 0.7968217 0.01461148 0.7735241 0.01115566 0.8631352 0.03833889 0.7735241 0.01115566 0.75 0.00999999 0.7264759 0.01115566 0.7264759 0.01115566 0.7031784 0.01461148 0.7735241 0.01115566 0.7031784 0.01461148 0.6803317 0.0203343 0.7735241 0.01115566 0.6803317 0.0203343 0.658156 0.02826887 0.6368648 0.03833889 0.6368648 0.03833889 0.6166631 0.05044728 0.5977457 0.06447744 0.5977457 0.06447744 0.5802944 0.08029437 0.5644775 0.09774559 0.5644775 0.09774559 0.5504474 0.116663 0.5383389 0.1368648 0.5383389 0.1368648 0.5282689 0.1581559 0.5111557 0.2264759 0.5282689 0.1581559 0.5203343 0.1803317 0.5111557 0.2264759 0.5203343 0.1803317 0.5146116 0.2031783 0.5111557 0.2264759 0.5111557 0.2264759 0.51 0.25 0.5111557 0.2735241 0.5111557 0.2735241 0.5146116 0.2968217 0.5203343 0.3196683 0.5203343 0.3196683 0.5282689 0.341844 0.5644775 0.4022544 0.5282689 0.341844 0.5383389 0.3631352 0.5644775 0.4022544 0.5383389 0.3631352 0.5504473 0.3833368 0.5644775 0.4022544 0.5644775 0.4022544 0.5802944 0.4197056 0.5977457 0.4355225 0.5977457 0.4355225 0.6166631 0.4495527 0.6368649 0.4616611 0.6368649 0.4616611 0.658156 0.4717311 0.6803317 0.4796656 0.6803317 0.4796656 0.7031784 0.4853885 0.7264758 0.4888443 0.8196683 0.4796657 0.8631352 0.4616611 0.9022544 0.4355225 0.9022544 0.4355225 0.9355225 0.4022544 0.9616611 0.3631352 0.9888443 0.2735241 0.9888443 0.2264758 0.9355225 0.09774559 0.9888443 0.2264758 0.9796656 0.1803317 0.9355225 0.09774559 0.9355225 0.09774559 0.9022544 0.06447744 0.8631352 0.03833889 0.6803317 0.0203343 0.6368648 0.03833889 0.5977457 0.06447744 0.5977457 0.06447744 0.5644775 0.09774559 0.5111557 0.2264759 0.5644775 0.09774559 0.5383389 0.1368648 0.5111557 0.2264759 0.5111557 0.2264759 0.5111557 0.2735241 0.5203343 0.3196683 0.5644775 0.4022544 0.5977457 0.4355225 0.6368649 0.4616611 0.6368649 0.4616611 0.6803317 0.4796656 0.5644775 0.4022544 0.6803317 0.4796656 0.7264758 0.4888443 0.5644775 0.4022544 0.7264758 0.4888443 0.8196683 0.4796657 0.9888443 0.2735241 0.8196683 0.4796657 0.9022544 0.4355225 0.9888443 0.2735241 0.9022544 0.4355225 0.9616611 0.3631352 0.9888443 0.2735241 0.9355225 0.09774559 0.8631352 0.03833889 0.9888443 0.2735241 0.8631352 0.03833889 0.7735241 0.01115566 0.9888443 0.2735241 0.7735241 0.01115566 0.6803317 0.0203343 0.5111557 0.2264759 0.6803317 0.0203343 0.5977457 0.06447744 0.5111557 0.2264759 0.5111557 0.2264759 0.5203343 0.3196683 0.5644775 0.4022544 0.5111557 0.2264759 0.5644775 0.4022544 0.7264758 0.4888443 0.7264758 0.4888443 0.9888443 0.2735241 0.5111557 0.2264759 0.2968217 0.4853885 0.2735241 0.4888443 0.25 0.49 0.25 0.49 0.2264758 0.4888443 0.2031783 0.4853885 0.2031783 0.4853885 0.1803316 0.4796656 0.1581559 0.4717311 0.1581559 0.4717311 0.1368648 0.4616611 0.1166631 0.4495527 0.1166631 0.4495527 0.09774559 0.4355225 0.05044722 0.3833368 0.09774559 0.4355225 0.08029431 0.4197056 0.05044722 0.3833368 0.08029431 0.4197056 0.0644775 0.4022544 0.05044722 0.3833368 0.05044722 0.3833368 0.03833889 0.3631352 0.01461154 0.2968217 0.03833889 0.3631352 0.02826893 0.341844 0.01461154 0.2968217 0.02826893 0.341844 0.0203343 0.3196683 0.01461154 0.2968217 0.01461154 0.2968217 0.01115566 0.2735241 0.00999999 0.25 0.00999999 0.25 0.01115566 0.2264759 0.01461154 0.2031783 0.01461154 0.2031783 0.0203343 0.1803317 0.05044728 0.116663 0.0203343 0.1803317 0.02826887 0.1581559 0.05044728 0.116663 0.02826887 0.1581559 0.03833889 0.1368648 0.05044728 0.116663 0.05044728 0.116663 0.0644775 0.09774559 0.08029437 0.08029437 0.08029437 0.08029437 0.09774559 0.06447744 0.1166631 0.05044728 0.1166631 0.05044728 0.1368647 0.03833889 0.2031783 0.01461148 0.1368647 0.03833889 0.1581559 0.02826887 0.2031783 0.01461148 0.1581559 0.02826887 0.1803317 0.0203343 0.2031783 0.01461148 0.2031783 0.01461148 0.2264759 0.01115566 0.25 0.00999999 0.25 0.00999999 0.2735241 0.01115566 0.2968217 0.01461148 0.2968217 0.01461148 0.3196683 0.0203343 0.341844 0.02826887 0.341844 0.02826887 0.3631352 0.03833889 0.2968217 0.01461148 0.3631352 0.03833889 0.3833369 0.05044728 0.2968217 0.01461148 0.3833369 0.05044728 0.4022544 0.06447744 0.4495527 0.1166631 0.4022544 0.06447744 0.4197056 0.08029437 0.4495527 0.1166631 0.4197056 0.08029437 0.4355225 0.09774559 0.4495527 0.1166631 0.4495527 0.1166631 0.4616611 0.1368648 0.4717311 0.1581559 0.4717311 0.1581559 0.4796656 0.1803317 0.4495527 0.1166631 0.4796656 0.1803317 0.4853885 0.2031783 0.4495527 0.1166631 0.4853885 0.2031783 0.4888443 0.2264758 0.49 0.25 0.49 0.25 0.4888443 0.2735241 0.4853885 0.2968217 0.4853885 0.2968217 0.4796657 0.3196683 0.4717311 0.341844 0.4717311 0.341844 0.4616611 0.3631352 0.4853885 0.2968217 0.4616611 0.3631352 0.4495527 0.3833369 0.4853885 0.2968217 0.4495527 0.3833369 0.4355225 0.4022544 0.4197056 0.4197056 0.4197056 0.4197056 0.4022544 0.4355225 0.4495527 0.3833369 0.4022544 0.4355225 0.3833369 0.4495527 0.4495527 0.3833369 0.3833369 0.4495527 0.3631352 0.4616611 0.341844 0.4717311 0.341844 0.4717311 0.3196683 0.4796657 0.2968217 0.4853885 0.2968217 0.4853885 0.25 0.49 0.2031783 0.4853885 0.2031783 0.4853885 0.1581559 0.4717311 0.1166631 0.4495527 0.01461154 0.2968217 0.00999999 0.25 0.05044728 0.116663 0.00999999 0.25 0.01461154 0.2031783 0.05044728 0.116663 0.05044728 0.116663 0.08029437 0.08029437 0.2031783 0.01461148 0.08029437 0.08029437 0.1166631 0.05044728 0.2031783 0.01461148 0.2031783 0.01461148 0.25 0.00999999 0.3833369 0.05044728 0.25 0.00999999 0.2968217 0.01461148 0.3833369 0.05044728 0.4853885 0.2031783 0.49 0.25 0.4853885 0.2968217 0.3833369 0.4495527 0.341844 0.4717311 0.4495527 0.3833369 0.341844 0.4717311 0.2968217 0.4853885 0.4495527 0.3833369 0.2968217 0.4853885 0.2031783 0.4853885 0.01461154 0.2968217 0.2031783 0.4853885 0.1166631 0.4495527 0.01461154 0.2968217 0.1166631 0.4495527 0.05044722 0.3833368 0.01461154 0.2968217 0.3833369 0.05044728 0.4495527 0.1166631 0.2031783 0.01461148 0.4495527 0.1166631 0.4853885 0.2031783 0.2031783 0.01461148 0.4853885 0.2031783 0.4853885 0.2968217 0.2968217 0.4853885 0.4853885 0.2968217 0.4495527 0.3833369 0.2968217 0.4853885 0.01461154 0.2968217 0.05044728 0.116663 0.2968217 0.4853885 0.05044728 0.116663 0.2031783 0.01461148 0.2968217 0.4853885 0.21875 1 0.234375 1 0.234375 1 0.640625 1 0.640625 1 0.625 1 0.078125 1 0.09375 1 0.09375 1 0.5 1 0.5 1 0.484375 1 0.890625 1 0.90625 1 0.90625 1 0.359375 1 0.359375 1 0.34375 1 0.75 1 0.765625 1 0.765625 1 0.203125 1 0.21875 1 0.21875 1 0.625 1 0.625 1 0.609375 1 0.0625 1 0.078125 1 0.078125 1 0.484375 1 0.484375 1 0.46875 1 0.875 1 0.890625 1 0.890625 1 0.34375 1 0.34375 1 0.328125 1 0.75 1 0.75 1 0.734375 1 0.1875 1 0.203125 1 0.203125 1 0.609375 1 0.609375 1 0.59375 1 0.046875 1 0.0625 1 0.0625 1 0.46875 1 0.46875 1 0.453125 1 0.859375 1 0.875 1 0.875 1 0.328125 1 0.328125 1 0.3125 1 0.734375 1 0.734375 1 0.71875 1 0.171875 1 0.1875 1 0.1875 1 0.984375 1 1 1 1 1 0.59375 1 0.59375 1 0.578125 1 0.03125 1 0.046875 1 0.046875 1 0.453125 1 0.453125 1 0.4375 1 0.84375 1 0.859375 1 0.859375 1 0.3125 1 0.3125 1 0.296875 1 0.71875 1 0.71875 1 0.703125 1 0.15625 1 0.171875 1 0.171875 1 0.578125 1 0.578125 1 0.5625 1 0.015625 1 0.03125 1 0.03125 1 0.96875 1 0.984375 1 0.984375 1 0.4375 1 0.4375 1 0.421875 1 0.828125 1 0.84375 1 0.84375 1 0.296875 1 0.296875 1 0.28125 1 0.703125 1 0.703125 1 0.6875 1 0.140625 1 0.15625 1 0.15625 1 0.5625 1 0.5625 1 0.546875 1 0 1 0.015625 1 0.015625 1 0.953125 1 0.96875 1 0.96875 1 0.421875 1 0.421875 1 0.40625 1 0.8125 1 0.828125 1 0.828125 1 0.28125 1 0.28125 1 0.265625 1 0.6875 1 0.6875 1 0.671875 1 0.125 1 0.140625 1 0.140625 1 0.546875 1 0.546875 1 0.53125 1 0.9375 1 0.953125 1 0.953125 1 0.40625 1 0.40625 1 0.390625 1 0.796875 1 0.8125 1 0.8125 1 0.265625 1 0.265625 1 0.25 1 0.671875 1 0.671875 1 0.65625 1 0.109375 1 0.125 1 0.125 1 0.53125 1 0.53125 1 0.515625 1 0.921875 1 0.9375 1 0.9375 1 0.390625 1 0.390625 1 0.375 1 0.78125 1 0.796875 1 0.796875 1 0.234375 1 0.25 1 0.25 1 0.65625 1 0.65625 1 0.640625 1 0.09375 1 0.109375 1 0.109375 1 0.515625 1 0.515625 1 0.5 1 0.90625 1 0.921875 1 0.921875 1 0.375 1 0.375 1 0.359375 1 0.984375 0.5 0.984375 1 1 1 0.96875 0.5 0.96875 1 0.984375 1 0.953125 0.5 0.953125 1 0.96875 1 0.953125 0.5 0.9375 0.5 0.9375 1 0.921875 0.5 0.921875 1 0.9375 1 0.921875 0.5 0.90625 0.5 0.90625 1 0.90625 0.5 0.890625 0.5 0.890625 1 0.875 0.5 0.875 1 0.890625 1 0.859375 0.5 0.859375 1 0.875 1 0.84375 0.5 0.84375 1 0.859375 1 0.84375 0.5 0.828125 0.5 0.828125 1 0.8125 0.5 0.8125 1 0.828125 1 0.796875 0.5 0.796875 1 0.8125 1 0.78125 0.5 0.78125 1 0.796875 1 0.765625 0.5 0.765625 1 0.78125 1 0.75 0.5 0.75 1 0.765625 1 0.734375 0.5 0.734375 1 0.75 1 0.71875 0.5 0.71875 1 0.734375 1 0.703125 0.5 0.703125 1 0.71875 1 0.6875 0.5 0.6875 1 0.703125 1 0.671875 0.5 0.671875 1 0.6875 1 0.65625 0.5 0.65625 1 0.671875 1 0.640625 0.5 0.640625 1 0.65625 1 0.625 0.5 0.625 1 0.640625 1 0.609375 0.5 0.609375 1 0.625 1 0.59375 0.5 0.59375 1 0.609375 1 0.578125 0.5 0.578125 1 0.59375 1 0.5625 0.5 0.5625 1 0.578125 1 0.546875 0.5 0.546875 1 0.5625 1 0.53125 0.5 0.53125 1 0.546875 1 0.515625 0.5 0.515625 1 0.53125 1 0.5 0.5 0.5 1 0.515625 1 0.484375 0.5 0.484375 1 0.5 1 0.46875 0.5 0.46875 1 0.484375 1 0.453125 0.5 0.453125 1 0.46875 1 0.4375 0.5 0.4375 1 0.453125 1 0.421875 0.5 0.421875 1 0.4375 1 0.421875 0.5 0.40625 0.5 0.40625 1 0.390625 0.5 0.390625 1 0.40625 1 0.390625 0.5 0.375 0.5 0.375 1 0.375 0.5 0.359375 0.5 0.359375 1 0.34375 0.5 0.34375 1 0.359375 1 0.34375 0.5 0.328125 0.5 0.328125 1 0.3125 0.5 0.3125 1 0.328125 1 0.296875 0.5 0.296875 1 0.3125 1 0.28125 0.5 0.28125 1 0.296875 1 0.265625 0.5 0.265625 1 0.28125 1 0.25 0.5 0.25 1 0.265625 1 0.234375 0.5 0.234375 1 0.25 1 0.21875 0.5 0.21875 1 0.234375 1 0.203125 0.5 0.203125 1 0.21875 1 0.1875 0.5 0.1875 1 0.203125 1 0.171875 0.5 0.171875 1 0.1875 1 0.15625 0.5 0.15625 1 0.171875 1 0.140625 0.5 0.140625 1 0.15625 1 0.125 0.5 0.125 1 0.140625 1 0.109375 0.5 0.109375 1 0.125 1 0.09375 0.5 0.09375 1 0.109375 1 0.078125 0.5 0.078125 1 0.09375 1 0.0625 0.5 0.0625 1 0.078125 1 0.046875 0.5 0.046875 1 0.0625 1 0.03125 0.5 0.03125 1 0.046875 1 0.765625 1 0.765625 1 0.78125 1 0.015625 0.5 0.015625 1 0.03125 1 0.015625 0.5 0 0.5 0 1 0.7735241 0.4888443 0.75 0.49 0.7264758 0.4888443 0.7264758 0.4888443 0.7031784 0.4853885 0.7735241 0.4888443 0.7031784 0.4853885 0.6803317 0.4796656 0.7735241 0.4888443 0.6803317 0.4796656 0.658156 0.4717311 0.5977457 0.4355225 0.658156 0.4717311 0.6368649 0.4616611 0.5977457 0.4355225 0.6368649 0.4616611 0.6166631 0.4495527 0.5977457 0.4355225 0.5977457 0.4355225 0.5802944 0.4197056 0.5644775 0.4022544 0.5644775 0.4022544 0.5504473 0.3833368 0.5383389 0.3631352 0.5383389 0.3631352 0.5282689 0.341844 0.5111557 0.2735241 0.5282689 0.341844 0.5203343 0.3196683 0.5111557 0.2735241 0.5203343 0.3196683 0.5146116 0.2968217 0.5111557 0.2735241 0.5111557 0.2735241 0.51 0.25 0.5203343 0.1803317 0.51 0.25 0.5111557 0.2264759 0.5203343 0.1803317 0.5111557 0.2264759 0.5146116 0.2031783 0.5203343 0.1803317 0.5203343 0.1803317 0.5282689 0.1581559 0.5644775 0.09774559 0.5282689 0.1581559 0.5383389 0.1368648 0.5644775 0.09774559 0.5383389 0.1368648 0.5504474 0.116663 0.5644775 0.09774559 0.5644775 0.09774559 0.5802944 0.08029437 0.5977457 0.06447744 0.5977457 0.06447744 0.6166631 0.05044728 0.6368648 0.03833889 0.6368648 0.03833889 0.658156 0.02826887 0.6803317 0.0203343 0.6803317 0.0203343 0.7031784 0.01461148 0.7264759 0.01115566 0.7264759 0.01115566 0.75 0.00999999 0.7735241 0.01115566 0.7735241 0.01115566 0.7968217 0.01461148 0.7264759 0.01115566 0.7968217 0.01461148 0.8196684 0.0203343 0.7264759 0.01115566 0.8196684 0.0203343 0.841844 0.02826887 0.8631352 0.03833889 0.8631352 0.03833889 0.8833369 0.05044728 0.9022544 0.06447744 0.9022544 0.06447744 0.9197056 0.08029437 0.9355225 0.09774559 0.9355225 0.09774559 0.9495527 0.1166631 0.9616611 0.1368648 0.9616611 0.1368648 0.9717311 0.1581559 0.9888443 0.2264758 0.9717311 0.1581559 0.9796656 0.1803317 0.9888443 0.2264758 0.9796656 0.1803317 0.9853885 0.2031783 0.9888443 0.2264758 0.9888443 0.2264758 0.99 0.25 0.9888443 0.2735241 0.9888443 0.2735241 0.9853885 0.2968217 0.9796657 0.3196683 0.9796657 0.3196683 0.9717311 0.341844 0.9355225 0.4022544 0.9717311 0.341844 0.9616611 0.3631352 0.9355225 0.4022544 0.9616611 0.3631352 0.9495527 0.3833369 0.9355225 0.4022544 0.9355225 0.4022544 0.9197056 0.4197056 0.9022544 0.4355225 0.9022544 0.4355225 0.8833369 0.4495527 0.8631352 0.4616611 0.8631352 0.4616611 0.841844 0.4717311 0.8196683 0.4796657 0.8196683 0.4796657 0.7968217 0.4853885 0.8631352 0.4616611 0.7968217 0.4853885 0.7735241 0.4888443 0.8631352 0.4616611 0.5977457 0.4355225 0.5644775 0.4022544 0.5383389 0.3631352 0.5644775 0.09774559 0.5977457 0.06447744 0.6368648 0.03833889 0.6368648 0.03833889 0.6803317 0.0203343 0.5644775 0.09774559 0.6803317 0.0203343 0.7264759 0.01115566 0.5644775 0.09774559 0.8196684 0.0203343 0.8631352 0.03833889 0.9022544 0.06447744 0.9022544 0.06447744 0.9355225 0.09774559 0.9888443 0.2264758 0.9355225 0.09774559 0.9616611 0.1368648 0.9888443 0.2264758 0.9888443 0.2264758 0.9888443 0.2735241 0.9355225 0.4022544 0.9888443 0.2735241 0.9796657 0.3196683 0.9355225 0.4022544 0.9355225 0.4022544 0.9022544 0.4355225 0.8631352 0.4616611 0.7735241 0.4888443 0.6803317 0.4796656 0.5977457 0.4355225 0.5977457 0.4355225 0.5383389 0.3631352 0.5111557 0.2735241 0.5111557 0.2735241 0.5203343 0.1803317 0.7264759 0.01115566 0.5203343 0.1803317 0.5644775 0.09774559 0.7264759 0.01115566 0.7264759 0.01115566 0.8196684 0.0203343 0.9888443 0.2264758 0.8196684 0.0203343 0.9022544 0.06447744 0.9888443 0.2264758 0.9355225 0.4022544 0.8631352 0.4616611 0.9888443 0.2264758 0.8631352 0.4616611 0.7735241 0.4888443 0.9888443 0.2264758 0.7735241 0.4888443 0.5977457 0.4355225 0.7264759 0.01115566 0.5977457 0.4355225 0.5111557 0.2735241 0.7264759 0.01115566 0.25 0.49 0.2735241 0.4888443 0.2968217 0.4853885 0.2968217 0.4853885 0.3196683 0.4796657 0.25 0.49 0.3196683 0.4796657 0.341844 0.4717311 0.25 0.49 0.341844 0.4717311 0.3631352 0.4616611 0.4197056 0.4197056 0.3631352 0.4616611 0.3833369 0.4495527 0.4197056 0.4197056 0.3833369 0.4495527 0.4022544 0.4355225 0.4197056 0.4197056 0.4197056 0.4197056 0.4355225 0.4022544 0.4717311 0.341844 0.4355225 0.4022544 0.4495527 0.3833369 0.4717311 0.341844 0.4495527 0.3833369 0.4616611 0.3631352 0.4717311 0.341844 0.4717311 0.341844 0.4796657 0.3196683 0.49 0.25 0.4796657 0.3196683 0.4853885 0.2968217 0.49 0.25 0.4853885 0.2968217 0.4888443 0.2735241 0.49 0.25 0.49 0.25 0.4888443 0.2264758 0.4853885 0.2031783 0.4853885 0.2031783 0.4796656 0.1803317 0.4717311 0.1581559 0.4717311 0.1581559 0.4616611 0.1368648 0.4495527 0.1166631 0.4495527 0.1166631 0.4355225 0.09774559 0.4197056 0.08029437 0.4197056 0.08029437 0.4022544 0.06447744 0.341844 0.02826887 0.4022544 0.06447744 0.3833369 0.05044728 0.341844 0.02826887 0.3833369 0.05044728 0.3631352 0.03833889 0.341844 0.02826887 0.341844 0.02826887 0.3196683 0.0203343 0.25 0.00999999 0.3196683 0.0203343 0.2968217 0.01461148 0.25 0.00999999 0.2968217 0.01461148 0.2735241 0.01115566 0.25 0.00999999 0.25 0.00999999 0.2264759 0.01115566 0.2031783 0.01461148 0.2031783 0.01461148 0.1803317 0.0203343 0.25 0.00999999 0.1803317 0.0203343 0.1581559 0.02826887 0.25 0.00999999 0.1581559 0.02826887 0.1368647 0.03833889 0.1166631 0.05044728 0.1166631 0.05044728 0.09774559 0.06447744 0.1581559 0.02826887 0.09774559 0.06447744 0.08029437 0.08029437 0.1581559 0.02826887 0.08029437 0.08029437 0.0644775 0.09774559 0.05044728 0.116663 0.05044728 0.116663 0.03833889 0.1368648 0.02826887 0.1581559 0.02826887 0.1581559 0.0203343 0.1803317 0.01461154 0.2031783 0.01461154 0.2031783 0.01115566 0.2264759 0.00999999 0.25 0.00999999 0.25 0.01115566 0.2735241 0.01461154 0.2968217 0.01461154 0.2968217 0.0203343 0.3196683 0.00999999 0.25 0.0203343 0.3196683 0.02826893 0.341844 0.00999999 0.25 0.02826893 0.341844 0.03833889 0.3631352 0.05044722 0.3833368 0.05044722 0.3833368 0.0644775 0.4022544 0.02826893 0.341844 0.0644775 0.4022544 0.08029431 0.4197056 0.02826893 0.341844 0.08029431 0.4197056 0.09774559 0.4355225 0.1166631 0.4495527 0.1166631 0.4495527 0.1368648 0.4616611 0.08029431 0.4197056 0.1368648 0.4616611 0.1581559 0.4717311 0.08029431 0.4197056 0.1581559 0.4717311 0.1803316 0.4796656 0.25 0.49 0.1803316 0.4796656 0.2031783 0.4853885 0.25 0.49 0.2031783 0.4853885 0.2264758 0.4888443 0.25 0.49 0.49 0.25 0.4853885 0.2031783 0.4717311 0.1581559 0.4717311 0.1581559 0.4495527 0.1166631 0.49 0.25 0.4495527 0.1166631 0.4197056 0.08029437 0.49 0.25 0.08029437 0.08029437 0.05044728 0.116663 0.02826887 0.1581559 0.02826887 0.1581559 0.01461154 0.2031783 0.08029437 0.08029437 0.01461154 0.2031783 0.00999999 0.25 0.08029437 0.08029437 0.25 0.49 0.341844 0.4717311 0.4197056 0.4197056 0.4197056 0.4197056 0.4717311 0.341844 0.25 0.49 0.4717311 0.341844 0.49 0.25 0.25 0.49 0.4197056 0.08029437 0.341844 0.02826887 0.49 0.25 0.341844 0.02826887 0.25 0.00999999 0.49 0.25 0.25 0.00999999 0.1581559 0.02826887 0.00999999 0.25 0.1581559 0.02826887 0.08029437 0.08029437 0.00999999 0.25 0.00999999 0.25 0.02826893 0.341844 0.25 0.49 0.02826893 0.341844 0.08029431 0.4197056 0.25 0.49 0.08029431 0.4197056 0.1581559 0.4717311 0.25 0.49 0.25 0.49 0.49 0.25 0.00999999 0.25 0.21875 1 0.21875 1 0.234375 1 0.625 1 0.640625 1 0.640625 1 0.078125 1 0.078125 1 0.09375 1 0.484375 1 0.5 1 0.5 1 0.890625 1 0.890625 1 0.90625 1 0.34375 1 0.359375 1 0.359375 1 0.75 1 0.75 1 0.765625 1 0.203125 1 0.203125 1 0.21875 1 0.609375 1 0.625 1 0.625 1 0.0625 1 0.0625 1 0.078125 1 0.46875 1 0.484375 1 0.484375 1 0.875 1 0.875 1 0.890625 1 0.328125 1 0.34375 1 0.34375 1 0.734375 1 0.75 1 0.75 1 0.1875 1 0.1875 1 0.203125 1 0.59375 1 0.609375 1 0.609375 1 0.046875 1 0.046875 1 0.0625 1 0.453125 1 0.46875 1 0.46875 1 0.859375 1 0.859375 1 0.875 1 0.3125 1 0.328125 1 0.328125 1 0.71875 1 0.734375 1 0.734375 1 0.171875 1 0.171875 1 0.1875 1 0.984375 1 0.984375 1 1 1 0.578125 1 0.59375 1 0.59375 1 0.03125 1 0.03125 1 0.046875 1 0.4375 1 0.453125 1 0.453125 1 0.84375 1 0.84375 1 0.859375 1 0.296875 1 0.3125 1 0.3125 1 0.703125 1 0.71875 1 0.71875 1 0.15625 1 0.15625 1 0.171875 1 0.5625 1 0.578125 1 0.578125 1 0.015625 1 0.015625 1 0.03125 1 0.96875 1 0.96875 1 0.984375 1 0.421875 1 0.4375 1 0.4375 1 0.828125 1 0.828125 1 0.84375 1 0.28125 1 0.296875 1 0.296875 1 0.6875 1 0.703125 1 0.703125 1 0.140625 1 0.140625 1 0.15625 1 0.546875 1 0.5625 1 0.5625 1 0 1 0 1 0.015625 1 0.953125 1 0.953125 1 0.96875 1 0.40625 1 0.421875 1 0.421875 1 0.8125 1 0.8125 1 0.828125 1 0.265625 1 0.28125 1 0.28125 1 0.671875 1 0.6875 1 0.6875 1 0.125 1 0.125 1 0.140625 1 0.53125 1 0.546875 1 0.546875 1 0.9375 1 0.9375 1 0.953125 1 0.390625 1 0.40625 1 0.40625 1 0.796875 1 0.796875 1 0.8125 1 0.25 1 0.265625 1 0.265625 1 0.65625 1 0.671875 1 0.671875 1 0.109375 1 0.109375 1 0.125 1 0.515625 1 0.53125 1 0.53125 1 0.921875 1 0.921875 1 0.9375 1 0.375 1 0.390625 1 0.390625 1 0.78125 1 0.78125 1 0.796875 1 0.234375 1 0.234375 1 0.25 1 0.640625 1 0.65625 1 0.65625 1 0.09375 1 0.09375 1 0.109375 1 0.5 1 0.515625 1 0.515625 1 0.90625 1 0.90625 1 0.921875 1 0.359375 1 0.375 1 0.375 1 1 1 0.984375 1 0.984375 0.5 0.984375 1 0.96875 1 0.96875 0.5 0.96875 1 0.953125 1 0.953125 0.5 0.953125 1 0.9375 1 0.9375 0.5 0.9375 1 0.921875 1 0.921875 0.5 0.921875 1 0.90625 1 0.90625 0.5 0.90625 1 0.890625 1 0.890625 0.5 0.890625 1 0.875 1 0.875 0.5 0.875 1 0.859375 1 0.859375 0.5 0.859375 1 0.84375 1 0.84375 0.5 0.84375 1 0.828125 1 0.828125 0.5 0.828125 1 0.8125 1 0.8125 0.5 0.8125 1 0.796875 1 0.796875 0.5 0.796875 1 0.78125 1 0.78125 0.5 0.78125 1 0.765625 1 0.765625 0.5 0.765625 1 0.75 1 0.75 0.5 0.75 0.5 0.75 1 0.734375 1 0.734375 0.5 0.734375 1 0.71875 1 0.71875 0.5 0.71875 1 0.703125 1 0.703125 0.5 0.703125 1 0.6875 1 0.6875 0.5 0.6875 1 0.671875 1 0.671875 0.5 0.671875 1 0.65625 1 0.65625 0.5 0.65625 1 0.640625 1 0.640625 0.5 0.640625 1 0.625 1 0.625 0.5 0.625 1 0.609375 1 0.609375 0.5 0.609375 1 0.59375 1 0.59375 0.5 0.59375 1 0.578125 1 0.578125 0.5 0.578125 1 0.5625 1 0.5625 0.5 0.5625 1 0.546875 1 0.546875 0.5 0.546875 1 0.53125 1 0.53125 0.5 0.53125 1 0.515625 1 0.515625 0.5 0.515625 1 0.5 1 0.5 0.5 0.5 1 0.484375 1 0.484375 0.5 0.484375 1 0.46875 1 0.46875 0.5 0.46875 1 0.453125 1 0.453125 0.5 0.453125 1 0.4375 1 0.4375 0.5 0.4375 1 0.421875 1 0.421875 0.5 0.421875 1 0.40625 1 0.40625 0.5 0.40625 1 0.390625 1 0.390625 0.5 0.390625 1 0.375 1 0.375 0.5 0.375 1 0.359375 1 0.359375 0.5 0.359375 1 0.34375 1 0.34375 0.5 0.34375 1 0.328125 1 0.328125 0.5 0.328125 1 0.3125 1 0.3125 0.5 0.3125 1 0.296875 1 0.296875 0.5 0.296875 1 0.28125 1 0.28125 0.5 0.28125 1 0.265625 1 0.265625 0.5 0.265625 1 0.25 1 0.25 1 0.234375 1 0.234375 0.5 0.234375 1 0.21875 1 0.21875 0.5 0.21875 1 0.203125 1 0.203125 0.5 0.203125 1 0.1875 1 0.1875 0.5 0.1875 1 0.171875 1 0.171875 0.5 0.171875 1 0.15625 1 0.15625 0.5 0.15625 1 0.140625 1 0.140625 0.5 0.140625 1 0.125 1 0.125 0.5 0.125 1 0.109375 1 0.109375 0.5 0.109375 1 0.09375 1 0.09375 0.5 0.09375 1 0.078125 1 0.078125 0.5 0.078125 1 0.0625 1 0.0625 0.5 0.0625 1 0.046875 1 0.046875 0.5 0.046875 1 0.03125 1 0.03125 0.5 0.625 1 0.625 1 0.609375 1 0.03125 1 0.015625 1 0.015625 0.5 0.015625 1 0 1 0 0.5 0.7264758 0.4888443 0.75 0.49 0.7735241 0.4888443 0.7735241 0.4888443 0.7968217 0.4853885 0.7264758 0.4888443 0.7968217 0.4853885 0.8196683 0.4796657 0.7264758 0.4888443 0.8196683 0.4796657 0.841844 0.4717311 0.8631352 0.4616611 0.8631352 0.4616611 0.8833369 0.4495527 0.9022544 0.4355225 0.9022544 0.4355225 0.9197056 0.4197056 0.9355225 0.4022544 0.9355225 0.4022544 0.9495527 0.3833369 0.9616611 0.3631352 0.9616611 0.3631352 0.9717311 0.341844 0.9796657 0.3196683 0.9796657 0.3196683 0.9853885 0.2968217 0.9888443 0.2735241 0.9888443 0.2735241 0.99 0.25 0.9796656 0.1803317 0.99 0.25 0.9888443 0.2264758 0.9796656 0.1803317 0.9888443 0.2264758 0.9853885 0.2031783 0.9796656 0.1803317 0.9796656 0.1803317 0.9717311 0.1581559 0.9616611 0.1368648 0.9616611 0.1368648 0.9495527 0.1166631 0.9355225 0.09774559 0.9355225 0.09774559 0.9197056 0.08029437 0.9022544 0.06447744 0.9022544 0.06447744 0.8833369 0.05044728 0.9355225 0.09774559 0.8833369 0.05044728 0.8631352 0.03833889 0.9355225 0.09774559 0.8631352 0.03833889 0.841844 0.02826887 0.8196684 0.0203343 0.8196684 0.0203343 0.7968217 0.01461148 0.8631352 0.03833889 0.7968217 0.01461148 0.7735241 0.01115566 0.8631352 0.03833889 0.7735241 0.01115566 0.75 0.00999999 0.7264759 0.01115566 0.7264759 0.01115566 0.7031784 0.01461148 0.7735241 0.01115566 0.7031784 0.01461148 0.6803317 0.0203343 0.7735241 0.01115566 0.6803317 0.0203343 0.658156 0.02826887 0.6368648 0.03833889 0.6368648 0.03833889 0.6166631 0.05044728 0.6803317 0.0203343 0.6166631 0.05044728 0.5977457 0.06447744 0.6803317 0.0203343 0.5977457 0.06447744 0.5802944 0.08029437 0.5644775 0.09774559 0.5644775 0.09774559 0.5504474 0.116663 0.5383389 0.1368648 0.5383389 0.1368648 0.5282689 0.1581559 0.5203343 0.1803317 0.5203343 0.1803317 0.5146116 0.2031783 0.5383389 0.1368648 0.5146116 0.2031783 0.5111557 0.2264759 0.5383389 0.1368648 0.5111557 0.2264759 0.51 0.25 0.5111557 0.2735241 0.5111557 0.2735241 0.5146116 0.2968217 0.5203343 0.3196683 0.5203343 0.3196683 0.5282689 0.341844 0.5383389 0.3631352 0.5383389 0.3631352 0.5504473 0.3833368 0.5644775 0.4022544 0.5644775 0.4022544 0.5802944 0.4197056 0.5977457 0.4355225 0.5977457 0.4355225 0.6166631 0.4495527 0.6368649 0.4616611 0.6368649 0.4616611 0.658156 0.4717311 0.6803317 0.4796656 0.6803317 0.4796656 0.7031784 0.4853885 0.6368649 0.4616611 0.7031784 0.4853885 0.7264758 0.4888443 0.6368649 0.4616611 0.8196683 0.4796657 0.8631352 0.4616611 0.7264758 0.4888443 0.8631352 0.4616611 0.9022544 0.4355225 0.7264758 0.4888443 0.9022544 0.4355225 0.9355225 0.4022544 0.9616611 0.3631352 0.9616611 0.3631352 0.9796657 0.3196683 0.9888443 0.2735241 0.9796656 0.1803317 0.9616611 0.1368648 0.9888443 0.2735241 0.9616611 0.1368648 0.9355225 0.09774559 0.9888443 0.2735241 0.5977457 0.06447744 0.5644775 0.09774559 0.5111557 0.2264759 0.5644775 0.09774559 0.5383389 0.1368648 0.5111557 0.2264759 0.5111557 0.2264759 0.5111557 0.2735241 0.5644775 0.4022544 0.5111557 0.2735241 0.5203343 0.3196683 0.5644775 0.4022544 0.5203343 0.3196683 0.5383389 0.3631352 0.5644775 0.4022544 0.5644775 0.4022544 0.5977457 0.4355225 0.6368649 0.4616611 0.9022544 0.4355225 0.9616611 0.3631352 0.7264758 0.4888443 0.9616611 0.3631352 0.9888443 0.2735241 0.7264758 0.4888443 0.9355225 0.09774559 0.8631352 0.03833889 0.7735241 0.01115566 0.7735241 0.01115566 0.6803317 0.0203343 0.5111557 0.2264759 0.6803317 0.0203343 0.5977457 0.06447744 0.5111557 0.2264759 0.5644775 0.4022544 0.6368649 0.4616611 0.5111557 0.2264759 0.6368649 0.4616611 0.7264758 0.4888443 0.5111557 0.2264759 0.9888443 0.2735241 0.9355225 0.09774559 0.7735241 0.01115566 0.7264758 0.4888443 0.9888443 0.2735241 0.5111557 0.2264759 0.2968217 0.4853885 0.2735241 0.4888443 0.25 0.49 0.25 0.49 0.2264758 0.4888443 0.2031783 0.4853885 0.2031783 0.4853885 0.1803316 0.4796656 0.1166631 0.4495527 0.1803316 0.4796656 0.1581559 0.4717311 0.1166631 0.4495527 0.1581559 0.4717311 0.1368648 0.4616611 0.1166631 0.4495527 0.1166631 0.4495527 0.09774559 0.4355225 0.08029431 0.4197056 0.08029431 0.4197056 0.0644775 0.4022544 0.05044722 0.3833368 0.05044722 0.3833368 0.03833889 0.3631352 0.01461154 0.2968217 0.03833889 0.3631352 0.02826893 0.341844 0.01461154 0.2968217 0.02826893 0.341844 0.0203343 0.3196683 0.01461154 0.2968217 0.01461154 0.2968217 0.01115566 0.2735241 0.00999999 0.25 0.00999999 0.25 0.01115566 0.2264759 0.01461154 0.2968217 0.01115566 0.2264759 0.01461154 0.2031783 0.01461154 0.2968217 0.01461154 0.2031783 0.0203343 0.1803317 0.02826887 0.1581559 0.02826887 0.1581559 0.03833889 0.1368648 0.01461154 0.2031783 0.03833889 0.1368648 0.05044728 0.116663 0.01461154 0.2031783 0.05044728 0.116663 0.0644775 0.09774559 0.1166631 0.05044728 0.0644775 0.09774559 0.08029437 0.08029437 0.1166631 0.05044728 0.08029437 0.08029437 0.09774559 0.06447744 0.1166631 0.05044728 0.1166631 0.05044728 0.1368647 0.03833889 0.1581559 0.02826887 0.1581559 0.02826887 0.1803317 0.0203343 0.1166631 0.05044728 0.1803317 0.0203343 0.2031783 0.01461148 0.1166631 0.05044728 0.2031783 0.01461148 0.2264759 0.01115566 0.25 0.00999999 0.25 0.00999999 0.2735241 0.01115566 0.2031783 0.01461148 0.2735241 0.01115566 0.2968217 0.01461148 0.2031783 0.01461148 0.2968217 0.01461148 0.3196683 0.0203343 0.3833369 0.05044728 0.3196683 0.0203343 0.341844 0.02826887 0.3833369 0.05044728 0.341844 0.02826887 0.3631352 0.03833889 0.3833369 0.05044728 0.3833369 0.05044728 0.4022544 0.06447744 0.4197056 0.08029437 0.4197056 0.08029437 0.4355225 0.09774559 0.3833369 0.05044728 0.4355225 0.09774559 0.4495527 0.1166631 0.3833369 0.05044728 0.4495527 0.1166631 0.4616611 0.1368648 0.4853885 0.2031783 0.4616611 0.1368648 0.4717311 0.1581559 0.4853885 0.2031783 0.4717311 0.1581559 0.4796656 0.1803317 0.4853885 0.2031783 0.4853885 0.2031783 0.4888443 0.2264758 0.49 0.25 0.49 0.25 0.4888443 0.2735241 0.4853885 0.2968217 0.4853885 0.2968217 0.4796657 0.3196683 0.4717311 0.341844 0.4717311 0.341844 0.4616611 0.3631352 0.4853885 0.2968217 0.4616611 0.3631352 0.4495527 0.3833369 0.4853885 0.2968217 0.4495527 0.3833369 0.4355225 0.4022544 0.4197056 0.4197056 0.4197056 0.4197056 0.4022544 0.4355225 0.3833369 0.4495527 0.3833369 0.4495527 0.3631352 0.4616611 0.341844 0.4717311 0.341844 0.4717311 0.3196683 0.4796657 0.3833369 0.4495527 0.3196683 0.4796657 0.2968217 0.4853885 0.3833369 0.4495527 0.2968217 0.4853885 0.25 0.49 0.2031783 0.4853885 0.1166631 0.4495527 0.08029431 0.4197056 0.01461154 0.2968217 0.08029431 0.4197056 0.05044722 0.3833368 0.01461154 0.2968217 0.4853885 0.2031783 0.49 0.25 0.4495527 0.3833369 0.49 0.25 0.4853885 0.2968217 0.4495527 0.3833369 0.4495527 0.3833369 0.4197056 0.4197056 0.2968217 0.4853885 0.4197056 0.4197056 0.3833369 0.4495527 0.2968217 0.4853885 0.2968217 0.4853885 0.2031783 0.4853885 0.01461154 0.2968217 0.2031783 0.4853885 0.1166631 0.4495527 0.01461154 0.2968217 0.01461154 0.2968217 0.01461154 0.2031783 0.05044728 0.116663 0.05044728 0.116663 0.1166631 0.05044728 0.2031783 0.01461148 0.2031783 0.01461148 0.2968217 0.01461148 0.3833369 0.05044728 0.3833369 0.05044728 0.4495527 0.1166631 0.2031783 0.01461148 0.4495527 0.1166631 0.4853885 0.2031783 0.2031783 0.01461148 0.01461154 0.2968217 0.05044728 0.116663 0.2968217 0.4853885 0.05044728 0.116663 0.2031783 0.01461148 0.2968217 0.4853885 0.4853885 0.2031783 0.4495527 0.3833369 0.2968217 0.4853885 0.0625 1 0.078125 1 0.078125 1 0.484375 1 0.484375 1 0.46875 1 0.890625 1 0.890625 1 0.875 1 0.328125 1 0.34375 1 0.34375 1 0.75 1 0.75 1 0.734375 1 0.1875 1 0.203125 1 0.203125 1 0.609375 1 0.609375 1 0.59375 1 0.046875 1 0.0625 1 0.0625 1 0.46875 1 0.46875 1 0.453125 1 0.875 1 0.875 1 0.859375 1 0.3125 1 0.328125 1 0.328125 1 0.734375 1 0.734375 1 0.71875 1 0.171875 1 0.1875 1 0.1875 1 0.984375 1 1 1 1 1 0.59375 1 0.59375 1 0.578125 1 0.03125 1 0.046875 1 0.046875 1 0.453125 1 0.453125 1 0.4375 1 0.859375 1 0.859375 1 0.84375 1 0.296875 1 0.3125 1 0.3125 1 0.71875 1 0.71875 1 0.703125 1 0.15625 1 0.171875 1 0.171875 1 0.578125 1 0.578125 1 0.5625 1 0.015625 1 0.03125 1 0.03125 1 0.96875 1 0.984375 1 0.984375 1 0.4375 1 0.4375 1 0.421875 1 0.84375 1 0.84375 1 0.828125 1 0.28125 1 0.296875 1 0.296875 1 0.703125 1 0.703125 1 0.6875 1 0.140625 1 0.15625 1 0.15625 1 0.5625 1 0.5625 1 0.546875 1 0 1 0.015625 1 0.015625 1 0.953125 1 0.96875 1 0.96875 1 0.421875 1 0.421875 1 0.40625 1 0.828125 1 0.828125 1 0.8125 1 0.265625 1 0.28125 1 0.28125 1 0.6875 1 0.6875 1 0.671875 1 0.125 1 0.140625 1 0.140625 1 0.546875 1 0.546875 1 0.53125 1 0.9375 1 0.953125 1 0.953125 1 0.390625 1 0.40625 1 0.40625 1 0.8125 1 0.8125 1 0.796875 1 0.25 1 0.265625 1 0.265625 1 0.671875 1 0.671875 1 0.65625 1 0.109375 1 0.125 1 0.125 1 0.53125 1 0.53125 1 0.515625 1 0.921875 1 0.9375 1 0.9375 1 0.375 1 0.390625 1 0.390625 1 0.796875 1 0.796875 1 0.78125 1 0.234375 1 0.25 1 0.25 1 0.65625 1 0.65625 1 0.640625 1 0.09375 1 0.109375 1 0.109375 1 0.515625 1 0.515625 1 0.5 1 0.90625 1 0.921875 1 0.921875 1 0.359375 1 0.375 1 0.375 1 0.78125 1 0.78125 1 0.765625 1 0.21875 1 0.234375 1 0.234375 1 0.640625 1 0.640625 1 0.625 1 0.078125 1 0.09375 1 0.09375 1 0.5 1 0.5 1 0.484375 1 0.90625 1 0.90625 1 0.890625 1 0.34375 1 0.359375 1 0.359375 1 0.765625 1 0.765625 1 0.75 1 0.203125 1 0.21875 1 0.21875 1 0.984375 0.5 0.984375 1 1 1 0.96875 0.5 0.96875 1 0.984375 1 0.953125 0.5 0.953125 1 0.96875 1 0.9375 0.5 0.9375 1 0.953125 1 0.921875 0.5 0.921875 1 0.9375 1 0.90625 0.5 0.90625 1 0.921875 1 0.890625 0.5 0.890625 1 0.90625 1 0.875 0.5 0.875 1 0.890625 1 0.859375 0.5 0.859375 1 0.875 1 0.84375 0.5 0.84375 1 0.859375 1 0.828125 0.5 0.828125 1 0.84375 1 0.8125 0.5 0.8125 1 0.828125 1 0.796875 0.5 0.796875 1 0.8125 1 0.78125 0.5 0.78125 1 0.796875 1 0.765625 0.5 0.765625 1 0.78125 1 0.75 0.5 0.75 1 0.765625 1 0.75 0.5 0.734375 0.5 0.734375 1 0.734375 0.5 0.71875 0.5 0.71875 1 0.71875 0.5 0.703125 0.5 0.703125 1 0.703125 0.5 0.6875 0.5 0.6875 1 0.6875 0.5 0.671875 0.5 0.671875 1 0.671875 0.5 0.65625 0.5 0.65625 1 0.65625 0.5 0.640625 0.5 0.640625 1 0.640625 0.5 0.625 0.5 0.625 1 0.625 0.5 0.609375 0.5 0.609375 1 0.609375 0.5 0.59375 0.5 0.59375 1 0.59375 0.5 0.578125 0.5 0.578125 1 0.578125 0.5 0.5625 0.5 0.5625 1 0.5625 0.5 0.546875 0.5 0.546875 1 0.546875 0.5 0.53125 0.5 0.53125 1 0.53125 0.5 0.515625 0.5 0.515625 1 0.515625 0.5 0.5 0.5 0.5 1 0.5 0.5 0.484375 0.5 0.484375 1 0.484375 0.5 0.46875 0.5 0.46875 1 0.46875 0.5 0.453125 0.5 0.453125 1 0.453125 0.5 0.4375 0.5 0.4375 1 0.4375 0.5 0.421875 0.5 0.421875 1 0.421875 0.5 0.40625 0.5 0.40625 1 0.40625 0.5 0.390625 0.5 0.390625 1 0.390625 0.5 0.375 0.5 0.375 1 0.375 0.5 0.359375 0.5 0.359375 1 0.359375 0.5 0.34375 0.5 0.34375 1 0.34375 0.5 0.328125 0.5 0.328125 1 0.328125 0.5 0.3125 0.5 0.3125 1 0.3125 0.5 0.296875 0.5 0.296875 1 0.296875 0.5 0.28125 0.5 0.28125 1 0.28125 0.5 0.265625 0.5 0.265625 1 0.265625 0.5 0.25 0.5 0.25 1 0.234375 0.5 0.234375 1 0.25 1 0.21875 0.5 0.21875 1 0.234375 1 0.203125 0.5 0.203125 1 0.21875 1 0.1875 0.5 0.1875 1 0.203125 1 0.171875 0.5 0.171875 1 0.1875 1 0.15625 0.5 0.15625 1 0.171875 1 0.140625 0.5 0.140625 1 0.15625 1 0.125 0.5 0.125 1 0.140625 1 0.109375 0.5 0.109375 1 0.125 1 0.09375 0.5 0.09375 1 0.109375 1 0.078125 0.5 0.078125 1 0.09375 1 0.0625 0.5 0.0625 1 0.078125 1 0.046875 0.5 0.046875 1 0.0625 1 0.03125 0.5 0.03125 1 0.046875 1 0.609375 1 0.625 1 0.625 1 0.015625 0.5 0.015625 1 0.03125 1 0 0.5 0 1 0.015625 1 0.7735241 0.4888443 0.75 0.49 0.7264758 0.4888443 0.7264758 0.4888443 0.7031784 0.4853885 0.7735241 0.4888443 0.7031784 0.4853885 0.6803317 0.4796656 0.7735241 0.4888443 0.6803317 0.4796656 0.658156 0.4717311 0.6368649 0.4616611 0.6368649 0.4616611 0.6166631 0.4495527 0.5977457 0.4355225 0.5977457 0.4355225 0.5802944 0.4197056 0.5644775 0.4022544 0.5644775 0.4022544 0.5504473 0.3833368 0.5383389 0.3631352 0.5383389 0.3631352 0.5282689 0.341844 0.5203343 0.3196683 0.5203343 0.3196683 0.5146116 0.2968217 0.5111557 0.2735241 0.5111557 0.2735241 0.51 0.25 0.5111557 0.2264759 0.5111557 0.2264759 0.5146116 0.2031783 0.5203343 0.1803317 0.5203343 0.1803317 0.5282689 0.1581559 0.5383389 0.1368648 0.5383389 0.1368648 0.5504474 0.116663 0.5644775 0.09774559 0.5644775 0.09774559 0.5802944 0.08029437 0.5977457 0.06447744 0.5977457 0.06447744 0.6166631 0.05044728 0.5644775 0.09774559 0.6166631 0.05044728 0.6368648 0.03833889 0.5644775 0.09774559 0.6368648 0.03833889 0.658156 0.02826887 0.6803317 0.0203343 0.6803317 0.0203343 0.7031784 0.01461148 0.7264759 0.01115566 0.7264759 0.01115566 0.75 0.00999999 0.7735241 0.01115566 0.7735241 0.01115566 0.7968217 0.01461148 0.7264759 0.01115566 0.7968217 0.01461148 0.8196684 0.0203343 0.7264759 0.01115566 0.8196684 0.0203343 0.841844 0.02826887 0.8631352 0.03833889 0.8631352 0.03833889 0.8833369 0.05044728 0.8196684 0.0203343 0.8833369 0.05044728 0.9022544 0.06447744 0.8196684 0.0203343 0.9022544 0.06447744 0.9197056 0.08029437 0.9355225 0.09774559 0.9355225 0.09774559 0.9495527 0.1166631 0.9616611 0.1368648 0.9616611 0.1368648 0.9717311 0.1581559 0.9796656 0.1803317 0.9796656 0.1803317 0.9853885 0.2031783 0.9888443 0.2264758 0.9888443 0.2264758 0.99 0.25 0.9888443 0.2735241 0.9888443 0.2735241 0.9853885 0.2968217 0.9796657 0.3196683 0.9796657 0.3196683 0.9717311 0.341844 0.9616611 0.3631352 0.9616611 0.3631352 0.9495527 0.3833369 0.9355225 0.4022544 0.9355225 0.4022544 0.9197056 0.4197056 0.9022544 0.4355225 0.9022544 0.4355225 0.8833369 0.4495527 0.8631352 0.4616611 0.8631352 0.4616611 0.841844 0.4717311 0.8196683 0.4796657 0.8196683 0.4796657 0.7968217 0.4853885 0.8631352 0.4616611 0.7968217 0.4853885 0.7735241 0.4888443 0.8631352 0.4616611 0.6803317 0.4796656 0.6368649 0.4616611 0.7735241 0.4888443 0.6368649 0.4616611 0.5977457 0.4355225 0.7735241 0.4888443 0.5977457 0.4355225 0.5644775 0.4022544 0.5111557 0.2735241 0.5644775 0.4022544 0.5383389 0.3631352 0.5111557 0.2735241 0.5383389 0.3631352 0.5203343 0.3196683 0.5111557 0.2735241 0.5111557 0.2735241 0.5111557 0.2264759 0.5644775 0.09774559 0.5111557 0.2264759 0.5203343 0.1803317 0.5644775 0.09774559 0.5203343 0.1803317 0.5383389 0.1368648 0.5644775 0.09774559 0.6368648 0.03833889 0.6803317 0.0203343 0.5644775 0.09774559 0.6803317 0.0203343 0.7264759 0.01115566 0.5644775 0.09774559 0.9022544 0.06447744 0.9355225 0.09774559 0.9888443 0.2264758 0.9355225 0.09774559 0.9616611 0.1368648 0.9888443 0.2264758 0.9616611 0.1368648 0.9796656 0.1803317 0.9888443 0.2264758 0.9888443 0.2264758 0.9888443 0.2735241 0.9355225 0.4022544 0.9888443 0.2735241 0.9796657 0.3196683 0.9355225 0.4022544 0.9796657 0.3196683 0.9616611 0.3631352 0.9355225 0.4022544 0.9355225 0.4022544 0.9022544 0.4355225 0.8631352 0.4616611 0.7264759 0.01115566 0.8196684 0.0203343 0.9022544 0.06447744 0.9355225 0.4022544 0.8631352 0.4616611 0.9888443 0.2264758 0.8631352 0.4616611 0.7735241 0.4888443 0.9888443 0.2264758 0.7735241 0.4888443 0.5977457 0.4355225 0.5111557 0.2735241 0.5111557 0.2735241 0.5644775 0.09774559 0.7264759 0.01115566 0.7264759 0.01115566 0.9022544 0.06447744 0.9888443 0.2264758 0.7735241 0.4888443 0.5111557 0.2735241 0.9888443 0.2264758 0.25 0.49 0.2735241 0.4888443 0.341844 0.4717311 0.2735241 0.4888443 0.2968217 0.4853885 0.341844 0.4717311 0.2968217 0.4853885 0.3196683 0.4796657 0.341844 0.4717311 0.341844 0.4717311 0.3631352 0.4616611 0.3833369 0.4495527 0.3833369 0.4495527 0.4022544 0.4355225 0.4197056 0.4197056 0.4197056 0.4197056 0.4355225 0.4022544 0.4717311 0.341844 0.4355225 0.4022544 0.4495527 0.3833369 0.4717311 0.341844 0.4495527 0.3833369 0.4616611 0.3631352 0.4717311 0.341844 0.4717311 0.341844 0.4796657 0.3196683 0.4853885 0.2968217 0.4853885 0.2968217 0.4888443 0.2735241 0.4717311 0.341844 0.4888443 0.2735241 0.49 0.25 0.4717311 0.341844 0.49 0.25 0.4888443 0.2264758 0.4717311 0.1581559 0.4888443 0.2264758 0.4853885 0.2031783 0.4717311 0.1581559 0.4853885 0.2031783 0.4796656 0.1803317 0.4717311 0.1581559 0.4717311 0.1581559 0.4616611 0.1368648 0.4197056 0.08029437 0.4616611 0.1368648 0.4495527 0.1166631 0.4197056 0.08029437 0.4495527 0.1166631 0.4355225 0.09774559 0.4197056 0.08029437 0.4197056 0.08029437 0.4022544 0.06447744 0.341844 0.02826887 0.4022544 0.06447744 0.3833369 0.05044728 0.341844 0.02826887 0.3833369 0.05044728 0.3631352 0.03833889 0.341844 0.02826887 0.341844 0.02826887 0.3196683 0.0203343 0.2968217 0.01461148 0.2968217 0.01461148 0.2735241 0.01115566 0.341844 0.02826887 0.2735241 0.01115566 0.25 0.00999999 0.341844 0.02826887 0.25 0.00999999 0.2264759 0.01115566 0.1581559 0.02826887 0.2264759 0.01115566 0.2031783 0.01461148 0.1581559 0.02826887 0.2031783 0.01461148 0.1803317 0.0203343 0.1581559 0.02826887 0.1581559 0.02826887 0.1368647 0.03833889 0.1166631 0.05044728 0.1166631 0.05044728 0.09774559 0.06447744 0.08029437 0.08029437 0.08029437 0.08029437 0.0644775 0.09774559 0.05044728 0.116663 0.05044728 0.116663 0.03833889 0.1368648 0.08029437 0.08029437 0.03833889 0.1368648 0.02826887 0.1581559 0.08029437 0.08029437 0.02826887 0.1581559 0.0203343 0.1803317 0.01461154 0.2031783 0.01461154 0.2031783 0.01115566 0.2264759 0.00999999 0.25 0.00999999 0.25 0.01115566 0.2735241 0.01461154 0.2968217 0.01461154 0.2968217 0.0203343 0.3196683 0.02826893 0.341844 0.02826893 0.341844 0.03833889 0.3631352 0.05044722 0.3833368 0.05044722 0.3833368 0.0644775 0.4022544 0.02826893 0.341844 0.0644775 0.4022544 0.08029431 0.4197056 0.02826893 0.341844 0.08029431 0.4197056 0.09774559 0.4355225 0.1166631 0.4495527 0.1166631 0.4495527 0.1368648 0.4616611 0.1581559 0.4717311 0.1581559 0.4717311 0.1803316 0.4796656 0.2031783 0.4853885 0.2031783 0.4853885 0.2264758 0.4888443 0.1581559 0.4717311 0.2264758 0.4888443 0.25 0.49 0.1581559 0.4717311 0.341844 0.4717311 0.3833369 0.4495527 0.25 0.49 0.3833369 0.4495527 0.4197056 0.4197056 0.25 0.49 0.1581559 0.02826887 0.1166631 0.05044728 0.08029437 0.08029437 0.02826887 0.1581559 0.01461154 0.2031783 0.08029437 0.08029437 0.01461154 0.2031783 0.00999999 0.25 0.08029437 0.08029437 0.00999999 0.25 0.01461154 0.2968217 0.02826893 0.341844 0.08029431 0.4197056 0.1166631 0.4495527 0.25 0.49 0.1166631 0.4495527 0.1581559 0.4717311 0.25 0.49 0.4197056 0.4197056 0.4717311 0.341844 0.25 0.49 0.4717311 0.341844 0.49 0.25 0.25 0.49 0.49 0.25 0.4717311 0.1581559 0.4197056 0.08029437 0.4197056 0.08029437 0.341844 0.02826887 0.25 0.00999999 0.25 0.00999999 0.1581559 0.02826887 0.08029437 0.08029437 0.00999999 0.25 0.02826893 0.341844 0.25 0.49 0.02826893 0.341844 0.08029431 0.4197056 0.25 0.49 0.49 0.25 0.4197056 0.08029437 0.25 0.49 0.4197056 0.08029437 0.25 0.00999999 0.25 0.49 0.25 0.00999999 0.08029437 0.08029437 0.25 0.49 0.0625 1 0.0625 1 0.078125 1 0.46875 1 0.484375 1 0.484375 1 0.875 1 0.890625 1 0.890625 1 0.328125 1 0.328125 1 0.34375 1 0.734375 1 0.75 1 0.75 1 0.1875 1 0.1875 1 0.203125 1 0.59375 1 0.609375 1 0.609375 1 0.046875 1 0.046875 1 0.0625 1 0.453125 1 0.46875 1 0.46875 1 0.859375 1 0.875 1 0.875 1 0.3125 1 0.3125 1 0.328125 1 0.71875 1 0.734375 1 0.734375 1 0.171875 1 0.171875 1 0.1875 1 0.984375 1 0.984375 1 1 1 0.578125 1 0.59375 1 0.59375 1 0.03125 1 0.03125 1 0.046875 1 0.4375 1 0.453125 1 0.453125 1 0.84375 1 0.859375 1 0.859375 1 0.296875 1 0.296875 1 0.3125 1 0.703125 1 0.71875 1 0.71875 1 0.15625 1 0.15625 1 0.171875 1 0.5625 1 0.578125 1 0.578125 1 0.015625 1 0.015625 1 0.03125 1 0.96875 1 0.96875 1 0.984375 1 0.421875 1 0.4375 1 0.4375 1 0.828125 1 0.84375 1 0.84375 1 0.28125 1 0.28125 1 0.296875 1 0.6875 1 0.703125 1 0.703125 1 0.140625 1 0.140625 1 0.15625 1 0.546875 1 0.5625 1 0.5625 1 0 1 0 1 0.015625 1 0.953125 1 0.953125 1 0.96875 1 0.40625 1 0.421875 1 0.421875 1 0.8125 1 0.828125 1 0.828125 1 0.265625 1 0.265625 1 0.28125 1 0.671875 1 0.6875 1 0.6875 1 0.125 1 0.125 1 0.140625 1 0.53125 1 0.546875 1 0.546875 1 0.9375 1 0.9375 1 0.953125 1 0.390625 1 0.390625 1 0.40625 1 0.796875 1 0.8125 1 0.8125 1 0.25 1 0.25 1 0.265625 1 0.65625 1 0.671875 1 0.671875 1 0.109375 1 0.109375 1 0.125 1 0.515625 1 0.53125 1 0.53125 1 0.921875 1 0.921875 1 0.9375 1 0.375 1 0.375 1 0.390625 1 0.78125 1 0.796875 1 0.796875 1 0.234375 1 0.234375 1 0.25 1 0.640625 1 0.65625 1 0.65625 1 0.09375 1 0.09375 1 0.109375 1 0.5 1 0.515625 1 0.515625 1 0.90625 1 0.90625 1 0.921875 1 0.359375 1 0.359375 1 0.375 1 0.765625 1 0.78125 1 0.78125 1 0.21875 1 0.21875 1 0.234375 1 0.625 1 0.640625 1 0.640625 1 0.078125 1 0.078125 1 0.09375 1 0.484375 1 0.5 1 0.5 1 0.890625 1 0.90625 1 0.90625 1 0.34375 1 0.34375 1 0.359375 1 0.75 1 0.765625 1 0.765625 1 0.203125 1 0.203125 1 0.21875 1 0.7120389 0.1064439 0.7130059 0.1427785 0.6340337 0.1427785 0.7851232 0.2539719 0.7827525 0.233546 0.8250594 0.233546 0.7727949 0.1477577 0.7693637 0.1118563 0.8250595 0.1118563 0.6967306 0.07014524 0.7120389 0.1064439 0.6340649 0.1064439 0.7693637 0.1118563 0.7693637 0.07341533 0.8250595 0.07341533 0.8250594 0.3587185 0.6917106 0.3077345 0.8250594 0.3060757 0.7125588 0.25089 0.6917106 0.3077345 0.6611675 0.3027183 0.5748866 0.7590463 0.6611675 0.3027183 0.8250595 0.361316 0.7693637 0 0.6967306 0.07014524 0.6305825 0.5252404 0.8214093 0 0.8250595 0.07341533 0.7693637 0.07341533 0.5779277 0.6887364 0.6102871 0.6887364 0.6148229 0.6963387 0.5785368 0.4554131 0.6305824 0.4554131 0.6305825 0.5252404 0.5984577 0.7590463 0.5748866 0.7590463 0.5748866 0.6963387 0.5780689 0.6735318 0.6111083 0.6811342 0.5779983 0.6811341 0.6127505 0.6659294 0.5782099 0.6583271 0.6135717 0.6583272 0.8250594 0.2172054 0.8250594 0.233546 0.7827525 0.233546 0.6176772 0.6203156 0.5786333 0.6127132 0.6184983 0.6127132 0.5783511 0.6431226 0.6143928 0.6507249 0.5782805 0.650725 0.6160351 0.6355202 0.5784921 0.6279178 0.6168561 0.6279179 0.5787038 0.605111 0.5786333 0.6127132 0.5748866 0.6165145 0.5784921 0.6279178 0.5748866 0.6317191 0.5748866 0.6165145 0.5783511 0.6431226 0.5748867 0.6469238 0.5748866 0.6317191 0.5748867 0.6469238 0.5782805 0.650725 0.5782099 0.6583271 0.5748866 0.6621285 0.5781394 0.6659294 0.5780689 0.6735318 0.5748866 0.677333 0.5779983 0.6811341 0.5779277 0.6887364 0.6127505 0.6659294 0.6127505 0.6659294 0.5781394 0.6659294 0.5787038 0.605111 0.5787038 0.605111 0.5786333 0.6127132 0.6193194 0.6051109 0.6193194 0.6051109 0.5787038 0.605111 0.6143928 0.6507249 0.5783511 0.6431226 0.6152138 0.6431226 0.6193194 0.6051109 0.6184983 0.6127132 0.6184983 0.6127132 0.5782099 0.6583271 0.5782099 0.6583271 0.6135717 0.6583272 0.5781394 0.6659294 0.5781394 0.6659294 0.5780689 0.6735318 0.6108016 0.3993791 0.6108016 0.3993791 0.6452763 0.399379 0.8250594 0.3587185 0.8250594 0.3587185 0.8250595 0.361316 0.8250595 0.1681835 0.8250595 0.1845241 0.7770624 0.1845241 0.8250595 0.1477577 0.8250595 0.1681835 0.7751658 0.1681835 0.7808558 0.2172054 0.7789592 0.2008647 0.8250595 0.2008647 0.8250595 0.1845241 0.8250595 0.2008647 0.7789592 0.2008647 0.7130059 0.1427785 0.7129198 0.1635692 0.6365708 0.1616497 0.7129198 0.1635692 0.7128511 0.1802017 0.6386004 0.1767467 0.7128511 0.1802017 0.7127823 0.1968342 0.6406301 0.1918436 0.7127823 0.1968342 0.7127135 0.2134668 0.6426597 0.2069406 0.7127135 0.2134668 0.7126448 0.2300993 0.6446895 0.2220376 0.6472265 0.2409088 0.6446895 0.2220376 0.7126448 0.2300993 0.6171937 0.677333 0.6148229 0.6963387 0.6102871 0.6887364 0.6127505 0.6659294 0.6190903 0.6621283 0.6171937 0.677333 0.6143928 0.6507249 0.6209869 0.6469237 0.6190903 0.6621283 0.6160351 0.6355202 0.6228836 0.6317191 0.6209869 0.6469237 0.5784216 0.6355202 0.5748866 0.6317191 0.5784921 0.6279178 0.6176772 0.6203156 0.6247802 0.6165144 0.6228836 0.6317191 0.5785627 0.6203155 0.5748866 0.6165145 0.5786333 0.6127132 0.6193194 0.6051109 0.6271511 0.5975087 0.6247802 0.6165144 0.6271511 0.5975087 0.5748866 0.5975087 0.5748866 0.5613746 0.5748866 0.5252404 0.6305825 0.5252404 0.6305825 0.5613746 0.8250594 0.3587185 0.8250595 0.361316 0.6618036 0.3652408 0.8250594 0.3587185 0.8250595 0.361316 0.6611675 0.3027183 0.8014884 0.3060757 0.7851232 0.2539719 0.8250594 0.2539719 0.6184983 0.6127132 0.5786333 0.6127132 0.5787038 0.605111 0.6168561 0.6279179 0.5784921 0.6279178 0.5785627 0.6203155 0.6152138 0.6431226 0.5783511 0.6431226 0.5784216 0.6355202 0.6135717 0.6583272 0.5782099 0.6583271 0.5782805 0.650725 0.6119294 0.6735319 0.5780689 0.6735318 0.5781394 0.6659294 0.6102871 0.6887364 0.5779277 0.6887364 0.5779983 0.6811341 0.6184983 0.6127132 0.5786333 0.6127132 0.5786333 0.6127132 0.6135717 0.6583272 0.6135717 0.6583272 0.6143928 0.6507249 0.5782099 0.6583271 0.5782805 0.650725 0.5782805 0.650725 0.6119294 0.6735319 0.5780689 0.6735318 0.5780689 0.6735318 0.6176772 0.6203156 0.6176772 0.6203156 0.5785627 0.6203155 0.6111083 0.6811342 0.6111083 0.6811342 0.5779983 0.6811341 0.5784921 0.6279178 0.5784921 0.6279178 0.6168561 0.6279179 0.6160351 0.6355202 0.6152138 0.6431226 0.6152138 0.6431226 0.5784216 0.6355202 0.5784216 0.6355202 0.5783511 0.6431226 0.6102871 0.6887364 0.5779277 0.6887364 0.5779277 0.6887364 0.6160351 0.6355202 0.6160351 0.6355202 0.5784216 0.6355202 0.6102871 0.6887364 0.6102871 0.6887364 0.6111083 0.6811342 0.5779277 0.6887364 0.5779983 0.6811341 0.5779983 0.6811341 0.6152138 0.6431226 0.5783511 0.6431226 0.5783511 0.6431226 0.6168561 0.6279179 0.6168561 0.6279179 0.6176772 0.6203156 0.5784921 0.6279178 0.5785627 0.6203155 0.5785627 0.6203155 0.6143928 0.6507249 0.6143928 0.6507249 0.5782805 0.650725 0.6127505 0.6659294 0.6119294 0.6735319 0.6119294 0.6735319 0.6119294 0.6735319 0.6171937 0.677333 0.6111083 0.6811342 0.5787038 0.605111 0.5748866 0.5975087 0.6271511 0.5975087 0.5781394 0.6659294 0.5748866 0.6621285 0.5782099 0.6583271 0.7546698 0.05603396 0.7693637 0 0.6305824 0.4554131 0.7891445 0.05603402 0.6108016 0.3993791 0.5785368 0.4554131 0.7546698 0.05603396 0.7891445 0.05603402 0.8214093 0 0.6452763 0.399379 0.6305824 0.4554131 0.5785368 0.4554131 0.7891445 0.05603402 0.7546698 0.05603396 0.6452763 0.399379 0.6108016 0.3993791 0.7891445 0.05603402 0.7891445 0.05603402 0.7546698 0.05603396 0.7546698 0.05603396 0.7891445 0.05603402 0.6452763 0.399379 0.6452763 0.399379 0.7546698 0.05603396 0.7120389 0.1064439 0.6340649 0.1064439 0.6340337 0.1427785 0.8250594 0.233546 0.7827525 0.233546 0.7851232 0.2539719 0.8250595 0.1118563 0.7693637 0.1118563 0.7727949 0.1477577 0.6967306 0.07014524 0.634061 0.07014524 0.6340649 0.1064439 0.8250595 0.1118563 0.8250595 0.07341533 0.7693637 0.07341533 0.8250594 0.3060757 0.6917106 0.3077345 0.8250594 0.3587185 0.7125588 0.25089 0.6472265 0.2409088 0.6611675 0.3027183 0.8250595 0.361316 0.6611675 0.3027183 0.5748866 0.7590463 0.7693637 0 0.6305824 0.4554131 0.6305825 0.5252404 0.8214093 0 0.7693637 0 0.7693637 0.07341533 0.6148229 0.6963387 0.6102871 0.6887364 0.5779277 0.6887364 0.5785368 0.4554131 0.5748866 0.5252404 0.6305825 0.5252404 0.5748866 0.6963387 0.5748866 0.7590463 0.5984577 0.7590463 0.5780689 0.6735318 0.5748866 0.677333 0.5779983 0.6811341 0.6127505 0.6659294 0.6190903 0.6621283 0.6135717 0.6583272 0.7827525 0.233546 0.8250594 0.233546 0.8250594 0.2172054 0.6176772 0.6203156 0.6247802 0.6165144 0.6184983 0.6127132 0.5783511 0.6431226 0.5748867 0.6469238 0.5782805 0.650725 0.6160351 0.6355202 0.6228836 0.6317191 0.6168561 0.6279179 0.5787038 0.605111 0.5748866 0.5975087 0.5748866 0.6165145 0.5748866 0.6165145 0.5748866 0.6317191 0.5784921 0.6279178 0.5748866 0.6317191 0.5748867 0.6469238 0.5783511 0.6431226 0.5748867 0.6469238 0.5748866 0.6621285 0.5782099 0.6583271 0.5748866 0.6621285 0.5748866 0.677333 0.5780689 0.6735318 0.5748866 0.677333 0.5748866 0.6963387 0.5779277 0.6887364 0.5781394 0.6659294 0.5781394 0.6659294 0.6127505 0.6659294 0.5786333 0.6127132 0.5787038 0.605111 0.5787038 0.605111 0.5787038 0.605111 0.5787038 0.605111 0.6193194 0.6051109 0.6143928 0.6507249 0.6209869 0.6469237 0.6152138 0.6431226 0.6193194 0.6051109 0.6193194 0.6051109 0.6184983 0.6127132 0.6135717 0.6583272 0.6135717 0.6583272 0.5782099 0.6583271 0.5780689 0.6735318 0.5781394 0.6659294 0.5781394 0.6659294 0.6452763 0.399379 0.6108016 0.3993791 0.6108016 0.3993791 0.8250595 0.361316 0.8250594 0.3587185 0.8250594 0.3587185 0.7770624 0.1845241 0.8250595 0.1845241 0.8250595 0.1681835 0.7751658 0.1681835 0.8250595 0.1681835 0.8250595 0.1477577 0.8250595 0.2008647 0.7789592 0.2008647 0.7808558 0.2172054 0.7789592 0.2008647 0.8250595 0.2008647 0.8250595 0.1845241 0.7130059 0.1427785 0.6340337 0.1427785 0.6365708 0.1616497 0.7129198 0.1635692 0.6365708 0.1616497 0.6386004 0.1767467 0.7128511 0.1802017 0.6386004 0.1767467 0.6406301 0.1918436 0.7127823 0.1968342 0.6406301 0.1918436 0.6426597 0.2069406 0.7127135 0.2134668 0.6426597 0.2069406 0.6446895 0.2220376 0.7126448 0.2300993 0.6446895 0.2220376 0.6472265 0.2409088 0.6102871 0.6887364 0.6148229 0.6963387 0.6171937 0.677333 0.6127505 0.6659294 0.6119294 0.6735319 0.6171937 0.677333 0.6143928 0.6507249 0.6135717 0.6583272 0.6190903 0.6621283 0.6160351 0.6355202 0.6152138 0.6431226 0.6209869 0.6469237 0.5784216 0.6355202 0.6160351 0.6355202 0.5784921 0.6279178 0.6176772 0.6203156 0.6168561 0.6279179 0.6228836 0.6317191 0.5785627 0.6203155 0.6176772 0.6203156 0.5786333 0.6127132 0.6193194 0.6051109 0.6184983 0.6127132 0.6247802 0.6165144 0.6271511 0.5975087 0.6305825 0.5613746 0.5748866 0.5613746 0.5748866 0.5613746 0.6305825 0.5613746 0.6305825 0.5252404 0.6618036 0.3652408 0.8250595 0.361316 0.8250594 0.3587185 0.8250594 0.3587185 0.6917106 0.3077345 0.6611675 0.3027183 0.8250594 0.2539719 0.7851232 0.2539719 0.8014884 0.3060757 0.5787038 0.605111 0.5786333 0.6127132 0.6184983 0.6127132 0.5785627 0.6203155 0.5784921 0.6279178 0.6168561 0.6279179 0.5784216 0.6355202 0.5783511 0.6431226 0.6152138 0.6431226 0.5782805 0.650725 0.5782099 0.6583271 0.6135717 0.6583272 0.5781394 0.6659294 0.5780689 0.6735318 0.6119294 0.6735319 0.5779983 0.6811341 0.5779277 0.6887364 0.6102871 0.6887364 0.6184983 0.6127132 0.5786333 0.6127132 0.5786333 0.6127132 0.6143928 0.6507249 0.6135717 0.6583272 0.6135717 0.6583272 0.5782099 0.6583271 0.5782099 0.6583271 0.5782805 0.650725 0.6119294 0.6735319 0.6119294 0.6735319 0.5780689 0.6735318 0.5785627 0.6203155 0.5785627 0.6203155 0.6176772 0.6203156 0.5779983 0.6811341 0.5779983 0.6811341 0.6111083 0.6811342 0.6168561 0.6279179 0.6168561 0.6279179 0.5784921 0.6279178 0.6160351 0.6355202 0.6160351 0.6355202 0.6152138 0.6431226 0.5783511 0.6431226 0.5784216 0.6355202 0.5784216 0.6355202 0.6102871 0.6887364 0.5779277 0.6887364 0.5779277 0.6887364 0.5784216 0.6355202 0.6160351 0.6355202 0.6160351 0.6355202 0.6111083 0.6811342 0.6102871 0.6887364 0.6102871 0.6887364 0.5779277 0.6887364 0.5779277 0.6887364 0.5779983 0.6811341 0.6152138 0.6431226 0.5783511 0.6431226 0.5783511 0.6431226 0.6176772 0.6203156 0.6168561 0.6279179 0.6168561 0.6279179 0.5784921 0.6279178 0.5784921 0.6279178 0.5785627 0.6203155 0.5782805 0.650725 0.5782805 0.650725 0.6143928 0.6507249 0.6127505 0.6659294 0.6127505 0.6659294 0.6119294 0.6735319 0.6119294 0.6735319 0.5780689 0.6735318 0.6111083 0.6811342 0.5787038 0.605111 0.6193194 0.6051109 0.6271511 0.5975087 0.5781394 0.6659294 0.6127505 0.6659294 0.5782099 0.6583271 0.6305824 0.4554131 0.7693637 0 0.7546698 0.05603396 0.7891445 0.05603402 0.8214093 0 0.5785368 0.4554131 0.7546698 0.05603396 0.7693637 0 0.8214093 0 0.5785368 0.4554131 0.6305824 0.4554131 0.6452763 0.399379 0.6108016 0.3993791 0.6452763 0.399379 0.7546698 0.05603396 0.6108016 0.3993791 0.6108016 0.3993791 0.7891445 0.05603402 0.7891445 0.05603402 0.7546698 0.05603396 0.7546698 0.05603396 0.7546698 0.05603396 0.6452763 0.399379 0.6452763 0.399379 0.4068171 0.6395044 0.4068171 0.6643308 0.625 0.6608436 0 0 0 0 0 0 0.5637755 0.5307598 0.625 0.5833333 0.625 0.5615195 0 0 0 0 0 0 0.625 0.6608436 0.875 0.661879 0.875 0.6376309 0 0 0 0 0 0 0.625 0.5 0.625 0.5 0.5590506 0.5 0.5267627 0.75 0.625 0.75 0.625 0.7227095 0.3125 0.75 0.375 0.75 0.375 0.7227095 0.3125 0.5615196 0.3125 0.5833333 0.375 0.5833333 0.3125 0.5833333 0.3125 0.6666666 0.375 0.6666666 0.5165817 0.5307598 0.5625 0.5833333 0.625 0.5833333 0.3125 0.6666666 0.3125 0.7227095 0.375 0.7227095 0.5480352 0.7227095 0.625 0.7227095 0.625 0.6946881 0.3125 0.5307598 0.3125 0.5615196 0.375 0.5615196 0.3125 0.5307598 0.375 0.5307598 0.375 0.5222417 0.5637755 0.5307598 0.6250001 0.5307598 0.625 0.5222417 0.5156003 0.5222417 0.5165817 0.5307598 0.5637755 0.5307598 0.5165817 0.5307598 0.5165817 0.5307598 0.5588987 0.5786245 0.5591854 0.5789994 0.5458165 0.5615195 0.5458165 0.5615195 0.5625 0.5833333 0.5165817 0.5307598 0.5588987 0.5786245 0.5591854 0.5789994 0.5458165 0.5615195 0.5625 0.5833333 0.5625 0.5833333 0.5588987 0.5786245 0.5591854 0.5789994 0.5047764 0.7227095 0.5480352 0.7227095 0.625 0.6666666 0.5625 0.5833333 0.5625 0.6666666 0.625 0.6666666 0.488822 0.75 0.5267627 0.75 0.5480352 0.7227095 0.5590506 0.4375001 0.5590506 0.5 0.625 0.5 0.6874999 0.5 0.6875 0.5 0.625 0.5 0.625 0.6946881 0.6875 0.6946881 0.6875 0.6666666 0.5458165 0.5615195 0.5458165 0.5615195 0.5165817 0.5307598 0.375 0.6666666 0.375 0.5833333 0.375 0.5833333 0.5047764 0.7227095 0.5047764 0.7227095 0.488822 0.75 0.488822 0.75 0.375 0.75 0.375 0.75 0.5625 0.6666666 0.5625 0.6666666 0.5047764 0.7227095 0.375 0.7227095 0.375 0.6666666 0.375 0.6666666 0.5590506 0.5 0.5590506 0.5 0.5624671 0.5222417 0.5590506 0.5 0.5624671 0.5222417 0.625 0.5222417 0.5156003 0.5222417 0.375 0.5222417 0.375 0.5222417 0.375 0.75 0.488822 0.75 0.5047764 0.7227095 0.375 0.5615196 0.375 0.5833333 0.5625 0.5833333 0.375 0.5833333 0.375 0.6666666 0.5625 0.6666666 0.375 0.7227095 0.5047764 0.7227095 0.5625 0.6666666 0.375 0.5307598 0.375 0.5615196 0.5458165 0.5615195 0.375 0.5222417 0.375 0.5307598 0.5165817 0.5307598 0.375 0.5833333 0.375 0.5615196 0.375 0.5615196 0.6875 0.6946881 0.75 0.6946881 0.75 0.6666666 0.375 0.5615196 0.375 0.5307598 0.375 0.5307598 0.5156003 0.5222417 0.5156003 0.5222417 0.5165817 0.5307598 0.5165817 0.5307598 0.5165817 0.5307598 0.5156003 0.5222417 0.5156003 0.5222417 0.5156003 0.5222417 0.3835209 0.5222417 0.3856495 0.5222417 0.5156003 0.5222417 0.5156003 0.5222417 0.375 0.5222417 0.5156003 0.5222417 0.3835209 0.5222417 0.3856495 0.5222417 0.5156003 0.5222417 0.375 0.5222417 0.375 0.5222417 0.3835209 0.5222417 0.375 0.5222417 0.375 0.75 0.375 0.75 0.375 0.7227095 0.5625 0.5833333 0.5625 0.5833333 0.5625 0.6666666 0.375 0.5307598 0.375 0.5222417 0.375 0.5222417 0.6874999 0.5 0.6875 0.5222417 0.75 0.5222417 0.375 0.875 0.4888221 0.875 0.4888221 0.8125 0.5590506 0.4375001 0.5590506 0.375 0.5590506 0.375 0.4888221 0.8125 0.4888221 0.875 0.5267627 0.875 0.6875 0.5307598 0.75 0.5307598 0.75 0.5222417 0.6875 0.5307598 0.6875 0.5615195 0.75 0.5615195 0.6875 0.7227095 0.75 0.7227095 0.75 0.6946881 0.6875 0.6666666 0.75 0.6666666 0.75 0.5833333 0.6875 0.5833333 0.75 0.5833333 0.75 0.5615195 0.6875 0.7227095 0.6875 0.75 0.75 0.75 0.5267627 0.8125 0.5267627 0.875 0.625 0.875 0.5130379 0.4375 0.5130379 0.5 0.5590506 0.5 0.375 0.5 0.5130379 0.5 0.5130379 0.4375 0.375 0.5222417 0.5156003 0.5222417 0.5130379 0.5 0.5130379 0.5 0.5156003 0.5222417 0.5624671 0.5222417 0.3125 0.5222417 0.375 0.5222417 0.375 0.5 0.5624671 0.5222417 0.5156003 0.5222417 0.5156003 0.5222417 0.5267627 0.75 0.5267627 0.8125 0.625 0.8125 0.625 0.7227095 0.625 0.75 0.6875 0.75 0.625 0.5615195 0.625 0.5833333 0.6875 0.5833333 0.625 0.6666666 0.6875 0.6666666 0.6875 0.5833333 0.625 0.7227095 0.6875 0.7227095 0.6875 0.6946881 0.625 0.5615195 0.6875 0.5615195 0.6875 0.5307598 0.6250001 0.5307598 0.6875 0.5307598 0.6875 0.5222417 0.4888221 0.8125 0.5267627 0.8125 0.5267627 0.75 0.5590506 0.5 0.5590506 0.4375001 0.5590506 0.4375 0.375 0.8125 0.4888221 0.8125 0.488822 0.75 0.625 0.5 0.625 0.5222417 0.6875 0.5222417 0.7500001 0.5 0.75 0.5 0.6875 0.5 0.5590506 0.375 0.5590506 0.4375001 0.625 0.4375 0.25 0.5307598 0.3125 0.5307598 0.3125 0.5222417 0.25 0.5615196 0.3125 0.5615196 0.3125 0.5307598 0.25 0.6666666 0.25 0.7227095 0.3125 0.7227095 0.25 0.6666666 0.3125 0.6666666 0.3125 0.5833333 0.25 0.5615196 0.25 0.5833333 0.3125 0.5833333 0.25 0.75 0.3125 0.75 0.3125 0.7227095 0.4675785 0.1990541 0.5490866 0.25 0.625 0.25 0.625 0.25 0.625 0.1123691 0.4675785 0.1990541 0.625 0.25 0.5490866 0.25 0.5509128 0.5 0.6250001 0.6367507 0.625 0.5 0.5509128 0.5 0.6250001 0.6367507 0.875 0.6376309 0.875 0.5 0.4032431 0.1094031 0.625 0.1123691 0.625 0.08812099 0.625 0.6608436 0.4068171 0.6643308 0.4068171 0.6395044 0 0 0 0 0 0 0.5637755 0.5307598 0.6250001 0.5307598 0.625 0.5615195 0 0 0 0 0 0 0.625 0.6608436 0.6250001 0.6367507 0.875 0.6376309 0 0 0 0 0 0 0.625 0.5 0.5590506 0.5 0.5590506 0.5 0.625 0.7227095 0.625 0.75 0.5267627 0.75 0.375 0.7227095 0.375 0.75 0.3125 0.75 0.375 0.5615196 0.375 0.5833333 0.3125 0.5833333 0.3125 0.5833333 0.375 0.5833333 0.375 0.6666666 0.5165817 0.5307598 0.5637755 0.5307598 0.625 0.5833333 0.375 0.6666666 0.375 0.7227095 0.3125 0.7227095 0.625 0.6946881 0.625 0.7227095 0.5480352 0.7227095 0.375 0.5307598 0.375 0.5615196 0.3125 0.5615196 0.375 0.5222417 0.375 0.5307598 0.3125 0.5307598 0.625 0.5222417 0.6250001 0.5307598 0.5637755 0.5307598 0.5156003 0.5222417 0.5624671 0.5222417 0.5637755 0.5307598 0.5588987 0.5786245 0.5165817 0.5307598 0.5165817 0.5307598 0.5625 0.5833333 0.5458165 0.5615195 0.5591854 0.5789994 0.5458165 0.5615195 0.5458165 0.5615195 0.5591854 0.5789994 0.5588987 0.5786245 0.5165817 0.5307598 0.5625 0.5833333 0.5625 0.5833333 0.5591854 0.5789994 0.5625 0.5833333 0.625 0.6666666 0.5480352 0.7227095 0.5047764 0.7227095 0.5625 0.5833333 0.625 0.5833333 0.625 0.6666666 0.5480352 0.7227095 0.5267627 0.75 0.488822 0.75 0.625 0.4375 0.625 0.5 0.5590506 0.5 0.6874999 0.5 0.625 0.5 0.625 0.5 0.625 0.6666666 0.6875 0.6666666 0.6875 0.6946881 0.5458165 0.5615195 0.5165817 0.5307598 0.5165817 0.5307598 0.375 0.5833333 0.375 0.5833333 0.375 0.6666666 0.5047764 0.7227095 0.488822 0.75 0.488822 0.75 0.375 0.75 0.375 0.75 0.488822 0.75 0.5625 0.6666666 0.5047764 0.7227095 0.5047764 0.7227095 0.375 0.6666666 0.375 0.6666666 0.375 0.7227095 0.5590506 0.5 0.5624671 0.5222417 0.5624671 0.5222417 0.625 0.5 0.625 0.5222417 0.5624671 0.5222417 0.375 0.5222417 0.375 0.5222417 0.5156003 0.5222417 0.5047764 0.7227095 0.488822 0.75 0.375 0.75 0.375 0.5615196 0.5458165 0.5615195 0.5625 0.5833333 0.375 0.5833333 0.5625 0.5833333 0.5625 0.6666666 0.5625 0.6666666 0.5047764 0.7227095 0.375 0.7227095 0.375 0.5307598 0.5165817 0.5307598 0.5458165 0.5615195 0.375 0.5222417 0.5156003 0.5222417 0.5165817 0.5307598 0.375 0.5615196 0.375 0.5615196 0.375 0.5833333 0.6875 0.6666666 0.75 0.6666666 0.75 0.6946881 0.375 0.5307598 0.375 0.5307598 0.375 0.5615196 0.5156003 0.5222417 0.5165817 0.5307598 0.5165817 0.5307598 0.5165817 0.5307598 0.5156003 0.5222417 0.5156003 0.5222417 0.3835209 0.5222417 0.5156003 0.5222417 0.5156003 0.5222417 0.375 0.5222417 0.5156003 0.5222417 0.3856495 0.5222417 0.5156003 0.5222417 0.5156003 0.5222417 0.3856495 0.5222417 0.3835209 0.5222417 0.5156003 0.5222417 0.375 0.5222417 0.375 0.5222417 0.3856495 0.5222417 0.3835209 0.5222417 0.375 0.75 0.375 0.7227095 0.375 0.7227095 0.5625 0.5833333 0.5625 0.6666666 0.5625 0.6666666 0.375 0.5222417 0.375 0.5222417 0.375 0.5307598 0.6874999 0.5 0.7500001 0.5 0.75 0.5222417 0.375 0.8125 0.4888221 0.8125 0.4888221 0.875 0.5590506 0.375 0.5590506 0.375 0.5590506 0.4375001 0.4888221 0.8125 0.5267627 0.8125 0.5267627 0.875 0.75 0.5222417 0.75 0.5307598 0.6875 0.5307598 0.75 0.5307598 0.75 0.5615195 0.6875 0.5615195 0.6875 0.6946881 0.75 0.6946881 0.75 0.7227095 0.75 0.5833333 0.75 0.6666666 0.6875 0.6666666 0.6875 0.5615195 0.75 0.5615195 0.75 0.5833333 0.6875 0.7227095 0.75 0.7227095 0.75 0.75 0.5267627 0.8125 0.625 0.8125 0.625 0.875 0.5590506 0.4375 0.5590506 0.5 0.5130379 0.5 0.5130379 0.4375 0.5130379 0.5 0.375 0.5 0.5130379 0.5 0.5156003 0.5222417 0.375 0.5222417 0.5130379 0.5 0.5590506 0.5 0.5624671 0.5222417 0.375 0.5 0.375 0.5222417 0.3125 0.5222417 0.5156003 0.5222417 0.5156003 0.5222417 0.5624671 0.5222417 0.5267627 0.75 0.625 0.75 0.625 0.8125 0.625 0.7227095 0.6875 0.7227095 0.6875 0.75 0.625 0.5615195 0.6875 0.5615195 0.6875 0.5833333 0.6875 0.5833333 0.6875 0.6666666 0.625 0.6666666 0.625 0.6946881 0.6875 0.6946881 0.6875 0.7227095 0.6250001 0.5307598 0.6875 0.5307598 0.6875 0.5615195 0.625 0.5222417 0.6875 0.5222417 0.6875 0.5307598 0.488822 0.75 0.5267627 0.75 0.5267627 0.8125 0.5590506 0.4375 0.5590506 0.4375001 0.5590506 0.5 0.375 0.75 0.488822 0.75 0.4888221 0.8125 0.625 0.5 0.6874999 0.5 0.6875 0.5222417 0.7500001 0.5 0.6874999 0.5 0.6875 0.5 0.625 0.375 0.625 0.4375 0.5590506 0.4375001 0.3125 0.5222417 0.3125 0.5307598 0.25 0.5307598 0.25 0.5307598 0.3125 0.5307598 0.3125 0.5615196 0.25 0.6666666 0.3125 0.6666666 0.3125 0.7227095 0.25 0.5833333 0.3125 0.5833333 0.3125 0.6666666 0.3125 0.5615196 0.3125 0.5833333 0.25 0.5833333 0.3125 0.7227095 0.3125 0.75 0.25 0.75 0.625 0.25 0.5490866 0.25 0.4675785 0.1990541 0.4675785 0.1990541 0.4032431 0.1094031 0.625 0.1123691 0.625 0.25 0.625 0.5 0.5509128 0.5 0.5509128 0.5 0.625 0.5 0.6250001 0.6367507 0.6250001 0.6367507 0.625 0.5 0.875 0.5 0.4032431 0.1094031 0.4032431 0.08457666 0.625 0.08812099 0.08711361 0.8864342 0.09806215 0.9004744 0.06697434 0.9004744 0.7185873 0.3645052 0.71861 0.3783388 0.7146329 0.3783388 0.7146329 0.3783388 0.7146449 0.3587591 0.7185873 0.3645052 0.8256582 0.6676975 0.8228164 0.6677114 0.8228164 0.6177222 0.3725091 0.8753721 0.3717086 0.8551768 0.3754081 0.8551713 0.7094364 0.7878978 0.7155333 0.7878978 0.7155165 0.7925827 0.5817055 0.1390975 0.5817055 0.1658405 0.5762813 0.1655134 0.4733871 0.8708639 0.4717469 0.8682399 0.4898356 0.8804594 0.5809662 0.4512287 0.5762813 0.4512385 0.5762813 0.4305157 0.8989278 0.7099097 0.8989278 0.6873856 0.9017936 0.687398 0.9404844 0.3564928 0.9388998 0.3564931 0.9391177 0.3483786 0.07158052 0.08085542 0.07158052 0.1409752 0.05774682 0.1409613 0.06656175 0.5664803 0.06656175 0.6635658 0.05774676 0.6635519 0.9404844 0.358658 0.9388406 0.3586583 0.9388568 0.3580942 0.9391177 0.3483786 0.9386627 0.3123643 0.9404844 0.3123627 0.5817055 0.2247291 0.5817055 0.2430449 0.5762813 0.2411658 0.5817055 0.1881096 0.5762813 0.1878071 0.5762813 0.1840788 0.236488 0.647981 0.2283368 0.6480417 0.2441887 0.5512868 0.4536131 0.8844359 0.4576665 0.88986 0.4538844 0.88986 0.0890547 0.01766955 0.08905607 0 0.1154937 0.0145598 0.607604 0.4524458 0.6100108 0.4317854 0.6340321 0.4548753 0.1815078 0.4741097 0.1165444 0.3704621 0.1495993 0.3702435 0.1162156 0.312936 0.1492272 0.31269 0.1495993 0.3702435 0.1815078 0.4741097 0.1979638 0.4655564 0.1980122 0.4715967 0.2441648 0.4656901 0.2516833 0.4621814 0.2519124 0.5008381 0.6297309 0.2358612 0.6297271 0.2594211 0.611967 0.258529 0.6297271 0.2594211 0.629734 0.3245052 0.6119649 0.3239004 0.1154937 0.1956737 0.1484692 0.1954286 0.1486178 0.2184213 0.9250752 0.3123643 0.9332523 0.34838 0.9319116 0.3483732 0.07743692 0.8358589 0.07315593 0.8358604 0.0748071 0.7873235 0.1261324 0.8541032 0.1179845 0.854157 0.1497237 0.8187758 0.629734 0.3245052 0.6340321 0.4548753 0.6100108 0.4317854 0.08859634 0.6635646 0.07901722 0.6635658 0.07901728 0.5664803 0.1578747 0.8187149 0.1497237 0.8187758 0.1718697 0.7706785 0.244247 0.4585153 0.2427986 0.369549 0.2510704 0.3780397 0.08905464 0.2825933 0.1111987 0.2825921 0.1111925 0.3010083 0.6274095 0.8360456 0.6263829 0.8639538 0.6107231 0.8639577 0.1159178 0.2646527 0.1489151 0.2644068 0.1490342 0.2828361 0.1161968 0.3099207 0.1492077 0.3096747 0.1492272 0.31269 0.2416858 0.2177279 0.2415172 0.1947353 0.2677257 0.1945387 0.08905464 0.2136663 0.1111987 0.2136644 0.1111987 0.2366408 0.6297309 0.1407356 0.629734 0.1437349 0.6119669 0.14275 0.8540816 0.6177083 0.8468887 0.5226888 0.8536781 0.5226914 0.1838064 0.6483736 0.1680197 0.6484906 0.183896 0.5517361 0.5791553 0.01132172 0.5762813 0.01133769 0.5762813 3.91098e-5 0.07158046 0.3010089 0.07158046 0.2825933 0.08905464 0.2825933 0.5817055 0.1658405 0.5817279 0.1843724 0.5762813 0.1840788 0.06070047 0.8358604 0.05774676 0.8358465 0.05774676 0.7873097 0.05774676 0.4939027 0.05774676 0.4892991 0.07158046 0.489313 0.2252277 1.59037e-4 0.2400493 5.04395e-5 0.2409963 0.1236719 0.9169703 0.09239947 0.9384183 0.07321971 0.9458935 0.08744513 0.629734 0.1437349 0.629734 0.1703481 0.611967 0.1694561 0.7283149 0.4134003 0.7345795 0.3961316 0.7547997 0.403351 0.3717086 0.8551768 0.3725091 0.8753721 0.344622 0.8751224 0.7283149 0.5871432 0.7287039 0.4910047 0.7693637 0.5074862 0.8228164 0.3587324 0.8246381 0.3587185 0.8251979 0.4049105 0.8228164 0.5227027 0.826625 0.5226888 0.826625 0.6177083 0.8256582 0.6676975 0.826625 0.6177083 0.8540816 0.6177083 0.1996583 0.5516185 0.1982496 0.5012379 0.2437615 0.5008988 0.1492272 0.31269 0.2423768 0.3119959 0.2427986 0.369549 0.1739414 0.1241715 0.2409963 0.1236719 0.2415172 0.1947353 0.1490342 0.2828361 0.2421579 0.2821422 0.2423546 0.3089807 0.8406661 0.4049104 0.8382256 0.3587185 0.8425065 0.358721 0.8640232 0.6177109 0.8762692 0.667684 0.867875 0.6677183 0.9319086 0.3564628 0.9319116 0.3483732 0.9332523 0.34838 0.2420228 0.263713 0.2418543 0.2407205 0.285816 0.2403913 0.1484692 0.1954286 0.2415172 0.1947353 0.2416858 0.2177279 0.1979638 0.4655564 0.244247 0.4585153 0.2441648 0.4656901 0.07158046 0.489313 0.07158046 0.3883442 0.08905464 0.3883442 0.6831628 0.8456466 0.6830857 0.8192057 0.6978806 0.8192204 0.7287039 0.4910047 0.7283149 0.4134003 0.7568471 0.4256508 0.1489151 0.2644068 0.2420228 0.263713 0.2421579 0.2821422 0.08905464 0.3278277 0.08905464 0.3010089 0.1111925 0.3010083 0.629734 0.1703481 0.6297309 0.1887392 0.611967 0.1878474 0.2409963 0.1236719 0.2400493 5.04395e-5 0.2477173 0 0.9404844 0.3580939 0.9388568 0.3580942 0.9388998 0.3564931 0.1179845 0.854157 0.1163513 0.8541691 0.1244322 0.8189643 0.2441887 0.5512868 0.2437615 0.5008988 0.2519124 0.5008381 0.1501924 0.1243485 0.1739414 0.1241715 0.1484692 0.1954286 0.2421579 0.2821422 0.2949861 0.2817485 0.2927234 0.3086054 0.2415172 0.1947353 0.2409963 0.1236719 0.2504659 0.1306113 0.6200448 0.09199434 0.6297329 0.09205102 0.6297309 0.1407356 0.5791553 0.01132172 0.5799808 0 0.6070674 0.008613348 0.1244322 0.8189643 0.1154937 0.8190308 0.1302907 0.7709881 0.183896 0.5517361 0.1821078 0.5013591 0.1982496 0.5012379 0.9319123 0.3586419 0.9319086 0.3580846 0.9332538 0.3580955 0.2090054 0.003359973 0.2252277 1.59037e-4 0.1739414 0.1241715 0.07158046 0.5165078 0.08905464 0.5165078 0.07901728 0.5664803 0.7013875 0.8036225 0.7023808 0.8017315 0.7100336 0.8017348 0.7100336 0.8017348 0.6978806 0.8192204 0.7013875 0.8036225 0.6978806 0.8192204 0.6830857 0.8192057 0.6856136 0.8045832 0.07158052 0.1409752 0.08905464 0.1409752 0.08905464 0.2136663 0.07158046 0.3278277 0.07158046 0.3010089 0.08905464 0.3010089 0.826625 0.6177083 0.826625 0.5226888 0.8468887 0.5226888 0.9386627 0.3123643 0.9391177 0.3483786 0.9332523 0.34838 0.07158046 0.236642 0.07158046 0.2136663 0.08905464 0.2136663 0.07158046 0.489313 0.08905464 0.489313 0.08905464 0.4939166 0.07158046 0.3308407 0.08905464 0.3308407 0.08905464 0.3883442 0.4083233 0.8875807 0.4085947 0.88986 0.4063363 0.88986 0.05774682 0.2366281 0.05774682 0.2136524 0.07158046 0.2136663 0.05774682 0.3278138 0.05774682 0.300995 0.07158046 0.3010089 0.3754081 0.8753858 0.3754081 0.8854293 0.3725342 0.8854246 0.05774682 0.2136524 0.05774682 0.1409613 0.07158052 0.1409752 0.05774676 0.5164939 0.07158046 0.5165078 0.06656175 0.5664803 0.05774682 0.300995 0.05774682 0.2825794 0.07158046 0.2825933 0.6755475 0.7681918 0.6369147 0.759105 0.6433735 0.7330422 0.6830858 0.8592559 0.677639 0.9244984 0.6664287 0.9215592 0.6792729 0.8349053 0.6830858 0.8592559 0.6475875 0.8449075 0.5901183 0.4516022 0.5913135 0.4308834 0.6100108 0.4317854 0.6716471 0.7862039 0.67546 0.8105546 0.6385412 0.7997725 0.6716471 0.7862039 0.6340337 0.7772112 0.6369147 0.759105 0.6823212 0.7421971 0.6433735 0.7330422 0.6440914 0.7301453 0.07315593 0.8358604 0.06070047 0.8358604 0.06235164 0.7873235 0.07901722 0.6635658 0.06656175 0.6635658 0.06656175 0.5664803 0.6119649 0.3239004 0.6100108 0.4317854 0.5913135 0.4308834 0.07158046 0.3278277 0.07158046 0.3308407 0.05774682 0.3308268 0.08905464 0.3883442 0.1111744 0.3883231 0.1111987 0.4892969 0.07736718 0.08084601 0.07555705 0.01766955 0.0890547 0.01766955 0.0890547 0.01766955 0.08905464 0.1409752 0.07736718 0.08084601 0.08905464 0.1409752 0.07158052 0.1409752 0.07736718 0.08084601 0.5922998 0.1397787 0.5922999 0.166507 0.5817055 0.1658405 0.5890923 0.2500041 0.5923151 0.3231048 0.581737 0.3229887 0.5809662 0.4512287 0.5813761 0.4305211 0.5913135 0.4308834 0.5890752 0.2283072 0.5890923 0.2500041 0.5817332 0.2473323 0.5762813 0.4107161 0.5817046 0.4106845 0.5813761 0.4305211 0.5922998 0.1368078 0.5922998 0.1397787 0.5817055 0.1390975 0.5890752 0.1849285 0.5817279 0.1843724 0.5817055 0.1658405 0.5923151 0.3231048 0.5913135 0.4308834 0.5813761 0.4305211 0.2910859 0.4263491 0.3111023 0.4203805 0.3170113 0.4427995 0.8251979 0.4049105 0.8246381 0.3587185 0.8382256 0.3587185 0.5817024 0.3178206 0.5817046 0.4106845 0.5762813 0.4107161 0.5890752 0.1849285 0.5890752 0.2066178 0.5817318 0.2053804 0.397597 0.940597 0.3795491 0.9408012 0.3795491 0.9266725 0.06498497 0.8706905 0.05939054 0.8706852 0.06070047 0.8358604 0.116018 0.2830823 0.1490342 0.2828361 0.1492077 0.3096747 0.0890547 0.01766955 0.1111658 0.01766955 0.1111996 0.1409736 0.08905464 0.489313 0.1111987 0.4892969 0.1111934 0.4939032 0.06631892 0.8706922 0.06498497 0.8706905 0.07315593 0.8358604 0.1163513 0.8541691 0.1157901 0.8541745 0.1154937 0.8190308 0.2420228 0.263713 0.2948647 0.2633187 0.2949861 0.2817485 0.08905464 0.1409752 0.1111996 0.1409736 0.1111987 0.2136644 0.08905464 0.3308407 0.1111987 0.3308394 0.1111744 0.3883231 0.08905464 0.5165078 0.1111671 0.5165078 0.0989536 0.5664788 0.6339662 0.6336018 0.6305825 0.6294447 0.6319175 0.6243509 0.1497237 0.8187758 0.1244322 0.8189643 0.1411584 0.7709074 0.2283368 0.6480417 0.1838064 0.6483736 0.1996583 0.5516185 0.9319086 0.3580846 0.9319086 0.3564628 0.9332538 0.3564944 0.08905607 0 0.0890547 0.01766955 0.07555705 0.01766955 0.9715723 0.5264551 0.9662599 0.5265207 0.966084 0.5128549 0.966084 0.5529626 0.9662599 0.5265207 0.9715723 0.5264551 0.08905464 0.3278277 0.1111987 0.3278264 0.1111987 0.3308394 0.4458381 0.8738415 0.4536131 0.8844359 0.4496572 0.8844392 0.07158046 0.2596177 0.07158046 0.2825933 0.05774682 0.2825794 0.07158046 0.3278277 0.08905464 0.3278277 0.08905464 0.3308407 0.2423546 0.3089807 0.2927234 0.3086054 0.2924829 0.3116311 0.1492077 0.3096747 0.2423546 0.3089807 0.2423768 0.3119959 0.5111815 0.9060278 0.5120022 0.9143512 0.4898357 0.9157267 0.5762813 0.09211122 0.5791553 0.09211128 0.5785624 0.1406091 0.9075422 0.6989266 0.9075373 0.7018107 0.9046715 0.7017677 0.9532987 0.05584901 0.9458935 0.08744513 0.9384183 0.07321971 0.9297219 0.604173 0.9268479 0.6041746 0.9268479 0.5988041 0.9055728 0.2977765 0.9055402 0.3006345 0.8933215 0.3006345 0.8859627 0.5765402 0.9268479 0.576534 0.9268479 0.5988041 0.9046715 0.6988742 0.9046715 0.6873856 0.9075495 0.6873913 0.9268479 0.576534 0.8859627 0.5765402 0.8859583 0.5543387 0.6263829 0.8639538 0.6263983 0.8668317 0.610737 0.8668317 0.9297219 0.604173 0.9297219 0.6193279 0.9268479 0.6193295 0.9055728 0.2977765 0.9207943 0.2977605 0.9207938 0.3006345 0.4714881 0.8962117 0.4733871 0.8708639 0.4898357 0.8819651 0.4891753 0.8688242 0.4898356 0.8804594 0.4717469 0.8682399 0.8365188 0.3478747 0.8393606 0.3478608 0.8393927 0.3541604 0.4631122 0.9080258 0.4576665 0.9043576 0.4651679 0.8945621 0.8859739 0.6041616 0.8859583 0.5988041 0.9268479 0.5988041 0.7631259 0.9241103 0.7638791 0.9140815 0.7667545 0.9148204 0.8859583 0.5988041 0.8859739 0.6041616 0.8762691 0.6042041 0.8762691 0.5988157 0.8762826 0.5765362 0.8859627 0.5765402 0.5817055 0.1390975 0.5762813 0.138763 0.5762813 0.1357893 0.9268479 0.576534 0.9268479 0.5530715 0.9297219 0.5530949 0.03144943 0.8710714 0.03143876 0.9367367 0.02955842 0.8710189 0.03143876 0.9367367 0.01572471 0.9363359 0.02040672 0.870808 0.02955842 0.8710189 0.03143876 0.9367367 0.02040672 0.870808 0.1908465 0.8716896 0.1991361 0.8541746 0.2096629 0.8717477 0.1991361 0.8541746 0.2068483 0.8541991 0.2096629 0.8717477 0.2096629 0.8717477 0.2402644 0.9335575 0.1751117 0.9374164 0.2402644 0.9335575 0.2402562 0.937515 0.1751117 0.9374164 0.1751117 0.9374164 0.1750663 0.8716994 0.1908465 0.8716896 0.8581911 0.3419109 0.8250594 0.3478608 0.8250594 0.2596468 0.1475593 0.8549438 0.1750663 0.8541746 0.1750621 0.9417715 0.1750621 0.9417715 0.14528 0.9400032 0.1475593 0.8549438 0.2418543 0.2407205 0.2416858 0.2177279 0.2767677 0.2174649 0.5817055 0.2430449 0.5817024 0.3178206 0.5762813 0.3177714 0.7527523 0.3810513 0.7408454 0.3788599 0.7471048 0.3616059 0.7345795 0.3961316 0.7408454 0.3788599 0.7527523 0.3810513 0.07158046 0.236642 0.07158046 0.2596177 0.05774682 0.2596037 0.05774682 0.3883601 0.07158046 0.3883442 0.07158046 0.489313 0.7070403 0.7925798 0.7155165 0.7925827 0.7100336 0.8017348 0.07158046 0.2825933 0.07158046 0.2596177 0.08905464 0.2596177 0.07158046 0.2596177 0.07158046 0.236642 0.08905464 0.236642 0.08905464 0.2596177 0.1111988 0.2596164 0.1111987 0.2825921 0.67546 0.8105546 0.6792729 0.8349053 0.6430486 0.8223336 0.1487665 0.2414141 0.2418543 0.2407205 0.2420228 0.263713 0.1486178 0.2184213 0.2416858 0.2177279 0.2418543 0.2407205 0.3943861 0.9670751 0.3795491 0.9408012 0.397597 0.940597 0.1157763 0.2416599 0.1487665 0.2414141 0.1489151 0.2644068 0.1156347 0.2186672 0.1486178 0.2184213 0.1487665 0.2414141 0.6297309 0.1887392 0.6297309 0.2123007 0.611967 0.211408 0.5890752 0.2066178 0.5890752 0.2283072 0.5817325 0.2263563 0.5817055 0.1881096 0.5817055 0.2064101 0.5762813 0.2055932 0.5817055 0.2064101 0.5817055 0.2247291 0.5762813 0.2233794 0.6297309 0.2123007 0.6297309 0.2358612 0.611967 0.2349684 0.08905464 0.236642 0.1111987 0.2366408 0.1111988 0.2596164 0.9055728 0.2977765 0.9053733 0.253266 0.9206265 0.2568709 0.9268479 0.6041746 0.9268479 0.6193295 0.8859765 0.6193299 0.8697938 0.7065333 0.8701848 0.7111432 0.8256743 0.7064037 0.7025833 0.9318684 0.6971625 0.9317166 0.6971625 0.8456501 0.6971625 0.8456501 0.7112027 0.8461903 0.7112392 0.9321258 0.3407564 0.862258 0.344622 0.927381 0.3250423 0.9273701 0.7693637 0.7111444 0.7846403 0.7111432 0.7846497 0.790352 0.1979638 0.4655564 0.1495993 0.3702435 0.2427986 0.369549 0.9268479 0.576534 0.9297219 0.5765323 0.9297219 0.5988025 0.7283148 0.4381268 0.71861 0.4380994 0.7222305 0.3590437 0.05774682 0.3308268 0.07158046 0.3308407 0.07158046 0.3883442 0.406329 0.8875789 0.4061942 0.8541746 0.4084267 0.8600738 0.5791553 0.09211128 0.6200448 0.09199434 0.6119667 0.1397151 0.4458381 0.8738415 0.4429369 0.8757833 0.4084267 0.8600738 0.3754081 0.8854293 0.3754081 0.8867701 0.3725342 0.8867644 0.3725342 0.91043 0.3725342 0.8867644 0.3754081 0.8867701 0.3754081 0.8867701 0.3754081 0.9106988 0.3725342 0.91043 0.6123853 0.8233437 0.6325712 0.8211227 0.6274095 0.8360456 0.4909288 0.9074689 0.4918304 0.855948 0.5120022 0.8541746 0.2791932 0.371316 0.2992259 0.368416 0.3111023 0.4203805 0.9291874 0.006963551 0.9532987 0.05584901 0.9453547 0.05433875 0.9291874 0.006963551 0.9205639 0.01134312 0.9169703 0.004513859 0.2770946 0.3633632 0.2982241 0.3600018 0.2992259 0.368416 0.6070674 0.02022826 0.6070674 0.008613348 0.6270223 0.03091216 0.6197693 0.03236269 0.6270223 0.03091216 0.6297333 0.08358186 0.9268479 0.6193295 0.9268479 0.6873852 0.8859765 0.6873855 0.9297219 0.6193279 0.9297219 0.6873835 0.9268479 0.6873852 0.7846403 0.7111432 0.8531811 0.7111432 0.8344396 0.790352 0.5673583 0.8258842 0.5695501 0.8651967 0.5644843 0.8651828 0.8738888 0.1681507 0.8760807 0.1288878 0.9169703 0.1336433 0.8710148 0.1681646 0.8738888 0.1681507 0.8738888 0.2532521 0.8738888 0.2532521 0.8738888 0.1681507 0.9147784 0.1729063 0.5695501 0.8651967 0.6104397 0.8604351 0.6028206 0.9109797 0.8760807 0.1288878 0.8768763 0.07840681 0.9093512 0.08316242 0.5673583 0.8258842 0.6082478 0.8211227 0.6104397 0.8604351 0.8738888 0.1681507 0.8710148 0.1681646 0.8710148 0.1289017 0.8344396 0.790352 0.834434 0.8297526 0.7846442 0.8297526 0.5724205 0.9157413 0.6028206 0.9109797 0.5940326 0.990952 0.8768763 0.07840681 0.8770337 0 0.9005632 0.004755616 0.7846442 0.8297526 0.834434 0.8297526 0.8344761 0.8801441 0.8760807 0.1288878 0.8710148 0.1289017 0.8710148 0.07842069 0.5695501 0.8651967 0.5724205 0.9157413 0.5644843 0.9157273 0.9209621 0.2767956 0.9707216 0.2767956 0.9707211 0.2828143 0.9207943 0.253266 0.9705538 0.253266 0.9707216 0.2767956 0.8344761 0.8801441 0.8470445 0.9593585 0.7972547 0.9593585 0.8768763 0.07840681 0.8710148 0.07842069 0.8710148 1.39243e-5 0.5644843 0.9157273 0.5724205 0.9157413 0.5705031 0.9957135 0.2510704 0.3780397 0.2427986 0.369549 0.2561739 0.3754587 0.2427986 0.369549 0.2761297 0.3506537 0.2770946 0.3633632 0.6297329 0.09205102 0.6200448 0.09199434 0.6200768 0.08363521 0.2982241 0.3600018 0.2770946 0.3633632 0.2761297 0.3506537 0.2761297 0.3506537 0.2427986 0.369549 0.2423768 0.3119959 0.4898357 0.9260268 0.4631122 0.9080258 0.4897726 0.9087802 0.4631122 0.9080258 0.4714881 0.8962117 0.4898219 0.9085526 0.5074985 0.9544727 0.4978331 0.9477204 0.5035123 0.9477328 0.7184657 0.4708194 0.7139917 0.4715968 0.7148811 0.4638252 0.7638791 0.9140815 0.7634701 0.9203946 0.7604841 0.927958 0.2585102 0.4575789 0.2653596 0.4575473 0.2653809 0.4606368 0.867875 0.6677183 0.8697938 0.7065333 0.8256716 0.6998515 0.8762692 0.667684 0.8762685 0.7062574 0.8697938 0.7065333 0.3754081 0.9106988 0.3754081 0.9259718 0.3725663 0.9259735 0.08905464 0.4939166 0.1111934 0.4939032 0.1111671 0.5165078 0.07158046 0.4939166 0.08905464 0.4939166 0.08905464 0.5165078 0.1980122 0.4715967 0.2441648 0.4656901 0.2437615 0.5008988 0.05774676 0.5164939 0.05774676 0.4939027 0.07158046 0.4939166 0.244247 0.4585153 0.2516609 0.4576106 0.2516833 0.4621814 0.1816094 0.4787225 0.1980122 0.4715967 0.1982496 0.5012379 0.6305824 0.4554682 0.6313481 0.4554131 0.6313481 0.4822751 0.7638791 0.9140815 0.7615959 0.9052486 0.7669798 0.9068071 0.7634701 0.9203946 0.766558 0.9204996 0.7662414 0.9281535 0.4978331 0.9477204 0.4898357 0.9456728 0.5111818 0.9457192 0.8845421 0.7100359 0.8848484 0.6886789 0.8903021 0.6873855 0.6330512 0.9846881 0.6104397 0.9848539 0.6104397 0.9549071 0.5120022 0.8841775 0.5120022 0.8541746 0.5177473 0.8545287 0.7131022 0.3982982 0.7186101 0.3979592 0.7186101 0.4279619 0.4916048 0.9441092 0.5094127 0.9441479 0.5111818 0.9457192 0.4916048 0.917298 0.4898357 0.9157267 0.5111818 0.9157731 0.4916048 0.9441092 0.4898357 0.9456728 0.4898357 0.9157267 0.5094127 0.9173367 0.5111818 0.9157731 0.5111818 0.9457192 0.6518417 0.9938813 0.6340337 0.9938426 0.6340337 0.9670314 0.6305825 0.6165389 0.6305825 0.5987201 0.6313414 0.5987206 0.6305825 0.5361092 0.6305825 0.5092473 0.6313472 0.5093026 0.6313466 0.5630819 0.6313466 0.5809008 0.6305825 0.5809004 0.7669798 0.9342948 0.7623728 0.9341391 0.7631259 0.9241103 0.7131022 0.4793685 0.7139917 0.4715968 0.7184657 0.4708194 0.2516609 0.4576106 0.2585102 0.4575789 0.2585321 0.4614092 0.5172136 0.9551415 0.5171639 0.9612249 0.5074985 0.9544727 0.05939054 0.8706852 0.05774676 0.8706837 0.05774676 0.8358465 0.9388568 0.3580942 0.9332538 0.3580955 0.9332538 0.3564944 0.9388406 0.3586583 0.9332462 0.3586596 0.9332538 0.3580955 0.9388998 0.3564931 0.9332538 0.3564944 0.9332523 0.34838 0.08711361 0.8864342 0.05361592 0.8706923 0.06697434 0.9004744 0.7146329 0.3783388 0.71861 0.3783388 0.7185873 0.3645052 0.7185873 0.3645052 0.7185959 0.3587185 0.7146449 0.3587591 0.8228164 0.6177222 0.8228164 0.6677114 0.8256582 0.6676975 0.3725091 0.8753721 0.3754081 0.8753858 0.3754081 0.8551713 0.7094364 0.7878978 0.7070403 0.7925798 0.7155165 0.7925827 0.5817055 0.1390975 0.5762813 0.138763 0.5762813 0.1655134 0.4898356 0.8804594 0.4717469 0.8682399 0.4733871 0.8708639 0.5809662 0.4512287 0.5813761 0.4305211 0.5762813 0.4305157 0.9017936 0.687398 0.8989278 0.6873856 0.8989278 0.7099097 0.9404844 0.3564928 0.9404844 0.3483783 0.9391177 0.3483786 0.07158052 0.08085542 0.05774682 0.08083194 0.05774682 0.1409613 0.06656175 0.5664803 0.05774676 0.5664664 0.05774676 0.6635519 0.9404844 0.358658 0.9404844 0.3580939 0.9388568 0.3580942 0.9391177 0.3483786 0.9404844 0.3483783 0.9404844 0.3123627 0.5817055 0.2247291 0.5762813 0.2233794 0.5762813 0.2411658 0.5762813 0.1840788 0.5762813 0.1878071 0.5817055 0.1881096 0.2441887 0.5512868 0.2283368 0.6480417 0.236488 0.647981 0.4538844 0.88986 0.4576665 0.88986 0.4536131 0.8844359 0.0890547 0.01766955 0.1111658 0.01766955 0.1154937 0.0145598 0.6340321 0.4548753 0.6100108 0.4317854 0.607604 0.4524458 0.1815078 0.4741097 0.1979638 0.4655564 0.1495993 0.3702435 0.1495993 0.3702435 0.1492272 0.31269 0.1162156 0.312936 0.1980122 0.4715967 0.1979638 0.4655564 0.1815078 0.4741097 0.2441648 0.4656901 0.2437615 0.5008988 0.2519124 0.5008381 0.6297309 0.2358612 0.611967 0.2349684 0.611967 0.258529 0.6297271 0.2594211 0.611967 0.258529 0.6119649 0.3239004 0.1486178 0.2184213 0.1484692 0.1954286 0.1154937 0.1956737 0.9250752 0.3123643 0.9207943 0.3124009 0.9319116 0.3483732 0.0748071 0.7873235 0.07315593 0.8358604 0.07743692 0.8358589 0.1497237 0.8187758 0.1179845 0.854157 0.1261324 0.8541032 0.629734 0.3245052 0.6119649 0.3239004 0.6100108 0.4317854 0.07901728 0.5664803 0.07901722 0.6635658 0.08859634 0.6635646 0.1718697 0.7706785 0.1497237 0.8187758 0.1578747 0.8187149 0.2510704 0.3780397 0.2427986 0.369549 0.244247 0.4585153 0.1111925 0.3010083 0.1111987 0.2825921 0.08905464 0.2825933 0.6274095 0.8360456 0.6104397 0.8360456 0.6107231 0.8639577 0.1490342 0.2828361 0.1489151 0.2644068 0.1159178 0.2646527 0.1492272 0.31269 0.1492077 0.3096747 0.1161968 0.3099207 0.2416858 0.2177279 0.2767677 0.2174649 0.2677257 0.1945387 0.1111987 0.2366408 0.1111987 0.2136644 0.08905464 0.2136663 0.6297309 0.1407356 0.6119667 0.1397151 0.6119669 0.14275 0.8540816 0.6177083 0.8640232 0.6177109 0.8536781 0.5226914 0.183896 0.5517361 0.1680197 0.6484906 0.1838064 0.6483736 0.5791553 0.01132172 0.5799808 0 0.5762813 3.91098e-5 0.07158046 0.3010089 0.08905464 0.3010089 0.08905464 0.2825933 0.5817055 0.1658405 0.5762813 0.1655134 0.5762813 0.1840788 0.05774676 0.7873097 0.05774676 0.8358465 0.06070047 0.8358604 0.05774676 0.4939027 0.07158046 0.4939166 0.07158046 0.489313 0.2409963 0.1236719 0.2400493 5.04395e-5 0.2252277 1.59037e-4 0.9169703 0.09239947 0.9290191 0.1152837 0.9458935 0.08744513 0.629734 0.1437349 0.6119669 0.14275 0.611967 0.1694561 0.7547997 0.403351 0.7345795 0.3961316 0.7283149 0.4134003 0.3717086 0.8551768 0.344622 0.8541746 0.344622 0.8751224 0.7693637 0.5074862 0.7287039 0.4910047 0.7283149 0.5871432 0.8251977 0.4049103 0.8246381 0.3587185 0.8228164 0.3587324 0.826625 0.6177083 0.826625 0.5226888 0.8228164 0.5227027 0.8256582 0.6676975 0.867875 0.6677183 0.8540816 0.6177083 0.1996583 0.5516185 0.2441887 0.5512868 0.2437615 0.5008988 0.2427986 0.369549 0.2423768 0.3119959 0.1492272 0.31269 0.2415172 0.1947353 0.2409963 0.1236719 0.1739414 0.1241715 0.2423546 0.3089807 0.2421579 0.2821422 0.1490342 0.2828361 0.8406661 0.4049104 0.8456537 0.4049129 0.8425065 0.358721 0.8640232 0.6177109 0.8540816 0.6177083 0.867875 0.6677183 0.9332523 0.34838 0.9319116 0.3483732 0.9319086 0.3564628 0.2420228 0.263713 0.2948647 0.2633187 0.285816 0.2403913 0.2416858 0.2177279 0.2415172 0.1947353 0.1484692 0.1954286 0.2441648 0.4656901 0.244247 0.4585153 0.1979638 0.4655564 0.07158046 0.489313 0.08905464 0.489313 0.08905464 0.3883442 0.6831628 0.8456466 0.6979756 0.8456502 0.6978806 0.8192204 0.7568471 0.4256508 0.7283149 0.4134003 0.7287039 0.4910047 0.2421579 0.2821422 0.2420228 0.263713 0.1489151 0.2644068 0.08905464 0.3278277 0.1111987 0.3278264 0.1111925 0.3010083 0.629734 0.1703481 0.611967 0.1694561 0.611967 0.1878474 0.2409963 0.1236719 0.2504659 0.1306113 0.2477173 0 0.9404844 0.3580939 0.9404844 0.3564928 0.9388998 0.3564931 0.1244322 0.8189643 0.1163513 0.8541691 0.1179845 0.854157 0.2441887 0.5512868 0.25234 0.551226 0.2519124 0.5008381 0.1484692 0.1954286 0.1739414 0.1241715 0.1501924 0.1243485 0.2927234 0.3086054 0.2949861 0.2817485 0.2421579 0.2821422 0.2415172 0.1947353 0.2677257 0.1945387 0.2504659 0.1306113 0.6200448 0.09199434 0.6119667 0.1397151 0.6297309 0.1407356 0.6070674 0.008613348 0.5799808 0 0.5791553 0.01132172 0.1302907 0.7709881 0.1154937 0.8190308 0.1244322 0.8189643 0.183896 0.5517361 0.1996583 0.5516185 0.1982496 0.5012379 0.9332538 0.3580955 0.9319086 0.3580846 0.9319123 0.3586419 0.1739414 0.1241715 0.2252277 1.59037e-4 0.2090054 0.003359973 0.07901728 0.5664803 0.08905464 0.5165078 0.07158046 0.5165078 0.7100336 0.8017348 0.7023808 0.8017315 0.7013875 0.8036225 0.7013875 0.8036225 0.6856136 0.8045832 0.6978806 0.8192204 0.6856136 0.8045832 0.6830857 0.8192057 0.6978806 0.8192204 0.08905464 0.2136663 0.08905464 0.1409752 0.07158052 0.1409752 0.08905464 0.3278277 0.08905464 0.3010089 0.07158046 0.3010089 0.826625 0.6177083 0.8540816 0.6177083 0.8468887 0.5226888 0.9332523 0.34838 0.9391177 0.3483786 0.9386627 0.3123643 0.08905464 0.236642 0.08905464 0.2136663 0.07158046 0.2136663 0.08905464 0.4939166 0.08905464 0.489313 0.07158046 0.489313 0.08905464 0.3883442 0.08905464 0.3308407 0.07158046 0.3308407 0.4063363 0.88986 0.4085947 0.88986 0.4083233 0.8875807 0.05774682 0.2366281 0.07158046 0.236642 0.07158046 0.2136663 0.05774682 0.3278138 0.07158046 0.3278277 0.07158046 0.3010089 0.3754081 0.8753858 0.3725091 0.8753721 0.3725342 0.8854246 0.05774682 0.2136524 0.07158046 0.2136663 0.07158052 0.1409752 0.06656175 0.5664803 0.07158046 0.5165078 0.05774676 0.5164939 0.05774682 0.300995 0.07158046 0.3010089 0.07158046 0.2825933 0.6433735 0.7330422 0.6369147 0.759105 0.6755475 0.7681918 0.6830858 0.8592559 0.6475875 0.8449075 0.6664287 0.9215592 0.6792729 0.8349053 0.6430486 0.8223336 0.6475875 0.8449075 0.6100108 0.4317854 0.5913135 0.4308834 0.5901183 0.4516022 0.6716471 0.7862039 0.6340337 0.7772112 0.6385412 0.7997725 0.6369147 0.759105 0.6340337 0.7772112 0.6716471 0.7862039 0.6440914 0.7301453 0.6433735 0.7330422 0.6823212 0.7421971 0.06235164 0.7873236 0.06070047 0.8358604 0.07315593 0.8358604 0.07901728 0.5664803 0.06656175 0.5664803 0.06656175 0.6635658 0.6119649 0.3239004 0.5923151 0.3231048 0.5913135 0.4308834 0.07158046 0.3278277 0.05774682 0.3278138 0.05774682 0.3308268 0.1111987 0.4892969 0.1111744 0.3883231 0.08905464 0.3883442 0.07736718 0.08084601 0.07158052 0.08085542 0.07158052 0.1409752 0.07158052 0.1409752 0.08905464 0.1409752 0.07736718 0.08084601 0.08905464 0.1409752 0.0890547 0.01766955 0.07736718 0.08084601 0.5922998 0.1397787 0.5817055 0.1390975 0.5817055 0.1658405 0.5890923 0.2500041 0.5817332 0.2473323 0.581737 0.3229887 0.5913135 0.4308834 0.5813761 0.4305211 0.5809662 0.4512287 0.5890752 0.2283072 0.5817325 0.2263563 0.5817332 0.2473323 0.5813761 0.4305211 0.5817046 0.4106845 0.5762813 0.4107161 0.5922998 0.1368078 0.5817055 0.1360971 0.5817055 0.1390975 0.5817055 0.1658405 0.5817279 0.1843724 0.5890752 0.1849285 0.5923151 0.3231048 0.581737 0.3229887 0.5813761 0.4305211 0.2910859 0.4263491 0.2970222 0.4516636 0.3170113 0.4427995 0.8251977 0.4049103 0.8406661 0.4049104 0.8382256 0.3587185 0.5817024 0.3178206 0.5762813 0.3177714 0.5762813 0.4107161 0.5890752 0.1849285 0.5817279 0.1843724 0.5817318 0.2053804 0.397597 0.940597 0.3976082 0.9259735 0.3795491 0.9266725 0.06070047 0.8358604 0.05939054 0.8706852 0.06498497 0.8706905 0.1492077 0.3096747 0.1490342 0.2828361 0.116018 0.2830823 0.1111996 0.1409736 0.1111658 0.01766955 0.0890547 0.01766955 0.1111934 0.4939032 0.1111987 0.4892969 0.08905464 0.489313 0.07315593 0.8358604 0.06498497 0.8706905 0.06631892 0.8706922 0.1154937 0.8190308 0.1157901 0.8541745 0.1163513 0.8541691 0.2949861 0.2817485 0.2948647 0.2633187 0.2420228 0.263713 0.1111987 0.2136644 0.1111996 0.1409736 0.08905464 0.1409752 0.1111744 0.3883231 0.1111987 0.3308394 0.08905464 0.3308407 0.0989536 0.5664788 0.1111671 0.5165078 0.08905464 0.5165078 0.6339662 0.6336018 0.6339662 0.6165395 0.6319175 0.6243509 0.1411584 0.7709074 0.1244322 0.8189643 0.1497237 0.8187758 0.1996583 0.5516185 0.1838064 0.6483736 0.2283368 0.6480417 0.9332538 0.3564944 0.9319086 0.3564628 0.9319086 0.3580846 0.07555705 0.01766955 0.0890547 0.01766955 0.08905607 0 0.966084 0.5128549 0.9662599 0.5265207 0.9715723 0.5264551 0.966084 0.5529626 0.9713838 0.5528981 0.9715723 0.5264551 0.1111987 0.3308394 0.1111987 0.3278264 0.08905464 0.3278277 0.4496572 0.8844392 0.4536131 0.8844359 0.4458381 0.8738415 0.05774682 0.2825794 0.07158046 0.2825933 0.07158046 0.2596177 0.08905464 0.3308407 0.08905464 0.3278277 0.07158046 0.3278277 0.2924829 0.3116311 0.2927234 0.3086054 0.2423546 0.3089807 0.2423768 0.3119959 0.2423546 0.3089807 0.1492077 0.3096747 0.5111815 0.9060278 0.4909288 0.9074689 0.4898357 0.9157267 0.5762813 0.09211122 0.5762813 0.1406502 0.5785624 0.1406091 0.9075422 0.6989266 0.9046715 0.6988742 0.9046715 0.7017677 0.9384183 0.07321971 0.9458935 0.08744513 0.9532987 0.05584901 0.9297219 0.604173 0.9297219 0.5988025 0.9268479 0.5988041 0.9055728 0.2977765 0.8932915 0.2977605 0.8933215 0.3006345 0.9268479 0.5988041 0.9268479 0.576534 0.8859627 0.5765402 0.9075495 0.6873913 0.9046715 0.6873856 0.9046715 0.6988742 0.9268479 0.576534 0.9268479 0.5530715 0.8859583 0.5543387 0.6263829 0.8639538 0.6107231 0.8639577 0.610737 0.8668317 0.9268479 0.6193295 0.9297219 0.6193279 0.9297219 0.604173 0.9207938 0.3006345 0.9207943 0.2977605 0.9055728 0.2977765 0.4898357 0.8819651 0.4733871 0.8708639 0.4714881 0.8962117 0.4891753 0.8688242 0.4678492 0.8541745 0.4717469 0.8682399 0.8393927 0.3541604 0.8393606 0.3478608 0.8365188 0.3478747 0.4651679 0.8945621 0.4576665 0.9043576 0.4631122 0.9080258 0.9268479 0.5988041 0.8859583 0.5988041 0.8859739 0.6041616 0.7667545 0.9148204 0.7638791 0.9140815 0.7631259 0.9241103 0.8859583 0.5988041 0.8762691 0.5988157 0.8762691 0.6042041 0.8859627 0.5765402 0.8762826 0.5765362 0.8762691 0.5988157 0.5762813 0.1357893 0.5762813 0.138763 0.5817055 0.1390975 0.9297219 0.5530949 0.9268479 0.5530715 0.9268479 0.576534 0.01572471 0.9363359 0.03143876 0.9367367 0.02040672 0.870808 0.03143876 0.9367367 0.03144943 0.8710714 0.02955842 0.8710189 0.02955842 0.8710189 0.02040672 0.870808 0.03143876 0.9367367 0.2068483 0.8541991 0.1991361 0.8541746 0.2096629 0.8717477 0.1991361 0.8541746 0.1908465 0.8716896 0.2096629 0.8717477 0.1908465 0.8716896 0.1750663 0.8716994 0.1751117 0.9374164 0.1751117 0.9374164 0.2402562 0.937515 0.2402644 0.9335575 0.1751117 0.9374164 0.2402644 0.9335575 0.2096629 0.8717477 0.8250594 0.2596468 0.8250594 0.3478608 0.8581911 0.3419109 0.1475593 0.8549438 0.14528 0.8549338 0.14528 0.9400032 0.14528 0.9400032 0.1750621 0.9417715 0.1475593 0.8549438 0.2418543 0.2407205 0.285816 0.2403913 0.2767677 0.2174649 0.5817055 0.2430449 0.5762813 0.2411658 0.5762813 0.3177714 0.7527523 0.3810513 0.7507063 0.3587185 0.7471048 0.3616059 0.7527523 0.3810513 0.7408454 0.3788599 0.7345795 0.3961316 0.07158046 0.236642 0.05774682 0.2366281 0.05774682 0.2596037 0.07158046 0.489313 0.07158046 0.3883442 0.05774682 0.3883601 0.7070403 0.7925798 0.7023808 0.8017315 0.7100336 0.8017348 0.07158046 0.2825933 0.08905464 0.2825933 0.08905464 0.2596177 0.08905464 0.2596177 0.08905464 0.236642 0.07158046 0.236642 0.1111987 0.2825921 0.1111988 0.2596164 0.08905464 0.2596177 0.67546 0.8105546 0.6385412 0.7997725 0.6430486 0.8223336 0.2420228 0.263713 0.2418543 0.2407205 0.1487665 0.2414141 0.2418543 0.2407205 0.2416858 0.2177279 0.1486178 0.2184213 0.397597 0.940597 0.3795491 0.9408012 0.3943861 0.9670751 0.1489151 0.2644068 0.1487665 0.2414141 0.1157763 0.2416599 0.1487665 0.2414141 0.1486178 0.2184213 0.1156347 0.2186672 0.6297309 0.1887392 0.611967 0.1878474 0.611967 0.211408 0.5890752 0.2066178 0.5817318 0.2053804 0.5817325 0.2263563 0.5817055 0.1881096 0.5762813 0.1878071 0.5762813 0.2055932 0.5817055 0.2064101 0.5762813 0.2055932 0.5762813 0.2233794 0.6297309 0.2123007 0.611967 0.211408 0.611967 0.2349684 0.1111988 0.2596164 0.1111987 0.2366408 0.08905464 0.236642 0.9055728 0.2977765 0.9207943 0.2977605 0.9206265 0.2568709 0.8859765 0.6193299 0.9268479 0.6193295 0.9268479 0.6041746 0.8697938 0.7065333 0.8256716 0.6998515 0.8256743 0.7064037 0.7025833 0.9318684 0.7112392 0.9321258 0.6971625 0.8456501 0.7112392 0.9321258 0.7112027 0.8461903 0.6971625 0.8456501 0.3407564 0.862258 0.3250423 0.8541745 0.3250423 0.9273701 0.7693637 0.7111444 0.7693699 0.790458 0.7846497 0.790352 0.1979638 0.4655564 0.244247 0.4585153 0.2427986 0.369549 0.9297219 0.5988025 0.9297219 0.5765323 0.9268479 0.576534 0.7283148 0.4381268 0.728314 0.3587185 0.7222305 0.3590437 0.05774682 0.3308268 0.05774682 0.3883601 0.07158046 0.3883442 0.4084267 0.8600738 0.4061942 0.8541746 0.406329 0.8875789 0.5791553 0.09211128 0.5785624 0.1406091 0.6119667 0.1397151 0.4084267 0.8600738 0.4429369 0.8757833 0.4458381 0.8738415 0.3725342 0.8867644 0.3754081 0.8867701 0.3754081 0.8854293 0.3754081 0.8867701 0.3725342 0.8867644 0.3725342 0.91043 0.3725342 0.91043 0.3725342 0.9106551 0.3754081 0.9106988 0.6123853 0.8233437 0.6104397 0.8360456 0.6274095 0.8360456 0.5120022 0.8541746 0.4918304 0.855948 0.4909288 0.9074689 0.2791932 0.371316 0.2910859 0.4263491 0.3111023 0.4203805 0.9453547 0.05433875 0.9532987 0.05584901 0.9291874 0.006963551 0.9291874 0.006963551 0.9255335 0 0.9169703 0.004513859 0.2992259 0.368416 0.2982241 0.3600018 0.2770946 0.3633632 0.6270223 0.03091216 0.6070674 0.008613348 0.6070674 0.02022826 0.6297333 0.08358186 0.6270223 0.03091216 0.6197693 0.03236269 0.8859765 0.6873855 0.9268479 0.6873852 0.9268479 0.6193295 0.9268479 0.6873852 0.9297219 0.6873835 0.9297219 0.6193279 0.8344396 0.790352 0.8531811 0.7111432 0.7846403 0.7111432 0.5644843 0.8651828 0.5695501 0.8651967 0.5673583 0.8258842 0.9169703 0.1336433 0.8760807 0.1288878 0.8738888 0.1681507 0.8738888 0.2532521 0.8738888 0.1681507 0.8710148 0.1681646 0.8738888 0.2532521 0.9147602 0.2532489 0.9147784 0.1729063 0.5695501 0.8651967 0.5724205 0.9157413 0.6028206 0.9109797 0.9093512 0.08316242 0.8768763 0.07840681 0.8760807 0.1288878 0.5673583 0.8258842 0.5695501 0.8651967 0.6104397 0.8604351 0.8738888 0.1681507 0.8760807 0.1288878 0.8710148 0.1289017 0.7846442 0.8297526 0.834434 0.8297526 0.8344396 0.790352 0.5724205 0.9157413 0.5705031 0.9957135 0.5940326 0.990952 0.9005632 0.004755616 0.8770337 0 0.8768763 0.07840681 0.7846442 0.8297526 0.7846863 0.8801441 0.8344761 0.8801441 0.8760807 0.1288878 0.8768763 0.07840681 0.8710148 0.07842069 0.5644843 0.9157273 0.5724205 0.9157413 0.5695501 0.8651967 0.9209616 0.2828143 0.9707211 0.2828143 0.9707216 0.2767956 0.9209621 0.2767956 0.9707216 0.2767956 0.9705538 0.253266 0.7972547 0.9593585 0.8470445 0.9593585 0.8344761 0.8801441 0.8768763 0.07840681 0.8770337 0 0.8710148 1.39243e-5 0.5644843 0.9157273 0.5644843 0.9956997 0.5705031 0.9957135 0.2761297 0.3506537 0.2427986 0.369549 0.2770946 0.3633632 0.2427986 0.369549 0.2510704 0.3780397 0.2561739 0.3754587 0.6297329 0.09205102 0.6297333 0.08358186 0.6200768 0.08363521 0.2982241 0.3600018 0.2924829 0.3116311 0.2761297 0.3506537 0.2761297 0.3506537 0.2924829 0.3116311 0.2423768 0.3119959 0.4714881 0.8962117 0.4631122 0.9080258 0.4898219 0.9085526 0.4631122 0.9080258 0.4898357 0.9260268 0.4897726 0.9087802 0.5035123 0.9477328 0.4978331 0.9477204 0.5074985 0.9544727 0.7184657 0.4708194 0.7184657 0.4586428 0.7148811 0.4638252 0.7638791 0.9140815 0.7615959 0.9052486 0.7604841 0.927958 0.2653809 0.4606368 0.2653596 0.4575473 0.2585102 0.4575789 0.867875 0.6677183 0.8256582 0.6676975 0.8256716 0.6998515 0.8762692 0.667684 0.867875 0.6677183 0.8697938 0.7065333 0.3754081 0.9106988 0.3725342 0.9106551 0.3725663 0.9259735 0.1111671 0.5165078 0.1111934 0.4939032 0.08905464 0.4939166 0.08905464 0.5165078 0.08905464 0.4939166 0.07158046 0.4939166 0.2437615 0.5008988 0.2441648 0.4656901 0.1980122 0.4715967 0.05774676 0.5164939 0.07158046 0.5165078 0.07158046 0.4939166 0.244247 0.4585153 0.2441648 0.4656901 0.2516833 0.4621814 0.1982496 0.5012379 0.1980122 0.4715967 0.1816094 0.4787225 0.6313481 0.4822751 0.6313481 0.4554131 0.6305824 0.4554682 0.7669798 0.9068071 0.7615959 0.9052486 0.7638791 0.9140815 0.7634701 0.9203946 0.7604841 0.927958 0.7662414 0.9281535 0.5111818 0.9457192 0.4898357 0.9456728 0.4978331 0.9477204 0.8903021 0.6873855 0.8848484 0.6886789 0.8845421 0.7100359 0.6330512 0.9846881 0.6330512 0.9547412 0.6104397 0.9549071 0.5177473 0.8545287 0.5120022 0.8541746 0.5120022 0.8841775 0.7131022 0.3982982 0.7131022 0.428301 0.7186101 0.4279619 0.4916048 0.9441092 0.4898357 0.9456728 0.5111818 0.9457192 0.5111818 0.9157731 0.4898357 0.9157267 0.4916048 0.917298 0.4898357 0.9157267 0.4898357 0.9456728 0.4916048 0.9441092 0.5094127 0.9441479 0.5111818 0.9457192 0.5111818 0.9157731 0.6518417 0.9670701 0.6340337 0.9670314 0.6340337 0.9938426 0.6305825 0.6165389 0.6313414 0.6165395 0.6313414 0.5987206 0.6305825 0.5361092 0.6313472 0.5361645 0.6313472 0.5093026 0.6313466 0.5630819 0.6305825 0.5630815 0.6305825 0.5809004 0.7669798 0.9342948 0.7668671 0.9245576 0.7631259 0.9241103 0.7184657 0.4708194 0.7139917 0.4715968 0.7131022 0.4793685 0.2585321 0.4614092 0.2585102 0.4575789 0.2516609 0.4576106 0.5172136 0.9551415 0.5103629 0.9514371 0.5074985 0.9544727 0.05774676 0.8358465 0.05774676 0.8706837 0.05939054 0.8706852 0.9332538 0.3564944 0.9332538 0.3580955 0.9388568 0.3580942 0.9332538 0.3580955 0.9332462 0.3586596 0.9388406 0.3586583 0.9332523 0.34838 0.9332538 0.3564944 0.9388998 0.3564931 0.1838064 0.6483736 0.1578846 0.7228505 0.1940157 0.7225813 0.826625 0.5226888 0.8468887 0.5226888 0.8431065 0.4511022 0.06656175 0.6635658 0.06400281 0.7387866 0.07645827 0.7387866 0.1680197 0.6484906 0.1450877 0.7229454 0.1578846 0.7228505 0.8468887 0.5226888 0.8536781 0.5226914 0.8488008 0.4511048 0.8228164 0.5227027 0.826625 0.5226888 0.8257575 0.4511022 0.05774676 0.6635519 0.05774676 0.7387728 0.06400281 0.7387866 0.2283368 0.6480417 0.1940157 0.7225813 0.2021668 0.7225205 0.07901722 0.6635658 0.07645827 0.7387866 0.08372431 0.7387853 0.1940157 0.7225813 0.1578846 0.7228505 0.1838064 0.6483736 0.826625 0.5226888 0.8257575 0.4511022 0.8431065 0.4511022 0.07645827 0.7387866 0.06400281 0.7387867 0.06656175 0.6635658 0.1578846 0.7228505 0.1450877 0.7229454 0.1680197 0.6484906 0.8468887 0.5226888 0.8431065 0.4511022 0.8488008 0.4511048 0.8228164 0.5227027 0.8228164 0.4511162 0.8257575 0.4511022 0.06400281 0.7387867 0.05774676 0.7387728 0.05774676 0.6635519 0.2021668 0.7225205 0.1940157 0.7225813 0.2283368 0.6480417 0.08372431 0.7387853 0.07645827 0.7387866 0.07901722 0.6635658 0.1578846 0.7228505 0.1411584 0.7709074 0.1718697 0.7706785 0.8257575 0.4511022 0.8431065 0.4511022 0.8406661 0.4049104 0.06400281 0.7387866 0.06235164 0.7873236 0.0748071 0.7873235 0.1450877 0.7229454 0.1302907 0.7709881 0.1411584 0.7709074 0.8431065 0.4511022 0.8488008 0.4511048 0.8456537 0.4049129 0.8228164 0.4511162 0.8257575 0.4511022 0.8251977 0.4049103 0.05774676 0.7387728 0.05774676 0.7873097 0.06235164 0.7873236 0.1940157 0.7225813 0.1718697 0.7706785 0.1800208 0.7706177 0.07645827 0.7387866 0.0748071 0.7873235 0.08058065 0.7873221 0.1718697 0.7706785 0.1411584 0.7709074 0.1578846 0.7228505 0.8257575 0.4511022 0.8251979 0.4049105 0.8406661 0.4049104 0.0748071 0.7873235 0.06235164 0.7873235 0.06400281 0.7387867 0.1411584 0.7709074 0.1302907 0.7709881 0.1450877 0.7229454 0.8431065 0.4511022 0.8406661 0.4049104 0.8456537 0.4049129 0.8228164 0.4511162 0.8228163 0.4049242 0.8251979 0.4049105 0.06235164 0.7873235 0.05774676 0.7873097 0.05774676 0.7387728 0.1800208 0.7706177 0.1718697 0.7706785 0.1940157 0.7225813 0.08058065 0.7873221 0.0748071 0.7873235 0.07645827 0.7387866 1 1 0.984375 1 0.9843751 0.875 0.984375 1 0.96875 1 0.96875 0.875 0.96875 1 0.953125 1 0.9531249 0.875 0.953125 1 0.9375 1 0.9375 0.875 0.9375 1 0.921875 1 0.9218749 0.875 0.921875 1 0.90625 1 0.90625 0.875 0.90625 1 0.890625 1 0.890625 0.875 0.890625 1 0.875 1 0.8750001 0.8750001 0.875 1 0.859375 1 0.859375 0.8749999 0.859375 1 0.84375 1 0.84375 0.8749999 0.84375 1 0.828125 1 0.828125 0.875 0.828125 1 0.8125 1 0.8125 0.875 0.8125 1 0.796875 1 0.796875 0.8750001 0.796875 1 0.78125 1 0.78125 0.875 0.78125 0.875 0.78125 1 0.765625 1 0.765625 0.875 0.765625 1 0.75 1 0.75 0.875 0.75 1 0.734375 1 0.7343751 0.8750001 0.734375 1 0.71875 1 0.7187501 0.875 0.71875 1 0.703125 1 0.703125 0.875 0.703125 1 0.6875 1 0.6875 0.875 0.6875 1 0.671875 1 0.671875 0.875 0.671875 1 0.65625 1 0.65625 0.875 0.65625 1 0.640625 1 0.640625 0.875 0.640625 1 0.625 1 0.625 0.875 0.625 1 0.609375 1 0.609375 0.875 0.609375 1 0.59375 1 0.59375 0.875 0.59375 1 0.578125 1 0.578125 0.875 0.578125 1 0.5625 1 0.5625 0.875 0.5625 1 0.546875 1 0.546875 0.875 0.546875 1 0.53125 1 0.53125 0.875 0.53125 1 0.515625 1 0.515625 0.875 0.515625 1 0.5 1 0.5 1 0.484375 1 0.484375 0.875 0.484375 1 0.46875 1 0.46875 0.875 0.46875 1 0.453125 1 0.453125 0.875 0.453125 1 0.4375 1 0.4375 0.875 0.4375 1 0.421875 1 0.421875 0.875 0.421875 1 0.40625 1 0.40625 0.875 0.40625 1 0.390625 1 0.390625 0.875 0.390625 1 0.375 1 0.375 0.875 0.375 1 0.359375 1 0.359375 0.875 0.359375 1 0.34375 1 0.34375 0.875 0.34375 1 0.328125 1 0.328125 0.875 0.328125 1 0.3125 1 0.3125 0.875 0.3125 1 0.296875 1 0.296875 0.875 0.296875 1 0.28125 1 0.28125 0.875 0.28125 1 0.265625 1 0.265625 0.875 0.265625 1 0.25 1 0.25 0.875 0.25 1 0.234375 1 0.234375 0.8750001 0.234375 1 0.21875 1 0.21875 0.875 0.21875 0.875 0.21875 1 0.203125 1 0.203125 0.875 0.203125 1 0.1875 1 0.1875 0.875 0.1875 1 0.171875 1 0.171875 0.8750001 0.171875 1 0.15625 1 0.15625 0.875 0.15625 1 0.140625 1 0.140625 0.875 0.140625 1 0.125 1 0.125 0.8750001 0.125 1 0.109375 1 0.109375 0.875 0.109375 1 0.09375 1 0.09375 0.8750001 0.09375 1 0.078125 1 0.078125 0.8749999 0.078125 1 0.0625 1 0.0625 0.875 0.0625 1 0.046875 1 0.046875 0.875 0.046875 1 0.03125 1 0.2125539 0.4382539 0.2125539 0.4382539 0.2311863 0.4410179 0.03125 0.8749999 0.03125 1 0.015625 1 0.015625 0.875 0.015625 1 0 1 0.7264758 0.4888443 0.75 0.49 0.5802944 0.4197056 0.75 0.49 0.7735241 0.4888443 0.9197056 0.4197056 0.7735241 0.4888443 0.7968217 0.4853885 0.9197056 0.4197056 0.7968217 0.4853885 0.8196683 0.4796657 0.9022544 0.4355225 0.8196683 0.4796657 0.841844 0.4717311 0.8833369 0.4495527 0.841844 0.4717311 0.8631352 0.4616611 0.8833369 0.4495527 0.8833369 0.4495527 0.9022544 0.4355225 0.8196683 0.4796657 0.9022544 0.4355225 0.9197056 0.4197056 0.7968217 0.4853885 0.9197056 0.4197056 0.9355225 0.4022544 0.5644775 0.4022544 0.9355225 0.4022544 0.9495527 0.3833369 0.5504473 0.3833368 0.9495527 0.3833369 0.9616611 0.3631352 0.5383389 0.3631352 0.9355225 0.4022544 0.5504473 0.3833368 0.5644775 0.4022544 0.9616611 0.3631352 0.9717311 0.341844 0.5282689 0.341844 0.9717311 0.341844 0.9796657 0.3196683 0.5203343 0.3196683 0.9796657 0.3196683 0.9853885 0.2968217 0.5146116 0.2968217 0.9853885 0.2968217 0.9888443 0.2735241 0.5111557 0.2735241 0.9796657 0.3196683 0.5146116 0.2968217 0.5203343 0.3196683 0.9888443 0.2735241 0.99 0.25 0.51 0.25 0.99 0.25 0.9888443 0.2264758 0.5111557 0.2264759 0.9888443 0.2264758 0.9853885 0.2031783 0.9796656 0.1803317 0.9796656 0.1803317 0.9717311 0.1581559 0.9888443 0.2264758 0.9717311 0.1581559 0.9616611 0.1368648 0.9888443 0.2264758 0.9616611 0.1368648 0.9495527 0.1166631 0.9888443 0.2264758 0.9495527 0.1166631 0.9355225 0.09774559 0.9888443 0.2264758 0.9355225 0.09774559 0.9197056 0.08029437 0.9888443 0.2264758 0.9197056 0.08029437 0.9022544 0.06447744 0.9888443 0.2264758 0.9022544 0.06447744 0.8833369 0.05044728 0.9888443 0.2264758 0.8833369 0.05044728 0.8631352 0.03833889 0.9888443 0.2264758 0.8631352 0.03833889 0.841844 0.02826887 0.8196684 0.0203343 0.8196684 0.0203343 0.7968217 0.01461148 0.7735241 0.01115566 0.7735241 0.01115566 0.75 0.00999999 0.7264759 0.01115566 0.7264759 0.01115566 0.7031784 0.01461148 0.6803317 0.0203343 0.6803317 0.0203343 0.658156 0.02826887 0.6368648 0.03833889 0.6368648 0.03833889 0.6166631 0.05044728 0.5977457 0.06447744 0.5977457 0.06447744 0.5802944 0.08029437 0.5111557 0.2264759 0.5802944 0.08029437 0.5644775 0.09774559 0.5111557 0.2264759 0.5644775 0.09774559 0.5504474 0.116663 0.5111557 0.2264759 0.5504474 0.116663 0.5383389 0.1368648 0.5111557 0.2264759 0.5383389 0.1368648 0.5282689 0.1581559 0.5111557 0.2264759 0.5282689 0.1581559 0.5203343 0.1803317 0.5111557 0.2264759 0.5203343 0.1803317 0.5146116 0.2031783 0.5111557 0.2264759 0.5111557 0.2264759 0.51 0.25 0.99 0.25 0.51 0.25 0.5111557 0.2735241 0.9888443 0.2735241 0.5111557 0.2735241 0.5146116 0.2968217 0.9853885 0.2968217 0.5203343 0.3196683 0.5282689 0.341844 0.9717311 0.341844 0.5282689 0.341844 0.5383389 0.3631352 0.9616611 0.3631352 0.5383389 0.3631352 0.5504473 0.3833368 0.9495527 0.3833369 0.5644775 0.4022544 0.5802944 0.4197056 0.9197056 0.4197056 0.5802944 0.4197056 0.5977457 0.4355225 0.7031784 0.4853885 0.7264758 0.4888443 0.5802944 0.4197056 0.7031784 0.4853885 0.5977457 0.4355225 0.6166631 0.4495527 0.6803317 0.4796656 0.6166631 0.4495527 0.6368649 0.4616611 0.658156 0.4717311 0.6803317 0.4796656 0.6166631 0.4495527 0.658156 0.4717311 0.6803317 0.4796656 0.7031784 0.4853885 0.5977457 0.4355225 0.75 0.49 0.9197056 0.4197056 0.5802944 0.4197056 0.8631352 0.03833889 0.8196684 0.0203343 0.9888443 0.2264758 0.8196684 0.0203343 0.7735241 0.01115566 0.9888443 0.2264758 0.7735241 0.01115566 0.7264759 0.01115566 0.9888443 0.2264758 0.7264759 0.01115566 0.6803317 0.0203343 0.5111557 0.2264759 0.6803317 0.0203343 0.6368648 0.03833889 0.5111557 0.2264759 0.6368648 0.03833889 0.5977457 0.06447744 0.5111557 0.2264759 0.015625 0.75 0 0.75 0 0.5 0.03125 0.75 0.015625 0.75 0.015625 0.5 0.046875 0.75 0.03125 0.75 0.03125 0.5 0.0625 0.75 0.046875 0.75 0.046875 0.5 0.078125 0.5 0.078125 0.75 0.0625 0.75 0.09375 0.5 0.09375 0.75 0.078125 0.75 0.109375 0.5 0.109375 0.7500001 0.09375 0.75 0.125 0.5 0.125 0.75 0.109375 0.7500001 0.140625 0.5 0.140625 0.75 0.125 0.75 0.15625 0.5 0.15625 0.75 0.140625 0.75 0.171875 0.5 0.171875 0.75 0.15625 0.75 0.1875 0.5 0.1875 0.75 0.171875 0.75 0.203125 0.5 0.203125 0.75 0.1875 0.75 0.21875 0.5 0.21875 0.75 0.203125 0.75 0.234375 0.5 0.234375 0.75 0.21875 0.75 0.25 0.5 0.25 0.75 0.234375 0.75 0.265625 0.5 0.265625 0.75 0.25 0.75 0.28125 0.5 0.28125 0.75 0.265625 0.75 0.296875 0.5 0.296875 0.75 0.28125 0.75 0.3125 0.75 0.296875 0.75 0.296875 0.5 0.328125 0.75 0.3125 0.75 0.3125 0.5 0.34375 0.75 0.328125 0.75 0.328125 0.5 0.359375 0.75 0.34375 0.75 0.34375 0.5 0.375 0.75 0.359375 0.75 0.359375 0.5 0.390625 0.75 0.375 0.75 0.375 0.5 0.40625 0.75 0.390625 0.75 0.390625 0.5 0.421875 0.75 0.40625 0.75 0.40625 0.5 0.4375 0.75 0.421875 0.75 0.421875 0.5 0.453125 0.75 0.4375 0.75 0.4375 0.5 0.46875 0.75 0.453125 0.75 0.453125 0.5 0.484375 0.75 0.46875 0.75 0.46875 0.5 0.5 0.75 0.484375 0.75 0.484375 0.5 0.515625 0.75 0.5 0.75 0.5 0.5 0.53125 0.75 0.515625 0.75 0.515625 0.5 0.546875 0.75 0.53125 0.75 0.53125 0.5 0.5625 0.75 0.546875 0.75 0.546875 0.5 0.578125 0.75 0.5625 0.75 0.5625 0.5 0.59375 0.75 0.578125 0.75 0.578125 0.5 0.609375 0.75 0.59375 0.75 0.59375 0.5 0.625 0.75 0.609375 0.75 0.609375 0.5 0.640625 0.75 0.625 0.75 0.625 0.5 0.65625 0.75 0.640625 0.75 0.640625 0.5 0.671875 0.75 0.65625 0.75 0.65625 0.5 0.6875 0.75 0.671875 0.75 0.671875 0.5 0.703125 0.75 0.6875 0.75 0.6875 0.5 0.71875 0.75 0.703125 0.75 0.703125 0.5 0.734375 0.75 0.71875 0.75 0.71875 0.5 0.75 0.75 0.734375 0.75 0.734375 0.5 0.765625 0.75 0.75 0.75 0.75 0.5 0.78125 0.75 0.765625 0.75 0.765625 0.5 0.796875 0.75 0.78125 0.75 0.78125 0.5 0.8125 0.75 0.796875 0.75 0.796875 0.5 0.828125 0.75 0.8125 0.75 0.8125 0.5 0.84375 0.75 0.828125 0.75 0.828125 0.5 0.859375 0.75 0.84375 0.75 0.84375 0.5 0.875 0.75 0.859375 0.75 0.859375 0.5 0.890625 0.75 0.875 0.75 0.875 0.5 0.90625 0.75 0.890625 0.75 0.890625 0.5 0.921875 0.75 0.90625 0.75 0.90625 0.5 0.9375 0.75 0.921875 0.75 0.921875 0.5 0.953125 0.75 0.9375 0.75 0.9375 0.5 0.96875 0.75 0.953125 0.75 0.953125 0.5 0.984375 0.75 0.96875 0.75 0.96875 0.5 1 0.75 0.984375 0.75 0.984375 0.5 0.015625 0.75 0.015625 0.875 0 0.875 0.03125 0.75 0.03125 0.8749999 0.015625 0.875 0.046875 0.75 0.046875 0.875 0.03125 0.8749999 0.0625 0.75 0.0625 0.875 0.046875 0.875 0.078125 0.75 0.078125 0.8749999 0.0625 0.875 0.09375 0.75 0.09375 0.8750001 0.078125 0.8749999 0.109375 0.7500001 0.109375 0.875 0.09375 0.8750001 0.125 0.75 0.125 0.8750001 0.109375 0.875 0.140625 0.75 0.140625 0.875 0.125 0.8750001 0.15625 0.75 0.15625 0.875 0.140625 0.875 0.171875 0.75 0.171875 0.8750001 0.15625 0.875 0.1875 0.75 0.1875 0.875 0.171875 0.8750001 0.203125 0.75 0.203125 0.875 0.1875 0.875 0.21875 0.75 0.21875 0.875 0.203125 0.875 0.234375 0.75 0.234375 0.8750001 0.21875 0.875 0.25 0.75 0.25 0.875 0.234375 0.8750001 0.265625 0.75 0.265625 0.875 0.25 0.875 0.28125 0.75 0.28125 0.875 0.265625 0.875 0.296875 0.75 0.296875 0.875 0.28125 0.875 0.3125 0.75 0.3125 0.875 0.296875 0.875 0.328125 0.75 0.328125 0.875 0.3125 0.875 0.34375 0.75 0.34375 0.875 0.328125 0.875 0.359375 0.75 0.359375 0.875 0.34375 0.875 0.375 0.75 0.375 0.875 0.359375 0.875 0.390625 0.75 0.390625 0.875 0.375 0.875 0.40625 0.75 0.40625 0.875 0.390625 0.875 0.421875 0.75 0.421875 0.875 0.40625 0.875 0.4375 0.75 0.4375 0.875 0.421875 0.875 0.453125 0.75 0.453125 0.875 0.4375 0.875 0.46875 0.75 0.46875 0.875 0.453125 0.875 0.484375 0.75 0.484375 0.875 0.46875 0.875 0.5 0.75 0.5 0.875 0.484375 0.875 0.515625 0.875 0.5 0.875 0.5 0.75 0.53125 0.875 0.515625 0.875 0.515625 0.75 0.546875 0.875 0.53125 0.875 0.53125 0.75 0.5625 0.875 0.546875 0.875 0.546875 0.75 0.578125 0.875 0.5625 0.875 0.5625 0.75 0.59375 0.875 0.578125 0.875 0.578125 0.75 0.609375 0.875 0.59375 0.875 0.59375 0.75 0.625 0.875 0.609375 0.875 0.609375 0.75 0.640625 0.875 0.625 0.875 0.625 0.75 0.65625 0.875 0.640625 0.875 0.640625 0.75 0.671875 0.875 0.65625 0.875 0.65625 0.75 0.6875 0.875 0.671875 0.875 0.671875 0.75 0.703125 0.875 0.6875 0.875 0.6875 0.75 0.7187501 0.875 0.703125 0.875 0.703125 0.75 0.7343751 0.8750001 0.7187501 0.875 0.71875 0.75 0.75 0.875 0.7343751 0.8750001 0.734375 0.75 0.765625 0.875 0.75 0.875 0.75 0.75 0.78125 0.875 0.765625 0.875 0.765625 0.75 0.796875 0.8750001 0.78125 0.875 0.78125 0.75 0.8125 0.875 0.796875 0.8750001 0.796875 0.75 0.828125 0.875 0.8125 0.875 0.8125 0.75 0.84375 0.8749999 0.828125 0.875 0.828125 0.75 0.859375 0.8749999 0.84375 0.8749999 0.84375 0.75 0.8750001 0.8750001 0.859375 0.8749999 0.859375 0.75 0.890625 0.875 0.8750001 0.8750001 0.875 0.75 0.90625 0.875 0.890625 0.875 0.890625 0.75 0.9218749 0.875 0.90625 0.875 0.90625 0.75 0.9375 0.875 0.9218749 0.875 0.921875 0.75 0.9531249 0.875 0.9375 0.875 0.9375 0.75 0.96875 0.875 0.9531249 0.875 0.953125 0.75 0.9843751 0.875 0.96875 0.875 0.96875 0.75 1 0.875 0.9843751 0.875 0.984375 0.75 0.2688136 0.4410178 0.2735241 0.4888443 0.25 0.49 0.2874461 0.4382541 0.2968217 0.4853885 0.2735241 0.4888443 0.3057179 0.4336771 0.3196683 0.4796657 0.2968217 0.4853885 0.3234531 0.4273315 0.341844 0.4717311 0.3196683 0.4796657 0.3404809 0.4192778 0.3631352 0.4616611 0.341844 0.4717311 0.3404809 0.4192778 0.3566374 0.4095941 0.3833369 0.4495527 0.3717668 0.3983732 0.4022544 0.4355225 0.3833369 0.4495527 0.3857235 0.3857235 0.4197056 0.4197056 0.4022544 0.4355225 0.3857235 0.3857235 0.3983733 0.3717668 0.4355225 0.4022544 0.4095941 0.3566374 0.4495527 0.3833369 0.4355225 0.4022544 0.4095941 0.3566374 0.4192778 0.3404809 0.4616611 0.3631352 0.4192778 0.3404809 0.4273313 0.3234531 0.4717311 0.341844 0.4336772 0.3057178 0.4796657 0.3196683 0.4717311 0.341844 0.4336772 0.3057178 0.4382539 0.2874461 0.4853885 0.2968217 0.4410178 0.2688136 0.4888443 0.2735241 0.4853885 0.2968217 0.4410178 0.2688136 0.441942 0.25 0.49 0.25 0.4410178 0.2311863 0.4888443 0.2264758 0.49 0.25 0.4410178 0.2311863 0.4382539 0.2125539 0.4853885 0.2031783 0.4336771 0.1942821 0.4796656 0.1803317 0.4853885 0.2031783 0.4336771 0.1942821 0.4273314 0.1765469 0.4717311 0.1581559 0.4192778 0.1595191 0.4616611 0.1368648 0.4717311 0.1581559 0.4095941 0.1433627 0.4495527 0.1166631 0.4616611 0.1368648 0.4095941 0.1433627 0.3983733 0.1282332 0.4355225 0.09774559 0.3857235 0.1142764 0.4197056 0.08029437 0.4355225 0.09774559 0.3717668 0.1016267 0.4022544 0.06447744 0.4197056 0.08029437 0.3717668 0.1016267 0.3566373 0.09040594 0.3833369 0.05044728 0.3404809 0.08072215 0.3631352 0.03833889 0.3833369 0.05044728 0.3404809 0.08072215 0.3234531 0.07266861 0.341844 0.02826887 0.3234531 0.07266861 0.3057179 0.0663228 0.3196683 0.0203343 0.3057179 0.0663228 0.287446 0.06174594 0.2968217 0.01461148 0.287446 0.06174594 0.2688137 0.05898213 0.2735241 0.01115566 0.2688137 0.05898213 0.2500001 0.05805784 0.25 0.00999999 0.2311864 0.05898213 0.2264759 0.01115566 0.25 0.00999999 0.2125539 0.061746 0.2031783 0.01461148 0.2264759 0.01115566 0.1942821 0.0663228 0.1803317 0.0203343 0.2031783 0.01461148 0.1942821 0.0663228 0.1765469 0.07266861 0.1581559 0.02826887 0.1595191 0.08072215 0.1368647 0.03833889 0.1581559 0.02826887 0.1595191 0.08072215 0.1433626 0.090406 0.1166631 0.05044728 0.1282332 0.1016267 0.09774559 0.06447744 0.1166631 0.05044728 0.1282332 0.1016267 0.1142764 0.1142764 0.08029437 0.08029437 0.1016268 0.1282332 0.0644775 0.09774559 0.08029437 0.08029437 0.1016268 0.1282332 0.09040594 0.1433626 0.05044728 0.116663 0.09040594 0.1433626 0.08072215 0.1595191 0.03833889 0.1368648 0.07266861 0.1765469 0.02826887 0.1581559 0.03833889 0.1368648 0.07266861 0.1765469 0.0663228 0.1942821 0.0203343 0.1803317 0.061746 0.2125539 0.01461154 0.2031783 0.0203343 0.1803317 0.05898213 0.2311863 0.01115566 0.2264759 0.01461154 0.2031783 0.05898213 0.2311863 0.05805784 0.25 0.00999999 0.25 0.05898213 0.2688136 0.01115566 0.2735241 0.00999999 0.25 0.05898213 0.2688136 0.061746 0.287446 0.01461154 0.2968217 0.061746 0.287446 0.06632286 0.3057178 0.0203343 0.3196683 0.07266861 0.323453 0.02826893 0.341844 0.0203343 0.3196683 0.07266861 0.323453 0.08072215 0.3404808 0.03833889 0.3631352 0.09040594 0.3566373 0.05044722 0.3833368 0.03833889 0.3631352 0.1016267 0.3717668 0.0644775 0.4022544 0.05044722 0.3833368 0.1016267 0.3717668 0.1142764 0.3857235 0.08029431 0.4197056 0.1282332 0.3983732 0.09774559 0.4355225 0.08029431 0.4197056 0.1282332 0.3983732 0.1433627 0.409594 0.1166631 0.4495527 0.1595191 0.4192778 0.1368648 0.4616611 0.1166631 0.4495527 0.1595191 0.4192778 0.1765469 0.4273313 0.1581559 0.4717311 0.1765469 0.4273313 0.1942821 0.4336771 0.1803316 0.4796656 0.1942821 0.4336771 0.2125539 0.4382539 0.2031783 0.4853885 0.2125539 0.4382539 0.2311863 0.4410179 0.2264758 0.4888443 0.2311863 0.4410179 0.2500001 0.441942 0.25 0.49 0.2874461 0.4382541 0.2688136 0.4410178 0.2500001 0.441942 0.2500001 0.441942 0.2311863 0.4410179 0.2874461 0.4382541 0.2311863 0.4410179 0.2125539 0.4382539 0.2874461 0.4382541 0.2125539 0.4382539 0.1942821 0.4336771 0.1765469 0.4273313 0.1765469 0.4273313 0.1595191 0.4192778 0.1433627 0.409594 0.1433627 0.409594 0.1282332 0.3983732 0.1142764 0.3857235 0.1142764 0.3857235 0.1016267 0.3717668 0.1433627 0.409594 0.1016267 0.3717668 0.09040594 0.3566373 0.1433627 0.409594 0.09040594 0.3566373 0.08072215 0.3404808 0.07266861 0.323453 0.07266861 0.323453 0.06632286 0.3057178 0.09040594 0.3566373 0.06632286 0.3057178 0.061746 0.287446 0.09040594 0.3566373 0.061746 0.287446 0.05898213 0.2688136 0.05805784 0.25 0.05805784 0.25 0.05898213 0.2311863 0.061746 0.287446 0.05898213 0.2311863 0.061746 0.2125539 0.061746 0.287446 0.061746 0.2125539 0.0663228 0.1942821 0.09040594 0.1433626 0.0663228 0.1942821 0.07266861 0.1765469 0.09040594 0.1433626 0.07266861 0.1765469 0.08072215 0.1595191 0.09040594 0.1433626 0.09040594 0.1433626 0.1016268 0.1282332 0.1142764 0.1142764 0.1142764 0.1142764 0.1282332 0.1016267 0.1433626 0.090406 0.1433626 0.090406 0.1595191 0.08072215 0.1765469 0.07266861 0.1765469 0.07266861 0.1942821 0.0663228 0.2125539 0.061746 0.2125539 0.061746 0.2311864 0.05898213 0.2500001 0.05805784 0.2500001 0.05805784 0.2688137 0.05898213 0.287446 0.06174594 0.287446 0.06174594 0.3057179 0.0663228 0.3234531 0.07266861 0.3234531 0.07266861 0.3404809 0.08072215 0.3566373 0.09040594 0.3566373 0.09040594 0.3717668 0.1016267 0.3857235 0.1142764 0.3857235 0.1142764 0.3983733 0.1282332 0.4095941 0.1433627 0.4095941 0.1433627 0.4192778 0.1595191 0.4273314 0.1765469 0.4273314 0.1765469 0.4336771 0.1942821 0.4095941 0.1433627 0.4336771 0.1942821 0.4382539 0.2125539 0.4095941 0.1433627 0.4382539 0.2125539 0.4410178 0.2311863 0.441942 0.25 0.441942 0.25 0.4410178 0.2688136 0.4382539 0.2125539 0.4410178 0.2688136 0.4382539 0.2874461 0.4382539 0.2125539 0.4382539 0.2874461 0.4336772 0.3057178 0.4095941 0.3566374 0.4336772 0.3057178 0.4273313 0.3234531 0.4095941 0.3566374 0.4273313 0.3234531 0.4192778 0.3404809 0.4095941 0.3566374 0.4095941 0.3566374 0.3983733 0.3717668 0.3857235 0.3857235 0.3857235 0.3857235 0.3717668 0.3983732 0.3566374 0.4095941 0.3566374 0.4095941 0.3404809 0.4192778 0.3234531 0.4273315 0.3234531 0.4273315 0.3057179 0.4336771 0.2874461 0.4382541 0.2125539 0.4382539 0.1765469 0.4273313 0.1433627 0.409594 0.09040594 0.1433626 0.1142764 0.1142764 0.2125539 0.061746 0.1142764 0.1142764 0.1433626 0.090406 0.2125539 0.061746 0.1433626 0.090406 0.1765469 0.07266861 0.2125539 0.061746 0.2125539 0.061746 0.2500001 0.05805784 0.287446 0.06174594 0.287446 0.06174594 0.3234531 0.07266861 0.3566373 0.09040594 0.3566373 0.09040594 0.3857235 0.1142764 0.4382539 0.2125539 0.3857235 0.1142764 0.4095941 0.1433627 0.4382539 0.2125539 0.4095941 0.3566374 0.3857235 0.3857235 0.2874461 0.4382541 0.3857235 0.3857235 0.3566374 0.4095941 0.2874461 0.4382541 0.3566374 0.4095941 0.3234531 0.4273315 0.2874461 0.4382541 0.2874461 0.4382541 0.2125539 0.4382539 0.1433627 0.409594 0.1433627 0.409594 0.09040594 0.3566373 0.2874461 0.4382541 0.09040594 0.3566373 0.061746 0.287446 0.2874461 0.4382541 0.061746 0.287446 0.061746 0.2125539 0.09040594 0.1433626 0.2125539 0.061746 0.287446 0.06174594 0.3566373 0.09040594 0.4382539 0.2125539 0.4382539 0.2874461 0.4095941 0.3566374 0.061746 0.287446 0.09040594 0.1433626 0.2874461 0.4382541 0.09040594 0.1433626 0.2125539 0.061746 0.2874461 0.4382541 0.2125539 0.061746 0.3566373 0.09040594 0.2874461 0.4382541 0.3566373 0.09040594 0.4382539 0.2125539 0.2874461 0.4382541 0.1765469 0.07266861 0.1765469 0.07266861 0.1595191 0.08072215 0.4095941 0.3566374 0.4095941 0.3566374 0.4192778 0.3404809 0.2311863 0.4410179 0.2311863 0.4410179 0.2500001 0.441942 0.1595191 0.08072215 0.1595191 0.08072215 0.1433626 0.090406 0.4192778 0.3404809 0.4192778 0.3404809 0.4273313 0.3234531 0.1282332 0.1016267 0.1433626 0.090406 0.1433626 0.090406 0.4273313 0.3234531 0.4273313 0.3234531 0.4336772 0.3057178 0.1142764 0.1142764 0.1282332 0.1016267 0.1282332 0.1016267 0.4336772 0.3057178 0.4336772 0.3057178 0.4382539 0.2874461 0.1142764 0.1142764 0.1142764 0.1142764 0.1016268 0.1282332 0.4382539 0.2874461 0.4382539 0.2874461 0.4410178 0.2688136 0.1016268 0.1282332 0.1016268 0.1282332 0.09040594 0.1433626 0.4410178 0.2688136 0.4410178 0.2688136 0.441942 0.25 0.09040594 0.1433626 0.09040594 0.1433626 0.08072215 0.1595191 0.441942 0.25 0.441942 0.25 0.4410178 0.2311863 0.08072215 0.1595191 0.08072215 0.1595191 0.07266861 0.1765469 0.4410178 0.2311863 0.4410178 0.2311863 0.4382539 0.2125539 0.07266861 0.1765469 0.07266861 0.1765469 0.0663228 0.1942821 0.4382539 0.2125539 0.4382539 0.2125539 0.4336771 0.1942821 0.0663228 0.1942821 0.0663228 0.1942821 0.061746 0.2125539 0.4273314 0.1765469 0.4336771 0.1942821 0.4336771 0.1942821 0.061746 0.2125539 0.061746 0.2125539 0.05898213 0.2311863 0.4192778 0.1595191 0.4273314 0.1765469 0.4273314 0.1765469 0.05898213 0.2311863 0.05898213 0.2311863 0.05805784 0.25 0.4095941 0.1433627 0.4192778 0.1595191 0.4192778 0.1595191 0.05898213 0.2688136 0.05805784 0.25 0.05805784 0.25 0.3983733 0.1282332 0.4095941 0.1433627 0.4095941 0.1433627 0.05898213 0.2688136 0.05898213 0.2688136 0.061746 0.287446 0.3857235 0.1142764 0.3983733 0.1282332 0.3983733 0.1282332 0.061746 0.287446 0.061746 0.287446 0.06632286 0.3057178 0.3717668 0.1016267 0.3857235 0.1142764 0.3857235 0.1142764 0.06632286 0.3057178 0.06632286 0.3057178 0.07266861 0.323453 0.3566373 0.09040594 0.3717668 0.1016267 0.3717668 0.1016267 0.07266861 0.323453 0.07266861 0.323453 0.08072215 0.3404808 0.3404809 0.08072215 0.3566373 0.09040594 0.3566373 0.09040594 0.2500001 0.441942 0.2500001 0.441942 0.2688136 0.4410178 0.08072215 0.3404808 0.08072215 0.3404808 0.09040594 0.3566373 0.3404809 0.08072215 0.3404809 0.08072215 0.3234531 0.07266861 0.2688136 0.4410178 0.2688136 0.4410178 0.2874461 0.4382541 0.09040594 0.3566373 0.09040594 0.3566373 0.1016267 0.3717668 0.3234531 0.07266861 0.3234531 0.07266861 0.3057179 0.0663228 0.2874461 0.4382541 0.2874461 0.4382541 0.3057179 0.4336771 0.1016267 0.3717668 0.1016267 0.3717668 0.1142764 0.3857235 0.287446 0.06174594 0.3057179 0.0663228 0.3057179 0.0663228 0.3057179 0.4336771 0.3057179 0.4336771 0.3234531 0.4273315 0.1142764 0.3857235 0.1142764 0.3857235 0.1282332 0.3983732 0.2688137 0.05898213 0.287446 0.06174594 0.287446 0.06174594 0.3234531 0.4273315 0.3234531 0.4273315 0.3404809 0.4192778 0.1282332 0.3983732 0.1282332 0.3983732 0.1433627 0.409594 0.2688137 0.05898213 0.2688137 0.05898213 0.2500001 0.05805784 0.3404809 0.4192778 0.3404809 0.4192778 0.3566374 0.4095941 0.1433627 0.409594 0.1433627 0.409594 0.1595191 0.4192778 0.2311864 0.05898213 0.2500001 0.05805784 0.2500001 0.05805784 0.3566374 0.4095941 0.3566374 0.4095941 0.3717668 0.3983732 0.1595191 0.4192778 0.1595191 0.4192778 0.1765469 0.4273313 0.2125539 0.061746 0.2311864 0.05898213 0.2311864 0.05898213 0.3717668 0.3983732 0.3717668 0.3983732 0.3857235 0.3857235 0.1765469 0.4273313 0.1765469 0.4273313 0.1942821 0.4336771 0.2125539 0.061746 0.2125539 0.061746 0.1942821 0.0663228 0.3857235 0.3857235 0.3857235 0.3857235 0.3983733 0.3717668 0.1942821 0.4336771 0.1942821 0.4336771 0.2125539 0.4382539 0.1942821 0.0663228 0.1942821 0.0663228 0.1765469 0.07266861 0.3983733 0.3717668 0.3983733 0.3717668 0.4095941 0.3566374 0.625 0.4971069 0.625 0.5 0.375 0.5 0.625 0.5 0.625 0.75 0.375 0.75 0.3721069 0.75 0.3721069 0.5 0.3721069 0.5 0.7195122 0.5 0.75 0.5 0.75 0.75 0.625 0.8445122 0.625 0.875 0.375 0.875 0.625 0.7972561 0.625 0.8445122 0.375 0.8445122 0.6722561 0.5 0.7195122 0.5 0.7195122 0.75 0.2804878 0.5 0.2804878 0.75 0.25 0.75 0.375 0.375 0.625 0.375 0.625 0.4054878 0.6278932 0.5 0.6722561 0.5 0.6722561 0.75 0.375 0.7528932 0.625 0.7528932 0.625 0.7972561 0.3277439 0.5 0.3277439 0.75 0.2804878 0.75 0.375 0.4054878 0.625 0.4054878 0.625 0.4527439 0.375 0.75 0.625 0.75 0.625 0.7528932 0.625 0.5 0.6278932 0.5 0.6278932 0.75 0.3721069 0.5 0.3721069 0.75 0.3277439 0.75 0.625 0.4527439 0.625 0.4971069 0.375 0.4971068 0.375 0.5 0.375 0.75 0.3721069 0.75 0.375 0.4971068 0.375 0.5 0.375 0.5 0.375 0.75 0.375 0.75 0.375 0.5 0.375 0.7528932 0.375 0.7528932 0.375 0.75 0.375 0.5 0.625 0.5 0.625 0.4971069 0.375 0.75 0.625 0.75 0.625 0.5 0.3721069 0.75 0.3721069 0.75 0.3721069 0.5 0.7195122 0.5 0.7195122 0.75 0.75 0.75 0.375 0.8445122 0.375 0.875 0.625 0.875 0.375 0.8445122 0.625 0.8445122 0.625 0.7972561 0.6722561 0.5 0.6722561 0.75 0.7195122 0.75 0.25 0.75 0.2804878 0.75 0.2804878 0.5 0.375 0.4054878 0.625 0.4054878 0.625 0.375 0.6278932 0.5 0.6278932 0.75 0.6722561 0.75 0.375 0.7528932 0.375 0.7972561 0.625 0.7972561 0.2804878 0.75 0.3277439 0.75 0.3277439 0.5 0.375 0.4054878 0.375 0.4527439 0.625 0.4527439 0.375 0.75 0.375 0.7528932 0.625 0.7528932 0.625 0.5 0.625 0.75 0.6278932 0.75 0.3277439 0.75 0.3721069 0.75 0.3721069 0.5 0.375 0.4971068 0.625 0.4971069 0.625 0.4527439 0.3721069 0.75 0.375 0.75 0.375 0.5 0.375 0.4971068 0.375 0.4971068 0.375 0.5 0.375 0.5 0.375 0.75 0.375 0.75 0.375 0.75 0.375 0.7528932 0.375 0.7528932 0.625 0 0.625 0.25 0.375 0.25 0.625 0.4782416 0.625 0.5 0.375 0.5 0.625 0.5 0.625 0.75 0.375 0.75 0.625 0.9115481 0.625 1 0.375 1 0.3532417 0.5 0.375 0.5 0.375 0.75 0.875 0.5 0.875 0.75 0.7865481 0.75 0.7275324 0.5 0.7865481 0.5 0.7865481 0.75 0.125 0.5 0.2134518 0.5 0.2134519 0.75 0.375 0.8525324 0.625 0.8525324 0.625 0.9115481 0.375 0.25 0.625 0.25 0.625 0.3384519 0.375 0.7717583 0.625 0.7717583 0.625 0.7935166 0.6467583 0.5 0.6685166 0.5 0.6685166 0.75 0.2724676 0.5 0.3314833 0.5 0.3314833 0.75 0.625 0.3974676 0.625 0.4564833 0.375 0.4564833 0.625 0.3384519 0.625 0.3974676 0.375 0.3974676 0.2134518 0.5 0.2724676 0.5 0.2724676 0.75 0.375 0.7935166 0.625 0.7935166 0.625 0.8525324 0.7275324 0.5 0.7275324 0.75 0.6685166 0.75 0.6467583 0.5 0.6467583 0.75 0.625 0.75 0.375 0.75 0.625 0.75 0.625 0.7717583 0.3314833 0.5 0.3532417 0.5 0.3532417 0.75 0.625 0.4564833 0.625 0.4782416 0.375 0.4782416 0.375 0.25 0.625 0.25 0.625 0 0.375 0.5 0.625 0.5 0.625 0.4782416 0.375 0.5 0.375 0.75 0.625 0.75 0.375 1 0.625 1 0.625 0.9115481 0.3532417 0.5 0.3532417 0.75 0.375 0.75 0.7865481 0.75 0.875 0.75 0.875 0.5 0.7275324 0.75 0.7865481 0.75 0.7865481 0.5 0.125 0.5 0.125 0.75 0.2134519 0.75 0.375 0.8525324 0.375 0.9115481 0.625 0.9115481 0.375 0.25 0.375 0.3384519 0.625 0.3384519 0.375 0.7717583 0.375 0.7935166 0.625 0.7935166 0.6467583 0.5 0.6467583 0.75 0.6685166 0.75 0.2724676 0.5 0.2724676 0.75 0.3314833 0.75 0.375 0.4564833 0.625 0.4564833 0.625 0.3974676 0.375 0.3974676 0.625 0.3974676 0.625 0.3384519 0.2134518 0.5 0.2134519 0.75 0.2724676 0.75 0.375 0.7935166 0.375 0.8525324 0.625 0.8525324 0.6685166 0.75 0.7275324 0.75 0.7275324 0.5 0.625 0.75 0.6467583 0.75 0.6467583 0.5 0.375 0.75 0.375 0.7717583 0.625 0.7717583 0.3314833 0.5 0.3314833 0.75 0.3532417 0.75 0.375 0.4782416 0.625 0.4782416 0.625 0.4564833 0.625 0 0.625 0.25 0.375 0.25 0.625 0.4747003 0.625 0.5 0.375 0.5 0.625 0.5 0.625 0.75 0.375 0.75 0.375 0.9375001 0.625 0.9375 0.625 1 0.3497003 0.5 0.375 0.5 0.375 0.75 0.875 0.5 0.875 0.75 0.8125 0.75 0.75 0.5 0.75 0.75 0.6755995 0.75 0.1875 0.5 0.25 0.5 0.25 0.75 0.375 0.8005995 0.625 0.8005994 0.625 0.875 0.625 0.3125 0.625 0.375 0.375 0.375 0.625 0.25 0.625 0.3125 0.375 0.3125 0.125 0.5 0.1875 0.5 0.1875 0.75 0.75 0.5 0.8125 0.5 0.8125 0.75 0.375 0.875 0.625 0.875 0.625 0.9375 0.375 0.7752997 0.625 0.7752997 0.625 0.8005994 0.6755995 0.5 0.6755995 0.75 0.6502997 0.75 0.3244006 0.5 0.3244006 0.75 0.25 0.75 0.625 0.375 0.625 0.4494006 0.375 0.4494006 0.6502997 0.5 0.6502997 0.75 0.625 0.75 0.375 0.75 0.625 0.75 0.625 0.7752997 0.3244006 0.5 0.3497003 0.5 0.3497003 0.75 0.625 0.4494006 0.625 0.4747003 0.375 0.4747003 0.375 0.25 0.625 0.25 0.625 0 0.375 0.5 0.625 0.5 0.625 0.4747003 0.375 0.75 0.625 0.75 0.625 0.5 0.375 0.9375001 0.375 1 0.625 1 0.3497003 0.5 0.3497003 0.75 0.375 0.75 0.8125 0.75 0.875 0.75 0.875 0.5 0.6755995 0.75 0.75 0.75 0.75 0.5 0.1875 0.5 0.1875 0.75 0.25 0.75 0.375 0.8005995 0.375 0.875 0.625 0.875 0.375 0.375 0.625 0.375 0.625 0.3125 0.375 0.3125 0.625 0.3125 0.625 0.25 0.125 0.5 0.125 0.75 0.1875 0.75 0.75 0.75 0.8125 0.75 0.8125 0.5 0.375 0.875 0.375 0.9375001 0.625 0.9375 0.375 0.7752997 0.375 0.8005995 0.625 0.8005994 0.6502997 0.75 0.6755995 0.75 0.6755995 0.5 0.25 0.5 0.25 0.75 0.3244006 0.75 0.375 0.4494006 0.625 0.4494006 0.625 0.375 0.625 0.75 0.6502997 0.75 0.6502997 0.5 0.375 0.75 0.375 0.7752997 0.625 0.7752997 0.3244006 0.5 0.3244006 0.75 0.3497003 0.75 0.375 0.4747003 0.625 0.4747003 0.625 0.4494006 0.625 0 0.625 0.25 0.375 0.25 0.375 0.4143418 0.625 0.3961929 0.625 0.5 0.625 0.75 0.625 0.75 0.625 0.5 0.375 0.8356582 0.625 0.8538071 0.625 1 0.375 0.5 0.375 0.75 0.2893418 0.75 0.875 0.5 0.875 0.75 0.7288071 0.75 0.625 0.5 0.7288072 0.5 0.7288071 0.75 0.125 0.5 0.2893418 0.5 0.2893418 0.75 0.625 0.75 0.625 0.8538071 0.375 0.8356582 0.625 0.25 0.625 0.3961929 0.375 0.4143418 0.375 0.75 0.375 0.75 0.625 0.75 0.375 0.5 0.625 0.5 0.625 0.5 0.375 0.75 0.375 0.75 0.625 0.75 0.375 0.75 0.375 0.5 0.375 0.5 0.625 0.75 0.625 0.75 0.625 0.5 0.375 0.5 0.375 0.5 0.375 0.75 0.625 0.75 0.625 0.75 0.625 0.5 0.375 0.5 0.625 0.5 0.625 0.5 0.375 0.75 0.375 0.75 0.625 0.75 0.375 0.5 0.625 0.5 0.625 0.5 0.375 0.75 0.375 0.75 0.625 0.75 0.375 0.75 0.375 0.5 0.375 0.5 0.375 0.5 0.625 0.5 0.625 0.75 0.375 0.5 0.375 0.5 0.375 0.75 0.625 0.5 0.625 0.75 0.625 0.75 0.375 0.5 0.625 0.5 0.625 0.5 0.375 0.25 0.625 0.25 0.625 0 0.375 0.4143418 0.375 0.5 0.625 0.5 0.625 0.5 0.625 0.5 0.625 0.75 0.375 0.8356582 0.375 1 0.625 1 0.2893418 0.5 0.2893418 0.75 0.375 0.75 0.7288071 0.75 0.875 0.75 0.875 0.5 0.625 0.5 0.625 0.75 0.7288071 0.75 0.125 0.5 0.125 0.75 0.2893418 0.75 0.375 0.8356582 0.625 0.8538071 0.625 0.75 0.375 0.4143418 0.625 0.3961929 0.625 0.25 0.625 0.75 0.375 0.75 0.375 0.75 0.375 0.5 0.375 0.5 0.625 0.5 0.625 0.75 0.375 0.75 0.375 0.75 0.375 0.75 0.375 0.5 0.375 0.5 0.625 0.5 0.625 0.5 0.625 0.75 0.375 0.75 0.375 0.75 0.375 0.5 0.625 0.5 0.625 0.5 0.625 0.75 0.375 0.5 0.375 0.5 0.625 0.5 0.625 0.75 0.375 0.75 0.375 0.75 0.375 0.5 0.375 0.5 0.625 0.5 0.625 0.75 0.375 0.75 0.375 0.75 0.375 0.75 0.375 0.5 0.375 0.5 0.375 0.75 0.625 0.75 0.625 0.5 0.375 0.75 0.375 0.5 0.375 0.5 0.625 0.5 0.625 0.5 0.625 0.75 0.375 0.5 0.375 0.5 0.625 0.5 0.375 0 0.375 0.25 0.625 0.25 0.625 0.7838353 0.625 0.7838353 0.375 0.7838353 0.625 0.5 0.625 0.5 0.625 0.75 0.375 1 0.625 1 0.625 0.8176705 0.375 0.7838353 0.375 0.7838353 0.375 0.7838353 0.6926706 0.75 0.875 0.75 0.875 0.5 0.6588353 0.75 0.6926706 0.75 0.6926705 0.5 0.125 0.75 0.3073295 0.75 0.3073295 0.5 0.375 0.8176705 0.625 0.8176705 0.625 0.7838353 0.375 0.25 0.375 0.4323295 0.625 0.4323295 0.375 0.75 0.625 0.75 0.625 0.75 0.625 0.5 0.625 0.5 0.625 0.5 0.3073295 0.75 0.3411648 0.75 0.3411647 0.5 0.375 0.4323295 0.375 0.4661647 0.625 0.4661648 0.6588353 0.5 0.6588353 0.75 0.6588353 0.75 0.6588353 0.5 0.6588353 0.5 0.6588353 0.5 0.6588353 0.75 0.6588353 0.75 0.6588353 0.75 0.625 0.75 0.625 0.75 0.625 0.75 0.625 0.75 0.625 0.75 0.625 0.5 0.625 0.4661648 0.625 0.5 0.625 0.4661648 0.625 0.5 0.625 0.5 0.625 0.4872968 0.6588353 0.5 0.6588353 0.75 0.6588353 0.75 0.375 0.75 0.375 0.75 0.375 0.7838353 0.625 0.75 0.625 0.5 0.625 0.5 0.625 0.75 0.625 0.75 0.625 0.75 0.625 0.5 0.625 0.75 0.625 0.75 0.625 0.75 0.625 0.5 0.625 0.5 0.375 0.4661647 0.375 0.5 0.625 0.5 0.375 0.7838353 0.625 0.7838353 0.625 0.75 0.625 0.75 0.625 0.7838353 0.625 0.7838353 0.625 0.7838353 0.625 0.7627032 0.625 0.75 0.625 0.5 0.625 0.5 0.625 0.5 0.625 0.7838353 0.625 0.75 0.625 0.75 0.625 0.5 0.625 0.5 0.625 0.4661648 0.625 0.75 0.625 0.75 0.625 0.75 0.625 0.75 0.625 0.75 0.625 0.75 0.6588353 0.75 0.6588353 0.75 0.6588353 0.75 0.375 0.5 0.375 0.5 0.375 0.5 0.625 0.5 0.625 0.5 0.625 0.5 0.625 0.5 0.625 0.5 0.625 0.5 0.625 0.75 0.6377032 0.75 0.6377032 0.75 0.625 0.5 0.625 0.5 0.625 0.5 0.375 0.4661647 0.625 0.4661648 0.625 0.4661648 0.625 0.75 0.625 0.75 0.625 0.75 0.625 0.75 0.6377032 0.75 0.6377032 0.5 0.625 0.5 0.625 0.5 0.375 0.5 0.6588353 0.5 0.6588353 0.5 0.6588353 0.5 0.3411648 0.75 0.375 0.75 0.375 0.5 0.375 0.5 0.3411647 0.5 0.3411647 0.5 0.3411648 0.75 0.375 0.75 0.375 0.75 0.375 0.5 0.375 0.5 0.375 0.75 0.375 0.4661647 0.375 0.5 0.375 0.5 0.375 0.75 0.375 0.75 0.375 0.75 0.3411648 0.75 0.3411648 0.75 0.3411647 0.5 0.375 0.4661647 0.375 0.4661647 0.375 0.4661647 0.375 0.75 0.625 0.75 0.625 0.5 0.375 0.5 0.375 0.5 0.625 0.5 0.625 0.75 0.375 0.75 0.375 0.75 0.375 0.75 0.375 0.5 0.375 0.5 0.6588353 0.75 0.6377032 0.75 0.6377032 0.75 0.6588353 0.5 0.6377032 0.5 0.6377032 0.75 0.6588353 0.5 0.6588353 0.5 0.6377032 0.5 0.6377032 0.5 0.6377032 0.5 0.625 0.5 0.640625 1 0.671875 1 0.9717311 0.1581559 0.671875 1 0.703125 1 0.9853885 0.2031783 0.51 0.25 0.5146116 0.2968217 0.234375 1 0.99 0.25 0.765625 1 0.796875 1 0.296875 1 0.328125 1 0.5504474 0.116663 0.328125 1 0.359375 1 0.5802944 0.08029437 0.9495527 0.3833369 0.859375 1 0.890625 1 0.390625 1 0.421875 1 0.658156 0.02826887 0.8833369 0.4495527 0.921875 1 0.953125 1 0.453125 1 0.484375 1 0.75 0.00999999 0.75 0.49 0.015625 1 0.046875 1 0.841844 0.4717311 0.953125 1 0.984375 1 0.658156 0.4717311 0.078125 1 0.109375 1 0.9197056 0.4197056 0.890625 1 0.921875 1 0.5282689 0.341844 0.203125 1 0.234375 1 0.5802944 0.4197056 0.140625 1 0.171875 1 0.265625 1 0.296875 1 0.5282689 0.1581559 0.5504473 0.3833368 0.171875 1 0.203125 1 0.9717311 0.341844 0.828125 1 0.859375 1 0.9853885 0.2968217 0.796875 1 0.828125 1 0.609375 1 0.640625 1 0.9495527 0.1166631 0.359375 1 0.390625 1 0.6166631 0.05044728 0.546875 1 0.578125 1 0.8833369 0.05044728 0.421875 1 0.453125 1 0.7031784 0.01461148 0.7968217 0.4853885 0.2735241 0.4888443 0.2264758 0.4888443 0.841844 0.4717311 0.7968217 0.4853885 0.75 0.49 0.75 0.49 0.7031784 0.4853885 0.658156 0.4717311 0.658156 0.4717311 0.6166631 0.4495527 0.5802944 0.4197056 0.5802944 0.4197056 0.5504473 0.3833368 0.658156 0.4717311 0.5504473 0.3833368 0.5282689 0.341844 0.658156 0.4717311 0.5282689 0.341844 0.5146116 0.2968217 0.51 0.25 0.51 0.25 0.5146116 0.2031783 0.5282689 0.341844 0.5146116 0.2031783 0.5282689 0.1581559 0.5282689 0.341844 0.5282689 0.1581559 0.5504474 0.116663 0.658156 0.02826887 0.5504474 0.116663 0.5802944 0.08029437 0.658156 0.02826887 0.5802944 0.08029437 0.6166631 0.05044728 0.658156 0.02826887 0.658156 0.02826887 0.7031784 0.01461148 0.75 0.00999999 0.75 0.00999999 0.7968217 0.01461148 0.841844 0.02826887 0.841844 0.02826887 0.8833369 0.05044728 0.9197056 0.08029437 0.9197056 0.08029437 0.9495527 0.1166631 0.841844 0.02826887 0.9495527 0.1166631 0.9717311 0.1581559 0.841844 0.02826887 0.9717311 0.1581559 0.9853885 0.2031783 0.9717311 0.341844 0.9853885 0.2031783 0.99 0.25 0.9717311 0.341844 0.99 0.25 0.9853885 0.2968217 0.9717311 0.341844 0.9717311 0.341844 0.9495527 0.3833369 0.9197056 0.4197056 0.9197056 0.4197056 0.8833369 0.4495527 0.841844 0.4717311 0.841844 0.4717311 0.75 0.49 0.5282689 0.341844 0.75 0.49 0.658156 0.4717311 0.5282689 0.341844 0.658156 0.02826887 0.75 0.00999999 0.841844 0.02826887 0.9717311 0.341844 0.9197056 0.4197056 0.9717311 0.1581559 0.9197056 0.4197056 0.841844 0.4717311 0.9717311 0.1581559 0.5282689 0.341844 0.5282689 0.1581559 0.841844 0.4717311 0.5282689 0.1581559 0.658156 0.02826887 0.841844 0.4717311 0.658156 0.02826887 0.841844 0.02826887 0.841844 0.4717311 0.1803316 0.4796656 0.2264758 0.4888443 0.2735241 0.4888443 0.2735241 0.4888443 0.3196683 0.4796657 0.1803316 0.4796656 0.3196683 0.4796657 0.3631352 0.4616611 0.1803316 0.4796656 0.3631352 0.4616611 0.4022544 0.4355225 0.4796657 0.3196683 0.4022544 0.4355225 0.4355225 0.4022544 0.4796657 0.3196683 0.4355225 0.4022544 0.4616611 0.3631352 0.4796657 0.3196683 0.4796657 0.3196683 0.4888443 0.2735241 0.4888443 0.2264758 0.4888443 0.2264758 0.4796656 0.1803317 0.4796657 0.3196683 0.4796656 0.1803317 0.4616611 0.1368648 0.4796657 0.3196683 0.4616611 0.1368648 0.4355225 0.09774559 0.4022544 0.06447744 0.4022544 0.06447744 0.3631352 0.03833889 0.4616611 0.1368648 0.3631352 0.03833889 0.3196683 0.0203343 0.4616611 0.1368648 0.3196683 0.0203343 0.2735241 0.01115566 0.1368647 0.03833889 0.2735241 0.01115566 0.2264759 0.01115566 0.1368647 0.03833889 0.2264759 0.01115566 0.1803317 0.0203343 0.1368647 0.03833889 0.1368647 0.03833889 0.09774559 0.06447744 0.0644775 0.09774559 0.0644775 0.09774559 0.03833889 0.1368648 0.1368647 0.03833889 0.03833889 0.1368648 0.0203343 0.1803317 0.1368647 0.03833889 0.0203343 0.1803317 0.01115566 0.2264759 0.01115566 0.2735241 0.01115566 0.2735241 0.0203343 0.3196683 0.03833889 0.3631352 0.03833889 0.3631352 0.0644775 0.4022544 0.09774559 0.4355225 0.09774559 0.4355225 0.1368648 0.4616611 0.1803316 0.4796656 0.0203343 0.1803317 0.01115566 0.2735241 0.1803316 0.4796656 0.01115566 0.2735241 0.03833889 0.3631352 0.1803316 0.4796656 0.03833889 0.3631352 0.09774559 0.4355225 0.1803316 0.4796656 0.1803316 0.4796656 0.3631352 0.4616611 0.4796657 0.3196683 0.4796657 0.3196683 0.4616611 0.1368648 0.1803316 0.4796656 0.4616611 0.1368648 0.3196683 0.0203343 0.1803316 0.4796656 0.3196683 0.0203343 0.1368647 0.03833889 0.1803316 0.4796656 0.7031784 0.4853885 0.046875 1 0.078125 1 0.515625 1 0.546875 1 0.841844 0.02826887 0.805945 0.5214118 0.506011 0.334919 0.3196683 0.0203343 0.8461703 0.2982441 0.5390991 0.390596 0.3631352 0.03833889 0.8668206 0.5184824 0.5722174 0.3967893 0.4022544 0.06447744 0.9006716 0.3576549 0.6082869 0.3209296 0.4355225 0.09774559 0.918498 0.3920081 0.633978 0.413945 0.4616611 0.1368648 0.9294223 0.4277341 0.6620921 0.4242454 0.4796656 0.1803317 0.1717314 0.457265 0.0203343 0.3196683 0.234375 1 0.1521519 0.4675659 0.03833889 0.3631352 0.203125 1 0.1345018 0.4768363 0.0644775 0.4022544 0.171875 1 0.1726836 0.3816435 0.09774559 0.4355225 0.140625 1 0.1829138 0.3882942 0.1368648 0.4616611 0.109375 1 0.09042358 0.4951812 0.1803316 0.4796656 0.078125 1 0.07752311 0.497359 0.2264758 0.4888443 0.046875 1 0.5192605 0.6189401 0.7031784 0.4853885 0 0.5 0.8149313 0.4951812 0.3196683 0.4796657 0.984375 1 0.6810011 0.4023163 0.3631352 0.4616611 0.953125 1 0.7868138 0.4847202 0.4022544 0.4355225 0.921875 1 0.7708531 0.4768363 0.4355225 0.4022544 0.890625 1 0.8400472 0.6184896 0.828125 1 0.859375 1 0.7336252 0.4572651 0.4796657 0.3196683 0.828125 1 0.7119539 0.4463294 0.4888443 0.2735241 0.796875 1 0.6881117 0.4351806 0.4888443 0.2264758 0.765625 1 0.4734316 0.3576555 0.2172433 0.4351805 0.01115566 0.2264759 0.4977594 0.3259961 0.243261 0.4242464 0.0203343 0.1803317 0.5279412 0.298245 0.2713742 0.4139449 0.03833889 0.1368648 0.5720421 0.4729119 0.2984274 0.3386316 0.0644775 0.09774559 0.6021571 0.2585508 0.3331409 0.3967903 0.09774559 0.06447744 0.6439208 0.2481279 0.365812 0.3473946 0.1368647 0.03833889 0.1803316 0.4796656 0.2264758 0.4888443 0.2735241 0.4888443 0.2735241 0.4888443 0.3196683 0.4796657 0.1803316 0.4796656 0.3196683 0.4796657 0.3631352 0.4616611 0.1803316 0.4796656 0.3631352 0.4616611 0.4022544 0.4355225 0.09774559 0.4355225 0.4022544 0.4355225 0.4355225 0.4022544 0.09774559 0.4355225 0.4355225 0.4022544 0.4616611 0.3631352 0.03833889 0.3631352 0.4616611 0.3631352 0.4796657 0.3196683 0.03833889 0.3631352 0.4796657 0.3196683 0.4888443 0.2735241 0.01115566 0.2264759 0.4888443 0.2735241 0.4888443 0.2264758 0.0203343 0.1803317 0.4888443 0.2264758 0.4796656 0.1803317 0.0203343 0.1803317 0.4796656 0.1803317 0.4616611 0.1368648 0.0203343 0.1803317 0.4616611 0.1368648 0.4355225 0.09774559 0.0644775 0.09774559 0.4355225 0.09774559 0.4022544 0.06447744 0.0644775 0.09774559 0.4022544 0.06447744 0.3631352 0.03833889 0.3196683 0.0203343 0.3196683 0.0203343 0.2735241 0.01115566 0.2264759 0.01115566 0.2264759 0.01115566 0.1803317 0.0203343 0.3196683 0.0203343 0.1803317 0.0203343 0.1368647 0.03833889 0.3196683 0.0203343 0.1368647 0.03833889 0.09774559 0.06447744 0.4022544 0.06447744 0.09774559 0.06447744 0.0644775 0.09774559 0.4022544 0.06447744 0.0644775 0.09774559 0.03833889 0.1368648 0.4616611 0.1368648 0.03833889 0.1368648 0.0203343 0.1803317 0.4616611 0.1368648 0.0203343 0.1803317 0.01115566 0.2264759 0.4888443 0.2735241 0.01115566 0.2264759 0.01115566 0.2735241 0.4796657 0.3196683 0.01115566 0.2735241 0.0203343 0.3196683 0.4796657 0.3196683 0.0203343 0.3196683 0.03833889 0.3631352 0.4796657 0.3196683 0.03833889 0.3631352 0.0644775 0.4022544 0.4355225 0.4022544 0.0644775 0.4022544 0.09774559 0.4355225 0.4355225 0.4022544 0.09774559 0.4355225 0.1368648 0.4616611 0.1803316 0.4796656 0.3631352 0.4616611 0.09774559 0.4355225 0.1803316 0.4796656 0.6862118 0.501756 0.400516 0.3510649 0.1803317 0.0203343 0.7296187 0.5160756 0.4352527 0.3499385 0.2264759 0.01115566 0.841844 0.4717311 0.7968217 0.4853885 0.75 0.49 0.75 0.49 0.7031784 0.4853885 0.658156 0.4717311 0.658156 0.4717311 0.6166631 0.4495527 0.5802944 0.4197056 0.5802944 0.4197056 0.5504473 0.3833368 0.658156 0.4717311 0.5504473 0.3833368 0.5282689 0.341844 0.658156 0.4717311 0.5282689 0.341844 0.5146116 0.2968217 0.51 0.25 0.51 0.25 0.5146116 0.2031783 0.5282689 0.1581559 0.5282689 0.1581559 0.5504474 0.116663 0.5802944 0.08029437 0.5802944 0.08029437 0.6166631 0.05044728 0.5282689 0.1581559 0.6166631 0.05044728 0.658156 0.02826887 0.5282689 0.1581559 0.658156 0.02826887 0.7031784 0.01461148 0.75 0.00999999 0.75 0.00999999 0.7968217 0.01461148 0.841844 0.02826887 0.841844 0.02826887 0.8833369 0.05044728 0.9197056 0.08029437 0.9197056 0.08029437 0.9495527 0.1166631 0.9717311 0.1581559 0.9717311 0.1581559 0.9853885 0.2031783 0.99 0.25 0.99 0.25 0.9853885 0.2968217 0.9717311 0.1581559 0.9853885 0.2968217 0.9717311 0.341844 0.9717311 0.1581559 0.9717311 0.341844 0.9495527 0.3833369 0.9197056 0.4197056 0.9197056 0.4197056 0.8833369 0.4495527 0.841844 0.4717311 0.841844 0.4717311 0.75 0.49 0.5282689 0.341844 0.75 0.49 0.658156 0.4717311 0.5282689 0.341844 0.5282689 0.341844 0.51 0.25 0.5282689 0.1581559 0.658156 0.02826887 0.75 0.00999999 0.9717311 0.1581559 0.75 0.00999999 0.841844 0.02826887 0.9717311 0.1581559 0.841844 0.02826887 0.9197056 0.08029437 0.9717311 0.1581559 0.9717311 0.341844 0.9197056 0.4197056 0.9717311 0.1581559 0.9197056 0.4197056 0.841844 0.4717311 0.9717311 0.1581559 0.5282689 0.341844 0.5282689 0.1581559 0.841844 0.4717311 0.5282689 0.1581559 0.658156 0.02826887 0.841844 0.4717311 0.25 0.5 0.193399 0.44633 0.4556069 0.3920084 0.578125 1 0.609375 1 0.9197056 0.08029437 0.4375 0.5 0.421875 1 0.390625 1 0.6166631 0.4495527 0.109375 1 0.140625 1 0.40625 0.5 0.390625 1 0.359375 1 0.703125 1 0.734375 1 0.99 0.25 0.484375 1 0.515625 1 0.7968217 0.01461148 0.6166631 0.4495527 0.125 0.5 0.140625 1 0.75 0.5 0.734375 1 0.703125 1 0.65625 0.5 0.640625 1 0.609375 1 0.51 0.25 0.28125 0.5 0.296875 1 0.3125 0.5 0.328125 1 0.296875 1 0.34375 0.5 0.359375 1 0.328125 1 0.5146116 0.2968217 0.25 0.5 0.265625 1 0.5282689 0.341844 0.21875 0.5 0.234375 1 0.5504473 0.3833368 0.1875 0.5 0.203125 1 0.46875 0.5 0.453125 1 0.421875 1 0.5 0.5 0.484375 1 0.453125 1 0.53125 0.5 0.515625 1 0.484375 1 0.7031784 0.4853885 0.0625 0.5 0.078125 1 0.046875 1 0.015625 1 0.75 0.49 0.5802944 0.4197056 0.15625 0.5 0.171875 1 0.6875 0.5 0.671875 1 0.640625 1 0.71875 0.5 0.703125 1 0.671875 1 0.9495527 0.3833369 0.875 0.5 0.859375 1 0.9717311 0.341844 0.84375 0.5 0.828125 1 0.78125 0.5 0.765625 1 0.734375 1 0.9197056 0.4197056 0.90625 0.5 0.890625 1 0.8833369 0.4495527 0.9375 0.5 0.921875 1 0.953125 1 0.921875 1 0.841844 0.4717311 0.984375 1 0.953125 1 0.7968217 0.4853885 0.59375 0.5 0.578125 1 0.546875 1 0.5625 0.5 0.546875 1 0.515625 1 0.658156 0.4717311 0.09375 0.5 0.109375 1 0.7031784 0.4853885 0.75 0.49 0.7968217 0.4853885 0.7968217 0.4853885 0.841844 0.4717311 0.7031784 0.4853885 0.841844 0.4717311 0.8833369 0.4495527 0.7031784 0.4853885 0.8833369 0.4495527 0.9197056 0.4197056 0.9495527 0.3833369 0.9495527 0.3833369 0.9717311 0.341844 0.9853885 0.2968217 0.9853885 0.2968217 0.99 0.25 0.9853885 0.2031783 0.9853885 0.2031783 0.9717311 0.1581559 0.9495527 0.1166631 0.9495527 0.1166631 0.9197056 0.08029437 0.8833369 0.05044728 0.8833369 0.05044728 0.841844 0.02826887 0.9495527 0.1166631 0.841844 0.02826887 0.7968217 0.01461148 0.9495527 0.1166631 0.7968217 0.01461148 0.75 0.00999999 0.6166631 0.05044728 0.75 0.00999999 0.7031784 0.01461148 0.6166631 0.05044728 0.7031784 0.01461148 0.658156 0.02826887 0.6166631 0.05044728 0.6166631 0.05044728 0.5802944 0.08029437 0.5504474 0.116663 0.5504474 0.116663 0.5282689 0.1581559 0.5146116 0.2031783 0.5146116 0.2031783 0.51 0.25 0.5504473 0.3833368 0.51 0.25 0.5146116 0.2968217 0.5504473 0.3833368 0.5146116 0.2968217 0.5282689 0.341844 0.5504473 0.3833368 0.5504473 0.3833368 0.5802944 0.4197056 0.6166631 0.4495527 0.6166631 0.4495527 0.658156 0.4717311 0.5504473 0.3833368 0.658156 0.4717311 0.7031784 0.4853885 0.5504473 0.3833368 0.8833369 0.4495527 0.9495527 0.3833369 0.7031784 0.4853885 0.9495527 0.3833369 0.9853885 0.2968217 0.7031784 0.4853885 0.9853885 0.2968217 0.9853885 0.2031783 0.9495527 0.1166631 0.6166631 0.05044728 0.5504474 0.116663 0.7968217 0.01461148 0.5504474 0.116663 0.5146116 0.2031783 0.7968217 0.01461148 0.9853885 0.2968217 0.9495527 0.1166631 0.7031784 0.4853885 0.9495527 0.1166631 0.7968217 0.01461148 0.7031784 0.4853885 0.5146116 0.2031783 0.5504473 0.3833368 0.7968217 0.01461148 0.953125 1 0.984375 1 0.015625 1 0.015625 1 0.046875 1 0.078125 1 0.078125 1 0.109375 1 0.203125 1 0.109375 1 0.140625 1 0.203125 1 0.140625 1 0.171875 1 0.203125 1 0.203125 1 0.234375 1 0.265625 1 0.265625 1 0.296875 1 0.328125 1 0.328125 1 0.359375 1 0.453125 1 0.359375 1 0.390625 1 0.453125 1 0.390625 1 0.421875 1 0.453125 1 0.453125 1 0.484375 1 0.515625 1 0.515625 1 0.546875 1 0.453125 1 0.546875 1 0.578125 1 0.453125 1 0.578125 1 0.609375 1 0.640625 1 0.640625 1 0.671875 1 0.703125 1 0.703125 1 0.734375 1 0.828125 1 0.734375 1 0.765625 1 0.828125 1 0.765625 1 0.796875 1 0.828125 1 0.828125 1 0.859375 1 0.890625 1 0.890625 1 0.921875 1 0.953125 1 0.953125 1 0.015625 1 0.203125 1 0.015625 1 0.078125 1 0.203125 1 0.203125 1 0.265625 1 0.453125 1 0.265625 1 0.328125 1 0.453125 1 0.578125 1 0.640625 1 0.453125 1 0.640625 1 0.703125 1 0.453125 1 0.828125 1 0.890625 1 0.953125 1 0.703125 1 0.828125 1 0.453125 1 0.828125 1 0.953125 1 0.453125 1 0.625 0.5 0.609375 1 0.578125 1 0.8125 0.5 0.796875 1 0.765625 1 0.7719426 0.2585485 0.4701744 0.3841543 0.2735241 0.01115566 0.75 0.00999999 0.46875 0.5 0.400516 0.3510649 0.5802944 0.08029437 0.34375 0.5 0.2713742 0.4139449 0.78125 0.5 0.7119539 0.4463294 0.9302956 0.4978134 0.90625 0.5 0.7868138 0.4847202 0.8608105 0.5969214 0.03125 0.5 0.07752311 0.497359 0.5132951 0.5969198 0.15625 0.5 0.1345018 0.4768363 0.4438114 0.4978127 0.6875 0.5 0.633978 0.413945 0.918498 0.3920081 0.8833369 0.05044728 0.5625 0.5 0.506011 0.334919 0.9197056 0.08029437 0.59375 0.5 0.5390991 0.390596 0.71875 0.5 0.6620921 0.4242454 0.9294223 0.4277341 0.125 0.5 0.1726836 0.3816435 0.43396 0.5663507 0.015625 1 0.5192605 0.6189401 0.2395094 0.4007789 0.875 0.5 0.7708531 0.4768363 0.885064 0.5799969 0.75 0.5 0.6881117 0.4351806 0.9333074 0.4634598 0.6166631 0.05044728 0.375 0.5 0.2984274 0.3386316 0.7968217 0.01461148 0.5 0.5 0.4352527 0.3499385 0.7031784 0.01461148 0.4375 0.5 0.365812 0.3473946 0.3125 0.5 0.243261 0.4242464 0.4977594 0.3259961 0.8125 0.5 0.7336252 0.4572651 0.920777 0.529473 0.9375 0.5 0.6810011 0.4023163 0.854105 0.6222382 0.0625 0.5 0.09042358 0.4951812 0.4678645 0.6000522 0.1875 0.5 0.1521519 0.4675659 0.4407989 0.4634604 0.65625 0.5 0.6082869 0.3209296 0.9006716 0.3576549 0.9495527 0.1166631 0.625 0.5 0.5722174 0.3967893 0.21875 0.5 0.1717314 0.457265 0.4446808 0.4277343 0.09375 0.5 0.1829138 0.3882942 0.4476318 0.5846105 0.96875 0.5 0.8149313 0.4951812 0.8055419 0.6108592 0.84375 0.5 0.8400472 0.6184896 0.9054086 0.5572231 0.28125 0.5 0.2172433 0.4351805 0.4734316 0.3576555 0.658156 0.02826887 0.40625 0.5 0.3331409 0.3967903 0.841844 0.02826887 0.53125 0.5 0.4701744 0.3841543 0.4556069 0.3920084 0.193399 0.44633 0.01115566 0.2735241 0.9717311 0.1581559 0.671875 1 0.640625 1 0.9853885 0.2031783 0.703125 1 0.671875 1 0.51 0.25 0.265625 1 0.234375 1 0.796875 1 0.765625 1 0.99 0.25 0.5504474 0.116663 0.328125 1 0.296875 1 0.5802944 0.08029437 0.359375 1 0.328125 1 0.890625 1 0.859375 1 0.9495527 0.3833369 0.658156 0.02826887 0.421875 1 0.390625 1 0.953125 1 0.921875 1 0.8833369 0.4495527 0.75 0.00999999 0.484375 1 0.453125 1 0.75 0.49 0.7031784 0.4853885 0.046875 1 0.984375 1 0.953125 1 0.841844 0.4717311 0.109375 1 0.078125 1 0.658156 0.4717311 0.921875 1 0.890625 1 0.9197056 0.4197056 0.234375 1 0.203125 1 0.5282689 0.341844 0.171875 1 0.140625 1 0.5802944 0.4197056 0.5282689 0.1581559 0.296875 1 0.265625 1 0.203125 1 0.171875 1 0.5504473 0.3833368 0.859375 1 0.828125 1 0.9717311 0.341844 0.828125 1 0.796875 1 0.9853885 0.2968217 0.9495527 0.1166631 0.640625 1 0.609375 1 0.6166631 0.05044728 0.390625 1 0.359375 1 0.8833369 0.05044728 0.578125 1 0.546875 1 0.7031784 0.01461148 0.453125 1 0.421875 1 0.2264758 0.4888443 0.2735241 0.4888443 0.7968217 0.4853885 0.75 0.49 0.7968217 0.4853885 0.841844 0.4717311 0.841844 0.4717311 0.8833369 0.4495527 0.9197056 0.4197056 0.9197056 0.4197056 0.9495527 0.3833369 0.9717311 0.341844 0.9717311 0.341844 0.9853885 0.2968217 0.99 0.25 0.99 0.25 0.9853885 0.2031783 0.9717311 0.1581559 0.9717311 0.1581559 0.9495527 0.1166631 0.9197056 0.08029437 0.9197056 0.08029437 0.8833369 0.05044728 0.841844 0.02826887 0.841844 0.02826887 0.7968217 0.01461148 0.75 0.00999999 0.75 0.00999999 0.7031784 0.01461148 0.658156 0.02826887 0.658156 0.02826887 0.6166631 0.05044728 0.5802944 0.08029437 0.5802944 0.08029437 0.5504474 0.116663 0.5282689 0.1581559 0.5282689 0.1581559 0.5146116 0.2031783 0.51 0.25 0.51 0.25 0.5146116 0.2968217 0.5282689 0.341844 0.5282689 0.341844 0.5504473 0.3833368 0.5802944 0.4197056 0.5802944 0.4197056 0.6166631 0.4495527 0.658156 0.4717311 0.658156 0.4717311 0.7031784 0.4853885 0.75 0.49 0.75 0.49 0.841844 0.4717311 0.99 0.25 0.841844 0.4717311 0.9197056 0.4197056 0.99 0.25 0.9197056 0.4197056 0.9717311 0.341844 0.99 0.25 0.99 0.25 0.9717311 0.1581559 0.9197056 0.08029437 0.9197056 0.08029437 0.841844 0.02826887 0.99 0.25 0.841844 0.02826887 0.75 0.00999999 0.99 0.25 0.75 0.00999999 0.658156 0.02826887 0.51 0.25 0.658156 0.02826887 0.5802944 0.08029437 0.51 0.25 0.5802944 0.08029437 0.5282689 0.1581559 0.51 0.25 0.51 0.25 0.5282689 0.341844 0.75 0.49 0.5282689 0.341844 0.5802944 0.4197056 0.75 0.49 0.5802944 0.4197056 0.658156 0.4717311 0.75 0.49 0.75 0.49 0.99 0.25 0.75 0.00999999 0.2735241 0.4888443 0.2264758 0.4888443 0.1803316 0.4796656 0.1803316 0.4796656 0.1368648 0.4616611 0.09774559 0.4355225 0.09774559 0.4355225 0.0644775 0.4022544 0.03833889 0.3631352 0.03833889 0.3631352 0.0203343 0.3196683 0.09774559 0.4355225 0.0203343 0.3196683 0.01115566 0.2735241 0.09774559 0.4355225 0.01115566 0.2735241 0.01115566 0.2264759 0.0644775 0.09774559 0.01115566 0.2264759 0.0203343 0.1803317 0.0644775 0.09774559 0.0203343 0.1803317 0.03833889 0.1368648 0.0644775 0.09774559 0.0644775 0.09774559 0.09774559 0.06447744 0.1368647 0.03833889 0.1368647 0.03833889 0.1803317 0.0203343 0.2264759 0.01115566 0.2264759 0.01115566 0.2735241 0.01115566 0.3196683 0.0203343 0.3196683 0.0203343 0.3631352 0.03833889 0.2264759 0.01115566 0.3631352 0.03833889 0.4022544 0.06447744 0.2264759 0.01115566 0.4022544 0.06447744 0.4355225 0.09774559 0.4888443 0.2264758 0.4355225 0.09774559 0.4616611 0.1368648 0.4888443 0.2264758 0.4616611 0.1368648 0.4796656 0.1803317 0.4888443 0.2264758 0.4888443 0.2264758 0.4888443 0.2735241 0.4796657 0.3196683 0.4796657 0.3196683 0.4616611 0.3631352 0.4355225 0.4022544 0.4355225 0.4022544 0.4022544 0.4355225 0.3631352 0.4616611 0.3631352 0.4616611 0.3196683 0.4796657 0.4355225 0.4022544 0.3196683 0.4796657 0.2735241 0.4888443 0.4355225 0.4022544 0.2735241 0.4888443 0.1803316 0.4796656 0.01115566 0.2735241 0.1803316 0.4796656 0.09774559 0.4355225 0.01115566 0.2735241 0.0644775 0.09774559 0.1368647 0.03833889 0.2264759 0.01115566 0.4888443 0.2264758 0.4796657 0.3196683 0.4355225 0.4022544 0.01115566 0.2735241 0.0644775 0.09774559 0.2735241 0.4888443 0.0644775 0.09774559 0.2264759 0.01115566 0.2735241 0.4888443 0.2264759 0.01115566 0.4022544 0.06447744 0.4888443 0.2264758 0.4888443 0.2264758 0.4355225 0.4022544 0.2264759 0.01115566 0.078125 1 0.046875 1 0.7031784 0.4853885 0.841844 0.02826887 0.546875 1 0.515625 1 0.805945 0.5214118 0.578125 1 0.3196683 0.0203343 0.8461703 0.2982441 0.609375 1 0.3631352 0.03833889 0.8668206 0.5184824 0.640625 1 0.4022544 0.06447744 0.9006716 0.3576549 0.671875 1 0.4355225 0.09774559 0.918498 0.3920081 0.703125 1 0.4616611 0.1368648 0.9294223 0.4277341 0.734375 1 0.4796656 0.1803317 0.234375 1 0.0203343 0.3196683 0.1717314 0.457265 0.203125 1 0.03833889 0.3631352 0.1521519 0.4675659 0.171875 1 0.0644775 0.4022544 0.1345018 0.4768363 0.140625 1 0.09774559 0.4355225 0.1726836 0.3816435 0.109375 1 0.1368648 0.4616611 0.1829138 0.3882942 0.078125 1 0.1803316 0.4796656 0.09042358 0.4951812 0.046875 1 0.2264758 0.4888443 0.07752311 0.497359 0.5192605 0.6189401 0.2395094 0.4007789 0 0.5 0.984375 1 0.3196683 0.4796657 0.8149313 0.4951812 0.953125 1 0.3631352 0.4616611 0.6810011 0.4023163 0.921875 1 0.4022544 0.4355225 0.7868138 0.4847202 0.890625 1 0.4355225 0.4022544 0.7708531 0.4768363 0.859375 1 0.828125 1 0.8400472 0.6184896 0.828125 1 0.4796657 0.3196683 0.7336252 0.4572651 0.796875 1 0.4888443 0.2735241 0.7119539 0.4463294 0.765625 1 0.4888443 0.2264758 0.6881117 0.4351806 0.4734316 0.3576555 0.296875 1 0.01115566 0.2264759 0.4977594 0.3259961 0.328125 1 0.0203343 0.1803317 0.5279412 0.298245 0.359375 1 0.03833889 0.1368648 0.5720421 0.4729119 0.390625 1 0.0644775 0.09774559 0.6021571 0.2585508 0.421875 1 0.09774559 0.06447744 0.6439208 0.2481279 0.453125 1 0.1368647 0.03833889 0.2735241 0.4888443 0.2264758 0.4888443 0.1803316 0.4796656 0.1803316 0.4796656 0.1368648 0.4616611 0.2735241 0.4888443 0.1368648 0.4616611 0.09774559 0.4355225 0.2735241 0.4888443 0.09774559 0.4355225 0.0644775 0.4022544 0.4355225 0.4022544 0.0644775 0.4022544 0.03833889 0.3631352 0.4355225 0.4022544 0.03833889 0.3631352 0.0203343 0.3196683 0.4355225 0.4022544 0.0203343 0.3196683 0.01115566 0.2735241 0.4616611 0.3631352 0.4355225 0.4022544 0.0203343 0.3196683 0.4616611 0.3631352 0.01115566 0.2735241 0.01115566 0.2264759 0.4888443 0.2264758 0.01115566 0.2264759 0.0203343 0.1803317 0.4888443 0.2264758 0.0203343 0.1803317 0.03833889 0.1368648 0.4888443 0.2264758 0.03833889 0.1368648 0.0644775 0.09774559 0.4796656 0.1803317 0.4888443 0.2264758 0.03833889 0.1368648 0.4796656 0.1803317 0.0644775 0.09774559 0.09774559 0.06447744 0.4022544 0.06447744 0.09774559 0.06447744 0.1368647 0.03833889 0.4022544 0.06447744 0.1368647 0.03833889 0.1803317 0.0203343 0.2264759 0.01115566 0.2264759 0.01115566 0.2735241 0.01115566 0.3196683 0.0203343 0.3196683 0.0203343 0.3631352 0.03833889 0.2264759 0.01115566 0.3631352 0.03833889 0.4022544 0.06447744 0.2264759 0.01115566 0.4022544 0.06447744 0.4355225 0.09774559 0.0644775 0.09774559 0.4355225 0.09774559 0.4616611 0.1368648 0.0644775 0.09774559 0.4616611 0.1368648 0.4796656 0.1803317 0.0644775 0.09774559 0.4888443 0.2264758 0.4888443 0.2735241 0.01115566 0.2735241 0.4888443 0.2735241 0.4796657 0.3196683 0.01115566 0.2735241 0.4796657 0.3196683 0.4616611 0.3631352 0.01115566 0.2735241 0.4355225 0.4022544 0.4022544 0.4355225 0.09774559 0.4355225 0.4022544 0.4355225 0.3631352 0.4616611 0.09774559 0.4355225 0.3631352 0.4616611 0.3196683 0.4796657 0.2735241 0.4888443 0.1368647 0.03833889 0.2264759 0.01115566 0.4022544 0.06447744 0.6862118 0.501756 0.484375 1 0.1803317 0.0203343 0.7296187 0.5160756 0.515625 1 0.2264759 0.01115566 0.75 0.49 0.7968217 0.4853885 0.9197056 0.4197056 0.7968217 0.4853885 0.841844 0.4717311 0.9197056 0.4197056 0.841844 0.4717311 0.8833369 0.4495527 0.9197056 0.4197056 0.9197056 0.4197056 0.9495527 0.3833369 0.9717311 0.341844 0.9717311 0.341844 0.9853885 0.2968217 0.9197056 0.4197056 0.9853885 0.2968217 0.99 0.25 0.9197056 0.4197056 0.99 0.25 0.9853885 0.2031783 0.9197056 0.08029437 0.9853885 0.2031783 0.9717311 0.1581559 0.9197056 0.08029437 0.9717311 0.1581559 0.9495527 0.1166631 0.9197056 0.08029437 0.9197056 0.08029437 0.8833369 0.05044728 0.75 0.00999999 0.8833369 0.05044728 0.841844 0.02826887 0.75 0.00999999 0.841844 0.02826887 0.7968217 0.01461148 0.75 0.00999999 0.75 0.00999999 0.7031784 0.01461148 0.658156 0.02826887 0.658156 0.02826887 0.6166631 0.05044728 0.75 0.00999999 0.6166631 0.05044728 0.5802944 0.08029437 0.75 0.00999999 0.5802944 0.08029437 0.5504474 0.116663 0.5282689 0.1581559 0.5282689 0.1581559 0.5146116 0.2031783 0.51 0.25 0.51 0.25 0.5146116 0.2968217 0.5282689 0.341844 0.5282689 0.341844 0.5504473 0.3833368 0.5802944 0.4197056 0.5802944 0.4197056 0.6166631 0.4495527 0.75 0.49 0.6166631 0.4495527 0.658156 0.4717311 0.75 0.49 0.658156 0.4717311 0.7031784 0.4853885 0.75 0.49 0.5802944 0.08029437 0.5282689 0.1581559 0.51 0.25 0.51 0.25 0.5282689 0.341844 0.75 0.49 0.5282689 0.341844 0.5802944 0.4197056 0.75 0.49 0.75 0.49 0.9197056 0.4197056 0.99 0.25 0.99 0.25 0.9197056 0.08029437 0.75 0.49 0.9197056 0.08029437 0.75 0.00999999 0.75 0.49 0.75 0.00999999 0.5802944 0.08029437 0.75 0.49 0.4556069 0.3920084 0.193399 0.44633 0.25 0.5 0.9197056 0.08029437 0.609375 1 0.578125 1 0.390625 1 0.421875 1 0.4375 0.5 0.140625 1 0.109375 1 0.6166631 0.4495527 0.359375 1 0.390625 1 0.40625 0.5 0.99 0.25 0.734375 1 0.703125 1 0.7968217 0.01461148 0.515625 1 0.484375 1 0.6166631 0.4495527 0.109375 1 0.140625 1 0.703125 1 0.734375 1 0.75 0.5 0.609375 1 0.640625 1 0.65625 0.5 0.51 0.25 0.265625 1 0.296875 1 0.296875 1 0.328125 1 0.3125 0.5 0.328125 1 0.359375 1 0.34375 0.5 0.5146116 0.2968217 0.234375 1 0.265625 1 0.5282689 0.341844 0.203125 1 0.234375 1 0.5504473 0.3833368 0.171875 1 0.203125 1 0.421875 1 0.453125 1 0.46875 0.5 0.453125 1 0.484375 1 0.5 0.5 0.484375 1 0.515625 1 0.53125 0.5 0.7031784 0.4853885 0.046875 1 0.078125 1 0.046875 1 0.03125 0.5 0.75 0.49 0.5802944 0.4197056 0.140625 1 0.171875 1 0.640625 1 0.671875 1 0.6875 0.5 0.671875 1 0.703125 1 0.71875 0.5 0.9495527 0.3833369 0.828125 1 0.859375 1 0.9717311 0.341844 0.796875 1 0.828125 1 0.734375 1 0.765625 1 0.78125 0.5 0.9197056 0.4197056 0.859375 1 0.890625 1 0.8833369 0.4495527 0.890625 1 0.921875 1 0.953125 1 0.96875 0.5 0.841844 0.4717311 0.984375 1 1 0.5 0.7968217 0.4853885 0.546875 1 0.578125 1 0.59375 0.5 0.515625 1 0.546875 1 0.5625 0.5 0.658156 0.4717311 0.078125 1 0.109375 1 0.7968217 0.4853885 0.75 0.49 0.6166631 0.4495527 0.75 0.49 0.7031784 0.4853885 0.6166631 0.4495527 0.7031784 0.4853885 0.658156 0.4717311 0.6166631 0.4495527 0.6166631 0.4495527 0.5802944 0.4197056 0.5504473 0.3833368 0.5504473 0.3833368 0.5282689 0.341844 0.5146116 0.2968217 0.5146116 0.2968217 0.51 0.25 0.5504474 0.116663 0.51 0.25 0.5146116 0.2031783 0.5504474 0.116663 0.5146116 0.2031783 0.5282689 0.1581559 0.5504474 0.116663 0.5504474 0.116663 0.5802944 0.08029437 0.6166631 0.05044728 0.6166631 0.05044728 0.658156 0.02826887 0.5504474 0.116663 0.658156 0.02826887 0.7031784 0.01461148 0.5504474 0.116663 0.7031784 0.01461148 0.75 0.00999999 0.8833369 0.05044728 0.75 0.00999999 0.7968217 0.01461148 0.8833369 0.05044728 0.7968217 0.01461148 0.841844 0.02826887 0.8833369 0.05044728 0.8833369 0.05044728 0.9197056 0.08029437 0.9495527 0.1166631 0.9495527 0.1166631 0.9717311 0.1581559 0.9853885 0.2031783 0.9853885 0.2031783 0.99 0.25 0.9853885 0.2968217 0.9853885 0.2968217 0.9717311 0.341844 0.9495527 0.3833369 0.9495527 0.3833369 0.9197056 0.4197056 0.8833369 0.4495527 0.8833369 0.4495527 0.841844 0.4717311 0.9495527 0.3833369 0.841844 0.4717311 0.7968217 0.4853885 0.9495527 0.3833369 0.6166631 0.4495527 0.5504473 0.3833368 0.7968217 0.4853885 0.5504473 0.3833368 0.5146116 0.2968217 0.7968217 0.4853885 0.8833369 0.05044728 0.9495527 0.1166631 0.7031784 0.01461148 0.9495527 0.1166631 0.9853885 0.2031783 0.7031784 0.01461148 0.9853885 0.2031783 0.9853885 0.2968217 0.9495527 0.3833369 0.5146116 0.2968217 0.5504474 0.116663 0.7031784 0.01461148 0.9853885 0.2031783 0.9495527 0.3833369 0.7968217 0.4853885 0.7968217 0.4853885 0.5146116 0.2968217 0.9853885 0.2031783 0.015625 1 0.984375 1 0.890625 1 0.984375 1 0.953125 1 0.890625 1 0.953125 1 0.921875 1 0.890625 1 0.890625 1 0.859375 1 0.828125 1 0.828125 1 0.796875 1 0.765625 1 0.765625 1 0.734375 1 0.640625 1 0.734375 1 0.703125 1 0.640625 1 0.703125 1 0.671875 1 0.640625 1 0.640625 1 0.609375 1 0.578125 1 0.578125 1 0.546875 1 0.640625 1 0.546875 1 0.515625 1 0.640625 1 0.515625 1 0.484375 1 0.453125 1 0.453125 1 0.421875 1 0.390625 1 0.390625 1 0.359375 1 0.265625 1 0.359375 1 0.328125 1 0.265625 1 0.328125 1 0.296875 1 0.265625 1 0.265625 1 0.234375 1 0.203125 1 0.203125 1 0.171875 1 0.265625 1 0.171875 1 0.140625 1 0.265625 1 0.140625 1 0.109375 1 0.015625 1 0.109375 1 0.078125 1 0.015625 1 0.078125 1 0.046875 1 0.015625 1 0.890625 1 0.828125 1 0.765625 1 0.515625 1 0.453125 1 0.265625 1 0.453125 1 0.390625 1 0.265625 1 0.015625 1 0.890625 1 0.765625 1 0.765625 1 0.640625 1 0.015625 1 0.640625 1 0.515625 1 0.015625 1 0.265625 1 0.140625 1 0.015625 1 0.578125 1 0.609375 1 0.625 0.5 0.765625 1 0.796875 1 0.8125 0.5 0.7719426 0.2585485 0.546875 1 0.2735241 0.01115566 0.75 0.00999999 0.6862118 0.501756 0.400516 0.3510649 0.5802944 0.08029437 0.5279412 0.298245 0.2713742 0.4139449 0.9302956 0.4978134 0.7119539 0.4463294 0.78125 0.5 0.8608105 0.5969214 0.7868138 0.4847202 0.90625 0.5 0.5132951 0.5969198 0.07752311 0.497359 0.03125 0.5 0.4438114 0.4978127 0.1345018 0.4768363 0.15625 0.5 0.918498 0.3920081 0.633978 0.413945 0.6875 0.5 0.8833369 0.05044728 0.805945 0.5214118 0.506011 0.334919 0.9197056 0.08029437 0.8461703 0.2982441 0.5390991 0.390596 0.9294223 0.4277341 0.6620921 0.4242454 0.71875 0.5 0.43396 0.5663507 0.1726836 0.3816435 0.125 0.5 0.015625 1 0.2735241 0.4888443 0.2395094 0.4007789 0.885064 0.5799969 0.7708531 0.4768363 0.875 0.5 0.9333074 0.4634598 0.6881117 0.4351806 0.75 0.5 0.6166631 0.05044728 0.5720421 0.4729119 0.2984274 0.3386316 0.7968217 0.01461148 0.7296187 0.5160756 0.4352527 0.3499385 0.7031784 0.01461148 0.6439208 0.2481279 0.365812 0.3473946 0.4977594 0.3259961 0.243261 0.4242464 0.3125 0.5 0.920777 0.529473 0.7336252 0.4572651 0.8125 0.5 0.854105 0.6222382 0.6810011 0.4023163 0.9375 0.5 0.4678645 0.6000522 0.09042358 0.4951812 0.0625 0.5 0.4407989 0.4634604 0.1521519 0.4675659 0.1875 0.5 0.9006716 0.3576549 0.6082869 0.3209296 0.65625 0.5 0.9495527 0.1166631 0.8668206 0.5184824 0.5722174 0.3967893 0.4446808 0.4277343 0.1717314 0.457265 0.21875 0.5 0.4476318 0.5846105 0.1829138 0.3882942 0.09375 0.5 0.8055419 0.6108592 0.8149313 0.4951812 0.96875 0.5 0.9054086 0.5572231 0.8400472 0.6184896 0.84375 0.5 0.4734316 0.3576555 0.2172433 0.4351805 0.28125 0.5 0.658156 0.02826887 0.6021571 0.2585508 0.3331409 0.3967903 0.841844 0.02826887 0.7719426 0.2585485 0.4701744 0.3841543 0.4556069 0.3920084 0.265625 1 0.01115566 0.2735241 0.625 0.2034884 0.625 0.25 0.375 0.25 0.625 0.25 0.625 0.5 0.375 0.5 0.625 0.69763 0.625 0.75 0.375 0.75 0.625 0.75 0.625 1 0.375 1 0.375 0.5 0.375 0.5 0.375 0.25 0.875 0.6976299 0.875 0.75 0.625 0.75 0.875 0.5 0.875 0.5465116 0.625 0.5465117 0.625 0.69763 0.625 0.69763 0.875 0.6976299 0.375 0.6976299 0.375 0.6976299 0.375 0.6525015 0.375 1 0.375 1 0.375 0.75 0.375 0.5 0.625 0.5 0.625 0.5465117 0.625 0.6525015 0.625 0.69763 0.375 0.6976299 0.375 0 0.625 0 0.625 0.05237001 0.375 0.1037332 0.625 0.1037332 0.625 0.2034884 0.875 0.6525015 0.875 0.6976299 0.625 0.69763 0.625 0.6462668 0.625 0.5465117 0.625 0.5465117 0.625 0.09749847 0.625 0.09749847 0.625 0.09749847 0.875 0.5465117 0.875 0.5465116 0.625 0.5465117 0.875 0.5465117 0.875 0.5465117 0.625 0.5465117 0.625 0.05237001 0.625 0.05237001 0.625 0.09749847 0.625 0.6462668 0.625 0.5465117 0.625 0.5465117 0.625 0.6976299 0.625 0.69763 0.875 0.6976299 0.375 0.6976299 0.375 0.75 0.125 0.75 0.375 0.5 0.3750001 0.5465117 0.125 0.5465116 0.375 0.6525015 0.375 0.6976299 0.125 0.6976299 0.375 0.2034884 0.375 0.2034884 0.375 0.1037332 0.375 0.05237001 0.375 0.05237001 0.375 0 0.3750001 0.5465117 0.3750001 0.5465117 0.375 0.5 0.375 0.6976299 0.375 0.75 0.375 0.75 0.375 0.2034884 0.375 0.25 0.375 0.25 0.875 0.6976299 0.625 0.69763 0.625 0.6976299 0.625 0.6462668 0.625 0.5465117 0.625 0.5465117 0.625 0.05237001 0.625 0.05237001 0.625 0.09749847 0.875 0.5465116 0.875 0.5465117 0.625 0.5465117 0.625 0.09749847 0.625 0.09749847 0.625 0.1037332 0.625 0.69763 0.625 0.6525015 0.625 0.6525015 0.375 0.09749847 0.375 0.09749847 0.375 0.05237001 0.375 0.6462668 0.375 0.6525015 0.125 0.6525015 0.625 0.6976299 0.625 0.6525015 0.625 0.6525015 0.625 0.09749847 0.625 0.09749847 0.625 0.1037332 0.625 0.1037332 0.625 0.09749847 0.625 0.09749847 0.625 0.69763 0.625 0.6525015 0.625 0.6525015 0.875 0.6462668 0.875 0.6525015 0.625 0.6525015 0.375 0.05237001 0.625 0.05237001 0.625 0.09749847 0.625 0.6462668 0.625 0.6525015 0.375 0.6525015 0.375 0.6462667 0.375 0.6525015 0.375 0.6525015 0.3750001 0.5465117 0.375 0.6462667 0.375 0.6462668 0.625 0.5465117 0.625 0.6462668 0.375 0.6462667 0.875 0.5465116 0.875 0.6462668 0.625 0.6462668 0.625 0.1037332 0.625 0.1037332 0.625 0.2034884 0.625 0.2034883 0.625 0.2034883 0.625 0.1037332 0.3750001 0.5465117 0.375 0.6462668 0.125 0.6462668 0.625 0.1037332 0.625 0.1037332 0.625 0.2034883 0.625 0.6525015 0.625 0.6462668 0.625 0.6462668 0.375 0.09749847 0.375 0.1037332 0.375 0.1037332 0.625 0.6525015 0.625 0.6462668 0.625 0.6462668 0.625 0.6462668 0.625 0.6462668 0.625 0.6525015 0.375 0.09749847 0.625 0.09749847 0.625 0.1037332 0.875 0.5465117 0.875 0.5465117 0.875 0.5465117 0.625 0.1037332 0.625 0.1037332 0.625 0.2034883 0.625 0.1037332 0.625 0.1037332 0.625 0.1037332 0.625 0.1037332 0.625 0.1037332 0.625 0.1037332 0.625 0.2034883 0.625 0.1037332 0.625 0.1037332 0.875 0.5465117 0.875 0.5465117 0.875 0.5465117 0.625 0.2034883 0.625 0.2034883 0.625 0.1037332 0.625 0.1037332 0.625 0.1037332 0.625 0.1037332 0.625 0.2034883 0.625 0.1037332 0.625 0.1037332 0.875 0.5465117 0.875 0.5465117 0.875 0.5465117 0.625 0.2034883 0.625 0.2034883 0.625 0.1037332 0.625 0.05237001 0.625 0.05237001 0.625 0.09749847 0.875 0.6525015 0.875 0.6525015 0.875 0.6976299 0.875 0.6976299 0.875 0.6976299 0.875 0.6976299 0.375 0.25 0.625 0.25 0.625 0.2034884 0.375 0.5 0.625 0.5 0.625 0.25 0.375 0.75 0.625 0.75 0.625 0.69763 0.375 0.75 0.375 1 0.625 1 0.375 0.25 0.375 0.5 0.375 0.5 0.625 0.75 0.875 0.75 0.875 0.6976299 0.625 0.5465117 0.875 0.5465116 0.875 0.5 0.875 0.6976299 0.875 0.6976299 0.625 0.69763 0.375 0.6525015 0.375 0.6525015 0.375 0.6976299 0.375 0.75 0.375 1 0.375 1 0.375 0.5 0.3750001 0.5465117 0.625 0.5465117 0.375 0.6976299 0.625 0.69763 0.625 0.6525015 0.375 0 0.375 0.05237001 0.625 0.05237001 0.375 0.1037332 0.375 0.2034884 0.625 0.2034884 0.625 0.69763 0.875 0.6976299 0.875 0.6525015 0.625 0.6462668 0.625 0.6462668 0.625 0.5465117 0.625 0.09749847 0.625 0.09749847 0.625 0.09749847 0.625 0.5465117 0.875 0.5465116 0.875 0.5465117 0.625 0.5465117 0.875 0.5465117 0.875 0.5465117 0.625 0.09749847 0.625 0.05237001 0.625 0.05237001 0.625 0.6462668 0.625 0.6462668 0.625 0.5465117 0.875 0.6976299 0.875 0.6976299 0.625 0.69763 0.125 0.75 0.375 0.75 0.375 0.6976299 0.125 0.5465116 0.3750001 0.5465117 0.375 0.5 0.125 0.6976299 0.375 0.6976299 0.375 0.6525015 0.375 0.1037332 0.375 0.2034884 0.375 0.2034884 0.375 0 0.375 0.05237001 0.375 0.05237001 0.375 0.5 0.3750001 0.5465117 0.3750001 0.5465117 0.375 0.6976299 0.375 0.6976299 0.375 0.75 0.375 0.2034884 0.375 0.2034884 0.375 0.25 0.875 0.6976299 0.625 0.6976299 0.625 0.69763 0.625 0.6462668 0.625 0.6462668 0.625 0.5465117 0.625 0.09749847 0.625 0.05237001 0.625 0.05237001 0.625 0.5465117 0.875 0.5465117 0.875 0.5465116 0.625 0.1037332 0.625 0.09749847 0.625 0.09749847 0.625 0.69763 0.625 0.6976299 0.625 0.6525015 0.375 0.05237001 0.375 0.05237001 0.375 0.09749847 0.125 0.6525015 0.375 0.6525015 0.375 0.6462668 0.625 0.6976299 0.625 0.69763 0.625 0.6525015 0.625 0.1037332 0.625 0.09749847 0.625 0.09749847 0.625 0.1037332 0.625 0.1037332 0.625 0.09749847 0.625 0.69763 0.625 0.69763 0.625 0.6525015 0.625 0.6525015 0.875 0.6525015 0.875 0.6462668 0.375 0.05237001 0.375 0.09749847 0.625 0.09749847 0.375 0.6525015 0.625 0.6525015 0.625 0.6462668 0.375 0.6462668 0.375 0.6525015 0.375 0.6525015 0.3750001 0.5465117 0.3750001 0.5465117 0.375 0.6462668 0.375 0.6462667 0.625 0.6462668 0.625 0.5465117 0.625 0.6462668 0.875 0.6462668 0.875 0.5465116 0.625 0.2034884 0.625 0.1037332 0.625 0.1037332 0.625 0.1037332 0.625 0.2034883 0.625 0.2034883 0.125 0.6462668 0.375 0.6462668 0.3750001 0.5465117 0.625 0.2034883 0.625 0.1037332 0.625 0.1037332 0.625 0.6525015 0.625 0.6525015 0.625 0.6462668 0.375 0.09749847 0.375 0.1037332 0.375 0.1037332 0.625 0.6525015 0.625 0.6525015 0.625 0.6462668 0.625 0.6525015 0.625 0.6462668 0.625 0.6462668 0.375 0.09749847 0.375 0.1037332 0.625 0.1037332 0.875 0.5465117 0.875 0.5465117 0.875 0.5465117 0.625 0.2034883 0.625 0.1037332 0.625 0.1037332 0.625 0.1037332 0.625 0.1037332 0.625 0.1037332 0.625 0.1037332 0.625 0.1037332 0.625 0.1037332 0.625 0.2034883 0.625 0.1037332 0.625 0.1037332 0.875 0.5465117 0.875 0.5465117 0.875 0.5465117 0.625 0.1037332 0.625 0.1037332 0.625 0.2034883 0.625 0.1037332 0.625 0.1037332 0.625 0.1037332 0.625 0.2034883 0.625 0.2034883 0.625 0.1037332 0.875 0.5465117 0.875 0.5465117 0.875 0.5465117 0.625 0.1037332 0.625 0.2034883 0.625 0.2034883 0.625 0.09749847 0.625 0.05237001 0.625 0.05237001 0.875 0.6976299 0.875 0.6976299 0.875 0.6525015 0.875 0.6976299 0.875 0.6976299 0.875 0.6976299 0.375 0 0.625 0 0.625 0.25 0.625 0.25 0.625 0.5 0.375 0.5 0.375 0.5 0.625 0.5 0.625 0.75 0.625 0.75 0.625 1 0.375 1 0.375 0.5 0.375 0.75 0.125 0.75 0.625 0.25 0.625 0.25 0.625 0.5 0.625 0.5 0.875 0.5 0.875 0.75 0.625 0.75 0.625 0.5 0.625 0.5 0.625 0 0.625 0 0.625 0.25 0.625 0.75 0.625 0.75 0.625 1 0.625 0.75 0.625 0.75 0.625 1 0.625 0.25 0.625 0 0.625 0 0.625 0.5 0.625 0.5 0.625 0.75 0.625 0.5 0.625 0.25 0.625 0.25 0.375 0 0.375 0.25 0.625 0.25 0.375 0.5 0.625 0.5 0.625 0.25 0.375 0.75 0.625 0.75 0.625 0.5 0.375 1 0.625 1 0.625 0.75 0.125 0.75 0.375 0.75 0.375 0.5 0.625 0.5 0.625 0.25 0.625 0.25 0.625 0.75 0.875 0.75 0.875 0.5 0.625 0.75 0.625 0.75 0.625 0.5 0.625 0.25 0.625 0 0.625 0 0.625 1 0.625 0.75 0.625 0.75 0.625 1 0.625 0.75 0.625 0.75 0.625 0.25 0.625 0.25 0.625 0 0.625 0.75 0.625 0.5 0.625 0.5 0.625 0.5 0.625 0.25 0.625 0.25 0.375 0 0.625 0 0.625 0.25 0.375 0.25 0.625 0.25 0.625 0.5 0.625 0.5 0.625 0.75 0.375 0.75 0.625 0.75 0.625 1 0.375 1 0.375 0.5 0.375 0.75 0.125 0.75 0.625 0 0.625 0 0.625 0.25 0.875 0.5 0.875 0.75 0.625 0.75 0.625 0 0.625 0 0.625 0 0.625 0.25 0.625 0.25 0.625 0.5 0.625 0.75 0.625 0.5 0.625 0.5 0.625 0.5 0.625 0.5 0.625 0.75 0.625 0.25 0.625 0.25 0.625 0.5 0.625 0.75 0.625 0.75 0.625 1 0.625 0.25 0.625 0 0.625 0 0.625 0.75 0.625 0.75 0.625 0.75 0.875 0.75 0.875 0.75 0.625 0.75 0.625 0.75 0.625 0.75 0.625 1 0.625 0.75 0.625 0.75 0.625 0.75 0.625 0.75 0.625 0.75 0.625 1 0.875 0.75 0.875 0.75 0.625 0.75 0.625 0.75 0.625 0.75 0.625 1 0.625 0 0.625 0 0.625 0 0.375 0.2 0.625 0.2 0.625 0.25 0.375 0.4583333 0.625 0.4583333 0.625 0.5 0.375 0.875 0.625 0.875 0.625 1 0.6666666 0.7 0.6666666 0.7 0.7083333 0.7000001 0.625 0.75 0.625 0.75 0.625 0.7916666 0.625 0.5 0.625 0.5 0.625 0.5 0.7083333 0.7000001 0.7083333 0.7000001 0.7083333 0.65 0.625 0.8333333 0.625 0.875 0.375 0.875 0.625 0.25 0.625 0.375 0.375 0.375 0.75 0.7 0.875 0.7000001 0.875 0.75 0.7083333 0.7000001 0.75 0.7 0.75 0.75 0.625 0.25 0.625 0.25 0.625 0.375 0.625 0.75 0.625 0.75 0.625 0.75 0.625 0.875 0.625 0.875 0.625 1 0.625 0.375 0.625 0.375 0.625 0.4166666 0.625 0 0.625 0 0.625 0.04999995 0.625 0.5 0.625 0.5 0.625 0.55 0.625 0.25 0.625 0.25 0.625 0.25 0.875 0.5 0.875 0.5 0.875 0.55 0.625 1 0.625 1 0.625 1 0.625 0.75 0.625 0.75 0.625 0.7 0.625 0.04999995 0.625 0 0.625 0 0.625 0.5 0.625 0.5 0.625 0.55 0.625 0.4583333 0.625 0.4583333 0.625 0.5 0.625 0.4166666 0.625 0.4166666 0.625 0.4583333 0.625 0.7 0.6666666 0.7 0.6666666 0.75 0.7083333 0.7000001 0.7083333 0.75 0.6666666 0.75 0.625 0.75 0.625 0.7916666 0.375 0.7916666 0.625 0.7916666 0.625 0.8333333 0.375 0.8333333 0.625 0.8333333 0.625 0.8333333 0.625 0.875 0.625 0.7916666 0.625 0.7916666 0.625 0.8333333 0.6666666 0.65 0.7083333 0.65 0.7083333 0.7000001 0.7083333 0.55 0.7083333 0.6 0.6666666 0.6 0.375 0.375 0.625 0.375 0.625 0.4166666 0.375 0.4166666 0.625 0.4166666 0.625 0.4583333 0.3333333 0.5 0.3333333 0.55 0.2916666 0.55 0.2916666 0.55 0.3333333 0.55 0.3333333 0.6 0.3333333 0.6 0.3333333 0.65 0.2916666 0.65 0.3333333 0.65 0.3333333 0.7 0.2916666 0.7 0.2916666 0.5 0.2916666 0.55 0.25 0.55 0.2916666 0.55 0.2916666 0.6 0.25 0.6 0.2916666 0.6 0.2916666 0.65 0.25 0.65 0.2916666 0.65 0.2916666 0.7 0.25 0.7 0.7083333 0.5 0.7083333 0.55 0.6666666 0.55 0.7083333 0.55 0.7083333 0.55 0.6666666 0.55 0.7083333 0.6 0.7083333 0.65 0.6666666 0.65 0.6666666 0.65 0.7083333 0.65 0.7083333 0.65 0.625 0.5 0.6666666 0.5 0.6666666 0.55 0.625 0.55 0.6666666 0.55 0.6666666 0.6 0.6666666 0.6 0.6666666 0.65 0.625 0.65 0.6666666 0.65 0.6666666 0.7 0.625 0.7 0.625 0.7 0.625 0.7 0.625 0.75 0.625 0.7 0.625 0.65 0.625 0.65 0.625 0.6 0.625 0.6 0.625 0.65 0.625 0.6 0.625 0.55 0.625 0.55 0.625 0.2 0.625 0.2 0.625 0.25 0.625 0.2 0.625 0.15 0.625 0.15 0.625 0.1 0.625 0.1 0.625 0.15 0.625 0.04999995 0.625 0.04999995 0.625 0.1 0.625 0.5 0.625 0.55 0.625 0.55 0.625 0.6 0.625 0.6 0.625 0.55 0.625 0.6 0.625 0.65 0.625 0.65 0.625 0.65 0.625 0.7 0.625 0.7 0.875 0.7000001 0.875 0.7000001 0.875 0.75 0.875 0.7000001 0.8750001 0.6500001 0.875 0.65 0.8750001 0.6 0.875 0.6 0.875 0.65 0.8750001 0.5500001 0.875 0.55 0.875 0.6 0.625 0.7000001 0.625 0.7 0.625 0.75 0.625 0.7000001 0.625 0.65 0.625 0.65 0.625 0.65 0.6250001 0.6 0.625 0.6 0.6250001 0.6 0.625 0.5500001 0.625 0.55 0.625 0.2 0.625 0.2 0.625 0.25 0.625 0.15 0.625 0.15 0.625 0.2 0.625 0.15 0.625 0.1 0.625 0.1 0.625 0.04999995 0.625 0.04999995 0.625 0.1 0.75 0.5 0.75 0.55 0.7083333 0.55 0.7083333 0.55 0.75 0.55 0.75 0.6 0.7083333 0.6 0.75 0.6 0.75 0.65 0.7083333 0.65 0.75 0.65 0.75 0.7 0.75 0.5 0.875 0.5 0.8750001 0.5500001 0.75 0.55 0.8750001 0.5500001 0.8750001 0.6 0.75 0.6 0.8750001 0.6 0.8750001 0.6500001 0.75 0.65 0.8750001 0.6500001 0.875 0.7000001 0.25 0.5 0.25 0.55 0.125 0.55 0.25 0.55 0.25 0.6 0.125 0.6 0.25 0.6 0.25 0.65 0.125 0.65 0.25 0.65 0.25 0.7 0.125 0.7 0.375 0.5 0.375 0.55 0.3333333 0.55 0.375 0.55 0.375 0.6 0.3333333 0.6 0.375 0.6 0.375 0.6500001 0.3333333 0.65 0.375 0.6500001 0.375 0.7 0.3333333 0.7 0.625 0.5 0.625 0.5500001 0.375 0.55 0.625 0.5500001 0.6250001 0.6 0.375 0.6 0.6250001 0.6 0.625 0.65 0.375 0.6500001 0.625 0.65 0.625 0.7000001 0.375 0.7 0.375 0.04999995 0.625 0.04999995 0.625 0.1 0.375 0.1 0.625 0.1 0.625 0.15 0.375 0.15 0.625 0.15 0.625 0.2 0.7083333 0.55 0.7083333 0.6 0.7083333 0.6 0.6666666 0.6 0.6666666 0.6 0.7083333 0.6 0.6666666 0.7 0.6666666 0.65 0.6666666 0.65 0.6666666 0.55 0.6666666 0.55 0.6666666 0.6 0.375 0 0.625 0 0.625 0.25 0.625 0.7838353 0.375 0.7838353 0.375 0.7838353 0.625 0.5 0.625 0.75 0.625 0.75 0.625 0.8176705 0.625 1 0.375 1 0.375 0.7838353 0.375 0.7838353 0.375 0.7838353 0.875 0.5 0.875 0.75 0.6926706 0.75 0.6926705 0.5 0.6926706 0.75 0.6588353 0.75 0.125 0.5 0.3073295 0.5 0.3073295 0.75 0.625 0.7838353 0.625 0.8176705 0.375 0.8176705 0.375 0.25 0.625 0.25 0.625 0.4323295 0.625 0.75 0.625 0.75 0.375 0.75 0.625 0.5 0.625 0.5 0.625 0.5 0.3411647 0.5 0.3411648 0.75 0.3073295 0.75 0.375 0.4323295 0.625 0.4323295 0.625 0.4661648 0.6588353 0.75 0.6588353 0.75 0.6588353 0.5 0.6588353 0.5 0.6588353 0.5 0.6588353 0.5 0.6588353 0.75 0.6588353 0.75 0.6588353 0.75 0.625 0.75 0.625 0.75 0.625 0.75 0.625 0.5 0.625 0.5 0.625 0.75 0.625 0.5 0.625 0.5 0.625 0.4872968 0.625 0.5 0.625 0.4661648 0.625 0.4661648 0.6588353 0.75 0.6588353 0.75 0.6588353 0.5 0.375 0.75 0.375 0.7838353 0.375 0.7838353 0.625 0.5 0.625 0.5 0.625 0.75 0.625 0.75 0.625 0.75 0.625 0.75 0.625 0.75 0.625 0.75 0.625 0.5 0.625 0.5 0.625 0.5 0.625 0.75 0.375 0.4661647 0.625 0.4661648 0.625 0.5 0.625 0.75 0.625 0.7838353 0.375 0.7838353 0.625 0.7838353 0.625 0.7838353 0.625 0.75 0.625 0.75 0.625 0.75 0.625 0.7627032 0.625 0.5 0.625 0.5 0.625 0.5 0.625 0.75 0.625 0.75 0.625 0.7838353 0.625 0.5 0.625 0.4661648 0.625 0.4661648 0.625 0.75 0.625 0.75 0.625 0.75 0.625 0.75 0.625 0.75 0.625 0.75 0.6588353 0.75 0.6588353 0.75 0.6588353 0.75 0.375 0.5 0.375 0.5 0.375 0.5 0.625 0.5 0.625 0.5 0.625 0.5 0.625 0.5 0.625 0.5 0.625 0.5 0.6377032 0.75 0.6377032 0.75 0.625 0.75 0.625 0.5 0.625 0.5 0.625 0.5 0.625 0.4661648 0.625 0.4661648 0.375 0.4661647 0.625 0.75 0.625 0.75 0.625 0.75 0.6377032 0.5 0.6377032 0.75 0.625 0.75 0.625 0.5 0.375 0.5 0.375 0.5 0.6588353 0.5 0.6588353 0.5 0.6588353 0.5 0.375 0.5 0.375 0.75 0.3411648 0.75 0.3411647 0.5 0.3411647 0.5 0.375 0.5 0.375 0.75 0.375 0.75 0.3411648 0.75 0.375 0.5 0.375 0.75 0.375 0.75 0.375 0.5 0.375 0.5 0.375 0.4661647 0.375 0.75 0.375 0.75 0.375 0.75 0.3411648 0.75 0.3411647 0.5 0.3411647 0.5 0.375 0.4661647 0.375 0.4661647 0.375 0.4661647 0.625 0.5 0.625 0.75 0.375 0.75 0.375 0.5 0.625 0.5 0.625 0.5 0.375 0.75 0.375 0.75 0.625 0.75 0.375 0.5 0.375 0.5 0.375 0.75 0.6588353 0.75 0.6588353 0.75 0.6377032 0.75 0.6588353 0.75 0.6377032 0.75 0.6377032 0.5 0.6377032 0.5 0.6588353 0.5 0.6588353 0.5 0.6377032 0.5 0.625 0.5 0.625 0.5</float_array>
          <technique_common>
            <accessor source="#Cylinder_016-mesh-map-0-array" count="21348" stride="2">
              <param name="S" type="float"/>
              <param name="T" type="float"/>
            </accessor>
          </technique_common>
        </source>
        <vertices id="Cylinder_016-mesh-vertices">
          <input semantic="POSITION" source="#Cylinder_016-mesh-positions"/>
        </vertices>
        <triangles material="Dark_Black-material" count="5660">
          <input semantic="VERTEX" source="#Cylinder_016-mesh-vertices" offset="0"/>
          <input semantic="NORMAL" source="#Cylinder_016-mesh-normals" offset="1"/>
          <input semantic="TEXCOORD" source="#Cylinder_016-mesh-map-0" offset="2" set="0"/>
          <p>0 0 0 3 1 1 2 2 2 2 2 3 5 3 4 4 4 5 4 4 6 7 5 7 6 6 8 6 6 9 9 7 10 8 8 11 8 8 12 11 9 13 10 10 14 10 10 15 13 11 16 12 12 17 12 12 18 15 13 19 14 14 20 14 14 21 17 15 22 16 16 23 16 16 24 19 17 25 18 18 26 18 18 27 21 19 28 20 20 29 20 20 30 23 21 31 22 22 32 22 22 33 25 23 34 24 24 35 24 24 36 27 25 37 26 26 38 26 26 39 29 27 40 28 28 41 28 28 42 31 29 43 30 30 44 30 30 45 33 31 46 32 32 47 32 32 48 35 33 49 34 34 50 34 34 51 37 35 52 36 36 53 36 36 54 39 37 55 38 38 56 38 38 57 41 39 58 40 40 59 40 40 60 43 41 61 42 42 62 42 42 63 45 43 64 44 44 65 44 44 66 47 45 67 46 46 68 46 46 69 49 47 70 48 48 71 48 48 72 51 49 73 50 50 74 51 49 75 52 51 76 50 50 77 53 52 78 54 53 79 52 51 80 55 54 81 56 55 82 54 53 83 57 56 84 58 57 85 56 55 86 59 58 87 60 59 88 58 57 89 61 60 90 62 61 91 60 59 92 63 62 93 64 63 94 62 61 95 65 64 96 66 65 97 64 63 98 67 66 99 68 67 100 66 65 101 69 68 102 70 69 103 68 67 104 71 70 105 72 71 106 70 69 107 73 72 108 74 73 109 72 71 110 75 74 111 76 75 112 74 73 113 77 76 114 78 77 115 76 75 116 79 78 117 80 79 118 78 77 119 81 80 120 82 81 121 80 79 122 83 82 123 84 83 124 82 81 125 85 84 126 86 85 127 84 83 128 87 86 129 88 87 130 86 85 131 89 88 132 90 89 133 88 87 134 91 90 135 92 91 136 90 89 137 93 92 138 94 93 139 92 91 140 95 94 141 96 95 142 94 93 143 97 96 144 98 97 145 96 95 146 99 98 147 100 99 148 98 97 149 101 100 150 102 101 151 100 99 152 103 102 153 104 103 154 102 101 155 105 104 156 106 105 157 104 103 158 107 106 159 108 107 160 106 105 161 109 108 162 110 109 163 108 107 164 111 110 165 112 111 166 110 109 167 113 112 168 114 113 169 112 111 170 114 113 171 117 114 172 116 115 173 116 115 174 119 116 175 118 117 176 118 117 177 121 118 178 120 119 179 120 119 180 123 120 181 122 121 182 122 121 183 125 122 184 124 123 185 89 88 186 173 124 187 91 90 188 124 123 189 127 125 190 126 126 191 126 126 192 1 127 193 0 0 194 30 30 195 62 61 196 94 93 197 138 128 198 130 129 199 162 130 200 39 37 201 146 131 202 147 132 203 107 106 204 182 133 205 109 108 206 57 56 207 155 134 208 156 135 209 125 122 210 191 136 211 127 125 212 3 1 213 130 129 214 5 3 215 73 72 216 165 137 217 75 74 218 23 21 219 138 128 220 139 138 221 91 90 222 174 139 223 93 92 224 41 39 225 147 132 226 148 140 227 109 108 228 183 141 229 111 110 230 59 58 231 156 135 232 157 142 233 127 125 234 129 143 235 1 127 236 5 3 237 131 144 238 7 5 239 75 74 240 166 145 241 77 76 242 25 23 243 139 138 244 140 146 245 93 92 246 175 147 247 95 94 248 43 41 249 148 140 250 149 148 251 111 110 252 184 149 253 113 112 254 61 60 255 157 142 256 158 150 257 9 7 258 131 144 259 132 151 260 77 76 261 167 152 262 79 78 263 27 25 264 140 146 265 141 153 266 95 94 267 176 154 268 97 96 269 45 43 270 149 148 271 150 155 272 113 112 273 185 156 274 115 157 275 63 62 276 158 150 277 159 158 278 11 9 279 132 151 280 133 159 281 79 78 282 168 160 283 81 80 284 29 27 285 141 153 286 142 161 287 97 96 288 177 162 289 99 98 290 47 45 291 150 155 292 151 163 293 115 157 294 186 164 295 117 114 296 65 64 297 159 158 298 160 165 299 13 11 300 133 159 301 134 166 302 81 80 303 169 167 304 83 82 305 31 29 306 142 161 307 143 168 308 99 98 309 178 169 310 101 100 311 49 47 312 151 163 313 152 170 314 117 114 315 187 171 316 119 116 317 67 66 318 160 165 319 161 172 320 15 13 321 134 166 322 135 173 323 83 82 324 170 174 325 85 84 326 33 31 327 143 168 328 144 175 329 101 100 330 179 176 331 103 102 332 51 49 333 152 170 334 153 177 335 119 116 336 188 178 337 121 118 338 69 68 339 161 172 340 162 130 341 17 15 342 135 173 343 136 179 344 85 84 345 171 180 346 87 86 347 35 33 348 144 175 349 145 181 350 103 102 351 180 182 352 105 104 353 53 52 354 153 177 355 154 183 356 121 118 357 189 184 358 123 120 359 71 70 360 162 130 361 163 185 362 19 17 363 136 179 364 137 186 365 87 86 366 172 187 367 89 88 368 37 35 369 145 181 370 146 131 371 105 104 372 181 188 373 107 106 374 1 127 375 128 189 376 3 1 377 55 54 378 154 183 379 155 134 380 123 120 381 190 190 382 125 122 383 71 70 384 164 191 385 73 72 386 21 19 387 137 186 388 138 128 389 192 192 390 195 193 391 193 194 392 194 195 393 197 196 394 195 193 395 196 197 396 199 198 397 197 196 398 198 199 399 201 200 400 199 198 401 200 201 402 203 202 403 201 200 404 202 203 405 205 204 406 203 202 407 204 205 408 207 206 409 205 204 410 206 207 411 209 208 412 207 206 413 208 209 414 211 210 415 209 208 416 210 211 417 213 212 418 211 210 419 212 213 420 215 214 421 213 212 422 214 215 423 217 216 424 215 214 425 216 217 426 219 218 427 217 216 428 218 219 429 221 220 430 219 218 431 220 221 432 223 222 433 221 220 434 222 223 435 225 224 436 223 222 437 224 225 438 227 226 439 225 224 440 226 227 441 229 228 442 227 226 443 228 229 444 231 230 445 229 228 446 230 231 447 233 232 448 231 230 449 232 233 450 235 234 451 233 232 452 234 235 453 237 236 454 235 234 455 236 237 456 239 238 457 237 236 458 238 239 459 241 240 460 239 238 461 240 241 462 243 242 463 241 240 464 244 243 465 243 242 466 242 244 467 246 245 468 245 246 469 244 243 470 248 247 471 247 248 472 246 245 473 250 249 474 249 250 475 248 247 476 252 251 477 251 252 478 250 249 479 254 253 480 253 254 481 252 251 482 256 255 483 255 256 484 254 253 485 258 257 486 257 258 487 256 255 488 260 259 489 259 260 490 258 257 491 262 261 492 261 262 493 260 259 494 264 263 495 263 264 496 262 261 497 266 265 498 265 266 499 264 263 500 268 267 501 267 268 502 266 265 503 270 269 504 269 270 505 268 267 506 272 271 507 271 272 508 270 269 509 274 273 510 273 274 511 272 271 512 276 275 513 275 276 514 274 273 515 278 277 516 277 278 517 276 275 518 280 279 519 279 280 520 278 277 521 282 281 522 281 282 523 280 279 524 284 283 525 283 284 526 282 281 527 286 285 528 285 286 529 284 283 530 288 287 531 287 288 532 286 285 533 290 289 534 289 290 535 288 287 536 292 291 537 291 292 538 290 289 539 294 293 540 293 294 541 292 291 542 296 295 543 295 296 544 294 293 545 298 297 546 297 298 547 296 295 548 300 299 549 299 300 550 298 297 551 302 301 552 301 302 553 300 299 554 304 303 555 303 304 556 302 301 557 306 305 558 305 306 559 304 303 560 306 305 561 309 307 562 307 308 563 308 309 564 311 310 565 309 307 566 310 311 567 313 312 568 311 310 569 312 313 570 315 314 571 313 312 572 314 315 573 317 316 574 315 314 575 365 317 576 281 282 577 283 284 578 316 318 579 319 319 580 317 316 581 318 320 582 193 194 583 319 319 584 290 289 585 258 257 586 226 227 587 360 321 588 368 322 589 321 323 590 231 230 591 338 324 592 229 228 593 374 325 594 299 300 595 301 302 596 249 250 597 347 326 598 247 248 599 383 327 600 317 316 601 319 319 602 322 328 603 195 193 604 197 196 605 357 329 606 265 266 607 267 268 608 215 214 609 330 330 610 213 212 611 366 331 612 283 284 613 285 286 614 233 232 615 339 332 616 231 230 617 375 333 618 301 302 619 303 304 620 251 252 621 348 334 622 249 250 623 321 323 624 319 319 625 193 194 626 323 335 627 197 196 628 199 198 629 358 336 630 267 268 631 269 270 632 217 216 633 331 337 634 215 214 635 367 338 636 285 286 637 287 288 638 235 234 639 340 339 640 233 232 641 376 340 642 303 304 643 305 306 644 253 254 645 349 341 646 251 252 647 201 200 648 323 335 649 199 198 650 359 342 651 269 270 652 271 272 653 219 218 654 332 343 655 217 216 656 368 322 657 287 288 658 289 290 659 237 236 660 341 344 661 235 234 662 377 345 663 305 306 664 307 308 665 255 256 666 350 346 667 253 254 668 203 202 669 324 347 670 201 200 671 360 321 672 271 272 673 273 274 674 221 220 675 333 348 676 219 218 677 369 349 678 289 290 679 291 292 680 239 238 681 342 350 682 237 236 683 378 351 684 307 308 685 309 307 686 257 258 687 351 352 688 255 256 689 205 204 690 325 353 691 203 202 692 361 354 693 273 274 694 275 276 695 223 222 696 334 355 697 221 220 698 370 356 699 291 292 700 293 294 701 241 240 702 343 357 703 239 238 704 379 358 705 309 307 706 311 310 707 259 260 708 352 359 709 257 258 710 207 206 711 326 360 712 205 204 713 362 361 714 275 276 715 277 278 716 225 224 717 335 362 718 223 222 719 371 363 720 293 294 721 295 296 722 243 242 723 344 364 724 241 240 725 380 365 726 311 310 727 313 312 728 261 262 729 353 366 730 259 260 731 209 208 732 327 367 733 207 206 734 363 368 735 277 278 736 279 280 737 227 226 738 336 369 739 225 224 740 372 370 741 295 296 742 297 298 743 245 246 744 345 371 745 243 242 746 381 372 747 313 312 748 315 314 749 263 264 750 354 373 751 261 262 752 211 210 753 328 374 754 209 208 755 364 375 756 279 280 757 281 282 758 229 228 759 337 376 760 227 226 761 373 377 762 297 298 763 299 300 764 320 378 765 193 194 766 195 193 767 247 248 768 346 379 769 245 246 770 382 380 771 315 314 772 317 316 773 356 381 774 263 264 775 265 266 776 213 212 777 329 382 778 211 210 779 384 383 780 387 384 781 386 385 782 386 385 783 389 386 784 388 387 785 388 387 786 391 388 787 390 389 788 390 389 789 393 390 790 392 391 791 392 391 792 395 392 793 394 393 794 394 393 795 397 394 796 396 395 797 396 395 798 399 396 799 398 397 800 398 397 801 401 398 802 400 399 803 400 399 804 403 400 805 402 401 806 403 400 807 404 402 808 402 401 809 404 402 810 407 403 811 406 404 812 406 404 813 409 405 814 408 406 815 409 405 816 410 407 817 408 406 818 411 408 819 412 409 820 410 407 821 413 410 822 414 411 823 412 409 824 415 412 825 416 413 826 414 411 827 417 414 828 418 415 829 416 413 830 419 416 831 420 417 832 418 415 833 421 418 834 422 419 835 420 417 836 423 420 837 424 421 838 422 419 839 425 422 840 426 423 841 424 421 842 427 424 843 428 425 844 426 423 845 429 426 846 430 427 847 428 425 848 431 428 849 432 429 850 430 427 851 433 430 852 434 431 853 432 429 854 435 432 855 436 433 856 434 431 857 437 434 858 438 435 859 436 433 860 439 436 861 440 437 862 438 435 863 441 438 864 442 439 865 440 437 866 443 440 867 444 441 868 442 439 869 445 442 870 446 443 871 444 441 872 447 444 873 448 445 874 446 443 875 449 446 876 450 447 877 448 445 878 451 448 879 452 449 880 450 447 881 453 450 882 454 451 883 452 449 884 455 452 885 456 453 886 454 451 887 457 454 888 458 455 889 456 453 890 459 456 891 460 457 892 458 455 893 461 458 894 462 459 895 460 457 896 463 460 897 464 461 898 462 459 899 465 462 900 466 463 901 464 461 902 467 464 903 468 465 904 466 463 905 469 466 906 470 467 907 468 465 908 471 468 909 472 469 910 470 467 911 473 470 912 474 471 913 472 469 914 475 472 915 476 473 916 474 471 917 477 474 918 478 475 919 476 473 920 479 476 921 480 477 922 478 475 923 481 478 924 482 479 925 480 477 926 483 480 927 484 481 928 482 479 929 485 482 930 486 483 931 484 481 932 487 484 933 488 485 934 486 483 935 489 486 936 490 487 937 488 485 938 490 487 939 493 488 940 492 489 941 493 488 942 494 490 943 492 489 944 494 490 945 497 491 946 496 492 947 496 492 948 499 493 949 498 494 950 499 493 951 500 495 952 498 494 953 500 495 954 503 496 955 502 497 956 502 497 957 505 498 958 504 499 959 504 499 960 507 500 961 506 501 962 506 501 963 509 502 964 508 503 965 415 412 966 526 504 967 527 505 968 508 503 969 511 506 970 510 507 971 510 507 972 385 508 973 384 383 974 414 411 975 446 443 976 478 475 977 546 509 978 530 510 979 514 511 980 485 482 981 561 512 982 562 513 983 431 428 984 536 514 985 433 430 986 503 496 987 570 515 988 571 516 989 449 446 990 545 517 991 451 448 992 399 396 993 518 518 994 519 519 995 467 464 996 554 520 997 469 466 998 417 414 999 527 505 1000 528 521 1001 487 484 1002 562 513 1003 563 522 1004 433 430 1005 537 523 1006 435 432 1007 505 498 1008 571 516 1009 572 524 1010 451 448 1011 546 509 1012 453 450 1013 401 398 1014 519 519 1015 520 525 1016 469 466 1017 555 526 1018 471 468 1019 417 414 1020 529 527 1021 419 416 1022 489 486 1023 563 522 1024 564 528 1025 435 432 1026 538 529 1027 437 434 1028 507 500 1029 572 524 1030 573 530 1031 453 450 1032 547 531 1033 455 452 1034 403 400 1035 520 525 1036 521 532 1037 471 468 1038 556 533 1039 473 470 1040 419 416 1041 530 510 1042 421 418 1043 491 534 1044 564 528 1045 565 535 1046 387 384 1047 513 536 1048 512 537 1049 437 434 1050 539 538 1051 439 436 1052 509 502 1053 573 530 1054 574 539 1055 455 452 1056 548 540 1057 457 454 1058 405 541 1059 521 532 1060 522 542 1061 473 470 1062 557 543 1063 475 472 1064 421 418 1065 531 544 1066 423 420 1067 493 488 1068 565 535 1069 566 545 1070 439 436 1071 540 546 1072 441 438 1073 511 506 1074 574 539 1075 575 547 1076 389 386 1077 512 537 1078 514 511 1079 457 454 1080 549 548 1081 459 456 1082 407 403 1083 522 542 1084 523 549 1085 475 472 1086 558 550 1087 477 474 1088 423 420 1089 532 551 1090 425 422 1091 495 552 1092 566 545 1093 567 553 1094 441 438 1095 541 554 1096 443 440 1097 385 508 1098 575 547 1099 513 536 1100 391 388 1101 514 511 1102 515 555 1103 459 456 1104 550 556 1105 461 458 1106 409 405 1107 523 549 1108 524 557 1109 477 474 1110 559 558 1111 479 476 1112 425 422 1113 533 559 1114 427 424 1115 497 491 1116 567 553 1117 568 560 1118 443 440 1119 542 561 1120 445 442 1121 393 390 1122 515 555 1123 516 562 1124 461 458 1125 551 563 1126 463 460 1127 411 408 1128 524 557 1129 525 564 1130 479 476 1131 560 565 1132 481 478 1133 427 424 1134 534 566 1135 429 426 1136 499 493 1137 568 560 1138 569 567 1139 445 442 1140 543 568 1141 447 444 1142 395 392 1143 516 562 1144 517 569 1145 463 460 1146 552 570 1147 465 462 1148 413 410 1149 525 564 1150 526 504 1151 483 480 1152 560 565 1153 561 512 1154 429 426 1155 535 571 1156 431 428 1157 501 572 1158 569 567 1159 570 515 1160 447 444 1161 544 573 1162 449 446 1163 397 394 1164 517 569 1165 518 518 1166 465 462 1167 553 574 1168 467 464 1169 578 575 1170 577 576 1171 576 577 1172 580 578 1173 579 579 1174 578 575 1175 582 580 1176 581 581 1177 580 578 1178 582 580 1179 585 582 1180 583 583 1181 586 584 1182 585 582 1183 584 585 1184 586 584 1185 589 586 1186 587 587 1187 588 588 1188 591 589 1189 589 586 1190 592 590 1191 591 589 1192 590 591 1193 594 592 1194 593 593 1195 592 590 1196 596 594 1197 595 595 1198 594 592 1199 596 594 1200 599 596 1201 597 597 1202 600 598 1203 599 596 1204 598 599 1205 602 600 1206 601 601 1207 600 598 1208 604 602 1209 603 603 1210 602 600 1211 606 604 1212 605 605 1213 604 602 1214 608 606 1215 607 607 1216 606 604 1217 610 608 1218 609 609 1219 608 606 1220 612 610 1221 611 611 1222 610 608 1223 614 612 1224 613 613 1225 612 610 1226 616 614 1227 615 615 1228 614 612 1229 618 616 1230 617 617 1231 616 614 1232 620 618 1233 619 619 1234 618 616 1235 622 620 1236 621 621 1237 620 618 1238 624 622 1239 623 623 1240 622 620 1241 626 624 1242 625 625 1243 624 622 1244 628 626 1245 627 627 1246 626 624 1247 630 628 1248 629 629 1249 628 626 1250 632 630 1251 631 631 1252 630 628 1253 634 632 1254 633 633 1255 632 630 1256 636 634 1257 635 635 1258 634 632 1259 638 636 1260 637 637 1261 636 634 1262 640 638 1263 639 639 1264 638 636 1265 642 640 1266 641 641 1267 640 638 1268 644 642 1269 643 643 1270 642 640 1271 646 644 1272 645 645 1273 644 642 1274 648 646 1275 647 647 1276 646 644 1277 650 648 1278 649 649 1279 648 646 1280 650 648 1281 653 650 1282 651 651 1283 654 652 1284 653 650 1285 652 653 1286 654 652 1287 657 654 1288 655 655 1289 656 656 1290 659 657 1291 657 654 1292 660 658 1293 659 657 1294 658 659 1295 660 658 1296 663 660 1297 661 661 1298 664 662 1299 663 660 1300 662 663 1301 666 664 1302 665 665 1303 664 662 1304 668 666 1305 667 667 1306 666 664 1307 670 668 1308 669 669 1309 668 666 1310 672 670 1311 671 671 1312 670 668 1313 674 672 1314 673 673 1315 672 670 1316 676 674 1317 675 675 1318 674 672 1319 678 676 1320 677 677 1321 676 674 1322 680 678 1323 679 679 1324 678 676 1325 682 680 1326 681 681 1327 680 678 1328 684 682 1329 683 683 1330 682 680 1331 686 684 1332 685 685 1333 684 682 1334 688 686 1335 687 687 1336 686 684 1337 690 688 1338 689 689 1339 688 686 1340 692 690 1341 691 691 1342 690 688 1343 694 692 1344 693 693 1345 692 690 1346 696 694 1347 695 695 1348 694 692 1349 698 696 1350 697 697 1351 696 694 1352 700 698 1353 699 699 1354 698 696 1355 607 607 1356 718 700 1357 605 605 1358 702 701 1359 701 702 1360 700 698 1361 702 701 1362 577 576 1363 703 703 1364 642 640 1365 610 608 1366 578 575 1367 720 704 1368 736 705 1369 752 706 1370 677 677 1371 753 707 1372 675 675 1373 728 708 1374 623 623 1375 625 625 1376 695 695 1377 762 709 1378 693 693 1379 737 710 1380 641 641 1381 643 643 1382 591 589 1383 710 711 1384 589 586 1385 746 712 1386 659 657 1387 661 661 1388 609 609 1389 719 713 1390 607 607 1391 679 679 1392 754 714 1393 677 677 1394 729 715 1395 625 625 1396 627 627 1397 697 697 1398 763 716 1399 695 695 1400 738 717 1401 643 643 1402 645 645 1403 593 593 1404 711 718 1405 591 589 1406 747 719 1407 661 661 1408 663 660 1409 721 720 1410 609 609 1411 611 611 1412 681 681 1413 755 721 1414 679 679 1415 730 722 1416 627 627 1417 629 629 1418 699 699 1419 764 723 1420 697 697 1421 739 724 1422 645 645 1423 647 647 1424 595 595 1425 712 725 1426 593 593 1427 748 726 1428 663 660 1429 665 665 1430 722 727 1431 611 611 1432 613 613 1433 683 683 1434 756 728 1435 681 681 1436 579 579 1437 705 729 1438 577 576 1439 731 730 1440 629 629 1441 631 631 1442 701 702 1443 765 731 1444 699 699 1445 740 732 1446 647 647 1447 649 649 1448 597 597 1449 713 733 1450 595 595 1451 749 734 1452 665 665 1453 667 667 1454 723 735 1455 613 613 1456 615 615 1457 685 685 1458 757 736 1459 683 683 1460 732 737 1461 631 631 1462 633 633 1463 703 703 1464 766 738 1465 701 702 1466 581 581 1467 704 739 1468 579 579 1469 741 740 1470 649 649 1471 651 651 1472 599 596 1473 714 741 1474 597 597 1475 750 742 1476 667 667 1477 669 669 1478 724 743 1479 615 615 1480 617 617 1481 687 687 1482 758 744 1483 685 685 1484 733 745 1485 633 633 1486 635 635 1487 577 576 1488 767 746 1489 703 703 1490 583 583 1491 706 747 1492 581 581 1493 742 748 1494 651 651 1495 653 650 1496 601 601 1497 715 749 1498 599 596 1499 751 750 1500 669 669 1501 671 671 1502 725 751 1503 617 617 1504 619 619 1505 689 689 1506 759 752 1507 687 687 1508 734 753 1509 635 635 1510 637 637 1511 585 582 1512 707 754 1513 583 583 1514 743 755 1515 653 650 1516 655 655 1517 603 603 1518 716 756 1519 601 601 1520 752 706 1521 671 671 1522 673 673 1523 726 757 1524 619 619 1525 621 621 1526 691 691 1527 760 758 1528 689 689 1529 735 759 1530 637 637 1531 639 639 1532 587 587 1533 708 760 1534 585 582 1535 744 761 1536 655 655 1537 657 654 1538 605 605 1539 717 762 1540 603 603 1541 675 675 1542 752 706 1543 673 673 1544 727 763 1545 621 621 1546 623 623 1547 693 693 1548 761 764 1549 691 691 1550 736 705 1551 639 639 1552 641 641 1553 589 586 1554 709 765 1555 587 587 1556 745 766 1557 657 654 1558 659 657 1559 769 767 1560 770 768 1561 768 769 1562 771 770 1563 772 771 1564 770 768 1565 773 772 1566 774 773 1567 772 771 1568 775 774 1569 776 775 1570 774 773 1571 777 776 1572 778 777 1573 776 775 1574 779 778 1575 780 779 1576 778 777 1577 781 780 1578 782 781 1579 780 779 1580 783 782 1581 784 783 1582 782 781 1583 785 784 1584 786 785 1585 784 783 1586 787 786 1587 788 787 1588 786 785 1589 789 788 1590 790 789 1591 788 787 1592 791 790 1593 792 791 1594 790 789 1595 793 792 1596 794 793 1597 792 791 1598 795 794 1599 796 795 1600 794 793 1601 797 796 1602 798 797 1603 796 795 1604 799 798 1605 800 799 1606 798 797 1607 800 799 1608 803 800 1609 802 801 1610 802 801 1611 805 802 1612 804 803 1613 804 803 1614 807 804 1615 806 805 1616 806 805 1617 809 806 1618 808 807 1619 808 807 1620 811 808 1621 810 809 1622 810 809 1623 813 810 1624 812 811 1625 812 811 1626 815 812 1627 814 813 1628 814 813 1629 817 814 1630 816 815 1631 816 815 1632 819 816 1633 818 817 1634 818 817 1635 821 818 1636 820 819 1637 820 819 1638 823 820 1639 822 821 1640 822 821 1641 825 822 1642 824 823 1643 824 823 1644 827 824 1645 826 825 1646 826 825 1647 829 826 1648 828 827 1649 828 827 1650 831 828 1651 830 829 1652 830 829 1653 833 830 1654 832 831 1655 832 831 1656 835 832 1657 834 833 1658 834 833 1659 837 834 1660 836 835 1661 836 835 1662 839 836 1663 838 837 1664 838 837 1665 841 838 1666 840 839 1667 840 839 1668 843 840 1669 842 841 1670 842 841 1671 845 842 1672 844 843 1673 844 843 1674 847 844 1675 846 845 1676 846 845 1677 849 846 1678 848 847 1679 848 847 1680 851 848 1681 850 849 1682 850 849 1683 853 850 1684 852 851 1685 852 851 1686 855 852 1687 854 853 1688 854 853 1689 857 854 1690 856 855 1691 856 855 1692 859 856 1693 858 857 1694 858 857 1695 861 858 1696 860 859 1697 860 859 1698 863 860 1699 862 861 1700 862 861 1701 865 862 1702 864 863 1703 865 862 1704 866 864 1705 864 863 1706 867 865 1707 868 866 1708 866 864 1709 869 867 1710 870 868 1711 868 866 1712 871 869 1713 872 870 1714 870 868 1715 873 871 1716 874 872 1717 872 870 1718 875 873 1719 876 874 1720 874 872 1721 877 875 1722 878 876 1723 876 874 1724 879 877 1725 880 878 1726 878 876 1727 881 879 1728 882 880 1729 880 878 1730 883 881 1731 884 882 1732 882 880 1733 885 883 1734 886 884 1735 884 882 1736 887 885 1737 888 886 1738 886 884 1739 889 887 1740 890 888 1741 888 886 1742 891 889 1743 892 890 1744 890 888 1745 817 814 1746 921 891 1747 819 816 1748 893 892 1749 894 893 1750 892 890 1751 895 894 1752 768 769 1753 894 893 1754 798 797 1755 830 829 1756 862 861 1757 930 895 1758 914 896 1759 898 897 1760 889 887 1761 955 898 1762 956 899 1763 835 832 1764 930 895 1765 837 834 1766 783 782 1767 904 900 1768 785 784 1769 855 852 1770 938 901 1771 939 902 1772 801 903 1773 913 904 1774 803 800 1775 873 871 1776 947 905 1777 948 906 1778 819 816 1779 922 907 1780 821 818 1781 891 889 1782 956 899 1783 957 908 1784 837 834 1785 931 909 1786 839 836 1787 785 784 1788 905 910 1789 787 786 1790 857 854 1791 939 902 1792 940 911 1793 803 800 1794 914 896 1795 805 802 1796 875 873 1797 948 906 1798 949 912 1799 771 770 1800 897 913 1801 896 914 1802 821 818 1803 923 915 1804 823 820 1805 893 892 1806 957 908 1807 958 916 1808 839 836 1809 932 917 1810 841 838 1811 787 786 1812 906 918 1813 789 788 1814 859 856 1815 940 911 1816 941 919 1817 805 802 1818 915 920 1819 807 804 1820 877 875 1821 949 912 1822 950 921 1823 823 820 1824 924 922 1825 825 822 1826 895 894 1827 958 916 1828 959 923 1829 773 772 1830 896 914 1831 898 897 1832 841 838 1833 933 924 1834 843 840 1835 789 788 1836 907 925 1837 791 790 1838 861 858 1839 941 919 1840 942 926 1841 807 804 1842 916 927 1843 809 806 1844 879 877 1845 950 921 1846 951 928 1847 825 822 1848 925 929 1849 827 824 1850 769 767 1851 959 923 1852 897 913 1853 775 774 1854 898 897 1855 899 930 1856 843 840 1857 934 931 1858 845 842 1859 791 790 1860 908 932 1861 793 792 1862 863 860 1863 942 926 1864 943 933 1865 809 806 1866 917 934 1867 811 808 1868 881 879 1869 951 928 1870 952 935 1871 827 824 1872 926 936 1873 829 826 1874 777 776 1875 899 930 1876 900 937 1877 847 844 1878 934 931 1879 935 938 1880 793 792 1881 909 939 1882 795 794 1883 865 862 1884 943 933 1885 944 940 1886 811 808 1887 918 941 1888 813 810 1889 883 881 1890 952 935 1891 953 942 1892 829 826 1893 927 943 1894 831 828 1895 779 778 1896 900 937 1897 901 944 1898 849 846 1899 935 938 1900 936 945 1901 795 794 1902 910 946 1903 797 796 1904 867 865 1905 944 940 1906 945 947 1907 813 810 1908 919 948 1909 815 812 1910 885 883 1911 953 942 1912 954 949 1913 831 828 1914 928 950 1915 833 830 1916 781 780 1917 901 944 1918 902 951 1919 851 848 1920 936 945 1921 937 952 1922 797 796 1923 911 953 1924 799 798 1925 869 867 1926 945 947 1927 946 954 1928 815 812 1929 920 955 1930 817 814 1931 887 885 1932 954 949 1933 955 898 1934 833 830 1935 929 956 1936 835 832 1937 781 780 1938 903 957 1939 783 782 1940 853 850 1941 937 952 1942 938 901 1943 799 798 1944 912 958 1945 801 903 1946 871 869 1947 946 954 1948 947 905 1949 962 959 1950 961 960 1951 960 961 1952 964 962 1953 963 963 1954 962 959 1955 966 964 1956 965 965 1957 964 962 1958 968 966 1959 967 967 1960 966 964 1961 970 968 1962 969 969 1963 968 966 1964 972 970 1965 971 971 1966 970 968 1967 974 972 1968 973 973 1969 972 970 1970 976 974 1971 975 975 1972 974 972 1973 978 976 1974 977 977 1975 976 974 1976 980 978 1977 979 979 1978 978 976 1979 982 980 1980 981 981 1981 980 978 1982 984 982 1983 983 983 1984 982 980 1985 986 984 1986 985 985 1987 984 982 1988 988 986 1989 987 987 1990 986 984 1991 990 988 1992 989 989 1993 988 986 1994 992 990 1995 991 991 1996 990 988 1997 992 990 1998 995 992 1999 993 993 2000 994 994 2001 997 995 2002 995 992 2003 996 996 2004 999 997 2005 997 995 2006 998 998 2007 1001 999 2008 999 997 2009 1000 1000 2010 1003 1001 2011 1001 999 2012 1002 1002 2013 1005 1003 2014 1003 1001 2015 1004 1004 2016 1007 1005 2017 1005 1003 2018 1006 1006 2019 1009 1007 2020 1007 1005 2021 1008 1008 2022 1011 1009 2023 1009 1007 2024 1010 1010 2025 1013 1011 2026 1011 1009 2027 1012 1012 2028 1015 1013 2029 1013 1011 2030 1014 1014 2031 1017 1015 2032 1015 1013 2033 1016 1016 2034 1019 1017 2035 1017 1015 2036 1018 1018 2037 1021 1019 2038 1019 1017 2039 1020 1020 2040 1023 1021 2041 1021 1019 2042 1022 1022 2043 1025 1023 2044 1023 1021 2045 1024 1024 2046 1027 1025 2047 1025 1023 2048 1026 1026 2049 1029 1027 2050 1027 1025 2051 1028 1028 2052 1031 1029 2053 1029 1027 2054 1030 1030 2055 1033 1031 2056 1031 1029 2057 1032 1032 2058 1035 1033 2059 1033 1031 2060 1034 1034 2061 1037 1035 2062 1035 1033 2063 1036 1036 2064 1039 1037 2065 1037 1035 2066 1038 1038 2067 1041 1039 2068 1039 1037 2069 1040 1040 2070 1043 1041 2071 1041 1039 2072 1042 1042 2073 1045 1043 2074 1043 1041 2075 1044 1044 2076 1047 1045 2077 1045 1043 2078 1046 1046 2079 1049 1047 2080 1047 1045 2081 1048 1048 2082 1051 1049 2083 1049 1047 2084 1050 1050 2085 1053 1051 2086 1051 1049 2087 1052 1052 2088 1055 1053 2089 1053 1051 2090 1054 1054 2091 1057 1055 2092 1055 1053 2093 1058 1056 2094 1057 1055 2095 1056 1057 2096 1060 1058 2097 1059 1059 2098 1058 1056 2099 1062 1060 2100 1061 1061 2101 1060 1058 2102 1064 1062 2103 1063 1063 2104 1062 1060 2105 1066 1064 2106 1065 1065 2107 1064 1062 2108 1068 1066 2109 1067 1067 2110 1066 1064 2111 1070 1068 2112 1069 1069 2113 1068 1066 2114 1072 1070 2115 1071 1071 2116 1070 1068 2117 1074 1072 2118 1073 1073 2119 1072 1070 2120 1076 1074 2121 1075 1075 2122 1074 1072 2123 1078 1076 2124 1077 1077 2125 1076 1074 2126 1080 1078 2127 1079 1079 2128 1078 1076 2129 1082 1080 2130 1081 1081 2131 1080 1078 2132 1084 1082 2133 1083 1083 2134 1082 1080 2135 1113 1084 2136 1009 1007 2137 1011 1009 2138 1086 1085 2139 1085 1086 2140 1084 1082 2141 960 961 2142 1087 1087 2143 1086 1085 2144 1058 1056 2145 1026 1026 2146 994 994 2147 1128 1088 2148 1136 1089 2149 1089 1090 2150 1081 1081 2151 1147 1091 2152 1079 1079 2153 1122 1092 2154 1027 1025 2155 1029 1027 2156 1096 1093 2157 975 975 2158 977 977 2159 1047 1045 2160 1130 1094 2161 1045 1043 2162 1105 1095 2163 993 993 2164 995 992 2165 1065 1065 2166 1139 1096 2167 1063 1063 2168 1114 1097 2169 1011 1009 2170 1013 1011 2171 1083 1083 2172 1148 1098 2173 1081 1081 2174 1123 1099 2175 1029 1027 2176 1031 1029 2177 1097 1100 2178 977 977 2179 979 979 2180 1049 1047 2181 1131 1101 2182 1047 1045 2183 1106 1102 2184 995 992 2185 997 995 2186 1067 1067 2187 1140 1103 2188 1065 1065 2189 963 963 2190 1089 1090 2191 961 960 2192 1115 1104 2193 1013 1011 2194 1015 1013 2195 1085 1086 2196 1149 1105 2197 1083 1083 2198 1124 1106 2199 1031 1029 2200 1033 1031 2201 1098 1107 2202 979 979 2203 981 981 2204 1051 1049 2205 1132 1108 2206 1049 1047 2207 1107 1109 2208 997 995 2209 999 997 2210 1069 1069 2211 1141 1110 2212 1067 1067 2213 1116 1111 2214 1015 1013 2215 1017 1015 2216 1087 1087 2217 1150 1112 2218 1085 1086 2219 965 965 2220 1088 1113 2221 963 963 2222 1125 1114 2223 1033 1031 2224 1035 1033 2225 1099 1115 2226 981 981 2227 983 983 2228 1053 1051 2229 1133 1116 2230 1051 1049 2231 1108 1117 2232 999 997 2233 1001 999 2234 1071 1071 2235 1142 1118 2236 1069 1069 2237 1117 1119 2238 1017 1015 2239 1019 1017 2240 961 960 2241 1151 1120 2242 1087 1087 2243 967 967 2244 1090 1121 2245 965 965 2246 1126 1122 2247 1035 1033 2248 1037 1035 2249 1100 1123 2250 983 983 2251 985 985 2252 1055 1053 2253 1134 1124 2254 1053 1051 2255 1109 1125 2256 1001 999 2257 1003 1001 2258 1073 1073 2259 1143 1126 2260 1071 1071 2261 1118 1127 2262 1019 1017 2263 1021 1019 2264 969 969 2265 1091 1128 2266 967 967 2267 1039 1037 2268 1126 1122 2269 1037 1035 2270 1101 1129 2271 985 985 2272 987 987 2273 1057 1055 2274 1135 1130 2275 1055 1053 2276 1110 1131 2277 1003 1001 2278 1005 1003 2279 1075 1075 2280 1144 1132 2281 1073 1073 2282 1119 1133 2283 1021 1019 2284 1023 1021 2285 971 971 2286 1092 1134 2287 969 969 2288 1041 1039 2289 1127 1135 2290 1039 1037 2291 1102 1136 2292 987 987 2293 989 989 2294 1059 1059 2295 1136 1089 2296 1057 1055 2297 1111 1137 2298 1005 1003 2299 1007 1005 2300 1077 1077 2301 1145 1138 2302 1075 1075 2303 1120 1139 2304 1023 1021 2305 1025 1023 2306 973 973 2307 1093 1140 2308 971 971 2309 1043 1041 2310 1128 1088 2311 1041 1039 2312 1103 1141 2313 989 989 2314 991 991 2315 1061 1061 2316 1137 1142 2317 1059 1059 2318 1112 1143 2319 1007 1005 2320 1009 1007 2321 1079 1079 2322 1146 1144 2323 1077 1077 2324 1121 1145 2325 1025 1023 2326 1027 1025 2327 1095 1146 2328 973 973 2329 975 975 2330 1045 1043 2331 1129 1147 2332 1043 1041 2333 1104 1148 2334 991 991 2335 993 993 2336 1063 1063 2337 1138 1149 2338 1061 1061 2339 1208 1211 2415 1215 1212 2416 1191 1213 2417 1199 1214 2418 1222 1215 2419 1198 1216 2420 1200 1217 2421 1223 1218 2422 1199 1219 2423 1200 1223 2427 1225 1224 2428 1224 1225 2429 1192 1226 2430 1231 1227 2431 1207 1228 2432 1191 1229 2433 1214 1229 2434 1190 1230 2435 1253 1231 2436 1252 1232 2437 1180 1233 2438 1225 1273 2511 1223 1274 2512 1224 1275 2513 1227 1276 2514 1221 1277 2515 1226 1278 2516 1229 1279 2517 1219 1280 2518 1228 1281 2519 1231 1282 2520 1217 1283 2521 1230 1284 2522 1233 1285 2523 1215 1286 2524 1232 1287 2525 1235 1288 2526 1213 1289 2527 1234 1290 2528 1201 1291 2529 1222 1292 2530 1225 1293 2531 1207 1294 2532 1230 1295 2533 1206 1296 2534 1192 1297 2535 1217 1298 2536 1216 1299 2537 1209 1300 2538 1214 1301 2539 1233 1302 2540 1202 1303 2541 1221 1304 2542 1197 1305 2543 1210 1306 2544 1213 1307 2545 1189 1308 2546 1196 1309 2547 1227 1310 2548 1203 1311 2549 1204 1312 2550 1229 1313 2551 1228 1314 2552 1195 1315 2553 1218 1316 2554 1194 1317 2555 1211 1318 2556 1212 1319 2557 1235 1320 2558 1204 1321 2559 1219 1322 2560 1195 1323 2561 1211 1324 2562 1234 1325 2563 1210 1326 2564 1188 1327 2565 1213 1328 2566 1212 1329 2567 1205 1330 2568 1218 1331 2569 1229 1332 2570 1203 1333 2571 1226 1334 2572 1202 1335 2573 1196 1336 2574 1221 1337 2575 1220 1338 2576 1206 1339 2577 1217 1340 2578 1193 1341 2579 1208 1342 2580 1233 1343 2581 1232 1344 2582 1257 1357 2604 1252 1358 2605 1256 1359 2606 1253 1360 2607 1257 1361 2608 1256 1362 2609 1181 1363 2610 1257 1364 2611 1254 1365 2612 1180 1366 2613 1255 1367 2614 1181 1368 2615 1297 1434 2691 1338 1435 2692 1314 1436 2693 1328 1437 2694 1305 1438 2695 1304 1439 2696 1305 1440 2697 1330 1441 2698 1306 1442 2699 1306 1444 2703 1331 1445 2704 1307 1446 2705 1313 1447 2706 1322 1448 2707 1298 1449 2708 1320 1450 2709 1297 1451 2710 1296 1452 2711 1358 1453 2712 1359 1454 2713 1286 1455 2714 1329 1495 2787 1331 1496 2788 1330 1497 2789 1327 1498 2790 1333 1499 2791 1332 1500 2792 1325 1501 2793 1335 1502 2794 1334 1503 2795 1323 1504 2796 1337 1505 2797 1336 1506 2798 1321 1507 2799 1339 1508 2800 1338 1509 2801 1319 1510 2802 1341 1511 2803 1340 1512 2804 1331 1513 2805 1304 1514 2806 1307 1515 2807 1336 1516 2808 1313 1517 2809 1312 1518 2810 1298 1519 2811 1323 1520 2812 1299 1521 2813 1315 1522 2814 1320 1523 2815 1296 1524 2816 1303 1525 2817 1332 1526 2818 1308 1527 2819 1295 1528 2820 1340 1529 2821 1316 1530 2822 1309 1531 2823 1326 1532 2824 1302 1533 2825 1310 1534 2826 1335 1535 2827 1311 1536 2828 1324 1537 2829 1301 1538 2830 1300 1539 2831 1341 1540 2832 1294 1541 2833 1317 1542 2834 1325 1543 2835 1310 1544 2836 1301 1545 2837 1340 1546 2838 1317 1547 2839 1316 1548 2840 1294 1549 2841 1319 1550 2842 1295 1551 2843 1335 1552 2844 1300 1553 2845 1311 1554 2846 1332 1555 2847 1309 1556 2848 1308 1557 2849 1302 1558 2850 1327 1559 2851 1303 1560 2852 1299 1561 2853 1336 1562 2854 1312 1563 2855 1314 1564 2856 1339 1565 2857 1315 1566 2858 1362 1578 2880 1361 1579 2881 1363 1580 2882 1359 1581 2883 1363 1582 2884 1360 1583 2885 1363 1584 2886 1287 1585 2887 1360 1586 2888 1361 1587 2889 1286 1588 2890 1287 1589 2891 1469 1590 2892 1475 1591 2893 1477 1592 2894 1384 1593 2895 1390 1594 2896 1366 1595 2897 1411 1596 2898 1405 1597 2899 1407 1159 2900 1381 1598 2901 1389 1599 2902 1384 1593 2903 1475 1600 2904 1364 1601 2905 1477 1602 2906 1366 1603 2907 1391 1604 2908 1386 1605 2909 1395 1606 2910 1413 1607 2911 1408 1608 2912 1409 1609 2913 1401 1610 2914 1410 1611 2915 1445 1612 2916 1403 1613 2917 1458 1614 2918 1459 1615 2919 1398 1616 2920 1404 1617 2921 1456 1618 2922 1396 1619 2923 1398 1616 2924 1417 1620 2925 1399 1621 2926 1411 1596 2927 1457 1622 2928 1403 1623 2929 1396 1624 2930 1410 1159 2931 1392 1159 2932 1400 1625 2933 1460 1626 2934 1404 1617 2935 1406 1627 2936 1460 1626 2937 1420 1628 2938 1463 1629 2939 1411 1596 2940 1421 1159 2941 1422 1159 2942 1423 1630 2943 1411 1596 2944 1422 1159 2945 1472 1631 2946 1434 1632 2947 1418 1633 2948 1415 1634 2949 1400 1625 2950 1419 1635 2951 1418 1636 2952 1400 1625 2953 1399 1621 2954 1414 1637 2955 1410 1638 2956 1415 1639 2957 1453 1640 2958 1412 1641 2959 1452 1642 2960 1444 1643 2961 1412 1644 2962 1395 1645 2963 1392 1646 2964 1447 1647 2965 1400 1648 2966 1431 1649 2967 1470 1650 2968 1433 1651 2969 1427 1652 2970 1398 1653 2971 1396 1654 2972 1415 1655 2973 1424 1656 2974 1414 1657 2975 1424 1658 2976 1393 1659 2977 1414 1660 2978 1419 1661 2979 1429 1662 2980 1415 1663 2981 1426 1664 2982 1396 1665 2983 1403 1666 2984 1408 1667 2985 1442 1668 2986 1422 1669 2987 1408 1670 2988 1421 1671 2989 1395 1672 2990 1443 1673 2991 1420 1674 2992 1423 1675 2993 1425 1676 2994 1429 1677 2995 1426 1678 2996 1430 1679 2997 1434 1680 2998 1431 1681 2999 1428 1682 3000 1435 1683 3001 1434 1680 3002 1426 1684 3003 1435 1685 3004 1427 1686 3005 1432 1687 3006 1431 1681 3007 1433 1688 3008 1437 1689 3009 1433 1688 3010 1436 1690 3011 1428 1691 3012 1404 1692 3013 1398 1653 3014 1365 1693 3015 1371 1694 3016 1447 1647 3017 1430 1695 3018 1406 1696 3019 1404 1692 3020 1423 1697 3021 1469 1698 3022 1417 1699 3023 1433 1700 3024 1474 1701 3025 1436 1702 3026 1476 1703 3027 1475 1704 3028 1420 1705 3029 1393 1706 3030 1426 1707 3031 1403 1708 3032 1418 1709 3033 1435 1710 3034 1419 1711 3035 1432 1712 3036 1420 1713 3037 1406 1696 3038 1444 1643 3039 1387 1714 3040 1367 1715 3041 1368 1716 3042 1462 1717 3043 1445 1718 3044 1453 1719 3045 1381 1720 3046 1451 1721 3047 1462 1722 3048 1380 1723 3049 1461 1724 3050 1450 1725 3051 1387 1714 3052 1454 1726 3053 1450 1727 3054 1377 1728 3055 1378 1729 3056 1448 1730 3057 1416 1731 3058 1365 1693 3059 1447 1732 3060 1370 1733 3061 1446 1734 3062 1446 1735 3063 1377 1728 3064 1449 1736 3065 1448 1737 3066 1369 1738 3067 1374 1739 3068 1461 1724 3069 1369 1740 3070 1455 1741 3071 1465 1742 3072 1441 1743 3073 1464 1744 3074 1439 1745 3075 1465 1742 3076 1466 1746 3077 1440 1747 3078 1438 1748 3079 1439 1749 3080 1438 1750 3081 1442 1751 3082 1441 1752 3083 1467 1753 3084 1439 1754 3085 1466 1755 3086 1442 1756 3087 1423 1675 3088 1422 1757 3089 1409 1758 3090 1455 1741 3091 1394 1759 3092 1401 1760 3093 1455 1761 3094 1448 1762 3095 1405 1763 3096 1446 1735 3097 1449 1736 3098 1400 1764 3099 1446 1734 3100 1399 1765 3101 1401 1766 3102 1365 1693 3103 1392 1646 3104 1405 1763 3105 1450 1727 3106 1407 1767 3107 1407 1768 3108 1454 1726 3109 1421 1769 3110 1462 1722 3111 1409 1758 3112 1414 1770 3113 1413 1771 3114 1451 1721 3115 1408 1772 3116 1445 1718 3117 1414 1773 3118 1393 1774 3119 1395 1645 3120 1454 1726 3121 1444 1643 3122 1367 1715 3123 1452 1775 3124 1444 1643 3125 1383 1776 3126 1452 1642 3127 1382 1777 3128 1379 1778 3129 1463 1629 3130 1386 1755 3131 1376 1779 3132 1460 1626 3133 1379 1778 3134 1373 1780 3135 1458 1781 3136 1457 1622 3137 1373 1782 3138 1456 1618 3139 1372 1783 3140 1376 1779 3141 1456 1618 3142 1459 1615 3143 1368 1784 3144 1458 1614 3145 1375 1785 3146 1364 1368 3147 1470 1786 3148 1468 1787 3149 1397 1788 3150 1471 1789 3151 1402 1235 3152 1477 1592 3153 1471 1790 3154 1469 1590 3155 1477 1602 3156 1397 1791 3157 1402 1792 3158 1470 1786 3159 1476 1793 3160 1474 1794 3161 1589 1795 3162 1583 1796 3163 1591 1797 3164 1480 1798 3165 1503 1799 3166 1498 1800 3167 1525 1801 3168 1519 1802 3169 1513 1803 3170 1498 1800 3171 1502 1804 3172 1495 1805 3173 1589 1806 3174 1478 1807 3175 1590 1808 3176 1505 1809 3177 1480 1810 3178 1500 1811 3179 1509 1812 3180 1527 1813 3181 1526 1814 3182 1515 1815 3183 1523 1816 3184 1524 1817 3185 1517 1818 3186 1559 1819 3187 1572 1820 3188 1518 1821 3189 1570 1822 3190 1573 1823 3191 1570 1822 3192 1510 1824 3193 1571 1825 3194 1531 1826 3195 1513 1803 3196 1532 1827 3197 1510 1828 3198 1572 1829 3199 1571 1830 3200 1506 1368 3201 1524 1368 3202 1514 1831 3203 1520 1832 3204 1573 1823 3205 1574 1833 3206 1534 1834 3207 1574 1833 3208 1577 1835 3209 1535 1368 3210 1525 1801 3211 1536 1368 3212 1537 1836 3213 1525 1801 3214 1531 1826 3215 1586 1837 3216 1585 1838 3217 1532 1839 3218 1514 1831 3219 1529 1368 3220 1533 1840 3221 1532 1827 3222 1514 1831 3223 1533 1840 3224 1524 1841 3225 1528 1842 3226 1529 1843 3227 1566 1844 3228 1527 1845 3229 1567 1846 3230 1558 1847 3231 1526 1848 3232 1566 1849 3233 1514 1850 3234 1479 1851 3235 1506 1852 3236 1545 1853 3237 1584 1854 3238 1582 1855 3239 1512 1856 3240 1541 1857 3241 1510 1858 3242 1529 1859 3243 1538 1860 3244 1543 1861 3245 1507 1862 3246 1538 1863 3247 1528 1864 3248 1533 1865 3249 1543 1866 3250 1549 1867 3251 1510 1868 3252 1540 1869 3253 1517 1870 3254 1522 1871 3255 1556 1872 3256 1555 1873 3257 1509 1874 3258 1536 1875 3259 1522 1876 3260 1534 1877 3261 1557 1878 3262 1537 1879 3263 1543 1880 3264 1539 1881 3265 1540 1882 3266 1544 1883 3267 1548 1884 3268 1542 1885 3269 1542 1885 3270 1549 1886 3271 1541 1887 3272 1549 1888 3273 1540 1889 3274 1541 1890 3275 1546 1368 3276 1545 1368 3277 1544 1883 3278 1551 1368 3279 1547 1368 3280 1546 1368 3281 1518 1891 3282 1542 1892 3283 1512 1856 3284 1561 1893 3285 1530 1894 3286 1479 1851 3287 1520 1895 3288 1544 1896 3289 1518 1891 3290 1537 1897 3291 1583 1898 3292 1587 1899 3293 1547 1900 3294 1588 1901 3295 1584 1902 3296 1551 1903 3297 1534 1877 3298 1590 1904 3299 1507 1905 3300 1540 1906 3301 1539 1907 3302 1532 1908 3303 1549 1909 3304 1548 1910 3305 1534 1911 3306 1546 1912 3307 1520 1895 3308 1558 1847 3309 1501 1913 3310 1568 1914 3311 1559 1915 3312 1499 1916 3313 1482 1917 3314 1495 1918 3315 1567 1919 3316 1565 1920 3317 1576 1921 3318 1494 1922 3319 1499 1923 3320 1501 1913 3321 1564 1924 3322 1568 1914 3323 1492 1925 3324 1563 1926 3325 1564 1927 3326 1479 1851 3327 1488 1928 3328 1562 1929 3329 1484 1930 3330 1561 1931 3331 1560 1932 3332 1563 1926 3333 1484 1933 3334 1560 1934 3335 1562 1935 3336 1483 1936 3337 1569 1937 3338 1575 1938 3339 1483 1939 3340 1494 1922 3341 1578 1940 3342 1552 1941 3343 1579 1942 3344 1579 1942 3345 1553 1943 3346 1580 1944 3347 1552 1945 3348 1554 1946 3349 1553 1947 3350 1552 1948 3351 1556 1949 3352 1557 1950 3353 1553 1951 3354 1581 1952 3355 1580 1953 3356 1537 1879 3357 1556 1954 3358 1536 1954 3359 1523 1955 3360 1569 1956 3361 1575 1938 3362 1515 1957 3363 1569 1958 3364 1508 1959 3365 1519 1960 3366 1560 1934 3367 1513 1961 3368 1560 1932 3369 1514 1962 3370 1513 1963 3371 1506 1852 3372 1562 1929 3373 1515 1964 3374 1521 1965 3375 1563 1926 3376 1519 1960 3377 1535 1966 3378 1564 1924 3379 1521 1967 3380 1528 1968 3381 1575 1938 3382 1576 1921 3383 1565 1920 3384 1527 1969 3385 1522 1970 3386 1507 1971 3387 1576 1972 3388 1559 1915 3389 1509 1973 3390 1568 1914 3391 1535 1966 3392 1481 1974 3393 1566 1849 3394 1496 1975 3395 1496 1976 3396 1567 1846 3397 1497 1977 3398 1577 1835 3399 1493 1978 3400 1500 1979 3401 1493 1978 3402 1573 1823 3403 1490 1980 3404 1487 1981 3405 1572 1829 3406 1489 1982 3407 1486 1983 3408 1571 1825 3409 1487 1984 3410 1573 1823 3411 1486 1983 3412 1490 1980 3413 1572 1820 3414 1482 1985 3415 1489 1986 3416 1582 1987 3417 1478 1988 3418 1511 1159 3419 1511 1989 3420 1585 1990 3421 1586 1991 3422 1585 1992 3423 1591 1797 3424 1583 1796 3425 1591 1993 3426 1511 1994 3427 1478 1807 3428 1584 1995 3429 1590 1996 3430 1478 1988 3431 1671 1997 3432 1844 1998 3433 1670 1999 3434 1671 2419 3957 1767 2420 3958 1768 2421 3959 1844 2422 3960 1866 2423 3961 1766 2424 3962 1765 2464 4038 1845 2465 4039 1768 2466 4040 1999 2635 4290 1844 1998 4291 1845 2636 4292 2095 3008 4815 1999 3009 4816 2096 3010 4817 1998 3011 4818 2095 3012 4819 2094 3013 4820 1845 3050 4896 1867 3051 4897 2093 3052 4898 2471 3248 5256 2407 3249 5257 2406 3250 5258 2470 3251 5259 2408 3252 5260 2407 3253 5261 2472 3254 5262 2409 3255 5263 2408 3256 5264 2473 3257 5265 2410 3258 5266 2409 3259 5267 2474 3260 5268 2411 3261 5269 2410 3262 5270 2475 3263 5271 2412 3264 5272 2411 3265 5273 2476 3266 5274 2413 3267 5275 2412 3268 5276 2477 3269 5277 2414 3270 5278 2413 3271 5279 2478 3272 5280 2415 3273 5281 2414 3274 5282 2479 3275 5283 2416 3276 5284 2415 3277 5285 2480 3278 5286 2417 3279 5287 2416 3280 5288 2481 3281 5289 2418 3282 5290 2417 3283 5291 2482 3284 5292 2419 3285 5293 2418 3286 5294 2483 3287 5295 2420 3288 5296 2419 3289 5297 2420 3290 5298 2485 3291 5299 2421 3292 5300 2421 3293 5301 2486 3294 5302 2422 3295 5303 2422 3296 5304 2487 3297 5305 2423 3298 5306 2423 3299 5307 2488 3300 5308 2424 3301 5309 2424 3302 5310 2489 3303 5311 2425 3304 5312 2425 3305 5313 2490 3306 5314 2426 3307 5315 2426 3308 5316 2491 3309 5317 2427 3310 5318 2427 3311 5319 2492 3312 5320 2428 3313 5321 2428 3314 5322 2493 3315 5323 2429 3314 5324 2429 3316 5325 2494 3317 5326 2430 3318 5327 2430 3319 5328 2495 3320 5329 2431 3321 5330 2431 3322 5331 2496 3323 5332 2432 3324 5333 2432 3325 5334 2497 3325 5335 2433 3326 5336 2433 3327 5337 2498 3328 5338 2434 3329 5339 2434 3330 5340 2499 3331 5341 2435 3332 5342 2435 3333 5343 2500 3334 5344 2436 3335 5345 2436 3336 5346 2501 3337 5347 2437 3338 5348 2437 3339 5349 2502 3340 5350 2438 3341 5351 2502 3342 5352 2439 3343 5353 2438 3344 5354 2503 3345 5355 2440 3346 5356 2439 3347 5357 2504 3348 5358 2441 3349 5359 2440 3350 5360 2505 3351 5361 2442 3352 5362 2441 3353 5363 2506 3354 5364 2443 3355 5365 2442 3356 5366 2507 3357 5367 2444 3358 5368 2443 3359 5369 2508 3360 5370 2445 3361 5371 2444 3361 5372 2509 3362 5373 2446 3363 5374 2445 3363 5375 2510 3364 5376 2447 3365 5377 2446 3366 5378 2511 3367 5379 2448 3368 5380 2447 3369 5381 2512 3370 5382 2449 3371 5383 2448 3372 5384 2513 3373 5385 2450 3374 5386 2449 3375 5387 2514 3376 5388 2451 3377 5389 2450 3378 5390 2515 3379 5391 2452 3380 5392 2451 3381 5393 2516 3382 5394 2453 3383 5395 2452 3384 5396 2517 3385 5397 2454 3386 5398 2453 3387 5399 2518 3388 5400 2455 3389 5401 2454 3390 5402 2519 3391 5403 2456 3392 5404 2455 3393 5405 2456 3394 5406 2521 3395 5407 2457 3396 5408 2457 3397 5409 2522 3398 5410 2458 3399 5411 2458 3400 5412 2523 3401 5413 2459 3402 5414 2459 3403 5415 2524 3404 5416 2460 3405 5417 2460 3406 5418 2525 3407 5419 2461 3408 5420 2461 3409 5421 2526 3410 5422 2462 3411 5423 2462 3412 5424 2527 3413 5425 2463 3414 5426 2463 3415 5427 2528 3416 5428 2464 3417 5429 2464 3418 5430 2529 3419 5431 2465 3420 5432 2465 3421 5433 2530 3422 5434 2466 3423 5435 2466 3424 5436 2531 3425 5437 2467 3426 5438 2467 3427 5439 2532 3428 5440 2468 3429 5441 2339 3430 5442 2597 3431 5443 2341 3432 5444 2468 3433 5445 2533 3434 5446 2469 3435 5447 2469 3436 5448 2471 3437 5449 2406 3438 5450 2280 3439 5451 2308 3440 5452 2248 3441 5453 2405 3442 5454 2214 3443 5455 2340 3444 5456 2404 3445 5457 2340 3446 5458 2338 3447 5459 2403 3448 5460 2338 3449 5461 2336 3450 5462 2402 3451 5463 2336 3452 5464 2334 3453 5465 2332 3454 5466 2402 3455 5467 2334 3456 5468 2330 3457 5469 2401 3458 5470 2332 3459 5471 2328 3460 5472 2400 3461 5473 2330 3462 5474 2326 3463 5475 2399 3464 5476 2328 3465 5477 2324 3466 5478 2398 3467 5479 2326 3466 5480 2322 3468 5481 2397 3469 5482 2324 3470 5483 2320 3471 5484 2396 3472 5485 2322 3473 5486 2318 3474 5487 2395 3475 5488 2320 3474 5489 2316 3476 5490 2394 3477 5491 2318 3478 5492 2314 3479 5493 2393 3480 5494 2316 3481 5495 2312 3482 5496 2392 3483 5497 2314 3484 5498 2310 3485 5499 2391 3486 5500 2312 3487 5501 2308 3488 5502 2390 3489 5503 2310 3490 5504 2306 3491 5505 2389 3492 5506 2308 3493 5507 2304 3494 5508 2388 3495 5509 2306 3496 5510 2386 3497 5511 2304 3498 5512 2302 3499 5513 2385 3500 5514 2302 3501 5515 2300 3502 5516 2384 3503 5517 2300 3504 5518 2298 3505 5519 2383 3506 5520 2298 3507 5521 2296 3508 5522 2382 3509 5523 2296 3510 5524 2294 3511 5525 2381 3512 5526 2294 3513 5527 2292 3514 5528 2380 3515 5529 2292 3516 5530 2290 3517 5531 2379 3518 5532 2290 3519 5533 2288 3520 5534 2378 3521 5535 2288 3522 5536 2286 3523 5537 2377 3524 5538 2286 3525 5539 2284 3526 5540 2376 3527 5541 2284 3528 5542 2282 3529 5543 2375 3530 5544 2282 3531 5545 2280 3532 5546 2374 3533 5547 2280 3534 5548 2278 3535 5549 2373 3536 5550 2278 3537 5551 2276 3538 5552 2372 3539 5553 2276 3540 5554 2274 3541 5555 2371 3542 5556 2274 3543 5557 2272 3544 5558 2370 3545 5559 2272 3546 5560 2270 3547 5561 2369 3548 5562 2270 3549 5563 2268 3550 5564 2368 3551 5565 2268 3552 5566 2266 3553 5567 2367 3554 5568 2266 3555 5569 2264 3556 5570 2366 3557 5571 2264 3558 5572 2262 3559 5573 2365 3560 5574 2262 3561 5575 2260 3562 5576 2364 3563 5577 2260 3563 5578 2258 3563 5579 2363 3564 5580 2258 3565 5581 2256 3566 5582 2362 3567 5583 2256 3568 5584 2254 3569 5585 2361 3570 5586 2254 3571 5587 2252 3572 5588 2360 3573 5589 2252 3574 5590 2250 3575 5591 2359 3576 5592 2250 3577 5593 2248 3578 5594 2358 3579 5595 2248 3580 5596 2246 3581 5597 2357 3582 5598 2246 3583 5599 2244 3584 5600 2356 3585 5601 2244 3586 5602 2242 3587 5603 2355 3588 5604 2242 3589 5605 2240 3590 5606 2354 3591 5607 2240 3592 5608 2238 3593 5609 2353 3594 5610 2238 3595 5611 2236 3596 5612 2352 3597 5613 2236 3598 5614 2234 3599 5615 2351 3600 5616 2234 3601 5617 2232 3602 5618 2350 3603 5619 2232 3604 5620 2230 3604 5621 2349 3605 5622 2230 3606 5623 2228 3607 5624 2348 3608 5625 2228 3609 5626 2226 3610 5627 2347 3611 5628 2226 3612 5629 2224 3613 5630 2346 3614 5631 2224 3615 5632 2222 3616 5633 2345 3617 5634 2222 3618 5635 2220 3619 5636 2344 3620 5637 2220 3621 5638 2218 3622 5639 2343 3623 5640 2218 3624 5641 2216 3625 5642 2342 3626 5643 2216 3627 5644 2214 3627 5645 2405 3628 5646 2406 3629 5647 2342 3630 5648 2404 3631 5649 2469 3632 5650 2405 3633 5651 2403 3634 5652 2468 3635 5653 2404 3636 5654 2402 3637 5655 2467 3638 5656 2403 3639 5657 2401 3640 5658 2466 3641 5659 2402 3642 5660 2400 3643 5661 2465 3644 5662 2401 3645 5663 2399 3646 5664 2464 3647 5665 2400 3648 5666 2398 3649 5667 2463 3650 5668 2399 3651 5669 2397 3652 5670 2462 3653 5671 2398 3654 5672 2396 3655 5673 2461 3656 5674 2397 3657 5675 2395 3658 5676 2460 3659 5677 2396 3660 5678 2394 3661 5679 2459 3662 5680 2395 3663 5681 2393 3664 5682 2458 3665 5683 2394 3666 5684 2392 3667 5685 2457 3668 5686 2393 3669 5687 2391 3670 5688 2456 3671 5689 2392 3672 5690 2390 3673 5691 2455 3674 5692 2391 3486 5693 2389 3675 5694 2454 3676 5695 2390 3489 5696 2388 3677 5697 2453 3678 5698 2389 3679 5699 2387 3680 5700 2452 3681 5701 2388 3682 5702 2386 3683 5703 2451 3684 5704 2387 3685 5705 2385 3686 5706 2450 3687 5707 2386 3688 5708 2384 3689 5709 2449 3690 5710 2385 3691 5711 2383 3692 5712 2448 3693 5713 2384 3694 5714 2382 3695 5715 2447 3696 5716 2383 3697 5717 2381 3698 5718 2446 3699 5719 2382 3700 5720 2380 3701 5721 2445 3702 5722 2381 3703 5723 2379 3704 5724 2444 3705 5725 2380 3706 5726 2378 3707 5727 2443 3707 5728 2379 3708 5729 2377 3709 5730 2442 3710 5731 2378 3711 5732 2376 3712 5733 2441 3713 5734 2377 3714 5735 2375 3715 5736 2440 3716 5737 2376 3717 5738 2374 3718 5739 2439 3719 5740 2375 3720 5741 2437 3721 5742 2374 3722 5743 2373 3723 5744 2436 3724 5745 2373 3725 5746 2372 3726 5747 2435 3727 5748 2372 3728 5749 2371 3729 5750 2434 3730 5751 2371 3731 5752 2370 3732 5753 2433 3733 5754 2370 3733 5755 2369 3734 5756 2432 3735 5757 2369 3736 5758 2368 3736 5759 2431 3737 5760 2368 3738 5761 2367 3739 5762 2430 3740 5763 2367 3741 5764 2366 3742 5765 2429 3743 5766 2366 3744 5767 2365 3745 5768 2428 3746 5769 2365 3747 5770 2364 3747 5771 2427 3748 5772 2364 3749 5773 2363 3750 5774 2426 3751 5775 2363 3752 5776 2362 3753 5777 2425 3754 5778 2362 3755 5779 2361 3756 5780 2424 3757 5781 2361 3758 5782 2360 3759 5783 2423 3760 5784 2360 3761 5785 2359 3762 5786 2422 3763 5787 2359 3764 5788 2358 3579 5789 2421 3765 5790 2358 3766 5791 2357 3582 5792 2420 3767 5793 2357 3768 5794 2356 3769 5795 2419 3770 5796 2356 3771 5797 2355 3772 5798 2418 3773 5799 2355 3774 5800 2354 3775 5801 2417 3776 5802 2354 3777 5803 2353 3778 5804 2416 3779 5805 2353 3780 5806 2352 3781 5807 2415 3782 5808 2352 3783 5809 2351 3784 5810 2414 3785 5811 2351 3786 5812 2350 3787 5813 2413 3788 5814 2350 3789 5815 2349 3790 5816 2412 3791 5817 2349 3792 5818 2348 3793 5819 2411 3794 5820 2348 3795 5821 2347 3796 5822 2410 3797 5823 2347 3798 5824 2346 3799 5825 2409 3800 5826 2346 3801 5827 2345 3802 5828 2408 3803 5829 2345 3804 5830 2344 3805 5831 2407 3806 5832 2344 3807 5833 2343 3808 5834 2406 3809 5835 2343 3810 5836 2342 3811 5837 2217 3812 5838 2471 3813 5839 2215 3814 5840 2219 3815 5841 2470 3816 5842 2217 3812 5843 2221 3817 5844 2472 3818 5845 2219 3815 5846 2223 3819 5847 2473 3820 5848 2221 3817 5849 2225 3821 5850 2474 3822 5851 2223 3819 5852 2225 3821 5853 2476 3823 5854 2475 3824 5855 2229 3825 5856 2476 3823 5857 2227 3826 5858 2231 3827 5859 2477 3828 5860 2229 3825 5861 2231 3827 5862 2479 3829 5863 2478 3830 5864 2235 3831 5865 2479 3829 5866 2233 1598 5867 2235 3831 5868 2481 3832 5869 2480 3833 5870 2237 1598 5871 2482 1598 5872 2481 3832 5873 2241 3834 5874 2482 1598 5875 2239 1598 5876 2241 3834 5877 2484 3835 5878 2483 3836 5879 2245 1598 5880 2484 3835 5881 2243 3837 5882 2245 1598 5883 2486 1598 5884 2485 1598 5885 2249 1598 5886 2486 1598 5887 2247 1598 5888 2249 1598 5889 2488 3838 5890 2487 1598 5891 2253 3839 5892 2488 3838 5893 2251 3840 5894 2253 3839 5895 2490 3841 5896 2489 3842 5897 2257 3843 5898 2490 3841 5899 2255 3844 5900 2259 3845 5901 2491 3846 5902 2257 3843 5903 2259 3845 5904 2493 3847 5905 2492 3848 5906 2263 3849 5907 2493 3847 5908 2261 3850 5909 2265 3851 5910 2494 3852 5911 2263 3849 5912 2265 3851 5913 2496 3853 5914 2495 3854 5915 2269 3855 5916 2496 3853 5917 2267 3856 5918 2269 3855 5919 2498 3857 5920 2497 3858 5921 2271 3859 5922 2499 3860 5923 2498 3857 5924 2273 1598 5925 2500 3861 5926 2499 3860 5927 2275 3862 5928 2501 3863 5929 2500 3861 5930 2277 3864 5931 2502 3865 5932 2501 3863 5933 2281 3866 5934 2502 3865 5935 2279 3867 5936 2283 3868 5937 2503 3869 5938 2281 3866 5939 2285 3870 5940 2504 3871 5941 2283 3868 5942 2285 3870 5943 2506 3872 5944 2505 1598 5945 2289 3873 5946 2506 3872 5947 2287 3874 5948 2289 3873 5949 2508 3875 5950 2507 3876 5951 2293 3877 5952 2508 3875 5953 2291 3878 5954 2293 3877 5955 2510 3879 5956 2509 3880 5957 2297 1598 5958 2510 3879 5959 2295 1598 5960 2297 1598 5961 2512 3881 5962 2511 1598 5963 2299 3882 5964 2513 3883 5965 2512 3881 5966 2303 3884 5967 2513 3883 5968 2301 1598 5969 2303 3884 5970 2515 3885 5971 2514 3886 5972 2307 3887 5973 2515 3885 5974 2305 3888 5975 2309 1598 5976 2516 3889 5977 2307 3887 5978 2309 1598 5979 2518 1598 5980 2517 1598 5981 2313 1598 5982 2518 1598 5983 2311 1598 5984 2313 1598 5985 2520 3890 5986 2519 1598 5987 2315 3891 5988 2521 3892 5989 2520 3890 5990 2319 1598 5991 2521 3892 5992 2317 3893 5993 2319 1598 5994 2523 3894 5995 2522 1598 5996 2323 3895 5997 2523 3894 5998 2321 1598 5999 2325 3896 6000 2524 3897 6001 2323 3895 6002 2325 3896 6003 2526 3898 6004 2525 3899 6005 2329 3900 6006 2526 3898 6007 2327 3901 6008 2329 3900 6009 2528 3902 6010 2527 3903 6011 2333 3904 6012 2528 3902 6013 2331 3905 6014 2333 3904 6015 2530 3906 6016 2529 3907 6017 2335 3908 6018 2531 3909 6019 2530 3906 6020 2337 3910 6021 2532 3911 6022 2531 3909 6023 2339 3912 6024 2533 3913 6025 2532 3911 6026 2341 3914 6027 2471 3813 6028 2533 3913 6029 2552 3915 6030 2544 3916 6031 2536 3917 6032 2287 3918 6033 2571 3919 6034 2289 3920 6035 2235 3921 6036 2545 3922 6037 2237 3923 6038 2341 3924 6039 2535 3925 6040 2215 3926 6041 2289 3927 6042 2572 3928 6043 2291 3927 6044 2237 3929 6045 2546 3930 6046 2239 3931 6047 2293 3932 6048 2572 3933 6049 2573 3934 6050 2239 3935 6051 2547 3936 6052 2241 3937 6053 2295 3938 6054 2573 3939 6055 2574 3940 6056 2241 3941 6057 2548 3942 6058 2243 3943 6059 2295 3944 6060 2575 3945 6061 2297 3944 6062 2243 3946 6063 2549 3946 6064 2245 3947 6065 2297 3948 6066 2576 3949 6067 2299 3950 6068 2245 3951 6069 2550 3951 6070 2247 3952 6071 2299 3953 6072 2577 3954 6073 2301 3955 6074 2247 3956 6075 2551 3957 6076 2249 3958 6077 2301 3959 6078 2578 3960 6079 2303 3961 6080 2249 3962 6081 2552 3962 6082 2251 3963 6083 2303 3964 6084 2579 3965 6085 2305 3966 6086 2251 3967 6087 2553 3968 6088 2253 3969 6089 2305 3970 6090 2580 3971 6091 2307 3970 6092 2255 3972 6093 2553 3973 6094 2554 3974 6095 2307 3975 6096 2581 3975 6097 2309 3976 6098 2257 3977 6099 2554 3978 6100 2555 3979 6101 2309 3980 6102 2582 3981 6103 2311 3982 6104 2259 3983 6105 2555 3984 6106 2556 3985 6107 2313 3986 6108 2582 3987 6109 2583 3988 6110 2261 3989 6111 2556 3990 6112 2557 3991 6113 2313 3992 6114 2584 3993 6115 2315 3992 6116 2263 3994 6117 2557 3995 6118 2558 3996 6119 2315 3997 6120 2585 3997 6121 2317 3998 6122 2265 3999 6123 2558 4000 6124 2559 4001 6125 2317 4002 6126 2586 4002 6127 2319 4003 6128 2267 4004 6129 2559 4005 6130 2560 4006 6131 2319 4007 6132 2587 4008 6133 2321 4009 6134 2269 4010 6135 2560 4011 6136 2561 4012 6137 2215 4013 6138 2534 4014 6139 2217 4015 6140 2321 4016 6141 2588 4017 6142 2323 4018 6143 2269 4019 6144 2562 4020 6145 2271 4021 6146 2217 4022 6147 2536 4023 6148 2219 4024 6149 2323 4025 6150 2589 4026 6151 2325 4025 6152 2271 4027 6153 2563 4028 6154 2273 4029 6155 2219 4030 6156 2537 4031 6157 2221 4032 6158 2325 4033 6159 2590 4034 6160 2327 4035 6161 2275 4036 6162 2563 4037 6163 2564 4038 6164 2221 4039 6165 2538 4040 6166 2223 4041 6167 2327 4042 6168 2591 4043 6169 2329 4044 6170 2277 4045 6171 2564 4046 6172 2565 4047 6173 2223 4048 6174 2539 4049 6175 2225 4050 6176 2329 4051 6177 2592 4052 6178 2331 4051 6179 2277 4053 6180 2566 4054 6181 2279 4055 6182 2225 4056 6183 2540 4057 6184 2227 4058 6185 2331 4059 6186 2593 4060 6187 2333 4061 6188 2281 4062 6189 2566 4063 6190 2567 4064 6191 2227 4065 6192 2541 4066 6193 2229 4067 6194 2333 4068 6195 2594 4069 6196 2335 4068 6197 2283 4070 6198 2567 4071 6199 2568 4072 6200 2229 4073 6201 2542 4074 6202 2231 4075 6203 2335 4076 6204 2595 4077 6205 2337 4078 6206 2283 4079 6207 2569 4080 6208 2285 4081 6209 2231 4082 6210 2543 4083 6211 2233 4084 6212 2337 4085 6213 2596 4086 6214 2339 4087 6215 2285 4088 6216 2570 4089 6217 2287 4090 6218 2233 4091 6219 2544 4092 6220 2235 4093 6221 2614 4094 6222 2600 4095 6223 2616 4096 6224 2601 4097 6225 2598 4098 6226 2600 4099 6227 2615 4100 6228 2621 4101 6229 2620 4102 6230 2606 4103 6231 2605 4104 6232 2609 4105 6233 2609 4106 6234 2604 4107 6235 2607 4108 6236 2613 4109 6237 2607 4110 6238 2611 4111 6239 2610 4112 6240 2609 4113 6241 2613 4114 6242 2608 4115 6243 2604 4116 6244 2602 4117 6245 2602 4118 6246 2606 4119 6247 2608 4120 6248 2614 4121 6249 2613 4122 6250 2617 4123 6251 2615 4124 6252 2613 4125 6253 2611 4126 6254 2612 4127 6255 2607 4128 6256 2608 4129 6257 2608 4130 6258 2610 4131 6259 2612 4132 6260 2598 4133 6261 2617 4134 6262 2615 4124 6263 2601 4135 6264 2617 4136 6265 2599 4137 6266 2616 4138 6267 2611 4139 6268 2612 4140 6269 2610 4141 6270 2616 4096 6271 2612 4142 6272 2619 4143 6273 2620 4144 6274 2621 4145 6275 2616 4146 6276 2619 4147 6277 2621 4148 6278 2598 4098 6279 2619 4149 6280 2600 4099 6281 2615 4124 6282 2618 4150 6283 2598 4133 6284 2624 4151 6285 2634 4152 6286 2636 4153 6287 2622 4154 6288 2625 4155 6289 2624 4156 6290 2635 4157 6291 2641 4158 6292 2636 4159 6293 2626 4160 6294 2605 4104 6295 2603 4161 6296 2627 4162 6297 2605 4163 6298 2629 4164 6299 2627 4165 6300 2633 4166 6301 2631 4167 6302 2630 4168 6303 2629 4169 6304 2626 4170 6305 2604 4116 6306 2628 4171 6307 2602 4117 6308 2628 4172 6309 2603 4173 6310 2602 4174 6311 2634 4175 6312 2633 4176 6313 2630 4177 6314 2635 4178 6315 2633 4179 6316 2637 4180 6317 2627 4181 6318 2632 4182 6319 2628 4183 6320 2628 4184 6321 2630 4185 6322 2626 4186 6323 2622 4187 6324 2637 4180 6325 2623 4188 6326 2625 4189 6327 2637 4190 6328 2634 4191 6329 2631 4192 6330 2636 4193 6331 2632 4194 6332 2636 4153 6333 2630 4195 6334 2632 4196 6335 2640 4197 6336 2639 4198 6337 2641 4199 6338 2636 4200 6339 2639 4201 6340 2624 4202 6341 2639 4203 6342 2622 4154 6343 2624 4156 6344 2638 4204 6345 2635 4178 6346 2622 4187 6347 2643 4205 6348 2644 4206 6349 2642 4207 6350 2662 4208 6351 2648 4209 6352 2664 4210 6353 2649 4211 6354 2646 4212 6355 2648 4213 6356 2653 4214 6357 2642 4215 6358 2652 4216 6359 2664 4217 6360 2646 4218 6361 2663 4219 6362 2645 4220 6363 2653 4221 6364 2651 4222 6365 2660 4223 6366 2653 4224 6367 2659 4225 6368 2644 4226 6369 2652 4227 6370 2642 4228 6371 2661 4229 6372 2653 4230 6373 2652 4231 6374 2644 4232 6375 2651 4233 6376 2650 4234 6377 2663 4235 6378 2657 4236 6379 2655 4237 6380 2662 4238 6381 2657 4239 6382 2665 4240 6383 2658 4241 6384 2655 4242 6385 2661 4243 6386 2660 4244 6387 2656 4245 6388 2658 4246 6389 2651 4247 6390 2658 4246 6391 2650 4248 6392 2650 4249 6393 2661 4250 6394 2652 4251 6395 2655 4237 6396 2659 4252 6397 2661 4229 6398 2660 4223 6399 2657 4253 6400 2654 4254 6401 2662 4255 6402 2647 4256 6403 2649 4257 6404 2646 4258 6405 2665 4259 6406 2663 4260 6407 2656 4261 6408 2663 4262 6409 2655 4263 6410 2654 4264 6411 2664 4265 6412 2656 4245 6413 2668 4266 6414 2667 4267 6415 2666 4268 6416 2672 4269 6417 2686 4270 6418 2688 4271 6419 2672 4272 6420 2671 4273 6421 2673 4274 6422 2666 4275 6423 2677 4276 6424 2676 4277 6425 2688 4278 6426 2670 4279 6427 2672 4280 6428 2677 4281 6429 2669 4282 6430 2675 4283 6431 2683 4284 6432 2675 4285 6433 2684 4286 6434 2668 4287 6435 2676 4288 6436 2674 4289 6437 2685 4290 6438 2677 4291 6439 2683 4292 6440 2668 4293 6441 2675 4294 6442 2669 4295 6443 2687 4296 6444 2681 4297 6445 2689 4298 6446 2686 4299 6447 2681 4300 6448 2678 4301 6449 2682 4302 6450 2679 4303 6451 2680 4304 6452 2680 4305 6453 2684 4306 6454 2682 4307 6455 2682 4307 6456 2675 4308 6457 2674 4309 6458 2674 4310 6459 2685 4311 6460 2682 4312 6461 2679 4313 6462 2683 4292 6463 2681 4297 6464 2681 4314 6465 2684 4286 6466 2678 4315 6467 2671 4316 6468 2686 4317 6469 2673 4318 6470 2670 4319 6471 2689 4320 6472 2671 4321 6473 2680 4322 6474 2687 4323 6475 2688 4324 6476 2688 4325 6477 2678 4326 6478 2680 4305 6479 2691 4327 6480 2692 4328 6481 2690 4329 6482 2710 4330 6483 2696 4331 6484 2712 4332 6485 2697 4333 6486 2694 4334 6487 2696 4335 6488 2705 4336 6489 2691 4337 6490 2690 4338 6491 2712 4339 6492 2694 4340 6493 2711 4341 6494 2693 4342 6495 2703 4343 6496 2704 4344 6497 2699 4345 6498 2709 4346 6499 2706 4347 6500 2702 4348 6501 2700 4349 6502 2705 4350 6503 2707 4351 6504 2701 4352 6505 2700 4353 6506 2704 4354 6507 2698 4355 6508 2702 4356 6509 2693 4357 6510 2702 4358 6511 2692 4359 6512 2692 4360 6513 2705 4361 6514 2690 4362 6515 2699 4363 6516 2703 4364 6517 2701 4365 6518 2700 4353 6519 2703 4366 6520 2705 4367 6521 2711 4368 6522 2709 4369 6523 2707 4351 6524 2706 4370 6525 2713 4371 6526 2710 4372 6527 2708 4373 6528 2700 4374 6529 2698 4375 6530 2699 4376 6531 2708 4377 6532 2698 4355 6533 2710 4378 6534 2695 4379 6535 2697 4380 6536 2694 4381 6537 2713 4382 6538 2711 4383 6539 2708 4384 6540 2711 4385 6541 2707 4386 6542 2706 4387 6543 2712 4388 6544 2708 4377 6545 2716 4389 6546 2715 4390 6547 2714 4391 6548 2720 4392 6549 2734 4393 6550 2736 4394 6551 2718 4395 6552 2721 4396 6553 2720 4397 6554 2729 4398 6555 2715 4399 6556 2727 4400 6557 2736 4401 6558 2718 4402 6559 2720 4403 6560 2727 4404 6561 2717 4405 6562 2728 4406 6563 2733 4407 6564 2723 4408 6565 2730 4409 6566 2726 4410 6567 2724 4411 6568 2722 4412 6569 2731 4413 6570 2725 4414 6571 2733 4415 6572 2722 4416 6573 2728 4417 6574 2726 4418 6575 2726 4419 6576 2717 4420 6577 2716 4421 6578 2716 4422 6579 2729 4423 6580 2726 4424 6581 2725 4425 6582 2728 4426 6583 2723 4427 6584 2724 4428 6585 2727 4429 6586 2725 4414 6587 2735 4430 6588 2733 4415 6589 2737 4431 6590 2737 4432 6591 2730 4433 6592 2734 4434 6593 2722 4435 6594 2731 4436 6595 2732 4437 6596 2732 4438 6597 2723 4439 6598 2722 4416 6599 2719 4440 6600 2734 4441 6601 2721 4442 6602 2718 4443 6603 2737 4444 6604 2719 4445 6605 2732 4446 6606 2735 4447 6607 2736 4448 6608 2736 4449 6609 2730 4450 6610 2732 4438 6611 2739 4451 6612 2740 4452 6613 2738 4453 6614 2746 4454 6615 2745 4455 6616 2744 4456 6617 2743 4457 6618 2750 4458 6619 2745 4459 6620 2748 4460 6621 2739 4461 6622 2738 4462 6623 2744 4463 6624 2748 4464 6625 2746 4465 6626 2741 4466 6627 2749 4467 6628 2747 4468 6629 2745 4469 6630 2749 4470 6631 2743 4471 6632 2740 4472 6633 2748 4473 6634 2738 4474 6635 2743 4475 6636 2748 4476 6637 2742 4477 6638 2741 4478 6639 2746 4479 6640 2740 4480 6641 2752 4481 6642 2757 4482 6643 2753 4483 6644 2744 4456 6645 2750 4484 6646 2751 4485 6647 2742 4477 6648 2753 4483 6649 2743 4475 6650 2742 4486 6651 2751 4487 6652 2752 4488 6653 2757 4489 6654 2758 4490 6655 2754 4491 6656 2751 4492 6657 2756 4493 6658 2752 4494 6659 2753 4495 6660 2754 4496 6661 2750 4497 6662 2751 4485 6663 2754 4498 6664 2755 4499 6665 2760 4500 6666 2765 4501 6667 2761 4502 6668 2755 4503 6669 2758 4504 6670 2759 4505 6671 2756 4506 6672 2761 4502 6673 2757 4507 6674 2756 4508 6675 2759 4509 6676 2760 4510 6677 2763 4511 6678 2765 4512 6679 2764 4513 6680 2759 4514 6681 2764 4515 6682 2760 4516 6683 2758 4517 6684 2765 4518 6685 2762 4519 6686 2759 4505 6687 2762 4520 6688 2763 4521 6689 2768 4522 6690 2767 4523 6691 2766 4524 6692 2774 4525 6693 2773 4526 6694 2775 4527 6695 2773 4528 6696 2781 4529 6697 2771 4530 6698 2776 4531 6699 2767 4532 6700 2777 4533 6701 2774 4534 6702 2770 4535 6703 2772 4536 6704 2777 4537 6705 2769 4538 6706 2775 4539 6707 2773 4540 6708 2777 4541 6709 2775 4542 6710 2768 4543 6711 2776 4544 6712 2774 4545 6713 2776 4546 6714 2771 4547 6715 2770 4548 6716 2774 4549 6717 2769 4550 6718 2768 4551 6719 2785 4552 6720 2780 4553 6721 2781 4554 6722 2772 4555 6723 2778 4556 6724 2773 4526 6725 2781 4554 6726 2770 4548 6727 2771 4547 6728 2780 4557 6729 2772 4558 6730 2770 4559 6731 2782 4560 6732 2789 4561 6733 2785 4562 6734 2780 4563 6735 2783 4564 6736 2779 4565 6737 2778 4566 6738 2785 4567 6739 2781 4568 6740 2779 4569 6741 2782 4570 6742 2778 4556 6743 2793 4571 6744 2788 4572 6745 2789 4573 6746 2783 4574 6747 2786 4575 6748 2782 4576 6749 2789 4573 6750 2784 4577 6751 2785 4578 6752 2788 4579 6753 2783 4580 6754 2784 4581 6755 2792 4582 6756 2790 4583 6757 2791 4584 6758 2792 4585 6759 2787 4586 6760 2788 4587 6761 2786 4588 6762 2793 4589 6763 2789 4590 6764 2787 4591 6765 2790 4592 6766 2786 4575 6767 2794 4593 6768 2797 4594 6769 2795 4595 6770 2809 4596 6771 2825 4597 6772 2807 4598 6773 2801 4599 6774 2849 4600 6775 2799 4601 6776 2794 4602 6777 2805 4603 6778 2804 4604 6779 2844 4605 6780 2807 4606 6781 2825 1368 6782 2805 4607 6783 2797 4608 6784 2803 4609 6785 2809 4610 6786 2803 4609 6787 2806 4611 6788 2794 4612 6789 2802 4613 6790 2796 4614 6791 2804 4604 6792 2809 4615 6793 2807 4616 6794 2796 4617 6795 2803 4618 6796 2797 4619 6797 2824 4620 6798 2799 4621 6799 2798 4622 6800 2836 4623 6801 2819 4624 6802 2816 4625 6803 2804 4626 6804 2808 4627 6805 2802 4613 6806 2802 4628 6807 2806 4629 6808 2803 4618 6809 2851 4630 6810 2814 4631 6811 2812 4632 6812 2812 4632 6813 2854 4633 6814 2851 4630 6815 2832 4634 6816 2809 4635 6817 2814 4636 6818 2818 4637 6819 2835 4638 6820 2817 4639 6821 2799 4621 6822 2813 4640 6823 2801 4641 6824 2854 4642 6825 2831 4643 6826 2855 4644 6827 2812 4645 6828 2809 4646 6829 2806 4647 6830 2824 4648 6831 2844 4649 6832 2825 4650 6833 2817 4639 6834 2819 4624 6835 2818 4637 6836 2835 4651 6837 2811 4652 6838 2817 4653 6839 2816 4654 6840 2811 4652 6841 2810 4655 6842 2818 4656 6843 2813 4657 6844 2815 4658 6845 2826 4659 6846 2821 4660 6847 2820 4661 6848 2825 4650 6849 2823 4662 6850 2824 4648 6851 2856 4663 6852 2829 4664 6853 2833 4665 6854 2831 4643 6855 2836 4666 6856 2828 4667 6857 2832 4668 6858 2823 4662 6859 2827 4669 6860 2821 4660 6861 2830 4670 6862 2820 4661 6863 2835 1598 6864 2833 4665 6865 2829 4664 6866 2799 4621 6867 2833 4671 6868 2815 4672 6869 2857 4673 6870 2814 4631 6871 2853 4674 6872 2842 1159 6873 2800 1159 6874 2822 1159 6875 2831 4675 6876 2801 4641 6877 2813 4640 6878 2810 4655 6879 2836 4676 6880 2816 4654 6881 2829 4677 6882 2852 4678 6883 2811 4679 6884 2837 4680 6885 2813 4657 6886 2819 4681 6887 2826 4682 6888 2806 4683 6889 2808 4684 6890 2815 4658 6891 2834 4685 6892 2818 4656 6893 2811 4679 6894 2850 4686 6895 2810 4687 6896 2801 4641 6897 2822 4688 6898 2800 4689 6899 2806 4690 6900 2830 4691 6901 2812 4692 6902 2840 4693 6903 2839 4694 6904 2841 4695 6905 2842 4696 6906 2841 4695 6907 2839 4694 6908 2844 4697 6909 2838 4698 6910 2840 4693 6911 2800 1159 6912 2838 1159 6913 2798 4699 6914 2843 4700 6915 2822 4701 6916 2826 4659 6917 2798 4699 6918 2845 4702 6919 2824 4703 6920 2807 4606 6921 2841 4704 6922 2808 4705 6923 2808 4705 6924 2843 4706 6925 2826 4707 6926 2848 4708 6927 2846 4708 6928 2847 4709 6929 2800 4710 6930 2846 4711 6931 2801 4712 6932 2849 4713 6933 2798 4714 6934 2799 4715 6935 2848 4716 6936 2800 4717 6937 2798 4718 6938 2853 4719 6939 2856 4720 6940 2857 4721 6941 2851 4722 6942 2852 4723 6943 2853 4719 6944 2851 4722 6945 2855 4724 6946 2850 4725 6947 2850 4686 6948 2828 4726 6949 2810 4687 6950 2881 4727 6951 2878 4728 6952 2880 4729 6953 2879 4730 6954 2876 4731 6955 2878 4728 6956 2906 4732 6957 2907 4733 6958 2905 4734 6959 2874 4735 6960 2875 4736 6961 2873 4737 6962 2874 4735 6963 2871 4738 6964 2872 4739 6965 2903 4740 6966 2900 4741 6967 2902 4742 6968 2901 4743 6969 2898 4744 6970 2900 4741 6971 2868 4745 6972 2865 4746 6973 2866 4747 6974 2897 4748 6975 2894 4749 6976 2896 4750 6977 2864 4751 6978 2861 4752 6979 2862 4753 6980 2893 4754 6981 2890 4755 6982 2892 4756 6983 2858 4757 6984 2919 4758 6985 2920 4759 6986 2862 4753 6987 2859 4760 6988 2860 4761 6989 2918 4762 6990 2915 4763 6991 2916 4764 6992 2866 4747 6993 2863 4765 6994 2864 4751 6995 2910 4766 6996 2907 4733 6997 2908 4767 6998 2914 4768 6999 2911 4769 7000 2912 4770 7001 2905 4734 7002 2902 4742 7003 2904 4771 7004 2912 4770 7005 2909 4772 7006 2910 4766 7007 2870 4773 7008 2867 4774 7009 2868 4745 7010 2872 4739 7011 2869 4775 7012 2870 4773 7013 2883 4776 7014 2880 4729 7015 2882 4777 7016 2904 4771 7017 2906 4732 7018 2905 4734 7019 2899 4778 7020 2896 4750 7021 2898 4744 7022 2887 4779 7023 2884 4780 7024 2886 4781 7025 2895 4782 7026 2892 4756 7027 2894 4749 7028 2860 4761 7029 2921 4783 7030 2858 4757 7031 2886 4781 7032 2878 4728 7033 2862 4753 7034 2895 4782 7035 2903 4740 7036 2919 4758 7037 2920 4759 7038 2917 4784 7039 2918 4762 7040 2889 4785 7041 2886 4781 7042 2888 4786 7043 3081 4787 7044 2968 4788 7045 2967 4789 7046 3074 4790 7047 2967 4789 7048 2966 4791 7049 3067 4792 7050 2966 4791 7051 2965 4793 7052 3059 4794 7053 2965 4793 7054 2964 4795 7055 3052 4796 7056 2964 4795 7057 2963 4797 7058 3076 4798 7059 2963 4797 7060 2962 4799 7061 3073 4800 7062 2978 4801 7063 3066 4802 7064 3080 4803 7065 2979 4804 7066 3073 4800 7067 3053 4805 7068 2980 4806 7069 3080 4803 7070 3063 4807 7071 2981 4808 7072 3053 4805 7073 3070 4809 7074 2982 4810 7075 3063 4807 7076 3077 4811 7077 2983 4812 7078 3070 4809 7079 3055 4813 7080 2984 4814 7081 3077 4811 7082 3055 4813 7083 2922 4815 7084 3060 4816 7085 3056 4817 7086 2954 4818 7087 3060 4816 7088 3065 4819 7089 2955 4820 7090 3056 4817 7091 3072 4821 7092 2956 4822 7093 3065 4819 7094 3079 4823 7095 2957 4824 7096 3072 4821 7097 3050 4825 7098 2958 4826 7099 3079 4823 7100 3062 4827 7101 2959 4828 7102 3050 4825 7103 3069 4829 7104 2960 4830 7105 3062 4827 7106 3076 4798 7107 2961 4831 7108 3069 4829 7109 3051 4832 7110 2977 4833 7111 2976 4834 7112 3075 4835 7113 2976 4834 7114 2975 4836 7115 3068 4837 7116 2975 4836 7117 2974 4838 7118 3061 4839 7119 2974 4838 7120 2973 4840 7121 3057 4841 7122 2973 4840 7123 2972 4842 7124 3078 4843 7125 2972 4842 7126 2971 4844 7127 2966 4791 7128 2968 4788 7129 2972 4842 7130 3071 4845 7131 2971 4844 7132 2970 4846 7133 3064 4847 7134 2970 4846 7135 2969 4848 7136 2940 4849 7137 2932 4850 7138 2924 4851 7139 2946 4852 7140 3058 4853 7141 2945 4854 7142 2885 4855 7143 2882 4777 7144 2884 4780 7145 3022 4856 7146 3025 4857 7147 3024 4858 7148 2916 4764 7149 2913 4859 7150 2914 4768 7151 3024 4858 7152 3027 4860 7153 3026 4861 7154 2877 4862 7155 2874 4735 7156 2876 4731 7157 2891 4863 7158 2888 4786 7159 2890 4755 7160 3044 4864 7161 3041 4865 7162 3043 4866 7163 3002 4867 7164 3005 4868 7165 3004 4869 7166 3008 4870 7167 3011 4871 7168 3010 4872 7169 3034 4873 7170 3031 4874 7171 3033 4875 7172 3030 4876 7173 3031 4874 7174 3032 4877 7175 3028 4878 7176 3029 4879 7177 3030 4876 7178 3036 4880 7179 3033 4875 7180 3035 4881 7181 3038 4882 7182 3035 4881 7183 3037 4883 7184 3040 4884 7185 3037 4883 7186 3039 4885 7187 3020 4886 7188 3023 4887 7189 3022 4856 7190 3018 4888 7191 3021 4889 7192 3020 4886 7193 3016 4890 7194 3019 4891 7195 3018 4888 7196 3048 4892 7197 3045 4893 7198 3047 4894 7199 3047 4894 7200 2986 4895 7201 3048 4892 7202 3042 4896 7203 3039 4885 7204 3041 4865 7205 3006 4897 7206 3009 4898 7207 3008 4870 7208 3004 4869 7209 3007 4899 7210 3006 4897 7211 2996 4900 7212 2995 4901 7213 2997 4902 7214 2998 4903 7215 2997 4902 7216 2999 4904 7217 3000 4905 7218 3003 4906 7219 3002 4867 7220 2994 4907 7221 2993 4908 7222 2995 4901 7223 3028 4878 7224 3026 4861 7225 3027 4860 7226 2992 4909 7227 2991 4910 7228 2993 4908 7229 2989 4911 7230 2990 4912 7231 2988 4913 7232 2987 4914 7233 2988 4913 7234 2986 4895 7235 3012 4915 7236 3015 4916 7237 3014 4917 7238 3014 4917 7239 3017 4918 7240 3016 4890 7241 3046 4919 7242 3043 4866 7243 3045 4893 7244 3040 4884 7245 3048 4892 7246 3016 4890 7247 2989 4911 7248 3037 4883 7249 3021 4889 7250 3010 4872 7251 3013 4920 7252 3012 4915 7253 2986 4895 7254 3049 4921 7255 2987 4914 7256 2998 4903 7257 3001 4922 7258 3000 4905 7259 3054 4923 7260 2969 4848 7261 2968 4788 7262 2938 4924 7263 3078 4843 7264 3071 4845 7265 2942 4925 7266 3075 4835 7267 3068 4837 7268 2929 4926 7269 3062 4827 7270 2928 4927 7271 2925 4928 7272 3065 4819 7273 2924 4851 7274 2953 4929 7275 3077 4811 7276 2952 4930 7277 2949 4931 7278 3080 4803 7279 2948 4932 7280 2932 4850 7281 3052 4796 7282 2931 4933 7283 2935 4934 7284 3054 4923 7285 3081 4787 7286 2934 4935 7287 3081 4787 7288 3074 4790 7289 2931 4933 7290 3076 4798 7291 2930 4936 7292 2950 4937 7293 3053 4805 7294 2949 4931 7295 2985 4938 7296 3060 4816 7297 2954 4818 7298 2926 4939 7299 3072 4821 7300 2925 4928 7301 2930 4936 7302 3069 4829 7303 2929 4926 7304 2941 4940 7305 3068 4837 7306 3061 4839 7307 2937 4941 7308 3071 4845 7309 3064 4847 7310 2939 4942 7311 3057 4841 7312 3078 4843 7313 2944 4943 7314 3075 4835 7315 2943 4944 7316 2928 4927 7317 3050 4825 7318 2927 4945 7319 2924 4851 7320 3056 4817 7321 2923 4946 7322 2952 4930 7323 3070 4809 7324 2951 4947 7325 2948 4932 7326 3073 4800 7327 2947 4948 7328 2933 4949 7329 3059 4794 7330 2932 4850 7331 2933 4949 7332 3074 4790 7333 3067 4792 7334 2947 4948 7335 3066 4802 7336 2946 4852 7337 2951 4947 7338 3063 4807 7339 2950 4937 7340 2923 4946 7341 3060 4816 7342 2922 4815 7343 2927 4945 7344 3079 4823 7345 2926 4939 7346 2945 4854 7347 3051 4832 7348 2944 4943 7349 2940 4849 7350 3061 4839 7351 3057 4841 7352 2936 4950 7353 3064 4847 7354 3054 4923 7355 3058 4853 7356 2978 4801 7357 2977 4833 7358 3102 4951 7359 3105 4952 7360 3104 4953 7361 3100 4954 7362 3103 4955 7363 3102 4951 7364 3130 4956 7365 3131 4957 7366 3132 4958 7367 3098 4959 7368 3097 4960 7369 3099 4961 7370 3095 4962 7371 3098 4959 7372 3096 4963 7373 3124 4964 7374 3127 4965 7375 3126 4966 7376 3122 4967 7377 3125 4968 7378 3124 4964 7379 3089 4969 7380 3092 4970 7381 3090 4971 7382 3118 4972 7383 3121 4973 7384 3120 4974 7385 3085 4975 7386 3088 4976 7387 3086 4977 7388 3114 4978 7389 3117 4979 7390 3116 4980 7391 3082 4981 7392 3143 4982 7393 3145 4983 7394 3083 4984 7395 3086 4977 7396 3084 4985 7397 3139 4986 7398 3142 4987 7399 3140 4988 7400 3087 4989 7401 3090 4971 7402 3088 4976 7403 3131 4957 7404 3134 4990 7405 3132 4958 7406 3135 4991 7407 3138 4992 7408 3136 4993 7409 3126 4966 7410 3129 4994 7411 3128 4995 7412 3133 4996 7413 3136 4993 7414 3134 4990 7415 3091 4997 7416 3094 4998 7417 3092 4970 7418 3093 4999 7419 3096 4963 7420 3094 4998 7421 3104 4953 7422 3107 5000 7423 3106 5001 7424 3128 4995 7425 3129 4994 7426 3130 4956 7427 3120 4974 7428 3123 5002 7429 3122 4967 7430 3108 5003 7431 3111 5004 7432 3110 5005 7433 3116 4980 7434 3119 5006 7435 3118 4972 7436 3145 4983 7437 3084 4985 7438 3082 4981 7439 3114 4978 7440 3130 4956 7441 3082 4981 7442 3091 4997 7443 3083 4984 7444 3115 5007 7445 3141 5008 7446 3144 5009 7447 3142 4987 7448 3110 5005 7449 3113 5010 7450 3112 5011 7451 3305 5012 7452 3192 5013 7453 3278 5014 7454 3298 5015 7455 3191 5016 7456 3305 5012 7457 3291 5017 7458 3190 5018 7459 3298 5015 7460 3283 5019 7461 3189 5020 7462 3291 5017 7463 3276 5021 7464 3188 5022 7465 3283 5019 7466 3300 5023 7467 3187 5024 7468 3276 5021 7469 3202 5025 7470 3297 5026 7471 3290 5027 7472 3203 5028 7473 3304 5029 7474 3297 5026 7475 3204 5030 7476 3277 5031 7477 3304 5029 7478 3205 5032 7479 3287 5033 7480 3277 5031 7481 3206 5034 7482 3294 5035 7483 3287 5033 7484 3207 5036 7485 3301 5037 7486 3294 5035 7487 3208 5038 7488 3279 5039 7489 3301 5037 7490 3279 5039 7491 3146 5040 7492 3177 5041 7493 3178 5042 7494 3280 5043 7495 3284 5044 7496 3179 5045 7497 3289 5046 7498 3280 5043 7499 3180 5047 7500 3296 5048 7501 3289 5046 7502 3181 5049 7503 3303 5050 7504 3296 5048 7505 3182 5051 7506 3274 5052 7507 3303 5050 7508 3183 5053 7509 3286 5054 7510 3274 5052 7511 3184 5055 7512 3293 5056 7513 3286 5054 7514 3185 5057 7515 3300 5023 7516 3293 5056 7517 3275 5058 7518 3201 5059 7519 3282 5060 7520 3299 5061 7521 3200 5062 7522 3275 5058 7523 3292 5063 7524 3199 5064 7525 3299 5061 7526 3285 5065 7527 3198 5066 7528 3292 5063 7529 3281 5067 7530 3197 5068 7531 3285 5065 7532 3302 5069 7533 3196 5070 7534 3281 5067 7535 3180 5047 7536 3178 5042 7537 3206 5034 7538 3295 5071 7539 3195 5072 7540 3302 5069 7541 3288 5073 7542 3194 5074 7543 3295 5071 7544 3166 5075 7545 3170 5076 7546 3146 5040 7547 3282 5060 7548 3170 5076 7549 3169 5077 7550 3106 5001 7551 3109 5078 7552 3108 5003 7553 3249 5079 7554 3246 5080 7555 3248 5081 7556 3137 5082 7557 3140 4988 7558 3138 4992 7559 3251 5083 7560 3248 5081 7561 3250 5084 7562 3098 4959 7563 3101 5085 7564 3100 4954 7565 3112 5011 7566 3115 5007 7567 3114 4978 7568 3268 5086 7569 3265 5087 7570 3266 5088 7571 3229 5089 7572 3226 5090 7573 3228 5091 7574 3235 5092 7575 3232 5093 7576 3234 5094 7577 3258 5095 7578 3255 5096 7579 3256 5097 7580 3255 5096 7581 3254 5098 7582 3256 5097 7583 3253 5099 7584 3252 5100 7585 3254 5098 7586 3260 5101 7587 3257 5102 7588 3258 5095 7589 3262 5103 7590 3259 5104 7591 3260 5101 7592 3264 5105 7593 3261 5106 7594 3262 5103 7595 3247 5107 7596 3244 5108 7597 3246 5080 7598 3245 5109 7599 3242 5110 7600 3244 5108 7601 3243 5111 7602 3240 5112 7603 3242 5110 7604 3272 5113 7605 3269 5114 7606 3270 5115 7607 3271 5116 7608 3210 5117 7609 3273 5118 7610 3266 5088 7611 3263 5119 7612 3264 5105 7613 3233 5120 7614 3230 5121 7615 3232 5093 7616 3231 5122 7617 3228 5091 7618 3230 5121 7619 3220 5123 7620 3219 5124 7621 3218 5125 7622 3222 5126 7623 3221 5127 7624 3220 5123 7625 3227 5128 7626 3224 5129 7627 3226 5090 7628 3218 5125 7629 3217 5130 7630 3216 5131 7631 3252 5100 7632 3251 5083 7633 3250 5084 7634 3216 5131 7635 3215 5132 7636 3214 5133 7637 3213 5134 7638 3214 5133 7639 3215 5132 7640 3211 5135 7641 3212 5136 7642 3213 5134 7643 3239 5137 7644 3236 5138 7645 3238 5139 7646 3241 5140 7647 3238 5139 7648 3240 5112 7649 3270 5115 7650 3267 5141 7651 3268 5086 7652 3260 5101 7653 3244 5108 7654 3228 5091 7655 3241 5140 7656 3257 5102 7657 3273 5118 7658 3237 5142 7659 3234 5094 7660 3236 5138 7661 3210 5117 7662 3211 5135 7663 3273 5118 7664 3225 5143 7665 3222 5126 7666 3224 5129 7667 3278 5014 7668 3193 5144 7669 3288 5073 7670 3162 5145 7671 3302 5069 7672 3163 5146 7673 3166 5075 7674 3299 5061 7675 3167 5147 7676 3286 5054 7677 3153 5148 7678 3152 5149 7679 3289 5046 7680 3149 5150 7681 3148 5151 7682 3301 5037 7683 3177 5041 7684 3176 5152 7685 3304 5029 7686 3173 5153 7687 3172 5154 7688 3276 5021 7689 3156 5155 7690 3155 5156 7691 3159 5157 7692 3278 5014 7693 3160 5158 7694 3158 5159 7695 3305 5012 7696 3159 5157 7697 3300 5023 7698 3155 5156 7699 3154 5160 7700 3277 5031 7701 3174 5161 7702 3173 5153 7703 3209 5162 7704 3284 5044 7705 3279 5039 7706 3296 5048 7707 3150 5163 7708 3149 5150 7709 3293 5056 7710 3154 5160 7711 3153 5148 7712 3165 5164 7713 3292 5063 7714 3166 5075 7715 3161 5165 7716 3295 5071 7717 3162 5145 7718 3163 5146 7719 3281 5067 7720 3164 5166 7721 3299 5061 7722 3168 5167 7723 3167 5147 7724 3274 5052 7725 3152 5149 7726 3151 5168 7727 3280 5043 7728 3148 5151 7729 3147 5169 7730 3294 5035 7731 3176 5152 7732 3175 5170 7733 3297 5026 7734 3172 5154 7735 3171 5171 7736 3283 5019 7737 3157 5172 7738 3156 5155 7739 3157 5172 7740 3298 5015 7741 3158 5159 7742 3290 5027 7743 3171 5171 7744 3170 5076 7745 3287 5033 7746 3175 5170 7747 3174 5161 7748 3284 5044 7749 3147 5169 7750 3146 5040 7751 3303 5050 7752 3151 5168 7753 3150 5163 7754 3275 5058 7755 3169 5077 7756 3168 5167 7757 3164 5166 7758 3285 5065 7759 3165 5164 7760 3160 5158 7761 3288 5073 7762 3161 5165 7763 3282 5060 7764 3202 5025 7765 3290 5027 7766 3317 5173 7767 3308 5174 7768 3314 5175 7769 3309 5176 7770 3312 5177 7771 3308 5178 7772 3321 5179 7773 3310 5180 7774 3318 5181 7775 3311 5182 7776 3306 5183 7777 3310 5184 7778 3312 5185 7779 3333 5186 7780 3308 5187 7781 3316 5188 7782 3311 5189 7783 3321 5190 7784 3309 5191 7785 3320 5191 7786 3313 5192 7787 3326 5193 7788 3322 5194 7789 3327 5195 7790 3318 5196 7791 3351 5197 7792 3344 5198 7793 3306 5199 7794 3335 5200 7795 3310 5201 7796 3312 5202 7797 3320 5203 7798 3319 5204 7799 3345 1368 7800 3318 5181 7801 3344 1368 7802 3306 5205 7803 3316 5206 7804 3315 5207 7805 3360 5208 7806 3317 5173 7807 3314 5175 7808 3346 5209 7809 3325 5210 7810 3347 5211 7811 3363 5212 7812 3324 5213 7813 3362 5214 7814 3348 5215 7815 3380 5216 7816 3346 5217 7817 3329 5218 7818 3324 5219 7819 3328 5220 7820 3339 5221 7821 3328 5222 7822 3341 5223 7823 3338 5224 7824 3348 5225 7825 3353 5226 7826 3365 5227 7827 3328 5228 7828 3363 5212 7829 3340 5229 7830 3327 5230 7831 3338 5231 7832 3337 5232 7833 3331 5233 7834 3330 5234 7835 3332 5235 7836 3336 5236 7837 3333 5237 7838 3351 5238 7839 3330 5239 7840 3350 5240 7841 3314 5241 7842 3364 5242 7843 3360 5243 7844 3315 5244 7845 3331 5245 7846 3306 5246 7847 3319 5247 7848 3332 5248 7849 3312 5249 7850 3318 5196 7851 3335 5250 7852 3337 5251 7853 3314 5241 7854 3333 5252 7855 3336 5253 7856 3316 5254 7857 3340 5255 7858 3338 5256 7859 3361 5257 7860 3341 5258 7861 3365 5259 7862 3316 5260 7863 3353 5261 7864 3343 5262 7865 3317 5263 7866 3341 5264 7867 3320 5265 7868 3343 5262 7869 3359 5266 7870 3354 5267 7871 3321 5268 7872 3352 5269 7873 3340 5270 7874 3342 5271 7875 3330 5272 7876 3315 5244 7877 3358 5273 7878 3350 5240 7879 3364 5274 7880 3340 5275 7881 3349 5276 7882 3326 5277 7883 3353 5226 7884 3357 5278 7885 3359 5279 7886 3357 5278 7887 3346 5280 7888 3356 5281 7889 3326 5277 7890 3347 5282 7891 3325 1368 7892 3356 5283 7893 3347 5284 7894 3362 5285 7895 3315 5207 7896 3343 5286 7897 3342 5287 7898 3361 5288 7899 3344 1368 7900 3355 5289 7901 3355 5290 7902 3351 5197 7903 3358 5291 7904 3319 5247 7905 3358 5291 7906 3334 5292 7907 3320 5203 7908 3355 5289 7909 3319 5204 7910 3323 5293 7911 3362 5294 7912 3324 5295 7913 3357 5278 7914 3323 5296 7915 3329 5297 7916 3374 5298 7917 3366 5299 7918 3377 5300 7919 3334 5301 7920 3364 5274 7921 3336 5236 7922 3354 5267 7923 3339 5302 7924 3317 5303 7925 3345 5304 7926 3365 5259 7927 3352 5269 7928 3342 5271 7929 3364 5242 7930 3350 5305 7931 3352 5306 7932 3363 5212 7933 3349 5276 7934 3363 5212 7935 3347 5282 7936 3349 5276 7937 3342 5287 7938 3354 1159 7939 3360 5208 7940 3374 5307 7941 3368 5308 7942 3367 5309 7943 3376 5310 7944 3368 5311 7945 3375 5312 7946 3376 5313 7947 3366 5314 7948 3369 5315 7949 3359 5316 7950 3371 5317 7951 3373 5318 7952 3339 5319 7953 3373 5320 7954 3372 5321 7955 3339 5221 7956 3370 5322 7957 3329 5323 7958 3329 5324 7959 3371 5325 7960 3357 5326 7961 3373 5318 7962 3377 5327 7963 3376 5313 7964 3372 5328 7965 3376 5329 7966 3375 5330 7967 3372 5331 7968 3374 5307 7969 3370 5322 7970 3370 5332 7971 3377 5333 7972 3371 5334 7973 3327 5335 7974 3381 5336 7975 3348 5337 7976 3346 5209 7977 3378 5338 7978 3322 5339 7979 3327 5195 7980 3378 5340 7981 3379 5341 7982 3384 5342 7983 3393 5343 7984 3390 5344 7985 3388 5345 7986 3385 5346 7987 3384 5347 7988 3386 5348 7989 3397 5349 7990 3394 5350 7991 3386 5351 7992 3383 5352 7993 3387 5353 7994 3409 5185 7995 3388 5354 7996 3384 5355 7997 3387 1605 7998 3392 1605 7999 3397 1605 8000 3396 5191 8001 3385 5191 8002 3389 5192 8003 3403 5356 8004 3401 5357 8005 3402 5358 8006 3420 5359 8007 3413 5360 8008 3394 5361 8009 3411 5362 8010 3382 5363 8011 3386 5364 8012 3388 5365 8013 3396 5366 8014 3389 1159 8015 3394 5350 8016 3421 5367 8017 3420 5368 8018 3382 5369 8019 3392 5370 8020 3383 5371 8021 3436 5372 8022 3393 5343 8023 3430 5373 8024 3401 5374 8025 3422 5375 8026 3423 5376 8027 3439 5377 8028 3400 5378 8029 3404 5379 8030 3456 5380 8031 3424 5381 8032 3422 5382 8033 3400 5383 8034 3405 5384 8035 3404 5385 8036 3404 5386 8037 3415 5387 8038 3417 5388 8039 3424 5389 8040 3414 5390 8041 3429 1368 8042 3441 5391 8043 3404 5379 8044 3417 5392 8045 3414 5393 8046 3402 5394 8047 3416 5395 8048 3407 5396 8049 3413 5396 8050 3406 5397 8051 3412 5398 8052 3408 5399 8053 3409 5400 8054 3406 5401 8055 3427 5402 8056 3426 5403 8057 3440 5404 8058 3390 5405 8059 3436 5406 8060 3407 5407 8061 3391 5408 8062 3382 5409 8063 3408 5410 8064 3395 5411 8065 3388 5412 8066 3394 5361 8067 3411 5413 8068 3386 5414 8069 3390 5405 8070 3409 5415 8071 3384 5416 8072 3414 5417 8073 3397 5418 8074 3392 5419 8075 3437 5420 8076 3417 5421 8077 3396 5422 8078 3429 5423 8079 3392 5424 8080 3419 5425 8081 3417 5426 8082 3393 5427 8083 3396 5264 8084 3435 5428 8085 3419 5425 8086 3430 5429 8087 3397 5430 8088 3428 5431 8089 3421 5432 8090 3391 5408 8091 3426 5433 8092 3418 5434 8093 3426 5403 8094 3434 5435 8095 3440 1755 8096 3416 5436 8097 3425 5437 8098 3428 5438 8099 3433 5439 8100 3429 1368 8101 3435 1368 8102 3433 5439 8103 3422 5440 8104 3424 5389 8105 3402 5441 8106 3423 5442 8107 3425 5437 8108 3423 5443 8109 3432 5444 8110 3438 5445 8111 3391 5446 8112 3419 5447 8113 3392 5370 8114 3420 5368 8115 3437 5448 8116 3431 5449 8117 3434 5450 8118 3420 5359 8119 3431 5451 8120 3395 5411 8121 3434 5450 8122 3431 5451 8123 3431 5449 8124 3396 5366 8125 3395 5452 8126 3438 5453 8127 3399 5454 8128 3400 5455 8129 3399 5456 8130 3433 5439 8131 3405 1368 8132 3442 5457 8133 3450 5458 8134 3453 5459 8135 3440 1755 8136 3410 5460 8137 3412 5398 8138 3415 5461 8139 3430 5429 8140 3393 5462 8141 3421 5432 8142 3441 5463 8143 3437 5420 8144 3426 5433 8145 3436 5406 8146 3418 5434 8147 3428 5438 8148 3439 5377 8149 3441 5391 8150 3423 5442 8151 3439 5377 8152 3425 5437 8153 3418 5464 8154 3430 5373 8155 3419 5447 8156 3450 5465 8157 3444 5466 8158 3451 5467 8159 3444 5468 8160 3452 5469 8161 3451 5470 8162 3452 5471 8163 3442 5472 8164 3453 5473 8165 3449 5474 8166 3433 5475 8167 3435 5476 8168 3448 5477 8169 3435 5478 8170 3415 5479 8171 3405 5480 8172 3448 5481 8173 3415 5387 8174 3433 5482 8175 3446 5483 8176 3405 5484 8177 3449 5474 8178 3453 5473 8179 3447 5485 8180 3448 5486 8181 3452 5487 8182 3449 5488 8183 3450 5465 8184 3448 5481 8185 3446 5489 8186 3453 5490 8187 3446 5491 8188 3447 5492 8189 3457 5493 8190 3403 5494 8191 3424 5495 8192 3398 5496 8193 3456 5497 8194 3422 5375 8195 3455 5498 8196 3398 5499 8197 3403 5356 8198 3458 1159 8199 3461 5500 8200 3460 1159 8201 3461 5501 8202 3464 5502 8203 3460 5503 8204 3464 1368 8205 3463 5504 8206 3462 1368 8207 3463 5505 8208 3458 1598 8209 3462 1598 8210 3464 5506 8211 3458 5506 8212 3460 5507 8213 3470 5508 8214 3468 5509 8215 3471 5510 8216 3468 5511 8217 3466 5512 8218 3469 1605 8219 3472 5513 8220 3468 5514 8221 3469 1368 8222 3473 5515 8223 3467 5516 8224 3470 5517 8225 3472 5518 8226 3466 5518 8227 3473 5519 8228 3463 5505 8229 3473 5520 8230 3459 5521 8231 3461 5500 8232 3473 5515 8233 3470 5517 8234 3465 5522 8235 3472 5513 8236 3463 5504 8237 3465 5523 8238 3470 5524 8239 3471 5525 8240 3474 1368 8241 3477 5526 8242 3475 5527 8243 3480 1235 8244 3477 5528 8245 3476 1235 8246 3478 1159 8247 3481 5529 8248 3480 1159 8249 3474 1598 8250 3479 5530 8251 3478 1598 8252 3474 1755 8253 3480 1755 8254 3476 1755 8255 3484 5531 8256 3486 5532 8257 3487 5533 8258 3485 1605 8259 3483 1605 8260 3484 1605 8261 3488 5534 8262 3484 5535 8263 3487 5536 8264 3483 5537 8265 3489 5538 8266 3486 1368 8267 3482 5539 8268 3488 5540 8269 3489 5541 8270 3489 5542 8271 3479 5530 8272 3475 5543 8273 3477 5526 8274 3489 5538 8275 3475 5527 8276 3488 5534 8277 3481 5529 8278 3479 1159 8279 3487 5544 8280 3477 5528 8281 3481 5545 8282 3490 5546 8283 3493 5547 8284 3492 5548 8285 3492 1235 8286 3497 1235 8287 3496 1235 8288 3497 5549 8289 3494 5550 8290 3496 1368 8291 3495 5551 8292 3490 5552 8293 3494 5551 8294 3496 1755 8295 3490 1755 8296 3492 1755 8297 3502 5553 8298 3499 5554 8299 3503 5555 8300 3499 1605 8301 3501 1605 8302 3500 1605 8303 3502 5553 8304 3507 1159 8305 3498 1159 8306 3503 5556 8307 3500 5557 8308 3505 5558 8309 3504 5559 8310 3500 5560 8311 3501 1368 8312 3497 5549 8313 3504 5559 8314 3495 5561 8315 3493 5562 8316 3505 5562 8317 3497 5563 8318 3495 1598 8319 3502 1598 8320 3491 1598 8321 3493 5547 8322 3502 5553 8323 3503 5555 8324 3506 1368 8325 3513 1368 8326 3509 1368 8327 3498 1605 8328 3506 1605 8329 3501 1605 8330 3504 1755 8331 3508 1755 8332 3502 1755 8333 3501 1368 8334 3509 1368 8335 3504 5559 8336 3513 1598 8337 3511 1598 8338 3512 1598 8339 3507 1605 8340 3510 1605 8341 3506 1605 8342 3509 1755 8343 3512 1755 8344 3508 1755 8345 3508 1159 8346 3511 1159 8347 3507 1159 8348 3552 5564 8349 3517 5565 8350 3516 5566 8351 3544 5567 8352 3521 5568 8353 3520 5569 8354 3518 5570 8355 3567 5571 8356 3519 5572 8357 3524 5573 8358 3515 5574 8359 3514 5575 8360 3603 1598 8361 3618 1598 8362 3607 1598 8363 3519 5576 8364 3550 5577 8365 3546 5578 8366 3529 5579 8367 3537 5580 8368 3521 5568 8369 3607 1159 8370 3617 1159 8371 3606 1159 8372 3547 5581 8373 3524 5582 8374 3542 5583 8375 3517 5584 8376 3522 5585 8377 3516 5586 8378 3583 5587 8379 3526 1605 8380 3531 1605 8381 3607 5588 8382 3531 1605 8383 3551 1605 8384 3517 5584 8385 3528 5589 8386 3523 5590 8387 3530 5591 8388 3536 5592 8389 3532 5593 8390 3525 5594 8391 3526 5595 8392 3515 5596 8393 3523 5590 8394 3548 5597 8395 3540 5598 8396 3515 5599 8397 3596 5600 8398 3556 5601 8399 3521 5602 8400 3592 5603 8401 3564 5604 8402 3527 5605 8403 3538 5606 8404 3533 5607 8405 3527 1605 8406 3591 1605 8407 3575 1605 8408 3526 5595 8409 3539 5608 8410 3515 5596 8411 3530 1605 8412 3587 5609 8413 3579 5610 8414 3596 5611 8415 3534 5612 8416 3588 5613 8417 3537 1368 8418 3584 5614 8419 3592 1368 8420 3541 5615 8421 3529 5579 8422 3521 5568 8423 3540 5598 8424 3549 5616 8425 3541 5615 8426 3579 5610 8427 3550 1605 8428 3530 1605 8429 3607 5588 8430 3550 1605 8431 3603 5617 8432 3519 5618 8433 3543 5619 8434 3518 5620 8435 3546 5621 8436 3542 5622 8437 3543 5623 8438 3547 5624 8439 3531 5625 8440 3525 5594 8441 3546 5578 8442 3551 5626 8443 3547 5624 8444 3571 1605 8445 3618 1605 8446 3560 1605 8447 3555 1605 8448 3611 1605 8449 3615 1605 8450 3522 5585 8451 3540 5598 8452 3545 5627 8453 3545 5627 8454 3541 5615 8455 3544 5567 8456 3544 5628 8457 3608 5629 8458 3545 5630 8459 3608 5629 8460 3613 5631 8461 3609 5632 8462 3613 5631 8463 3610 5633 8464 3609 5632 8465 3614 5628 8466 3542 5634 8467 3610 5633 8468 3545 5630 8469 3568 5635 8470 3522 5636 8471 3608 5629 8472 3569 5637 8473 3568 5635 8474 3609 5632 8475 3570 5638 8476 3569 5637 8477 3610 5633 8478 3524 5639 8479 3570 5638 8480 3548 1605 8481 3600 1605 8482 3549 1605 8483 3604 5640 8484 3615 5641 8485 3600 5642 8486 3605 1605 8487 3602 5643 8488 3601 1605 8489 3602 5644 8490 3617 5645 8491 3571 5646 8492 3529 1605 8493 3600 1605 8494 3576 1605 8495 3576 1605 8496 3601 1605 8497 3577 1605 8498 3601 1605 8499 3578 5647 8500 3577 1605 8501 3602 5643 8502 3579 5610 8503 3578 5647 8504 3595 5648 8505 3532 5649 8506 3536 5650 8507 3595 5648 8508 3586 5651 8509 3587 5652 8510 3593 5653 8511 3586 5651 8512 3594 5654 8513 3593 5653 8514 3584 5614 8515 3585 5655 8516 3599 5656 8517 3533 5657 8518 3538 5658 8519 3599 5656 8520 3590 5659 8521 3591 5660 8522 3597 5661 8523 3590 5659 8524 3598 1159 8525 3596 5611 8526 3589 5662 8527 3597 5661 8528 3529 1605 8529 3584 1605 8530 3535 1605 8531 3577 1605 8532 3584 1605 8533 3576 1605 8534 3577 1605 8535 3586 5663 8536 3585 1605 8537 3578 5647 8538 3587 5609 8539 3586 5663 8540 3572 5664 8541 3534 1605 8542 3526 1605 8543 3572 5664 8544 3589 5665 8545 3588 5666 8546 3574 1605 8547 3589 5665 8548 3573 5667 8549 3575 1605 8550 3590 1605 8551 3574 1605 8552 3567 5668 8553 3536 5669 8554 3519 5604 8555 3567 5668 8556 3594 5670 8557 3595 5671 8558 3566 5672 8559 3593 5673 8560 3594 5670 8561 3565 5674 8562 3592 5603 8563 3593 5673 8564 3559 5675 8565 3538 5676 8566 3517 5677 8567 3558 5678 8568 3599 5679 8569 3559 5675 8570 3558 5678 8571 3597 5680 8572 3598 5681 8573 3556 5601 8574 3597 5680 8575 3557 5679 8576 3528 1605 8577 3604 1605 8578 3548 1605 8579 3604 1605 8580 3581 1605 8581 3605 1605 8582 3605 1605 8583 3582 5682 8584 3606 5683 8585 3606 5683 8586 3583 5587 8587 3607 5588 8588 3528 1605 8589 3575 1605 8590 3580 1605 8591 3580 1605 8592 3574 1605 8593 3581 1605 8594 3581 1605 8595 3573 5667 8596 3582 5682 8597 3582 5682 8598 3572 5664 8599 3583 5587 8600 3522 5684 8601 3552 5685 8602 3516 5686 8603 3568 5687 8604 3553 5688 8605 3552 5685 8606 3569 5689 8607 3554 5690 8608 3553 5688 8609 3570 5691 8610 3514 5692 8611 3554 5690 8612 3520 5693 8613 3612 5694 8614 3544 5628 8615 3563 5694 8616 3613 5631 8617 3612 5694 8618 3562 5695 8619 3614 5628 8620 3613 5631 8621 3561 5696 8622 3543 5697 8623 3614 5628 8624 3521 1368 8625 3563 1368 8626 3520 1368 8627 3564 5698 8628 3562 5699 8629 3563 1368 8630 3565 5700 8631 3561 5701 8632 3562 5699 8633 3566 5702 8634 3518 5570 8635 3561 5701 8636 3514 1159 8637 3515 1159 8638 3556 1159 8639 3514 1159 8640 3557 5703 8641 3554 5704 8642 3554 5704 8643 3558 5705 8644 3553 5706 8645 3553 5706 8646 3559 1159 8647 3552 5564 8648 3604 1159 8649 3616 1159 8650 3555 1159 8651 3601 5707 8652 3616 5708 8653 3605 5709 8654 3603 1368 8655 3571 1368 8656 3560 1368 8657 3600 1368 8658 3611 1368 8659 3601 1368 8660 3619 5710 8661 3622 5711 8662 3621 5712 8663 3634 5713 8664 3650 5714 8665 3652 5715 8666 3626 5716 8667 3674 5717 8668 3671 5718 8669 3630 5719 8670 3619 5720 8671 3629 5721 8672 3632 5722 8673 3669 1159 8674 3650 1159 8675 3622 5723 8676 3630 5724 8677 3628 5725 8678 3628 5725 8679 3634 5726 8680 3631 5727 8681 3621 5728 8682 3629 5729 8683 3619 5730 8684 3634 5731 8685 3629 5721 8686 3632 5732 8687 3621 5733 8688 3628 5734 8689 3627 5735 8690 3624 5736 8691 3649 5737 8692 3623 5738 8693 3644 5739 8694 3661 5740 8695 3641 5741 8696 3633 5742 8697 3629 5729 8698 3627 5743 8699 3627 5735 8700 3631 5744 8701 3633 1235 8702 3639 5745 8703 3676 5746 8704 3637 5747 8705 3637 5747 8706 3679 5748 8707 3655 5749 8708 3634 5750 8709 3657 5751 8710 3639 5752 8711 3643 5753 8712 3660 5754 8713 3659 5755 8714 3626 5756 8715 3640 5757 8716 3624 5736 8717 3680 5758 8718 3656 5759 8719 3679 5760 8720 3634 5761 8721 3637 5762 8722 3631 5763 8723 3649 5764 8724 3669 5765 8725 3670 5766 8726 3644 5739 8727 3642 5767 8728 3643 5753 8729 3636 5768 8730 3660 5769 8731 3642 5770 8732 3636 5768 8733 3641 5771 8734 3635 5772 8735 3638 5773 8736 3643 5774 8737 3640 5775 8738 3651 5776 8739 3646 5777 8740 3647 5778 8741 3648 5779 8742 3650 5780 8743 3649 5764 8744 3658 5781 8745 3681 5782 8746 3682 5783 8747 3656 5759 8748 3661 5784 8749 3662 5785 8750 3648 5779 8751 3657 5786 8752 3652 5787 8753 3646 5777 8754 3655 5788 8755 3656 5759 8756 3658 5781 8757 3660 5789 8758 3654 5790 8759 3624 5736 8760 3658 5791 8761 3648 5792 8762 3639 5745 8763 3682 5793 8764 3678 5794 8765 3625 1368 8766 3667 1368 8767 3647 1368 8768 3626 5756 8769 3656 5795 8770 3638 5796 8771 3635 5772 8772 3661 5797 8773 3653 5798 8774 3677 5799 8775 3654 5800 8776 3636 5801 8777 3638 5773 8778 3662 5802 8779 3644 5803 8780 3631 5804 8781 3651 5805 8782 3633 5806 8783 3640 5775 8784 3659 5807 8785 3658 5808 8786 3675 5809 8787 3636 5801 8788 3635 5810 8789 3626 5756 8790 3647 5811 8791 3646 5812 8792 3631 5813 8793 3655 5814 8794 3645 5815 8795 3664 5816 8796 3665 5817 8797 3666 5818 8798 3666 5818 8799 3667 5819 8800 3664 5816 8801 3663 5820 8802 3669 5821 8803 3665 5817 8804 3625 1368 8805 3663 1368 8806 3664 1368 8807 3647 5778 8808 3668 5822 8809 3651 5776 8810 3623 5823 8811 3670 5824 8812 3663 1368 8813 3632 5722 8814 3666 5825 8815 3665 1159 8816 3633 5826 8817 3668 1159 8818 3666 5825 8819 3671 5827 8820 3673 5828 8821 3672 5829 8822 3625 5830 8823 3671 5831 8824 3672 5832 8825 3623 5833 8826 3674 5834 8827 3624 5835 8828 3625 5836 8829 3673 5837 8830 3623 5838 8831 3678 5839 8832 3681 5840 8833 3677 5841 8834 3678 5839 8835 3675 5842 8836 3676 5843 8837 3680 5844 8838 3676 5843 8839 3675 5842 8840 3675 5809 8841 3653 5845 8842 3680 5846 8843 0 0 8844 1 127 8845 3 1 8846 2 2 8847 3 1 8848 5 3 8849 4 4 8850 5 3 8851 7 5 8852 6 6 8853 7 5 8854 9 7 8855 8 8 8856 9 7 8857 11 9 8858 10 10 8859 11 9 8860 13 11 8861 12 12 8862 13 11 8863 15 13 8864 14 14 8865 15 13 8866 17 15 8867 16 16 8868 17 15 8869 19 17 8870 18 18 8871 19 17 8872 21 19 8873 20 20 8874 21 19 8875 23 21 8876 22 22 8877 23 21 8878 25 23 8879 24 24 8880 25 23 8881 27 25 8882 26 26 8883 27 25 8884 29 27 8885 28 28 8886 29 27 8887 31 29 8888 30 30 8889 31 29 8890 33 31 8891 32 32 8892 33 31 8893 35 33 8894 34 34 8895 35 33 8896 37 35 8897 36 36 8898 37 35 8899 39 37 8900 38 38 8901 39 37 8902 41 39 8903 40 40 8904 41 39 8905 43 41 8906 42 42 8907 43 41 8908 45 43 8909 44 44 8910 45 43 8911 47 45 8912 46 46 8913 47 45 8914 49 47 8915 48 48 8916 49 47 8917 51 49 8918 51 49 8919 53 52 8920 52 51 8921 53 52 8922 55 54 8923 54 53 8924 55 54 8925 57 56 8926 56 55 8927 57 56 8928 59 58 8929 58 57 8930 59 58 8931 61 60 8932 60 59 8933 61 60 8934 63 62 8935 62 61 8936 63 62 8937 65 64 8938 64 63 8939 65 64 8940 67 66 8941 66 65 8942 67 66 8943 69 68 8944 68 67 8945 69 68 8946 71 70 8947 70 69 8948 71 70 8949 73 72 8950 72 71 8951 73 72 8952 75 74 8953 74 73 8954 75 74 8955 77 76 8956 76 75 8957 77 76 8958 79 78 8959 78 77 8960 79 78 8961 81 80 8962 80 79 8963 81 80 8964 83 82 8965 82 81 8966 83 82 8967 85 84 8968 84 83 8969 85 84 8970 87 86 8971 86 85 8972 87 86 8973 89 88 8974 88 87 8975 89 88 8976 91 90 8977 90 89 8978 91 90 8979 93 92 8980 92 91 8981 93 92 8982 95 94 8983 94 93 8984 95 94 8985 97 96 8986 96 95 8987 97 96 8988 99 98 8989 98 97 8990 99 98 8991 101 100 8992 100 99 8993 101 100 8994 103 102 8995 102 101 8996 103 102 8997 105 104 8998 104 103 8999 105 104 9000 107 106 9001 106 105 9002 107 106 9003 109 108 9004 108 107 9005 109 108 9006 111 110 9007 110 109 9008 111 110 9009 113 112 9010 112 111 9011 113 112 9012 115 157 9013 114 113 9014 114 113 9015 115 157 9016 117 114 9017 116 115 9018 117 114 9019 119 116 9020 118 117 9021 119 116 9022 121 118 9023 120 119 9024 121 118 9025 123 120 9026 122 121 9027 123 120 9028 125 122 9029 89 88 9030 172 187 9031 173 124 9032 124 123 9033 125 122 9034 127 125 9035 126 126 9036 127 125 9037 1 127 9038 126 126 9039 0 0 9040 2 2 9041 2 2 9042 4 4 9043 126 126 9044 4 4 9045 6 6 9046 126 126 9047 6 6 9048 8 8 9049 10 10 9050 10 10 9051 12 12 9052 14 14 9053 14 14 9054 16 16 9055 18 18 9056 18 18 9057 20 20 9058 22 22 9059 22 22 9060 24 24 9061 30 30 9062 24 24 9063 26 26 9064 30 30 9065 26 26 9066 28 28 9067 30 30 9068 30 30 9069 32 32 9070 34 34 9071 34 34 9072 36 36 9073 38 38 9074 38 38 9075 40 40 9076 42 42 9077 42 42 9078 44 44 9079 38 38 9080 44 44 9081 46 46 9082 38 38 9083 46 46 9084 48 48 9085 54 53 9086 48 48 9087 50 50 9088 54 53 9089 50 50 9090 52 51 9091 54 53 9092 54 53 9093 56 55 9094 58 57 9095 58 57 9096 60 59 9097 62 61 9098 62 61 9099 64 63 9100 70 69 9101 64 63 9102 66 65 9103 70 69 9104 66 65 9105 68 67 9106 70 69 9107 70 69 9108 72 71 9109 74 73 9110 74 73 9111 76 75 9112 70 69 9113 76 75 9114 78 77 9115 70 69 9116 78 77 9117 80 79 9118 82 81 9119 82 81 9120 84 83 9121 78 77 9122 84 83 9123 86 85 9124 78 77 9125 86 85 9126 88 87 9127 90 89 9128 90 89 9129 92 91 9130 94 93 9131 94 93 9132 96 95 9133 98 97 9134 98 97 9135 100 99 9136 94 93 9137 100 99 9138 102 101 9139 94 93 9140 102 101 9141 104 103 9142 110 109 9143 104 103 9144 106 105 9145 110 109 9146 106 105 9147 108 107 9148 110 109 9149 110 109 9150 112 111 9151 114 113 9152 114 113 9153 116 115 9154 118 117 9155 118 117 9156 120 119 9157 122 121 9158 122 121 9159 124 123 9160 118 117 9161 124 123 9162 126 126 9163 118 117 9164 6 6 9165 10 10 9166 126 126 9167 10 10 9168 14 14 9169 126 126 9170 14 14 9171 18 18 9172 22 22 9173 30 30 9174 34 34 9175 38 38 9176 54 53 9177 58 57 9178 46 46 9179 58 57 9180 62 61 9181 46 46 9182 86 85 9183 90 89 9184 78 77 9185 90 89 9186 94 93 9187 78 77 9188 110 109 9189 114 113 9190 118 117 9191 14 14 9192 22 22 9193 126 126 9194 22 22 9195 30 30 9196 126 126 9197 30 30 9198 38 38 9199 62 61 9200 38 38 9201 46 46 9202 62 61 9203 62 61 9204 70 69 9205 94 93 9206 70 69 9207 78 77 9208 94 93 9209 94 93 9210 102 101 9211 110 109 9212 110 109 9213 118 117 9214 94 93 9215 118 117 9216 126 126 9217 94 93 9218 126 126 9219 30 30 9220 94 93 9221 130 129 9222 128 189 9223 129 143 9224 129 143 9225 191 136 9226 190 190 9227 190 190 9228 189 184 9229 188 178 9230 188 178 9231 187 171 9232 190 190 9233 187 171 9234 186 164 9235 190 190 9236 186 164 9237 185 156 9238 182 133 9239 185 156 9240 184 149 9241 182 133 9242 184 149 9243 183 141 9244 182 133 9245 182 133 9246 181 188 9247 180 182 9248 180 182 9249 179 176 9250 182 133 9251 179 176 9252 178 169 9253 182 133 9254 178 169 9255 177 162 9256 176 154 9257 176 154 9258 175 147 9259 178 169 9260 175 147 9261 174 139 9262 178 169 9263 174 139 9264 173 124 9265 170 174 9266 173 124 9267 172 187 9268 170 174 9269 172 187 9270 171 180 9271 170 174 9272 170 174 9273 169 167 9274 168 160 9275 168 160 9276 167 152 9277 170 174 9278 167 152 9279 166 145 9280 170 174 9281 166 145 9282 165 137 9283 162 130 9284 165 137 9285 164 191 9286 162 130 9287 164 191 9288 163 185 9289 162 130 9290 162 130 9291 161 172 9292 160 165 9293 160 165 9294 159 158 9295 158 150 9296 158 150 9297 157 142 9298 156 135 9299 156 135 9300 155 134 9301 158 150 9302 155 134 9303 154 183 9304 158 150 9305 154 183 9306 153 177 9307 150 155 9308 153 177 9309 152 170 9310 150 155 9311 152 170 9312 151 163 9313 150 155 9314 150 155 9315 149 148 9316 148 140 9317 148 140 9318 147 132 9319 146 131 9320 146 131 9321 145 181 9322 144 175 9323 144 175 9324 143 168 9325 142 161 9326 142 161 9327 141 153 9328 140 146 9329 140 146 9330 139 138 9331 138 128 9332 138 128 9333 137 186 9334 136 179 9335 136 179 9336 135 173 9337 138 128 9338 135 173 9339 134 166 9340 138 128 9341 134 166 9342 133 159 9343 130 129 9344 133 159 9345 132 151 9346 130 129 9347 132 151 9348 131 144 9349 130 129 9350 130 129 9351 129 143 9352 190 190 9353 162 130 9354 160 165 9355 158 150 9356 150 155 9357 148 140 9358 146 131 9359 146 131 9360 144 175 9361 138 128 9362 144 175 9363 142 161 9364 138 128 9365 142 161 9366 140 146 9367 138 128 9368 130 129 9369 190 190 9370 186 164 9371 186 164 9372 182 133 9373 130 129 9374 182 133 9375 178 169 9376 130 129 9377 178 169 9378 174 139 9379 170 174 9380 170 174 9381 166 145 9382 162 130 9383 162 130 9384 158 150 9385 154 183 9386 154 183 9387 150 155 9388 162 130 9389 150 155 9390 146 131 9391 162 130 9392 138 128 9393 134 166 9394 130 129 9395 178 169 9396 170 174 9397 130 129 9398 170 174 9399 162 130 9400 130 129 9401 146 131 9402 138 128 9403 162 130 9404 39 37 9405 37 35 9406 146 131 9407 107 106 9408 181 188 9409 182 133 9410 57 56 9411 55 54 9412 155 134 9413 125 122 9414 190 190 9415 191 136 9416 3 1 9417 128 189 9418 130 129 9419 73 72 9420 164 191 9421 165 137 9422 23 21 9423 21 19 9424 138 128 9425 91 90 9426 173 124 9427 174 139 9428 41 39 9429 39 37 9430 147 132 9431 109 108 9432 182 133 9433 183 141 9434 59 58 9435 57 56 9436 156 135 9437 127 125 9438 191 136 9439 129 143 9440 5 3 9441 130 129 9442 131 144 9443 75 74 9444 165 137 9445 166 145 9446 25 23 9447 23 21 9448 139 138 9449 93 92 9450 174 139 9451 175 147 9452 43 41 9453 41 39 9454 148 140 9455 111 110 9456 183 141 9457 184 149 9458 61 60 9459 59 58 9460 157 142 9461 9 7 9462 7 5 9463 131 144 9464 77 76 9465 166 145 9466 167 152 9467 27 25 9468 25 23 9469 140 146 9470 95 94 9471 175 147 9472 176 154 9473 45 43 9474 43 41 9475 149 148 9476 113 112 9477 184 149 9478 185 156 9479 63 62 9480 61 60 9481 158 150 9482 11 9 9483 9 7 9484 132 151 9485 79 78 9486 167 152 9487 168 160 9488 29 27 9489 27 25 9490 141 153 9491 97 96 9492 176 154 9493 177 162 9494 47 45 9495 45 43 9496 150 155 9497 115 157 9498 185 156 9499 186 164 9500 65 64 9501 63 62 9502 159 158 9503 13 11 9504 11 9 9505 133 159 9506 81 80 9507 168 160 9508 169 167 9509 31 29 9510 29 27 9511 142 161 9512 99 98 9513 177 162 9514 178 169 9515 49 47 9516 47 45 9517 151 163 9518 117 114 9519 186 164 9520 187 171 9521 67 66 9522 65 64 9523 160 165 9524 15 13 9525 13 11 9526 134 166 9527 83 82 9528 169 167 9529 170 174 9530 33 31 9531 31 29 9532 143 168 9533 101 100 9534 178 169 9535 179 176 9536 51 49 9537 49 47 9538 152 170 9539 119 116 9540 187 171 9541 188 178 9542 69 68 9543 67 66 9544 161 172 9545 17 15 9546 15 13 9547 135 173 9548 85 84 9549 170 174 9550 171 180 9551 35 33 9552 33 31 9553 144 175 9554 103 102 9555 179 176 9556 180 182 9557 53 52 9558 51 49 9559 153 177 9560 121 118 9561 188 178 9562 189 184 9563 71 70 9564 69 68 9565 162 130 9566 19 17 9567 17 15 9568 136 179 9569 87 86 9570 171 180 9571 172 187 9572 37 35 9573 35 33 9574 145 181 9575 105 104 9576 180 182 9577 181 188 9578 1 127 9579 129 143 9580 128 189 9581 55 54 9582 53 52 9583 154 183 9584 123 120 9585 189 184 9586 190 190 9587 71 70 9588 163 185 9589 164 191 9590 21 19 9591 19 17 9592 137 186 9593 192 192 9594 194 195 9595 195 193 9596 194 195 9597 196 197 9598 197 196 9599 196 197 9600 198 199 9601 199 198 9602 198 199 9603 200 201 9604 201 200 9605 200 201 9606 202 203 9607 203 202 9608 202 203 9609 204 205 9610 205 204 9611 204 205 9612 206 207 9613 207 206 9614 206 207 9615 208 209 9616 209 208 9617 208 209 9618 210 211 9619 211 210 9620 210 211 9621 212 213 9622 213 212 9623 212 213 9624 214 215 9625 215 214 9626 214 215 9627 216 217 9628 217 216 9629 216 217 9630 218 219 9631 219 218 9632 218 219 9633 220 221 9634 221 220 9635 220 221 9636 222 223 9637 223 222 9638 222 223 9639 224 225 9640 225 224 9641 224 225 9642 226 227 9643 227 226 9644 226 227 9645 228 229 9646 229 228 9647 228 229 9648 230 231 9649 231 230 9650 230 231 9651 232 233 9652 233 232 9653 232 233 9654 234 235 9655 235 234 9656 234 235 9657 236 237 9658 237 236 9659 236 237 9660 238 239 9661 239 238 9662 238 239 9663 240 241 9664 241 240 9665 240 241 9666 242 244 9667 243 242 9668 244 243 9669 245 246 9670 243 242 9671 246 245 9672 247 248 9673 245 246 9674 248 247 9675 249 250 9676 247 248 9677 250 249 9678 251 252 9679 249 250 9680 252 251 9681 253 254 9682 251 252 9683 254 253 9684 255 256 9685 253 254 9686 256 255 9687 257 258 9688 255 256 9689 258 257 9690 259 260 9691 257 258 9692 260 259 9693 261 262 9694 259 260 9695 262 261 9696 263 264 9697 261 262 9698 264 263 9699 265 266 9700 263 264 9701 266 265 9702 267 268 9703 265 266 9704 268 267 9705 269 270 9706 267 268 9707 270 269 9708 271 272 9709 269 270 9710 272 271 9711 273 274 9712 271 272 9713 274 273 9714 275 276 9715 273 274 9716 276 275 9717 277 278 9718 275 276 9719 278 277 9720 279 280 9721 277 278 9722 280 279 9723 281 282 9724 279 280 9725 282 281 9726 283 284 9727 281 282 9728 284 283 9729 285 286 9730 283 284 9731 286 285 9732 287 288 9733 285 286 9734 288 287 9735 289 290 9736 287 288 9737 290 289 9738 291 292 9739 289 290 9740 292 291 9741 293 294 9742 291 292 9743 294 293 9744 295 296 9745 293 294 9746 296 295 9747 297 298 9748 295 296 9749 298 297 9750 299 300 9751 297 298 9752 300 299 9753 301 302 9754 299 300 9755 302 301 9756 303 304 9757 301 302 9758 304 303 9759 305 306 9760 303 304 9761 306 305 9762 307 308 9763 305 306 9764 306 305 9765 308 309 9766 309 307 9767 308 309 9768 310 311 9769 311 310 9770 310 311 9771 312 313 9772 313 312 9773 312 313 9774 314 315 9775 315 314 9776 314 315 9777 316 318 9778 317 316 9779 365 317 9780 364 375 9781 281 282 9782 316 318 9783 318 320 9784 319 319 9785 318 320 9786 192 192 9787 193 194 9788 194 195 9789 192 192 9790 314 315 9791 192 192 9792 318 320 9793 314 315 9794 318 320 9795 316 318 9796 314 315 9797 314 315 9798 312 313 9799 310 311 9800 310 311 9801 308 309 9802 306 305 9803 306 305 9804 304 303 9805 302 301 9806 302 301 9807 300 299 9808 306 305 9809 300 299 9810 298 297 9811 306 305 9812 298 297 9813 296 295 9814 294 293 9815 294 293 9816 292 291 9817 290 289 9818 290 289 9819 288 287 9820 286 285 9821 286 285 9822 284 283 9823 282 281 9824 282 281 9825 280 279 9826 278 277 9827 278 277 9828 276 275 9829 282 281 9830 276 275 9831 274 273 9832 282 281 9833 274 273 9834 272 271 9835 266 265 9836 272 271 9837 270 269 9838 266 265 9839 270 269 9840 268 267 9841 266 265 9842 266 265 9843 264 263 9844 262 261 9845 262 261 9846 260 259 9847 266 265 9848 260 259 9849 258 257 9850 266 265 9851 258 257 9852 256 255 9853 254 253 9854 254 253 9855 252 251 9856 258 257 9857 252 251 9858 250 249 9859 258 257 9860 250 249 9861 248 247 9862 246 245 9863 246 245 9864 244 243 9865 242 244 9866 242 244 9867 240 241 9868 238 239 9869 238 239 9870 236 237 9871 242 244 9872 236 237 9873 234 235 9874 242 244 9875 234 235 9876 232 233 9877 230 231 9878 230 231 9879 228 229 9880 226 227 9881 226 227 9882 224 225 9883 222 223 9884 222 223 9885 220 221 9886 218 219 9887 218 219 9888 216 217 9889 214 215 9890 214 215 9891 212 213 9892 218 219 9893 212 213 9894 210 211 9895 218 219 9896 210 211 9897 208 209 9898 206 207 9899 206 207 9900 204 205 9901 202 203 9902 202 203 9903 200 201 9904 198 199 9905 198 199 9906 196 197 9907 202 203 9908 196 197 9909 194 195 9910 202 203 9911 314 315 9912 310 311 9913 306 305 9914 298 297 9915 294 293 9916 306 305 9917 294 293 9918 290 289 9919 306 305 9920 290 289 9921 286 285 9922 274 273 9923 286 285 9924 282 281 9925 274 273 9926 250 249 9927 246 245 9928 242 244 9929 234 235 9930 230 231 9931 242 244 9932 230 231 9933 226 227 9934 242 244 9935 226 227 9936 222 223 9937 210 211 9938 222 223 9939 218 219 9940 210 211 9941 210 211 9942 206 207 9943 202 203 9944 194 195 9945 314 315 9946 290 289 9947 314 315 9948 306 305 9949 290 289 9950 274 273 9951 266 265 9952 290 289 9953 266 265 9954 258 257 9955 290 289 9956 258 257 9957 250 249 9958 226 227 9959 250 249 9960 242 244 9961 226 227 9962 210 211 9963 202 203 9964 226 227 9965 202 203 9966 194 195 9967 226 227 9968 194 195 9969 290 289 9970 226 227 9971 321 323 9972 320 378 9973 324 347 9974 320 378 9975 322 328 9976 324 347 9977 322 328 9978 323 335 9979 324 347 9980 324 347 9981 325 353 9982 328 374 9983 325 353 9984 326 360 9985 328 374 9986 326 360 9987 327 367 9988 328 374 9989 328 374 9990 329 382 9991 332 343 9992 329 382 9993 330 330 9994 332 343 9995 330 330 9996 331 337 9997 332 343 9998 332 343 9999 333 348 10000 334 355 10001 334 355 10002 335 362 10003 332 343 10004 335 362 10005 336 369 10006 332 343 10007 336 369 10008 337 376 10009 338 324 10010 338 324 10011 339 332 10012 336 369 10013 339 332 10014 340 339 10015 336 369 10016 340 339 10017 341 344 10018 342 350 10019 342 350 10020 343 357 10021 344 364 10022 344 364 10023 345 371 10024 348 334 10025 345 371 10026 346 379 10027 348 334 10028 346 379 10029 347 326 10030 348 334 10031 348 334 10032 349 341 10033 352 359 10034 349 341 10035 350 346 10036 352 359 10037 350 346 10038 351 352 10039 352 359 10040 352 359 10041 353 366 10042 354 373 10043 354 373 10044 355 5847 10045 352 359 10046 355 5847 10047 356 381 10048 352 359 10049 356 381 10050 357 329 10051 358 336 10052 358 336 10053 359 342 10054 356 381 10055 359 342 10056 360 321 10057 356 381 10058 360 321 10059 361 354 10060 362 361 10061 362 361 10062 363 368 10063 364 375 10064 364 375 10065 365 317 10066 366 331 10067 366 331 10068 367 338 10069 364 375 10070 367 338 10071 368 322 10072 364 375 10073 368 322 10074 369 349 10075 372 370 10076 369 349 10077 370 356 10078 372 370 10079 370 356 10080 371 363 10081 372 370 10082 372 370 10083 373 377 10084 374 325 10085 374 325 10086 375 333 10087 372 370 10088 375 333 10089 376 340 10090 372 370 10091 376 340 10092 377 345 10093 378 351 10094 378 351 10095 379 358 10096 376 340 10097 379 358 10098 380 365 10099 376 340 10100 380 365 10101 381 372 10102 382 380 10103 382 380 10104 383 327 10105 380 365 10106 383 327 10107 321 323 10108 380 365 10109 340 339 10110 342 350 10111 336 369 10112 342 350 10113 344 364 10114 336 369 10115 360 321 10116 362 361 10117 368 322 10118 362 361 10119 364 375 10120 368 322 10121 321 323 10122 324 347 10123 336 369 10124 324 347 10125 328 374 10126 336 369 10127 328 374 10128 332 343 10129 336 369 10130 344 364 10131 348 334 10132 352 359 10133 352 359 10134 356 381 10135 360 321 10136 368 322 10137 372 370 10138 376 340 10139 376 340 10140 380 365 10141 368 322 10142 380 365 10143 321 323 10144 368 322 10145 336 369 10146 344 364 10147 321 323 10148 344 364 10149 352 359 10150 321 323 10151 352 359 10152 360 321 10153 321 323 10154 231 230 10155 339 332 10156 338 324 10157 374 325 10158 373 377 10159 299 300 10160 249 250 10161 348 334 10162 347 326 10163 383 327 10164 382 380 10165 317 316 10166 322 328 10167 320 378 10168 195 193 10169 357 329 10170 356 381 10171 265 266 10172 215 214 10173 331 337 10174 330 330 10175 366 331 10176 365 317 10177 283 284 10178 233 232 10179 340 339 10180 339 332 10181 375 333 10182 374 325 10183 301 302 10184 251 252 10185 349 341 10186 348 334 10187 321 323 10188 383 327 10189 319 319 10190 323 335 10191 322 328 10192 197 196 10193 358 336 10194 357 329 10195 267 268 10196 217 216 10197 332 343 10198 331 337 10199 367 338 10200 366 331 10201 285 286 10202 235 234 10203 341 344 10204 340 339 10205 376 340 10206 375 333 10207 303 304 10208 253 254 10209 350 346 10210 349 341 10211 201 200 10212 324 347 10213 323 335 10214 359 342 10215 358 336 10216 269 270 10217 219 218 10218 333 348 10219 332 343 10220 368 322 10221 367 338 10222 287 288 10223 237 236 10224 342 350 10225 341 344 10226 377 345 10227 376 340 10228 305 306 10229 255 256 10230 351 352 10231 350 346 10232 203 202 10233 325 353 10234 324 347 10235 360 321 10236 359 342 10237 271 272 10238 221 220 10239 334 355 10240 333 348 10241 369 349 10242 368 322 10243 289 290 10244 239 238 10245 343 357 10246 342 350 10247 378 351 10248 377 345 10249 307 308 10250 257 258 10251 352 359 10252 351 352 10253 205 204 10254 326 360 10255 325 353 10256 361 354 10257 360 321 10258 273 274 10259 223 222 10260 335 362 10261 334 355 10262 370 356 10263 369 349 10264 291 292 10265 241 240 10266 344 364 10267 343 357 10268 379 358 10269 378 351 10270 309 307 10271 259 260 10272 353 366 10273 352 359 10274 207 206 10275 327 367 10276 326 360 10277 362 361 10278 361 354 10279 275 276 10280 225 224 10281 336 369 10282 335 362 10283 371 363 10284 370 356 10285 293 294 10286 243 242 10287 345 371 10288 344 364 10289 380 365 10290 379 358 10291 311 310 10292 261 262 10293 354 373 10294 353 366 10295 209 208 10296 328 374 10297 327 367 10298 363 368 10299 362 361 10300 277 278 10301 227 226 10302 337 376 10303 336 369 10304 372 370 10305 371 363 10306 295 296 10307 245 246 10308 346 379 10309 345 371 10310 381 372 10311 380 365 10312 313 312 10313 263 264 10314 355 5847 10315 354 373 10316 211 210 10317 329 382 10318 328 374 10319 364 375 10320 363 368 10321 279 280 10322 229 228 10323 338 324 10324 337 376 10325 373 377 10326 372 370 10327 297 298 10328 320 378 10329 321 323 10330 193 194 10331 247 248 10332 347 326 10333 346 379 10334 382 380 10335 381 372 10336 315 314 10337 356 381 10338 355 5847 10339 263 264 10340 213 212 10341 330 330 10342 329 382 10343 384 383 10344 385 508 10345 387 384 10346 386 385 10347 387 384 10348 389 386 10349 388 387 10350 389 386 10351 391 388 10352 390 389 10353 391 388 10354 393 390 10355 392 391 10356 393 390 10357 395 392 10358 394 393 10359 395 392 10360 397 394 10361 396 395 10362 397 394 10363 399 396 10364 398 397 10365 399 396 10366 401 398 10367 400 399 10368 401 398 10369 403 400 10370 403 400 10371 405 541 10372 404 402 10373 404 402 10374 405 541 10375 407 403 10376 406 404 10377 407 403 10378 409 405 10379 409 405 10380 411 408 10381 410 407 10382 411 408 10383 413 410 10384 412 409 10385 413 410 10386 415 412 10387 414 411 10388 415 412 10389 417 414 10390 416 413 10391 417 414 10392 419 416 10393 418 415 10394 419 416 10395 421 418 10396 420 417 10397 421 418 10398 423 420 10399 422 419 10400 423 420 10401 425 422 10402 424 421 10403 425 422 10404 427 424 10405 426 423 10406 427 424 10407 429 426 10408 428 425 10409 429 426 10410 431 428 10411 430 427 10412 431 428 10413 433 430 10414 432 429 10415 433 430 10416 435 432 10417 434 431 10418 435 432 10419 437 434 10420 436 433 10421 437 434 10422 439 436 10423 438 435 10424 439 436 10425 441 438 10426 440 437 10427 441 438 10428 443 440 10429 442 439 10430 443 440 10431 445 442 10432 444 441 10433 445 442 10434 447 444 10435 446 443 10436 447 444 10437 449 446 10438 448 445 10439 449 446 10440 451 448 10441 450 447 10442 451 448 10443 453 450 10444 452 449 10445 453 450 10446 455 452 10447 454 451 10448 455 452 10449 457 454 10450 456 453 10451 457 454 10452 459 456 10453 458 455 10454 459 456 10455 461 458 10456 460 457 10457 461 458 10458 463 460 10459 462 459 10460 463 460 10461 465 462 10462 464 461 10463 465 462 10464 467 464 10465 466 463 10466 467 464 10467 469 466 10468 468 465 10469 469 466 10470 471 468 10471 470 467 10472 471 468 10473 473 470 10474 472 469 10475 473 470 10476 475 472 10477 474 471 10478 475 472 10479 477 474 10480 476 473 10481 477 474 10482 479 476 10483 478 475 10484 479 476 10485 481 478 10486 480 477 10487 481 478 10488 483 480 10489 482 479 10490 483 480 10491 485 482 10492 484 481 10493 485 482 10494 487 484 10495 486 483 10496 487 484 10497 489 486 10498 488 485 10499 489 486 10500 491 534 10501 490 487 10502 490 487 10503 491 534 10504 493 488 10505 493 488 10506 495 552 10507 494 490 10508 494 490 10509 495 552 10510 497 491 10511 496 492 10512 497 491 10513 499 493 10514 499 493 10515 501 572 10516 500 495 10517 500 495 10518 501 572 10519 503 496 10520 502 497 10521 503 496 10522 505 498 10523 504 499 10524 505 498 10525 507 500 10526 506 501 10527 507 500 10528 509 502 10529 415 412 10530 413 410 10531 526 504 10532 508 503 10533 509 502 10534 511 506 10535 510 507 10536 511 506 10537 385 508 10538 510 507 10539 384 383 10540 386 385 10541 386 385 10542 388 387 10543 510 507 10544 388 387 10545 390 389 10546 510 507 10547 390 389 10548 392 391 10549 394 393 10550 394 393 10551 396 395 10552 398 397 10553 398 397 10554 400 399 10555 402 401 10556 402 401 10557 404 402 10558 406 404 10559 406 404 10560 408 406 10561 414 411 10562 408 406 10563 410 407 10564 414 411 10565 410 407 10566 412 409 10567 414 411 10568 414 411 10569 416 413 10570 418 415 10571 418 415 10572 420 417 10573 422 419 10574 422 419 10575 424 421 10576 430 427 10577 424 421 10578 426 423 10579 430 427 10580 426 423 10581 428 425 10582 430 427 10583 430 427 10584 432 429 10585 434 431 10586 434 431 10587 436 433 10588 438 435 10589 438 435 10590 440 437 10591 442 439 10592 442 439 10593 444 441 10594 438 435 10595 444 441 10596 446 443 10597 438 435 10598 446 443 10599 448 445 10600 450 447 10601 450 447 10602 452 449 10603 446 443 10604 452 449 10605 454 451 10606 446 443 10607 454 451 10608 456 453 10609 458 455 10610 458 455 10611 460 457 10612 462 459 10613 462 459 10614 464 461 10615 466 463 10616 466 463 10617 468 465 10618 470 467 10619 470 467 10620 472 469 10621 478 475 10622 472 469 10623 474 471 10624 478 475 10625 474 471 10626 476 473 10627 478 475 10628 478 475 10629 480 477 10630 482 479 10631 482 479 10632 484 481 10633 486 483 10634 486 483 10635 488 485 10636 494 490 10637 488 485 10638 490 487 10639 494 490 10640 490 487 10641 492 489 10642 494 490 10643 494 490 10644 496 492 10645 498 494 10646 498 494 10647 500 495 10648 502 497 10649 502 497 10650 504 499 10651 506 501 10652 506 501 10653 508 503 10654 510 507 10655 390 389 10656 394 393 10657 398 397 10658 398 397 10659 402 401 10660 406 404 10661 414 411 10662 418 415 10663 430 427 10664 418 415 10665 422 419 10666 430 427 10667 430 427 10668 434 431 10669 438 435 10670 454 451 10671 458 455 10672 462 459 10673 462 459 10674 466 463 10675 478 475 10676 466 463 10677 470 467 10678 478 475 10679 478 475 10680 482 479 10681 486 483 10682 494 490 10683 498 494 10684 502 497 10685 502 497 10686 506 501 10687 494 490 10688 506 501 10689 510 507 10690 494 490 10691 510 507 10692 390 389 10693 414 411 10694 390 389 10695 398 397 10696 414 411 10697 398 397 10698 406 404 10699 414 411 10700 430 427 10701 438 435 10702 414 411 10703 438 435 10704 446 443 10705 414 411 10706 446 443 10707 454 451 10708 478 475 10709 454 451 10710 462 459 10711 478 475 10712 478 475 10713 486 483 10714 494 490 10715 478 475 10716 494 490 10717 510 507 10718 510 507 10719 414 411 10720 478 475 10721 514 511 10722 512 537 10723 513 536 10724 513 536 10725 575 547 10726 574 539 10727 574 539 10728 573 530 10729 572 524 10730 572 524 10731 571 516 10732 570 515 10733 570 515 10734 569 567 10735 566 545 10736 569 567 10737 568 560 10738 566 545 10739 568 560 10740 567 553 10741 566 545 10742 566 545 10743 565 535 10744 562 513 10745 565 535 10746 564 528 10747 562 513 10748 564 528 10749 563 522 10750 562 513 10751 562 513 10752 561 512 10753 560 565 10754 560 565 10755 559 558 10756 558 550 10757 558 550 10758 557 543 10759 554 520 10760 557 543 10761 556 533 10762 554 520 10763 556 533 10764 555 526 10765 554 520 10766 554 520 10767 553 574 10768 552 570 10769 552 570 10770 551 563 10771 550 556 10772 550 556 10773 549 548 10774 546 509 10775 549 548 10776 548 540 10777 546 509 10778 548 540 10779 547 531 10780 546 509 10781 546 509 10782 545 517 10783 544 573 10784 544 573 10785 543 568 10786 542 561 10787 542 561 10788 541 554 10789 540 546 10790 540 546 10791 539 538 10792 542 561 10793 539 538 10794 538 529 10795 542 561 10796 538 529 10797 537 523 10798 534 566 10799 537 523 10800 536 514 10801 534 566 10802 536 514 10803 535 571 10804 534 566 10805 534 566 10806 533 559 10807 532 551 10808 532 551 10809 531 544 10810 534 566 10811 531 544 10812 530 510 10813 534 566 10814 530 510 10815 529 527 10816 528 521 10817 528 521 10818 527 505 10819 526 504 10820 526 504 10821 525 564 10822 524 557 10823 524 557 10824 523 549 10825 526 504 10826 523 549 10827 522 542 10828 526 504 10829 522 542 10830 521 532 10831 520 525 10832 520 525 10833 519 519 10834 522 542 10835 519 519 10836 518 518 10837 522 542 10838 518 518 10839 517 569 10840 516 562 10841 516 562 10842 515 555 10843 514 511 10844 514 511 10845 513 536 10846 574 539 10847 574 539 10848 572 524 10849 570 515 10850 562 513 10851 560 565 10852 554 520 10853 560 565 10854 558 550 10855 554 520 10856 554 520 10857 552 570 10858 546 509 10859 552 570 10860 550 556 10861 546 509 10862 546 509 10863 544 573 10864 538 529 10865 544 573 10866 542 561 10867 538 529 10868 530 510 10869 528 521 10870 526 504 10871 518 518 10872 516 562 10873 522 542 10874 516 562 10875 514 511 10876 522 542 10877 514 511 10878 574 539 10879 562 513 10880 574 539 10881 570 515 10882 562 513 10883 570 515 10884 566 545 10885 562 513 10886 538 529 10887 534 566 10888 546 509 10889 534 566 10890 530 510 10891 546 509 10892 530 510 10893 526 504 10894 514 511 10895 526 504 10896 522 542 10897 514 511 10898 562 513 10899 554 520 10900 514 511 10901 554 520 10902 546 509 10903 514 511 10904 485 482 10905 483 480 10906 561 512 10907 431 428 10908 535 571 10909 536 514 10910 503 496 10911 501 572 10912 570 515 10913 449 446 10914 544 573 10915 545 517 10916 399 396 10917 397 394 10918 518 518 10919 467 464 10920 553 574 10921 554 520 10922 417 414 10923 415 412 10924 527 505 10925 487 484 10926 485 482 10927 562 513 10928 433 430 10929 536 514 10930 537 523 10931 505 498 10932 503 496 10933 571 516 10934 451 448 10935 545 517 10936 546 509 10937 401 398 10938 399 396 10939 519 519 10940 469 466 10941 554 520 10942 555 526 10943 417 414 10944 528 521 10945 529 527 10946 489 486 10947 487 484 10948 563 522 10949 435 432 10950 537 523 10951 538 529 10952 507 500 10953 505 498 10954 572 524 10955 453 450 10956 546 509 10957 547 531 10958 403 400 10959 401 398 10960 520 525 10961 471 468 10962 555 526 10963 556 533 10964 419 416 10965 529 527 10966 530 510 10967 491 534 10968 489 486 10969 564 528 10970 387 384 10971 385 508 10972 513 536 10973 437 434 10974 538 529 10975 539 538 10976 509 502 10977 507 500 10978 573 530 10979 455 452 10980 547 531 10981 548 540 10982 405 541 10983 403 400 10984 521 532 10985 473 470 10986 556 533 10987 557 543 10988 421 418 10989 530 510 10990 531 544 10991 493 488 10992 491 534 10993 565 535 10994 439 436 10995 539 538 10996 540 546 10997 511 506 10998 509 502 10999 574 539 11000 389 386 11001 387 384 11002 512 537 11003 457 454 11004 548 540 11005 549 548 11006 407 403 11007 405 541 11008 522 542 11009 475 472 11010 557 543 11011 558 550 11012 423 420 11013 531 544 11014 532 551 11015 495 552 11016 493 488 11017 566 545 11018 441 438 11019 540 546 11020 541 554 11021 385 508 11022 511 506 11023 575 547 11024 391 388 11025 389 386 11026 514 511 11027 459 456 11028 549 548 11029 550 556 11030 409 405 11031 407 403 11032 523 549 11033 477 474 11034 558 550 11035 559 558 11036 425 422 11037 532 551 11038 533 559 11039 497 491 11040 495 552 11041 567 553 11042 443 440 11043 541 554 11044 542 561 11045 393 390 11046 391 388 11047 515 555 11048 461 458 11049 550 556 11050 551 563 11051 411 408 11052 409 405 11053 524 557 11054 479 476 11055 559 558 11056 560 565 11057 427 424 11058 533 559 11059 534 566 11060 499 493 11061 497 491 11062 568 560 11063 445 442 11064 542 561 11065 543 568 11066 395 392 11067 393 390 11068 516 562 11069 463 460 11070 551 563 11071 552 570 11072 413 410 11073 411 408 11074 525 564 11075 483 480 11076 481 478 11077 560 565 11078 429 426 11079 534 566 11080 535 571 11081 501 572 11082 499 493 11083 569 567 11084 447 444 11085 543 568 11086 544 573 11087 397 394 11088 395 392 11089 517 569 11090 465 462 11091 552 570 11092 553 574 11093 578 575 11094 579 579 11095 577 576 11096 580 578 11097 581 581 11098 579 579 11099 582 580 11100 583 583 11101 581 581 11102 582 580 11103 584 585 11104 585 582 11105 586 584 11106 587 587 11107 585 582 11108 586 584 11109 588 588 11110 589 586 11111 588 588 11112 590 591 11113 591 589 11114 592 590 11115 593 593 11116 591 589 11117 594 592 11118 595 595 11119 593 593 11120 596 594 11121 597 597 11122 595 595 11123 596 594 11124 598 599 11125 599 596 11126 600 598 11127 601 601 11128 599 596 11129 602 600 11130 603 603 11131 601 601 11132 604 602 11133 605 605 11134 603 603 11135 606 604 11136 607 607 11137 605 605 11138 608 606 11139 609 609 11140 607 607 11141 610 608 11142 611 611 11143 609 609 11144 612 610 11145 613 613 11146 611 611 11147 614 612 11148 615 615 11149 613 613 11150 616 614 11151 617 617 11152 615 615 11153 618 616 11154 619 619 11155 617 617 11156 620 618 11157 621 621 11158 619 619 11159 622 620 11160 623 623 11161 621 621 11162 624 622 11163 625 625 11164 623 623 11165 626 624 11166 627 627 11167 625 625 11168 628 626 11169 629 629 11170 627 627 11171 630 628 11172 631 631 11173 629 629 11174 632 630 11175 633 633 11176 631 631 11177 634 632 11178 635 635 11179 633 633 11180 636 634 11181 637 637 11182 635 635 11183 638 636 11184 639 639 11185 637 637 11186 640 638 11187 641 641 11188 639 639 11189 642 640 11190 643 643 11191 641 641 11192 644 642 11193 645 645 11194 643 643 11195 646 644 11196 647 647 11197 645 645 11198 648 646 11199 649 649 11200 647 647 11201 650 648 11202 651 651 11203 649 649 11204 650 648 11205 652 653 11206 653 650 11207 654 652 11208 655 655 11209 653 650 11210 654 652 11211 656 656 11212 657 654 11213 656 656 11214 658 659 11215 659 657 11216 660 658 11217 661 661 11218 659 657 11219 660 658 11220 662 663 11221 663 660 11222 664 662 11223 665 665 11224 663 660 11225 666 664 11226 667 667 11227 665 665 11228 668 666 11229 669 669 11230 667 667 11231 670 668 11232 671 671 11233 669 669 11234 672 670 11235 673 673 11236 671 671 11237 674 672 11238 675 675 11239 673 673 11240 676 674 11241 677 677 11242 675 675 11243 678 676 11244 679 679 11245 677 677 11246 680 678 11247 681 681 11248 679 679 11249 682 680 11250 683 683 11251 681 681 11252 684 682 11253 685 685 11254 683 683 11255 686 684 11256 687 687 11257 685 685 11258 688 686 11259 689 689 11260 687 687 11261 690 688 11262 691 691 11263 689 689 11264 692 690 11265 693 693 11266 691 691 11267 694 692 11268 695 695 11269 693 693 11270 696 694 11271 697 697 11272 695 695 11273 698 696 11274 699 699 11275 697 697 11276 700 698 11277 701 702 11278 699 699 11279 607 607 11280 719 713 11281 718 700 11282 702 701 11283 703 703 11284 701 702 11285 702 701 11286 576 577 11287 577 576 11288 578 575 11289 576 577 11290 702 701 11291 702 701 11292 700 698 11293 578 575 11294 700 698 11295 698 696 11296 578 575 11297 698 696 11298 696 694 11299 690 688 11300 696 694 11301 694 692 11302 690 688 11303 694 692 11304 692 690 11305 690 688 11306 690 688 11307 688 686 11308 686 684 11309 686 684 11310 684 682 11311 682 680 11312 682 680 11313 680 678 11314 674 672 11315 680 678 11316 678 676 11317 674 672 11318 678 676 11319 676 674 11320 674 672 11321 674 672 11322 672 670 11323 666 664 11324 672 670 11325 670 668 11326 666 664 11327 670 668 11328 668 666 11329 666 664 11330 666 664 11331 664 662 11332 658 659 11333 664 662 11334 662 663 11335 658 659 11336 662 663 11337 660 658 11338 658 659 11339 658 659 11340 656 656 11341 654 652 11342 654 652 11343 652 653 11344 650 648 11345 650 648 11346 648 646 11347 646 644 11348 646 644 11349 644 642 11350 642 640 11351 642 640 11352 640 638 11353 638 636 11354 638 636 11355 636 634 11356 642 640 11357 636 634 11358 634 632 11359 642 640 11360 634 632 11361 632 630 11362 630 628 11363 630 628 11364 628 626 11365 626 624 11366 626 624 11367 624 622 11368 622 620 11369 622 620 11370 620 618 11371 618 616 11372 618 616 11373 616 614 11374 610 608 11375 616 614 11376 614 612 11377 610 608 11378 614 612 11379 612 610 11380 610 608 11381 610 608 11382 608 606 11383 606 604 11384 606 604 11385 604 602 11386 602 600 11387 602 600 11388 600 598 11389 594 592 11390 600 598 11391 598 599 11392 594 592 11393 598 599 11394 596 594 11395 594 592 11396 594 592 11397 592 590 11398 590 591 11399 590 591 11400 588 588 11401 586 584 11402 586 584 11403 584 585 11404 582 580 11405 582 580 11406 580 578 11407 586 584 11408 580 578 11409 578 575 11410 586 584 11411 690 688 11412 686 684 11413 682 680 11414 658 659 11415 654 652 11416 650 648 11417 650 648 11418 646 644 11419 658 659 11420 646 644 11421 642 640 11422 658 659 11423 634 632 11424 630 628 11425 626 624 11426 626 624 11427 622 620 11428 610 608 11429 622 620 11430 618 616 11431 610 608 11432 610 608 11433 606 604 11434 594 592 11435 606 604 11436 602 600 11437 594 592 11438 594 592 11439 590 591 11440 586 584 11441 578 575 11442 698 696 11443 690 688 11444 690 688 11445 682 680 11446 674 672 11447 674 672 11448 666 664 11449 642 640 11450 666 664 11451 658 659 11452 642 640 11453 642 640 11454 634 632 11455 610 608 11456 634 632 11457 626 624 11458 610 608 11459 594 592 11460 586 584 11461 610 608 11462 586 584 11463 578 575 11464 610 608 11465 578 575 11466 690 688 11467 642 640 11468 690 688 11469 674 672 11470 642 640 11471 705 729 11472 704 739 11473 706 747 11474 706 747 11475 707 754 11476 705 729 11477 707 754 11478 708 760 11479 705 729 11480 708 760 11481 709 765 11482 712 725 11483 709 765 11484 710 711 11485 712 725 11486 710 711 11487 711 718 11488 712 725 11489 712 725 11490 713 733 11491 716 756 11492 713 733 11493 714 741 11494 716 756 11495 714 741 11496 715 749 11497 716 756 11498 716 756 11499 717 762 11500 720 704 11501 717 762 11502 718 700 11503 720 704 11504 718 700 11505 719 713 11506 720 704 11507 720 704 11508 721 720 11509 722 727 11510 722 727 11511 723 735 11512 724 743 11513 724 743 11514 725 751 11515 726 757 11516 726 757 11517 727 763 11518 728 708 11519 728 708 11520 729 715 11521 732 737 11522 729 715 11523 730 722 11524 732 737 11525 730 722 11526 731 730 11527 732 737 11528 732 737 11529 733 745 11530 736 705 11531 733 745 11532 734 753 11533 736 705 11534 734 753 11535 735 759 11536 736 705 11537 736 705 11538 737 710 11539 738 717 11540 738 717 11541 739 724 11542 736 705 11543 739 724 11544 740 732 11545 736 705 11546 740 732 11547 741 740 11548 742 748 11549 742 748 11550 743 755 11551 740 732 11552 743 755 11553 744 761 11554 740 732 11555 744 761 11556 745 766 11557 746 712 11558 746 712 11559 747 719 11560 748 726 11561 748 726 11562 749 734 11563 750 742 11564 750 742 11565 751 750 11566 752 706 11567 752 706 11568 753 707 11569 754 714 11570 754 714 11571 755 721 11572 752 706 11573 755 721 11574 756 728 11575 752 706 11576 756 728 11577 757 736 11578 758 744 11579 758 744 11580 759 752 11581 756 728 11582 759 752 11583 760 758 11584 756 728 11585 760 758 11586 761 764 11587 762 709 11588 762 709 11589 763 716 11590 760 758 11591 763 716 11592 764 723 11593 760 758 11594 764 723 11595 765 731 11596 705 729 11597 765 731 11598 766 738 11599 705 729 11600 766 738 11601 767 746 11602 705 729 11603 720 704 11604 722 727 11605 724 743 11606 724 743 11607 726 757 11608 720 704 11609 726 757 11610 728 708 11611 720 704 11612 744 761 11613 746 712 11614 748 726 11615 748 726 11616 750 742 11617 744 761 11618 750 742 11619 752 706 11620 744 761 11621 705 729 11622 708 760 11623 712 725 11624 712 725 11625 716 756 11626 705 729 11627 716 756 11628 720 704 11629 705 729 11630 728 708 11631 732 737 11632 720 704 11633 732 737 11634 736 705 11635 720 704 11636 736 705 11637 740 732 11638 752 706 11639 740 732 11640 744 761 11641 752 706 11642 752 706 11643 756 728 11644 705 729 11645 756 728 11646 760 758 11647 705 729 11648 760 758 11649 764 723 11650 705 729 11651 705 729 11652 720 704 11653 752 706 11654 677 677 11655 754 714 11656 753 707 11657 728 708 11658 727 763 11659 623 623 11660 695 695 11661 763 716 11662 762 709 11663 737 710 11664 736 705 11665 641 641 11666 591 589 11667 711 718 11668 710 711 11669 746 712 11670 745 766 11671 659 657 11672 609 609 11673 720 704 11674 719 713 11675 679 679 11676 755 721 11677 754 714 11678 729 715 11679 728 708 11680 625 625 11681 697 697 11682 764 723 11683 763 716 11684 738 717 11685 737 710 11686 643 643 11687 593 593 11688 712 725 11689 711 718 11690 747 719 11691 746 712 11692 661 661 11693 721 720 11694 720 704 11695 609 609 11696 681 681 11697 756 728 11698 755 721 11699 730 722 11700 729 715 11701 627 627 11702 699 699 11703 765 731 11704 764 723 11705 739 724 11706 738 717 11707 645 645 11708 595 595 11709 713 733 11710 712 725 11711 748 726 11712 747 719 11713 663 660 11714 722 727 11715 721 720 11716 611 611 11717 683 683 11718 757 736 11719 756 728 11720 579 579 11721 704 739 11722 705 729 11723 731 730 11724 730 722 11725 629 629 11726 701 702 11727 766 738 11728 765 731 11729 740 732 11730 739 724 11731 647 647 11732 597 597 11733 714 741 11734 713 733 11735 749 734 11736 748 726 11737 665 665 11738 723 735 11739 722 727 11740 613 613 11741 685 685 11742 758 744 11743 757 736 11744 732 737 11745 731 730 11746 631 631 11747 703 703 11748 767 746 11749 766 738 11750 581 581 11751 706 747 11752 704 739 11753 741 740 11754 740 732 11755 649 649 11756 599 596 11757 715 749 11758 714 741 11759 750 742 11760 749 734 11761 667 667 11762 724 743 11763 723 735 11764 615 615 11765 687 687 11766 759 752 11767 758 744 11768 733 745 11769 732 737 11770 633 633 11771 577 576 11772 705 729 11773 767 746 11774 583 583 11775 707 754 11776 706 747 11777 742 748 11778 741 740 11779 651 651 11780 601 601 11781 716 756 11782 715 749 11783 751 750 11784 750 742 11785 669 669 11786 725 751 11787 724 743 11788 617 617 11789 689 689 11790 760 758 11791 759 752 11792 734 753 11793 733 745 11794 635 635 11795 585 582 11796 708 760 11797 707 754 11798 743 755 11799 742 748 11800 653 650 11801 603 603 11802 717 762 11803 716 756 11804 752 706 11805 751 750 11806 671 671 11807 726 757 11808 725 751 11809 619 619 11810 691 691 11811 761 764 11812 760 758 11813 735 759 11814 734 753 11815 637 637 11816 587 587 11817 709 765 11818 708 760 11819 744 761 11820 743 755 11821 655 655 11822 605 605 11823 718 700 11824 717 762 11825 675 675 11826 753 707 11827 752 706 11828 727 763 11829 726 757 11830 621 621 11831 693 693 11832 762 709 11833 761 764 11834 736 705 11835 735 759 11836 639 639 11837 589 586 11838 710 711 11839 709 765 11840 745 766 11841 744 761 11842 657 654 11843 769 767 11844 771 770 11845 770 768 11846 771 770 11847 773 772 11848 772 771 11849 773 772 11850 775 774 11851 774 773 11852 775 774 11853 777 776 11854 776 775 11855 777 776 11856 779 778 11857 778 777 11858 779 778 11859 781 780 11860 780 779 11861 781 780 11862 783 782 11863 782 781 11864 783 782 11865 785 784 11866 784 783 11867 785 784 11868 787 786 11869 786 785 11870 787 786 11871 789 788 11872 788 787 11873 789 788 11874 791 790 11875 790 789 11876 791 790 11877 793 792 11878 792 791 11879 793 792 11880 795 794 11881 794 793 11882 795 794 11883 797 796 11884 796 795 11885 797 796 11886 799 798 11887 798 797 11888 799 798 11889 801 903 11890 800 799 11891 800 799 11892 801 903 11893 803 800 11894 802 801 11895 803 800 11896 805 802 11897 804 803 11898 805 802 11899 807 804 11900 806 805 11901 807 804 11902 809 806 11903 808 807 11904 809 806 11905 811 808 11906 810 809 11907 811 808 11908 813 810 11909 812 811 11910 813 810 11911 815 812 11912 814 813 11913 815 812 11914 817 814 11915 816 815 11916 817 814 11917 819 816 11918 818 817 11919 819 816 11920 821 818 11921 820 819 11922 821 818 11923 823 820 11924 822 821 11925 823 820 11926 825 822 11927 824 823 11928 825 822 11929 827 824 11930 826 825 11931 827 824 11932 829 826 11933 828 827 11934 829 826 11935 831 828 11936 830 829 11937 831 828 11938 833 830 11939 832 831 11940 833 830 11941 835 832 11942 834 833 11943 835 832 11944 837 834 11945 836 835 11946 837 834 11947 839 836 11948 838 837 11949 839 836 11950 841 838 11951 840 839 11952 841 838 11953 843 840 11954 842 841 11955 843 840 11956 845 842 11957 844 843 11958 845 842 11959 847 844 11960 846 845 11961 847 844 11962 849 846 11963 848 847 11964 849 846 11965 851 848 11966 850 849 11967 851 848 11968 853 850 11969 852 851 11970 853 850 11971 855 852 11972 854 853 11973 855 852 11974 857 854 11975 856 855 11976 857 854 11977 859 856 11978 858 857 11979 859 856 11980 861 858 11981 860 859 11982 861 858 11983 863 860 11984 862 861 11985 863 860 11986 865 862 11987 865 862 11988 867 865 11989 866 864 11990 867 865 11991 869 867 11992 868 866 11993 869 867 11994 871 869 11995 870 868 11996 871 869 11997 873 871 11998 872 870 11999 873 871 12000 875 873 12001 874 872 12002 875 873 12003 877 875 12004 876 874 12005 877 875 12006 879 877 12007 878 876 12008 879 877 12009 881 879 12010 880 878 12011 881 879 12012 883 881 12013 882 880 12014 883 881 12015 885 883 12016 884 882 12017 885 883 12018 887 885 12019 886 884 12020 887 885 12021 889 887 12022 888 886 12023 889 887 12024 891 889 12025 890 888 12026 891 889 12027 893 892 12028 892 890 12029 817 814 12030 920 955 12031 921 891 12032 893 892 12033 895 894 12034 894 893 12035 895 894 12036 769 767 12037 768 769 12038 894 893 12039 768 769 12040 770 768 12041 770 768 12042 772 771 12043 894 893 12044 772 771 12045 774 773 12046 894 893 12047 774 773 12048 776 775 12049 778 777 12050 778 777 12051 780 779 12052 782 781 12053 782 781 12054 784 783 12055 786 785 12056 786 785 12057 788 787 12058 790 789 12059 790 789 12060 792 791 12061 794 793 12062 794 793 12063 796 795 12064 798 797 12065 798 797 12066 800 799 12067 806 805 12068 800 799 12069 802 801 12070 806 805 12071 802 801 12072 804 803 12073 806 805 12074 806 805 12075 808 807 12076 810 809 12077 810 809 12078 812 811 12079 814 813 12080 814 813 12081 816 815 12082 818 817 12083 818 817 12084 820 819 12085 814 813 12086 820 819 12087 822 821 12088 814 813 12089 822 821 12090 824 823 12091 826 825 12092 826 825 12093 828 827 12094 822 821 12095 828 827 12096 830 829 12097 822 821 12098 830 829 12099 832 831 12100 834 833 12101 834 833 12102 836 835 12103 830 829 12104 836 835 12105 838 837 12106 830 829 12107 838 837 12108 840 839 12109 842 841 12110 842 841 12111 844 843 12112 838 837 12113 844 843 12114 846 845 12115 838 837 12116 846 845 12117 848 847 12118 850 849 12119 850 849 12120 852 851 12121 854 853 12122 854 853 12123 856 855 12124 858 857 12125 858 857 12126 860 859 12127 854 853 12128 860 859 12129 862 861 12130 854 853 12131 862 861 12132 864 863 12133 866 864 12134 866 864 12135 868 866 12136 870 868 12137 870 868 12138 872 870 12139 874 872 12140 874 872 12141 876 874 12142 878 876 12143 878 876 12144 880 878 12145 882 880 12146 882 880 12147 884 882 12148 886 884 12149 886 884 12150 888 886 12151 890 888 12152 890 888 12153 892 890 12154 886 884 12155 892 890 12156 894 893 12157 886 884 12158 774 773 12159 778 777 12160 894 893 12161 778 777 12162 782 781 12163 894 893 12164 782 781 12165 786 785 12166 790 789 12167 790 789 12168 794 793 12169 798 797 12170 806 805 12171 810 809 12172 798 797 12173 810 809 12174 814 813 12175 798 797 12176 846 845 12177 850 849 12178 862 861 12179 850 849 12180 854 853 12181 862 861 12182 862 861 12183 866 864 12184 878 876 12185 866 864 12186 870 868 12187 878 876 12188 870 868 12189 874 872 12190 878 876 12191 878 876 12192 882 880 12193 886 884 12194 782 781 12195 790 789 12196 894 893 12197 790 789 12198 798 797 12199 894 893 12200 814 813 12201 822 821 12202 830 829 12203 830 829 12204 838 837 12205 862 861 12206 838 837 12207 846 845 12208 862 861 12209 878 876 12210 886 884 12211 862 861 12212 886 884 12213 894 893 12214 862 861 12215 798 797 12216 814 813 12217 830 829 12218 894 893 12219 798 797 12220 862 861 12221 898 897 12222 896 914 12223 897 913 12224 897 913 12225 959 923 12226 958 916 12227 958 916 12228 957 908 12229 954 949 12230 957 908 12231 956 899 12232 954 949 12233 956 899 12234 955 898 12235 954 949 12236 954 949 12237 953 942 12238 952 935 12239 952 935 12240 951 928 12241 950 921 12242 950 921 12243 949 912 12244 946 954 12245 949 912 12246 948 906 12247 946 954 12248 948 906 12249 947 905 12250 946 954 12251 946 954 12252 945 947 12253 944 940 12254 944 940 12255 943 933 12256 946 954 12257 943 933 12258 942 926 12259 946 954 12260 942 926 12261 941 919 12262 940 911 12263 940 911 12264 939 902 12265 942 926 12266 939 902 12267 938 901 12268 942 926 12269 938 901 12270 937 952 12271 934 931 12272 937 952 12273 936 945 12274 934 931 12275 936 945 12276 935 938 12277 934 931 12278 934 931 12279 933 924 12280 932 917 12281 932 917 12282 931 909 12283 934 931 12284 931 909 12285 930 895 12286 934 931 12287 930 895 12288 929 956 12289 928 950 12290 928 950 12291 927 943 12292 930 895 12293 927 943 12294 926 936 12295 930 895 12296 926 936 12297 925 929 12298 922 907 12299 925 929 12300 924 922 12301 922 907 12302 924 922 12303 923 915 12304 922 907 12305 922 907 12306 921 891 12307 920 955 12308 920 955 12309 919 948 12310 922 907 12311 919 948 12312 918 941 12313 922 907 12314 918 941 12315 917 934 12316 914 896 12317 917 934 12318 916 927 12319 914 896 12320 916 927 12321 915 920 12322 914 896 12323 914 896 12324 913 904 12325 912 958 12326 912 958 12327 911 953 12328 910 946 12329 910 946 12330 909 939 12331 908 932 12332 908 932 12333 907 925 12334 910 946 12335 907 925 12336 906 918 12337 910 946 12338 906 918 12339 905 910 12340 904 900 12341 904 900 12342 903 957 12343 902 951 12344 902 951 12345 901 944 12346 900 937 12347 900 937 12348 899 930 12349 902 951 12350 899 930 12351 898 897 12352 902 951 12353 898 897 12354 897 913 12355 958 916 12356 954 949 12357 952 935 12358 946 954 12359 952 935 12360 950 921 12361 946 954 12362 914 896 12363 912 958 12364 906 918 12365 912 958 12366 910 946 12367 906 918 12368 906 918 12369 904 900 12370 898 897 12371 904 900 12372 902 951 12373 898 897 12374 898 897 12375 958 916 12376 946 954 12377 958 916 12378 954 949 12379 946 954 12380 946 954 12381 942 926 12382 938 901 12383 938 901 12384 934 931 12385 930 895 12386 930 895 12387 926 936 12388 922 907 12389 922 907 12390 918 941 12391 930 895 12392 918 941 12393 914 896 12394 930 895 12395 946 954 12396 938 901 12397 898 897 12398 938 901 12399 930 895 12400 898 897 12401 914 896 12402 906 918 12403 898 897 12404 889 887 12405 887 885 12406 955 898 12407 835 832 12408 929 956 12409 930 895 12410 783 782 12411 903 957 12412 904 900 12413 855 852 12414 853 850 12415 938 901 12416 801 903 12417 912 958 12418 913 904 12419 873 871 12420 871 869 12421 947 905 12422 819 816 12423 921 891 12424 922 907 12425 891 889 12426 889 887 12427 956 899 12428 837 834 12429 930 895 12430 931 909 12431 785 784 12432 904 900 12433 905 910 12434 857 854 12435 855 852 12436 939 902 12437 803 800 12438 913 904 12439 914 896 12440 875 873 12441 873 871 12442 948 906 12443 771 770 12444 769 767 12445 897 913 12446 821 818 12447 922 907 12448 923 915 12449 893 892 12450 891 889 12451 957 908 12452 839 836 12453 931 909 12454 932 917 12455 787 786 12456 905 910 12457 906 918 12458 859 856 12459 857 854 12460 940 911 12461 805 802 12462 914 896 12463 915 920 12464 877 875 12465 875 873 12466 949 912 12467 823 820 12468 923 915 12469 924 922 12470 895 894 12471 893 892 12472 958 916 12473 773 772 12474 771 770 12475 896 914 12476 841 838 12477 932 917 12478 933 924 12479 789 788 12480 906 918 12481 907 925 12482 861 858 12483 859 856 12484 941 919 12485 807 804 12486 915 920 12487 916 927 12488 879 877 12489 877 875 12490 950 921 12491 825 822 12492 924 922 12493 925 929 12494 769 767 12495 895 894 12496 959 923 12497 775 774 12498 773 772 12499 898 897 12500 843 840 12501 933 924 12502 934 931 12503 791 790 12504 907 925 12505 908 932 12506 863 860 12507 861 858 12508 942 926 12509 809 806 12510 916 927 12511 917 934 12512 881 879 12513 879 877 12514 951 928 12515 827 824 12516 925 929 12517 926 936 12518 777 776 12519 775 774 12520 899 930 12521 847 844 12522 845 842 12523 934 931 12524 793 792 12525 908 932 12526 909 939 12527 865 862 12528 863 860 12529 943 933 12530 811 808 12531 917 934 12532 918 941 12533 883 881 12534 881 879 12535 952 935 12536 829 826 12537 926 936 12538 927 943 12539 779 778 12540 777 776 12541 900 937 12542 849 846 12543 847 844 12544 935 938 12545 795 794 12546 909 939 12547 910 946 12548 867 865 12549 865 862 12550 944 940 12551 813 810 12552 918 941 12553 919 948 12554 885 883 12555 883 881 12556 953 942 12557 831 828 12558 927 943 12559 928 950 12560 781 780 12561 779 778 12562 901 944 12563 851 848 12564 849 846 12565 936 945 12566 797 796 12567 910 946 12568 911 953 12569 869 867 12570 867 865 12571 945 947 12572 815 812 12573 919 948 12574 920 955 12575 887 885 12576 885 883 12577 954 949 12578 833 830 12579 928 950 12580 929 956 12581 781 780 12582 902 951 12583 903 957 12584 853 850 12585 851 848 12586 937 952 12587 799 798 12588 911 953 12589 912 958 12590 871 869 12591 869 867 12592 946 954 12593 962 959 12594 963 963 12595 961 960 12596 964 962 12597 965 965 12598 963 963 12599 966 964 12600 967 967 12601 965 965 12602 968 966 12603 969 969 12604 967 967 12605 970 968 12606 971 971 12607 969 969 12608 972 970 12609 973 973 12610 971 971 12611 974 972 12612 975 975 12613 973 973 12614 976 974 12615 977 977 12616 975 975 12617 978 976 12618 979 979 12619 977 977 12620 980 978 12621 981 981 12622 979 979 12623 982 980 12624 983 983 12625 981 981 12626 984 982 12627 985 985 12628 983 983 12629 986 984 12630 987 987 12631 985 985 12632 988 986 12633 989 989 12634 987 987 12635 990 988 12636 991 991 12637 989 989 12638 992 990 12639 993 993 12640 991 991 12641 992 990 12642 994 994 12643 995 992 12644 994 994 12645 996 996 12646 997 995 12647 996 996 12648 998 998 12649 999 997 12650 998 998 12651 1000 1000 12652 1001 999 12653 1000 1000 12654 1002 1002 12655 1003 1001 12656 1002 1002 12657 1004 1004 12658 1005 1003 12659 1004 1004 12660 1006 1006 12661 1007 1005 12662 1006 1006 12663 1008 1008 12664 1009 1007 12665 1008 1008 12666 1010 1010 12667 1011 1009 12668 1010 1010 12669 1012 1012 12670 1013 1011 12671 1012 1012 12672 1014 1014 12673 1015 1013 12674 1014 1014 12675 1016 1016 12676 1017 1015 12677 1016 1016 12678 1018 1018 12679 1019 1017 12680 1018 1018 12681 1020 1020 12682 1021 1019 12683 1020 1020 12684 1022 1022 12685 1023 1021 12686 1022 1022 12687 1024 1024 12688 1025 1023 12689 1024 1024 12690 1026 1026 12691 1027 1025 12692 1026 1026 12693 1028 1028 12694 1029 1027 12695 1028 1028 12696 1030 1030 12697 1031 1029 12698 1030 1030 12699 1032 1032 12700 1033 1031 12701 1032 1032 12702 1034 1034 12703 1035 1033 12704 1034 1034 12705 1036 1036 12706 1037 1035 12707 1036 1036 12708 1038 1038 12709 1039 1037 12710 1038 1038 12711 1040 1040 12712 1041 1039 12713 1040 1040 12714 1042 1042 12715 1043 1041 12716 1042 1042 12717 1044 1044 12718 1045 1043 12719 1044 1044 12720 1046 1046 12721 1047 1045 12722 1046 1046 12723 1048 1048 12724 1049 1047 12725 1048 1048 12726 1050 1050 12727 1051 1049 12728 1050 1050 12729 1052 1052 12730 1053 1051 12731 1052 1052 12732 1054 1054 12733 1055 1053 12734 1054 1054 12735 1056 1057 12736 1057 1055 12737 1058 1056 12738 1059 1059 12739 1057 1055 12740 1060 1058 12741 1061 1061 12742 1059 1059 12743 1062 1060 12744 1063 1063 12745 1061 1061 12746 1064 1062 12747 1065 1065 12748 1063 1063 12749 1066 1064 12750 1067 1067 12751 1065 1065 12752 1068 1066 12753 1069 1069 12754 1067 1067 12755 1070 1068 12756 1071 1071 12757 1069 1069 12758 1072 1070 12759 1073 1073 12760 1071 1071 12761 1074 1072 12762 1075 1075 12763 1073 1073 12764 1076 1074 12765 1077 1077 12766 1075 1075 12767 1078 1076 12768 1079 1079 12769 1077 1077 12770 1080 1078 12771 1081 1081 12772 1079 1079 12773 1082 1080 12774 1083 1083 12775 1081 1081 12776 1084 1082 12777 1085 1086 12778 1083 1083 12779 1113 1084 12780 1112 1143 12781 1009 1007 12782 1086 1085 12783 1087 1087 12784 1085 1086 12785 960 961 12786 961 960 12787 1087 1087 12788 962 959 12789 960 961 12790 1086 1085 12791 1086 1085 12792 1084 1082 12793 962 959 12794 1084 1082 12795 1082 1080 12796 962 959 12797 1082 1080 12798 1080 1078 12799 1078 1076 12800 1078 1076 12801 1076 1074 12802 1074 1072 12803 1074 1072 12804 1072 1070 12805 1070 1068 12806 1070 1068 12807 1068 1066 12808 1066 1064 12809 1066 1064 12810 1064 1062 12811 1062 1060 12812 1062 1060 12813 1060 1058 12814 1058 1056 12815 1058 1056 12816 1056 1057 12817 1054 1054 12818 1054 1054 12819 1052 1052 12820 1050 1050 12821 1050 1050 12822 1048 1048 12823 1046 1046 12824 1046 1046 12825 1044 1044 12826 1042 1042 12827 1042 1042 12828 1040 1040 12829 1038 1038 12830 1038 1038 12831 1036 1036 12832 1042 1042 12833 1036 1036 12834 1034 1034 12835 1042 1042 12836 1034 1034 12837 1032 1032 12838 1030 1030 12839 1030 1030 12840 1028 1028 12841 1026 1026 12842 1026 1026 12843 1024 1024 12844 1022 1022 12845 1022 1022 12846 1020 1020 12847 1026 1026 12848 1020 1020 12849 1018 1018 12850 1026 1026 12851 1018 1018 12852 1016 1016 12853 1014 1014 12854 1014 1014 12855 1012 1012 12856 1018 1018 12857 1012 1012 12858 1010 1010 12859 1018 1018 12860 1010 1010 12861 1008 1008 12862 1006 1006 12863 1006 1006 12864 1004 1004 12865 1002 1002 12866 1002 1002 12867 1000 1000 12868 998 998 12869 998 998 12870 996 996 12871 994 994 12872 994 994 12873 992 990 12874 990 988 12875 990 988 12876 988 986 12877 986 984 12878 986 984 12879 984 982 12880 982 980 12881 982 980 12882 980 978 12883 978 976 12884 978 976 12885 976 974 12886 974 972 12887 974 972 12888 972 970 12889 970 968 12890 970 968 12891 968 966 12892 966 964 12893 966 964 12894 964 962 12895 970 968 12896 964 962 12897 962 959 12898 970 968 12899 1082 1080 12900 1078 1076 12901 962 959 12902 1078 1076 12903 1074 1072 12904 962 959 12905 1074 1072 12906 1070 1068 12907 1058 1056 12908 1070 1068 12909 1066 1064 12910 1058 1056 12911 1066 1064 12912 1062 1060 12913 1058 1056 12914 1058 1056 12915 1054 1054 12916 1042 1042 12917 1054 1054 12918 1050 1050 12919 1042 1042 12920 1050 1050 12921 1046 1046 12922 1042 1042 12923 1034 1034 12924 1030 1030 12925 1042 1042 12926 1030 1030 12927 1026 1026 12928 1042 1042 12929 1010 1010 12930 1006 1006 12931 994 994 12932 1006 1006 12933 1002 1002 12934 994 994 12935 1002 1002 12936 998 998 12937 994 994 12938 994 994 12939 990 988 12940 978 976 12941 990 988 12942 986 984 12943 978 976 12944 986 984 12945 982 980 12946 978 976 12947 978 976 12948 974 972 12949 970 968 12950 1026 1026 12951 1018 1018 12952 1010 1010 12953 978 976 12954 970 968 12955 994 994 12956 970 968 12957 962 959 12958 994 994 12959 962 959 12960 1074 1072 12961 1058 1056 12962 1058 1056 12963 1042 1042 12964 1026 1026 12965 1026 1026 12966 1010 1010 12967 994 994 12968 962 959 12969 1058 1056 12970 994 994 12971 1089 1090 12972 1088 1113 12973 1092 1134 12974 1088 1113 12975 1090 1121 12976 1092 1134 12977 1090 1121 12978 1091 1128 12979 1092 1134 12980 1092 1134 12981 1093 1140 12982 1094 5848 12983 1094 5848 12984 1095 1146 12985 1096 1093 12986 1096 1093 12987 1097 1100 12988 1100 1123 12989 1097 1100 12990 1098 1107 12991 1100 1123 12992 1098 1107 12993 1099 1115 12994 1100 1123 12995 1100 1123 12996 1101 1129 12997 1102 1136 12998 1102 1136 12999 1103 1141 13000 1100 1123 13001 1103 1141 13002 1104 1148 13003 1100 1123 13004 1104 1148 13005 1105 1095 13006 1108 1117 13007 1105 1095 13008 1106 1102 13009 1108 1117 13010 1106 1102 13011 1107 1109 13012 1108 1117 13013 1108 1117 13014 1109 1125 13015 1112 1143 13016 1109 1125 13017 1110 1131 13018 1112 1143 13019 1110 1131 13020 1111 1137 13021 1112 1143 13022 1112 1143 13023 1113 1084 13024 1116 1111 13025 1113 1084 13026 1114 1097 13027 1116 1111 13028 1114 1097 13029 1115 1104 13030 1116 1111 13031 1116 1111 13032 1117 1119 13033 1118 1127 13034 1118 1127 13035 1119 1133 13036 1116 1111 13037 1119 1133 13038 1120 1139 13039 1116 1111 13040 1120 1139 13041 1121 1145 13042 1124 1106 13043 1121 1145 13044 1122 1092 13045 1124 1106 13046 1122 1092 13047 1123 1099 13048 1124 1106 13049 1124 1106 13050 1125 1114 13051 1126 1122 13052 1126 1122 13053 1127 1135 13054 1128 1088 13055 1128 1088 13056 1129 1147 13057 1130 1094 13058 1130 1094 13059 1131 1101 13060 1128 1088 13061 1131 1101 13062 1132 1108 13063 1128 1088 13064 1132 1108 13065 1133 1116 13066 1134 1124 13067 1134 1124 13068 1135 1130 13069 1136 1089 13070 1136 1089 13071 1137 1142 13072 1138 1149 13073 1138 1149 13074 1139 1096 13075 1140 1103 13076 1140 1103 13077 1141 1110 13078 1142 1118 13079 1142 1118 13080 1143 1126 13081 1140 1103 13082 1143 1126 13083 1144 1132 13084 1140 1103 13085 1144 1132 13086 1145 1138 13087 1146 1144 13088 1146 1144 13089 1147 1091 13090 1148 1098 13091 1148 1098 13092 1149 1105 13093 1150 1112 13094 1150 1112 13095 1151 1120 13096 1148 1098 13097 1151 1120 13098 1089 1090 13099 1148 1098 13100 1092 1134 13101 1094 5848 13102 1089 1090 13103 1094 5848 13104 1096 1093 13105 1089 1090 13106 1124 1106 13107 1126 1122 13108 1128 1088 13109 1132 1108 13110 1134 1124 13111 1128 1088 13112 1134 1124 13113 1136 1089 13114 1128 1088 13115 1136 1089 13116 1138 1149 13117 1140 1103 13118 1144 1132 13119 1146 1144 13120 1089 1090 13121 1146 1144 13122 1148 1098 13123 1089 1090 13124 1096 1093 13125 1100 1123 13126 1089 1090 13127 1100 1123 13128 1104 1148 13129 1089 1090 13130 1104 1148 13131 1108 1117 13132 1112 1143 13133 1112 1143 13134 1116 1111 13135 1120 1139 13136 1120 1139 13137 1124 1106 13138 1128 1088 13139 1136 1089 13140 1140 1103 13141 1089 1090 13142 1140 1103 13143 1144 1132 13144 1089 1090 13145 1104 1148 13146 1112 1143 13147 1089 1090 13148 1112 1143 13149 1120 1139 13150 1089 1090 13151 1120 1139 13152 1128 1088 13153 1089 1090 13154 1081 1081 13155 1148 1098 13156 1147 1091 13157 1122 1092 13158 1121 1145 13159 1027 1025 13160 1096 1093 13161 1095 1146 13162 975 975 13163 1047 1045 13164 1131 1101 13165 1130 1094 13166 1105 1095 13167 1104 1148 13168 993 993 13169 1065 1065 13170 1140 1103 13171 1139 1096 13172 1114 1097 13173 1113 1084 13174 1011 1009 13175 1083 1083 13176 1149 1105 13177 1148 1098 13178 1123 1099 13179 1122 1092 13180 1029 1027 13181 1097 1100 13182 1096 1093 13183 977 977 13184 1049 1047 13185 1132 1108 13186 1131 1101 13187 1106 1102 13188 1105 1095 13189 995 992 13190 1067 1067 13191 1141 1110 13192 1140 1103 13193 963 963 13194 1088 1113 13195 1089 1090 13196 1115 1104 13197 1114 1097 13198 1013 1011 13199 1085 1086 13200 1150 1112 13201 1149 1105 13202 1124 1106 13203 1123 1099 13204 1031 1029 13205 1098 1107 13206 1097 1100 13207 979 979 13208 1051 1049 13209 1133 1116 13210 1132 1108 13211 1107 1109 13212 1106 1102 13213 997 995 13214 1069 1069 13215 1142 1118 13216 1141 1110 13217 1116 1111 13218 1115 1104 13219 1015 1013 13220 1087 1087 13221 1151 1120 13222 1150 1112 13223 965 965 13224 1090 1121 13225 1088 1113 13226 1125 1114 13227 1124 1106 13228 1033 1031 13229 1099 1115 13230 1098 1107 13231 981 981 13232 1053 1051 13233 1134 1124 13234 1133 1116 13235 1108 1117 13236 1107 1109 13237 999 997 13238 1071 1071 13239 1143 1126 13240 1142 1118 13241 1117 1119 13242 1116 1111 13243 1017 1015 13244 961 960 13245 1089 1090 13246 1151 1120 13247 967 967 13248 1091 1128 13249 1090 1121 13250 1126 1122 13251 1125 1114 13252 1035 1033 13253 1100 1123 13254 1099 1115 13255 983 983 13256 1055 1053 13257 1135 1130 13258 1134 1124 13259 1109 1125 13260 1108 1117 13261 1001 999 13262 1073 1073 13263 1144 1132 13264 1143 1126 13265 1118 1127 13266 1117 1119 13267 1019 1017 13268 969 969 13269 1092 1134 13270 1091 1128 13271 1039 1037 13272 1127 1135 13273 1126 1122 13274 1101 1129 13275 1100 1123 13276 985 985 13277 1057 1055 13278 1136 1089 13279 1135 1130 13280 1110 1131 13281 1109 1125 13282 1003 1001 13283 1075 1075 13284 1145 1138 13285 1144 1132 13286 1119 1133 13287 1118 1127 13288 1021 1019 13289 971 971 13290 1093 1140 13291 1092 1134 13292 1041 1039 13293 1128 1088 13294 1127 1135 13295 1102 1136 13296 1101 1129 13297 987 987 13298 1059 1059 13299 1137 1142 13300 1136 1089 13301 1111 1137 13302 1110 1131 13303 1005 1003 13304 1077 1077 13305 1146 1144 13306 1145 1138 13307 1120 1139 13308 1119 1133 13309 1023 1021 13310 973 973 13311 1094 5848 13312 1093 1140 13313 1043 1041 13314 1129 1147 13315 1128 1088 13316 1103 1141 13317 1102 1136 13318 989 989 13319 1061 1061 13320 1138 1149 13321 1137 1142 13322 1112 1143 13323 1111 1137 13324 1007 1005 13325 1079 1079 13326 1147 1091 13327 1146 1144 13328 1121 1145 13329 1120 1139 13330 1025 1023 13331 1095 1146 13332 1094 5848 13333 973 973 13334 1045 1043 13335 1130 1094 13336 1129 1147 13337 1104 1148 13338 1103 1141 13339 991 991 13340 1063 1063 13341 1139 1096 13342 1138 1149 13343 1208 1211 13419 1232 5857 13420 1215 1212 13421 1199 1214 13422 1223 5858 13423 1222 1215 13424 1200 1217 13425 1224 5859 13426 1223 1218 13427 1200 1223 13431 1201 5860 13432 1225 1224 13433 1192 1226 13434 1216 5861 13435 1231 1227 13436 1191 1229 13437 1215 5862 13438 1214 1229 13439 1253 1231 13440 1256 5863 13441 1252 1232 13442 1225 1273 13515 1222 5867 13516 1223 1274 13517 1227 1276 13518 1220 5868 13519 1221 1277 13520 1229 1279 13521 1218 5869 13522 1219 1280 13523 1231 1282 13524 1216 5870 13525 1217 1283 13526 1233 1285 13527 1214 5871 13528 1215 1286 13529 1235 1288 13530 1212 5872 13531 1213 1289 13532 1201 1291 13533 1198 5873 13534 1222 1292 13535 1207 1294 13536 1231 5874 13537 1230 1295 13538 1192 1297 13539 1193 5875 13540 1217 1298 13541 1209 1300 13542 1190 5876 13543 1214 1301 13544 1202 1303 13545 1226 5877 13546 1221 1304 13547 1210 1306 13548 1234 5878 13549 1213 1307 13550 1196 1309 13551 1220 5879 13552 1227 1310 13553 1204 1312 13554 1205 5880 13555 1229 1313 13556 1195 1315 13557 1219 5881 13558 1218 1316 13559 1211 1318 13560 1188 5882 13561 1212 1319 13562 1204 1321 13563 1228 5883 13564 1219 1322 13565 1211 1324 13566 1235 5884 13567 1234 1325 13568 1188 1327 13569 1189 5885 13570 1213 1328 13571 1205 1330 13572 1194 5886 13573 1218 1331 13574 1203 1333 13575 1227 5887 13576 1226 1334 13577 1196 1336 13578 1197 5888 13579 1221 1337 13580 1206 1339 13581 1230 5889 13582 1217 1340 13583 1208 1342 13584 1209 5890 13585 1233 1343 13586 1257 1357 13608 1255 5892 13609 1252 1358 13610 1253 1360 13611 1254 5893 13612 1257 1361 13613 1181 1363 13614 1255 5894 13615 1257 1364 13616 1180 1366 13617 1252 5895 13618 1255 1367 13619 1297 1434 13695 1321 5905 13696 1338 1435 13697 1328 1437 13698 1329 5906 13699 1305 1438 13700 1305 1440 13701 1329 5907 13702 1330 1441 13703 1306 1444 13707 1330 5908 13708 1331 1445 13709 1313 1447 13710 1337 5909 13711 1322 1448 13712 1320 1450 13713 1321 5910 13714 1297 1451 13715 1358 1453 13716 1362 5911 13717 1359 1454 13718 1329 1495 13791 1328 5916 13792 1331 1496 13793 1327 1498 13794 1326 5917 13795 1333 1499 13796 1325 1501 13797 1324 5918 13798 1335 1502 13799 1323 1504 13800 1322 5919 13801 1337 1505 13802 1321 1507 13803 1320 5920 13804 1339 1508 13805 1319 1510 13806 1318 5921 13807 1341 1511 13808 1331 1513 13809 1328 5922 13810 1304 1514 13811 1336 1516 13812 1337 5923 13813 1313 1517 13814 1298 1519 13815 1322 5924 13816 1323 1520 13817 1315 1522 13818 1339 5925 13819 1320 1523 13820 1303 1525 13821 1327 5926 13822 1332 1526 13823 1295 1528 13824 1319 5927 13825 1340 1529 13826 1309 1531 13827 1333 5928 13828 1326 1532 13829 1310 1534 13830 1334 5929 13831 1335 1535 13832 1324 1537 13833 1325 5930 13834 1301 1538 13835 1341 1540 13836 1318 5931 13837 1294 1541 13838 1325 1543 13839 1334 5932 13840 1310 1544 13841 1340 1546 13842 1341 5933 13843 1317 1547 13844 1294 1549 13845 1318 1550 13846 1319 1550 13847 1335 1552 13848 1324 5934 13849 1300 1553 13850 1332 1555 13851 1333 5935 13852 1309 1556 13853 1302 1558 13854 1326 5936 13855 1327 1559 13856 1299 1561 13857 1323 5937 13858 1336 1562 13859 1314 1564 13860 1338 5938 13861 1339 1565 13862 1362 1578 13884 1358 5940 13885 1361 1579 13886 1359 1581 13887 1362 5941 13888 1363 1582 13889 1363 1584 13890 1361 5942 13891 1287 1585 13892 1361 1587 13893 1358 5943 13894 1286 1588 13895 1469 1590 13896 1473 5944 13897 1475 1591 13898 1384 1593 13899 1389 1599 13900 1390 1594 13901 1411 1596 13902 1399 1621 13903 1405 1597 13904 1381 1598 13905 1388 1598 13906 1389 1599 13907 1475 1600 13908 1476 5945 13909 1364 1601 13910 1366 1603 13911 1390 5946 13912 1391 1604 13913 1395 1606 13914 1412 5947 13915 1413 1607 13916 1409 1609 13917 1394 5948 13918 1401 1610 13919 1445 1612 13920 1393 5949 13921 1403 1613 13922 1459 1615 13923 1456 1618 13924 1398 1616 13925 1456 1618 13926 1457 5950 13927 1396 1619 13928 1417 1620 13929 1418 1636 13930 1399 1621 13931 1457 1622 13932 1458 1781 13933 1403 1623 13934 1410 1159 13935 1401 1159 13936 1392 1159 13937 1460 1626 13938 1459 1615 13939 1404 1617 13940 1460 1626 13941 1406 1627 13942 1420 1628 13943 1411 1596 13944 1407 1159 13945 1421 1159 13946 1423 1630 13947 1417 1620 13948 1411 1596 13949 1417 5951 13950 1469 5952 13951 1471 5953 13952 1472 1631 13953 1468 5954 13954 1431 5955 13955 1418 1633 13956 1417 5951 13957 1471 5953 13958 1472 1631 13959 1431 5955 13960 1434 1632 13961 1418 1633 13962 1471 5953 13963 1472 1631 13964 1415 1634 13965 1410 1159 13966 1400 1625 13967 1418 1636 13968 1419 1635 13969 1400 1625 13970 1414 1637 13971 1409 5956 13972 1410 1638 13973 1453 1640 13974 1413 1777 13975 1412 1641 13976 1444 1643 13977 1452 1775 13978 1412 1644 13979 1392 1646 13980 1365 1693 13981 1447 1647 13982 1431 1649 13983 1468 5957 13984 1470 1650 13985 1427 1652 13986 1428 1691 13987 1398 1653 13988 1415 1655 13989 1429 5958 13990 1424 1656 13991 1424 1658 13992 1425 5959 13993 1393 1659 13994 1419 1661 13995 1435 5960 13996 1429 1662 13997 1426 1664 13998 1427 5961 13999 1396 1665 14000 1408 1667 14001 1441 5962 14002 1442 1668 14003 1408 1670 14004 1422 5963 14005 1421 1671 14006 1443 1673 14007 1440 5964 14008 1420 1674 14009 1425 1676 14010 1424 5965 14011 1429 1677 14012 1430 1679 14013 1428 1682 14014 1434 1680 14015 1428 1682 14016 1427 1159 14017 1435 1683 14018 1426 1684 14019 1429 5966 14020 1435 1685 14021 1432 1687 14022 1430 1679 14023 1431 1681 14024 1437 1689 14025 1432 1687 14026 1433 1688 14027 1428 1691 14028 1430 1695 14029 1404 1692 14030 1365 1693 14031 1416 1731 14032 1371 1694 14033 1430 1695 14034 1432 1712 14035 1406 1696 14036 1423 1697 14037 1473 5967 14038 1469 1698 14039 1433 1700 14040 1470 5968 14041 1474 1701 14042 1436 5969 14043 1474 5970 14044 1476 1703 14045 1475 1704 14046 1473 5971 14047 1423 5972 14048 1437 5973 14049 1436 5969 14050 1476 1703 14051 1475 1704 14052 1423 5972 14053 1420 1705 14054 1437 5973 14055 1476 1703 14056 1420 1705 14057 1393 1706 14058 1425 5974 14059 1426 1707 14060 1418 1709 14061 1434 5975 14062 1435 1710 14063 1432 1712 14064 1437 5976 14065 1420 1713 14066 1444 1643 14067 1454 1726 14068 1387 1714 14069 1368 1716 14070 1385 5977 14071 1462 1717 14072 1453 1719 14073 1383 5978 14074 1381 1720 14075 1462 1722 14076 1385 5979 14077 1380 1723 14078 1450 1725 14079 1378 5980 14080 1387 1714 14081 1450 1727 14082 1449 1736 14083 1377 1728 14084 1448 1730 14085 1374 5981 14086 1416 1731 14087 1447 1732 14088 1371 5982 14089 1370 1733 14090 1446 1735 14091 1370 5983 14092 1377 1728 14093 1448 1737 14094 1455 5984 14095 1369 1738 14096 1461 1724 14097 1380 1723 14098 1369 1740 14099 1465 1742 14100 1438 5985 14101 1441 1743 14102 1439 1745 14103 1438 5985 14104 1465 1742 14105 1440 1747 14106 1443 5986 14107 1438 1748 14108 1438 1750 14109 1443 5987 14110 1442 1751 14111 1467 1753 14112 1440 5988 14113 1439 1754 14114 1442 1756 14115 1443 1673 14116 1423 1675 14117 1409 1758 14118 1461 1724 14119 1455 1741 14120 1401 1760 14121 1394 5989 14122 1455 1761 14123 1405 1763 14124 1399 5990 14125 1446 1735 14126 1400 1764 14127 1447 1732 14128 1446 1734 14129 1401 1766 14130 1448 1730 14131 1365 1693 14132 1405 1763 14133 1449 1736 14134 1450 1727 14135 1407 1768 14136 1450 1725 14137 1454 1726 14138 1462 1722 14139 1461 1724 14140 1409 1758 14141 1413 1771 14142 1453 1719 14143 1451 1721 14144 1445 1718 14145 1462 1717 14146 1414 1773 14147 1395 1645 14148 1421 1769 14149 1454 1726 14150 1367 1715 14151 1382 1605 14152 1452 1775 14153 1383 1776 14154 1453 1640 14155 1452 1642 14156 1379 1778 14157 1460 1626 14158 1463 1629 14159 1376 1779 14160 1459 1615 14161 1460 1626 14162 1373 1780 14163 1375 1982 14164 1458 1781 14165 1373 1782 14166 1457 5950 14167 1456 1618 14168 1376 1779 14169 1372 1783 14170 1456 1618 14171 1368 1784 14172 1445 1612 14173 1458 1614 14174 1468 1787 14175 1472 5991 14176 1397 5992 14177 1397 5992 14178 1364 1368 14179 1468 1787 14180 1397 1788 14181 1472 5993 14182 1471 1789 14183 1477 1592 14184 1402 1159 14185 1471 1790 14186 1477 1602 14187 1364 1601 14188 1397 1791 14189 1470 1786 14190 1364 1368 14191 1476 1793 14192 1589 1795 14193 1587 1368 14194 1583 1796 14195 1480 1798 14196 1504 5994 14197 1503 1799 14198 1525 1801 14199 1521 1368 14200 1519 1802 14201 1498 1800 14202 1503 1799 14203 1502 1804 14204 1589 1806 14205 1591 1993 14206 1478 1807 14207 1505 1809 14208 1504 5995 14209 1480 1810 14210 1509 1812 14211 1522 5996 14212 1527 1813 14213 1515 1815 14214 1508 5997 14215 1523 1816 14216 1517 1818 14217 1507 5998 14218 1559 1819 14219 1518 1821 14220 1512 5999 14221 1570 1822 14222 1570 1822 14223 1512 5999 14224 1510 1824 14225 1531 1826 14226 1525 1801 14227 1513 1803 14228 1510 1828 14229 1517 6000 14230 1572 1829 14231 1506 1368 14232 1515 1368 14233 1524 1368 14234 1520 1832 14235 1518 1821 14236 1573 1823 14237 1534 1834 14238 1520 1832 14239 1574 1833 14240 1535 1368 14241 1521 1368 14242 1525 1801 14243 1537 1836 14244 1536 1368 14245 1525 1801 14246 1585 1838 14247 1583 6001 14248 1531 6002 14249 1548 6003 14250 1545 6004 14251 1586 1837 14252 1545 6004 14253 1582 6005 14254 1586 1837 14255 1585 1838 14256 1531 6002 14257 1532 1839 14258 1548 6003 14259 1586 1837 14260 1532 1839 14261 1514 1831 14262 1524 1368 14263 1529 1368 14264 1532 1827 14265 1513 1803 14266 1514 1831 14267 1524 1841 14268 1523 6006 14269 1528 1842 14270 1566 1844 14271 1526 6007 14272 1527 1845 14273 1558 1847 14274 1509 1973 14275 1526 1848 14276 1514 1850 14277 1561 1893 14278 1479 1851 14279 1545 1853 14280 1547 6008 14281 1584 1854 14282 1512 1856 14283 1542 1892 14284 1541 1857 14285 1529 1859 14286 1528 6009 14287 1538 1860 14288 1507 1862 14289 1539 6010 14290 1538 1863 14291 1533 1865 14292 1529 6011 14293 1543 1866 14294 1510 1868 14295 1541 6012 14296 1540 1869 14297 1522 1871 14298 1536 1755 14299 1556 1872 14300 1509 1874 14301 1535 6013 14302 1536 1875 14303 1534 1877 14304 1554 6014 14305 1557 1878 14306 1543 1880 14307 1538 6015 14308 1539 1881 14309 1544 1883 14310 1545 1368 14311 1548 1884 14312 1542 1885 14313 1548 1884 14314 1549 1886 14315 1549 1888 14316 1543 6016 14317 1540 1889 14318 1546 1368 14319 1547 1368 14320 1545 1368 14321 1551 1368 14322 1550 1368 14323 1547 1368 14324 1518 1891 14325 1544 1896 14326 1542 1892 14327 1561 1893 14328 1485 6017 14329 1530 1894 14330 1520 1895 14331 1546 1912 14332 1544 1896 14333 1537 1897 14334 1531 6018 14335 1583 1898 14336 1547 1900 14337 1550 6019 14338 1588 1901 14339 1590 1904 14340 1588 6020 14341 1550 6021 14342 1534 1877 14343 1537 1879 14344 1589 6022 14345 1537 1879 14346 1587 6023 14347 1589 6022 14348 1590 1904 14349 1550 6021 14350 1551 1903 14351 1534 1877 14352 1589 6022 14353 1590 1904 14354 1507 1905 14355 1517 6024 14356 1540 1906 14357 1532 1908 14358 1533 6025 14359 1549 1909 14360 1534 1911 14361 1551 6026 14362 1546 1912 14363 1558 1847 14364 1481 1974 14365 1501 1913 14366 1559 1915 14367 1576 1972 14368 1499 1916 14369 1495 1918 14370 1497 6027 14371 1567 1919 14372 1576 1921 14373 1575 1938 14374 1494 1922 14375 1501 1913 14376 1492 6028 14377 1564 1924 14378 1492 1925 14379 1491 6029 14380 1563 1926 14381 1479 1851 14382 1530 1894 14383 1488 1928 14384 1484 1930 14385 1485 6030 14386 1561 1931 14387 1563 1926 14388 1491 6029 14389 1484 1933 14390 1562 1935 14391 1488 6031 14392 1483 1936 14393 1575 1938 14394 1569 1956 14395 1483 1939 14396 1578 1940 14397 1555 1235 14398 1552 1941 14399 1579 1942 14400 1552 1941 14401 1553 1943 14402 1552 1945 14403 1557 6032 14404 1554 1946 14405 1552 1948 14406 1555 6033 14407 1556 1949 14408 1553 1951 14409 1554 6034 14410 1581 1952 14411 1537 1879 14412 1557 1878 14413 1556 1954 14414 1523 1955 14415 1508 6035 14416 1569 1956 14417 1515 1957 14418 1562 6036 14419 1569 1958 14420 1519 1960 14421 1563 1926 14422 1560 1934 14423 1560 1932 14424 1561 1931 14425 1514 1962 14426 1506 1852 14427 1479 1851 14428 1562 1929 14429 1521 1965 14430 1564 1927 14431 1563 1926 14432 1535 1966 14433 1568 1914 14434 1564 1924 14435 1528 1968 14436 1523 1955 14437 1575 1938 14438 1565 1920 14439 1567 1919 14440 1527 1969 14441 1507 1971 14442 1528 6037 14443 1576 1972 14444 1509 1973 14445 1558 1847 14446 1568 1914 14447 1481 1974 14448 1558 1847 14449 1566 1849 14450 1496 1976 14451 1566 1844 14452 1567 1846 14453 1577 1835 14454 1574 1833 14455 1493 1978 14456 1493 1978 14457 1574 1833 14458 1573 1823 14459 1487 1981 14460 1571 1830 14461 1572 1829 14462 1486 1983 14463 1570 1822 14464 1571 1825 14465 1573 1823 14466 1570 1822 14467 1486 1983 14468 1572 1820 14469 1559 1819 14470 1482 1985 14471 1511 1159 14472 1586 1159 14473 1582 1987 14474 1582 1987 14475 1584 1995 14476 1478 1988 14477 1511 1989 14478 1516 6038 14479 1585 1990 14480 1585 1992 14481 1516 1368 14482 1591 1797 14483 1591 1993 14484 1516 6039 14485 1511 1994 14486 1584 1995 14487 1588 6040 14488 1590 1996 14489 1671 1997 14490 1845 2636 14491 1844 1998 14492 1671 2419 15048 1670 6120 15049 1767 2420 15050 1766 2424 15051 1767 6121 15052 1670 6122 15053 1670 6122 15054 1844 2422 15055 1766 2424 15056 1765 2464 15132 1867 6129 15133 1845 2465 15134 1845 2465 15135 1671 6130 15136 1768 2466 15137 1999 2635 15396 1998 6171 15397 1844 1998 15398 2095 3008 15954 1998 6250 15955 1999 3009 15956 2094 3013 15957 1866 6251 15958 1844 6252 15959 1844 6252 15960 1998 3011 15961 2094 3013 15962 2093 3052 16038 2096 6259 16039 1845 3050 16040 2096 6259 16041 1999 6260 16042 1845 3050 16043 2471 3248 16410 2470 6299 16411 2407 3249 16412 2470 3251 16413 2472 6300 16414 2408 3252 16415 2472 3254 16416 2473 6301 16417 2409 3255 16418 2473 3257 16419 2474 6302 16420 2410 3258 16421 2474 3260 16422 2475 6303 16423 2411 3261 16424 2475 3263 16425 2476 6304 16426 2412 3264 16427 2476 3266 16428 2477 6305 16429 2413 3267 16430 2477 3269 16431 2478 6306 16432 2414 3270 16433 2478 3272 16434 2479 6307 16435 2415 3273 16436 2479 3275 16437 2480 6308 16438 2416 3276 16439 2480 3278 16440 2481 6309 16441 2417 3279 16442 2481 3281 16443 2482 6310 16444 2418 3282 16445 2482 3284 16446 2483 6311 16447 2419 3285 16448 2483 3287 16449 2484 6312 16450 2420 3288 16451 2420 3290 16452 2484 6313 16453 2485 3291 16454 2421 3293 16455 2485 6314 16456 2486 3294 16457 2422 3296 16458 2486 6315 16459 2487 3297 16460 2423 3299 16461 2487 6316 16462 2488 3300 16463 2424 3302 16464 2488 6317 16465 2489 3303 16466 2425 3305 16467 2489 6318 16468 2490 3306 16469 2426 3308 16470 2490 6319 16471 2491 3309 16472 2427 3311 16473 2491 6320 16474 2492 3312 16475 2428 3314 16476 2492 6321 16477 2493 3315 16478 2429 3316 16479 2493 6322 16480 2494 3317 16481 2430 3319 16482 2494 6323 16483 2495 3320 16484 2431 3322 16485 2495 3323 16486 2496 3323 16487 2432 3325 16488 2496 3326 16489 2497 3325 16490 2433 3327 16491 2497 6324 16492 2498 3328 16493 2434 3330 16494 2498 6325 16495 2499 3331 16496 2435 3333 16497 2499 6326 16498 2500 3334 16499 2436 3336 16500 2500 6327 16501 2501 3337 16502 2437 3339 16503 2501 6328 16504 2502 3340 16505 2502 3342 16506 2503 6329 16507 2439 3343 16508 2503 3345 16509 2504 6330 16510 2440 3346 16511 2504 3348 16512 2505 6331 16513 2441 3349 16514 2505 3351 16515 2506 6332 16516 2442 3352 16517 2506 3354 16518 2507 6333 16519 2443 3355 16520 2507 3357 16521 2508 6334 16522 2444 3358 16523 2508 3360 16524 2509 6335 16525 2445 3361 16526 2509 3362 16527 2510 6336 16528 2446 3363 16529 2510 3364 16530 2511 6337 16531 2447 3365 16532 2511 3367 16533 2512 6338 16534 2448 3368 16535 2512 3370 16536 2513 6339 16537 2449 3371 16538 2513 3373 16539 2514 6340 16540 2450 3374 16541 2514 3376 16542 2515 6341 16543 2451 3377 16544 2515 3379 16545 2516 6342 16546 2452 3380 16547 2516 3382 16548 2517 6343 16549 2453 3383 16550 2517 3385 16551 2518 6344 16552 2454 3386 16553 2518 3388 16554 2519 6345 16555 2455 3389 16556 2519 3391 16557 2520 6346 16558 2456 3392 16559 2456 3394 16560 2520 6347 16561 2521 3395 16562 2457 3397 16563 2521 6348 16564 2522 3398 16565 2458 3400 16566 2522 6349 16567 2523 3401 16568 2459 3403 16569 2523 6350 16570 2524 3404 16571 2460 3406 16572 2524 6351 16573 2525 3407 16574 2461 3409 16575 2525 6352 16576 2526 3410 16577 2462 3412 16578 2526 6353 16579 2527 3413 16580 2463 3415 16581 2527 6354 16582 2528 3416 16583 2464 3418 16584 2528 6355 16585 2529 3419 16586 2465 3421 16587 2529 6356 16588 2530 3422 16589 2466 3424 16590 2530 6357 16591 2531 3425 16592 2467 3427 16593 2531 6358 16594 2532 3428 16595 2339 3430 16596 2596 6359 16597 2597 3431 16598 2468 3433 16599 2532 6360 16600 2533 3434 16601 2469 3436 16602 2533 6361 16603 2471 3437 16604 2340 6362 16605 2214 6363 16606 2326 6364 16607 2214 6363 16608 2216 6365 16609 2230 6366 16610 2216 6365 16611 2218 6367 16612 2230 6366 16613 2218 6367 16614 2220 6368 16615 2228 6369 16616 2220 6368 16617 2222 6370 16618 2226 6371 16619 2222 6370 16620 2224 6372 16621 2226 6371 16622 2226 6371 16623 2228 6369 16624 2220 6368 16625 2228 6369 16626 2230 6366 16627 2218 6367 16628 2230 6366 16629 2232 6373 16630 2324 6374 16631 2232 6373 16632 2234 6375 16633 2322 6376 16634 2234 6375 16635 2236 6377 16636 2320 6378 16637 2232 6373 16638 2322 6376 16639 2324 6374 16640 2236 6377 16641 2238 6379 16642 2318 6380 16643 2238 6379 16644 2240 6381 16645 2316 6382 16646 2240 6381 16647 2242 6383 16648 2314 6384 16649 2242 6383 16650 2244 6385 16651 2312 6386 16652 2240 6381 16653 2314 6384 16654 2316 6382 16655 2244 6385 16656 2246 6387 16657 2310 6388 16658 2246 6387 16659 2248 3441 16660 2308 3440 16661 2248 3441 16662 2250 6389 16663 2252 6390 16664 2252 6390 16665 2254 6391 16666 2248 3441 16667 2254 6391 16668 2256 6392 16669 2248 3441 16670 2256 6392 16671 2258 6393 16672 2248 3441 16673 2258 6393 16674 2260 6394 16675 2248 3441 16676 2260 6394 16677 2262 6395 16678 2248 3441 16679 2262 6395 16680 2264 6396 16681 2248 3441 16682 2264 6396 16683 2266 6397 16684 2248 3441 16685 2266 6397 16686 2268 6398 16687 2248 3441 16688 2268 6398 16689 2270 1235 16690 2272 6399 16691 2272 6399 16692 2274 1235 16693 2276 6400 16694 2276 6400 16695 2278 1235 16696 2280 3439 16697 2280 3439 16698 2282 1235 16699 2284 6401 16700 2284 6401 16701 2286 1235 16702 2288 6402 16703 2288 6402 16704 2290 1235 16705 2292 6403 16706 2292 6403 16707 2294 6404 16708 2308 3440 16709 2294 6404 16710 2296 6405 16711 2308 3440 16712 2296 6405 16713 2298 6406 16714 2308 3440 16715 2298 6406 16716 2300 6407 16717 2308 3440 16718 2300 6407 16719 2302 6408 16720 2308 3440 16721 2302 6408 16722 2304 6409 16723 2308 3440 16724 2304 6409 16725 2306 6410 16726 2308 3440 16727 2308 3440 16728 2310 6388 16729 2246 6387 16730 2310 6388 16731 2312 6386 16732 2244 6385 16733 2312 6386 16734 2314 6384 16735 2242 6383 16736 2316 6382 16737 2318 6380 16738 2238 6379 16739 2318 6380 16740 2320 6378 16741 2236 6377 16742 2320 6378 16743 2322 6376 16744 2234 6375 16745 2324 6374 16746 2326 6364 16747 2230 6366 16748 2326 6364 16749 2328 6411 16750 2338 6412 16751 2340 6362 16752 2326 6364 16753 2338 6412 16754 2328 6411 16755 2330 6413 16756 2336 6414 16757 2330 6413 16758 2332 6415 16759 2334 6416 16760 2336 6414 16761 2330 6413 16762 2334 6416 16763 2336 6414 16764 2338 6412 16765 2328 6411 16766 2214 6363 16767 2230 6366 16768 2326 6364 16769 2268 6398 16770 2272 6399 16771 2248 3441 16772 2272 6399 16773 2276 6400 16774 2248 3441 16775 2276 6400 16776 2280 3439 16777 2248 3441 16778 2280 3439 16779 2284 6401 16780 2308 3440 16781 2284 6401 16782 2288 6402 16783 2308 3440 16784 2288 6402 16785 2292 6403 16786 2308 3440 16787 2405 3442 16788 2342 6417 16789 2214 3443 16790 2404 3445 16791 2405 6418 16792 2340 3446 16793 2403 3448 16794 2404 6419 16795 2338 3449 16796 2402 3451 16797 2403 6420 16798 2336 3452 16799 2332 3454 16800 2401 6421 16801 2402 3455 16802 2330 3457 16803 2400 6422 16804 2401 3458 16805 2328 3460 16806 2399 6423 16807 2400 3461 16808 2326 3463 16809 2398 6424 16810 2399 3464 16811 2324 3466 16812 2397 6425 16813 2398 3467 16814 2322 3468 16815 2396 6426 16816 2397 3469 16817 2320 3471 16818 2395 6427 16819 2396 3472 16820 2318 3474 16821 2394 6428 16822 2395 3475 16823 2316 3476 16824 2393 6429 16825 2394 3477 16826 2314 3479 16827 2392 6430 16828 2393 3480 16829 2312 3482 16830 2391 6431 16831 2392 3483 16832 2310 3485 16833 2390 3673 16834 2391 3486 16835 2308 3488 16836 2389 3675 16837 2390 3489 16838 2306 3491 16839 2388 6432 16840 2389 3492 16841 2304 3494 16842 2387 6433 16843 2388 3495 16844 2386 3497 16845 2387 6434 16846 2304 3498 16847 2385 3500 16848 2386 6435 16849 2302 3501 16850 2384 3503 16851 2385 6436 16852 2300 3504 16853 2383 3506 16854 2384 6437 16855 2298 3507 16856 2382 3509 16857 2383 6438 16858 2296 3510 16859 2381 3512 16860 2382 6439 16861 2294 3513 16862 2380 3515 16863 2381 6440 16864 2292 3516 16865 2379 3518 16866 2380 6441 16867 2290 3519 16868 2378 3521 16869 2379 6442 16870 2288 3522 16871 2377 3524 16872 2378 6443 16873 2286 3525 16874 2376 3527 16875 2377 6444 16876 2284 3528 16877 2375 3530 16878 2376 6445 16879 2282 3531 16880 2374 3533 16881 2375 6446 16882 2280 3534 16883 2373 3536 16884 2374 6447 16885 2278 3537 16886 2372 3539 16887 2373 6448 16888 2276 3540 16889 2371 3542 16890 2372 6449 16891 2274 3543 16892 2370 3545 16893 2371 6450 16894 2272 3546 16895 2369 3548 16896 2370 6451 16897 2270 3549 16898 2368 3551 16899 2369 6452 16900 2268 3552 16901 2367 3554 16902 2368 6453 16903 2266 3555 16904 2366 3557 16905 2367 6454 16906 2264 3558 16907 2365 3560 16908 2366 6455 16909 2262 3561 16910 2364 3563 16911 2365 3563 16912 2260 3563 16913 2363 3564 16914 2364 6456 16915 2258 3565 16916 2362 3567 16917 2363 6457 16918 2256 3568 16919 2361 3570 16920 2362 6458 16921 2254 3571 16922 2360 3573 16923 2361 6459 16924 2252 3574 16925 2359 3576 16926 2360 6460 16927 2250 3577 16928 2358 3579 16929 2359 3764 16930 2248 3580 16931 2357 3582 16932 2358 3766 16933 2246 3583 16934 2356 3585 16935 2357 6461 16936 2244 3586 16937 2355 3588 16938 2356 6462 16939 2242 3589 16940 2354 3591 16941 2355 6463 16942 2240 3592 16943 2353 3594 16944 2354 6464 16945 2238 3595 16946 2352 3597 16947 2353 6465 16948 2236 3598 16949 2351 3600 16950 2352 6466 16951 2234 3601 16952 2350 3603 16953 2351 6467 16954 2232 3604 16955 2349 3605 16956 2350 6468 16957 2230 3606 16958 2348 3608 16959 2349 6469 16960 2228 3609 16961 2347 3611 16962 2348 6470 16963 2226 3612 16964 2346 3614 16965 2347 6471 16966 2224 3615 16967 2345 3617 16968 2346 6472 16969 2222 3618 16970 2344 3620 16971 2345 6473 16972 2220 3621 16973 2343 3623 16974 2344 6474 16975 2218 3624 16976 2342 3626 16977 2343 6475 16978 2216 3627 16979 2405 3628 16980 2469 6476 16981 2406 3629 16982 2404 3631 16983 2468 6477 16984 2469 3632 16985 2403 3634 16986 2467 6478 16987 2468 3635 16988 2402 3637 16989 2466 6479 16990 2467 3638 16991 2401 3640 16992 2465 6480 16993 2466 3641 16994 2400 3643 16995 2464 6481 16996 2465 3644 16997 2399 3646 16998 2463 6482 16999 2464 3647 17000 2398 3649 17001 2462 6483 17002 2463 3650 17003 2397 3652 17004 2461 6484 17005 2462 3653 17006 2396 3655 17007 2460 6485 17008 2461 3656 17009 2395 3658 17010 2459 6486 17011 2460 3659 17012 2394 3661 17013 2458 6487 17014 2459 3662 17015 2393 3664 17016 2457 6488 17017 2458 3665 17018 2392 3667 17019 2456 6489 17020 2457 3668 17021 2391 3670 17022 2455 6490 17023 2456 3671 17024 2390 3673 17025 2454 6491 17026 2455 3674 17027 2389 3675 17028 2453 6492 17029 2454 3676 17030 2388 3677 17031 2452 6493 17032 2453 3678 17033 2387 3680 17034 2451 6494 17035 2452 3681 17036 2386 3683 17037 2450 6495 17038 2451 3684 17039 2385 3686 17040 2449 6496 17041 2450 3687 17042 2384 3689 17043 2448 6497 17044 2449 3690 17045 2383 3692 17046 2447 6498 17047 2448 3693 17048 2382 3695 17049 2446 6499 17050 2447 3696 17051 2381 3698 17052 2445 6500 17053 2446 3699 17054 2380 3701 17055 2444 6501 17056 2445 3702 17057 2379 3704 17058 2443 6502 17059 2444 3705 17060 2378 3707 17061 2442 3708 17062 2443 3707 17063 2377 3709 17064 2441 6503 17065 2442 3710 17066 2376 3712 17067 2440 6504 17068 2441 3713 17069 2375 3715 17070 2439 6505 17071 2440 3716 17072 2374 3718 17073 2438 6506 17074 2439 3719 17075 2437 3721 17076 2438 6507 17077 2374 3722 17078 2436 3724 17079 2437 6508 17080 2373 3725 17081 2435 3727 17082 2436 6509 17083 2372 3728 17084 2434 3730 17085 2435 6510 17086 2371 3731 17087 2433 3733 17088 2434 3734 17089 2370 3733 17090 2432 3735 17091 2433 6511 17092 2369 3736 17093 2431 3737 17094 2432 6512 17095 2368 3738 17096 2430 3740 17097 2431 6513 17098 2367 3741 17099 2429 3743 17100 2430 6514 17101 2366 3744 17102 2428 3746 17103 2429 6515 17104 2365 3747 17105 2427 3748 17106 2428 6516 17107 2364 3749 17108 2426 3751 17109 2427 6517 17110 2363 3752 17111 2425 3754 17112 2426 6518 17113 2362 3755 17114 2424 3757 17115 2425 6519 17116 2361 3758 17117 2423 3760 17118 2424 6520 17119 2360 3761 17120 2422 3763 17121 2423 6521 17122 2359 3764 17123 2421 3765 17124 2422 6522 17125 2358 3766 17126 2420 3767 17127 2421 6523 17128 2357 3768 17129 2419 3770 17130 2420 6524 17131 2356 3771 17132 2418 3773 17133 2419 6525 17134 2355 3774 17135 2417 3776 17136 2418 6526 17137 2354 3777 17138 2416 3779 17139 2417 6527 17140 2353 3780 17141 2415 3782 17142 2416 6528 17143 2352 3783 17144 2414 3785 17145 2415 6529 17146 2351 3786 17147 2413 3788 17148 2414 6530 17149 2350 3789 17150 2412 3791 17151 2413 6531 17152 2349 3792 17153 2411 3794 17154 2412 6532 17155 2348 3795 17156 2410 3797 17157 2411 6533 17158 2347 3798 17159 2409 3800 17160 2410 6534 17161 2346 3801 17162 2408 3803 17163 2409 6535 17164 2345 3804 17165 2407 3806 17166 2408 6536 17167 2344 3807 17168 2406 3809 17169 2407 6537 17170 2343 3810 17171 2217 3812 17172 2470 3816 17173 2471 3813 17174 2219 3815 17175 2472 3818 17176 2470 3816 17177 2221 3817 17178 2473 3820 17179 2472 3818 17180 2223 3819 17181 2474 3822 17182 2473 3820 17183 2225 3821 17184 2475 3824 17185 2474 3822 17186 2225 3821 17187 2227 3826 17188 2476 3823 17189 2229 3825 17190 2477 3828 17191 2476 3823 17192 2231 3827 17193 2478 3830 17194 2477 3828 17195 2231 3827 17196 2233 1598 17197 2479 3829 17198 2235 3831 17199 2480 3833 17200 2479 3829 17201 2235 3831 17202 2237 1598 17203 2481 3832 17204 2237 1598 17205 2239 1598 17206 2482 1598 17207 2241 3834 17208 2483 3836 17209 2482 1598 17210 2241 3834 17211 2243 3837 17212 2484 3835 17213 2245 1598 17214 2485 1598 17215 2484 3835 17216 2245 1598 17217 2247 1598 17218 2486 1598 17219 2249 1598 17220 2487 1598 17221 2486 1598 17222 2249 1598 17223 2251 3840 17224 2488 3838 17225 2253 3839 17226 2489 3842 17227 2488 3838 17228 2253 3839 17229 2255 3844 17230 2490 3841 17231 2257 3843 17232 2491 3846 17233 2490 3841 17234 2259 3845 17235 2492 3848 17236 2491 3846 17237 2259 3845 17238 2261 3850 17239 2493 3847 17240 2263 3849 17241 2494 3852 17242 2493 3847 17243 2265 3851 17244 2495 3854 17245 2494 3852 17246 2265 3851 17247 2267 3856 17248 2496 3853 17249 2269 3855 17250 2497 3858 17251 2496 3853 17252 2269 3855 17253 2271 3859 17254 2498 3857 17255 2271 3859 17256 2273 1598 17257 2499 3860 17258 2273 1598 17259 2275 3862 17260 2500 3861 17261 2275 3862 17262 2277 3864 17263 2501 3863 17264 2277 3864 17265 2279 3867 17266 2502 3865 17267 2281 3866 17268 2503 3869 17269 2502 3865 17270 2283 3868 17271 2504 3871 17272 2503 3869 17273 2285 3870 17274 2505 1598 17275 2504 3871 17276 2285 3870 17277 2287 3874 17278 2506 3872 17279 2289 3873 17280 2507 3876 17281 2506 3872 17282 2289 3873 17283 2291 3878 17284 2508 3875 17285 2293 3877 17286 2509 3880 17287 2508 3875 17288 2293 3877 17289 2295 1598 17290 2510 3879 17291 2297 1598 17292 2511 1598 17293 2510 3879 17294 2297 1598 17295 2299 3882 17296 2512 3881 17297 2299 3882 17298 2301 1598 17299 2513 3883 17300 2303 3884 17301 2514 3886 17302 2513 3883 17303 2303 3884 17304 2305 3888 17305 2515 3885 17306 2307 3887 17307 2516 3889 17308 2515 3885 17309 2309 1598 17310 2517 1598 17311 2516 3889 17312 2309 1598 17313 2311 1598 17314 2518 1598 17315 2313 1598 17316 2519 1598 17317 2518 1598 17318 2313 1598 17319 2315 3891 17320 2520 3890 17321 2315 3891 17322 2317 3893 17323 2521 3892 17324 2319 1598 17325 2522 1598 17326 2521 3892 17327 2319 1598 17328 2321 1598 17329 2523 3894 17330 2323 3895 17331 2524 3897 17332 2523 3894 17333 2325 3896 17334 2525 3899 17335 2524 3897 17336 2325 3896 17337 2327 3901 17338 2526 3898 17339 2329 3900 17340 2527 3903 17341 2526 3898 17342 2329 3900 17343 2331 3905 17344 2528 3902 17345 2333 3904 17346 2529 3907 17347 2528 3902 17348 2333 3904 17349 2335 3908 17350 2530 3906 17351 2335 3908 17352 2337 3910 17353 2531 3909 17354 2337 3910 17355 2339 3912 17356 2532 3911 17357 2339 3912 17358 2341 3914 17359 2533 3913 17360 2341 3914 17361 2215 3814 17362 2471 3813 17363 2536 3917 17364 2534 6538 17365 2535 6539 17366 2535 6539 17367 2597 6540 17368 2536 3917 17369 2597 6540 17370 2596 6541 17371 2536 3917 17372 2596 6541 17373 2595 6542 17374 2594 6543 17375 2594 6543 17376 2593 6544 17377 2592 6545 17378 2592 6545 17379 2591 1598 17380 2590 1598 17381 2590 1598 17382 2589 6546 17383 2592 6545 17384 2589 6546 17385 2588 6547 17386 2592 6545 17387 2588 6547 17388 2587 1598 17389 2586 1598 17390 2586 1598 17391 2585 1598 17392 2588 6547 17393 2585 1598 17394 2584 6548 17395 2588 6547 17396 2584 6548 17397 2583 6549 17398 2582 6550 17399 2582 6550 17400 2581 6551 17401 2584 6548 17402 2581 6551 17403 2580 6552 17404 2584 6548 17405 2580 6552 17406 2579 6553 17407 2576 6554 17408 2579 6553 17409 2578 6555 17410 2576 6554 17411 2578 6555 17412 2577 6556 17413 2576 6554 17414 2576 6554 17415 2575 6557 17416 2574 6558 17417 2574 6558 17418 2573 1598 17419 2572 1598 17420 2572 1598 17421 2571 1598 17422 2570 6559 17423 2570 6559 17424 2569 6560 17425 2568 6561 17426 2568 6561 17427 2567 1598 17428 2566 1598 17429 2566 1598 17430 2565 1598 17431 2564 6562 17432 2564 6562 17433 2563 6563 17434 2562 6564 17435 2562 6564 17436 2561 1598 17437 2560 6565 17438 2560 6565 17439 2559 1598 17440 2558 6566 17441 2558 6566 17442 2557 6567 17443 2556 6568 17444 2556 6568 17445 2555 1598 17446 2554 1598 17447 2554 1598 17448 2553 6569 17449 2556 6568 17450 2553 6569 17451 2552 3915 17452 2556 6568 17453 2552 3915 17454 2551 1598 17455 2550 1598 17456 2550 1598 17457 2549 1598 17458 2552 3915 17459 2549 1598 17460 2548 1598 17461 2552 3915 17462 2548 1598 17463 2547 6570 17464 2544 3916 17465 2547 6570 17466 2546 6571 17467 2544 3916 17468 2546 6571 17469 2545 6572 17470 2544 3916 17471 2544 3916 17472 2543 1598 17473 2542 6573 17474 2542 6573 17475 2541 1598 17476 2540 6574 17477 2540 6574 17478 2539 6575 17479 2538 6576 17480 2538 6576 17481 2537 6577 17482 2536 3917 17483 2596 6541 17484 2594 6543 17485 2592 6545 17486 2576 6554 17487 2574 6558 17488 2568 6561 17489 2574 6558 17490 2572 1598 17491 2568 6561 17492 2572 1598 17493 2570 6559 17494 2568 6561 17495 2568 6561 17496 2566 1598 17497 2564 6562 17498 2564 6562 17499 2562 6564 17500 2560 6565 17501 2560 6565 17502 2558 6566 17503 2552 3915 17504 2558 6566 17505 2556 6568 17506 2552 3915 17507 2544 3916 17508 2542 6573 17509 2536 3917 17510 2542 6573 17511 2540 6574 17512 2536 3917 17513 2540 6574 17514 2538 6576 17515 2536 3917 17516 2536 3917 17517 2596 6541 17518 2592 6545 17519 2592 6545 17520 2588 6547 17521 2536 3917 17522 2588 6547 17523 2584 6548 17524 2536 3917 17525 2584 6548 17526 2580 6552 17527 2576 6554 17528 2568 6561 17529 2564 6562 17530 2560 6565 17531 2552 3915 17532 2548 1598 17533 2544 3916 17534 2584 6548 17535 2576 6554 17536 2536 3917 17537 2576 6554 17538 2568 6561 17539 2536 3917 17540 2568 6561 17541 2560 6565 17542 2536 3917 17543 2560 6565 17544 2552 3915 17545 2536 3917 17546 2287 3918 17547 2570 6578 17548 2571 3919 17549 2235 3921 17550 2544 6579 17551 2545 3922 17552 2341 3924 17553 2597 6580 17554 2535 3925 17555 2289 3927 17556 2571 6581 17557 2572 3928 17558 2237 3929 17559 2545 6582 17560 2546 3930 17561 2293 3932 17562 2291 6583 17563 2572 3933 17564 2239 3935 17565 2546 6584 17566 2547 3936 17567 2295 3938 17568 2293 6585 17569 2573 3939 17570 2241 3941 17571 2547 6586 17572 2548 3942 17573 2295 3944 17574 2574 3945 17575 2575 3945 17576 2243 3946 17577 2548 3947 17578 2549 3946 17579 2297 3948 17580 2575 6587 17581 2576 3949 17582 2245 3951 17583 2549 3952 17584 2550 3951 17585 2299 3953 17586 2576 6588 17587 2577 3954 17588 2247 3956 17589 2550 6589 17590 2551 3957 17591 2301 3959 17592 2577 6590 17593 2578 3960 17594 2249 3962 17595 2551 3963 17596 2552 3962 17597 2303 3964 17598 2578 6591 17599 2579 3965 17600 2251 3967 17601 2552 6592 17602 2553 3968 17603 2305 3970 17604 2579 3971 17605 2580 3971 17606 2255 3972 17607 2253 6593 17608 2553 3973 17609 2307 3975 17610 2580 3976 17611 2581 3975 17612 2257 3977 17613 2255 6594 17614 2554 3978 17615 2309 3980 17616 2581 6595 17617 2582 3981 17618 2259 3983 17619 2257 6596 17620 2555 3984 17621 2313 3986 17622 2311 6597 17623 2582 3987 17624 2261 3989 17625 2259 6598 17626 2556 3990 17627 2313 3992 17628 2583 3993 17629 2584 3993 17630 2263 3994 17631 2261 6599 17632 2557 3995 17633 2315 3997 17634 2584 3998 17635 2585 3997 17636 2265 3999 17637 2263 6600 17638 2558 4000 17639 2317 4002 17640 2585 4003 17641 2586 4002 17642 2267 4004 17643 2265 6601 17644 2559 4005 17645 2319 4007 17646 2586 6602 17647 2587 4008 17648 2269 4010 17649 2267 6603 17650 2560 4011 17651 2215 4013 17652 2535 6604 17653 2534 4014 17654 2321 4016 17655 2587 6605 17656 2588 4017 17657 2269 4019 17658 2561 6606 17659 2562 4020 17660 2217 4022 17661 2534 6607 17662 2536 4023 17663 2323 4025 17664 2588 4026 17665 2589 4026 17666 2271 4027 17667 2562 4028 17668 2563 4028 17669 2219 4030 17670 2536 6608 17671 2537 4031 17672 2325 4033 17673 2589 6609 17674 2590 4034 17675 2275 4036 17676 2273 6610 17677 2563 4037 17678 2221 4039 17679 2537 6611 17680 2538 4040 17681 2327 4042 17682 2590 6612 17683 2591 4043 17684 2277 4045 17685 2275 6613 17686 2564 4046 17687 2223 4048 17688 2538 6614 17689 2539 4049 17690 2329 4051 17691 2591 4052 17692 2592 4052 17693 2277 4053 17694 2565 6615 17695 2566 4054 17696 2225 4056 17697 2539 6616 17698 2540 4057 17699 2331 4059 17700 2592 6617 17701 2593 4060 17702 2281 4062 17703 2279 6618 17704 2566 4063 17705 2227 4065 17706 2540 6619 17707 2541 4066 17708 2333 4068 17709 2593 6620 17710 2594 4069 17711 2283 4070 17712 2281 6621 17713 2567 4071 17714 2229 4073 17715 2541 6622 17716 2542 4074 17717 2335 4076 17718 2594 6623 17719 2595 4077 17720 2283 4079 17721 2568 6624 17722 2569 4080 17723 2231 4082 17724 2542 6625 17725 2543 4083 17726 2337 4085 17727 2595 6626 17728 2596 4086 17729 2285 4088 17730 2569 4089 17731 2570 4089 17732 2233 4091 17733 2543 6627 17734 2544 4092 17735 2614 4094 17736 2601 6628 17737 2600 4095 17738 2601 4097 17739 2599 6629 17740 2598 4098 17741 2615 4100 17742 2616 6630 17743 2621 4101 17744 2606 4103 17745 2603 4161 17746 2605 4104 17747 2609 4106 17748 2605 6631 17749 2604 4107 17750 2613 4109 17751 2609 6632 17752 2607 4110 17753 2610 4112 17754 2606 6633 17755 2609 4113 17756 2608 4115 17757 2607 6634 17758 2604 4116 17759 2602 4118 17760 2603 6635 17761 2606 4119 17762 2614 4121 17763 2610 6636 17764 2613 4122 17765 2615 4124 17766 2617 4134 17767 2613 4125 17768 2612 4127 17769 2611 6637 17770 2607 4128 17771 2608 4130 17772 2606 6638 17773 2610 4131 17774 2598 4133 17775 2599 6639 17776 2617 4134 17777 2601 4135 17778 2614 6640 17779 2617 4136 17780 2616 4138 17781 2615 6641 17782 2611 4139 17783 2610 4141 17784 2614 4094 17785 2616 4096 17786 2619 4143 17787 2618 6642 17788 2620 4144 17789 2616 4146 17790 2600 6643 17791 2619 4147 17792 2598 4098 17793 2618 6644 17794 2619 4149 17795 2615 4124 17796 2620 6645 17797 2618 4150 17798 2624 4151 17799 2625 6646 17800 2634 4152 17801 2622 4154 17802 2623 1368 17803 2625 4155 17804 2635 4157 17805 2640 6647 17806 2641 4158 17807 2626 4160 17808 2629 6648 17809 2605 4104 17810 2627 4162 17811 2604 6649 17812 2605 4163 17813 2627 4165 17814 2629 6650 17815 2633 4166 17816 2630 4168 17817 2633 6651 17818 2629 4169 17819 2604 4116 17820 2627 6652 17821 2628 4171 17822 2628 4172 17823 2626 6653 17824 2603 4173 17825 2634 4175 17826 2637 6654 17827 2633 4176 17828 2635 4178 17829 2631 6655 17830 2633 4179 17831 2627 4181 17832 2631 6656 17833 2632 4182 17834 2628 4184 17835 2632 6657 17836 2630 4185 17837 2622 4187 17838 2635 4178 17839 2637 4180 17840 2625 4189 17841 2623 6658 17842 2637 4190 17843 2631 4192 17844 2635 6659 17845 2636 4193 17846 2636 4153 17847 2634 4152 17848 2630 4195 17849 2640 4197 17850 2638 6660 17851 2639 4198 17852 2636 4200 17853 2641 6661 17854 2639 4201 17855 2639 4203 17856 2638 6662 17857 2622 4154 17858 2638 4204 17859 2640 6663 17860 2635 4178 17861 2643 4205 17862 2645 6664 17863 2644 4206 17864 2662 4208 17865 2649 6665 17866 2648 4209 17867 2649 4211 17868 2647 6666 17869 2646 4212 17870 2653 4214 17871 2643 6667 17872 2642 4215 17873 2664 4217 17874 2648 6668 17875 2646 4218 17876 2645 4220 17877 2643 6669 17878 2653 4221 17879 2660 4223 17880 2651 6670 17881 2653 4224 17882 2644 4226 17883 2650 6671 17884 2652 4227 17885 2661 4229 17886 2659 4252 17887 2653 4230 17888 2644 4232 17889 2645 6672 17890 2651 4233 17891 2663 4235 17892 2665 6673 17893 2657 4236 17894 2662 4238 17895 2654 6674 17896 2657 4239 17897 2658 4241 17898 2656 6675 17899 2655 4242 17900 2660 4244 17901 2654 4264 17902 2656 4245 17903 2651 4247 17904 2660 4244 17905 2658 4246 17906 2650 4249 17907 2658 6676 17908 2661 4250 17909 2655 4237 17910 2657 4236 17911 2659 4252 17912 2660 4223 17913 2659 4225 17914 2657 4253 17915 2662 4255 17916 2665 6677 17917 2647 4256 17918 2646 4258 17919 2647 6678 17920 2665 4259 17921 2656 4261 17922 2664 6679 17923 2663 4262 17924 2654 4264 17925 2662 6680 17926 2664 4265 17927 2668 4266 17928 2669 6681 17929 2667 4267 17930 2672 4269 17931 2673 6682 17932 2686 4270 17933 2672 4272 17934 2670 6683 17935 2671 4273 17936 2666 4275 17937 2667 6684 17938 2677 4276 17939 2688 4278 17940 2687 6685 17941 2670 4279 17942 2677 4281 17943 2667 6686 17944 2669 4282 17945 2683 4284 17946 2677 6687 17947 2675 4285 17948 2668 4287 17949 2666 6688 17950 2676 4288 17951 2685 4290 17952 2676 6689 17953 2677 4291 17954 2668 4293 17955 2674 6690 17956 2675 4294 17957 2687 4296 17958 2679 4313 17959 2681 4297 17960 2686 4299 17961 2689 6691 17962 2681 4300 17963 2682 4302 17964 2685 6692 17965 2679 4303 17966 2680 4305 17967 2678 4326 17968 2684 4306 17969 2682 4307 17970 2684 4306 17971 2675 4308 17972 2674 4310 17973 2676 6693 17974 2685 4311 17975 2679 4313 17976 2685 4290 17977 2683 4292 17978 2681 4314 17979 2683 4284 17980 2684 4286 17981 2671 4316 17982 2689 6694 17983 2686 4317 17984 2670 4319 17985 2687 6695 17986 2689 4320 17987 2680 4322 17988 2679 6696 17989 2687 4323 17990 2688 4325 17991 2686 6697 17992 2678 4326 17993 2691 4327 17994 2693 6698 17995 2692 4328 17996 2710 4330 17997 2697 6699 17998 2696 4331 17999 2697 4333 18000 2695 6700 18001 2694 4334 18002 2705 4336 18003 2703 6701 18004 2691 4337 18005 2712 4339 18006 2696 6702 18007 2694 4340 18008 2693 4342 18009 2691 6703 18010 2703 4343 18011 2699 4345 18012 2701 6704 18013 2709 4346 18014 2702 4348 18015 2698 6705 18016 2700 4349 18017 2707 4351 18018 2709 4369 18019 2701 4352 18020 2704 4354 18021 2699 4376 18022 2698 4355 18023 2693 4357 18024 2704 6706 18025 2702 4358 18026 2692 4360 18027 2702 6707 18028 2705 4361 18029 2699 4363 18030 2704 6708 18031 2703 4364 18032 2700 4353 18033 2701 4352 18034 2703 4366 18035 2711 4368 18036 2713 6709 18037 2709 4369 18038 2706 4370 18039 2709 6710 18040 2713 4371 18041 2708 4373 18042 2707 6711 18043 2700 4374 18044 2699 4376 18045 2706 4387 18046 2708 4377 18047 2710 4378 18048 2713 6712 18049 2695 4379 18050 2694 4381 18051 2695 6713 18052 2713 4382 18053 2708 4384 18054 2712 6714 18055 2711 4385 18056 2706 4387 18057 2710 6715 18058 2712 4388 18059 2716 4389 18060 2717 6716 18061 2715 4390 18062 2720 4392 18063 2721 6717 18064 2734 4393 18065 2718 4395 18066 2719 6718 18067 2721 4396 18068 2729 4398 18069 2714 6719 18070 2715 4399 18071 2736 4401 18072 2735 6720 18073 2718 4402 18074 2727 4404 18075 2715 6721 18076 2717 4405 18077 2733 4407 18078 2725 6722 18079 2723 4408 18080 2726 4410 18081 2729 6723 18082 2724 4411 18083 2731 4413 18084 2724 4428 18085 2725 4414 18086 2722 4416 18087 2723 4439 18088 2728 4417 18089 2726 4419 18090 2728 6724 18091 2717 4420 18092 2716 4422 18093 2714 6725 18094 2729 4423 18095 2725 4425 18096 2727 6726 18097 2728 4426 18098 2724 4428 18099 2729 6727 18100 2727 4429 18101 2735 4430 18102 2731 4413 18103 2733 4415 18104 2737 4432 18105 2733 6728 18106 2730 4433 18107 2722 4435 18108 2724 6729 18109 2731 4436 18110 2732 4438 18111 2730 4450 18112 2723 4439 18113 2719 4440 18114 2737 6730 18115 2734 4441 18116 2718 4443 18117 2735 6731 18118 2737 4444 18119 2732 4446 18120 2731 6732 18121 2735 4447 18122 2736 4449 18123 2734 6733 18124 2730 4450 18125 2739 4451 18126 2741 6734 18127 2740 4452 18128 2746 4454 18129 2747 6735 18130 2745 4455 18131 2743 4457 18132 2753 6736 18133 2750 4458 18134 2748 4460 18135 2749 6737 18136 2739 4461 18137 2744 4463 18138 2742 6738 18139 2748 4464 18140 2741 4466 18141 2739 6739 18142 2749 4467 18143 2745 4469 18144 2747 6740 18145 2749 4470 18146 2740 4472 18147 2746 6741 18148 2748 4473 18149 2743 4475 18150 2749 6742 18151 2748 4476 18152 2741 4478 18153 2747 6743 18154 2746 4479 18155 2752 4481 18156 2756 6744 18157 2757 4482 18158 2744 4456 18159 2745 4455 18160 2750 4484 18161 2742 4477 18162 2752 4481 18163 2753 4483 18164 2742 4486 18165 2744 6745 18166 2751 4487 18167 2757 4489 18168 2761 6746 18169 2758 4490 18170 2751 4492 18171 2755 6747 18172 2756 4493 18173 2753 4495 18174 2757 6748 18175 2754 4496 18176 2751 4485 18177 2750 4484 18178 2754 4498 18179 2760 4500 18180 2764 6749 18181 2765 4501 18182 2755 4503 18183 2754 6750 18184 2758 4504 18185 2756 4506 18186 2760 4500 18187 2761 4502 18188 2756 4508 18189 2755 6751 18190 2759 4509 18191 2763 4511 18192 2762 6752 18193 2765 4512 18194 2759 4514 18195 2763 6753 18196 2764 4515 18197 2758 4517 18198 2761 6754 18199 2765 4518 18200 2759 4505 18201 2758 4504 18202 2762 4520 18203 2768 4522 18204 2769 6755 18205 2767 4523 18206 2774 4525 18207 2772 4555 18208 2773 4526 18209 2773 4528 18210 2778 6756 18211 2781 4529 18212 2776 4531 18213 2766 6757 18214 2767 4532 18215 2774 4534 18216 2776 6758 18217 2770 4535 18218 2777 4537 18219 2767 6759 18220 2769 4538 18221 2773 4540 18222 2771 6760 18223 2777 4541 18224 2768 4543 18225 2766 6761 18226 2776 4544 18227 2776 4546 18228 2777 6762 18229 2771 4547 18230 2774 4549 18231 2775 6763 18232 2769 4550 18233 2785 4552 18234 2784 6764 18235 2780 4553 18236 2772 4555 18237 2779 4569 18238 2778 4556 18239 2781 4554 18240 2780 4553 18241 2770 4548 18242 2780 4557 18243 2779 6765 18244 2772 4558 18245 2782 4560 18246 2786 6766 18247 2789 4561 18248 2780 4563 18249 2784 6767 18250 2783 4564 18251 2778 4566 18252 2782 6768 18253 2785 4567 18254 2779 4569 18255 2783 6769 18256 2782 4570 18257 2793 4571 18258 2792 6770 18259 2788 4572 18260 2783 4574 18261 2787 4591 18262 2786 4575 18263 2789 4573 18264 2788 4572 18265 2784 4577 18266 2788 4579 18267 2787 6771 18268 2783 4580 18269 2792 4582 18270 2793 6772 18271 2790 4583 18272 2792 4585 18273 2791 6773 18274 2787 4586 18275 2786 4588 18276 2790 6774 18277 2793 4589 18278 2787 4591 18279 2791 6775 18280 2790 4592 18281 2794 4593 18282 2796 6776 18283 2797 4594 18284 2809 4596 18285 2827 6777 18286 2825 4597 18287 2801 4599 18288 2846 6778 18289 2849 4600 18290 2794 4602 18291 2795 6779 18292 2805 4603 18293 2844 4605 18294 2840 6780 18295 2807 4606 18296 2805 4607 18297 2795 6781 18298 2797 4608 18299 2809 4610 18300 2805 4607 18301 2803 4609 18302 2794 4612 18303 2804 4626 18304 2802 4613 18305 2804 4604 18306 2805 4603 18307 2809 4615 18308 2796 4617 18309 2802 4628 18310 2803 4618 18311 2824 4620 18312 2823 6782 18313 2799 4621 18314 2836 4623 18315 2837 6783 18316 2819 4624 18317 2804 4626 18318 2807 6784 18319 2808 4627 18320 2802 4628 18321 2808 6785 18322 2806 4629 18323 2851 4630 18324 2853 4674 18325 2814 4631 18326 2812 4632 18327 2830 6786 18328 2854 4633 18329 2832 4634 18330 2827 6787 18331 2809 4635 18332 2818 4637 18333 2834 6788 18334 2835 4638 18335 2799 4621 18336 2815 4672 18337 2813 4640 18338 2830 4670 18339 2831 4643 18340 2854 4642 18341 2831 4643 18342 2828 4667 18343 2855 4644 18344 2812 4645 18345 2814 6789 18346 2809 4646 18347 2824 4648 18348 2845 6790 18349 2844 4649 18350 2817 4639 18351 2816 4625 18352 2819 4624 18353 2835 4651 18354 2829 6791 18355 2811 4652 18356 2816 4654 18357 2817 4653 18358 2811 4652 18359 2818 4656 18360 2819 4681 18361 2813 4657 18362 2826 4659 18363 2822 4701 18364 2821 4660 18365 2825 4650 18366 2827 4669 18367 2823 4662 18368 2833 4665 18369 2832 4668 18370 2857 6792 18371 2857 6792 18372 2856 4663 18373 2833 4665 18374 2831 4643 18375 2837 6793 18376 2836 4666 18377 2832 4668 18378 2833 4665 18379 2823 4662 18380 2821 4660 18381 2831 4643 18382 2830 4670 18383 2835 1598 18384 2834 1598 18385 2833 4665 18386 2799 4621 18387 2823 6782 18388 2833 4671 18389 2857 4673 18390 2832 6794 18391 2814 4631 18392 2842 1159 18393 2839 1159 18394 2800 1159 18395 2831 4675 18396 2821 6795 18397 2801 4641 18398 2810 4655 18399 2828 6796 18400 2836 4676 18401 2829 4677 18402 2856 6797 18403 2852 4678 18404 2837 4680 18405 2831 6798 18406 2813 4657 18407 2826 4682 18408 2820 6799 18409 2806 4683 18410 2815 4658 18411 2833 6800 18412 2834 4685 18413 2811 4679 18414 2852 4678 18415 2850 4686 18416 2801 4641 18417 2821 6795 18418 2822 4688 18419 2806 4690 18420 2820 6801 18421 2830 4691 18422 2840 4693 18423 2838 4698 18424 2839 4694 18425 2842 4696 18426 2843 6802 18427 2841 4695 18428 2844 4697 18429 2845 6803 18430 2838 4698 18431 2800 1159 18432 2839 1159 18433 2838 1159 18434 2843 4700 18435 2842 1235 18436 2822 4701 18437 2798 4699 18438 2838 1159 18439 2845 4702 18440 2807 4606 18441 2840 6780 18442 2841 4704 18443 2808 4705 18444 2841 4704 18445 2843 4706 18446 2848 4708 18447 2849 6804 18448 2846 4708 18449 2800 4710 18450 2847 6805 18451 2846 4711 18452 2849 4713 18453 2848 6806 18454 2798 4714 18455 2848 4716 18456 2847 6807 18457 2800 4717 18458 2853 4719 18459 2852 4723 18460 2856 4720 18461 2851 4722 18462 2850 4725 18463 2852 4723 18464 2851 4722 18465 2854 6808 18466 2855 4724 18467 2850 4686 18468 2855 6809 18469 2828 4726 18470 2881 4727 18471 2879 4730 18472 2878 4728 18473 2879 4730 18474 2877 4862 18475 2876 4731 18476 2906 4732 18477 2908 4767 18478 2907 4733 18479 2874 4735 18480 2873 4737 18481 2871 4738 18482 2903 4740 18483 2901 4743 18484 2900 4741 18485 2901 4743 18486 2899 4778 18487 2898 4744 18488 2868 4745 18489 2867 4774 18490 2865 4746 18491 2897 4748 18492 2895 4782 18493 2894 4749 18494 2864 4751 18495 2863 4765 18496 2861 4752 18497 2893 4754 18498 2891 4863 18499 2890 4755 18500 2858 4757 18501 2921 4783 18502 2919 4758 18503 2862 4753 18504 2861 4752 18505 2859 4760 18506 2918 4762 18507 2917 4784 18508 2915 4763 18509 2866 4747 18510 2865 4746 18511 2863 4765 18512 2910 4766 18513 2909 4772 18514 2907 4733 18515 2914 4768 18516 2913 4859 18517 2911 4769 18518 2905 4734 18519 2903 4740 18520 2902 4742 18521 2912 4770 18522 2911 4769 18523 2909 4772 18524 2870 4773 18525 2869 4775 18526 2867 4774 18527 2872 4739 18528 2871 4738 18529 2869 4775 18530 2883 4776 18531 2881 4727 18532 2880 4729 18533 2899 4778 18534 2897 4748 18535 2896 4750 18536 2887 4779 18537 2885 4855 18538 2884 4780 18539 2895 4782 18540 2893 4754 18541 2892 4756 18542 2860 4761 18543 2859 4760 18544 2921 4783 18545 2862 4753 18546 2860 4761 18547 2858 4757 18548 2858 4757 18549 2920 4759 18550 2918 4762 18551 2918 4762 18552 2916 4764 18553 2914 4768 18554 2914 4768 18555 2912 4770 18556 2918 4762 18557 2912 4770 18558 2910 4766 18559 2918 4762 18560 2910 4766 18561 2908 4767 18562 2906 4732 18563 2906 4732 18564 2904 4771 18565 2910 4766 18566 2904 4771 18567 2902 4742 18568 2910 4766 18569 2902 4742 18570 2900 4741 18571 2894 4749 18572 2900 4741 18573 2898 4744 18574 2894 4749 18575 2898 4744 18576 2896 4750 18577 2894 4749 18578 2894 4749 18579 2892 4756 18580 2890 4755 18581 2890 4755 18582 2888 4786 18583 2886 4781 18584 2886 4781 18585 2884 4780 18586 2882 4777 18587 2882 4777 18588 2880 4729 18589 2886 4781 18590 2880 4729 18591 2878 4728 18592 2886 4781 18593 2878 4728 18594 2876 4731 18595 2870 4773 18596 2876 4731 18597 2874 4735 18598 2870 4773 18599 2874 4735 18600 2872 4739 18601 2870 4773 18602 2870 4773 18603 2868 4745 18604 2866 4747 18605 2866 4747 18606 2864 4751 18607 2862 4753 18608 2862 4753 18609 2858 4757 18610 2910 4766 18611 2858 4757 18612 2918 4762 18613 2910 4766 18614 2894 4749 18615 2890 4755 18616 2886 4781 18617 2870 4773 18618 2866 4747 18619 2878 4728 18620 2866 4747 18621 2862 4753 18622 2878 4728 18623 2910 4766 18624 2902 4742 18625 2862 4753 18626 2902 4742 18627 2894 4749 18628 2862 4753 18629 2894 4749 18630 2886 4781 18631 2862 4753 18632 2919 4758 18633 2921 4783 18634 2859 4760 18635 2859 4760 18636 2861 4752 18637 2919 4758 18638 2861 4752 18639 2863 4765 18640 2919 4758 18641 2863 4765 18642 2865 4746 18643 2871 4738 18644 2865 4746 18645 2867 4774 18646 2871 4738 18647 2867 4774 18648 2869 4775 18649 2871 4738 18650 2871 4738 18651 2873 4737 18652 2875 4736 18653 2875 4736 18654 2877 4862 18655 2871 4738 18656 2877 4862 18657 2879 4730 18658 2871 4738 18659 2879 4730 18660 2881 4727 18661 2883 4776 18662 2883 4776 18663 2885 4855 18664 2879 4730 18665 2885 4855 18666 2887 4779 18667 2879 4730 18668 2887 4779 18669 2889 4785 18670 2895 4782 18671 2889 4785 18672 2891 4863 18673 2895 4782 18674 2891 4863 18675 2893 4754 18676 2895 4782 18677 2895 4782 18678 2897 4748 18679 2899 4778 18680 2899 4778 18681 2901 4743 18682 2895 4782 18683 2901 4743 18684 2903 4740 18685 2895 4782 18686 2903 4740 18687 2905 4734 18688 2907 4733 18689 2907 4733 18690 2909 4772 18691 2911 4769 18692 2911 4769 18693 2913 4859 18694 2915 4763 18695 2915 4763 18696 2917 4784 18697 2919 4758 18698 2903 4740 18699 2907 4733 18700 2919 4758 18701 2907 4733 18702 2911 4769 18703 2919 4758 18704 2911 4769 18705 2915 4763 18706 2919 4758 18707 2919 4758 18708 2863 4765 18709 2871 4738 18710 2871 4738 18711 2879 4730 18712 2919 4758 18713 2879 4730 18714 2887 4779 18715 2919 4758 18716 2887 4779 18717 2895 4782 18718 2919 4758 18719 2920 4759 18720 2919 4758 18721 2917 4784 18722 2889 4785 18723 2887 4779 18724 2886 4781 18725 3081 4787 18726 3054 4923 18727 2968 4788 18728 3074 4790 18729 3081 4787 18730 2967 4789 18731 3067 4792 18732 3074 4790 18733 2966 4791 18734 3059 4794 18735 3067 4792 18736 2965 4793 18737 3052 4796 18738 3059 4794 18739 2964 4795 18740 3076 4798 18741 3052 4796 18742 2963 4797 18743 3073 4800 18744 2979 4804 18745 2978 4801 18746 3080 4803 18747 2980 4806 18748 2979 4804 18749 3053 4805 18750 2981 4808 18751 2980 4806 18752 3063 4807 18753 2982 4810 18754 2981 4808 18755 3070 4809 18756 2983 4812 18757 2982 4810 18758 3077 4811 18759 2984 4814 18760 2983 4812 18761 3055 4813 18762 2985 4938 18763 2984 4814 18764 3055 4813 18765 2953 4929 18766 2922 4815 18767 3056 4817 18768 2955 4820 18769 2954 4818 18770 3065 4819 18771 2956 4822 18772 2955 4820 18773 3072 4821 18774 2957 4824 18775 2956 4822 18776 3079 4823 18777 2958 4826 18778 2957 4824 18779 3050 4825 18780 2959 4828 18781 2958 4826 18782 3062 4827 18783 2960 4830 18784 2959 4828 18785 3069 4829 18786 2961 4831 18787 2960 4830 18788 3076 4798 18789 2962 4799 18790 2961 4831 18791 3051 4832 18792 3058 4853 18793 2977 4833 18794 3075 4835 18795 3051 4832 18796 2976 4834 18797 3068 4837 18798 3075 4835 18799 2975 4836 18800 3061 4839 18801 3068 4837 18802 2974 4838 18803 3057 4841 18804 3061 4839 18805 2973 4840 18806 3078 4843 18807 3057 4841 18808 2972 4842 18809 2984 4814 18810 2985 4938 18811 2954 4818 18812 2954 4818 18813 2955 4820 18814 2984 4814 18815 2955 4820 18816 2956 4822 18817 2984 4814 18818 2956 4822 18819 2957 4824 18820 2982 4810 18821 2957 4824 18822 2958 4826 18823 2982 4810 18824 2958 4826 18825 2959 4828 18826 2980 4806 18827 2959 4828 18828 2960 4830 18829 2980 4806 18830 2960 4830 18831 2961 4831 18832 2977 4833 18833 2961 4831 18834 2962 4799 18835 2976 4834 18836 2962 4799 18837 2963 4797 18838 2976 4834 18839 2963 4797 18840 2964 4795 18841 2976 4834 18842 2964 4795 18843 2965 4793 18844 2974 4838 18845 2965 4793 18846 2966 4791 18847 2974 4838 18848 2966 4791 18849 2967 4789 18850 2968 4788 18851 2968 4788 18852 2969 4848 18853 2970 4846 18854 2970 4846 18855 2971 4844 18856 2968 4788 18857 2971 4844 18858 2972 4842 18859 2968 4788 18860 2972 4842 18861 2973 4840 18862 2966 4791 18863 2973 4840 18864 2974 4838 18865 2966 4791 18866 2974 4838 18867 2975 4836 18868 2964 4795 18869 2975 4836 18870 2976 4834 18871 2964 4795 18872 2976 4834 18873 2977 4833 18874 2961 4831 18875 2977 4833 18876 2978 4801 18877 2960 4830 18878 2978 4801 18879 2979 4804 18880 2960 4830 18881 2979 4804 18882 2980 4806 18883 2960 4830 18884 2980 4806 18885 2981 4808 18886 2958 4826 18887 2981 4808 18888 2982 4810 18889 2958 4826 18890 2982 4810 18891 2983 4812 18892 2984 4814 18893 2956 4822 18894 2982 4810 18895 2984 4814 18896 3071 4845 18897 3078 4843 18898 2971 4844 18899 3064 4847 18900 3071 4845 18901 2970 4846 18902 2924 4851 18903 2923 4946 18904 2922 4815 18905 2922 4815 18906 2953 4929 18907 2952 4930 18908 2952 4930 18909 2951 4947 18910 2950 4937 18911 2950 4937 18912 2949 4931 18913 2952 4930 18914 2949 4931 18915 2948 4932 18916 2952 4930 18917 2948 4932 18918 2947 4948 18919 2946 4852 18920 2946 4852 18921 2945 4854 18922 2944 4943 18923 2944 4943 18924 2943 4944 18925 2942 4925 18926 2942 4925 18927 2941 4940 18928 2944 4943 18929 2941 4940 18930 2940 4849 18931 2944 4943 18932 2940 4849 18933 2939 4942 18934 2938 4924 18935 2938 4924 18936 2937 4941 18937 2936 4950 18938 2936 4950 18939 2935 4934 18940 2934 4935 18941 2934 4935 18942 2933 4949 18943 2932 4850 18944 2932 4850 18945 2931 4933 18946 2930 4936 18947 2930 4936 18948 2929 4926 18949 2932 4850 18950 2929 4926 18951 2928 4927 18952 2932 4850 18953 2928 4927 18954 2927 4945 18955 2926 4939 18956 2926 4939 18957 2925 4928 18958 2924 4851 18959 2924 4851 18960 2922 4815 18961 2948 4932 18962 2922 4815 18963 2952 4930 18964 2948 4932 18965 2948 4932 18966 2946 4852 18967 2944 4943 18968 2940 4849 18969 2938 4924 18970 2932 4850 18971 2938 4924 18972 2936 4950 18973 2932 4850 18974 2936 4950 18975 2934 4935 18976 2932 4850 18977 2928 4927 18978 2926 4939 18979 2932 4850 18980 2926 4939 18981 2924 4851 18982 2932 4850 18983 2948 4932 18984 2944 4943 18985 2924 4851 18986 2944 4943 18987 2940 4849 18988 2924 4851 18989 2946 4852 18990 3066 4802 18991 3058 4853 18992 2885 4855 18993 2883 4776 18994 2882 4777 18995 3022 4856 18996 3023 4887 18997 3025 4857 18998 2916 4764 18999 2915 4763 19000 2913 4859 19001 3024 4858 19002 3025 4857 19003 3027 4860 19004 2877 4862 19005 2875 4736 19006 2874 4735 19007 2891 4863 19008 2889 4785 19009 2888 4786 19010 3044 4864 19011 3042 4896 19012 3041 4865 19013 3002 4867 19014 3003 4906 19015 3005 4868 19016 3008 4870 19017 3009 4898 19018 3011 4871 19019 3034 4873 19020 3032 4877 19021 3031 4874 19022 3030 4876 19023 3029 4879 19024 3031 4874 19025 3028 4878 19026 3027 4860 19027 3029 4879 19028 3036 4880 19029 3034 4873 19030 3033 4875 19031 3038 4882 19032 3036 4880 19033 3035 4881 19034 3040 4884 19035 3038 4882 19036 3037 4883 19037 3020 4886 19038 3021 4889 19039 3023 4887 19040 3018 4888 19041 3019 4891 19042 3021 4889 19043 3016 4890 19044 3017 4918 19045 3019 4891 19046 3048 4892 19047 3046 4919 19048 3045 4893 19049 3047 4894 19050 3049 4921 19051 2986 4895 19052 3042 4896 19053 3040 4884 19054 3039 4885 19055 3006 4897 19056 3007 4899 19057 3009 4898 19058 3004 4869 19059 3005 4868 19060 3007 4899 19061 2996 4900 19062 2994 4907 19063 2995 4901 19064 2998 4903 19065 2996 4900 19066 2997 4902 19067 3000 4905 19068 3001 4922 19069 3003 4906 19070 2994 4907 19071 2992 4909 19072 2993 4908 19073 2992 4909 19074 2990 4912 19075 2991 4910 19076 2989 4911 19077 2991 4910 19078 2990 4912 19079 2987 4914 19080 2989 4911 19081 2988 4913 19082 3012 4915 19083 3013 4920 19084 3015 4916 19085 3014 4917 19086 3015 4916 19087 3017 4918 19088 3046 4919 19089 3044 4864 19090 3043 4866 19091 3048 4892 19092 2986 4895 19093 2988 4913 19094 2988 4913 19095 2990 4912 19096 3048 4892 19097 2990 4912 19098 2992 4909 19099 3048 4892 19100 2992 4909 19101 2994 4907 19102 2996 4900 19103 2996 4900 19104 2998 4903 19105 3000 4905 19106 3000 4905 19107 3002 4867 19108 3004 4869 19109 3004 4869 19110 3006 4897 19111 3008 4870 19112 3008 4870 19113 3010 4872 19114 3012 4915 19115 3012 4915 19116 3014 4917 19117 3008 4870 19118 3014 4917 19119 3016 4890 19120 3008 4870 19121 3016 4890 19122 3018 4888 19123 3024 4858 19124 3018 4888 19125 3020 4886 19126 3024 4858 19127 3020 4886 19128 3022 4856 19129 3024 4858 19130 3024 4858 19131 3026 4861 19132 3028 4878 19133 3028 4878 19134 3030 4876 19135 3032 4877 19136 3032 4877 19137 3034 4873 19138 3040 4884 19139 3034 4873 19140 3036 4880 19141 3040 4884 19142 3036 4880 19143 3038 4882 19144 3040 4884 19145 3040 4884 19146 3042 4896 19147 3044 4864 19148 3044 4864 19149 3046 4919 19150 3040 4884 19151 3046 4919 19152 3048 4892 19153 3040 4884 19154 2992 4909 19155 2996 4900 19156 3048 4892 19157 2996 4900 19158 3000 4905 19159 3048 4892 19160 3000 4905 19161 3004 4869 19162 3008 4870 19163 3024 4858 19164 3028 4878 19165 3016 4890 19166 3028 4878 19167 3032 4877 19168 3016 4890 19169 3000 4905 19170 3008 4870 19171 3048 4892 19172 3008 4870 19173 3016 4890 19174 3048 4892 19175 3032 4877 19176 3040 4884 19177 3016 4890 19178 2989 4911 19179 2987 4914 19180 3049 4921 19181 3049 4921 19182 3047 4894 19183 3045 4893 19184 3045 4893 19185 3043 4866 19186 3037 4883 19187 3043 4866 19188 3041 4865 19189 3037 4883 19190 3041 4865 19191 3039 4885 19192 3037 4883 19193 3037 4883 19194 3035 4881 19195 3033 4875 19196 3033 4875 19197 3031 4874 19198 3029 4879 19199 3029 4879 19200 3027 4860 19201 3021 4889 19202 3027 4860 19203 3025 4857 19204 3021 4889 19205 3025 4857 19206 3023 4887 19207 3021 4889 19208 3021 4889 19209 3019 4891 19210 3017 4918 19211 3017 4918 19212 3015 4916 19213 3021 4889 19214 3015 4916 19215 3013 4920 19216 3021 4889 19217 3013 4920 19218 3011 4871 19219 3009 4898 19220 3009 4898 19221 3007 4899 19222 3005 4868 19223 3005 4868 19224 3003 4906 19225 2997 4902 19226 3003 4906 19227 3001 4922 19228 2997 4902 19229 3001 4922 19230 2999 4904 19231 2997 4902 19232 2997 4902 19233 2995 4901 19234 2993 4908 19235 2993 4908 19236 2991 4910 19237 2989 4911 19238 2989 4911 19239 3049 4921 19240 3037 4883 19241 3049 4921 19242 3045 4893 19243 3037 4883 19244 3037 4883 19245 3033 4875 19246 3021 4889 19247 3033 4875 19248 3029 4879 19249 3021 4889 19250 3013 4920 19251 3009 4898 19252 3021 4889 19253 3009 4898 19254 3005 4868 19255 3021 4889 19256 2997 4902 19257 2993 4908 19258 2989 4911 19259 3005 4868 19260 2997 4902 19261 3021 4889 19262 2997 4902 19263 2989 4911 19264 3021 4889 19265 3010 4872 19266 3011 4871 19267 3013 4920 19268 2998 4903 19269 2999 4904 19270 3001 4922 19271 3054 4923 19272 3064 4847 19273 2969 4848 19274 2938 4924 19275 2939 4942 19276 3078 4843 19277 2942 4925 19278 2943 4944 19279 3075 4835 19280 2929 4926 19281 3069 4829 19282 3062 4827 19283 2925 4928 19284 3072 4821 19285 3065 4819 19286 2953 4929 19287 3055 4813 19288 3077 4811 19289 2949 4931 19290 3053 4805 19291 3080 4803 19292 2932 4850 19293 3059 4794 19294 3052 4796 19295 2935 4934 19296 2936 4950 19297 3054 4923 19298 2934 4935 19299 2935 4934 19300 3081 4787 19301 2931 4933 19302 3052 4796 19303 3076 4798 19304 2950 4937 19305 3063 4807 19306 3053 4805 19307 2985 4938 19308 3055 4813 19309 3060 4816 19310 2926 4939 19311 3079 4823 19312 3072 4821 19313 2930 4936 19314 3076 4798 19315 3069 4829 19316 2941 4940 19317 2942 4925 19318 3068 4837 19319 2937 4941 19320 2938 4924 19321 3071 4845 19322 2939 4942 19323 2940 4849 19324 3057 4841 19325 2944 4943 19326 3051 4832 19327 3075 4835 19328 2928 4927 19329 3062 4827 19330 3050 4825 19331 2924 4851 19332 3065 4819 19333 3056 4817 19334 2952 4930 19335 3077 4811 19336 3070 4809 19337 2948 4932 19338 3080 4803 19339 3073 4800 19340 2933 4949 19341 3067 4792 19342 3059 4794 19343 2933 4949 19344 2934 4935 19345 3074 4790 19346 2947 4948 19347 3073 4800 19348 3066 4802 19349 2951 4947 19350 3070 4809 19351 3063 4807 19352 2923 4946 19353 3056 4817 19354 3060 4816 19355 2927 4945 19356 3050 4825 19357 3079 4823 19358 2945 4854 19359 3058 4853 19360 3051 4832 19361 2940 4849 19362 2941 4940 19363 3061 4839 19364 2936 4950 19365 2937 4941 19366 3064 4847 19367 3058 4853 19368 3066 4802 19369 2978 4801 19370 3102 4951 19371 3103 4955 19372 3105 4952 19373 3100 4954 19374 3101 5085 19375 3103 4955 19376 3130 4956 19377 3129 4994 19378 3131 4957 19379 3095 4962 19380 3097 4960 19381 3098 4959 19382 3124 4964 19383 3125 4968 19384 3127 4965 19385 3122 4967 19386 3123 5002 19387 3125 4968 19388 3089 4969 19389 3091 4997 19390 3092 4970 19391 3118 4972 19392 3119 5006 19393 3121 4973 19394 3085 4975 19395 3087 4989 19396 3088 4976 19397 3114 4978 19398 3115 5007 19399 3117 4979 19400 3082 4981 19401 3144 5009 19402 3143 4982 19403 3083 4984 19404 3085 4975 19405 3086 4977 19406 3139 4986 19407 3141 5008 19408 3142 4987 19409 3087 4989 19410 3089 4969 19411 3090 4971 19412 3131 4957 19413 3133 4996 19414 3134 4990 19415 3135 4991 19416 3137 5082 19417 3138 4992 19418 3126 4966 19419 3127 4965 19420 3129 4994 19421 3133 4996 19422 3135 4991 19423 3136 4993 19424 3091 4997 19425 3093 4999 19426 3094 4998 19427 3093 4999 19428 3095 4962 19429 3096 4963 19430 3104 4953 19431 3105 4952 19432 3107 5000 19433 3120 4974 19434 3121 4973 19435 3123 5002 19436 3108 5003 19437 3109 5078 19438 3111 5004 19439 3116 4980 19440 3117 4979 19441 3119 5006 19442 3145 4983 19443 3083 4984 19444 3084 4985 19445 3082 4981 19446 3084 4985 19447 3086 4977 19448 3086 4977 19449 3088 4976 19450 3090 4971 19451 3090 4971 19452 3092 4970 19453 3094 4998 19454 3094 4998 19455 3096 4963 19456 3098 4959 19457 3098 4959 19458 3100 4954 19459 3102 4951 19460 3102 4951 19461 3104 4953 19462 3106 5001 19463 3106 5001 19464 3108 5003 19465 3110 5005 19466 3110 5005 19467 3112 5011 19468 3114 4978 19469 3114 4978 19470 3116 4980 19471 3118 4972 19472 3118 4972 19473 3120 4974 19474 3122 4967 19475 3122 4967 19476 3124 4964 19477 3126 4966 19478 3126 4966 19479 3128 4995 19480 3130 4956 19481 3130 4956 19482 3132 4958 19483 3134 4990 19484 3134 4990 19485 3136 4993 19486 3138 4992 19487 3138 4992 19488 3140 4988 19489 3142 4987 19490 3142 4987 19491 3144 5009 19492 3082 4981 19493 3082 4981 19494 3086 4977 19495 3098 4959 19496 3086 4977 19497 3090 4971 19498 3098 4959 19499 3090 4971 19500 3094 4998 19501 3098 4959 19502 3098 4959 19503 3102 4951 19504 3106 5001 19505 3106 5001 19506 3110 5005 19507 3098 4959 19508 3110 5005 19509 3114 4978 19510 3098 4959 19511 3114 4978 19512 3118 4972 19513 3130 4956 19514 3118 4972 19515 3122 4967 19516 3130 4956 19517 3122 4967 19518 3126 4966 19519 3130 4956 19520 3130 4956 19521 3134 4990 19522 3082 4981 19523 3134 4990 19524 3138 4992 19525 3082 4981 19526 3138 4992 19527 3142 4987 19528 3082 4981 19529 3082 4981 19530 3098 4959 19531 3114 4978 19532 3083 4984 19533 3145 4983 19534 3143 4982 19535 3143 4982 19536 3141 5008 19537 3139 4986 19538 3139 4986 19539 3137 5082 19540 3135 4991 19541 3135 4991 19542 3133 4996 19543 3139 4986 19544 3133 4996 19545 3131 4957 19546 3139 4986 19547 3131 4957 19548 3129 4994 19549 3123 5002 19550 3129 4994 19551 3127 4965 19552 3123 5002 19553 3127 4965 19554 3125 4968 19555 3123 5002 19556 3123 5002 19557 3121 4973 19558 3119 5006 19559 3119 5006 19560 3117 4979 19561 3115 5007 19562 3115 5007 19563 3113 5010 19564 3111 5004 19565 3111 5004 19566 3109 5078 19567 3115 5007 19568 3109 5078 19569 3107 5000 19570 3115 5007 19571 3107 5000 19572 3105 4952 19573 3099 4961 19574 3105 4952 19575 3103 4955 19576 3099 4961 19577 3103 4955 19578 3101 5085 19579 3099 4961 19580 3099 4961 19581 3097 4960 19582 3095 4962 19583 3095 4962 19584 3093 4999 19585 3091 4997 19586 3091 4997 19587 3089 4969 19588 3087 4989 19589 3087 4989 19590 3085 4975 19591 3091 4997 19592 3085 4975 19593 3083 4984 19594 3091 4997 19595 3083 4984 19596 3143 4982 19597 3131 4957 19598 3143 4982 19599 3139 4986 19600 3131 4957 19601 3123 5002 19602 3119 5006 19603 3115 5007 19604 3099 4961 19605 3095 4962 19606 3091 4997 19607 3131 4957 19608 3123 5002 19609 3083 4984 19610 3123 5002 19611 3115 5007 19612 3083 4984 19613 3115 5007 19614 3107 5000 19615 3099 4961 19616 3099 4961 19617 3091 4997 19618 3115 5007 19619 3141 5008 19620 3143 4982 19621 3144 5009 19622 3110 5005 19623 3111 5004 19624 3113 5010 19625 3305 5012 19626 3191 5016 19627 3192 5013 19628 3298 5015 19629 3190 5018 19630 3191 5016 19631 3291 5017 19632 3189 5020 19633 3190 5018 19634 3283 5019 19635 3188 5022 19636 3189 5020 19637 3276 5021 19638 3187 5024 19639 3188 5022 19640 3300 5023 19641 3186 6810 19642 3187 5024 19643 3202 5025 19644 3203 5028 19645 3297 5026 19646 3203 5028 19647 3204 5030 19648 3304 5029 19649 3204 5030 19650 3205 5032 19651 3277 5031 19652 3205 5032 19653 3206 5034 19654 3287 5033 19655 3206 5034 19656 3207 5036 19657 3294 5035 19658 3207 5036 19659 3208 5038 19660 3301 5037 19661 3208 5038 19662 3209 5162 19663 3279 5039 19664 3279 5039 19665 3284 5044 19666 3146 5040 19667 3178 5042 19668 3179 5045 19669 3280 5043 19670 3179 5045 19671 3180 5047 19672 3289 5046 19673 3180 5047 19674 3181 5049 19675 3296 5048 19676 3181 5049 19677 3182 5051 19678 3303 5050 19679 3182 5051 19680 3183 5053 19681 3274 5052 19682 3183 5053 19683 3184 5055 19684 3286 5054 19685 3184 5055 19686 3185 5057 19687 3293 5056 19688 3185 5057 19689 3186 6810 19690 3300 5023 19691 3275 5058 19692 3200 5062 19693 3201 5059 19694 3299 5061 19695 3199 5064 19696 3200 5062 19697 3292 5063 19698 3198 5066 19699 3199 5064 19700 3285 5065 19701 3197 5068 19702 3198 5066 19703 3281 5067 19704 3196 5070 19705 3197 5068 19706 3302 5069 19707 3195 5072 19708 3196 5070 19709 3178 5042 19710 3209 5162 19711 3208 5038 19712 3208 5038 19713 3207 5036 19714 3178 5042 19715 3207 5036 19716 3206 5034 19717 3178 5042 19718 3206 5034 19719 3205 5032 19720 3182 5051 19721 3205 5032 19722 3204 5030 19723 3182 5051 19724 3204 5030 19725 3203 5028 19726 3182 5051 19727 3203 5028 19728 3202 5025 19729 3183 5053 19730 3182 5051 19731 3203 5028 19732 3183 5053 19733 3202 5025 19734 3201 5059 19735 3186 6810 19736 3201 5059 19737 3200 5062 19738 3186 6810 19739 3200 5062 19740 3199 5064 19741 3186 6810 19742 3199 5064 19743 3198 5066 19744 3187 5024 19745 3186 6810 19746 3199 5064 19747 3187 5024 19748 3198 5066 19749 3197 5068 19750 3190 5018 19751 3197 5068 19752 3196 5070 19753 3190 5018 19754 3196 5070 19755 3195 5072 19756 3194 5074 19757 3194 5074 19758 3193 5144 19759 3192 5013 19760 3192 5013 19761 3191 5016 19762 3194 5074 19763 3191 5016 19764 3190 5018 19765 3194 5074 19766 3190 5018 19767 3189 5020 19768 3198 5066 19769 3189 5020 19770 3188 5022 19771 3198 5066 19772 3188 5022 19773 3187 5024 19774 3198 5066 19775 3186 6810 19776 3185 5057 19777 3202 5025 19778 3185 5057 19779 3184 5055 19780 3202 5025 19781 3184 5055 19782 3183 5053 19783 3202 5025 19784 3182 5051 19785 3181 5049 19786 3206 5034 19787 3181 5049 19788 3180 5047 19789 3206 5034 19790 3180 5047 19791 3179 5045 19792 3178 5042 19793 3196 5070 19794 3194 5074 19795 3190 5018 19796 3295 5071 19797 3194 5074 19798 3195 5072 19799 3288 5073 19800 3193 5144 19801 3194 5074 19802 3146 5040 19803 3147 5169 19804 3150 5163 19805 3147 5169 19806 3148 5151 19807 3150 5163 19808 3148 5151 19809 3149 5150 19810 3150 5163 19811 3150 5163 19812 3151 5168 19813 3152 5149 19814 3152 5149 19815 3153 5148 19816 3150 5163 19817 3153 5148 19818 3154 5160 19819 3150 5163 19820 3154 5160 19821 3155 5156 19822 3158 5159 19823 3155 5156 19824 3156 5155 19825 3158 5159 19826 3156 5155 19827 3157 5172 19828 3158 5159 19829 3158 5159 19830 3159 5157 19831 3162 5145 19832 3159 5157 19833 3160 5158 19834 3162 5145 19835 3160 5158 19836 3161 5165 19837 3162 5145 19838 3162 5145 19839 3163 5146 19840 3164 5166 19841 3164 5166 19842 3165 5164 19843 3162 5145 19844 3165 5164 19845 3166 5075 19846 3162 5145 19847 3166 5075 19848 3167 5147 19849 3168 5167 19850 3168 5167 19851 3169 5077 19852 3170 5076 19853 3170 5076 19854 3171 5171 19855 3172 5154 19856 3172 5154 19857 3173 5153 19858 3174 5161 19859 3174 5161 19860 3175 5170 19861 3146 5040 19862 3175 5170 19863 3176 5152 19864 3146 5040 19865 3176 5152 19866 3177 5041 19867 3146 5040 19868 3166 5075 19869 3168 5167 19870 3170 5076 19871 3170 5076 19872 3172 5154 19873 3146 5040 19874 3172 5154 19875 3174 5161 19876 3146 5040 19877 3146 5040 19878 3150 5163 19879 3154 5160 19880 3154 5160 19881 3158 5159 19882 3146 5040 19883 3158 5159 19884 3162 5145 19885 3146 5040 19886 3162 5145 19887 3166 5075 19888 3146 5040 19889 3282 5060 19890 3290 5027 19891 3170 5076 19892 3106 5001 19893 3107 5000 19894 3109 5078 19895 3249 5079 19896 3247 5107 19897 3246 5080 19898 3137 5082 19899 3139 4986 19900 3140 4988 19901 3251 5083 19902 3249 5079 19903 3248 5081 19904 3098 4959 19905 3099 4961 19906 3101 5085 19907 3112 5011 19908 3113 5010 19909 3115 5007 19910 3268 5086 19911 3267 5141 19912 3265 5087 19913 3229 5089 19914 3227 5128 19915 3226 5090 19916 3235 5092 19917 3233 5120 19918 3232 5093 19919 3258 5095 19920 3257 5102 19921 3255 5096 19922 3255 5096 19923 3253 5099 19924 3254 5098 19925 3253 5099 19926 3251 5083 19927 3252 5100 19928 3260 5101 19929 3259 5104 19930 3257 5102 19931 3262 5103 19932 3261 5106 19933 3259 5104 19934 3264 5105 19935 3263 5119 19936 3261 5106 19937 3247 5107 19938 3245 5109 19939 3244 5108 19940 3245 5109 19941 3243 5111 19942 3242 5110 19943 3243 5111 19944 3241 5140 19945 3240 5112 19946 3272 5113 19947 3271 5116 19948 3269 5114 19949 3271 5116 19950 3272 5113 19951 3210 5117 19952 3266 5088 19953 3265 5087 19954 3263 5119 19955 3233 5120 19956 3231 5122 19957 3230 5121 19958 3231 5122 19959 3229 5089 19960 3228 5091 19961 3220 5123 19962 3221 5127 19963 3219 5124 19964 3222 5126 19965 3223 6811 19966 3221 5127 19967 3227 5128 19968 3225 5143 19969 3224 5129 19970 3218 5125 19971 3219 5124 19972 3217 5130 19973 3216 5131 19974 3217 5130 19975 3215 5132 19976 3213 5134 19977 3212 5136 19978 3214 5133 19979 3211 5135 19980 3210 5117 19981 3212 5136 19982 3239 5137 19983 3237 5142 19984 3236 5138 19985 3241 5140 19986 3239 5137 19987 3238 5139 19988 3270 5115 19989 3269 5114 19990 3267 5141 19991 3212 5136 19992 3210 5117 19993 3268 5086 19994 3210 5117 19995 3272 5113 19996 3268 5086 19997 3272 5113 19998 3270 5115 19999 3268 5086 20000 3268 5086 20001 3266 5088 20002 3264 5105 20003 3264 5105 20004 3262 5103 20005 3260 5101 20006 3260 5101 20007 3258 5095 20008 3252 5100 20009 3258 5095 20010 3256 5097 20011 3252 5100 20012 3256 5097 20013 3254 5098 20014 3252 5100 20015 3252 5100 20016 3250 5084 20017 3248 5081 20018 3248 5081 20019 3246 5080 20020 3252 5100 20021 3246 5080 20022 3244 5108 20023 3252 5100 20024 3244 5108 20025 3242 5110 20026 3236 5138 20027 3242 5110 20028 3240 5112 20029 3236 5138 20030 3240 5112 20031 3238 5139 20032 3236 5138 20033 3236 5138 20034 3234 5094 20035 3232 5093 20036 3232 5093 20037 3230 5121 20038 3228 5091 20039 3228 5091 20040 3226 5090 20041 3224 5129 20042 3224 5129 20043 3222 5126 20044 3220 5123 20045 3220 5123 20046 3218 5125 20047 3216 5131 20048 3216 5131 20049 3214 5133 20050 3220 5123 20051 3214 5133 20052 3212 5136 20053 3220 5123 20054 3268 5086 20055 3264 5105 20056 3212 5136 20057 3264 5105 20058 3260 5101 20059 3212 5136 20060 3236 5138 20061 3232 5093 20062 3244 5108 20063 3232 5093 20064 3228 5091 20065 3244 5108 20066 3228 5091 20067 3224 5129 20068 3220 5123 20069 3260 5101 20070 3252 5100 20071 3244 5108 20072 3228 5091 20073 3220 5123 20074 3212 5136 20075 3212 5136 20076 3260 5101 20077 3228 5091 20078 3273 5118 20079 3211 5135 20080 3217 5130 20081 3211 5135 20082 3213 5134 20083 3217 5130 20084 3213 5134 20085 3215 5132 20086 3217 5130 20087 3217 5130 20088 3219 5124 20089 3221 5127 20090 3221 5127 20091 3223 6811 20092 3225 5143 20093 3225 5143 20094 3227 5128 20095 3233 5120 20096 3227 5128 20097 3229 5089 20098 3233 5120 20099 3229 5089 20100 3231 5122 20101 3233 5120 20102 3233 5120 20103 3235 5092 20104 3237 5142 20105 3237 5142 20106 3239 5137 20107 3233 5120 20108 3239 5137 20109 3241 5140 20110 3233 5120 20111 3241 5140 20112 3243 5111 20113 3245 5109 20114 3245 5109 20115 3247 5107 20116 3249 5079 20117 3249 5079 20118 3251 5083 20119 3257 5102 20120 3251 5083 20121 3253 5099 20122 3257 5102 20123 3253 5099 20124 3255 5096 20125 3257 5102 20126 3257 5102 20127 3259 5104 20128 3261 5106 20129 3261 5106 20130 3263 5119 20131 3257 5102 20132 3263 5119 20133 3265 5087 20134 3257 5102 20135 3265 5087 20136 3267 5141 20137 3273 5118 20138 3267 5141 20139 3269 5114 20140 3273 5118 20141 3269 5114 20142 3271 5116 20143 3273 5118 20144 3217 5130 20145 3221 5127 20146 3225 5143 20147 3241 5140 20148 3245 5109 20149 3257 5102 20150 3245 5109 20151 3249 5079 20152 3257 5102 20153 3273 5118 20154 3217 5130 20155 3225 5143 20156 3225 5143 20157 3233 5120 20158 3273 5118 20159 3233 5120 20160 3241 5140 20161 3273 5118 20162 3257 5102 20163 3265 5087 20164 3273 5118 20165 3237 5142 20166 3235 5092 20167 3234 5094 20168 3225 5143 20169 3223 6811 20170 3222 5126 20171 3278 5014 20172 3192 5013 20173 3193 5144 20174 3162 5145 20175 3295 5071 20176 3302 5069 20177 3166 5075 20178 3292 5063 20179 3299 5061 20180 3286 5054 20181 3293 5056 20182 3153 5148 20183 3289 5046 20184 3296 5048 20185 3149 5150 20186 3301 5037 20187 3279 5039 20188 3177 5041 20189 3304 5029 20190 3277 5031 20191 3173 5153 20192 3276 5021 20193 3283 5019 20194 3156 5155 20195 3159 5157 20196 3305 5012 20197 3278 5014 20198 3158 5159 20199 3298 5015 20200 3305 5012 20201 3300 5023 20202 3276 5021 20203 3155 5156 20204 3277 5031 20205 3287 5033 20206 3174 5161 20207 3209 5162 20208 3178 5042 20209 3284 5044 20210 3296 5048 20211 3303 5050 20212 3150 5163 20213 3293 5056 20214 3300 5023 20215 3154 5160 20216 3165 5164 20217 3285 5065 20218 3292 5063 20219 3161 5165 20220 3288 5073 20221 3295 5071 20222 3163 5146 20223 3302 5069 20224 3281 5067 20225 3299 5061 20226 3275 5058 20227 3168 5167 20228 3274 5052 20229 3286 5054 20230 3152 5149 20231 3280 5043 20232 3289 5046 20233 3148 5151 20234 3294 5035 20235 3301 5037 20236 3176 5152 20237 3297 5026 20238 3304 5029 20239 3172 5154 20240 3283 5019 20241 3291 5017 20242 3157 5172 20243 3157 5172 20244 3291 5017 20245 3298 5015 20246 3290 5027 20247 3297 5026 20248 3171 5171 20249 3287 5033 20250 3294 5035 20251 3175 5170 20252 3284 5044 20253 3280 5043 20254 3147 5169 20255 3303 5050 20256 3274 5052 20257 3151 5168 20258 3275 5058 20259 3282 5060 20260 3169 5077 20261 3164 5166 20262 3281 5067 20263 3285 5065 20264 3160 5158 20265 3278 5014 20266 3288 5073 20267 3282 5060 20268 3201 5059 20269 3202 5025 20270 3317 5173 20271 3309 6812 20272 3308 5174 20273 3309 5176 20274 3313 5176 20275 3312 5177 20276 3321 5179 20277 3311 6813 20278 3310 5180 20279 3311 5182 20280 3307 5182 20281 3306 5183 20282 3312 5185 20283 3332 6814 20284 3333 5186 20285 3316 5188 20286 3307 6815 20287 3311 5189 20288 3309 5191 20289 3317 5192 20290 3320 5191 20291 3326 5193 20292 3325 6816 20293 3322 5194 20294 3318 5196 20295 3337 5251 20296 3351 5197 20297 3306 5199 20298 3331 6817 20299 3335 5200 20300 3312 5202 20301 3313 1368 20302 3320 5203 20303 3345 1368 20304 3321 5179 20305 3318 5181 20306 3306 5205 20307 3307 1159 20308 3316 5206 20309 3360 5208 20310 3354 1159 20311 3317 5173 20312 3346 5209 20313 3322 5339 20314 3325 5210 20315 3363 5212 20316 3328 5228 20317 3324 5213 20318 3348 5215 20319 3381 6818 20320 3380 5216 20321 3329 5218 20322 3323 6819 20323 3324 5219 20324 3339 5221 20325 3329 5323 20326 3328 5222 20327 3338 5224 20328 3327 1159 20329 3348 5225 20330 3365 5227 20331 3341 6820 20332 3328 5228 20333 3340 5229 20334 3326 6821 20335 3327 5230 20336 3337 5232 20337 3335 6822 20338 3331 5233 20339 3332 5235 20340 3334 5301 20341 3336 5236 20342 3351 5238 20343 3337 1755 20344 3330 5239 20345 3314 5241 20346 3336 5253 20347 3364 5242 20348 3315 5244 20349 3330 5272 20350 3331 5245 20351 3319 5247 20352 3334 5292 20353 3332 5248 20354 3318 5196 20355 3310 6823 20356 3335 5250 20357 3314 5241 20358 3308 6824 20359 3333 5252 20360 3316 5254 20361 3321 6825 20362 3340 5255 20363 3361 5257 20364 3320 6826 20365 3341 5258 20366 3316 5260 20367 3338 6827 20368 3353 5261 20369 3317 5263 20370 3339 6828 20371 3341 5264 20372 3343 5262 20373 3353 5261 20374 3359 5266 20375 3321 5268 20376 3345 5304 20377 3352 5269 20378 3342 5271 20379 3350 5305 20380 3330 5272 20381 3358 5273 20382 3351 5238 20383 3350 5240 20384 3340 5275 20385 3352 5306 20386 3349 5276 20387 3353 5226 20388 3348 5225 20389 3357 5278 20390 3357 5278 20391 3348 5225 20392 3346 5280 20393 3326 5277 20394 3349 5276 20395 3347 5282 20396 3356 5283 20397 3346 6829 20398 3347 5284 20399 3315 5207 20400 3316 5206 20401 3343 5286 20402 3361 5288 20403 3345 1368 20404 3344 1368 20405 3355 5290 20406 3344 5198 20407 3351 5197 20408 3319 5247 20409 3355 5290 20410 3358 5291 20411 3320 5203 20412 3361 5288 20413 3355 5289 20414 3323 5293 20415 3356 6830 20416 3362 5294 20417 3357 5278 20418 3356 5281 20419 3323 5296 20420 3374 5298 20421 3367 6831 20422 3366 5299 20423 3334 5301 20424 3358 5273 20425 3364 5274 20426 3354 5267 20427 3359 5266 20428 3339 5302 20429 3345 5304 20430 3361 5257 20431 3365 5259 20432 3342 5271 20433 3360 5243 20434 3364 5242 20435 3352 5306 20436 3365 5227 20437 3363 5212 20438 3363 5212 20439 3362 5214 20440 3347 5282 20441 3342 5287 20442 3343 5286 20443 3354 1159 20444 3374 5307 20445 3375 6832 20446 3368 5308 20447 3376 5310 20448 3369 6833 20449 3368 5311 20450 3376 5313 20451 3377 5327 20452 3366 5314 20453 3359 5316 20454 3357 6834 20455 3371 5317 20456 3339 5319 20457 3359 6835 20458 3373 5320 20459 3339 5221 20460 3372 5331 20461 3370 5322 20462 3329 5324 20463 3370 6836 20464 3371 5325 20465 3373 5318 20466 3371 5317 20467 3377 5327 20468 3372 5328 20469 3373 6837 20470 3376 5329 20471 3372 5331 20472 3375 6832 20473 3374 5307 20474 3370 5332 20475 3374 6838 20476 3377 5333 20477 3327 5335 20478 3379 6839 20479 3381 5336 20480 3346 5209 20481 3380 6840 20482 3378 5338 20483 3327 5195 20484 3322 5194 20485 3378 5340 20486 3384 5342 20487 3385 6841 20488 3393 5343 20489 3388 5345 20490 3389 6842 20491 3385 5346 20492 3386 5348 20493 3387 1159 20494 3397 5349 20495 3386 5351 20496 3382 6843 20497 3383 5352 20498 3409 5185 20499 3408 6844 20500 3388 5354 20501 3387 1605 20502 3383 1605 20503 3392 1605 20504 3396 5191 20505 3393 5192 20506 3385 5191 20507 3403 5356 20508 3398 5499 20509 3401 5357 20510 3420 5359 20511 3427 6845 20512 3413 5360 20513 3411 5362 20514 3407 6846 20515 3382 5363 20516 3388 5365 20517 3395 5452 20518 3396 5366 20519 3394 5350 20520 3397 5349 20521 3421 5367 20522 3382 5369 20523 3391 5446 20524 3392 5370 20525 3436 5372 20526 3390 5344 20527 3393 5343 20528 3401 5374 20529 3398 5496 20530 3422 5375 20531 3439 5377 20532 3438 6847 20533 3400 5378 20534 3456 5380 20535 3457 6848 20536 3424 5381 20537 3400 5383 20538 3399 6849 20539 3405 5384 20540 3404 5386 20541 3405 5480 20542 3415 5387 20543 3424 5389 20544 3403 6850 20545 3414 5390 20546 3441 5391 20547 3439 5377 20548 3404 5379 20549 3414 5393 20550 3403 6851 20551 3402 5394 20552 3407 5396 20553 3411 5397 20554 3413 5396 20555 3412 5398 20556 3410 5460 20557 3408 5399 20558 3406 5401 20559 3413 6852 20560 3427 5402 20561 3440 5404 20562 3412 6853 20563 3390 5405 20564 3407 5407 20565 3406 6854 20566 3391 5408 20567 3408 5410 20568 3410 6855 20569 3395 5411 20570 3394 5361 20571 3413 5360 20572 3411 5413 20573 3390 5405 20574 3412 6853 20575 3409 5415 20576 3414 5417 20577 3416 6856 20578 3397 5418 20579 3437 5420 20580 3441 5463 20581 3417 5421 20582 3429 5423 20583 3414 6857 20584 3392 5424 20585 3417 5426 20586 3415 6858 20587 3393 5427 20588 3435 5428 20589 3429 5423 20590 3419 5425 20591 3397 5430 20592 3416 6859 20593 3428 5431 20594 3391 5408 20595 3406 6854 20596 3426 5433 20597 3426 5403 20598 3427 5402 20599 3434 5435 20600 3416 5436 20601 3402 5441 20602 3425 5437 20603 3433 5439 20604 3424 5389 20605 3429 1368 20606 3433 5439 20607 3432 6860 20608 3422 5440 20609 3402 5441 20610 3401 1159 20611 3423 5442 20612 3423 5443 20613 3422 6861 20614 3432 5444 20615 3391 5446 20616 3418 5464 20617 3419 5447 20618 3420 5368 20619 3421 5367 20620 3437 5448 20621 3434 5450 20622 3427 6845 20623 3420 5359 20624 3395 5411 20625 3410 6855 20626 3434 5450 20627 3431 5449 20628 3437 5448 20629 3396 5366 20630 3438 5453 20631 3432 5295 20632 3399 5454 20633 3399 5456 20634 3432 6860 20635 3433 5439 20636 3442 5457 20637 3443 6862 20638 3450 5458 20639 3440 1755 20640 3434 5435 20641 3410 5460 20642 3415 5461 20643 3435 5428 20644 3430 5429 20645 3421 5432 20646 3428 5431 20647 3441 5463 20648 3426 5433 20649 3440 5404 20650 3436 5406 20651 3428 5438 20652 3425 5437 20653 3439 5377 20654 3423 5442 20655 3438 6847 20656 3439 5377 20657 3418 5464 20658 3436 5372 20659 3430 5373 20660 3450 5465 20661 3443 6863 20662 3444 5466 20663 3444 5468 20664 3445 6864 20665 3452 5469 20666 3452 5471 20667 3445 5315 20668 3442 5472 20669 3449 5474 20670 3447 5485 20671 3433 5475 20672 3448 5477 20673 3449 6865 20674 3435 5478 20675 3405 5480 20676 3446 5489 20677 3448 5481 20678 3433 5482 20679 3447 6866 20680 3446 5483 20681 3449 5474 20682 3452 5471 20683 3453 5473 20684 3448 5486 20685 3451 6867 20686 3452 5487 20687 3450 5465 20688 3451 5467 20689 3448 5481 20690 3453 5490 20691 3450 6868 20692 3446 5491 20693 3457 5493 20694 3455 6869 20695 3403 5494 20696 3398 5496 20697 3454 6870 20698 3456 5497 20699 3455 5498 20700 3454 6871 20701 3398 5499 20702 3458 1159 20703 3459 6872 20704 3461 5500 20705 3461 5501 20706 3465 5523 20707 3464 5502 20708 3464 1368 20709 3465 5522 20710 3463 5504 20711 3463 5505 20712 3459 5521 20713 3458 1598 20714 3464 5506 20715 3462 6873 20716 3458 5506 20717 3470 5508 20718 3467 6874 20719 3468 5509 20720 3468 5511 20721 3467 6875 20722 3466 5512 20723 3472 5513 20724 3471 6876 20725 3468 5514 20726 3473 5515 20727 3466 6877 20728 3467 5516 20729 3472 5518 20730 3469 5519 20731 3466 5518 20732 3463 5505 20733 3472 6878 20734 3473 5520 20735 3461 5500 20736 3459 6872 20737 3473 5515 20738 3465 5522 20739 3471 6876 20740 3472 5513 20741 3465 5523 20742 3461 5501 20743 3470 5524 20744 3474 1368 20745 3476 1368 20746 3477 5526 20747 3480 1235 20748 3481 5545 20749 3477 5528 20750 3478 1159 20751 3479 1159 20752 3481 5529 20753 3474 1598 20754 3475 5543 20755 3479 5530 20756 3474 1755 20757 3478 1755 20758 3480 1755 20759 3484 5531 20760 3483 6879 20761 3486 5532 20762 3485 1605 20763 3482 1605 20764 3483 1605 20765 3488 5534 20766 3485 6880 20767 3484 5535 20768 3483 5537 20769 3482 6881 20770 3489 5538 20771 3482 5539 20772 3485 6882 20773 3488 5540 20774 3489 5542 20775 3488 5542 20776 3479 5530 20777 3477 5526 20778 3486 1368 20779 3489 5538 20780 3488 5534 20781 3487 5536 20782 3481 5529 20783 3487 5544 20784 3486 5544 20785 3477 5528 20786 3490 5546 20787 3491 6883 20788 3493 5547 20789 3492 1235 20790 3493 1235 20791 3497 1235 20792 3497 5549 20793 3495 5561 20794 3494 5550 20795 3495 5551 20796 3491 6884 20797 3490 5552 20798 3496 1755 20799 3494 1755 20800 3490 1755 20801 3502 5553 20802 3498 1159 20803 3499 5554 20804 3499 1605 20805 3498 1605 20806 3501 1605 20807 3502 5553 20808 3508 1159 20809 3507 1159 20810 3503 5556 20811 3499 6885 20812 3500 5557 20813 3504 5559 20814 3505 6886 20815 3500 5560 20816 3497 5549 20817 3505 6886 20818 3504 5559 20819 3493 5562 20820 3503 5563 20821 3505 5562 20822 3495 1598 20823 3504 1598 20824 3502 1598 20825 3493 5547 20826 3491 6883 20827 3502 5553 20828 3506 1368 20829 3510 1368 20830 3513 1368 20831 3498 1605 20832 3507 1605 20833 3506 1605 20834 3504 1755 20835 3509 1755 20836 3508 1755 20837 3501 1368 20838 3506 1368 20839 3509 1368 20840 3513 1598 20841 3510 1598 20842 3511 1598 20843 3507 1605 20844 3511 1605 20845 3510 1605 20846 3509 1755 20847 3513 1755 20848 3512 1755 20849 3508 1159 20850 3512 1159 20851 3511 1159 20852 3552 5564 20853 3559 1159 20854 3517 5565 20855 3544 5567 20856 3541 5615 20857 3521 5568 20858 3524 5573 20859 3525 6887 20860 3515 5574 20861 3603 1598 20862 3560 1598 20863 3618 1598 20864 3519 5576 20865 3530 5591 20866 3550 5577 20867 3529 5579 20868 3535 6888 20869 3537 5580 20870 3607 1159 20871 3618 1159 20872 3617 1159 20873 3547 5581 20874 3525 6889 20875 3524 5582 20876 3517 5584 20877 3523 5590 20878 3522 5585 20879 3583 5587 20880 3572 5664 20881 3526 1605 20882 3607 5588 20883 3583 5587 20884 3531 1605 20885 3517 5584 20886 3527 5605 20887 3528 5589 20888 3530 5591 20889 3519 5576 20890 3536 5592 20891 3525 5594 20892 3531 5625 20893 3526 5595 20894 3523 5590 20895 3528 5589 20896 3548 5597 20897 3515 5599 20898 3539 6890 20899 3596 5600 20900 3521 5602 20901 3537 6891 20902 3592 5603 20903 3527 5605 20904 3517 5584 20905 3538 5606 20906 3527 1605 20907 3533 1605 20908 3591 1605 20909 3526 5595 20910 3534 6892 20911 3539 5608 20912 3530 1605 20913 3532 1605 20914 3587 5609 20915 3596 5611 20916 3539 6893 20917 3534 5612 20918 3537 1368 20919 3535 1368 20920 3584 5614 20921 3541 5615 20922 3549 5616 20923 3529 5579 20924 3540 5598 20925 3548 5597 20926 3549 5616 20927 3579 5610 20928 3603 5617 20929 3550 1605 20930 3607 5588 20931 3551 1605 20932 3550 1605 20933 3519 5618 20934 3546 6894 20935 3543 5619 20936 3546 5621 20937 3547 6895 20938 3542 5622 20939 3547 5624 20940 3551 5626 20941 3531 5625 20942 3546 5578 20943 3550 5577 20944 3551 5626 20945 3571 1605 20946 3617 1605 20947 3618 1605 20948 3555 1605 20949 3616 1605 20950 3611 1605 20951 3522 5585 20952 3523 5590 20953 3540 5598 20954 3545 5627 20955 3540 5598 20956 3541 5615 20957 3544 5628 20958 3612 5694 20959 3608 5629 20960 3608 5629 20961 3612 5694 20962 3613 5631 20963 3613 5631 20964 3614 5628 20965 3610 5633 20966 3614 5628 20967 3543 5697 20968 3542 5634 20969 3545 5630 20970 3608 5629 20971 3568 5635 20972 3608 5629 20973 3609 5632 20974 3569 5637 20975 3609 5632 20976 3610 5633 20977 3570 5638 20978 3610 5633 20979 3542 5634 20980 3524 5639 20981 3548 1605 20982 3604 1605 20983 3600 1605 20984 3604 5640 20985 3555 6896 20986 3615 5641 20987 3605 1605 20988 3606 5683 20989 3602 5643 20990 3602 5644 20991 3606 6897 20992 3617 5645 20993 3529 1605 20994 3549 1605 20995 3600 1605 20996 3576 1605 20997 3600 1605 20998 3601 1605 20999 3601 1605 21000 3602 5643 21001 3578 5647 21002 3602 5643 21003 3603 5617 21004 3579 5610 21005 3595 5648 21006 3587 5652 21007 3532 5649 21008 3595 5648 21009 3594 5654 21010 3586 5651 21011 3593 5653 21012 3585 5655 21013 3586 5651 21014 3593 5653 21015 3592 1368 21016 3584 5614 21017 3599 5656 21018 3591 5660 21019 3533 5657 21020 3599 5656 21021 3598 1159 21022 3590 5659 21023 3597 5661 21024 3589 5662 21025 3590 5659 21026 3596 5611 21027 3588 5613 21028 3589 5662 21029 3529 1605 21030 3576 1605 21031 3584 1605 21032 3577 1605 21033 3585 1605 21034 3584 1605 21035 3577 1605 21036 3578 5647 21037 3586 5663 21038 3578 5647 21039 3579 5610 21040 3587 5609 21041 3572 5664 21042 3588 5666 21043 3534 1605 21044 3572 5664 21045 3573 5667 21046 3589 5665 21047 3574 1605 21048 3590 1605 21049 3589 5665 21050 3575 1605 21051 3591 1605 21052 3590 1605 21053 3567 5668 21054 3595 5671 21055 3536 5669 21056 3567 5668 21057 3566 5672 21058 3594 5670 21059 3566 5672 21060 3565 5674 21061 3593 5673 21062 3565 5674 21063 3564 5604 21064 3592 5603 21065 3559 5675 21066 3599 5679 21067 3538 5676 21068 3558 5678 21069 3598 5681 21070 3599 5679 21071 3558 5678 21072 3557 5679 21073 3597 5680 21074 3556 5601 21075 3596 5600 21076 3597 5680 21077 3528 1605 21078 3580 1605 21079 3604 1605 21080 3604 1605 21081 3580 1605 21082 3581 1605 21083 3605 1605 21084 3581 1605 21085 3582 5682 21086 3606 5683 21087 3582 5682 21088 3583 5587 21089 3528 1605 21090 3527 1605 21091 3575 1605 21092 3580 1605 21093 3575 1605 21094 3574 1605 21095 3581 1605 21096 3574 1605 21097 3573 5667 21098 3582 5682 21099 3573 5667 21100 3572 5664 21101 3522 5684 21102 3568 5687 21103 3552 5685 21104 3568 5687 21105 3569 5689 21106 3553 5688 21107 3569 5689 21108 3570 5691 21109 3554 5690 21110 3570 5691 21111 3524 6898 21112 3514 5692 21113 3520 5693 21114 3563 5694 21115 3612 5694 21116 3563 5694 21117 3562 5695 21118 3613 5631 21119 3562 5695 21120 3561 5696 21121 3614 5628 21122 3561 5696 21123 3518 6899 21124 3543 5697 21125 3521 1368 21126 3564 5698 21127 3563 1368 21128 3564 5698 21129 3565 5700 21130 3562 5699 21131 3565 5700 21132 3566 5702 21133 3561 5701 21134 3566 5702 21135 3567 5571 21136 3518 5570 21137 3514 1159 21138 3556 1159 21139 3557 5703 21140 3554 5704 21141 3557 5703 21142 3558 5705 21143 3553 5706 21144 3558 5705 21145 3559 1159 21146 3604 1159 21147 3605 1159 21148 3616 1159 21149 3601 5707 21150 3611 6900 21151 3616 5708 21152 3603 1368 21153 3602 1368 21154 3571 1368 21155 3600 1368 21156 3615 1368 21157 3611 1368 21158 3619 5710 21159 3620 6901 21160 3622 5711 21161 3634 5713 21162 3632 6902 21163 3650 5714 21164 3626 5716 21165 3624 6903 21166 3674 5717 21167 3630 5719 21168 3620 6904 21169 3619 5720 21170 3632 5722 21171 3665 1159 21172 3669 1159 21173 3622 5723 21174 3620 6905 21175 3630 5724 21176 3628 5725 21177 3630 5724 21178 3634 5726 21179 3621 5728 21180 3627 5743 21181 3629 5729 21182 3634 5731 21183 3630 5719 21184 3629 5721 21185 3621 5733 21186 3622 6906 21187 3628 5734 21188 3624 5736 21189 3648 5792 21190 3649 5737 21191 3644 5739 21192 3662 6907 21193 3661 5740 21194 3633 5742 21195 3632 6908 21196 3629 5729 21197 3627 5735 21198 3628 5734 21199 3631 5744 21200 3639 5745 21201 3678 5794 21202 3676 5746 21203 3637 5747 21204 3676 5746 21205 3679 5748 21206 3634 5750 21207 3652 6909 21208 3657 5751 21209 3643 5753 21210 3642 5767 21211 3660 5754 21212 3626 5756 21213 3638 5796 21214 3640 5757 21215 3653 1235 21216 3656 5759 21217 3680 5758 21218 3656 5759 21219 3655 5788 21220 3679 5760 21221 3634 5761 21222 3639 6910 21223 3637 5762 21224 3649 5764 21225 3650 5780 21226 3669 5765 21227 3644 5739 21228 3641 5741 21229 3642 5767 21230 3636 5768 21231 3654 6911 21232 3660 5769 21233 3636 5768 21234 3642 5770 21235 3641 5771 21236 3638 5773 21237 3644 5803 21238 3643 5774 21239 3651 5776 21240 3645 6912 21241 3646 5777 21242 3648 5779 21243 3652 5787 21244 3650 5780 21245 3682 5783 21246 3657 5786 21247 3658 5781 21248 3658 5781 21249 3654 5790 21250 3681 5782 21251 3656 5759 21252 3653 1235 21253 3661 5784 21254 3648 5779 21255 3658 5781 21256 3657 5786 21257 3646 5777 21258 3645 6912 21259 3655 5788 21260 3658 5781 21261 3659 6913 21262 3660 5789 21263 3624 5736 21264 3640 5757 21265 3658 5791 21266 3639 5745 21267 3657 6914 21268 3682 5793 21269 3625 1368 21270 3664 1368 21271 3667 1368 21272 3626 5756 21273 3646 5812 21274 3656 5795 21275 3635 5772 21276 3641 5771 21277 3661 5797 21278 3677 5799 21279 3681 6915 21280 3654 5800 21281 3638 5773 21282 3656 6916 21283 3662 5802 21284 3631 5804 21285 3645 6917 21286 3651 5805 21287 3640 5775 21288 3643 5774 21289 3659 5807 21290 3675 5809 21291 3677 5799 21292 3636 5801 21293 3626 5756 21294 3625 6918 21295 3647 5811 21296 3631 5813 21297 3637 6919 21298 3655 5814 21299 3664 5816 21300 3663 5820 21301 3665 5817 21302 3666 5818 21303 3668 6920 21304 3667 5819 21305 3663 5820 21306 3670 6921 21307 3669 5821 21308 3625 1368 21309 3623 5823 21310 3663 1368 21311 3647 5778 21312 3667 6922 21313 3668 5822 21314 3623 5823 21315 3649 6923 21316 3670 5824 21317 3632 5722 21318 3633 5826 21319 3666 5825 21320 3633 5826 21321 3651 1159 21322 3668 1159 21323 3671 5827 21324 3674 6924 21325 3673 5828 21326 3625 5830 21327 3626 6925 21328 3671 5831 21329 3623 5833 21330 3673 6926 21331 3674 5834 21332 3625 5836 21333 3672 6927 21334 3673 5837 21335 3678 5839 21336 3682 6928 21337 3681 5840 21338 3678 5839 21339 3677 5841 21340 3675 5842 21341 3680 5844 21342 3679 6929 21343 3676 5843 21344 3675 5809 21345 3635 5810 21346 3653 5845 21347</p>
        </triangles>
        <triangles material="BaseColor-material" count="1190">
          <input semantic="VERTEX" source="#Cylinder_016-mesh-vertices" offset="0"/>
          <input semantic="NORMAL" source="#Cylinder_016-mesh-normals" offset="1"/>
          <input semantic="TEXCOORD" source="#Cylinder_016-mesh-map-0" offset="2" set="0"/>
          <p>1156 1150 2340 1153 1151 2341 1157 1152 2342 1160 1153 2343 1238 1154 2344 1173 1155 2345 1152 1156 2346 1169 1157 2347 1166 1158 2348 1154 1159 2349 1157 1159 2350 1155 1159 2351 1156 1160 2352 1164 1161 2353 1169 1162 2354 1249 1163 2355 1175 1164 2356 1170 1165 2357 1160 1166 2358 1163 1167 2359 1161 1168 2360 1174 1169 2361 1244 1170 2362 1171 1171 2363 1250 1159 2364 1155 1159 2365 1251 1159 2366 1176 1172 2367 1154 1173 2368 1250 1174 2369 1188 1175 2370 1161 1176 2371 1172 1177 2372 1177 1178 2373 1155 1179 2374 1165 1180 2375 1163 1181 2376 1172 1182 2377 1161 1183 2378 1190 1184 2379 1189 1185 2380 1239 1186 2381 1208 1187 2382 1207 1188 2383 1183 1189 2384 1187 1190 2385 1237 1191 2386 1182 1192 2387 1202 1193 2388 1201 1194 2389 1246 1195 2390 1194 1196 2391 1193 1197 2392 1178 1198 2393 1204 1199 2394 1203 1200 2395 1240 1201 2396 1199 1202 2397 1248 1203 2398 1167 1204 2399 1196 1205 2400 1248 1203 2401 1197 1206 2402 1194 1196 2403 1243 1207 2404 1195 1208 2405 1178 1198 2406 1192 1209 2407 1186 1210 2408 1186 1210 2409 1190 1184 2410 1239 1186 2411 1239 1186 2412 1188 1175 2413 1172 1177 2414 1206 1220 2424 1205 1221 2425 1185 1222 2426 1170 1234 2439 1244 1235 2440 1171 1236 2441 1245 1237 2442 1241 1238 2443 1247 1239 2444 1166 1240 2445 1247 1239 2446 1152 1241 2447 1182 1192 2448 1179 1242 2449 1187 1190 2450 1242 1243 2451 1184 1244 2452 1241 1238 2453 1152 1245 2454 1246 1246 2455 1153 1247 2456 1247 1248 2457 1240 1249 2458 1246 1246 2459 1241 1250 2460 1185 1251 2461 1240 1249 2462 1184 1252 2463 1183 1253 2464 1185 1251 2465 1182 1254 2466 1236 1255 2467 1183 1253 2468 1161 1256 2469 1237 1257 2470 1160 1258 2471 1236 1259 2472 1211 1260 2473 1210 1261 2474 1208 1187 2475 1236 1259 2476 1209 1262 2477 1206 1220 2478 1183 1189 2479 1207 1188 2480 1204 1199 2481 1185 1222 2482 1205 1221 2483 1195 1208 2484 1196 1205 2485 1204 1199 2486 1202 1193 2487 1240 1201 2488 1203 1200 2489 1197 1206 2490 1198 1263 2491 1202 1193 2492 1200 1264 2493 1246 1195 2494 1201 1194 2495 1153 1265 2496 1168 1266 2497 1157 1267 2498 1165 1180 2499 1157 1267 2500 1168 1266 2501 1170 1234 2502 1158 1159 2503 1159 1159 2504 1249 1268 2505 1163 1269 2506 1162 1270 2507 1162 1271 2508 1173 1272 2509 1175 1164 2510 1209 1262 2583 1210 1261 2584 1190 1184 2585 1199 1345 2586 1153 1346 2587 1200 1264 2588 1191 1347 2589 1192 1209 2590 1208 1187 2591 1181 1348 2592 1251 1349 2593 1180 1350 2594 1254 1351 2595 1177 1352 2596 1176 1353 2597 1181 1348 2598 1176 1354 2599 1250 1355 2600 1180 1350 2601 1177 1352 2602 1253 1356 2603 1262 1369 2616 1259 1370 2617 1258 1371 2618 1344 1372 2619 1266 1373 2620 1279 1374 2621 1275 1375 2622 1258 1376 2623 1272 1377 2624 1260 1378 2625 1263 1379 2626 1262 1380 2627 1275 1381 2628 1260 1382 2629 1262 1383 2630 1281 1384 2631 1355 1385 2632 1276 1385 2633 1266 1386 2634 1269 1387 2635 1268 1388 2636 1350 1389 2637 1280 1390 2638 1277 1391 2639 1356 1392 2640 1261 1393 2641 1260 1378 2642 1282 1394 2643 1260 1395 2644 1270 1396 2645 1267 1397 2646 1294 1398 2647 1278 1399 2648 1283 1400 2649 1261 1401 2650 1357 1402 2651 1278 1403 2652 1269 1404 2653 1267 1405 2654 1296 1406 2655 1295 1407 2656 1316 1408 2657 1314 1409 2658 1313 1410 2659 1298 1411 2660 1343 1412 2661 1293 1413 2662 1288 1414 2663 1308 1415 2664 1307 1416 2665 1304 1417 2666 1300 1418 2667 1299 1419 2668 1312 1420 2669 1310 1421 2670 1309 1422 2671 1302 1423 2672 1305 1424 2673 1354 1425 2674 1304 1417 2675 1354 1425 2676 1302 1423 2677 1303 1426 2678 1349 1427 2679 1300 1418 2680 1301 1428 2681 1284 1429 2682 1298 1411 2683 1299 1419 2684 1292 1430 2685 1296 1406 2686 1297 1431 2687 1345 1432 2688 1294 1433 2689 1295 1407 2690 1312 1420 2700 1311 1443 2701 1300 1418 2702 1350 1235 2715 1276 1456 2716 1277 1236 2717 1347 1457 2718 1351 1458 2719 1353 1459 2720 1353 1459 2721 1272 1460 2722 1258 1461 2723 1285 1462 2724 1288 1414 2725 1293 1413 2726 1290 1463 2727 1348 1464 2728 1347 1457 2729 1258 1465 2730 1352 1466 2731 1353 1467 2732 1353 1467 2733 1346 1468 2734 1347 1469 2735 1347 1469 2736 1291 1470 2737 1290 1471 2738 1290 1471 2739 1289 1472 2740 1288 1473 2741 1288 1473 2742 1342 1474 2743 1343 1475 2744 1343 1475 2745 1267 1476 2746 1266 1477 2747 1317 1478 2748 1342 1479 2749 1316 1408 2750 1314 1409 2751 1342 1479 2752 1289 1480 2753 1312 1420 2754 1289 1480 2755 1291 1481 2756 1310 1421 2757 1291 1481 2758 1346 1482 2759 1301 1428 2760 1302 1423 2761 1349 1427 2762 1308 1415 2763 1346 1482 2764 1352 1483 2765 1303 1426 2766 1304 1417 2767 1354 1425 2768 1306 1484 2769 1352 1483 2770 1259 1485 2771 1259 1486 2772 1274 1487 2773 1273 1488 2774 1274 1487 2775 1261 1401 2776 1271 1489 2777 1264 1159 2778 1276 1456 2779 1265 1159 2780 1355 1490 2781 1269 1491 2782 1350 1492 2783 1279 1493 2784 1268 1494 2785 1281 1384 2786 1315 1567 2859 1316 1408 2860 1342 1479 2861 1305 1424 2862 1259 1485 2863 1273 1568 2864 1297 1431 2865 1298 1411 2866 1292 1430 2867 1357 1569 2868 1287 1570 2869 1286 1571 2870 1360 1572 2871 1283 1573 2872 1359 1574 2873 1287 1570 2874 1282 1575 2875 1360 1572 2876 1283 1576 2877 1286 1571 2878 1359 1577 2879 1668 2000 3435 1782 2001 3436 1784 2002 3437 1751 2003 3438 1821 2004 3439 1598 2005 3440 1752 2006 3441 1853 2007 3442 1828 2008 3443 1870 2009 3444 1725 2010 3445 1781 2011 3446 1676 2015 3450 1753 2016 3451 1754 2017 3452 1725 2018 3453 1819 2019 3454 1726 2020 3455 1849 2021 3456 1676 2022 3457 1677 2023 3458 1784 2027 3462 1830 2028 3463 1871 2029 3464 1630 2030 3465 1825 2031 3466 1818 2032 3467 1774 2039 3474 1861 2040 3475 1869 2041 3476 1692 2045 3480 1601 2046 3481 1681 2047 3482 1610 2051 3486 1739 2052 3487 1684 2053 3488 1713 2054 3489 1683 2055 3490 1705 2056 3491 1686 2057 3492 1640 2058 3493 1641 2059 3494 1702 2060 3495 1640 2058 3496 1685 2061 3497 1686 2057 3498 1884 2062 3499 1890 2063 3500 1885 2064 3501 1696 2065 3502 1606 2066 3503 1777 2067 3504 1717 2068 3505 1769 2069 3506 1687 2070 3507 1716 2071 3508 1717 2072 3509 1688 2073 3510 1664 2074 3511 1775 2075 3512 1700 2085 3522 1711 2086 3523 1716 2087 3524 1691 2088 3525 1615 2089 3526 1682 2090 3527 1602 2094 3531 1748 2095 3532 1597 2096 3533 1625 2097 3534 1698 2098 3535 1621 2099 3536 1763 2100 3537 1756 2101 3538 1762 2102 3539 1708 2103 3540 1644 2104 3541 1698 2105 3542 1743 2106 3543 1646 2107 3544 1702 2060 3545 1660 2108 3546 1687 2109 3547 1777 2110 3548 1617 2111 3549 1775 2112 3550 1656 2113 3551 1703 2114 3552 1744 2115 3553 1709 2116 3554 1611 2117 3555 1692 2118 3556 1681 2119 3557 1647 2120 3558 1682 2121 3559 1639 2122 3560 1756 2123 3561 1853 2124 3562 1704 2125 3563 1631 2126 3564 1625 2097 3565 1621 2099 3566 1883 2133 3573 1629 2134 3574 1887 2135 3575 1735 2136 3576 1608 2137 3577 1645 2138 3578 1673 2139 3579 1761 2140 3580 1752 2141 3581 1742 2142 3582 1710 2143 3583 1744 2144 3584 1704 2148 3588 1761 2149 3589 1791 2150 3590 1731 2151 3591 1727 2152 3592 1726 2153 3593 1824 2157 3597 1598 2158 3598 1821 2159 3599 1751 2003 3600 1611 2160 3601 1760 2161 3602 1639 2162 3603 1606 2163 3604 1601 2164 3605 1646 2107 3606 1596 2165 3607 1640 2058 3608 1645 2166 3609 1603 2167 3610 1642 2168 3611 1644 2104 3612 1651 2169 3613 1655 2170 3614 1681 2174 3618 1760 2161 3619 1611 2160 3620 1612 2178 3624 1778 2179 3625 1707 2180 3626 1642 2168 3627 1660 2108 3628 1664 2074 3629 1641 2059 3630 1885 2064 3631 1884 2062 3632 1629 2181 3633 1712 2182 3634 1616 2183 3635 1735 2184 3636 1713 2185 3637 1705 2186 3638 1649 2188 3642 1607 2189 3643 1644 2104 3644 1652 2190 3645 1698 2098 3646 1743 2191 3647 1699 2192 3648 1718 2193 3649 1710 2194 3650 1608 2137 3651 1683 2195 3652 1700 2196 3653 1601 2164 3660 1696 2200 3661 1681 2201 3662 1701 2202 3663 1642 2168 3664 1688 2073 3665 1607 2189 3666 1742 2203 3667 1651 2169 3668 1603 2167 3669 1700 2204 3670 1687 2109 3671 1757 2205 3672 1703 2206 3673 1709 2207 3674 1756 2208 3675 1791 2209 3676 1762 2210 3677 1682 2214 3681 1643 2215 3682 1639 2162 3683 1684 2219 3687 1645 2220 3688 1701 2221 3689 1628 2222 3690 1615 2223 3691 1630 2224 3692 1786 2225 3693 1713 2226 3694 1785 2227 3695 1632 2228 3696 1617 2229 3697 1633 2230 3698 1653 2231 3699 1621 2099 3700 1652 2190 3701 1598 2158 3702 1618 2232 3703 1611 2117 3704 1658 2235 3708 1617 2111 3709 1656 2113 3710 1629 2134 3711 1888 2236 3712 1887 2135 3713 1635 2237 3714 1712 2238 3715 1720 2239 3716 1838 2243 3720 1633 2244 3721 1658 2235 3722 1837 2245 3723 1631 2126 3724 1653 2231 3725 1828 2246 3726 1753 2247 3727 1752 2248 3728 1823 2249 3729 1632 2228 3730 1633 2230 3731 1827 2250 3732 1630 2224 3733 1818 2251 3734 1829 2252 3735 1636 2253 3736 1631 2126 3737 1719 2263 3747 1711 2264 3748 1713 2265 3749 1613 2275 3762 1630 2030 3763 1615 2089 3764 1716 2276 3765 1634 2277 3766 1721 2278 3767 1653 2231 3768 1831 2279 3769 1837 2245 3770 1712 2182 3771 1686 2280 3772 1616 2183 3773 1632 2228 3774 1784 2027 3775 1782 2281 3776 1725 2287 3783 1634 2288 3784 1719 2289 3785 1835 2293 3789 1726 2294 3790 1819 2295 3791 1721 2301 3798 1726 2302 3799 1727 2303 3800 1794 2304 3801 1791 2305 3802 1761 2306 3803 1732 2308 3807 1835 2309 3808 1862 2310 3809 1737 2314 3813 1789 2315 3814 1785 2316 3815 1698 2105 3819 1655 2170 3820 1743 2106 3821 1610 2320 3822 1701 2321 3823 1622 2322 3824 1616 2323 3825 1890 2324 3826 1888 2236 3827 1612 2178 3834 1699 2329 3835 1607 2189 3836 1622 2322 3837 1688 2330 3838 1617 2229 3839 1623 2331 3840 1685 2332 3841 1712 2238 3842 1620 2333 3843 1682 2334 3844 1615 2223 3845 1684 2335 3846 1738 2336 3847 1735 2337 3848 1604 2339 3852 1639 2122 3853 1601 2046 3854 1740 2341 3858 1783 2342 3859 1788 2343 3860 1741 2344 3861 1788 2345 3862 1789 2346 3863 1739 2347 3864 1741 2348 3865 1738 2349 3866 1652 2190 3867 1702 2350 3868 1623 2331 3869 1659 2353 3873 1832 2354 3874 1839 2355 3875 1653 2231 3876 1623 2331 3877 1635 2237 3878 1651 2169 3879 1703 2356 3880 1609 2357 3881 1655 2170 3882 1609 2357 3883 1646 2107 3884 1758 2358 3885 1679 2359 3886 1795 2360 3887 1864 2361 3888 1764 2362 3889 1854 2363 3890 1674 2364 3891 1848 2365 3892 1817 2366 3893 1794 2367 3894 1763 2368 3895 1792 2369 3896 1815 2370 3897 1594 2371 3898 1820 2372 3899 1672 2373 3900 1847 2374 3901 1675 2375 3902 1679 2376 3903 1594 2377 3904 1595 2378 3905 1817 2366 3906 1673 2379 3907 1674 2364 3908 1593 2380 3909 1757 2381 3910 1750 2382 3911 1673 2383 3912 1865 2384 3913 1756 2385 3914 1815 2386 3915 1667 2387 3916 1592 2388 3917 1672 2373 3918 1840 2389 3919 1814 2390 3920 1677 2391 3921 1754 2017 3922 1755 2392 3923 1752 2393 3924 1674 2394 3925 1673 2395 3926 1849 2396 3927 1675 2397 3928 1847 2398 3929 1889 2399 3930 1675 2400 3931 1677 2391 3932 1680 2401 3933 1594 2371 3934 1592 2402 3935 1915 2403 3936 1894 2404 3937 1913 2405 3938 1595 2406 3939 1748 2407 3940 1749 2408 3941 1749 2409 3942 1679 2376 3943 1595 2378 3944 1593 2380 3948 1864 2411 3949 1816 2412 3950 1843 2413 3951 1870 2414 3952 1781 2415 3953 1783 2416 3954 1669 2417 3955 1785 2418 3956 1661 2425 3963 1777 2110 3964 1778 2179 3965 1734 2426 3966 1862 2427 3967 1861 2428 3968 1658 2235 3975 1839 2355 3976 1838 2243 3977 1850 2433 3978 1629 2181 3979 1822 2434 3980 1781 2011 3981 1719 2435 3982 1787 2436 3983 1636 2253 3984 1657 2437 3985 1625 2097 3986 1659 2353 3987 1656 2113 3988 1657 2437 3989 1657 2437 3990 1708 2438 3991 1625 2097 3992 1665 2440 3996 1612 2178 3997 1649 2188 3998 1664 2074 3999 1661 2425 4000 1665 2440 4001 1738 2441 4002 1737 2442 4003 1735 2443 4004 1776 2444 4005 1649 2188 4006 1708 2103 4007 1775 2075 4008 1665 2440 4009 1776 2444 4010 1707 2445 4011 1770 2446 4012 1718 2447 4013 1773 2454 4020 1869 2041 4021 1868 2452 4022 1778 2455 4023 1769 2069 4024 1770 2446 4025 1656 2113 4026 1776 2456 4027 1657 2437 4028 1672 2373 4029 1779 2457 4030 1666 2458 4031 1592 2388 4032 1780 2459 4033 1680 2460 4034 1891 2461 4035 1672 2462 4036 1889 2463 4037 1669 2467 4041 1842 2468 4042 1843 2469 4043 1680 2470 4044 1779 2471 4045 1678 2472 4046 1641 2059 4047 1596 2165 4048 1602 2094 4049 1593 2473 4050 1820 2474 4051 1594 2377 4052 1748 2475 4053 1678 2476 4054 1597 2477 4055 1831 2279 4056 1720 2239 4057 1850 2478 4058 1750 2480 4062 1709 2481 4063 1764 2362 4064 1872 2484 4068 1754 2485 4069 1753 2247 4070 1874 2486 4071 1790 2487 4072 1755 2488 4073 1793 2489 4074 1763 2490 4075 1762 2491 4076 1795 2360 4077 1793 2492 4078 1758 2358 4079 1747 2493 4080 1759 2494 4081 1794 2495 4082 1747 2496 4083 1792 2497 4084 1795 2498 4085 1747 2496 4086 1679 2499 4087 1746 2500 4088 1746 2501 4089 1697 2502 4090 1747 2493 4091 1762 2503 4092 1759 2504 4093 1793 2505 4094 1793 2506 4095 1697 2507 4096 1758 2508 4097 1667 2387 4098 1799 2509 4099 1780 2459 4100 1841 2510 4101 1797 2511 4102 1667 2387 4103 1780 2512 4104 1798 2513 4105 1779 2514 4106 1666 2515 4107 1877 2516 4108 1840 2517 4109 1796 2518 4110 1803 2519 4111 1798 2520 4112 1875 2521 4113 1797 2522 4114 1876 2523 4115 1797 2522 4116 1798 2524 4117 1799 2525 4118 1800 2526 4119 1805 2527 4120 1804 2528 4121 1802 2529 4122 1807 2530 4123 1803 2519 4124 1666 2515 4125 1801 2531 4126 1800 2526 4127 1796 2518 4128 1878 1605 4129 1802 2529 4130 1798 2532 4131 1801 2533 4132 1779 2534 4133 1804 2535 4134 1809 2536 4135 1808 2537 4136 1806 2538 4137 1811 2539 4138 1807 2540 4139 1801 2541 4140 1807 2542 4141 1805 2543 4142 1802 2529 4143 1880 1605 4144 1806 2544 4145 1800 2526 4146 1879 2545 4147 1877 2516 4148 1808 2546 4149 1882 2547 4150 1881 2548 4151 1809 2549 4152 1810 2550 4153 1808 2546 4154 1807 2551 4155 1809 2552 4156 1805 2553 4157 1806 2538 4158 1882 2554 4159 1810 2555 4160 1879 2556 4161 1808 2537 4162 1881 2557 4163 1749 2558 4164 1596 2165 4165 1746 2501 4166 1812 2559 4167 1758 2560 4168 1697 2561 4169 1812 2562 4170 1813 2563 4171 1703 2356 4172 1813 2563 4173 1609 2357 4174 1703 2356 4175 1790 2564 4176 1889 2399 4177 1755 2392 4178 1913 2565 4179 1895 2566 4180 1912 2567 4181 1915 2568 4182 1893 2569 4183 1892 2570 4184 1892 2571 4185 1897 2572 4186 1896 2573 4187 1912 2574 4188 1893 2575 4189 1914 2576 4190 1760 2161 4191 1889 2463 4192 1751 2003 4193 1696 2577 4194 1891 2461 4195 1760 2161 4196 1874 2486 4197 1751 2578 4198 1790 2487 4199 1888 2236 4200 1695 2579 4201 1620 2333 4202 1887 2135 4203 1620 2333 4204 1628 2222 4205 1884 2062 4206 1606 2066 4207 1643 2580 4208 1827 2250 4209 1887 2135 4210 1628 2222 4211 1602 2094 4212 1886 2581 4213 1885 2064 4214 1890 2063 4215 1643 2580 4216 1695 2582 4217 1902 2583 4218 1908 2584 4219 1898 2585 4220 1892 2586 4221 1904 2587 4222 1894 2588 4223 1893 2589 4224 1905 2590 4225 1897 2591 4226 1894 2592 4227 1905 2593 4228 1895 2594 4229 1907 2595 4230 1900 2596 4231 1901 2597 4232 1896 2598 4233 1901 2599 4234 1900 2600 4235 1905 2601 4236 1901 2602 4237 1897 2603 4238 1904 2604 4239 1900 2605 4240 1906 2606 4241 1898 2607 4242 1905 2593 4243 1904 2608 4244 1902 2609 4245 1907 2610 4246 1903 2611 4247 1898 2607 4248 1906 2612 4249 1902 2609 4250 1903 2611 4251 1905 2593 4252 1899 2613 4253 1899 2617 4257 1908 2618 4258 1909 2619 4259 1903 2620 4260 1909 2621 4261 1911 2622 4262 1902 2623 4263 1911 2624 4264 1910 2625 4265 1678 2626 4266 1915 2403 4267 1913 2405 4268 1886 2627 4269 1915 2568 4270 1891 2628 4271 1597 2629 4272 1914 2576 4273 1886 2630 4274 1597 2631 4275 1913 2565 4276 1912 2567 4277 2112 2637 4293 1996 2638 4294 1842 2639 4295 1821 2004 4296 2079 2640 4297 1926 2641 4298 2080 2642 4299 1853 2007 4300 2032 2643 4301 1870 2009 4302 2053 2644 4303 1857 2645 4304 1982 2646 4305 1855 2647 4306 1966 2648 4307 2081 2649 4308 2004 2650 4309 2082 2651 4310 2053 2652 4311 1819 2019 4312 1857 2653 4313 2004 2654 4314 1849 2021 4315 2005 2655 4316 2112 2658 4320 1830 2028 4321 1960 2659 4322 1958 2660 4323 1825 2031 4324 1955 2661 4325 2102 2666 4332 1861 2667 4333 2062 2668 4334 1929 2672 4338 2020 2673 4339 2009 2674 4340 1938 2677 4344 2067 2678 4345 2068 2679 4346 2011 2680 4347 2041 2681 4348 2033 2682 4349 2014 2683 4350 1968 2684 4351 2013 2685 4352 1968 2684 4353 2030 2686 4354 2013 2685 4355 2142 2687 4356 2014 2683 4357 2148 2688 4358 2143 2689 4359 2024 2690 4360 2144 2691 4361 2105 2692 4362 2045 2693 4363 2015 2694 4364 2015 2695 4365 2044 2696 4366 2028 2697 4367 1992 2698 4368 2016 2699 4369 2103 2700 4370 2028 2710 4380 2039 2711 4381 2011 2712 4382 1943 2713 4383 2019 2714 4384 2010 2715 4385 2076 2719 4389 1930 2720 4390 1925 2721 4391 2026 2722 4392 1953 2723 4393 1949 2724 4394 2091 2725 4395 2084 2726 4396 2001 2727 4397 1972 2728 4398 2036 2729 4399 2026 2730 4400 1974 2731 4401 2071 2732 4402 2030 2686 4403 1988 2733 4404 2015 2734 4405 1931 2735 4406 2103 2736 4407 1945 2737 4408 1984 2738 4409 2031 2739 4410 2072 2740 4411 2070 2741 4412 1939 2742 4413 2020 2743 4414 1946 2744 4415 2010 2745 4416 1975 2746 4417 1967 2747 4418 2084 2748 4419 1853 2124 4420 1865 2749 4421 1959 2750 4422 1953 2723 4423 1964 2751 4424 1883 2133 4431 1957 2757 4432 1822 2758 4433 1936 2759 4434 2063 2760 4435 1973 2761 4436 2001 2762 4437 2089 2763 4438 2091 2764 4439 2070 2765 4440 2038 2766 4441 2027 2767 4442 2032 2771 4446 2089 2772 4447 2080 2773 4448 2055 2774 4449 2059 2775 4450 2054 2776 4451 1926 2778 4455 1824 2157 4456 1821 2159 4457 2079 2640 4458 1939 2779 4459 1926 2641 4460 1967 2780 4461 1934 2781 4462 1971 2782 4463 1924 2783 4464 1974 2731 4465 1968 2684 4466 1931 2735 4467 1973 1368 4468 1970 2784 4469 1979 2785 4470 1972 2728 4471 1983 2786 4472 2009 2790 4476 2088 2791 4477 2024 2792 4478 1940 2796 4482 2106 2797 4483 1989 2798 4484 1988 2733 4485 1970 2784 4486 1992 2698 4487 2143 2689 4488 1969 2799 4489 2142 2687 4490 1957 2800 4491 2040 2801 4492 2048 2802 4493 2063 2803 4494 2041 2804 4495 2065 2805 4496 1935 2807 4500 1977 2808 4501 1972 2728 4502 1980 2809 4503 2026 2722 4504 1949 2724 4505 2027 2810 4506 2046 2811 4507 2035 2812 4508 1936 2759 4509 2011 2813 4510 2033 2814 4511 1929 2817 4518 2024 2818 4519 1934 2781 4520 1970 2784 4521 2029 2819 4522 2016 2699 4523 2070 2820 4524 1935 2807 4525 1979 2785 4526 1931 2735 4527 2028 2821 4528 1936 2822 4529 2085 2823 4530 2031 2824 4531 2140 2825 4532 2119 2826 4533 2084 2827 4534 2090 2828 4535 2010 2832 4539 1971 2782 4540 2023 2833 4541 1973 2837 4545 2012 2838 4546 2029 2839 4547 1943 2840 4548 1956 2841 4549 1958 2842 4550 2041 2843 4551 2047 2844 4552 2114 2845 4553 1945 2846 4554 1960 2659 4555 1961 2847 4556 1980 2809 4557 1959 2750 4558 1981 2848 4559 1926 2778 4560 1946 2744 4561 1927 2849 4562 1984 2738 4566 1961 2850 4567 1986 2851 4568 2146 2852 4569 1957 2757 4570 2145 2853 4571 2040 2854 4572 1963 2855 4573 2048 2856 4574 1838 2243 4578 1961 2850 4579 1823 2860 4580 1837 2245 4581 1959 2750 4582 1829 2252 4583 1828 2246 4584 2081 2861 4585 1872 2484 4586 1823 2249 4587 1960 2659 4588 1830 2028 4589 1958 2842 4590 1827 2250 4591 1818 2251 4592 1829 2252 4593 1964 2751 4594 1832 2354 4595 2039 2871 4605 2047 2872 4606 2041 2873 4607 1943 2713 4620 1955 2661 4621 1941 2883 4622 2044 2884 4623 1962 2885 4624 2039 2886 4625 1981 2848 4626 1831 2279 4627 1963 2855 4628 2014 2887 4629 2040 2801 4630 1944 2888 4631 1938 2889 4632 2111 2890 4633 2110 2891 4634 1962 2897 4641 2053 2898 4642 2047 2899 4643 2054 2903 4647 1835 2293 4648 1819 2295 4649 2049 2908 4656 2054 2909 4657 1962 2910 4658 2122 2911 4659 2119 2912 4660 2087 2913 4661 2060 2915 4665 1835 2916 4666 2059 2917 4667 2065 2921 4671 2117 2922 4672 2069 2923 4673 1983 2786 4677 2026 2730 4678 2071 2732 4679 2029 2927 4680 1938 2889 4681 1950 2928 4682 2148 2929 4683 1944 2930 4684 2146 2852 4685 2027 2935 4692 1940 2796 4693 1935 2807 4694 2016 2936 4695 1950 2928 4696 1945 2846 4697 2013 2937 4698 1951 2938 4699 2040 2854 4700 2010 2939 4701 1948 2940 4702 1943 2840 4703 2012 2941 4704 2066 2942 4705 2067 2943 4706 1967 2747 4710 1932 2945 4711 1929 2672 4712 2111 2947 4716 2068 2948 4717 2116 2949 4718 2116 2950 4719 2069 2951 4720 2117 2952 4721 2067 2953 4722 2069 2954 4723 2068 2955 4724 2030 2956 4725 1980 2809 4726 1951 2938 4727 1832 2354 4731 1987 2959 4732 1839 2355 4733 1951 2938 4734 1981 2848 4735 1963 2855 4736 2031 2960 4737 1979 2785 4738 1937 2961 4739 1937 2961 4740 1983 2786 4741 1974 2731 4742 2086 2962 4743 2007 2963 4744 2085 2964 4745 1864 2361 4746 2092 2965 4747 2078 2966 4748 2002 2967 4749 1848 2365 4750 2004 2968 4751 2091 2969 4752 2122 2970 4753 2120 2971 4754 1815 2370 4755 1922 2972 4756 1920 2973 4757 2000 2974 4758 1847 2374 4759 1814 2390 4760 1922 2975 4761 2007 2976 4762 1923 2977 4763 2001 2978 4764 1817 2366 4765 2002 2967 4766 1921 2979 4767 2085 2980 4768 2007 2981 4769 2001 2982 4770 1865 2384 4771 1846 2983 4772 1995 2984 4773 1815 2386 4774 1920 2985 4775 1840 2389 4776 2000 2974 4777 1814 2390 4778 2082 2651 4779 2005 2986 4780 2083 2987 4781 2080 2988 4782 2002 2989 4783 2081 2649 4784 2003 2990 4785 1849 2396 4786 1847 2398 4787 2003 2991 4788 2147 2992 4789 2005 2986 4790 1922 2972 4791 2008 2993 4792 1920 2973 4793 2152 2994 4794 2173 2995 4795 2171 2996 4796 1923 2997 4797 2076 2998 4798 2008 2993 4799 2007 2976 4800 2077 2999 4801 1923 2977 4802 1864 2411 4806 1921 2979 4807 1816 2412 4808 2109 3002 4809 1870 3003 4810 1843 3004 4811 2113 3005 4812 1997 3006 4813 2111 3007 4814 1989 2798 4821 2105 3014 4822 1988 2733 4823 2062 3015 4824 1862 3016 4825 2060 3017 4826 1986 2851 4833 1839 2355 4834 1987 2959 4835 1957 2800 4836 1850 2433 4837 1822 2434 4838 2109 3022 4839 2047 2844 4840 2053 2644 4841 1964 2751 4842 1985 3023 4843 1987 2959 4844 1985 3023 4845 1986 2851 4846 1987 2959 4847 2036 3024 4848 1985 3023 4849 1953 2723 4850 1940 2796 4854 1993 3026 4855 1977 2808 4856 1989 2798 4857 1992 2698 4858 1993 3026 4859 2065 3027 4860 2066 3028 4861 2063 3029 4862 1977 2808 4863 2104 3030 4864 2036 2729 4865 1993 3026 4866 2103 2700 4867 2104 3030 4868 2035 3031 4869 2098 3032 4870 2106 3033 4871 2101 3039 4878 1869 3040 4879 2102 2666 4880 2106 3033 4881 2097 3041 4882 2105 2692 4883 2104 3042 4884 1984 2738 4885 1985 3023 4886 2000 2974 4887 2107 3043 4888 2006 3044 4889 2108 3045 4890 1920 2985 4891 2008 3046 4892 2149 3047 4893 2000 3048 4894 2006 3049 4895 1997 3053 4899 1842 2468 4900 1996 3054 4901 2008 3055 4902 2107 3056 4903 2108 3057 4904 1969 2799 4905 1924 2783 4906 1968 2684 4907 1820 2474 4908 1921 3058 4909 1922 2975 4910 2076 3059 4911 2006 3060 4912 2008 3061 4913 1831 2279 4914 2048 2856 4915 1963 2855 4916 2078 2966 4920 2037 3063 4921 2085 3064 4922 2082 3067 4926 1872 2484 4927 2081 2861 4928 2083 3068 4929 1874 2486 4930 1873 3069 4931 2121 3070 4932 2091 3071 4933 2120 3072 4934 2121 3073 4935 2123 3074 4936 2086 2962 4937 2075 3075 4938 2087 3076 4939 2025 3077 4940 2120 3078 4941 2075 3079 4942 2123 3080 4943 2075 3079 4944 2007 3081 4945 2123 3080 4946 2025 3077 4947 2074 3082 4948 2075 3075 4949 2087 3083 4950 2090 3084 4951 2121 3085 4952 2025 3086 4953 2121 3087 4954 2086 3088 4955 2127 3089 4956 1995 2984 4957 2108 3045 4958 2125 3090 4959 1841 2510 4960 1995 2984 4961 2126 3091 4962 2108 3092 4963 2107 3093 4964 1877 2516 4965 1994 3094 4966 1840 2517 4967 2131 3095 4968 2124 3096 4969 2126 3097 4970 2125 3098 4971 1875 2521 4972 1876 2523 4973 2125 3098 4974 2126 3099 4975 2124 3100 4976 2128 3101 4977 2133 3102 4978 2129 3103 4979 2135 3104 4980 2130 3105 4981 2131 3095 4982 1994 3094 4983 2129 3103 4984 2107 3106 4985 2124 3096 4986 1878 1605 4987 1875 1605 4988 2129 3107 4989 2126 3108 4990 2107 3109 4991 2132 3110 4992 2137 3111 4993 2133 3112 4994 2139 3113 4995 2134 3114 4996 2135 3115 4997 2129 3116 4998 2135 3117 4999 2131 3118 5000 2130 3105 5001 1880 1605 5002 1878 1605 5003 1879 2545 5004 2128 3101 5005 1877 2516 5006 1881 2548 5007 2138 3119 5008 2136 3120 5009 2136 3120 5010 2139 3121 5011 2137 3122 5012 2137 3123 5013 2135 3124 5014 2133 3125 5015 2134 3114 5016 1882 2554 5017 1880 3126 5018 1879 2556 5019 2136 3127 5020 2132 3110 5021 2074 3082 5022 1924 2783 5023 2077 3128 5024 2140 2825 5025 2086 3129 5026 2085 2823 5027 2140 3130 5028 2141 3131 5029 2074 3082 5030 2141 3131 5031 1937 2961 5032 1924 2783 5033 2118 3132 5034 2083 2987 5035 2147 2992 5036 2153 3133 5037 2171 3134 5038 2170 3135 5039 2173 3136 5040 2151 3137 5041 2172 3138 5042 2150 3139 5043 2155 3140 5044 2151 3141 5045 2151 3142 5046 2170 3143 5047 2172 3144 5048 2088 2791 5049 2147 3145 5050 2149 3047 5051 2024 2792 5052 2149 3047 5053 2144 3146 5054 1874 2486 5055 2079 3147 5056 1852 3148 5057 2023 3149 5058 2146 2852 5059 1948 2940 5060 1948 2940 5061 2145 2853 5062 1956 2841 5063 1934 3150 5064 2142 2687 5065 1971 3151 5066 1827 2250 5067 2145 2853 5068 1883 2133 5069 1930 2720 5070 2144 2691 5071 1925 2721 5072 1971 3151 5073 2148 2688 5074 2023 3152 5075 2166 3153 5076 2160 3154 5077 2156 3155 5078 2162 3156 5079 2150 3157 5080 2152 3158 5081 2151 3159 5082 2163 3160 5083 2153 3161 5084 2163 3162 5085 2152 3163 5086 2153 3164 5087 2158 3165 5088 2165 3166 5089 2159 3167 5090 2154 3168 5091 2159 3169 5092 2155 3170 5093 2159 3171 5094 2163 3172 5095 2155 3173 5096 2162 3174 5097 2158 3175 5098 2154 3176 5099 2156 3177 5100 2163 3162 5101 2157 3178 5102 2165 3179 5103 2160 3180 5104 2161 3181 5105 2164 3182 5106 2156 3177 5107 2160 3180 5108 2157 3178 5109 2165 3179 5110 2161 3181 5111 2157 3186 5115 2166 3187 5116 2156 3188 5117 2161 3189 5118 2167 3190 5119 2157 3191 5120 2160 3192 5121 2169 3193 5122 2161 3194 5123 2006 3195 5124 2173 2995 5125 2149 3196 5126 2173 3136 5127 2144 3197 5128 2149 3198 5129 2172 3144 5130 1925 3199 5131 2144 3200 5132 1925 3201 5133 2171 3134 5134 2006 3202 5135 1927 3207 5151 2192 3208 5152 2191 3209 5153 1955 3210 5154 2188 3211 5155 1941 3212 5156 2019 3213 5157 2193 3214 5158 1975 3204 5159 1946 3215 5160 2189 3216 5161 2192 3208 5162 1824 3217 5163 2191 3209 5164 2179 3218 5165 1825 3219 5166 2194 3220 5167 1955 3210 5168 1941 3212 5172 2195 3223 5173 2019 3224 5174 1599 3228 5178 2184 3229 5179 1618 3230 5180 2180 3231 5181 1627 3232 5182 1613 3233 5183 2185 3234 5184 1691 3235 5185 1647 3226 5186 1618 3230 5187 2181 3236 5188 1692 3237 5189 1824 3217 5190 2183 3238 5191 1599 3228 5192 2186 3239 5193 1825 3219 5194 1627 3232 5195 2187 3242 5199 1613 3233 5200 1691 3243 5201 1156 1150 13344 1152 5849 13345 1153 1151 13346 1160 1153 13347 1237 1191 13348 1238 1154 13349 1152 1156 13350 1156 5850 13351 1169 1157 13352 1154 1159 13353 1156 1159 13354 1157 1159 13355 1156 1160 13356 1154 5851 13357 1164 1161 13358 1249 1163 13359 1162 1271 13360 1175 1164 13361 1160 1166 13362 1162 5852 13363 1163 1167 13364 1174 1169 13365 1163 5853 13366 1244 1170 13367 1250 1159 13368 1154 1159 13369 1155 1159 13370 1176 1172 13371 1164 5854 13372 1154 1173 13373 1188 1175 13374 1211 1260 13375 1161 1176 13376 1177 1178 13377 1251 5855 13378 1155 1179 13379 1163 1181 13380 1174 5856 13381 1172 1182 13382 1190 1184 13383 1210 1261 13384 1189 1185 13385 1208 1187 13386 1192 1209 13387 1207 1188 13388 1187 1190 13389 1238 1154 13390 1237 1191 13391 1202 1193 13392 1198 1263 13393 1201 1194 13394 1194 1196 13395 1206 1220 13396 1193 1197 13397 1204 1199 13398 1196 1205 13399 1203 1200 13400 1199 1202 13401 1198 1263 13402 1248 1203 13403 1196 1205 13404 1243 1207 13405 1248 1203 13406 1194 1196 13407 1178 1198 13408 1243 1207 13409 1178 1198 13410 1193 1197 13411 1192 1209 13412 1186 1210 13413 1191 1347 13414 1190 1184 13415 1239 1186 13416 1189 1185 13417 1188 1175 13418 1206 1220 13428 1194 1196 13429 1205 1221 13430 1170 1234 13443 1249 1235 13444 1244 1235 13445 1245 1237 13446 1242 1243 13447 1241 1238 13448 1166 1240 13449 1245 1237 13450 1247 1239 13451 1182 1192 13452 1184 1244 13453 1179 1242 13454 1242 1243 13455 1179 1242 13456 1184 1244 13457 1152 1245 13458 1247 1248 13459 1246 1246 13460 1247 1248 13461 1241 1250 13462 1240 1249 13463 1241 1250 13464 1184 1252 13465 1185 1251 13466 1184 1252 13467 1182 1254 13468 1183 1253 13469 1182 1254 13470 1237 1257 13471 1236 1255 13472 1161 1256 13473 1236 1255 13474 1237 1257 13475 1236 1259 13476 1161 1176 13477 1211 1260 13478 1208 1187 13479 1183 1189 13480 1236 1259 13481 1206 1220 13482 1185 1222 13483 1183 1189 13484 1204 1199 13485 1240 1201 13486 1185 1222 13487 1195 1208 13488 1243 1207 13489 1196 1205 13490 1202 1193 13491 1246 1195 13492 1240 1201 13493 1197 1206 13494 1248 1203 13495 1198 1263 13496 1200 1264 13497 1153 1346 13498 1246 1195 13499 1153 1265 13500 1167 5864 13501 1168 1266 13502 1165 1180 13503 1155 1179 13504 1157 1267 13505 1170 1234 13506 1171 1236 13507 1158 1159 13508 1249 1268 13509 1244 5865 13510 1163 1269 13511 1162 1271 13512 1160 5866 13513 1173 1272 13514 1209 1262 13587 1236 1259 13588 1210 1261 13589 1199 1345 13590 1167 5891 13591 1153 1346 13592 1191 1347 13593 1186 1210 13594 1192 1209 13595 1181 1348 13596 1250 1355 13597 1251 1349 13598 1254 1351 13599 1253 1356 13600 1177 1352 13601 1181 1348 13602 1254 1235 13603 1176 1354 13604 1180 1350 13605 1251 1349 13606 1177 1352 13607 1262 1369 13620 1263 5896 13621 1259 1370 13622 1344 1372 13623 1343 1412 13624 1266 1373 13625 1275 1375 13626 1262 5897 13627 1258 1376 13628 1260 1378 13629 1261 1393 13630 1263 1379 13631 1275 1381 13632 1270 5898 13633 1260 1382 13634 1281 1384 13635 1268 1494 13636 1355 1385 13637 1266 1386 13638 1267 5899 13639 1269 1387 13640 1350 1389 13641 1269 5900 13642 1280 1390 13643 1356 1392 13644 1357 5901 13645 1261 1393 13646 1282 1394 13647 1356 5902 13648 1260 1395 13649 1267 1397 13650 1317 1478 13651 1294 1398 13652 1283 1400 13653 1271 1489 13654 1261 1401 13655 1278 1403 13656 1280 5903 13657 1269 1404 13658 1296 1406 13659 1345 1432 13660 1295 1407 13661 1314 1409 13662 1289 1480 13663 1313 1410 13664 1343 1412 13665 1344 1372 13666 1293 1413 13667 1308 1415 13668 1352 1483 13669 1307 1416 13670 1300 1418 13671 1284 1429 13672 1299 1419 13673 1310 1421 13674 1346 1482 13675 1309 1422 13676 1305 1424 13677 1273 1568 13678 1354 1425 13679 1354 1425 13680 1349 1427 13681 1302 1423 13682 1349 1427 13683 1284 1429 13684 1300 1418 13685 1284 1429 13686 1292 1430 13687 1298 1411 13688 1292 1430 13689 1345 1432 13690 1296 1406 13691 1345 1432 13692 1278 5904 13693 1294 1433 13694 1312 1420 13704 1291 1481 13705 1311 1443 13706 1350 1235 13719 1355 1235 13720 1276 1456 13721 1347 1457 13722 1348 1464 13723 1351 1458 13724 1353 1459 13725 1351 1458 13726 1272 1460 13727 1285 1462 13728 1290 1463 13729 1288 1414 13730 1290 1463 13731 1285 1462 13732 1348 1464 13733 1258 1465 13734 1259 5912 13735 1352 1466 13736 1353 1467 13737 1352 1466 13738 1346 1468 13739 1347 1469 13740 1346 1468 13741 1291 1470 13742 1290 1471 13743 1291 1470 13744 1289 1472 13745 1288 1473 13746 1289 1472 13747 1342 1474 13748 1343 1475 13749 1342 1474 13750 1267 1476 13751 1317 1478 13752 1267 1397 13753 1342 1479 13754 1314 1409 13755 1315 1567 13756 1342 1479 13757 1312 1420 13758 1313 1410 13759 1289 1480 13760 1310 1421 13761 1311 1443 13762 1291 1481 13763 1301 1428 13764 1310 1421 13765 1302 1423 13766 1308 1415 13767 1309 1422 13768 1346 1482 13769 1303 1426 13770 1308 1415 13771 1304 1417 13772 1306 1484 13773 1307 1416 13774 1352 1483 13775 1259 1486 13776 1263 5913 13777 1274 1487 13778 1274 1487 13779 1263 5913 13780 1261 1401 13781 1264 1159 13782 1277 1236 13783 1276 1456 13784 1355 1490 13785 1268 5914 13786 1269 1491 13787 1279 1493 13788 1266 5915 13789 1268 1494 13790 1315 1567 13863 1296 1406 13864 1316 1408 13865 1305 1424 13866 1306 1484 13867 1259 1485 13868 1297 1431 13869 1314 1409 13870 1298 1411 13871 1357 1569 13872 1356 5939 13873 1287 1570 13874 1360 1572 13875 1282 1575 13876 1283 1573 13877 1287 1570 13878 1356 5939 13879 1282 1575 13880 1283 1576 13881 1357 1569 13882 1286 1571 13883 1784 2002 14493 1871 6041 14494 1842 2639 14495 1842 2639 14496 1668 2000 14497 1784 2002 14498 1751 2003 14499 1852 6042 14500 1821 2004 14501 1752 2006 14502 1704 6043 14503 1853 2007 14504 1870 2009 14505 1857 2645 14506 1725 2010 14507 1676 2015 14511 1674 2394 14512 1753 2016 14513 1725 2018 14514 1857 2653 14515 1819 2019 14516 1849 2021 14517 1848 6044 14518 1676 2022 14519 1784 2027 14523 1632 2228 14524 1830 2028 14525 1630 2030 14526 1627 6045 14527 1825 2031 14528 1774 2039 14535 1734 6046 14536 1861 2040 14537 1692 2045 14541 1604 2339 14542 1601 2046 14543 1610 2051 14547 1740 6049 14548 1739 2052 14549 1713 2054 14550 1711 6050 14551 1683 2055 14552 1686 2057 14553 1685 2061 14554 1640 2058 14555 1702 2060 14556 1646 2107 14557 1640 2058 14558 1686 2057 14559 1641 2059 14560 1884 2062 14561 1885 2064 14562 1886 2581 14563 1696 2065 14564 1777 2067 14565 1687 6051 14566 1717 2068 14567 1687 2070 14568 1700 6052 14569 1716 2071 14570 1688 2073 14571 1642 2168 14572 1664 2074 14573 1700 2085 14583 1683 6053 14584 1711 2086 14585 1691 2088 14586 1613 2275 14587 1615 2089 14588 1602 2094 14592 1596 2165 14593 1748 2095 14594 1625 2097 14595 1708 2438 14596 1698 2098 14597 1763 2100 14598 1673 6054 14599 1756 2101 14600 1708 2103 14601 1649 2188 14602 1644 2104 14603 1743 2106 14604 1655 2170 14605 1646 2107 14606 1660 2108 14607 1603 2167 14608 1687 2109 14609 1617 2111 14610 1688 6055 14611 1775 2112 14612 1703 2114 14613 1742 6056 14614 1744 2115 14615 1611 2117 14616 1618 2232 14617 1692 2118 14618 1647 2120 14619 1691 6057 14620 1682 2121 14621 1756 2123 14622 1865 2749 14623 1853 2124 14624 1631 2126 14625 1636 2253 14626 1625 2097 14627 1883 2133 14634 1822 2758 14635 1629 2134 14636 1735 2136 14637 1705 6060 14638 1608 2137 14639 1673 2139 14640 1763 6061 14641 1761 2140 14642 1742 2142 14643 1699 6062 14644 1710 2143 14645 1704 2148 14649 1752 6063 14650 1761 2149 14651 1731 2151 14652 1732 2187 14653 1727 2152 14654 1824 2157 14658 1599 6065 14659 1598 2158 14660 1751 2003 14661 1598 2005 14662 1611 2160 14663 1639 2162 14664 1643 2215 14665 1606 2163 14666 1646 2107 14667 1609 2357 14668 1596 2165 14669 1645 2166 14670 1608 6066 14671 1603 2167 14672 1644 2104 14673 1607 2189 14674 1651 2169 14675 1681 2174 14679 1696 2577 14680 1760 2161 14681 1612 2178 14685 1661 2425 14686 1778 2179 14687 1642 2168 14688 1603 2167 14689 1660 2108 14690 1641 2059 14691 1602 2094 14692 1885 2064 14693 1629 2181 14694 1720 6068 14695 1712 2182 14696 1735 2184 14697 1737 6069 14698 1713 2185 14699 1649 2188 14703 1612 2178 14704 1607 2189 14705 1652 2190 14706 1621 2099 14707 1698 2098 14708 1699 2192 14709 1707 6070 14710 1718 2193 14711 1608 2137 14712 1705 6060 14713 1683 2195 14714 1601 2164 14721 1606 2163 14722 1696 2200 14723 1701 2202 14724 1645 2166 14725 1642 2168 14726 1607 2189 14727 1699 2329 14728 1742 2203 14729 1603 2167 14730 1608 6066 14731 1700 2204 14732 1757 2205 14733 1812 2559 14734 1703 2206 14735 1756 2208 14736 1704 6071 14737 1791 2209 14738 1682 2214 14742 1695 6073 14743 1643 2215 14744 1684 2219 14748 1735 6074 14749 1645 2220 14750 1628 2222 14751 1620 2333 14752 1615 2223 14753 1786 2225 14754 1787 2436 14755 1719 2435 14756 1719 2435 14757 1713 2226 14758 1786 2225 14759 1713 2226 14760 1737 6075 14761 1785 2227 14762 1632 2228 14763 1622 2322 14764 1617 2229 14765 1653 2231 14766 1631 2126 14767 1621 2099 14768 1598 2158 14769 1599 6065 14770 1618 2232 14771 1658 2235 14775 1633 2244 14776 1617 2111 14777 1629 2134 14778 1616 2323 14779 1888 2236 14780 1635 2237 14781 1623 2331 14782 1712 2238 14783 1838 2243 14787 1823 2860 14788 1633 2244 14789 1837 2245 14790 1829 2252 14791 1631 2126 14792 1828 2246 14793 1872 2484 14794 1753 2247 14795 1823 2249 14796 1830 2028 14797 1632 2228 14798 1827 2250 14799 1628 2222 14800 1630 2224 14801 1829 2252 14802 1832 2354 14803 1636 2253 14804 1719 2263 14814 1634 6080 14815 1711 2264 14816 1613 2275 14829 1627 6045 14830 1630 2030 14831 1716 2276 14832 1711 6082 14833 1634 2277 14834 1653 2231 14835 1635 2237 14836 1831 2279 14837 1712 2182 14838 1685 6083 14839 1686 2280 14840 1782 2281 14841 1783 6084 14842 1610 2320 14843 1610 2320 14844 1622 2322 14845 1782 2281 14846 1622 2322 14847 1632 2228 14848 1782 2281 14849 1725 2287 14856 1726 6087 14857 1634 2288 14858 1835 2293 14862 1731 6089 14863 1726 2294 14864 1721 2301 14871 1634 6091 14872 1726 2302 14873 1794 2304 14874 1759 6092 14875 1791 2305 14876 1732 2308 14880 1731 6093 14881 1835 2309 14882 1737 2314 14886 1741 6095 14887 1789 2315 14888 1698 2105 14892 1644 2104 14893 1655 2170 14894 1610 2320 14895 1684 6096 14896 1701 2321 14897 1616 2323 14898 1686 6097 14899 1890 2324 14900 1612 2178 14907 1707 2180 14908 1699 2329 14909 1622 2322 14910 1701 2321 14911 1688 2330 14912 1623 2331 14913 1702 2350 14914 1685 2332 14915 1620 2333 14916 1695 2579 14917 1682 2334 14918 1684 2335 14919 1739 6099 14920 1738 2336 14921 1604 2339 14925 1647 2120 14926 1639 2122 14927 1740 2341 14931 1610 6100 14932 1783 2342 14933 1741 2344 14934 1740 6101 14935 1788 2345 14936 1739 2347 14937 1740 6102 14938 1741 2348 14939 1652 2190 14940 1743 2191 14941 1702 2350 14942 1659 2353 14946 1636 2253 14947 1832 2354 14948 1653 2231 14949 1652 2190 14950 1623 2331 14951 1651 2169 14952 1742 2203 14953 1703 2356 14954 1655 2170 14955 1651 2169 14956 1609 2357 14957 1758 2358 14958 1757 6103 14959 1679 2359 14960 1864 2361 14961 1750 2480 14962 1764 2362 14963 1674 2364 14964 1676 6104 14965 1848 2365 14966 1794 2367 14967 1761 6105 14968 1763 2368 14969 1815 2370 14970 1592 2402 14971 1594 2371 14972 1672 2373 14973 1814 2390 14974 1847 2374 14975 1679 2376 14976 1593 2473 14977 1594 2377 14978 1817 2366 14979 1846 6106 14980 1673 2379 14981 1593 2380 14982 1679 6107 14983 1757 2381 14984 1673 2383 14985 1846 2983 14986 1865 2384 14987 1815 2386 14988 1841 2510 14989 1667 2387 14990 1672 2373 14991 1666 2458 14992 1840 2389 14993 1677 2391 14994 1676 2015 14995 1754 2017 14996 1752 2393 14997 1753 2016 14998 1674 2394 14999 1849 2396 15000 1677 6108 15001 1675 2397 15002 1889 2399 15003 1672 6109 15004 1675 2400 15005 1680 2401 15006 1595 2406 15007 1594 2371 15008 1915 2403 15009 1892 6110 15010 1894 2404 15011 1595 2406 15012 1680 2401 15013 1748 2407 15014 1749 2409 15015 1746 6111 15016 1679 2376 15017 1593 2380 15021 1750 2382 15022 1864 2411 15023 1786 6112 15024 1669 6113 15025 1787 6114 15026 1669 6113 15027 1843 2413 15028 1781 2415 15029 1787 6114 15030 1669 6113 15031 1781 2415 15032 1785 2418 15033 1789 6115 15034 1783 2416 15035 1789 6115 15036 1788 6116 15037 1783 2416 15038 1783 2416 15039 1782 6117 15040 1669 2417 15041 1782 6117 15042 1668 6118 15043 1669 2417 15044 1669 2417 15045 1786 6119 15046 1785 2418 15047 1661 2425 15057 1660 2108 15058 1777 2110 15059 1734 2426 15060 1732 6123 15061 1862 2427 15062 1658 2235 15069 1659 2353 15070 1839 2355 15071 1850 2433 15072 1720 6068 15073 1629 2181 15074 1781 2011 15075 1725 2010 15076 1719 2435 15077 1636 2253 15078 1659 2353 15079 1657 2437 15080 1659 2353 15081 1658 2235 15082 1656 2113 15083 1657 2437 15084 1776 2456 15085 1708 2438 15086 1665 2440 15090 1661 2425 15091 1612 2178 15092 1664 2074 15093 1660 2108 15094 1661 2425 15095 1738 2441 15096 1741 6125 15097 1737 2442 15098 1776 2444 15099 1665 2440 15100 1649 2188 15101 1775 2075 15102 1664 2074 15103 1665 2440 15104 1707 2445 15105 1778 2455 15106 1770 2446 15107 1773 2454 15114 1774 2039 15115 1869 2041 15116 1778 2455 15117 1777 2067 15118 1769 2069 15119 1656 2113 15120 1775 2112 15121 1776 2456 15122 1672 2373 15123 1678 6127 15124 1779 2457 15125 1592 2388 15126 1667 2387 15127 1780 2459 15128 1891 2461 15129 1678 6128 15130 1672 2462 15131 1669 2467 15138 1668 6131 15139 1842 2468 15140 1680 2470 15141 1780 6132 15142 1779 2471 15143 1641 2059 15144 1640 2058 15145 1596 2165 15146 1593 2473 15147 1816 6133 15148 1820 2474 15149 1748 2475 15150 1680 6134 15151 1678 2476 15152 1831 2279 15153 1635 2237 15154 1720 2239 15155 1750 2480 15159 1757 6135 15160 1709 2481 15161 1872 2484 15165 1873 3069 15166 1754 2485 15167 1755 2488 15168 1754 2485 15169 1873 3069 15170 1873 3069 15171 1874 2486 15172 1755 2488 15173 1793 2489 15174 1792 6137 15175 1763 2490 15176 1795 2360 15177 1792 6138 15178 1793 2492 15179 1747 2493 15180 1697 2502 15181 1759 2494 15182 1747 2496 15183 1794 6139 15184 1792 2497 15185 1747 2496 15186 1795 2498 15187 1679 2499 15188 1746 2501 15189 1812 2562 15190 1697 2502 15191 1762 2503 15192 1791 6140 15193 1759 2504 15194 1793 2506 15195 1759 6141 15196 1697 2507 15197 1667 2387 15198 1797 2511 15199 1799 2509 15200 1841 2510 15201 1876 6142 15202 1797 2511 15203 1780 2512 15204 1799 6143 15205 1798 2513 15206 1666 2515 15207 1800 2526 15208 1877 2516 15209 1796 2518 15210 1802 2529 15211 1803 2519 15212 1875 2521 15213 1796 6144 15214 1797 2522 15215 1797 2522 15216 1796 6144 15217 1798 2524 15218 1800 2526 15219 1801 2531 15220 1805 2527 15221 1802 2529 15222 1806 2544 15223 1807 2530 15224 1666 2515 15225 1779 6145 15226 1801 2531 15227 1796 2518 15228 1875 1605 15229 1878 1605 15230 1798 2532 15231 1803 6146 15232 1801 2533 15233 1804 2535 15234 1805 6147 15235 1809 2536 15236 1806 2538 15237 1810 2555 15238 1811 2539 15239 1801 2541 15240 1803 6148 15241 1807 2542 15242 1802 2529 15243 1878 1605 15244 1880 1605 15245 1800 2526 15246 1804 2528 15247 1879 2545 15248 1808 2546 15249 1810 2550 15250 1882 2547 15251 1809 2549 15252 1811 6149 15253 1810 2550 15254 1807 2551 15255 1811 6150 15256 1809 2552 15257 1806 2538 15258 1880 3126 15259 1882 2554 15260 1879 2556 15261 1804 2535 15262 1808 2537 15263 1748 2095 15264 1596 2165 15265 1749 2558 15266 1596 2165 15267 1813 2563 15268 1746 2501 15269 1812 2559 15270 1757 2205 15271 1758 2560 15272 1812 2562 15273 1746 2501 15274 1813 2563 15275 1813 2563 15276 1596 2165 15277 1609 2357 15278 1751 6151 15279 1889 2399 15280 1790 2564 15281 1889 2399 15282 1677 2391 15283 1755 2392 15284 1913 2565 15285 1894 6152 15286 1895 2566 15287 1915 2568 15288 1914 6153 15289 1893 2569 15290 1892 2571 15291 1893 6154 15292 1897 2572 15293 1912 2574 15294 1895 6155 15295 1893 2575 15296 1760 2161 15297 1891 2461 15298 1889 2463 15299 1696 2577 15300 1886 6156 15301 1891 2461 15302 1874 2486 15303 1852 3148 15304 1751 2578 15305 1888 2236 15306 1890 2324 15307 1695 2579 15308 1887 2135 15309 1888 2236 15310 1620 2333 15311 1884 2062 15312 1885 2064 15313 1606 2066 15314 1827 2250 15315 1883 2133 15316 1887 2135 15317 1602 2094 15318 1597 2096 15319 1886 2581 15320 1890 2063 15321 1884 2062 15322 1643 2580 15323 1902 2583 15324 1910 6157 15325 1908 2584 15326 1892 2586 15327 1896 6158 15328 1904 2587 15329 1893 2589 15330 1895 6159 15331 1905 2590 15332 1894 2592 15333 1904 2608 15334 1905 2593 15335 1907 2595 15336 1906 6160 15337 1900 2596 15338 1896 2598 15339 1897 6161 15340 1901 2599 15341 1905 2601 15342 1907 6162 15343 1901 2602 15344 1904 2604 15345 1896 6163 15346 1900 2605 15347 1898 2607 15348 1899 2613 15349 1905 2593 15350 1902 2609 15351 1906 2612 15352 1907 2610 15353 1898 2607 15354 1904 2608 15355 1906 2612 15356 1903 2611 15357 1907 2610 15358 1905 2593 15359 1899 2617 15363 1898 6165 15364 1908 2618 15365 1903 2620 15366 1899 6166 15367 1909 2621 15368 1902 2623 15369 1903 6167 15370 1911 2624 15371 1678 2626 15372 1891 6168 15373 1915 2403 15374 1886 2627 15375 1914 6153 15376 1915 2568 15377 1597 2629 15378 1912 2574 15379 1914 2576 15380 1597 2631 15381 1678 6169 15382 1913 2565 15383 1842 2639 15399 1871 6041 15400 2112 2637 15401 2112 2637 15402 2110 6172 15403 1996 2638 15404 1821 2004 15405 1852 6042 15406 2079 2640 15407 2080 2642 15408 1828 2008 15409 1853 2007 15410 1870 2009 15411 2109 3022 15412 2053 2644 15413 1982 2646 15414 1863 6173 15415 1855 2647 15416 2081 2649 15417 2002 2989 15418 2004 2650 15419 2053 2652 15420 2054 6174 15421 1819 2019 15422 2004 2654 15423 1848 6044 15424 1849 2021 15425 2112 2658 15429 1871 2029 15430 1830 2028 15431 1958 2660 15432 1818 2032 15433 1825 2031 15434 2102 2666 15441 1869 3040 15442 1861 2667 15443 1929 2672 15447 1932 2945 15448 2020 2673 15449 1938 2677 15453 2012 6176 15454 2067 2678 15455 2011 2680 15456 2039 6177 15457 2041 2681 15458 2014 2683 15459 1969 2799 15460 1968 2684 15461 1968 2684 15462 1974 2731 15463 2030 2686 15464 2142 2687 15465 1969 2799 15466 2014 2683 15467 2143 2689 15468 1934 3150 15469 2024 2690 15470 2105 2692 15471 2097 3041 15472 2045 2693 15473 2015 2695 15474 2045 6178 15475 2044 2696 15476 1992 2698 15477 1970 2784 15478 2016 2699 15479 2028 2710 15489 2044 6180 15490 2039 2711 15491 1943 2713 15492 1941 2883 15493 2019 2714 15494 2076 2719 15498 1924 2783 15499 1930 2720 15500 2026 2722 15501 2036 3024 15502 1953 2723 15503 2091 2725 15504 2090 6181 15505 2084 2726 15506 1972 2728 15507 1977 2808 15508 2036 2729 15509 1974 2731 15510 1983 2786 15511 2071 2732 15512 1988 2733 15513 2105 3014 15514 2015 2734 15515 2103 2736 15516 2016 6182 15517 1945 2737 15518 2031 2739 15519 2037 6183 15520 2072 2740 15521 1939 2742 15522 2009 6184 15523 2020 2743 15524 2010 2745 15525 2019 6185 15526 1975 2746 15527 2084 2748 15528 2032 6186 15529 1853 2124 15530 1959 2750 15531 1949 2724 15532 1953 2723 15533 1883 2133 15540 2145 2853 15541 1957 2757 15542 1936 2759 15543 2033 2814 15544 2063 2760 15545 2001 2762 15546 2080 6188 15547 2089 2763 15548 2070 2765 15549 2072 6189 15550 2038 2766 15551 2032 2771 15555 2119 6190 15556 2089 2772 15557 2055 2774 15558 2060 2806 15559 2059 2775 15560 1926 2778 15564 1927 2849 15565 1824 2157 15566 2079 2640 15567 2088 2791 15568 1939 2779 15569 1967 2780 15570 1929 2817 15571 1934 2781 15572 1924 2783 15573 1937 2961 15574 1974 2731 15575 1931 2735 15576 1936 2822 15577 1973 1368 15578 1979 2785 15579 1935 2807 15580 1972 2728 15581 2009 2790 15585 1939 2779 15586 2088 2791 15587 1940 2796 15591 2035 6192 15592 2106 2797 15593 1988 2733 15594 1931 2735 15595 1970 2784 15596 2143 2689 15597 1930 2720 15598 1969 2799 15599 1957 2800 15600 1944 2888 15601 2040 2801 15602 2063 2803 15603 2033 6193 15604 2041 2804 15605 1935 2807 15609 1940 2796 15610 1977 2808 15611 1980 2809 15612 2071 6194 15613 2026 2722 15614 2027 2810 15615 2038 6195 15616 2046 2811 15617 1936 2759 15618 2028 6196 15619 2011 2813 15620 1929 2817 15627 2009 6197 15628 2024 2818 15629 1970 2784 15630 1973 1368 15631 2029 2819 15632 2070 2820 15633 2027 2935 15634 1935 2807 15635 1931 2735 15636 2015 2734 15637 2028 2821 15638 2085 2823 15639 2037 6198 15640 2031 2824 15641 2119 2826 15642 2032 6199 15643 2084 2827 15644 2010 2832 15648 1967 2780 15649 1971 2782 15650 1973 2837 15654 2063 6201 15655 2012 2838 15656 1943 2840 15657 1948 2940 15658 1956 2841 15659 2047 2844 15660 2115 6202 15661 2114 2845 15662 2114 2845 15663 2113 6203 15664 2041 2843 15665 2113 6203 15666 2065 6204 15667 2041 2843 15668 1945 2846 15669 1950 2928 15670 1960 2659 15671 1980 2809 15672 1949 2724 15673 1959 2750 15674 1926 2778 15675 1939 2742 15676 1946 2744 15677 1984 2738 15681 1945 2737 15682 1961 2850 15683 2146 2852 15684 1944 2930 15685 1957 2757 15686 2040 2854 15687 1951 2938 15688 1963 2855 15689 1838 2243 15693 1986 2851 15694 1961 2850 15695 1837 2245 15696 1981 2848 15697 1959 2750 15698 1828 2246 15699 2080 6206 15700 2081 2861 15701 1823 2249 15702 1961 2847 15703 1960 2659 15704 1958 2842 15705 1956 2841 15706 1827 2250 15707 1829 2252 15708 1959 2750 15709 1964 2751 15710 2039 2871 15720 1962 6209 15721 2047 2872 15722 1943 2713 15735 1958 2660 15736 1955 2661 15737 2044 2884 15738 2049 6212 15739 1962 2885 15740 1981 2848 15741 1837 2245 15742 1831 2279 15743 2014 2887 15744 2013 6213 15745 2040 2801 15746 2110 2891 15747 2112 2658 15748 1960 2659 15749 1960 2659 15750 1950 2928 15751 2110 2891 15752 1950 2928 15753 1938 2889 15754 2110 2891 15755 1962 2897 15762 2054 6215 15763 2053 2898 15764 2054 2903 15768 2059 6217 15769 1835 2293 15770 2049 2908 15777 2055 6219 15778 2054 2909 15779 2122 2911 15780 2089 6220 15781 2119 2912 15782 2060 2915 15786 1862 6221 15787 1835 2916 15788 2065 2921 15792 2113 6223 15793 2117 2922 15794 1983 2786 15798 1972 2728 15799 2026 2730 15800 2029 2927 15801 2012 6224 15802 1938 2889 15803 2148 2929 15804 2014 6225 15805 1944 2930 15806 2027 2935 15813 2035 6192 15814 1940 2796 15815 2016 2936 15816 2029 2927 15817 1950 2928 15818 2013 2937 15819 2030 2956 15820 1951 2938 15821 2010 2939 15822 2023 3149 15823 1948 2940 15824 2012 2941 15825 2063 6227 15826 2066 2942 15827 1967 2747 15831 1975 2746 15832 1932 2945 15833 2111 2947 15837 1938 6228 15838 2068 2948 15839 2116 2950 15840 2068 6229 15841 2069 2951 15842 2067 2953 15843 2066 6230 15844 2069 2954 15845 2030 2956 15846 2071 6194 15847 1980 2809 15848 1832 2354 15852 1964 2751 15853 1987 2959 15854 1951 2938 15855 1980 2809 15856 1981 2848 15857 2031 2960 15858 2070 2820 15859 1979 2785 15860 1937 2961 15861 1979 2785 15862 1983 2786 15863 2086 2962 15864 2123 3074 15865 2007 2963 15866 1864 2361 15867 1854 2363 15868 2092 2965 15869 2002 2967 15870 1817 2366 15871 1848 2365 15872 2091 2969 15873 2089 6231 15874 2122 2970 15875 1815 2370 15876 1820 2372 15877 1922 2972 15878 2000 2974 15879 2003 6232 15880 1847 2374 15881 1922 2975 15882 1921 3058 15883 2007 2976 15884 2001 2978 15885 1846 6106 15886 1817 2366 15887 1921 2979 15888 2078 6233 15889 2085 2980 15890 2001 2982 15891 2084 6234 15892 1865 2384 15893 1995 2984 15894 1841 2510 15895 1815 2386 15896 1840 2389 15897 1994 6235 15898 2000 2974 15899 2082 2651 15900 2004 2650 15901 2005 2986 15902 2080 2988 15903 2001 6236 15904 2002 2989 15905 2003 2990 15906 2005 6237 15907 1849 2396 15908 2003 2991 15909 2000 6238 15910 2147 2992 15911 1922 2972 15912 1923 2997 15913 2008 2993 15914 2152 2994 15915 2150 6239 15916 2173 2995 15917 1923 2997 15918 2077 6240 15919 2076 2998 15920 2007 2976 15921 2074 6241 15922 2077 2999 15923 1864 2411 15927 2078 6233 15928 1921 2979 15929 1843 3004 15930 1997 6242 15931 2109 3002 15932 1997 6242 15933 2114 6243 15934 2115 6244 15935 2115 6244 15936 2109 3002 15937 1997 6242 15938 2116 6245 15939 2117 6246 15940 2111 3007 15941 2117 6246 15942 2113 3005 15943 2111 3007 15944 2113 3005 15945 2114 6247 15946 1997 3006 15947 1997 3006 15948 1996 6248 15949 2110 6249 15950 1997 3006 15951 2110 6249 15952 2111 3007 15953 1989 2798 15963 2106 2797 15964 2105 3014 15965 2062 3015 15966 1861 6253 15967 1862 3016 15968 1986 2851 15975 1838 2243 15976 1839 2355 15977 1957 2800 15978 2048 2802 15979 1850 2433 15980 2109 3022 15981 2115 6202 15982 2047 2844 15983 1964 2751 15984 1953 2723 15985 1985 3023 15986 1985 3023 15987 1984 2738 15988 1986 2851 15989 2036 3024 15990 2104 3042 15991 1985 3023 15992 1940 2796 15996 1989 2798 15997 1993 3026 15998 1989 2798 15999 1988 2733 16000 1992 2698 16001 2065 3027 16002 2069 6255 16003 2066 3028 16004 1977 2808 16005 1993 3026 16006 2104 3030 16007 1993 3026 16008 1992 2698 16009 2103 2700 16010 2035 3031 16011 2046 6256 16012 2098 3032 16013 2101 3039 16020 1868 3038 16021 1869 3040 16022 2106 3033 16023 2098 3032 16024 2097 3041 16025 2104 3042 16026 2103 2736 16027 1984 2738 16028 2000 2974 16029 1994 6235 16030 2107 3043 16031 2108 3045 16032 1995 2984 16033 1920 2985 16034 2149 3047 16035 2147 3145 16036 2000 3048 16037 1997 3053 16044 1843 2469 16045 1842 2468 16046 2008 3055 16047 2006 6261 16048 2107 3056 16049 1969 2799 16050 1930 2720 16051 1924 2783 16052 1820 2474 16053 1816 6133 16054 1921 3058 16055 2076 3059 16056 1925 6262 16057 2006 3060 16058 1831 2279 16059 1850 2478 16060 2048 2856 16061 2078 2966 16065 2092 2965 16066 2037 3063 16067 2082 3067 16071 1873 3069 16072 1872 2484 16073 1873 3069 16074 2082 3067 16075 2083 3068 16076 2083 3068 16077 2118 6264 16078 1874 2486 16079 2121 3070 16080 2090 6265 16081 2091 3071 16082 2121 3073 16083 2120 6266 16084 2123 3074 16085 2075 3075 16086 2122 6267 16087 2087 3076 16088 2120 3078 16089 2122 6268 16090 2075 3079 16091 2075 3079 16092 2074 6269 16093 2007 3081 16094 2025 3077 16095 2140 3130 16096 2074 3082 16097 2087 3083 16098 2119 6270 16099 2090 3084 16100 2025 3086 16101 2087 6271 16102 2121 3087 16103 2127 3089 16104 2125 3090 16105 1995 2984 16106 2125 3090 16107 1876 6142 16108 1841 2510 16109 2126 3091 16110 2127 6272 16111 2108 3092 16112 1877 2516 16113 2128 3101 16114 1994 3094 16115 2131 3095 16116 2130 3105 16117 2124 3096 16118 2125 3098 16119 2124 3100 16120 1875 2521 16121 2125 3098 16122 2127 6273 16123 2126 3099 16124 2128 3101 16125 2132 6274 16126 2133 3102 16127 2135 3104 16128 2134 6275 16129 2130 3105 16130 1994 3094 16131 2128 3101 16132 2129 3103 16133 2124 3096 16134 2130 3105 16135 1878 1605 16136 2129 3107 16137 2131 6276 16138 2126 3108 16139 2132 3110 16140 2136 3127 16141 2137 3111 16142 2139 3113 16143 2138 6277 16144 2134 3114 16145 2129 3116 16146 2133 6278 16147 2135 3117 16148 2130 3105 16149 2134 6275 16150 1880 1605 16151 1879 2545 16152 2132 6274 16153 2128 3101 16154 1881 2548 16155 1882 2547 16156 2138 3119 16157 2136 3120 16158 2138 3119 16159 2139 3121 16160 2137 3123 16161 2139 6279 16162 2135 3124 16163 2134 3114 16164 2138 6277 16165 1882 2554 16166 1879 2556 16167 1881 2557 16168 2136 3127 16169 2141 3131 16170 1924 2783 16171 2074 3082 16172 1924 2783 16173 2076 2719 16174 2077 3128 16175 2140 2825 16176 2025 6280 16177 2086 3129 16178 2140 3130 16179 2031 2960 16180 2141 3131 16181 2141 3131 16182 2031 2960 16183 1937 2961 16184 2005 2986 16185 2147 2992 16186 2083 2987 16187 2147 2992 16188 2079 6281 16189 2118 3132 16190 2153 3133 16191 2152 6282 16192 2171 3134 16193 2173 3136 16194 2150 6283 16195 2151 3137 16196 2150 3139 16197 2154 6284 16198 2155 3140 16199 2151 3142 16200 2153 6285 16201 2170 3143 16202 2088 2791 16203 2079 2640 16204 2147 3145 16205 2024 2792 16206 2088 2791 16207 2149 3047 16208 1874 2486 16209 2118 6264 16210 2079 3147 16211 2023 3149 16212 2148 2929 16213 2146 2852 16214 1948 2940 16215 2146 2852 16216 2145 2853 16217 1934 3150 16218 2143 2689 16219 2142 2687 16220 1827 2250 16221 1956 2841 16222 2145 2853 16223 1930 2720 16224 2143 2689 16225 2144 2691 16226 1971 3151 16227 2142 2687 16228 2148 2688 16229 2166 3153 16230 2168 6286 16231 2160 3154 16232 2162 3156 16233 2154 6287 16234 2150 3157 16235 2151 3159 16236 2155 6288 16237 2163 3160 16238 2163 3162 16239 2162 6289 16240 2152 3163 16241 2158 3165 16242 2164 6290 16243 2165 3166 16244 2154 3168 16245 2158 6291 16246 2159 3169 16247 2159 3171 16248 2165 6292 16249 2163 3172 16250 2162 3174 16251 2164 6293 16252 2158 3175 16253 2156 3177 16254 2162 6289 16255 2163 3162 16256 2165 3179 16257 2164 3182 16258 2160 3180 16259 2164 3182 16260 2162 6289 16261 2156 3177 16262 2157 3178 16263 2163 3162 16264 2165 3179 16265 2157 3186 16269 2167 6295 16270 2166 3187 16271 2161 3189 16272 2169 6296 16273 2167 3190 16274 2160 3192 16275 2168 6297 16276 2169 3193 16277 2006 3195 16278 2171 2996 16279 2173 2995 16280 2173 3136 16281 2172 3138 16282 2144 3197 16283 2172 3144 16284 2170 3143 16285 1925 3199 16286 1925 3201 16287 2170 3135 16288 2171 3134 16289 1927 3207 16305 1946 3215 16306 2192 3208 16307 1955 3210 16308 2194 3220 16309 2188 3211 16310 2019 3213 16311 2195 3244 16312 2193 3214 16313 1946 3215 16314 2020 6298 16315 2189 3216 16316 1824 3217 16317 1927 3207 16318 2191 3209 16319 1825 3219 16320 2178 3246 16321 2194 3220 16322 1941 3212 16326 2188 3211 16327 2195 3223 16328 1599 3228 16332 2183 3238 16333 2184 3229 16334 2180 3231 16335 2186 3239 16336 1627 3232 16337 2185 3234 16338 2187 3247 16339 1691 3235 16340 1618 3230 16341 2184 3229 16342 2181 3236 16343 1824 3217 16344 2179 3218 16345 2183 3238 16346 2186 3239 16347 2178 3246 16348 1825 3219 16349 2187 3242 16353 2180 3231 16354 1613 3233 16355</p>
        </triangles>
        <triangles material="_ndColor-material" count="202">
          <input semantic="VERTEX" source="#Cylinder_016-mesh-vertices" offset="0"/>
          <input semantic="NORMAL" source="#Cylinder_016-mesh-normals" offset="1"/>
          <input semantic="TEXCOORD" source="#Cylinder_016-mesh-map-0" offset="2" set="0"/>
          <p>1654 2012 3447 1855 2013 3448 1863 2014 3449 1834 2024 3459 1916 2025 3460 1851 2026 3461 1859 2033 3468 1917 2034 3469 1836 2035 3470 1916 2036 3471 1826 2037 3472 1851 2038 3473 1733 2042 3477 1858 2043 3478 1729 2044 3479 1728 2048 3483 1867 2049 3484 1765 2050 3485 1619 2076 3513 1690 2077 3514 1693 2078 3515 1694 2079 3516 2206 2080 3517 2200 2081 3518 1690 2082 3519 1605 2083 3520 1693 2084 3521 1693 2091 3528 2207 2092 3529 2197 2093 3530 1638 2127 3567 1858 2128 3568 1855 2129 3569 1626 2130 3570 2196 2131 3571 2209 2132 3572 1826 2154 3594 2208 2155 3595 2205 2156 3596 2198 2171 3615 1693 2172 3616 2197 2173 3617 1706 2175 3621 1714 2176 3622 1624 2177 3623 1836 2035 3654 1918 2197 3655 1834 2024 3656 1706 2198 3657 1648 2199 3658 1605 2083 3659 1648 2211 3678 2200 2212 3679 2199 2213 3680 1689 2216 3684 1650 2217 3685 1715 2218 3686 1600 2233 3705 1714 2234 3706 1619 2076 3707 1766 2240 3717 1854 2241 3718 1764 2242 3719 1710 2254 3738 1745 2255 3739 1744 2256 3740 1718 2266 3750 1662 2267 3751 1637 2268 3752 1718 2269 3753 1723 2270 3754 1710 2271 3755 1744 2256 3756 1722 2272 3757 1709 2273 3758 1614 2274 3759 2209 2132 3760 2206 2080 3761 1745 2282 3777 1638 2283 3778 1654 2012 3779 1722 2296 3792 1654 2012 3793 1728 2297 3794 1637 2298 3795 1638 2299 3796 1723 2300 3797 2208 2155 3804 1619 2307 3805 2198 2171 3806 1715 2317 3816 1626 2318 3817 1614 2319 3818 1689 2325 3828 1614 2319 3829 1694 2326 3830 1736 2327 3831 1694 2328 3832 1648 2199 3833 1605 2338 3849 2199 2213 3850 2207 2092 3851 1736 2340 3855 1624 2177 3856 1650 2217 3857 1722 2351 3870 1765 2050 3871 1768 2352 3872 1654 2012 3945 1856 2410 3946 1728 2297 3947 1733 2451 4017 1868 2452 4018 1860 2453 4019 1764 2242 4059 1767 2479 4060 1766 2240 4061 1722 2482 4065 1767 2479 4066 1709 2483 4067 1919 2632 4278 1833 2633 4279 1626 2318 4280 1917 2034 4281 1624 2177 4282 1918 2197 4283 1919 2634 4284 1650 2217 4285 1917 2034 4286 1918 2197 4287 1714 2176 4288 1916 2025 4289 1834 2024 4317 2174 2656 4318 2176 2657 4319 1859 2033 4326 2175 2662 4327 2177 2663 4328 2174 2664 4329 1826 2037 4330 1928 2665 4331 1858 2669 4335 2061 2670 4336 2057 2671 4337 1867 2049 4341 2056 2675 4342 2093 2676 4343 1947 2701 4371 2018 2702 4372 2042 2703 4373 2210 2704 4374 2022 2705 4375 2204 2706 4376 1933 2707 4377 2018 2708 4378 2021 2709 4379 2211 2716 4386 2021 2717 4387 2201 2718 4388 1966 2752 4425 1858 2753 4426 2057 2754 4427 2196 2131 4428 1954 2755 4429 2213 2756 4430 2212 2777 4452 1826 2154 4453 2205 2156 4454 2202 2787 4473 2021 2788 4474 1947 2789 4475 2042 2793 4479 2034 2794 4480 1952 2795 4481 1836 2035 4512 2176 2657 4513 2175 2662 4514 1976 2815 4515 2034 2816 4516 1933 2707 4517 2204 2829 4536 1976 2830 4537 2203 2831 4538 1978 2834 4542 2017 2835 4543 2043 2836 4544 2042 2703 4563 1928 2665 4564 1947 2701 4565 1854 2857 4575 2094 2858 4576 2092 2859 4577 2073 2862 4596 2038 2863 4597 2072 2864 4598 2046 2874 4608 1990 2875 4609 2098 2876 4610 2051 2877 4611 2046 2878 4612 2038 2879 4613 2050 2880 4614 2072 2864 4615 2037 2881 4616 2213 2756 4617 1942 2882 4618 2210 2704 4619 2073 2892 4635 1966 2648 4636 2051 2893 4637 2050 2904 4650 1982 2646 4651 2073 2892 4652 1966 2905 4653 1965 2906 4654 2051 2907 4655 2212 2777 4662 1947 2789 4663 1928 2914 4664 1954 2924 4674 2043 2925 4675 1942 2926 4676 1942 2926 4686 2017 2931 4687 2022 2932 4688 2022 2933 4689 2064 2934 4690 1976 2815 4691 2203 2831 4707 1933 2944 4708 2211 2716 4709 1952 2795 4713 2064 2946 4714 1978 2834 4715 2093 2676 4728 2050 2957 4729 2096 2958 4730 1856 3000 4803 1982 2646 4804 2056 3001 4805 2061 3037 4875 1868 3038 4876 2101 3039 4877 2095 3062 4917 2092 2859 4918 2094 2858 4919 2095 3062 4923 2050 3065 4924 2037 3066 4925 1833 2633 5136 2177 3203 5137 1954 2924 5138 1952 2795 5139 2175 2662 5140 2176 2657 5141 1978 2834 5142 2177 2663 5143 2175 2662 5144 2042 2793 5145 2176 2657 5146 2174 2656 5147 2191 3209 5205 2202 2787 5206 2212 2777 5207 2194 3220 5208 2210 2704 5209 2188 3211 5210 2195 3244 5211 2203 2831 5212 2193 3214 5213 2192 3208 5214 2201 3245 5215 2202 2787 5216 2179 3218 5217 2212 2777 5218 2205 2156 5219 2178 3246 5220 2213 2756 5221 2194 3220 5222 2188 3211 5226 2204 2706 5227 2195 3223 5228 2183 3238 5232 2198 2171 5233 2184 3229 5234 2206 2080 5235 2186 3239 5236 2180 3231 5237 2199 2213 5238 2187 3247 5239 2185 3234 5240 2184 3229 5241 2197 2173 5242 2181 3236 5243 2179 3218 5244 2208 2155 5245 2183 3238 5246 2209 2132 5247 2178 3246 5248 2186 3239 5249 2200 2081 5253 2180 3231 5254 2187 3242 5255 1654 2012 14508 1638 2283 14509 1855 2013 14510 1834 2024 14520 1918 2197 14521 1916 2025 14522 1859 2033 14529 1919 2634 14530 1917 2034 14531 1916 2036 14532 1600 2233 14533 1826 2037 14534 1733 2042 14538 1860 6047 14539 1858 2043 14540 1728 2048 14544 1856 6048 14545 1867 2049 14546 1619 2076 14574 1714 2234 14575 1690 2077 14576 1694 2079 14577 1614 2274 14578 2206 2080 14579 1690 2082 14580 1706 2198 14581 1605 2083 14582 1693 2091 14589 1605 2338 14590 2207 2092 14591 1638 2127 14628 1729 6058 14629 1858 2128 14630 1626 2130 14631 1833 6059 14632 2196 2131 14633 1826 2154 14655 1600 6064 14656 2208 2155 14657 2198 2171 14676 1619 2307 14677 1693 2172 14678 1706 2175 14682 1690 6067 14683 1714 2176 14684 1836 2035 14715 1917 2034 14716 1918 2197 14717 1706 2198 14718 1736 2327 14719 1648 2199 14720 1648 2211 14739 1694 6072 14740 2200 2212 14741 1689 2216 14745 1736 2340 14746 1650 2217 14747 1600 2233 14772 1916 2036 14773 1714 2234 14774 1766 2240 14784 1866 6076 14785 1854 2241 14786 1710 2254 14805 1723 6077 14806 1745 2255 14807 1718 2266 14817 1770 2439 14818 1662 2267 14819 1718 2269 14820 1637 6081 14821 1723 2270 14822 1744 2256 14823 1745 2255 14824 1722 2272 14825 1614 2274 14826 1626 2130 14827 2209 2132 14828 1745 2282 14850 1723 6085 14851 1638 2283 14852 1722 2296 14865 1745 2282 14866 1654 2012 14867 1637 2298 14868 1729 6090 14869 1638 2299 14870 2208 2155 14877 1600 6064 14878 1619 2307 14879 1715 2317 14889 1919 2632 14890 1626 2318 14891 1689 2325 14901 1715 2317 14902 1614 2319 14903 1736 2327 14904 1689 6098 14905 1694 2328 14906 1605 2338 14922 1648 2211 14923 2199 2213 14924 1736 2340 14928 1706 2175 14929 1624 2177 14930 1722 2351 14943 1728 2048 14944 1765 2050 14945 1654 2012 15018 1863 2014 15019 1856 2410 15020 1733 2451 15111 1773 2454 15112 1868 2452 15113 1764 2242 15156 1709 2483 15157 1767 2479 15158 1722 2482 15162 1768 6136 15163 1767 2479 15164 1919 2632 15384 1859 6170 15385 1833 2633 15386 1917 2034 15387 1650 2217 15388 1624 2177 15389 1919 2634 15390 1715 2218 15391 1650 2217 15392 1918 2197 15393 1624 2177 15394 1714 2176 15395 1834 2024 15426 1851 2026 15427 2174 2656 15428 1859 2033 15435 1836 2035 15436 2175 2662 15437 2174 2664 15438 1851 2038 15439 1826 2037 15440 1858 2669 15444 1860 6175 15445 2061 2670 15446 1867 2049 15450 1856 6048 15451 2056 2675 15452 1947 2701 15480 2021 6179 15481 2018 2702 15482 2210 2704 15483 1942 2882 15484 2022 2705 15485 1933 2707 15486 2034 2816 15487 2018 2708 15488 2211 2716 15495 1933 2944 15496 2021 2717 15497 1966 2752 15534 1855 6187 15535 1858 2753 15536 2196 2131 15537 1833 6059 15538 1954 2755 15539 2212 2777 15561 1928 2914 15562 1826 2154 15563 2202 2787 15582 2201 3245 15583 2021 2788 15584 2042 2793 15588 2018 6191 15589 2034 2794 15590 1836 2035 15621 1834 2024 15622 2176 2657 15623 1976 2815 15624 2064 2934 15625 2034 2816 15626 2204 2829 15645 2022 6200 15646 1976 2830 15647 1978 2834 15651 2064 2946 15652 2017 2835 15653 2042 2703 15678 2174 2664 15679 1928 2665 15680 1854 2857 15690 1866 6205 15691 2094 2858 15692 2073 2862 15711 2051 6207 15712 2038 2863 15713 2046 2874 15723 1965 6210 15724 1990 2875 15725 2051 2877 15726 1965 6211 15727 2046 2878 15728 2050 2880 15729 2073 2862 15730 2072 2864 15731 2213 2756 15732 1954 2755 15733 1942 2882 15734 2073 2892 15756 1982 2646 15757 1966 2648 15758 2050 2904 15771 2056 3001 15772 1982 2646 15773 1966 2905 15774 2057 6218 15775 1965 2906 15776 2212 2777 15783 2202 2787 15784 1947 2789 15785 1954 2924 15795 2177 3203 15796 2043 2925 15797 1942 2926 15807 2043 2925 15808 2017 2931 15809 2022 2933 15810 2017 6226 15811 2064 2934 15812 2203 2831 15828 1976 2830 15829 1933 2944 15830 1952 2795 15834 2034 2794 15835 2064 2946 15836 2093 2676 15849 2056 2675 15850 2050 2957 15851 1856 3000 15924 1863 6173 15925 1982 2646 15926 2061 3037 16017 1860 6258 16018 1868 3038 16019 2095 3062 16062 2037 3066 16063 2092 2859 16064 2095 3062 16068 2096 6263 16069 2050 3065 16070 1833 2633 16290 1859 6170 16291 2177 3203 16292 1952 2795 16293 1978 2834 16294 2175 2662 16295 1978 2834 16296 2043 2836 16297 2177 2663 16298 2042 2793 16299 1952 2795 16300 2176 2657 16301 2191 3209 16359 2192 3208 16360 2202 2787 16361 2194 3220 16362 2213 2756 16363 2210 2704 16364 2195 3244 16365 2204 2829 16366 2203 2831 16367 2192 3208 16368 2189 3216 16369 2201 3245 16370 2179 3218 16371 2191 3209 16372 2212 2777 16373 2178 3246 16374 2196 2131 16375 2213 2756 16376 2188 3211 16380 2210 2704 16381 2204 2706 16382 2183 3238 16386 2208 2155 16387 2198 2171 16388 2206 2080 16389 2209 2132 16390 2186 3239 16391 2199 2213 16392 2200 2212 16393 2187 3247 16394 2184 3229 16395 2198 2171 16396 2197 2173 16397 2179 3218 16398 2205 2156 16399 2208 2155 16400 2209 2132 16401 2196 2131 16402 2178 3246 16403 2200 2081 16407 2206 2080 16408 2180 3231 16409</p>
        </triangles>
        <triangles material="_rdColor-material" count="60">
          <input semantic="VERTEX" source="#Cylinder_016-mesh-vertices" offset="0"/>
          <input semantic="NORMAL" source="#Cylinder_016-mesh-normals" offset="1"/>
          <input semantic="TEXCOORD" source="#Cylinder_016-mesh-map-0" offset="2" set="0"/>
          <p>1734 2145 3585 1772 2146 3586 1730 2147 3587 1732 2187 3639 1730 2147 3640 1727 2152 3641 1717 2257 3741 1721 2258 3742 1724 2259 3743 1769 2260 3744 1724 2261 3745 1663 2262 3746 1724 2284 3780 1727 2285 3781 1730 2286 3782 1663 2290 3786 1730 2291 3787 1772 2292 3788 1637 2311 3810 1771 2312 3811 1729 2313 3812 1771 2429 3969 1733 2430 3970 1729 2431 3971 1774 2432 3972 1771 2429 3973 1772 2146 3974 1770 2439 3993 1663 2262 3994 1662 2267 3995 1662 2448 4014 1772 2449 4015 1771 2450 4016 2100 2768 4443 2062 2769 4444 2058 2770 4445 2058 2770 4497 2060 2806 4498 2055 2774 4499 2045 2865 4599 2049 2866 4600 2044 2867 4601 2097 2868 4602 2052 2869 4603 2045 2870 4604 2052 2894 4638 2055 2895 4639 2049 2896 4640 1991 2900 4644 2058 2901 4645 2052 2902 4646 1965 2918 4668 2099 2919 4669 1990 2920 4670 2099 3018 4827 2061 3019 4828 2101 3020 4829 2099 3018 4830 2102 3021 4831 2100 2768 4832 2098 2876 4851 1991 3025 4852 2097 2868 4853 1990 3034 4872 2100 3035 4873 1991 3036 4874 1975 3204 5148 2190 3205 5149 1932 3206 5150 1932 3206 5169 2189 3221 5170 2020 3222 5171 2182 3225 5175 1647 3226 5176 1604 3227 5177 2181 3240 5196 1604 3227 5197 1692 3241 5198 2193 3214 5202 2211 2716 5203 2190 3205 5204 2190 3205 5223 2201 2718 5224 2189 3221 5225 2207 2092 5229 2185 3234 5230 2182 3225 5231 2197 2093 5250 2182 3225 5251 2181 3240 5252 1734 2145 14646 1774 2432 14647 1772 2146 14648 1732 2187 14700 1734 2145 14701 1730 2147 14702 1717 2257 14808 1716 6078 14809 1721 2258 14810 1769 2260 14811 1717 6079 14812 1724 2261 14813 1724 2284 14853 1721 6086 14854 1727 2285 14855 1663 2290 14859 1724 6088 14860 1730 2291 14861 1637 2311 14883 1662 6094 14884 1771 2312 14885 1771 2429 15063 1773 6124 15064 1733 2430 15065 1774 2432 15066 1773 6124 15067 1771 2429 15068 1770 2439 15087 1769 2260 15088 1663 2262 15089 1662 2448 15108 1663 6126 15109 1772 2449 15110 2100 2768 15552 2102 3021 15553 2062 2769 15554 2058 2770 15606 2062 2769 15607 2060 2806 15608 2045 2865 15714 2052 6208 15715 2049 2866 15716 2097 2868 15717 1991 3025 15718 2052 2869 15719 2052 2894 15759 2058 6214 15760 2055 2895 15761 1991 2900 15765 2100 6216 15766 2058 2901 15767 1965 2918 15789 2057 6222 15790 2099 2919 15791 2099 3018 15969 2057 6254 15970 2061 3019 15971 2099 3018 15972 2101 3020 15973 2102 3021 15974 2098 2876 15993 1990 2875 15994 1991 3025 15995 1990 3034 16014 2099 6257 16015 2100 3035 16016 1975 3204 16302 2193 3214 16303 2190 3205 16304 1932 3206 16323 2190 3205 16324 2189 3221 16325 2182 3225 16329 2185 3234 16330 1647 3226 16331 2181 3240 16350 2182 3225 16351 1604 3227 16352 2193 3214 16356 2203 2831 16357 2211 2716 16358 2190 3205 16377 2211 2716 16378 2201 2718 16379 2207 2092 16383 2199 2213 16384 2185 3234 16385 2197 2093 16404 2207 2092 16405 2182 3225 16406</p>
        </triangles>
        <triangles material="Mirror-material" count="4">
          <input semantic="VERTEX" source="#Cylinder_016-mesh-vertices" offset="0"/>
          <input semantic="NORMAL" source="#Cylinder_016-mesh-normals" offset="1"/>
          <input semantic="TEXCOORD" source="#Cylinder_016-mesh-map-0" offset="2" set="0"/>
          <p>1909 2614 4254 1910 2615 4255 1911 2616 4256 2169 3183 5112 2166 3184 5113 2167 3185 5114 1909 2614 15360 1908 6164 15361 1910 2615 15362 2169 3183 16266 2168 6294 16267 2166 3184 16268</p>
        </triangles>
      </mesh>
    </geometry>
  </library_geometries>
  <library_visual_scenes>
    <visual_scene id="Scene" name="Scene">
      <node id="RRod" name="RRod" type="NODE">
        <matrix sid="transform">3.13916e-7 -1.62921e-7 1 -2.38419e-7 0 1 1.62921e-7 0 -1 -5.11435e-14 3.13916e-7 -1.7053e-13 0 0 0 1</matrix>
        <instance_geometry url="#Cylinder_016-mesh" name="RRod">
          <bind_material>
            <technique_common>
              <instance_material symbol="Dark_Black-material" target="#Dark_Black-material">
                <bind_vertex_input semantic="UVMap" input_semantic="TEXCOORD" input_set="0"/>
              </instance_material>
              <instance_material symbol="BaseColor-material" target="#BaseColor-material">
                <bind_vertex_input semantic="UVMap" input_semantic="TEXCOORD" input_set="0"/>
              </instance_material>
              <instance_material symbol="_ndColor-material" target="#_ndColor-material">
                <bind_vertex_input semantic="UVMap" input_semantic="TEXCOORD" input_set="0"/>
              </instance_material>
              <instance_material symbol="_rdColor-material" target="#_rdColor-material">
                <bind_vertex_input semantic="UVMap" input_semantic="TEXCOORD" input_set="0"/>
              </instance_material>
              <instance_material symbol="Mirror-material" target="#Mirror-material">
                <bind_vertex_input semantic="UVMap" input_semantic="TEXCOORD" input_set="0"/>
              </instance_material>
            </technique_common>
          </bind_material>
        </instance_geometry>
      </node>
    </visual_scene>
  </library_visual_scenes>
  <scene>
    <instance_visual_scene url="#Scene"/>
  </scene>
</COLLADA>