<?xml version="1.0" encoding="utf-8"?>
<COLLADA xmlns="http://www.collada.org/2005/11/COLLADASchema" version="1.4.1" xmlns:xsi="http://www.w3.org/2001/XMLSchema-instance">
  <asset>
    <contributor>
      <author>Blender User</author>
      <authoring_tool>Blender 4.5.4 LTS commit date:2025-10-27, commit time:12:46, hash:b3efe983cc58</authoring_tool>
    </contributor>
    <created>2025-11-07T00:43:12</created>
    <modified>2025-11-07T00:43:12</modified>
    <unit name="meter" meter="1"/>
    <up_axis>Z_UP</up_axis>
  </asset>
  <library_effects>
    <effect id="white-effect">
      <profile_COMMON>
        <technique sid="common">
          <lambert>
            <emission>
              <color sid="emission">0 0 0 1</color>
            </emission>
            <diffuse>
              <color sid="diffuse">0.8 0.8 0.8 1</color>
            </diffuse>
            <index_of_refraction>
              <float sid="ior">1.45</float>
            </index_of_refraction>
          </lambert>
        </technique>
      </profile_COMMON>
    </effect>
    <effect id="black-effect">
      <profile_COMMON>
        <technique sid="common">
          <lambert>
            <emission>
              <color sid="emission">0 0 0 1</color>
            </emission>
            <diffuse>
              <color sid="diffuse">0.01466957 0.01466957 0.01466957 1</color>
            </diffuse>
            <index_of_refraction>
              <float sid="ior">1.45</float>
            </index_of_refraction>
          </lambert>
        </technique>
      </profile_COMMON>
    </effect>
    <effect id="red-effect">
      <profile_COMMON>
        <technique sid="common">
          <lambert>
            <emission>
              <color sid="emission">0 0 0 1</color>
            </emission>
            <diffuse>
              <color sid="diffuse">0.8000001 0.07162817 0.04656312 1</color>
            </diffuse>
            <index_of_refraction>
              <float sid="ior">1.45</float>
            </index_of_refraction>
          </lambert>
        </technique>
      </profile_COMMON>
    </effect>
    <effect id="black_g-effect">
      <profile_COMMON>
        <technique sid="common">
          <lambert>
            <emission>
              <color sid="emission">0 0 0 1</color>
            </emission>
            <diffuse>
              <color sid="diffuse">0.02037899 0.02037899 0.02037899 1</color>
            </diffuse>
            <index_of_refraction>
              <float sid="ior">1.45</float>
            </index_of_refraction>
          </lambert>
        </technique>
      </profile_COMMON>
    </effect>
  </library_effects>
  <library_images/>
  <library_materials>
    <material id="white-material" name="white">
      <instance_effect url="#white-effect"/>
    </material>
    <material id="black-material" name="black">
      <instance_effect url="#black-effect"/>
    </material>
    <material id="red-material" name="red">
      <instance_effect url="#red-effect"/>
    </material>
    <material id="black_g-material" name="black_g">
      <instance_effect url="#black_g-effect"/>
    </material>
  </library_materials>
  <library_geometries>
    <geometry id="Cylinder_053-mesh" name="Cylinder.053">
      <mesh>
        <source id="Cylinder_053-mesh-positions">
          <float_array id="Cylinder_053-mesh-positions-array" count="10407">0.1194946 -3.019257 7.386706 0.0582078 -3.010169 7.386706 0.1795942 -3.034314 7.386706 0.1377418 -2.927522 7.385681 0.0673756 -2.917087 7.385681 0.2067451 -2.944809 7.385681 0.1389357 -2.92152 7.385466 0.1444507 -2.893795 7.379993 0.0679754 -2.910997 7.385465 0.2085215 -2.938953 7.385465 0.2167274 -2.911902 7.379992 0.2760654 -2.963118 7.385466 0.2868834 -2.937001 7.379993 0.3409131 -2.993792 7.385465 0.2737236 -2.968772 7.385681 0.2379302 -3.055184 7.386706 0.3380283 -2.999189 7.385681 0.2939376 -3.081676 7.386706 0.399045 -3.035758 7.385681 0.3470812 -3.113527 7.386706 0.4561802 -3.078135 7.385681 0.4024448 -3.030669 7.385466 0.4181501 -3.007165 7.379993 0.4600623 -3.073405 7.385465 0.4779958 -3.051553 7.379992 0.5132174 -3.121578 7.385466 0.5332064 -3.101589 7.379993 0.5613903 -3.174733 7.385465 0.5088902 -3.125905 7.385681 0.4427528 -3.192042 7.386706 0.55666 -3.178615 7.385681 0.4843587 -3.237951 7.386706 0.5990378 -3.23575 7.385681 0.5212684 -3.287714 7.386706 0.6356065 -3.296767 7.385681 0.604126 -3.23235 7.385466 0.6276307 -3.216645 7.379993 0.6410034 -3.293882 7.385465 0.6659341 -3.280556 7.379992 0.6716772 -3.35873 7.385466 0.697794 -3.347912 7.379993 0.6958417 -3.426274 7.385465 0.6660235 -3.361072 7.385681 0.5796108 -3.396865 7.386706 0.6899856 -3.42805 7.385681 0.600481 -3.455201 7.386706 0.707273 -3.497053 7.385681 0.6155378 -3.515301 7.386706 0.7177081 -3.56742 7.385681 0.7132749 -3.49586 7.385466 0.7410004 -3.490345 7.379992 0.7237981 -3.56682 7.385465 0.7519307 -3.564049 7.379992 0.7273208 -3.63847 7.385466 0.7555894 -3.63847 7.379992 0.723798 -3.710119 7.385465 0.7212013 -3.63847 7.385681 0.6276689 -3.63847 7.386706 0.717708 -3.70952 7.385681 0.6246263 -3.700352 7.386706 0.707273 -3.779886 7.385681 0.6155378 -3.761639 7.386706 0.6899856 -3.848889 7.385681 0.7132748 -3.78108 7.385466 0.7410004 -3.786595 7.379992 0.6958416 -3.850666 7.385465 0.7228929 -3.858871 7.379992 0.6716769 -3.918209 7.385466 0.6977938 -3.929027 7.379992 0.6410032 -3.983057 7.385465 0.6660233 -3.915868 7.385681 0.5796107 -3.880074 7.386706 0.6356063 -3.980172 7.385681 0.5531183 -3.936082 7.386706 0.5990377 -4.041189 7.385681 0.5212683 -3.989225 7.386706 0.5566598 -4.098324 7.385681 0.6041258 -4.044589 7.385466 0.6276304 -4.060294 7.379992 0.5613903 -4.102206 7.385465 0.5832422 -4.12014 7.379992 0.5132172 -4.155361 7.385466 0.5332062 -4.17535 7.379992 0.460062 -4.203534 7.385465 0.50889 -4.151034 7.385681 0.4427526 -4.084897 7.386706 0.45618 -4.198804 7.385681 0.3968438 -4.126502 7.386706 0.3990448 -4.241182 7.385681 0.347081 -4.163413 7.386706 0.3380281 -4.27775 7.385681 0.4024446 -4.24627 7.385466 0.4181498 -4.269774 7.379993 0.3409128 -4.283147 7.385465 0.3542385 -4.308078 7.379992 0.2760652 -4.313821 7.385466 0.2868831 -4.339938 7.379993 0.2085213 -4.337985 7.385465 0.2737234 -4.308167 7.385681 0.23793 -4.221755 7.386706 0.2067449 -4.332129 7.385681 0.179594 -4.242625 7.386706 0.1377416 -4.349417 7.385681 0.1194944 -4.257682 7.386706 0.06737536 -4.359852 7.385681 0.1389355 -4.355419 7.385466 0.1444504 -4.383144 7.379993 0.06797516 -4.365942 7.385465 0.07074594 -4.394074 7.379992 -0.003674566 -4.369465 7.385466 -0.003674566 -4.397734 7.379993 -0.07532435 -4.365942 7.385465 -0.003674566 -4.363345 7.385681 -0.003674566 -4.269813 7.386706 -0.07472455 -4.359852 7.385681 -0.06555676 -4.26677 7.386706 -0.1450908 -4.349417 7.385681 -0.1268435 -4.257682 7.386706 -0.2140941 -4.332129 7.385681 -0.1462846 -4.355419 7.385466 -0.1517996 -4.383144 7.379993 -0.2158704 -4.337985 7.385465 -0.2240764 -4.365037 7.379992 -0.2834143 -4.313821 7.385466 -0.2942323 -4.339938 7.379993 -0.3482619 -4.283147 7.385465 -0.2810725 -4.308167 7.385681 -0.2452791 -4.221755 7.386706 -0.3453772 -4.27775 7.385681 -0.3012865 -4.195262 7.386706 -0.406394 -4.241181 7.385681 -0.3544301 -4.163412 7.386706 -0.4635291 -4.198804 7.385681 -0.4097937 -4.24627 7.385466 -0.425499 -4.269774 7.379993 -0.4674112 -4.203534 7.385465 -0.4853446 -4.225386 7.379993 -0.5205662 -4.155361 7.385466 -0.5405552 -4.17535 7.379993 -0.5687392 -4.102206 7.385465 -0.5162391 -4.151034 7.385681 -0.4501016 -4.084897 7.386706 -0.5640089 -4.098324 7.385681 -0.4917076 -4.038988 7.386706 -0.6063867 -4.041189 7.385681 -0.5286173 -3.989225 7.386706 -0.6429554 -3.980172 7.385681 -0.6114749 -4.044589 7.385466 -0.6349794 -4.060294 7.379993 -0.6483523 -3.983057 7.385465 -0.673283 -3.996382 7.379992 -0.6790261 -3.918209 7.385466 -0.7051429 -3.929027 7.379993 -0.7031906 -3.850665 7.385465 -0.6733724 -3.915867 7.385681 -0.5869597 -3.880074 7.386706 -0.6973346 -3.848889 7.385681 -0.6078299 -3.821738 7.386706 -0.7146219 -3.779886 7.385681 -0.6228867 -3.761638 7.386706 -0.725057 -3.709519 7.385681 -0.7206238 -3.78108 7.385466 -0.7483493 -3.786594 7.379993 -0.7311469 -3.710119 7.385465 -0.7592793 -3.71289 7.379992 -0.7346696 -3.638469 7.385466 -0.7629384 -3.638469 7.379993 -0.7311469 -3.56682 7.385465 -0.7285503 -3.638469 7.385681 -0.6350178 -3.638469 7.386706 -0.7250569 -3.56742 7.385681 -0.6319752 -3.576587 7.386706 -0.7146219 -3.497053 7.385681 -0.6228867 -3.5153 7.386706 -0.6973345 -3.42805 7.385681 -0.7206238 -3.495859 7.385466 -0.7483493 -3.490344 7.379993 -0.7031905 -3.426274 7.385465 -0.7302419 -3.418067 7.379993 -0.679026 -3.35873 7.385466 -0.7051427 -3.347912 7.379993 -0.6483521 -3.293882 7.385465 -0.6733723 -3.361072 7.385681 -0.5869596 -3.396865 7.386706 -0.6429552 -3.296767 7.385681 -0.5604673 -3.340857 7.386706 -0.6063866 -3.23575 7.385681 -0.5286172 -3.287714 7.386706 -0.5640087 -3.178615 7.385681 -0.6114746 -3.23235 7.385466 -0.6349792 -3.216645 7.379993 -0.5687392 -3.174733 7.385465 -0.5905911 -3.156799 7.379992 -0.5205661 -3.121578 7.385466 -0.5405551 -3.101589 7.379992 -0.4674111 -3.073405 7.385465 -0.5162389 -3.125905 7.385681 -0.4501014 -3.192042 7.386706 -0.4635289 -3.078135 7.385681 -0.4041927 -3.150436 7.386706 -0.4063938 -3.035757 7.385681 -0.3544299 -3.113527 7.386706 -0.3453771 -2.999189 7.385681 -0.4097936 -3.030669 7.385466 -0.4254988 -3.007164 7.379992 -0.3482618 -2.993792 7.385465 -0.3615875 -2.968861 7.379992 -0.2834141 -2.963118 7.385466 -0.294232 -2.937001 7.379993 -0.2158702 -2.938953 7.385465 -0.2810723 -2.968771 7.385681 -0.245279 -3.055184 7.386706 -0.2140938 -2.944809 7.385681 -0.1869429 -3.034314 7.386706 -0.1450906 -2.927522 7.385681 -0.1268433 -3.019257 7.386706 -0.07472431 -2.917087 7.385681 -0.1462845 -2.92152 7.385466 -0.1517994 -2.893795 7.379993 -0.07532411 -2.910997 7.385465 -0.07809489 -2.882864 7.379993 -0.003674328 -2.907474 7.385466 -0.003674328 -2.879206 7.379993 -0.003674328 -2.913594 7.385681 -0.003674328 -3.007126 7.386706 -0.06555658 -3.010169 7.386706 0.07074624 -2.882865 7.379992 -0.003674328 -2.853704 7.366107 0.07324576 -2.857486 7.366107 -0.003674328 -2.833466 7.345166 -0.08059448 -2.857486 7.366107 -0.1567745 -2.868783 7.366107 -0.08257812 -2.837346 7.345166 -0.1607227 -2.848934 7.345167 -0.08385169 -2.824415 7.319221 -0.1632575 -2.83619 7.319221 -0.0842905 -2.81996 7.290811 -0.003674328 -2.820473 7.319221 0.07650303 -2.824415 7.319221 -0.003674328 -2.815996 7.290811 0.07694184 -2.81996 7.290811 -0.003674268 -2.816009 6.367466 -0.003674268 -2.820489 6.339146 0.07694053 -2.819972 6.367466 -0.08428919 -2.819972 6.367466 -0.1641284 -2.831812 6.367466 -0.08385008 -2.824431 6.339146 -0.1632544 -2.836206 6.339146 -0.08257579 -2.837369 6.313461 -0.1607181 -2.848957 6.313461 -0.08059108 -2.85752 6.292926 -0.003674268 -2.833489 6.313461 0.07522714 -2.837369 6.313461 -0.003674268 -2.853738 6.292926 0.07324242 -2.85752 6.292926 -0.003674328 -2.879253 6.279551 0.07074159 -2.882912 6.279551 -0.003674328 -2.907536 6.274646 -0.07809025 -2.882912 6.279551 -0.1517901 -2.893841 6.279551 -0.07531803 -2.911059 6.274646 -0.1462723 -2.921581 6.274646 -0.07468605 -2.917475 6.274548 -0.003674328 -2.913984 6.274548 -0.06548309 -3.010914 6.273346 -0.1450144 -2.927905 6.274548 -0.1266971 -3.019992 6.273346 -0.2139806 -2.945183 6.274548 -0.1867254 -3.035031 6.273346 -0.280923 -2.969132 6.274548 -0.2158522 -2.939013 6.274646 -0.2240623 -2.911947 6.279551 -0.2833904 -2.963175 6.274646 -0.2942138 -2.937045 6.279551 -0.3482325 -2.993846 6.274646 -0.3615651 -2.968903 6.279551 -0.4097591 -3.030721 6.274646 -0.3451932 -2.999533 6.274548 -0.3009333 -3.082337 6.273346 -0.4061769 -3.036082 6.274548 -0.3540137 -3.11415 6.273346 -0.4632813 -3.078437 6.274548 -0.4037175 -3.151015 6.273346 -0.515963 -3.126181 6.274548 -0.4673717 -3.073453 6.274646 -0.4853142 -3.051589 6.279551 -0.5205222 -3.121622 6.274646 -0.5405214 -3.101622 6.279552 -0.5686911 -3.174772 6.274646 -0.5905542 -3.15683 6.279551 -0.6114232 -3.232385 6.274646 -0.5637072 -3.178863 6.274548 -0.4911283 -3.238426 6.273346 -0.6060622 -3.235967 6.274548 -0.5279943 -3.28813 6.273346 -0.6426111 -3.296951 6.274548 -0.5598067 -3.341211 6.273346 -0.6730118 -3.361221 6.274548 -0.6482974 -3.293911 6.274646 -0.6732409 -3.280579 6.279551 -0.6789687 -3.358753 6.274646 -0.705099 -3.34793 6.279551 -0.7031311 -3.426291 6.274646 -0.7301964 -3.418081 6.279551 -0.7205629 -3.495872 6.274646 -0.6969611 -3.428163 6.274548 -0.607113 -3.455418 6.273346 -0.7142392 -3.497129 6.274548 -0.6221519 -3.515447 6.273346 -0.7246686 -3.567458 6.274548 -0.6312297 -3.576661 6.273346 -0.7281601 -3.638469 6.274548 -0.7310851 -3.566826 6.274646 -0.759232 -3.564054 6.279551 -0.7346076 -3.638469 6.274646 -0.7628908 -3.638469 6.279551 -0.7310851 -3.710113 6.274646 -0.759232 -3.712885 6.279551 -0.720563 -3.781067 6.274646 -0.7246686 -3.709481 6.274548 -0.6312297 -3.700278 6.273346 -0.7142392 -3.779809 6.274548 -0.622152 -3.761492 6.273346 -0.6969612 -3.848776 6.274548 -0.6071131 -3.821521 6.273346 -0.6730119 -3.915718 6.274548 -0.7031312 -3.850647 6.274646 -0.7301963 -3.858857 6.279551 -0.6789686 -3.918185 6.274646 -0.7050989 -3.929009 6.279552 -0.6482976 -3.983027 6.274646 -0.673241 -3.99636 6.279551 -0.6114233 -4.044554 6.274646 -0.6426113 -3.979988 6.274548 -0.5598067 -3.935728 6.273346 -0.6060624 -4.040972 6.274548 -0.5279944 -3.988809 6.273346 -0.5637073 -4.098076 6.274548 -0.4911285 -4.038513 6.273346 -0.5159632 -4.150758 6.274548 -0.5686913 -4.102167 6.274646 -0.5905545 -4.12011 6.279551 -0.5205224 -4.155317 6.274646 -0.5405216 -4.175316 6.279551 -0.4673718 -4.203486 6.274646 -0.4853144 -4.225349 6.279551 -0.4097593 -4.246218 6.274646 -0.4632815 -4.198502 6.274548 -0.4037176 -4.125924 6.273346 -0.4061772 -4.240857 6.274548 -0.3540139 -4.162789 6.273346 -0.3451933 -4.277406 6.274548 -0.3009334 -4.194602 6.273346 -0.2809231 -4.307807 6.274548 -0.3482326 -4.283092 6.274646 -0.3615652 -4.308036 6.279551 -0.2833905 -4.313764 6.274646 -0.2942141 -4.339894 6.279551 -0.2158524 -4.337926 6.274646 -0.2240626 -4.364992 6.279551 -0.1462725 -4.355358 6.274646 -0.2139807 -4.331756 6.274548 -0.1867256 -4.241908 6.273346 -0.1450147 -4.349034 6.274548 -0.1266973 -4.256947 6.273346 -0.07468628 -4.359464 6.274548 -0.06548333 -4.266025 6.273346 -0.003674507 -4.362955 6.274548 -0.07531821 -4.36588 6.274646 -0.07809048 -4.394027 6.279551 -0.003674566 -4.369403 6.274646 -0.003674566 -4.397686 6.279551 0.06796908 -4.36588 6.274646 0.07074135 -4.394027 6.279551 0.1389234 -4.355358 6.274646 0.06733715 -4.359464 6.274548 0.05813419 -4.266025 6.273346 0.1376655 -4.349034 6.274548 0.1193482 -4.256947 6.273346 0.2066316 -4.331756 6.274548 0.1793766 -4.241908 6.273346 0.2735741 -4.307807 6.274548 0.2085033 -4.337926 6.274646 0.2167134 -4.364992 6.279551 0.2760415 -4.313764 6.274646 0.2868649 -4.339894 6.279551 0.3408836 -4.283092 6.274646 0.3542162 -4.308036 6.279551 0.4024101 -4.246218 6.274646 0.3378443 -4.277406 6.274548 0.2935844 -4.194602 6.273346 0.398828 -4.240857 6.274548 0.3466648 -4.162789 6.273346 0.4559324 -4.198503 6.274548 0.3963686 -4.125924 6.273346 0.5086141 -4.150758 6.274548 0.4600227 -4.203486 6.274646 0.4779652 -4.225349 6.279551 0.5131732 -4.155317 6.274646 0.5331724 -4.175317 6.279551 0.5613422 -4.102167 6.274646 0.5832054 -4.12011 6.279551 0.6040742 -4.044554 6.274646 0.5563583 -4.098077 6.274548 0.4837795 -4.038513 6.273346 0.5987133 -4.040972 6.274548 0.5206454 -3.988809 6.273346 0.6352622 -3.979988 6.274548 0.5524578 -3.935729 6.273346 0.6656629 -3.915718 6.274548 0.6409484 -3.983028 6.274646 0.6658918 -3.99636 6.279551 0.6716196 -3.918186 6.274646 0.6977499 -3.929009 6.279551 0.6957823 -3.850647 6.274646 0.7228475 -3.858858 6.279551 0.713214 -3.781068 6.274646 0.6896122 -3.848776 6.274548 0.5997641 -3.821521 6.273346 0.7068904 -3.77981 6.274548 0.614803 -3.761492 6.273346 0.7173197 -3.709481 6.274548 0.6238808 -3.700278 6.273346 0.7208112 -3.63847 6.274548 0.7237362 -3.710113 6.274646 0.7518832 -3.712886 6.279551 0.7272588 -3.63847 6.274646 0.755542 -3.63847 6.279551 0.7237362 -3.566826 6.274646 0.7518831 -3.564054 6.279551 0.713214 -3.495872 6.274646 0.7173197 -3.567458 6.274548 0.6238808 -3.576661 6.273346 0.7068904 -3.497129 6.274548 0.6148031 -3.515447 6.273346 0.6896123 -3.428164 6.274548 0.5997642 -3.455419 6.273346 0.665663 -3.361221 6.274548 0.6957823 -3.426292 6.274646 0.7228474 -3.418082 6.279551 0.6716198 -3.358754 6.274646 0.69775 -3.34793 6.279552 0.6409487 -3.293911 6.274646 0.6658921 -3.280579 6.279551 0.6040744 -3.232385 6.274646 0.6352624 -3.296951 6.274548 0.5524578 -3.341211 6.273346 0.5987135 -3.235967 6.274548 0.5206455 -3.28813 6.273346 0.5563584 -3.178863 6.274548 0.4837796 -3.238426 6.273346 0.5086143 -3.126181 6.274548 0.5613424 -3.174772 6.274646 0.5832055 -3.15683 6.279551 0.5131734 -3.121622 6.274646 0.5331727 -3.101623 6.279551 0.460023 -3.073453 6.274646 0.4779656 -3.05159 6.279551 0.4024104 -3.030721 6.274646 0.4559326 -3.078437 6.274548 0.3963688 -3.151016 6.273346 0.3988283 -3.036082 6.274548 0.346665 -3.11415 6.273346 0.3378444 -2.999533 6.274548 0.2935845 -3.082337 6.273346 0.2735742 -2.969132 6.274548 0.3408838 -2.993847 6.274646 0.3542163 -2.968903 6.279551 0.2760417 -2.963175 6.274646 0.2868652 -2.937045 6.279551 0.2085035 -2.939013 6.274646 0.2167137 -2.911947 6.279551 0.1389236 -2.921581 6.274646 0.2066318 -2.945183 6.274548 0.1793767 -3.035031 6.273346 0.1376658 -2.927905 6.274548 0.1193484 -3.019992 6.273346 0.06733739 -2.917475 6.274548 0.05813443 -3.010914 6.273346 0.06796938 -2.911059 6.274646 -0.003674328 -3.007875 6.273346 0.2376435 -3.055876 6.273346 0.1444414 -2.893841 6.279552 0.1494191 -2.868817 6.292927 0.1533694 -2.848957 6.313461 0.2241201 -2.887531 6.292926 0.2299981 -2.868155 6.313461 0.2966293 -2.913473 6.292926 0.3043781 -2.894765 6.313461 0.3662438 -2.946401 6.292926 0.3757891 -2.928544 6.313461 0.4322988 -2.98599 6.292926 0.4181237 -3.007204 6.279551 0.4435485 -2.969153 6.313461 0.4941519 -3.031867 6.292926 0.5069975 -3.016214 6.313461 0.5512143 -3.083581 6.292926 0.5655324 -3.069263 6.313461 0.6029286 -3.140643 6.292926 0.6185811 -3.127798 6.313461 0.6488057 -3.202497 6.292926 0.627591 -3.216672 6.279551 0.665642 -3.191247 6.313461 0.688394 -3.268551 6.292926 0.7062518 -3.259006 6.313461 0.7213226 -3.338166 6.292927 0.74003 -3.330417 6.313461 0.7472634 -3.410675 6.292926 0.7666403 -3.404797 6.313461 0.7659783 -3.485376 6.292926 0.785838 -3.481426 6.313461 0.7772749 -3.561553 6.292926 0.7409538 -3.490354 6.279551 0.7974261 -3.559568 6.313461 0.7810568 -3.63847 6.292926 0.8013055 -3.63847 6.313461 0.777275 -3.715386 6.292926 0.7974262 -3.717371 6.313461 0.7659782 -3.791563 6.292927 0.7409538 -3.786585 6.279552 0.7858379 -3.795513 6.313461 0.7472635 -3.866264 6.292926 0.7666403 -3.872142 6.313461 0.7213224 -3.938773 6.292926 0.7400298 -3.946522 6.313461 0.6883938 -4.008388 6.292926 0.7062515 -4.017933 6.313461 0.6488055 -4.074443 6.292926 0.6275908 -4.060267 6.279551 0.6656417 -4.085692 6.313461 0.6029284 -4.136296 6.292926 0.6185809 -4.149141 6.313461 0.551214 -4.193358 6.292926 0.5655321 -4.207676 6.313461 0.4941516 -4.245072 6.292926 0.5069972 -4.260725 6.313461 0.4322987 -4.29095 6.292926 0.4181234 -4.269735 6.279551 0.4435483 -4.307786 6.313461 0.3662437 -4.330538 6.292926 0.3757888 -4.348396 6.313461 0.296629 -4.363467 6.292926 0.3043779 -4.382174 6.313461 0.2241199 -4.389408 6.292926 0.2299978 -4.408784 6.313461 0.1494188 -4.408122 6.292927 0.1444411 -4.383098 6.279552 0.1533691 -4.427982 6.313461 0.07324218 -4.419419 6.292926 0.0752269 -4.43957 6.313461 -0.003674566 -4.423201 6.292926 -0.003674566 -4.443449 6.313461 -0.08059132 -4.419419 6.292926 -0.08257603 -4.43957 6.313461 -0.156768 -4.408122 6.292926 -0.1517903 -4.383098 6.279551 -0.1607183 -4.427982 6.313461 -0.2314691 -4.389408 6.292926 -0.237347 -4.408784 6.313461 -0.3039782 -4.363466 6.292926 -0.3117271 -4.382174 6.313461 -0.3735927 -4.330538 6.292926 -0.383138 -4.348395 6.313461 -0.4396477 -4.290949 6.292926 -0.4254726 -4.269735 6.279551 -0.4508973 -4.307785 6.313461 -0.5015007 -4.245072 6.292926 -0.5143464 -4.260725 6.313461 -0.5585632 -4.193358 6.292926 -0.5728813 -4.207676 6.313461 -0.6102776 -4.136296 6.292926 -0.62593 -4.149141 6.313461 -0.6561545 -4.074442 6.292926 -0.6729907 -4.085692 6.313461 -0.6957429 -4.008388 6.292926 -0.6349398 -4.060267 6.279551 -0.7136006 -4.017933 6.313461 -0.7286714 -3.938773 6.292927 -0.7473789 -3.946522 6.313461 -0.7546123 -3.866264 6.292926 -0.7739891 -3.872142 6.313461 -0.7733272 -3.791563 6.292926 -0.7483028 -3.786585 6.279551 -0.7931869 -3.795513 6.313461 -0.7846238 -3.715386 6.292926 -0.8047749 -3.717371 6.313461 -0.7884055 -3.638469 6.292926 -0.8086543 -3.638469 6.313461 -0.7846238 -3.561553 6.292926 -0.8047749 -3.559568 6.313461 -0.7733272 -3.485376 6.292926 -0.7483026 -3.490354 6.279551 -0.7931869 -3.481426 6.313461 -0.7546124 -3.410675 6.292926 -0.7739892 -3.404797 6.313461 -0.7286715 -3.338166 6.292926 -0.7473789 -3.330417 6.313461 -0.6957427 -3.268551 6.292926 -0.7136005 -3.259006 6.313461 -0.6561545 -3.202496 6.292926 -0.6349398 -3.216671 6.279551 -0.6729907 -3.191246 6.313461 -0.6102772 -3.140643 6.292926 -0.6259297 -3.127798 6.313461 -0.5585631 -3.083581 6.292927 -0.5728811 -3.069263 6.313461 -0.5015005 -3.031867 6.292926 -0.5143461 -3.016214 6.313461 -0.4396475 -2.985989 6.292926 -0.4254723 -3.007204 6.279551 -0.4508971 -2.969153 6.313461 -0.3735926 -2.946401 6.292926 -0.3831377 -2.928544 6.313461 -0.3039779 -2.913473 6.292926 -0.3117268 -2.894765 6.313461 -0.2314689 -2.887531 6.292926 -0.2373467 -2.868155 6.313461 -0.1567677 -2.868817 6.292926 -0.2411206 -2.855714 6.339146 -0.242421 -2.851427 6.367466 -0.3167019 -2.882754 6.339146 -0.3892662 -2.917078 6.339146 -0.3184164 -2.878615 6.367466 -0.3913781 -2.913127 6.367466 -0.3184213 -2.878603 7.290811 -0.3167081 -2.882739 7.319221 -0.3913843 -2.913115 7.290811 -0.2424249 -2.851414 7.290811 -0.2411253 -2.855699 7.319221 -0.1641309 -2.831799 7.290811 -0.2373536 -2.868132 7.345166 -0.2314788 -2.887499 7.366107 -0.3117358 -2.894743 7.345167 -0.3831488 -2.928523 7.345166 -0.303991 -2.913441 7.366107 -0.3736087 -2.946371 7.366107 -0.4396666 -2.985961 7.366106 -0.4509102 -2.969134 7.345166 -0.5015223 -3.03184 7.366106 -0.4853444 -3.051553 7.379992 -0.5585874 -3.083556 7.366106 -0.514361 -3.016196 7.345166 -0.5728977 -3.069246 7.345166 -0.5226039 -3.006152 7.319221 -0.5820854 -3.060058 7.319221 -0.525444 -3.002691 7.290811 -0.4581289 -2.95833 7.319221 -0.4606162 -2.954607 7.290811 -0.3892738 -2.917064 7.319221 -0.4606089 -2.954618 6.367466 -0.4581199 -2.958343 6.339146 -0.5254357 -3.002701 6.367466 -0.5852417 -3.056902 6.367466 -0.5225936 -3.006164 6.339146 -0.5820739 -3.06007 6.339146 -0.6359794 -3.11955 6.339146 -0.6394425 -3.116708 6.367466 -0.6838004 -3.184024 6.339146 -0.725066 -3.252877 6.339146 -0.6875253 -3.181535 6.367466 -0.729017 -3.250766 6.367466 -0.6875361 -3.181528 7.290811 -0.6838137 -3.184015 7.319221 -0.7290285 -3.25076 7.290811 -0.6394526 -3.1167 7.290811 -0.635992 -3.11954 7.319221 -0.585251 -3.056893 7.290811 -0.625948 -3.127783 7.345166 -0.6103039 -3.140621 7.366106 -0.6730101 -3.191234 7.345166 -0.7136211 -3.258995 7.345166 -0.6561829 -3.202477 7.366107 -0.6957729 -3.268535 7.366107 -0.6732827 -3.280556 7.379993 -0.728703 -3.338153 7.366107 -0.7474004 -3.330408 7.345167 -0.7546452 -3.410665 7.366107 -0.7733607 -3.485369 7.366107 -0.7740116 -3.40479 7.345166 -0.7932098 -3.481421 7.345167 -0.7864453 -3.401018 7.319221 -0.8059535 -3.478886 7.319221 -0.7907294 -3.399719 7.290811 -0.7594046 -3.325436 7.319221 -0.7635409 -3.323722 7.290811 -0.7250802 -3.25287 7.319221 -0.7635289 -3.323727 6.367466 -0.7593899 -3.325442 6.339146 -0.790717 -3.399723 6.367466 -0.8103316 -3.478015 6.367466 -0.78643 -3.401023 6.339146 -0.8059377 -3.478889 6.339146 -0.817713 -3.558294 6.339146 -0.8221714 -3.557854 6.367466 -0.821655 -3.638469 6.339146 -0.817713 -3.718645 6.339146 -0.826135 -3.638469 6.367466 -0.8221714 -3.719084 6.367466 -0.8261479 -3.638469 7.290811 -0.8216711 -3.638469 7.319221 -0.8221844 -3.719085 7.290811 -0.8221844 -3.557853 7.290811 -0.8177289 -3.558292 7.319221 -0.8103444 -3.478013 7.290811 -0.8047983 -3.559566 7.345166 -0.7846579 -3.561549 7.366107 -0.8086777 -3.638469 7.345166 -0.8047983 -3.717373 7.345166 -0.7884398 -3.638469 7.366107 -0.7846579 -3.715389 7.366107 -0.7733608 -3.791569 7.366107 -0.7932098 -3.795518 7.345166 -0.7546452 -3.866274 7.366107 -0.730242 -3.858871 7.379992 -0.7287031 -3.938786 7.366107 -0.7740116 -3.872148 7.345166 -0.7474005 -3.946531 7.345166 -0.7864454 -3.87592 7.319221 -0.7594048 -3.951503 7.319221 -0.7907295 -3.87722 7.290811 -0.8059535 -3.798053 7.319221 -0.8103444 -3.798926 7.290811 -0.8177289 -3.718647 7.319221 -0.8103317 -3.798923 6.367466 -0.8059377 -3.798049 6.339146 -0.7907171 -3.877216 6.367466 -0.7635289 -3.953211 6.367466 -0.78643 -3.875916 6.339146 -0.7593899 -3.951497 6.339146 -0.7250661 -4.024061 6.339146 -0.7290171 -4.026173 6.367466 -0.6838004 -4.092915 6.339146 -0.6875255 -4.095404 6.367466 -0.6359797 -4.157389 6.339146 -0.6394427 -4.160231 6.367466 -0.5820741 -4.216869 6.339146 -0.5225939 -4.270774 6.339146 -0.585242 -4.220037 6.367466 -0.525436 -4.274238 6.367466 -0.5852512 -4.220046 7.290811 -0.5820856 -4.21688 7.319221 -0.5254442 -4.274248 7.290811 -0.6394526 -4.160239 7.290811 -0.635992 -4.157399 7.319221 -0.6875364 -4.095411 7.290811 -0.6838139 -4.092924 7.319221 -0.7290287 -4.026179 7.290811 -0.7250804 -4.024069 7.319221 -0.763541 -3.953216 7.290811 -0.7136213 -4.017944 7.345166 -0.6957732 -4.008404 7.366107 -0.6730104 -4.085705 7.345166 -0.6561831 -4.074462 7.366107 -0.625948 -4.149156 7.345166 -0.6103039 -4.136317 7.366107 -0.5728979 -4.207693 7.345166 -0.5143612 -4.260743 7.345166 -0.5585875 -4.193382 7.366107 -0.5015225 -4.245099 7.366107 -0.4396669 -4.290978 7.366107 -0.4509104 -4.307805 7.345167 -0.373609 -4.330568 7.366107 -0.3615877 -4.308078 7.379993 -0.3039913 -4.363498 7.366107 -0.383149 -4.348416 7.345166 -0.311736 -4.382195 7.345167 -0.389274 -4.359875 7.319221 -0.3167083 -4.3942 7.319221 -0.3913844 -4.363823 7.290811 -0.4581292 -4.318609 7.319221 -0.4606164 -4.322331 7.290811 -0.5226041 -4.270787 7.319221 -0.4606091 -4.32232 6.367466 -0.4581202 -4.318595 6.339146 -0.3913783 -4.363812 6.367466 -0.3184166 -4.398324 6.367466 -0.3892664 -4.359861 6.339146 -0.3167022 -4.394185 6.339146 -0.2411209 -4.421225 6.339146 -0.2424213 -4.425512 6.367466 -0.1632546 -4.440733 6.339146 -0.08385032 -4.452508 6.339146 -0.1641287 -4.445127 6.367466 -0.08428949 -4.456966 6.367466 -0.1641312 -4.445139 7.290811 -0.1632578 -4.440749 7.319221 -0.0842908 -4.456979 7.290811 -0.2424252 -4.425525 7.290811 -0.2411255 -4.42124 7.319221 -0.3184216 -4.398336 7.290811 -0.2373538 -4.408807 7.345166 -0.2314791 -4.38944 7.366107 -0.1607229 -4.428005 7.345166 -0.08257842 -4.439593 7.345166 -0.1567747 -4.408156 7.366107 -0.08059471 -4.419453 7.366107 -0.07809513 -4.394074 7.379992 -0.003674566 -4.423235 7.366107 -0.003674566 -4.443473 7.345166 0.07324552 -4.419453 7.366107 0.1494255 -4.408156 7.366107 0.07522916 -4.439593 7.345166 0.1533737 -4.428005 7.345166 0.07650274 -4.452524 7.319221 0.1559086 -4.440749 7.319221 0.07694154 -4.45698 7.290811 -0.003674566 -4.456466 7.319221 -0.003674566 -4.460943 7.290811 -0.08385193 -4.452524 7.319221 -0.003674566 -4.46093 6.367466 -0.003674566 -4.45645 6.339146 0.07694029 -4.456966 6.367466 0.1567795 -4.445127 6.367466 0.07650119 -4.452508 6.339146 0.1559055 -4.440733 6.339146 0.2337717 -4.421225 6.339146 0.2350721 -4.425512 6.367466 0.309353 -4.394185 6.339146 0.3819172 -4.359861 6.339146 0.3110674 -4.398324 6.367466 0.3840291 -4.363812 6.367466 0.3110724 -4.398336 7.290811 0.3093591 -4.3942 7.319221 0.3840352 -4.363824 7.290811 0.2350759 -4.425525 7.290811 0.2337763 -4.42124 7.319221 0.156782 -4.445139 7.290811 0.2300046 -4.408807 7.345166 0.2241298 -4.38944 7.366107 0.3043867 -4.382195 7.345166 0.3757998 -4.348416 7.345166 0.2966421 -4.363498 7.366107 0.3662598 -4.330568 7.366107 0.4323177 -4.290978 7.366107 0.4435613 -4.307805 7.345166 0.4941733 -4.245099 7.366107 0.4779954 -4.225386 7.379992 0.5512384 -4.193382 7.366106 0.507012 -4.260743 7.345166 0.5655488 -4.207693 7.345166 0.5152549 -4.270787 7.319221 0.5747365 -4.216881 7.319221 0.518095 -4.274248 7.290811 0.45078 -4.318609 7.319221 0.4532672 -4.322331 7.290811 0.3819248 -4.359875 7.319221 0.45326 -4.32232 6.367466 0.450771 -4.318595 6.339146 0.5180868 -4.274238 6.367466 0.5778928 -4.220037 6.367466 0.5152447 -4.270774 6.339146 0.574725 -4.216869 6.339146 0.6286305 -4.157389 6.339146 0.6320936 -4.160231 6.367466 0.6764514 -4.092915 6.339146 0.717717 -4.024061 6.339146 0.6801764 -4.095404 6.367466 0.721668 -4.026173 6.367466 0.6801873 -4.095411 7.290811 0.6764649 -4.092924 7.319221 0.7216796 -4.026179 7.290811 0.6321038 -4.160239 7.290811 0.628643 -4.157399 7.319221 0.5779021 -4.220046 7.290811 0.6185991 -4.149156 7.345166 0.602955 -4.136318 7.366106 0.6656613 -4.085705 7.345166 0.7062722 -4.017944 7.345166 0.6488341 -4.074462 7.366106 0.688424 -4.008404 7.366106 0.6659339 -3.996383 7.379992 0.7213541 -3.938786 7.366106 0.7400515 -3.946531 7.345166 0.7472962 -3.866274 7.366106 0.7660118 -3.79157 7.366106 0.7666625 -3.872149 7.345166 0.7858608 -3.795518 7.345166 0.7790964 -3.875921 7.319221 0.7986046 -3.798053 7.319221 0.7833805 -3.87722 7.290811 0.7520558 -3.951503 7.319221 0.7561919 -3.953217 7.290811 0.7177312 -4.024069 7.319221 0.7561799 -3.953212 6.367466 0.7520409 -3.951497 6.339146 0.7833681 -3.877216 6.367466 0.8029827 -3.798924 6.367466 0.7790811 -3.875916 6.339146 0.7985888 -3.79805 6.339146 0.8103642 -3.718645 6.339146 0.8148226 -3.719084 6.367466 0.8143062 -3.63847 6.339146 0.8103641 -3.558294 6.339146 0.8187862 -3.63847 6.367466 0.8148225 -3.557855 6.367466 0.8187991 -3.63847 7.290811 0.8143221 -3.63847 7.319221 0.8148356 -3.557853 7.290811 0.8148355 -3.719086 7.290811 0.8103801 -3.718647 7.319221 0.8029955 -3.798926 7.290811 0.7974494 -3.717373 7.345166 0.777309 -3.71539 7.366106 0.8013287 -3.63847 7.345166 0.7974495 -3.559566 7.345166 0.7810908 -3.63847 7.366106 0.7773091 -3.561549 7.366106 0.7660118 -3.485369 7.366106 0.7858609 -3.481421 7.345166 0.7472963 -3.410665 7.366107 0.722893 -3.418068 7.379992 0.7213542 -3.338153 7.366107 0.7666627 -3.40479 7.345166 0.7400516 -3.330408 7.345166 0.7790965 -3.401019 7.319221 0.7520559 -3.325436 7.319221 0.7833806 -3.399719 7.290811 0.7986046 -3.478886 7.319221 0.8103803 -3.558292 7.319221 0.8029955 -3.478013 7.290811 0.8029827 -3.478015 6.367466 0.7985888 -3.478889 6.339146 0.7833682 -3.399723 6.367466 0.75618 -3.323728 6.367466 0.7790811 -3.401023 6.339146 0.7520411 -3.325442 6.339146 0.7177172 -3.252878 6.339146 0.7216683 -3.250766 6.367466 0.6764516 -3.184024 6.339146 0.6286308 -3.11955 6.339146 0.6801766 -3.181535 6.367466 0.6320938 -3.116708 6.367466 0.6801875 -3.181528 7.290811 0.6764651 -3.184015 7.319221 0.6321038 -3.1167 7.290811 0.7216798 -3.25076 7.290811 0.7177315 -3.25287 7.319221 0.7561921 -3.323723 7.290811 0.7062724 -3.258995 7.345166 0.6884242 -3.268535 7.366107 0.6656615 -3.191234 7.345166 0.6185991 -3.127783 7.345166 0.6488343 -3.202477 7.366107 0.6029551 -3.140622 7.366107 0.5832422 -3.1568 7.379992 0.5512385 -3.083557 7.366107 0.5655489 -3.069246 7.345166 0.4941736 -3.03184 7.366107 0.4323179 -2.985961 7.366107 0.5070124 -3.016196 7.345166 0.4435614 -2.969134 7.345166 0.5152552 -3.006152 7.319221 0.4507802 -2.95833 7.319221 0.5180953 -3.002691 7.290811 0.5747366 -3.060059 7.319221 0.5779023 -3.056893 7.290811 0.628643 -3.11954 7.319221 0.577893 -3.056902 6.367466 0.5747252 -3.06007 6.339146 0.5180871 -3.002701 6.367466 0.4532603 -2.954619 6.367466 0.515245 -3.006165 6.339146 0.4507713 -2.958344 6.339146 0.3819175 -2.917078 6.339146 0.3840293 -2.913127 6.367466 0.3093532 -2.882754 6.339146 0.2337719 -2.855714 6.339146 0.3110677 -2.878615 6.367466 0.2350724 -2.851427 6.367466 0.3110727 -2.878603 7.290811 0.3093594 -2.882739 7.319221 0.2350761 -2.851414 7.290811 0.3840355 -2.913115 7.290811 0.3819251 -2.917064 7.319221 0.4532674 -2.954608 7.290811 0.3758001 -2.928523 7.345166 0.36626 -2.946371 7.366107 0.304387 -2.894743 7.345166 0.2300048 -2.868132 7.345166 0.2966423 -2.913441 7.366107 0.22413 -2.887499 7.366107 0.1494258 -2.868783 7.366107 0.153374 -2.848934 7.345166 0.1559088 -2.83619 7.319221 0.07522946 -2.837346 7.345166 0.1567822 -2.831799 7.290811 0.2337766 -2.855699 7.319221 0.1567797 -2.831812 6.367466 0.1559057 -2.836206 6.339146 0.07650142 -2.824431 6.339146 0.3542388 -2.968861 7.379992 0.7519304 -3.71289 7.379992 0.2167272 -4.365037 7.379992 -0.5905911 -4.12014 7.379992 -0.7592793 -3.564049 7.379992 -0.2240762 -2.911902 7.379993 0.4422231 -3.192572 6.273346 0.5789186 -3.397152 6.273346 0.6269198 -3.63847 6.273346 0.5789186 -3.879787 6.273346 0.4422229 -4.084367 6.273346 0.2376434 -4.221063 6.273346 -0.003674507 -4.269064 6.273346 -0.2449924 -4.221063 6.273346 -0.4495719 -4.084367 6.273346 -0.5862675 -3.879787 6.273346 -0.6342687 -3.638469 6.273346 -0.5862675 -3.397151 6.273346 -0.4495717 -3.192572 6.273346 -0.2449923 -3.055876 6.273346 -0.3012863 -3.081676 7.386706 -0.4917074 -3.237951 7.386706 -0.6078299 -3.455201 7.386706 -0.6319752 -3.700352 7.386706 -0.5604674 -3.936081 7.386706 -0.4041929 -4.126502 7.386706 -0.1869431 -4.242625 7.386706 0.05820763 -4.26677 7.386706 0.2939375 -4.195262 7.386706 0.4843586 -4.038988 7.386706 0.600481 -3.821738 7.386706 0.6246262 -3.576587 7.386706 0.5531185 -3.340857 7.386706 0.396844 -3.150437 7.386706 0.1194946 -3.019258 7.591009 0.0582078 -3.010169 7.591009 0.1795942 -3.034314 7.591009 0.02903747 -3.474015 7.590005 0.1389248 -2.921575 7.590475 0.1444569 -2.893764 7.585849 0.06796991 -2.911053 7.590475 0.2085053 -2.939007 7.590475 0.2167366 -2.911872 7.585849 0.2760441 -2.96317 7.590475 0.2868955 -2.936972 7.585849 0.3408868 -2.993841 7.590475 0.2379302 -3.055185 7.591009 0.2939376 -3.081677 7.591009 0.06049233 -3.483557 7.590005 0.05534303 -3.495989 7.592679 0.04499906 -3.478014 7.590005 0.07536709 -3.490593 7.590005 0.08948129 -3.499052 7.590005 0.06902408 -3.50246 7.592679 0.08200562 -3.51024 7.592679 0.06364673 -3.512521 7.600291 0.07566809 -3.519725 7.600291 0.0600537 -3.519243 7.611685 0.05097758 -3.506528 7.600291 0.03778171 -3.501807 7.600291 0.04806077 -3.51357 7.611685 0.03556913 -3.509101 7.611685 0.04703646 -3.516042 7.625124 0.03479218 -3.511662 7.625124 0.05879199 -3.521603 7.625124 0.04703646 -3.516042 7.78562 0.04578983 -3.519052 7.806164 0.03479218 -3.511662 7.78562 0.05879199 -3.521603 7.78562 0.06994646 -3.528288 7.78562 0.05725634 -3.524476 7.806164 0.06813657 -3.530997 7.806164 0.0527997 -3.532814 7.824696 0.06288403 -3.538858 7.824696 0.04585826 -3.5458 7.839403 0.04217183 -3.527787 7.824696 0.03110212 -3.523827 7.824696 0.03653675 -3.541391 7.839403 0.02682763 -3.537918 7.839403 0.02943611 -3.558534 7.848845 0.0214414 -3.555674 7.848845 0.02156502 -3.577537 7.852099 0.03711152 -3.562164 7.848845 0.04439449 -3.566529 7.848845 0.02741575 -3.580304 7.852099 0.03296732 -3.583631 7.852099 0.01416033 -3.605103 7.852098 0.01734495 -3.607012 7.852098 0.01080417 -3.603516 7.852098 0.007308065 -3.602265 7.852098 0.003706514 -3.601362 7.852098 0.01547074 -3.575356 7.852099 0.009192347 -3.573783 7.852099 0.01320505 -3.55361 7.848845 0.002790033 -3.572834 7.852099 0.004806101 -3.552365 7.848845 -0.003674447 -3.572516 7.852099 3.38901e-5 -3.600818 7.852098 -0.003674447 -3.600636 7.852098 -0.00738281 -3.600818 7.852098 -0.01105558 -3.601362 7.852098 -0.01013898 -3.572834 7.852099 -0.01215499 -3.552365 7.848845 -0.01654142 -3.573783 7.852099 -0.02055406 -3.55361 7.848845 -0.02281975 -3.575356 7.852099 -0.02879035 -3.555674 7.848845 -0.02891379 -3.577536 7.852099 -0.01465713 -3.602265 7.852098 -0.01815295 -3.603515 7.852098 -0.02150923 -3.605103 7.852098 -0.0246939 -3.607012 7.852098 -0.03476464 -3.580304 7.852099 -0.04446047 -3.562164 7.848845 -0.04031628 -3.583631 7.852099 -0.05174344 -3.566529 7.848845 -0.04551482 -3.587487 7.852099 -0.05856317 -3.571588 7.848845 -0.05031073 -3.591833 7.852099 -0.02767604 -3.609224 7.852098 -0.03042721 -3.611717 7.852098 -0.03292053 -3.614468 7.852098 -0.0351324 -3.61745 7.852098 -0.0546571 -3.596629 7.852099 -0.07055658 -3.583581 7.848845 -0.05851292 -3.601828 7.852099 -0.07561486 -3.590401 7.848845 -0.06184017 -3.607379 7.852099 -0.07997971 -3.597684 7.848845 -0.06460767 -3.61323 7.852099 -0.03704106 -3.620635 7.852098 -0.03862863 -3.623991 7.852098 -0.03987932 -3.627487 7.852098 -0.04078161 -3.631088 7.852098 -0.06678795 -3.619324 7.852099 -0.08647054 -3.613354 7.848845 -0.06836086 -3.625603 7.852099 -0.08853393 -3.62159 7.848845 -0.06931024 -3.632005 7.852099 -0.08977943 -3.629989 7.848845 -0.06962811 -3.63847 7.852099 -0.04132622 -3.634761 7.852098 -0.04150861 -3.63847 7.852098 -0.04132622 -3.642178 7.852098 -0.04078161 -3.645851 7.852098 -0.06931024 -3.644934 7.852099 -0.08977949 -3.64695 7.848845 -0.06836086 -3.651337 7.852099 -0.08853393 -3.655349 7.848845 -0.06678795 -3.657615 7.852099 -0.08647054 -3.663585 7.848845 -0.06460767 -3.663709 7.852099 -0.03987932 -3.649452 7.852098 -0.03862863 -3.652948 7.852098 -0.03704106 -3.656305 7.852098 -0.0351324 -3.659489 7.852098 -0.06184017 -3.66956 7.852099 -0.07997971 -3.679256 7.848845 -0.05851292 -3.675112 7.852099 -0.07561486 -3.686539 7.848845 -0.05465716 -3.68031 7.852099 -0.07055664 -3.693358 7.848845 -0.05031073 -3.685106 7.852099 -0.03292053 -3.662471 7.852098 -0.03042721 -3.665222 7.852098 -0.0276761 -3.667716 7.852098 -0.02469402 -3.669928 7.852098 -0.04551488 -3.689452 7.852099 -0.05856323 -3.705352 7.848845 -0.0403164 -3.693308 7.852099 -0.0517435 -3.71041 7.848845 -0.03476464 -3.696635 7.852099 -0.04446047 -3.714775 7.848845 -0.02891385 -3.699403 7.852099 -0.02150923 -3.671836 7.852098 -0.01815301 -3.673424 7.852098 -0.01465708 -3.674674 7.852098 -0.0110554 -3.675577 7.852098 -0.02281975 -3.701583 7.852099 -0.02879035 -3.721266 7.848845 -0.0165413 -3.703156 7.852099 -0.020554 -3.723329 7.848845 -0.01013904 -3.704105 7.852099 -0.01215505 -3.724575 7.848845 -0.003674447 -3.704423 7.852099 -0.007382869 -3.676121 7.852098 -0.003674447 -3.676304 7.852098 3.38822e-5 -3.676121 7.852098 0.003706574 -3.675577 7.852098 0.002790033 -3.704105 7.852099 0.004806101 -3.724575 7.848845 0.009192407 -3.703156 7.852099 0.01320511 -3.723329 7.848845 0.0154708 -3.701583 7.852099 0.0214414 -3.721266 7.848845 0.02156484 -3.699403 7.852099 0.007308185 -3.674674 7.852098 0.01080399 -3.673424 7.852098 0.01416027 -3.671836 7.852098 0.01734495 -3.669928 7.852098 0.02741569 -3.696635 7.852099 0.03711152 -3.714775 7.848845 0.03296732 -3.693308 7.852099 0.04439449 -3.71041 7.848845 0.03816586 -3.689452 7.852099 0.05121421 -3.705352 7.848845 0.04296183 -3.685106 7.852099 0.02032709 -3.667716 7.852098 0.02307832 -3.665222 7.852098 0.02557158 -3.662471 7.852098 0.02778339 -3.659489 7.852098 0.0473082 -3.68031 7.852099 0.06320762 -3.693358 7.848845 0.05116391 -3.675112 7.852099 0.06826585 -3.686539 7.848845 0.05449116 -3.66956 7.852099 0.07263076 -3.679256 7.848845 0.05725872 -3.663709 7.852099 0.02969205 -3.656304 7.852098 0.03127968 -3.652948 7.852098 0.03253036 -3.649452 7.852098 0.03343266 -3.645851 7.852098 0.05943894 -3.657615 7.852099 0.07912153 -3.663586 7.848845 0.06101185 -3.651337 7.852099 0.08118498 -3.655349 7.848845 0.06196129 -3.644934 7.852099 0.08243054 -3.64695 7.848845 0.06227916 -3.63847 7.852099 0.03397732 -3.642178 7.852098 0.03415966 -3.63847 7.852098 0.03397727 -3.634761 7.852098 0.0334326 -3.631088 7.852098 0.06196129 -3.632005 7.852099 0.08243048 -3.629989 7.848845 0.06101185 -3.625603 7.852099 0.08118498 -3.62159 7.848845 0.05943894 -3.619324 7.852099 0.07912153 -3.613354 7.848845 0.05725872 -3.61323 7.852099 0.0325303 -3.627487 7.852098 0.03127962 -3.623991 7.852098 0.02969211 -3.620635 7.852098 0.02778345 -3.61745 7.852098 0.05449122 -3.607379 7.852099 0.07263082 -3.597684 7.848845 0.05116397 -3.601828 7.852099 0.06826591 -3.590401 7.848845 0.04730814 -3.596629 7.852099 0.06320762 -3.583581 7.848845 0.04296177 -3.591833 7.852099 0.02557158 -3.614468 7.852098 0.02307832 -3.611717 7.852098 0.02032715 -3.609224 7.852098 0.03816586 -3.587487 7.852099 0.05121421 -3.571588 7.848845 0.06298536 -3.557244 7.839403 0.05750578 -3.577289 7.848845 0.07062613 -3.564169 7.839403 0.08103853 -3.553757 7.824696 0.07755076 -3.57181 7.839403 0.08893352 -3.562468 7.824696 0.0836938 -3.580092 7.839403 0.09593743 -3.571911 7.824696 0.08899474 -3.588937 7.839403 0.1019812 -3.581995 7.824696 0.09340393 -3.598258 7.839403 0.1070083 -3.592623 7.824696 0.0762614 -3.605359 7.848845 0.09687745 -3.607968 7.839403 0.1109686 -3.603693 7.824696 0.09938341 -3.61797 7.839403 0.1138257 -3.615097 7.824696 0.100896 -3.62817 7.839403 0.1155503 -3.626727 7.824696 0.1014025 -3.63847 7.839403 0.1161277 -3.63847 7.824696 0.08284747 -3.63847 7.848845 0.1008961 -3.648769 7.839403 0.1155503 -3.650212 7.824696 0.09938341 -3.658969 7.839403 0.1138257 -3.661842 7.824696 0.09687745 -3.668972 7.839403 0.1109686 -3.673246 7.824696 0.09340393 -3.678681 7.839403 0.1070083 -3.684316 7.824696 0.0762614 -3.67158 7.848845 0.08899468 -3.688002 7.839403 0.1019812 -3.694944 7.824696 0.08369374 -3.696847 7.839403 0.09593737 -3.705028 7.824696 0.07755076 -3.705129 7.839403 0.08893352 -3.714471 7.824696 0.07062613 -3.71277 7.839403 0.08103847 -3.723183 7.824696 0.05750578 -3.69965 7.848845 0.0629853 -3.719695 7.839403 0.07232689 -3.731078 7.824696 0.05470311 -3.725838 7.839403 0.06288403 -3.738082 7.824696 0.0458582 -3.731139 7.839403 0.05279964 -3.744125 7.824696 0.03653669 -3.735548 7.839403 0.04217183 -3.749152 7.824696 0.02943599 -3.718405 7.848845 0.02682763 -3.739022 7.839403 0.03110212 -3.753113 7.824696 0.01682496 -3.741528 7.839403 0.01969772 -3.75597 7.824696 0.006624758 -3.74304 7.839403 0.008068084 -3.757694 7.824696 -0.003674447 -3.743546 7.839403 -0.003674447 -3.758272 7.824696 -0.003674447 -3.724992 7.848845 -0.01397377 -3.74304 7.839403 -0.01541709 -3.757694 7.824696 -0.02417391 -3.741528 7.839403 -0.02704674 -3.75597 7.824696 -0.03417658 -3.739022 7.839403 -0.03845107 -3.753113 7.824696 -0.04388564 -3.735548 7.839403 -0.04952079 -3.749152 7.824696 -0.036785 -3.718405 7.848845 -0.05320715 -3.731139 7.839403 -0.06014859 -3.744125 7.824696 -0.06205207 -3.725838 7.839403 -0.07023304 -3.738081 7.824696 -0.07033431 -3.719695 7.839403 -0.07967591 -3.731078 7.824696 -0.07797509 -3.71277 7.839403 -0.08838742 -3.723183 7.824696 -0.06485474 -3.69965 7.848845 -0.08489972 -3.705129 7.839403 -0.09628248 -3.714471 7.824696 -0.09104275 -3.696847 7.839403 -0.1032864 -3.705028 7.824696 -0.09634369 -3.688002 7.839403 -0.1093302 -3.694944 7.824696 -0.1007529 -3.678681 7.839403 -0.1143573 -3.684316 7.824696 -0.08361035 -3.67158 7.848845 -0.1042264 -3.668972 7.839403 -0.1183176 -3.673246 7.824696 -0.1067324 -3.658969 7.839403 -0.1211747 -3.661842 7.824696 -0.108245 -3.648769 7.839403 -0.1228993 -3.650212 7.824696 -0.1087514 -3.63847 7.839403 -0.1234767 -3.63847 7.824696 -0.09019643 -3.63847 7.848845 -0.108245 -3.62817 7.839403 -0.1228993 -3.626727 7.824696 -0.1067324 -3.61797 7.839403 -0.1211747 -3.615097 7.824696 -0.1042264 -3.607968 7.839403 -0.1183176 -3.603693 7.824696 -0.1007529 -3.598258 7.839403 -0.1143573 -3.592623 7.824696 -0.08361035 -3.605359 7.848845 -0.09634369 -3.588937 7.839403 -0.1093301 -3.581995 7.824696 -0.09104275 -3.580092 7.839403 -0.1032863 -3.571911 7.824696 -0.08489966 -3.57181 7.839403 -0.09628242 -3.562468 7.824696 -0.07797503 -3.564169 7.839403 -0.08838742 -3.553757 7.824696 -0.06485474 -3.577289 7.848845 -0.07033425 -3.557244 7.839403 -0.07967585 -3.545862 7.824696 -0.06205201 -3.551101 7.839403 -0.07023298 -3.538858 7.824696 -0.05320715 -3.5458 7.839403 -0.06014859 -3.532814 7.824696 -0.04388564 -3.541391 7.839403 -0.04952079 -3.527787 7.824696 -0.03678494 -3.558534 7.848845 -0.03417652 -3.537918 7.839403 -0.03845107 -3.523827 7.824696 -0.02417397 -3.535412 7.839403 -0.02704668 -3.520969 7.824696 -0.01397371 -3.533899 7.839403 -0.01541703 -3.519245 7.824696 -0.003674447 -3.533393 7.839403 -0.003674447 -3.518667 7.824696 0.006624817 -3.533899 7.839403 -0.003674447 -3.551948 7.848845 0.008068144 -3.519245 7.824696 0.01682496 -3.535412 7.839403 0.01969778 -3.520969 7.824696 0.02154219 -3.511697 7.806164 0.02217775 -3.508502 7.78562 0.008994817 -3.509836 7.806164 0.03384655 -3.51478 7.806164 0.009314119 -3.506594 7.78562 -0.003674447 -3.509213 7.806164 -0.003674447 -3.505955 7.78562 -0.01634371 -3.509836 7.806164 -0.01666301 -3.506594 7.78562 -0.02889114 -3.511697 7.806164 -0.02952665 -3.508502 7.78562 -0.04119545 -3.51478 7.806164 -0.04214107 -3.511662 7.78562 -0.05313873 -3.519052 7.806164 -0.05438542 -3.516042 7.78562 -0.06460529 -3.524476 7.806164 -0.06614094 -3.521603 7.78562 -0.07548546 -3.530997 7.806164 -0.07729536 -3.528288 7.78562 -0.08567357 -3.538553 7.806164 -0.08774018 -3.536035 7.78562 -0.09507256 -3.547071 7.806164 -0.0973761 -3.544768 7.78562 -0.1035906 -3.556471 7.806164 -0.1061089 -3.554404 7.78562 -0.1111473 -3.566658 7.806164 -0.113856 -3.564849 7.78562 -0.117668 -3.577539 7.806164 -0.120541 -3.576003 7.78562 -0.1230918 -3.589005 7.806164 -0.1261016 -3.587759 7.78562 -0.1273647 -3.600949 7.806164 -0.1304821 -3.600003 7.78562 -0.1304473 -3.613253 7.806164 -0.1336424 -3.612617 7.78562 -0.132308 -3.6258 7.806164 -0.13555 -3.625481 7.78562 -0.1329309 -3.63847 7.806164 -0.1361886 -3.63847 7.78562 -0.132308 -3.651139 7.806164 -0.13555 -3.651458 7.78562 -0.1304473 -3.663686 7.806164 -0.1336424 -3.664322 7.78562 -0.1273647 -3.675991 7.806164 -0.1304821 -3.676936 7.78562 -0.1230918 -3.687934 7.806164 -0.1261016 -3.689181 7.78562 -0.117668 -3.6994 7.806164 -0.120541 -3.700936 7.78562 -0.1111473 -3.710281 7.806164 -0.113856 -3.71209 7.78562 -0.1035907 -3.720469 7.806164 -0.1061089 -3.722535 7.78562 -0.09507256 -3.729868 7.806164 -0.0973761 -3.732171 7.78562 -0.08567357 -3.738386 7.806164 -0.08774024 -3.740904 7.78562 -0.07548552 -3.745942 7.806164 -0.07729536 -3.748651 7.78562 -0.06460529 -3.752463 7.806164 -0.06614094 -3.755336 7.78562 -0.05313879 -3.757887 7.806164 -0.05438542 -3.760897 7.78562 -0.04119551 -3.76216 7.806164 -0.04214113 -3.765277 7.78562 -0.02889114 -3.765243 7.806164 -0.02952671 -3.768438 7.78562 -0.01634377 -3.767103 7.806164 -0.01666307 -3.770345 7.78562 -0.003674447 -3.767726 7.806164 -0.003674447 -3.770984 7.78562 0.008994758 -3.767103 7.806164 0.00931406 -3.770345 7.78562 0.02154213 -3.765243 7.806164 0.02217769 -3.768438 7.78562 0.03384649 -3.76216 7.806164 0.03479212 -3.765277 7.78562 0.04578977 -3.757887 7.806164 0.04703646 -3.760897 7.78562 0.05725628 -3.752463 7.806164 0.05879193 -3.755336 7.78562 0.06813651 -3.745943 7.806164 0.0699464 -3.748651 7.78562 0.07832455 -3.738386 7.806164 0.08039122 -3.740904 7.78562 0.08772361 -3.729868 7.806164 0.09002715 -3.732171 7.78562 0.09624171 -3.720469 7.806164 0.09875994 -3.722535 7.78562 0.1037983 -3.710281 7.806164 0.106507 -3.71209 7.78562 0.110319 -3.6994 7.806164 0.113192 -3.700936 7.78562 0.1157429 -3.687934 7.806164 0.1187526 -3.689181 7.78562 0.1200157 -3.675991 7.806164 0.1231331 -3.676936 7.78562 0.1230983 -3.663686 7.806164 0.1262934 -3.664322 7.78562 0.1249591 -3.651139 7.806164 0.128201 -3.651458 7.78562 0.1255819 -3.63847 7.806164 0.1288397 -3.63847 7.78562 0.124959 -3.6258 7.806164 0.128201 -3.625481 7.78562 0.1230983 -3.613253 7.806164 0.1262934 -3.612617 7.78562 0.1200157 -3.600949 7.806164 0.1231331 -3.600003 7.78562 0.1157429 -3.589005 7.806164 0.1187526 -3.587759 7.78562 0.1103191 -3.577539 7.806164 0.1131921 -3.576003 7.78562 0.1037983 -3.566659 7.806164 0.106507 -3.564849 7.78562 0.09624171 -3.556471 7.806164 0.09875994 -3.554404 7.78562 0.08772367 -3.547071 7.806164 0.09002721 -3.544768 7.78562 0.07832461 -3.538553 7.806164 0.08039128 -3.536035 7.78562 0.07232695 -3.545862 7.824696 0.08039128 -3.536035 7.625124 0.08208924 -3.533966 7.611685 0.09002721 -3.544768 7.625124 0.06994646 -3.528288 7.625124 0.07143342 -3.526063 7.611685 0.09191977 -3.542876 7.611685 0.09875994 -3.554404 7.625124 0.100829 -3.552706 7.611685 0.106507 -3.564849 7.625124 0.1087325 -3.563362 7.611685 0.1131921 -3.576003 7.625124 0.1155526 -3.574741 7.611685 0.1187526 -3.587759 7.625124 0.1212254 -3.586735 7.611685 0.1231331 -3.600003 7.625124 0.1256944 -3.599226 7.611685 0.1262934 -3.612617 7.625124 0.1289185 -3.612095 7.611685 0.128201 -3.625481 7.625124 0.1308646 -3.625219 7.611685 0.1288397 -3.63847 7.625124 0.1315162 -3.63847 7.611685 0.128201 -3.651458 7.625124 0.1308646 -3.651721 7.611685 0.1262934 -3.664322 7.625124 0.1289185 -3.664844 7.611685 0.1231331 -3.676936 7.625124 0.1256944 -3.677713 7.611685 0.1187526 -3.689181 7.625124 0.1212254 -3.690205 7.611685 0.113192 -3.700936 7.625124 0.1155526 -3.702198 7.611685 0.106507 -3.71209 7.625124 0.1087324 -3.713577 7.611685 0.09875994 -3.722535 7.625124 0.1008289 -3.724233 7.611685 0.09002715 -3.732171 7.625124 0.09191977 -3.734064 7.611685 0.08039122 -3.740904 7.625124 0.08208918 -3.742973 7.611685 0.0699464 -3.748651 7.625124 0.07143342 -3.750877 7.611685 0.05879193 -3.755336 7.625124 0.06005364 -3.757697 7.611685 0.04703646 -3.760897 7.625124 0.04806071 -3.76337 7.611685 0.03479212 -3.765277 7.625124 0.03556913 -3.767838 7.611685 0.02217769 -3.768438 7.625124 0.02269989 -3.771063 7.611685 0.00931406 -3.770345 7.625124 0.009576439 -3.773009 7.611685 -0.003674447 -3.770984 7.625124 -0.003674447 -3.77366 7.611685 -0.01666307 -3.770345 7.625124 -0.01692545 -3.773009 7.611685 -0.02952671 -3.768438 7.625124 -0.03004884 -3.771063 7.611685 -0.04214113 -3.765277 7.625124 -0.04291808 -3.767838 7.611685 -0.05438542 -3.760897 7.625124 -0.05540972 -3.76337 7.611685 -0.06614094 -3.755336 7.625124 -0.06740266 -3.757697 7.611685 -0.07729536 -3.748651 7.625124 -0.07878237 -3.750877 7.611685 -0.08774024 -3.740904 7.625124 -0.08943819 -3.742973 7.611685 -0.0973761 -3.732171 7.625124 -0.09926873 -3.734064 7.611685 -0.1061089 -3.722535 7.625124 -0.1081779 -3.724233 7.611685 -0.113856 -3.71209 7.625124 -0.1160814 -3.713577 7.611685 -0.120541 -3.700936 7.625124 -0.1229015 -3.702198 7.611685 -0.1261016 -3.689181 7.625124 -0.1285744 -3.690205 7.611685 -0.1304821 -3.676936 7.625124 -0.1330434 -3.677713 7.611685 -0.1336424 -3.664322 7.625124 -0.1362675 -3.664844 7.611685 -0.13555 -3.651458 7.625124 -0.1382136 -3.651721 7.611685 -0.1361886 -3.63847 7.625124 -0.1388651 -3.63847 7.611685 -0.13555 -3.625481 7.625124 -0.1382136 -3.625219 7.611685 -0.1336424 -3.612617 7.625124 -0.1362675 -3.612095 7.611685 -0.1304821 -3.600003 7.625124 -0.1330434 -3.599226 7.611685 -0.1261016 -3.587759 7.625124 -0.1285744 -3.586734 7.611685 -0.120541 -3.576003 7.625124 -0.1229015 -3.574741 7.611685 -0.113856 -3.564849 7.625124 -0.1160814 -3.563362 7.611685 -0.1061089 -3.554404 7.625124 -0.1081779 -3.552706 7.611685 -0.0973761 -3.544768 7.625124 -0.09926867 -3.542875 7.611685 -0.08774018 -3.536035 7.625124 -0.08943819 -3.533966 7.611685 -0.07729536 -3.528288 7.625124 -0.07878237 -3.526063 7.611685 -0.06614094 -3.521603 7.625124 -0.0674026 -3.519243 7.611685 -0.05438542 -3.516042 7.625124 -0.05540966 -3.51357 7.611685 -0.04214107 -3.511662 7.625124 -0.04291808 -3.509101 7.611685 -0.02952665 -3.508502 7.625124 -0.03004884 -3.505877 7.611685 -0.01666301 -3.506594 7.625124 -0.01692539 -3.503931 7.611685 -0.003674447 -3.505955 7.625124 -0.003674447 -3.503279 7.611685 0.009314119 -3.506594 7.625124 0.009576439 -3.503931 7.611685 0.02217775 -3.508502 7.625124 0.02269989 -3.505877 7.611685 0.0241869 -3.498401 7.600291 0.02641236 -3.487213 7.592679 0.01032358 -3.496345 7.600291 0.01144164 -3.484993 7.592679 -0.003674447 -3.495657 7.600291 -0.003674447 -3.48425 7.592679 -0.01767247 -3.496345 7.600291 -0.0187906 -3.484993 7.592679 -0.0315358 -3.498401 7.600291 -0.03376126 -3.487213 7.592679 -0.04513061 -3.501807 7.600291 -0.048442 -3.490891 7.592679 -0.05832654 -3.506528 7.600291 -0.06269192 -3.495989 7.592679 -0.07099562 -3.512521 7.600291 -0.07637298 -3.50246 7.592679 -0.08301699 -3.519725 7.600291 -0.08935451 -3.51024 7.592679 -0.09427356 -3.528074 7.600291 -0.1015102 -3.519256 7.592679 -0.1046584 -3.537486 7.600291 -0.1127246 -3.529419 7.592679 -0.1140698 -3.547871 7.600291 -0.1228877 -3.540634 7.592679 -0.1224189 -3.559127 7.600291 -0.1319038 -3.552789 7.592679 -0.1296236 -3.571148 7.600291 -0.1396839 -3.565771 7.592679 -0.1356163 -3.583817 7.600291 -0.1461552 -3.579452 7.592679 -0.1403372 -3.597013 7.600291 -0.1512534 -3.593702 7.592679 -0.1437432 -3.610608 7.600291 -0.1549313 -3.608383 7.592679 -0.145799 -3.624472 7.600291 -0.1571514 -3.623353 7.592679 -0.1464872 -3.63847 7.600291 -0.1578946 -3.63847 7.592679 -0.145799 -3.652468 7.600291 -0.1571514 -3.653586 7.592679 -0.1437432 -3.666331 7.600291 -0.1549313 -3.668556 7.592679 -0.1403372 -3.679926 7.600291 -0.1512533 -3.683237 7.592679 -0.1356163 -3.693122 7.600291 -0.1461552 -3.697487 7.592679 -0.1296236 -3.705791 7.600291 -0.1396839 -3.711168 7.592679 -0.122419 -3.717812 7.600291 -0.1319038 -3.72415 7.592679 -0.1140698 -3.729069 7.600291 -0.1228877 -3.736305 7.592679 -0.1046584 -3.739454 7.600291 -0.1127246 -3.74752 7.592679 -0.09427362 -3.748865 7.600291 -0.1015103 -3.757683 7.592679 -0.08301699 -3.757214 7.600291 -0.08935457 -3.766699 7.592679 -0.07099568 -3.764419 7.600291 -0.07637304 -3.774479 7.592679 -0.05832654 -3.770411 7.600291 -0.06269192 -3.780951 7.592679 -0.04513067 -3.775132 7.600291 -0.04844206 -3.786048 7.592679 -0.03153586 -3.778538 7.600291 -0.03376132 -3.789726 7.592679 -0.01767253 -3.780594 7.600291 -0.0187906 -3.791947 7.592679 -0.003674447 -3.781282 7.600291 -0.003674447 -3.79269 7.592679 0.01032352 -3.780594 7.600291 0.01144164 -3.791947 7.592679 0.02418684 -3.778538 7.600291 0.0264123 -3.789726 7.592679 0.03778165 -3.775132 7.600291 0.04109305 -3.786048 7.592679 0.05097758 -3.770411 7.600291 0.05534297 -3.780951 7.592679 0.06364667 -3.764419 7.600291 0.06902402 -3.774479 7.592679 0.07566803 -3.757214 7.600291 0.08200562 -3.766699 7.592679 0.08692461 -3.748865 7.600291 0.09416127 -3.757683 7.592679 0.09730941 -3.739454 7.600291 0.1053756 -3.74752 7.592679 0.1067209 -3.729069 7.600291 0.1155388 -3.736305 7.592679 0.11507 -3.717812 7.600291 0.1245548 -3.72415 7.592679 0.1222746 -3.705791 7.600291 0.1323349 -3.711168 7.592679 0.1282673 -3.693122 7.600291 0.1388063 -3.697487 7.592679 0.1329883 -3.679926 7.600291 0.1439043 -3.683237 7.592679 0.1363942 -3.666331 7.600291 0.1475823 -3.668556 7.592679 0.13845 -3.652468 7.600291 0.1498024 -3.653586 7.592679 0.1391383 -3.63847 7.600291 0.1505456 -3.63847 7.592679 0.13845 -3.624472 7.600291 0.1498023 -3.623353 7.592679 0.1363942 -3.610608 7.600291 0.1475823 -3.608383 7.592679 0.1329883 -3.597013 7.600291 0.1439043 -3.593702 7.592679 0.1282674 -3.583817 7.600291 0.1388063 -3.579452 7.592679 0.1222746 -3.571148 7.600291 0.132335 -3.565771 7.592679 0.11507 -3.559127 7.600291 0.1245548 -3.55279 7.592679 0.1067209 -3.547871 7.600291 0.1155388 -3.540634 7.592679 0.09730941 -3.537486 7.600291 0.1053756 -3.52942 7.592679 0.08692461 -3.528074 7.600291 0.09416133 -3.519256 7.592679 0.1026976 -3.508855 7.590005 0.1148903 -3.519905 7.590005 0.396844 -3.150437 7.591009 0.4427528 -3.192043 7.591009 0.3470812 -3.113527 7.591009 0.460027 -3.073448 7.590475 0.4024139 -3.030716 7.590475 0.4780159 -3.051528 7.585849 0.5131779 -3.121617 7.590475 0.5332288 -3.101567 7.585849 0.5613473 -3.174768 7.590475 0.5832668 -3.15678 7.585849 0.6040797 -3.232382 7.590475 0.4843587 -3.237951 7.591009 0.5212684 -3.287714 7.591009 0.1259403 -3.532098 7.590005 0.135743 -3.545314 7.590005 0.1442019 -3.559428 7.590005 0.1512379 -3.574303 7.590005 0.5531185 -3.340858 7.591009 0.5796108 -3.396865 7.591009 0.6409542 -3.293909 7.590475 0.665962 -3.280542 7.585849 0.6716256 -3.358751 7.590475 0.6978234 -3.3479 7.585849 0.6957883 -3.42629 7.590475 0.7229233 -3.418059 7.585849 0.7132202 -3.495871 7.590475 0.600481 -3.455201 7.591009 0.6155378 -3.515301 7.591009 0.1567807 -3.589796 7.590005 0.1607795 -3.605758 7.590005 0.1631934 -3.622035 7.590005 0.1640015 -3.63847 7.590005 0.6246262 -3.576587 7.591009 0.6276689 -3.63847 7.591009 0.7237426 -3.566825 7.590475 0.7519622 -3.564046 7.585849 0.727265 -3.63847 7.590475 0.7556212 -3.63847 7.585849 0.7237426 -3.710114 7.590475 0.7519621 -3.712893 7.585849 0.7132202 -3.781069 7.590475 0.6246263 -3.700352 7.591009 0.6155378 -3.761639 7.591009 0.1631934 -3.654905 7.590005 0.1607796 -3.671182 7.590005 0.1567807 -3.687143 7.590005 0.1512379 -3.702636 7.590005 0.600481 -3.821738 7.591009 0.5796107 -3.880074 7.591009 0.6957882 -3.850649 7.590475 0.7229233 -3.858881 7.585849 0.6716254 -3.918188 7.590475 0.6978231 -3.929039 7.585849 0.640954 -3.983031 7.590475 0.6659619 -3.996398 7.585849 0.6040795 -4.044558 7.590475 0.5531183 -3.936082 7.591009 0.5212683 -3.989225 7.591009 0.1442018 -3.717511 7.590005 0.1357429 -3.731626 7.590005 0.1259402 -3.744842 7.590005 0.1148903 -3.757035 7.590005 0.4843586 -4.038988 7.591009 0.4427526 -4.084897 7.591009 0.5613472 -4.102171 7.590475 0.5832667 -4.12016 7.585849 0.5131778 -4.155322 7.590475 0.5332286 -4.175373 7.585849 0.4600267 -4.203491 7.590475 0.4780156 -4.225411 7.585849 0.4024136 -4.246223 7.590475 0.3968438 -4.126503 7.591009 0.347081 -4.163413 7.591009 0.1026976 -3.768085 7.590005 0.08948123 -3.777887 7.590005 0.07536703 -3.786346 7.590005 0.06049227 -3.793382 7.590005 0.2939375 -4.195263 7.591009 0.23793 -4.221755 7.591009 0.3408865 -4.283098 7.590475 0.3542535 -4.308106 7.585849 0.2760438 -4.31377 7.590475 0.2868953 -4.339967 7.585849 0.208505 -4.337933 7.590475 0.2167364 -4.365067 7.585849 0.1389246 -4.355364 7.590475 0.179594 -4.242625 7.591009 0.1194944 -4.257682 7.591009 0.04499906 -3.798925 7.590005 0.02903741 -3.802924 7.590005 0.01276051 -3.805337 7.590005 -0.003674447 -3.806146 7.590005 0.05820763 -4.26677 7.591009 -0.003674566 -4.269813 7.591009 0.06796973 -4.365887 7.590475 0.0707491 -4.394106 7.585849 -0.003674566 -4.369409 7.590475 -0.003674566 -4.397766 7.585849 -0.07531887 -4.365887 7.590475 -0.07809829 -4.394106 7.585849 -0.1462738 -4.355364 7.590475 -0.06555676 -4.26677 7.591009 -0.1268435 -4.257682 7.591009 -0.02010953 -3.805337 7.590005 -0.03638643 -3.802924 7.590005 -0.05234801 -3.798925 7.590005 -0.06784129 -3.793382 7.590005 -0.1869431 -4.242625 7.591009 -0.2452791 -4.221755 7.591009 -0.2158542 -4.337932 7.590475 -0.2240856 -4.365067 7.585849 -0.283393 -4.313769 7.590475 -0.2942444 -4.339967 7.585849 -0.3482357 -4.283098 7.590475 -0.3616027 -4.308106 7.585849 -0.4097627 -4.246223 7.590475 -0.3012865 -4.195262 7.591009 -0.3544301 -4.163412 7.591009 -0.08271604 -3.786346 7.590005 -0.09683024 -3.777887 7.590005 -0.1100466 -3.768085 7.590005 -0.1222392 -3.757034 7.590005 -0.4041929 -4.126502 7.591009 -0.4501016 -4.084897 7.591009 -0.4673758 -4.203491 7.590475 -0.4853647 -4.225411 7.585849 -0.5205268 -4.155322 7.590475 -0.5405777 -4.175373 7.585849 -0.5686961 -4.102171 7.590475 -0.5906157 -4.12016 7.585849 -0.6114285 -4.044558 7.590475 -0.4917076 -4.038988 7.591009 -0.5286173 -3.989225 7.591009 -0.1332892 -3.744842 7.590005 -0.1430919 -3.731625 7.590005 -0.1515508 -3.717511 7.590005 -0.1585868 -3.702636 7.590005 -0.5604674 -3.936081 7.591009 -0.5869597 -3.880074 7.591009 -0.6483031 -3.983031 7.590475 -0.6733109 -3.996397 7.585849 -0.6789745 -3.918188 7.590475 -0.7051723 -3.929039 7.585849 -0.7031372 -3.850649 7.590475 -0.7302722 -3.85888 7.585849 -0.7205691 -3.781069 7.590475 -0.6078299 -3.821738 7.591009 -0.6228867 -3.761638 7.591009 -0.1641297 -3.687143 7.590005 -0.1681286 -3.671182 7.590005 -0.1705423 -3.654905 7.590005 -0.1713504 -3.63847 7.590005 -0.6319752 -3.700352 7.591009 -0.6350178 -3.638469 7.591009 -0.7310914 -3.710114 7.590475 -0.759311 -3.712893 7.585849 -0.7346138 -3.638469 7.590475 -0.76297 -3.638469 7.585849 -0.7310914 -3.566825 7.590475 -0.759311 -3.564046 7.585849 -0.7205691 -3.49587 7.590475 -0.6319752 -3.576587 7.591009 -0.6228867 -3.5153 7.591009 -0.1705423 -3.622035 7.590005 -0.1681286 -3.605758 7.590005 -0.1641297 -3.589796 7.590005 -0.1585868 -3.574303 7.590005 -0.6078299 -3.455201 7.591009 -0.5869596 -3.396865 7.591009 -0.7031371 -3.42629 7.590475 -0.7302722 -3.418058 7.585849 -0.6789744 -3.358751 7.590475 -0.7051721 -3.3479 7.585849 -0.6483029 -3.293908 7.590475 -0.6733108 -3.280541 7.585849 -0.6114283 -3.232381 7.590475 -0.5604673 -3.340857 7.591009 -0.5286172 -3.287714 7.591009 -0.1515508 -3.559428 7.590005 -0.1430919 -3.545314 7.590005 -0.1332892 -3.532098 7.590005 -0.1222392 -3.519905 7.590005 -0.4917074 -3.237951 7.591009 -0.4501014 -3.192042 7.591009 -0.5686961 -3.174768 7.590475 -0.5906156 -3.156779 7.585849 -0.5205267 -3.121617 7.590475 -0.5405775 -3.101566 7.585849 -0.4673756 -3.073448 7.590475 -0.4853646 -3.051528 7.585849 -0.4097626 -3.030715 7.590475 -0.4041927 -3.150436 7.591009 -0.3544299 -3.113527 7.591009 -0.1100465 -3.508855 7.590005 -0.09683018 -3.499052 7.590005 -0.08271604 -3.490593 7.590005 -0.06784123 -3.483557 7.590005 -0.3012863 -3.081677 7.591009 -0.245279 -3.055184 7.591009 -0.3482355 -2.993841 7.590475 -0.3616025 -2.968833 7.585849 -0.2833928 -2.96317 7.590475 -0.2942442 -2.936972 7.585849 -0.2158541 -2.939007 7.590475 -0.2240854 -2.911872 7.585849 -0.1462736 -2.921575 7.590475 -0.1869429 -3.034314 7.591009 -0.1268433 -3.019257 7.591009 -0.05234801 -3.478014 7.590005 -0.03638637 -3.474016 7.590005 -0.02010947 -3.471602 7.590005 -0.003674447 -3.470794 7.590005 -0.06555658 -3.010169 7.591009 -0.003674328 -3.007126 7.591009 -0.07531863 -2.911053 7.590475 -0.07809799 -2.882833 7.585849 -0.003674328 -2.90753 7.590475 -0.003674328 -2.879174 7.585849 0.07074934 -2.882833 7.585849 -0.003674328 -2.853453 7.572727 0.07327044 -2.857236 7.572728 -0.003674328 -2.832885 7.552395 -0.08061909 -2.857236 7.572727 -0.1568235 -2.868537 7.572728 -0.0826351 -2.836767 7.552395 -0.1608361 -2.848364 7.552395 -0.08394867 -2.823431 7.526842 -0.1634505 -2.83522 7.526842 -0.08443123 -2.818531 7.498569 -0.003674328 -2.819484 7.526842 0.07660001 -2.823431 7.526842 -0.003674328 -2.81456 7.498569 0.07708257 -2.818531 7.498569 -0.003674328 -2.814223 7.477101 -0.08446425 -2.818196 7.477101 -0.003674328 -2.818237 7.448398 0.07711559 -2.818196 7.477101 0.0767222 -2.82219 7.448398 0.157128 -2.830061 7.477101 0.1563451 -2.833998 7.448398 0.2355907 -2.849718 7.477101 0.1570624 -2.830391 7.498569 0.1561019 -2.83522 7.526842 0.2354929 -2.850041 7.498569 0.2340638 -2.854752 7.526842 0.3116221 -2.877277 7.498569 0.309738 -2.881825 7.526842 0.3847123 -2.911849 7.498569 0.311751 -2.876965 7.477101 0.3102151 -2.880674 7.448398 0.3848711 -2.911552 7.477101 0.3829791 -2.915092 7.448398 0.4542523 -2.953134 7.477101 0.4520224 -2.956471 7.448398 0.5192199 -3.001321 7.477101 0.4540651 -2.953414 7.498569 0.4513298 -2.957508 7.526842 0.5190061 -3.001582 7.498569 0.5158828 -3.005387 7.526842 0.5789175 -3.055878 7.498569 0.5754362 -3.059359 7.526842 0.6332136 -3.115789 7.498569 0.5791558 -3.05564 7.477101 0.5763176 -3.058478 7.448398 0.6334741 -3.115576 7.477101 0.6303715 -3.118122 7.448398 0.6816614 -3.180543 7.477101 0.6783242 -3.182773 7.448398 0.7232431 -3.249924 7.477101 0.6813812 -3.18073 7.498569 0.6772876 -3.183465 7.526842 0.7229459 -3.250083 7.498569 0.7186039 -3.252404 7.526842 0.7575185 -3.323173 7.498569 0.75297 -3.325057 7.526842 0.7847545 -3.399302 7.498569 0.7578298 -3.323044 7.477101 0.7541217 -3.32458 7.448398 0.7850769 -3.399205 7.477101 0.7812361 -3.40037 7.448398 0.8047341 -3.477667 7.477101 0.8007977 -3.47845 7.448398 0.8165996 -3.55768 7.477101 0.8044037 -3.477733 7.498569 0.7995749 -3.478693 7.526842 0.8162644 -3.557713 7.498569 0.8113648 -3.558195 7.526842 0.8202349 -3.63847 7.498569 0.8153116 -3.63847 7.526842 0.8162643 -3.719227 7.498569 0.8205717 -3.63847 7.477101 0.8165581 -3.63847 7.448398 0.8165996 -3.71926 7.477101 0.8126053 -3.718866 7.448398 0.804734 -3.799272 7.477101 0.8007975 -3.798489 7.448398 0.7850769 -3.877735 7.477101 0.8044036 -3.799206 7.498569 0.7995749 -3.798246 7.526842 0.7847545 -3.877637 7.498569 0.7800432 -3.876208 7.526842 0.7575184 -3.953766 7.498569 0.7529698 -3.951882 7.526842 0.7229458 -4.026856 7.498569 0.7578296 -3.953895 7.477101 0.7541215 -3.952359 7.448398 0.7232429 -4.027015 7.477101 0.7197032 -4.025123 7.448398 0.6816612 -4.096396 7.477101 0.6783241 -4.094167 7.448398 0.633474 -4.161364 7.477101 0.6813811 -4.096209 7.498569 0.6772875 -4.093474 7.526842 0.6332136 -4.16115 7.498569 0.6294078 -4.158027 7.526842 0.5789173 -4.221062 7.498569 0.575436 -4.21758 7.526842 0.5190059 -4.275358 7.498569 0.5791556 -4.2213 7.477101 0.5763175 -4.218461 7.448398 0.5192196 -4.275618 7.477101 0.5166734 -4.272516 7.448398 0.4542521 -4.323805 7.477101 0.4520222 -4.320468 7.448398 0.3848708 -4.365387 7.477101 0.4540649 -4.323525 7.498569 0.4513296 -4.319432 7.526842 0.3847121 -4.36509 7.498569 0.3823912 -4.360748 7.526842 0.3116219 -4.399662 7.498569 0.3097378 -4.395114 7.526842 0.2354927 -4.426898 7.498569 0.3117508 -4.399974 7.477101 0.3102148 -4.396265 7.448398 0.2355905 -4.427221 7.477101 0.2344254 -4.42338 7.448398 0.1571278 -4.446878 7.477101 0.1563448 -4.442942 7.448398 0.07711529 -4.458744 7.477101 0.1570621 -4.446548 7.498569 0.1561016 -4.441719 7.526842 0.07708227 -4.458408 7.498569 0.07659971 -4.453509 7.526842 -0.003674566 -4.462379 7.498569 -0.003674566 -4.457456 7.526842 -0.08443152 -4.458408 7.498569 -0.003674566 -4.462716 7.477101 -0.003674566 -4.458702 7.448398 -0.08446455 -4.458744 7.477101 -0.08407109 -4.454749 7.448398 -0.1644771 -4.446878 7.477101 -0.163694 -4.442942 7.448398 -0.2429397 -4.427221 7.477101 -0.1644113 -4.446548 7.498569 -0.1634508 -4.441719 7.526842 -0.2428419 -4.426898 7.498569 -0.2414128 -4.422187 7.526842 -0.318971 -4.399662 7.498569 -0.3170869 -4.395114 7.526842 -0.3920612 -4.36509 7.498569 -0.3190999 -4.399974 7.477101 -0.317564 -4.396265 7.448398 -0.39222 -4.365387 7.477101 -0.3903281 -4.361847 7.448398 -0.4616012 -4.323805 7.477101 -0.4593713 -4.320468 7.448398 -0.5265688 -4.275618 7.477101 -0.461414 -4.323525 7.498569 -0.4586788 -4.319431 7.526842 -0.5263551 -4.275358 7.498569 -0.5232318 -4.271552 7.526842 -0.5862664 -4.221061 7.498569 -0.5827851 -4.21758 7.526842 -0.6405625 -4.16115 7.498569 -0.5865046 -4.2213 7.477101 -0.5836665 -4.218461 7.448398 -0.640823 -4.161364 7.477101 -0.6377204 -4.158817 7.448398 -0.6890102 -4.096396 7.477101 -0.6856729 -4.094166 7.448398 -0.730592 -4.027015 7.477101 -0.6887301 -4.096209 7.498569 -0.6846365 -4.093474 7.526842 -0.7302948 -4.026856 7.498569 -0.7259528 -4.024535 7.526842 -0.7648674 -3.953766 7.498569 -0.7603189 -3.951882 7.526842 -0.7921034 -3.877637 7.498569 -0.7651787 -3.953895 7.477101 -0.7614706 -3.952359 7.448398 -0.7924258 -3.877735 7.477101 -0.788585 -3.876569 7.448398 -0.812083 -3.799272 7.477101 -0.8081465 -3.798489 7.448398 -0.8239485 -3.719259 7.477101 -0.8117526 -3.799206 7.498569 -0.8069239 -3.798246 7.526842 -0.8236132 -3.719226 7.498569 -0.8187137 -3.718744 7.526842 -0.8275838 -3.638469 7.498569 -0.8226604 -3.638469 7.526842 -0.8236133 -3.557713 7.498569 -0.8279207 -3.638469 7.477101 -0.8239071 -3.638469 7.448398 -0.8239485 -3.557679 7.477101 -0.8199542 -3.558073 7.448398 -0.812083 -3.477667 7.477101 -0.8081465 -3.47845 7.448398 -0.7924257 -3.399204 7.477101 -0.8117526 -3.477733 7.498569 -0.8069238 -3.478693 7.526842 -0.7921034 -3.399302 7.498569 -0.7873921 -3.400731 7.526842 -0.7648673 -3.323173 7.498569 -0.7603188 -3.325057 7.526842 -0.7302947 -3.250083 7.498569 -0.7651786 -3.323044 7.477101 -0.7614704 -3.32458 7.448398 -0.7305918 -3.249924 7.477101 -0.7270521 -3.251816 7.448398 -0.68901 -3.180543 7.477101 -0.6856728 -3.182773 7.448398 -0.6408229 -3.115575 7.477101 -0.6887299 -3.18073 7.498569 -0.6846362 -3.183465 7.526842 -0.6405625 -3.115789 7.498569 -0.6367567 -3.118912 7.526842 -0.5862662 -3.055878 7.498569 -0.5827849 -3.059359 7.526842 -0.5263549 -3.001581 7.498569 -0.5865045 -3.055639 7.477101 -0.5836664 -3.058477 7.448398 -0.5265686 -3.001321 7.477101 -0.5240224 -3.004424 7.448398 -0.461601 -2.953134 7.477101 -0.4593712 -2.956471 7.448398 -0.3922199 -2.911552 7.477101 -0.4614138 -2.953414 7.498569 -0.4586786 -2.957508 7.526842 -0.3920611 -2.911849 7.498569 -0.3897402 -2.916191 7.526842 -0.3189708 -2.877277 7.498569 -0.3170867 -2.881825 7.526842 -0.2428417 -2.850041 7.498569 -0.3190997 -2.876965 7.477101 -0.3175638 -2.880673 7.448398 -0.2429394 -2.849718 7.477101 -0.2417743 -2.853559 7.448398 -0.1644768 -2.830061 7.477101 -0.1636937 -2.833998 7.448398 -0.1644111 -2.830391 7.498569 -0.08407086 -2.82219 7.448398 -0.1612484 -2.846292 7.421594 -0.08284223 -2.834664 7.421594 -0.15738 -2.865739 7.399313 -0.2381358 -2.865554 7.421594 -0.312767 -2.892254 7.421594 -0.2323799 -2.884528 7.399313 -0.3051789 -2.910573 7.399313 -0.2250701 -2.908626 7.383738 -0.2955423 -2.933838 7.383738 -0.2169219 -2.935487 7.376391 -0.1524674 -2.890437 7.383738 -0.07843053 -2.879457 7.383738 -0.1469913 -2.917967 7.376391 -0.07567924 -2.907392 7.376391 -0.1581757 -2.861739 7.382243 -0.08129847 -2.850338 7.382243 -0.2335637 -2.880626 7.382243 -0.1261473 -3.022757 7.382243 -0.06520682 -3.01372 7.382243 -0.1859072 -3.037728 7.382243 -0.2439136 -3.058481 7.382243 -0.2996045 -3.084823 7.382243 -0.3067396 -2.906805 7.382243 -0.3769945 -2.940037 7.382243 -0.2848005 -2.959771 7.376391 -0.3499697 -2.990597 7.376391 -0.3632016 -2.965842 7.383738 -0.4118064 -3.027657 7.376391 -0.4274011 -3.004318 7.383738 -0.4697093 -3.070604 7.376391 -0.4436569 -2.979989 7.382243 -0.5060787 -3.026288 7.382243 -0.3524476 -3.116493 7.382243 -0.4019293 -3.153194 7.382243 -0.4475786 -3.194565 7.382243 -0.4889494 -3.240215 7.382243 -0.563666 -3.078478 7.382243 -0.6158559 -3.136065 7.382243 -0.5231279 -3.119016 7.376391 -0.5429761 -3.099168 7.383738 -0.5715397 -3.172434 7.376391 -0.5932378 -3.154627 7.383738 -0.6144871 -3.230338 7.376391 -0.6378262 -3.214743 7.383738 -0.6515473 -3.292174 7.376391 -0.6621548 -3.198487 7.382243 -0.7021071 -3.26515 7.382243 -0.5256505 -3.289696 7.382243 -0.5573207 -3.34254 7.382243 -0.5836632 -3.39823 7.382243 -0.6044156 -3.456237 7.382243 -0.7353386 -3.335404 7.382243 -0.7615181 -3.40858 7.382243 -0.6823731 -3.357343 7.376391 -0.708306 -3.346601 7.383738 -0.7066574 -3.425222 7.376391 -0.7335183 -3.417074 7.383738 -0.7241772 -3.495152 7.376391 -0.7517075 -3.489676 7.383738 -0.7347525 -3.566465 7.376391 -0.7804051 -3.483968 7.382243 -0.7918057 -3.560845 7.382243 -0.6193873 -3.515997 7.382243 -0.6284245 -3.576937 7.382243 -0.6314499 -3.638469 7.382243 -0.6284244 -3.700002 7.382243 -0.7956223 -3.638469 7.382243 -0.7918056 -3.716094 7.382243 -0.7382928 -3.638469 7.376391 -0.7663625 -3.638469 7.383738 -0.7347524 -3.710474 7.376391 -0.7626868 -3.713226 7.383738 -0.7241773 -3.781786 7.376391 -0.7517075 -3.787262 7.383738 -0.7066574 -3.851717 7.376391 -0.7804052 -3.792971 7.382243 -0.7615181 -3.868359 7.382243 -0.6193873 -3.760942 7.382243 -0.6044156 -3.820702 7.382243 -0.5836632 -3.878709 7.382243 -0.5573207 -3.9344 7.382243 -0.7353388 -3.941535 7.382243 -0.7021073 -4.01179 7.382243 -0.6823732 -3.919596 7.376391 -0.7083061 -3.930337 7.383738 -0.6515474 -3.984765 7.376391 -0.6763025 -3.997997 7.383738 -0.6144872 -4.046601 7.376391 -0.6378263 -4.062196 7.383738 -0.5715399 -4.104505 7.376391 -0.662155 -4.078452 7.382243 -0.6158561 -4.140874 7.382243 -0.5256506 -3.987243 7.382243 -0.4889495 -4.036725 7.382243 -0.4475787 -4.082374 7.382243 -0.4019294 -4.123744 7.382243 -0.5636662 -4.198461 7.382243 -0.506079 -4.250651 7.382243 -0.523128 -4.157923 7.376391 -0.5429763 -4.177771 7.383738 -0.4697096 -4.206335 7.376391 -0.4875167 -4.228033 7.383738 -0.4118066 -4.249282 7.376391 -0.4274013 -4.272621 7.383738 -0.3499698 -4.286343 7.376391 -0.4436572 -4.29695 7.382243 -0.3769947 -4.336902 7.382243 -0.3524479 -4.160446 7.382243 -0.2996047 -4.192116 7.382243 -0.2439138 -4.218458 7.382243 -0.1859074 -4.239211 7.382243 -0.3067398 -4.370134 7.382243 -0.233564 -4.396313 7.382243 -0.2848008 -4.317168 7.376391 -0.2955425 -4.343101 7.383738 -0.2169222 -4.341453 7.376391 -0.2250704 -4.368313 7.383738 -0.1469914 -4.358973 7.376391 -0.1524676 -4.386503 7.383738 -0.07567948 -4.369547 7.376391 -0.1581759 -4.4152 7.382243 -0.0812987 -4.426601 7.382243 -0.1261474 -4.254182 7.382243 -0.06520706 -4.26322 7.382243 -0.003674507 -4.266245 7.382243 0.05785793 -4.26322 7.382243 -0.003674566 -4.430418 7.382243 0.07394951 -4.426601 7.382243 -0.003674566 -4.373088 7.376391 -0.003674566 -4.401157 7.383738 0.06833028 -4.369547 7.376391 0.07108157 -4.397482 7.383738 0.1396423 -4.358973 7.376391 0.1451184 -4.386503 7.383738 0.209573 -4.341453 7.376391 0.1508267 -4.4152 7.382243 0.2262148 -4.396313 7.382243 0.1187983 -4.254182 7.382243 0.1785582 -4.239211 7.382243 0.2365646 -4.218458 7.382243 0.2922555 -4.192116 7.382243 0.2993907 -4.370134 7.382243 0.3696455 -4.336903 7.382243 0.2774517 -4.317168 7.376391 0.2881935 -4.343101 7.383738 0.3426207 -4.286343 7.376391 0.3558526 -4.311098 7.383738 0.4044574 -4.249282 7.376391 0.4200521 -4.272622 7.383738 0.4623605 -4.206335 7.376391 0.436308 -4.29695 7.382243 0.4987298 -4.250651 7.382243 0.3450987 -4.160446 7.382243 0.3945804 -4.123744 7.382243 0.4402297 -4.082374 7.382243 0.4816006 -4.036725 7.382243 0.556317 -4.198462 7.382243 0.608507 -4.140874 7.382243 0.5157789 -4.157923 7.376391 0.5356272 -4.177772 7.383738 0.5641908 -4.104505 7.376391 0.5858889 -4.122312 7.383738 0.6071382 -4.046602 7.376391 0.6304773 -4.062196 7.383738 0.6441984 -3.984765 7.376391 0.654806 -4.078452 7.382243 0.6947584 -4.01179 7.382243 0.5183017 -3.987243 7.382243 0.5499718 -3.9344 7.382243 0.5763143 -3.878709 7.382243 0.5970669 -3.820703 7.382243 0.7279898 -3.941535 7.382243 0.7541694 -3.868359 7.382243 0.6750242 -3.919596 7.376391 0.7009572 -3.930338 7.383738 0.6993086 -3.851717 7.376391 0.7261696 -3.859865 7.383738 0.7168282 -3.781787 7.376391 0.7443585 -3.787263 7.383738 0.7274035 -3.710475 7.376391 0.7730562 -3.792971 7.382243 0.7844567 -3.716094 7.382243 0.6120383 -3.760943 7.382243 0.6210755 -3.700002 7.382243 0.6241009 -3.63847 7.382243 0.6210755 -3.576937 7.382243 0.7882733 -3.63847 7.382243 0.7844567 -3.560846 7.382243 0.7309437 -3.63847 7.376391 0.7590134 -3.63847 7.383738 0.7274035 -3.566465 7.376391 0.7553379 -3.563714 7.383738 0.7168283 -3.495153 7.376391 0.7443586 -3.489677 7.383738 0.6993085 -3.425222 7.376391 0.7730562 -3.483968 7.382243 0.7541692 -3.40858 7.382243 0.6120384 -3.515997 7.382243 0.5970667 -3.456237 7.382243 0.5763143 -3.398231 7.382243 0.5499718 -3.34254 7.382243 0.7279899 -3.335404 7.382243 0.6947584 -3.26515 7.382243 0.6750243 -3.357343 7.376391 0.7009572 -3.346602 7.383738 0.6441985 -3.292174 7.376391 0.6689536 -3.278943 7.383738 0.6071384 -3.230338 7.376391 0.6304775 -3.214743 7.383738 0.564191 -3.172435 7.376391 0.6548061 -3.198487 7.382243 0.6085072 -3.136065 7.382243 0.5183018 -3.289696 7.382243 0.4816007 -3.240215 7.382243 0.4402298 -3.194565 7.382243 0.3945806 -3.153195 7.382243 0.5563173 -3.078478 7.382243 0.49873 -3.026288 7.382243 0.5157791 -3.119016 7.376391 0.5356273 -3.099168 7.383738 0.4623607 -3.070604 7.376391 0.4801678 -3.048906 7.383738 0.4044576 -3.027657 7.376391 0.4200523 -3.004318 7.383738 0.342621 -2.990597 7.376391 0.4363082 -2.979989 7.382243 0.3696458 -2.940037 7.382243 0.3450989 -3.116493 7.382243 0.2922558 -3.084823 7.382243 0.2365648 -3.058481 7.382243 0.1785584 -3.037728 7.382243 0.2993909 -2.906805 7.382243 0.226215 -2.880626 7.382243 0.2774519 -2.959771 7.376391 0.2881937 -2.933838 7.383738 0.2095731 -2.935487 7.376391 0.2177213 -2.908626 7.383738 0.1396425 -2.917967 7.376391 0.1451187 -2.890437 7.383738 0.06833052 -2.907392 7.376391 0.1508269 -2.861739 7.382243 0.07394981 -2.850338 7.382243 0.1187985 -3.022757 7.382243 0.0578581 -3.01372 7.382243 -0.003674328 -3.010694 7.382243 -0.003674328 -2.846522 7.382243 -0.003674328 -2.903851 7.376391 -0.003674328 -2.875782 7.383738 -0.003674328 -2.8506 7.399313 0.07108181 -2.879457 7.383738 0.07355004 -2.854397 7.399313 0.07549357 -2.834664 7.421594 0.1500313 -2.865739 7.399313 0.1538997 -2.846291 7.421594 0.2250311 -2.884529 7.399313 0.230787 -2.865554 7.421594 0.2978302 -2.910573 7.399313 0.3054183 -2.892254 7.421594 0.3677233 -2.943634 7.399313 0.3770704 -2.926146 7.421594 0.3558529 -2.965842 7.383738 0.4340424 -2.98338 7.399313 0.4450586 -2.966893 7.421594 0.4961428 -3.029441 7.399313 0.5087218 -3.014113 7.421594 0.5534334 -3.081362 7.399313 0.5674543 -3.067341 7.421594 0.6053546 -3.138653 7.399313 0.6206822 -3.126074 7.421594 0.5858891 -3.154628 7.383738 0.6514152 -3.200753 7.399313 0.6679021 -3.189737 7.421594 0.6911617 -3.267072 7.399313 0.7086489 -3.257725 7.421594 0.724222 -3.336965 7.399313 0.7425412 -3.329377 7.421594 0.7502665 -3.409764 7.399313 0.7692412 -3.404008 7.421594 0.7261694 -3.417074 7.383738 0.7690563 -3.484764 7.399313 0.7885039 -3.480896 7.421594 0.7803981 -3.561245 7.399313 0.8001312 -3.559302 7.421594 0.784195 -3.63847 7.399313 0.8040235 -3.63847 7.421594 0.7803981 -3.715694 7.399313 0.8001312 -3.717638 7.421594 0.7553379 -3.713226 7.383738 0.7690563 -3.792175 7.399313 0.7885038 -3.796044 7.421594 0.7502667 -3.867175 7.399313 0.7692414 -3.872931 7.421594 0.7242219 -3.939974 7.399313 0.7425411 -3.947562 7.421594 0.6911616 -4.009867 7.399313 0.7086488 -4.019215 7.421594 0.6689535 -3.997997 7.383738 0.651415 -4.076187 7.399313 0.6679019 -4.087203 7.421594 0.6053544 -4.138287 7.399313 0.6206821 -4.150866 7.421594 0.5534332 -4.195578 7.399313 0.5674542 -4.209599 7.421594 0.4961425 -4.247498 7.399313 0.5087215 -4.262826 7.421594 0.4801676 -4.228033 7.383738 0.4340422 -4.293559 7.399313 0.4450584 -4.310046 7.421594 0.3677231 -4.333306 7.399313 0.3770701 -4.350793 7.421594 0.29783 -4.366366 7.399313 0.305418 -4.384685 7.421594 0.2250309 -4.392411 7.399313 0.2307868 -4.411386 7.421594 0.2177211 -4.368314 7.383738 0.1500311 -4.411201 7.399313 0.1538994 -4.430648 7.421594 0.0735498 -4.422542 7.399313 0.07549333 -4.442275 7.421594 -0.003674566 -4.426339 7.399313 -0.003674566 -4.446167 7.421594 -0.080899 -4.422542 7.399313 -0.08284252 -4.442275 7.421594 -0.07843077 -4.397482 7.383738 -0.1573803 -4.411201 7.399313 -0.1612486 -4.430648 7.421594 -0.2323802 -4.392411 7.399313 -0.2381361 -4.411386 7.421594 -0.3051791 -4.366366 7.399313 -0.3127672 -4.384685 7.421594 -0.3750722 -4.333305 7.399313 -0.3844193 -4.350793 7.421594 -0.3632017 -4.311098 7.383738 -0.4413914 -4.293559 7.399313 -0.4524075 -4.310046 7.421594 -0.5034917 -4.247498 7.399313 -0.5160707 -4.262826 7.421594 -0.5607823 -4.195577 7.399313 -0.5748032 -4.209598 7.421594 -0.6127035 -4.138287 7.399313 -0.6280311 -4.150866 7.421594 -0.5932379 -4.122312 7.383738 -0.658764 -4.076186 7.399313 -0.6752508 -4.087203 7.421594 -0.6985106 -4.009867 7.399313 -0.7159978 -4.019214 7.421594 -0.7315709 -3.939974 7.399313 -0.7498901 -3.947562 7.421594 -0.7576154 -3.867175 7.399313 -0.7765901 -3.872931 7.421594 -0.7335183 -3.859865 7.383738 -0.7764052 -3.792175 7.399313 -0.7958528 -3.796044 7.421594 -0.787747 -3.715694 7.399313 -0.80748 -3.717637 7.421594 -0.7915441 -3.638469 7.399313 -0.8113726 -3.638469 7.421594 -0.787747 -3.561245 7.399313 -0.80748 -3.559302 7.421594 -0.7626868 -3.563713 7.383738 -0.7764052 -3.484764 7.399313 -0.7958528 -3.480895 7.421594 -0.7576155 -3.409764 7.399313 -0.7765902 -3.404008 7.421594 -0.7315708 -3.336965 7.399313 -0.74989 -3.329377 7.421594 -0.6985105 -3.267072 7.399313 -0.7159976 -3.257725 7.421594 -0.6763024 -3.278942 7.383738 -0.6587638 -3.200753 7.399313 -0.6752507 -3.189737 7.421594 -0.6127034 -3.138652 7.399313 -0.628031 -3.126073 7.421594 -0.5607821 -3.081362 7.399313 -0.5748031 -3.067341 7.421594 -0.5034914 -3.029441 7.399313 -0.5160705 -3.014113 7.421594 -0.4875164 -3.048906 7.383738 -0.4413912 -2.98338 7.399313 -0.4524073 -2.966893 7.421594 -0.375072 -2.943634 7.399313 -0.3844191 -2.926146 7.421594 -0.3903278 -2.915092 7.448398 -0.6377204 -3.118122 7.448398 -0.7885849 -3.400369 7.448398 -0.8199542 -3.718866 7.448398 -0.7270523 -4.025123 7.448398 -0.5240225 -4.272515 7.448398 -0.2417746 -4.42338 7.448398 0.0767219 -4.454749 7.448398 0.3829788 -4.361847 7.448398 0.6303715 -4.158818 7.448398 0.7812362 -3.87657 7.448398 0.8126053 -3.558073 7.448398 0.7197034 -3.251816 7.448398 0.5166737 -3.004424 7.448398 0.2344256 -2.853559 7.448398 -0.003674328 -2.830772 7.421594 -0.0808987 -2.854397 7.399313 -0.2414125 -2.854752 7.526842 -0.2375223 -2.867576 7.552395 -0.2315518 -2.887259 7.572727 -0.3119581 -2.894207 7.552395 -0.3834228 -2.92801 7.552395 -0.3040872 -2.913209 7.572728 -0.3737272 -2.946149 7.572728 -0.4398062 -2.985752 7.572728 -0.4512331 -2.968651 7.552395 -0.5016817 -3.031646 7.572728 -0.4255164 -3.007138 7.585849 -0.5587649 -3.083379 7.572728 -0.5147297 -3.015747 7.552395 -0.5733087 -3.068835 7.552395 -0.5232316 -3.005387 7.526842 -0.6263973 -3.127414 7.552395 -0.6104981 -3.140462 7.572728 -0.6734933 -3.190911 7.552395 -0.7141337 -3.258721 7.552395 -0.6563917 -3.202338 7.572727 -0.6959945 -3.268417 7.572727 -0.6350055 -3.216628 7.585849 -0.7289351 -3.338057 7.572728 -0.7479373 -3.330186 7.552395 -0.7548855 -3.410592 7.572727 -0.7736071 -3.48532 7.572728 -0.7745676 -3.404622 7.552395 -0.7937797 -3.481308 7.552395 -0.8053768 -3.559509 7.552395 -0.784908 -3.561525 7.572728 -0.8092588 -3.638469 7.552395 -0.8187137 -3.558195 7.526842 -0.8053767 -3.71743 7.552395 -0.7886909 -3.638469 7.572727 -0.7849079 -3.715414 7.572728 -0.7736071 -3.791619 7.572727 -0.7937799 -3.795631 7.552395 -0.7548856 -3.866347 7.572728 -0.7483804 -3.786601 7.585849 -0.7289353 -3.938882 7.572727 -0.7745677 -3.872317 7.552395 -0.7479375 -3.946753 7.552395 -0.7873921 -3.876208 7.526842 -0.7141338 -4.018218 7.552395 -0.6959946 -4.008522 7.572728 -0.6734936 -4.086028 7.552395 -0.656392 -4.074601 7.572727 -0.6263973 -4.149525 7.552395 -0.6104981 -4.136477 7.572728 -0.5733088 -4.208104 7.552395 -0.6367568 -4.158027 7.526842 -0.51473 -4.261192 7.552395 -0.5587651 -4.19356 7.572727 -0.5016819 -4.245293 7.572727 -0.4398064 -4.291187 7.572728 -0.4512333 -4.308289 7.552395 -0.3737274 -4.33079 7.572727 -0.4255166 -4.269801 7.585849 -0.3040874 -4.36373 7.572728 -0.383423 -4.348929 7.552395 -0.3119584 -4.382732 7.552395 -0.3897404 -4.360748 7.526842 -0.2375225 -4.409363 7.552395 -0.231552 -4.389681 7.572728 -0.1608363 -4.428575 7.552395 -0.08263534 -4.440172 7.552395 -0.1568237 -4.408402 7.572727 -0.08061933 -4.419703 7.572728 -0.1518058 -4.383176 7.585849 -0.003674566 -4.423486 7.572727 -0.003674566 -4.444054 7.552395 0.07327014 -4.419703 7.572728 0.1494745 -4.408402 7.572727 0.07528614 -4.440172 7.552395 0.1534871 -4.428575 7.552395 0.2301733 -4.409363 7.552395 0.2242028 -4.389681 7.572728 0.3046092 -4.382733 7.552395 0.2340635 -4.422187 7.526842 0.3760738 -4.348929 7.552395 0.2967383 -4.36373 7.572727 0.3663781 -4.33079 7.572728 0.4324572 -4.291187 7.572727 0.4438841 -4.308289 7.552395 0.4943327 -4.245293 7.572728 0.4181675 -4.269801 7.585849 0.551416 -4.19356 7.572728 0.5073808 -4.261192 7.552395 0.5659596 -4.208104 7.552395 0.5158826 -4.271552 7.526842 0.6190483 -4.149525 7.552395 0.6031492 -4.136477 7.572728 0.6661446 -4.086029 7.552395 0.7067848 -4.018218 7.552395 0.649043 -4.074602 7.572728 0.6886456 -4.008522 7.572728 0.6276568 -4.060312 7.585849 0.7215861 -3.938883 7.572728 0.7405884 -3.946753 7.552395 0.7475366 -3.866347 7.572728 0.7662582 -3.791619 7.572728 0.7672188 -3.872318 7.552395 0.7864309 -3.795631 7.552395 0.7980278 -3.717431 7.552395 0.7775591 -3.715415 7.572728 0.80191 -3.63847 7.552395 0.8113648 -3.718744 7.526842 0.7980279 -3.559509 7.552395 0.7813421 -3.63847 7.572728 0.7775591 -3.561525 7.572728 0.7662581 -3.485321 7.572728 0.7410315 -3.490339 7.585849 0.7864308 -3.481308 7.552395 0.7475366 -3.410592 7.572728 0.7215864 -3.338057 7.572727 0.7672188 -3.404622 7.552395 0.7405886 -3.330186 7.552395 0.7800432 -3.400732 7.526842 0.7067849 -3.258721 7.552395 0.6886457 -3.268417 7.572728 0.6661447 -3.190911 7.552395 0.6190484 -3.127414 7.552395 0.6490432 -3.202338 7.572727 0.6031492 -3.140462 7.572728 0.6276569 -3.216628 7.585849 0.5514162 -3.083379 7.572727 0.5659599 -3.068835 7.552395 0.494333 -3.031646 7.572728 0.4324575 -2.985752 7.572727 0.507381 -3.015747 7.552395 0.4438844 -2.968651 7.552395 0.3760741 -2.92801 7.552395 0.3663784 -2.94615 7.572728 0.3046095 -2.894207 7.552395 0.3823915 -2.916191 7.526842 0.2301735 -2.867576 7.552395 0.2967385 -2.913209 7.572727 0.224203 -2.887259 7.572728 0.1494747 -2.868537 7.572727 0.1534873 -2.848364 7.552395 0.07528644 -2.836767 7.552395 0.3542537 -2.968833 7.585849 0.4181677 -3.007138 7.585849 0.6294078 -3.118913 7.526842 0.7410315 -3.786601 7.585849 0.7186039 -4.024536 7.526842 0.1444566 -4.383176 7.585849 -0.08394891 -4.453509 7.526842 -0.6350058 -4.060312 7.585849 -0.7483804 -3.490338 7.585849 -0.7259527 -3.252404 7.526842 -0.1518056 -2.893764 7.585849 0.01276057 -3.471602 7.590005 0.04109305 -3.490891 7.592679 0.05470311 -3.551101 7.839403 -0.003674566 -4.255333 6.223384 0.4401646 -4.255333 6.223384 -0.003674566 -4.474518 6.223384 -0.4475138 -4.255333 6.223384 -0.4475139 -4.474518 6.223384 -0.4966282 -4.255333 6.215607 -0.4966405 -4.476116 6.213613 -0.540959 -4.255333 6.193037 -0.540948 -4.483737 6.190012 -0.5761666 -4.255333 6.157884 -0.5761827 -4.496656 6.154832 -0.5988049 -4.255333 6.113588 -0.598805 -4.513576 6.111607 -0.6066578 -4.255333 6.064486 -0.6066578 -4.53287 6.064486 -0.6093925 -4.255333 4.29427 -0.6093925 -5.371585 4.29427 -0.6016156 -5.42592 4.29427 -0.5988735 -4.583715 6.067225 -0.5790457 -5.474936 4.29427 -0.5763129 -4.630023 6.070443 -0.5438922 -5.513835 4.29427 -0.5411274 -4.667346 6.07383 -0.4995963 -5.53881 4.29427 -0.4968513 -4.691938 6.077048 -0.4504938 -5.547416 4.29427 -0.4477356 -4.701451 6.079787 -0.003674566 -5.547416 4.29427 -0.003674566 -4.701451 6.079787 0.4431446 -5.547416 4.29427 0.4403863 -4.701451 6.079787 0.492247 -5.53881 4.29427 0.4895021 -4.691938 6.077048 0.5365429 -5.513835 4.29427 0.5337781 -4.667346 6.07383 0.5716964 -5.474936 4.29427 0.5689637 -4.630022 6.070443 0.5942662 -5.42592 4.29427 0.5915243 -4.583715 6.067225 0.6020432 -5.371585 4.29427 0.5993085 -4.53287 6.064486 0.6020432 -4.255333 4.29427 0.5993085 -4.255333 6.064486 0.5914556 -4.255333 6.113588 0.5688173 -4.255333 6.157884 0.5914557 -4.513576 6.111607 0.5822353 -4.565175 6.115987 0.5688334 -4.496656 6.154832 0.560881 -4.548011 6.155515 0.5335987 -4.483737 6.190012 0.5315361 -4.537394 6.184791 0.4892912 -4.476116 6.213613 0.5336096 -4.255333 6.193037 0.4892789 -4.255333 6.215607 0.4401646 -4.474518 6.223384 0.490603 -4.531982 6.207222 0.4401724 -4.52822 6.218343 0.488988 -4.582269 6.188985 0.4402022 -4.58281 6.199005 0.4891548 -4.624078 6.162499 0.5243194 -4.579867 6.17247 0.5456855 -4.587701 6.151137 0.5243491 -4.610334 6.153192 0.5315549 -4.639822 6.119973 0.4910147 -4.662346 6.124514 0.5608275 -4.608688 6.117273 0.4403147 -4.673903 6.12616 0.4402513 -4.633054 6.167213 -0.003674566 -4.67265 6.124161 -0.003674566 -4.631114 6.164191 -0.4476639 -4.673903 6.12616 -0.4980794 -4.662242 6.124798 -0.4476006 -4.633054 6.167213 -0.4963782 -4.62423 6.162434 -0.4475514 -4.58281 6.199005 -0.4964633 -4.582394 6.188876 -0.4475216 -4.52822 6.218343 -0.003674566 -4.58091 6.195959 -0.003674566 -4.52695 6.216356 -0.4982362 -4.531681 6.207195 -0.538804 -4.537221 6.184896 -0.5681176 -4.548112 6.155604 -0.5316687 -4.579867 6.17247 -0.5316984 -4.610334 6.153192 -0.5530347 -4.587701 6.151137 -0.5682894 -4.608651 6.117144 -0.589585 -4.565581 6.115731 -0.5389852 -4.639654 6.120084 0.9327816 -3.452197 6.034878 0.9327818 -3.452197 4.29427 0.9100108 -3.361307 6.034878 0.9465265 -3.544883 6.034878 0.9298963 -3.452771 6.185161 0.9250524 -3.453735 6.212878 0.9435989 -3.545172 6.185161 0.9071957 -3.36216 6.185161 0.9024696 -3.363594 6.212878 0.8757301 -3.274209 6.185161 0.8711673 -3.276099 6.212878 0.8357884 -3.189768 6.185161 0.878448 -3.273083 6.034878 0.8383828 -3.188381 6.034878 0.878448 -3.273083 4.29427 0.8383828 -3.188381 4.29427 0.9100108 -3.361307 4.29427 0.7902148 -3.10801 4.29427 0.7902148 -3.10801 6.034878 0.734395 -3.032752 4.29427 0.6714729 -2.963323 4.29427 0.734395 -3.032752 6.034878 0.6714729 -2.963323 6.034878 0.7321209 -3.034618 6.185161 0.7283032 -3.037752 6.212878 0.6693928 -2.965403 6.185161 0.7877689 -3.109644 6.185161 0.7836623 -3.112388 6.212878 0.7726472 -3.119749 6.237883 0.8314328 -3.192096 6.212878 0.8197494 -3.198341 6.237883 0.8018816 -3.207891 6.257726 0.8589279 -3.281168 6.237883 0.8402101 -3.288922 6.257726 0.8897923 -3.36744 6.237883 0.8704047 -3.373321 6.257726 0.9120591 -3.456319 6.237883 0.8921884 -3.460272 6.257726 0.9254999 -3.546954 6.237883 0.9053375 -3.54894 6.257726 0.9386839 -3.545656 6.212878 0.9299995 -3.63847 6.237883 0.9432473 -3.63847 6.212878 0.9097395 -3.63847 6.257726 0.9254999 -3.729985 6.237883 0.9386839 -3.731284 6.212878 0.9120591 -3.82062 6.237883 0.9053375 -3.727999 6.257726 0.8921884 -3.816668 6.257726 0.8801704 -3.725521 6.270466 0.8673853 -3.811734 6.270466 0.8524621 -3.722792 6.274856 0.8844504 -3.63847 6.270466 0.8801704 -3.551419 6.270466 0.8566079 -3.63847 6.274856 0.8524621 -3.554148 6.274856 0.8336859 -3.63847 6.274855 0.7256394 -3.63847 6.27604 0.8296507 -3.556395 6.274855 0.8296507 -3.720545 6.274855 0.8175963 -3.801831 6.274855 0.7221246 -3.709954 6.27604 0.7116258 -3.780752 6.27604 0.6942326 -3.850177 6.27604 0.6701237 -3.917566 6.27604 0.7976263 -3.881541 6.274855 0.7699458 -3.958913 6.274855 0.8195611 -3.888195 6.274856 0.8462047 -3.896278 6.270466 0.7911229 -3.967685 6.274856 0.8400777 -3.806302 6.274856 0.8168461 -3.97834 6.270466 0.7550239 -4.044002 6.274856 0.7795788 -4.057127 6.270466 0.7116243 -4.116417 6.274856 0.7348087 -4.033197 6.274855 0.6925654 -4.103682 6.274855 0.6395205 -3.982264 6.27604 0.602728 -4.043654 6.27604 0.5600907 -4.10114 6.27604 0.5120285 -4.154172 6.27604 0.6436115 -4.169683 6.274855 0.5884289 -4.230573 6.274855 0.6613302 -4.184225 6.274856 0.6828527 -4.201888 6.270466 0.6046372 -4.246781 6.274856 0.6243249 -4.266469 6.270466 0.5420808 -4.303474 6.274856 0.559744 -4.324997 6.270466 0.4742729 -4.353768 6.274856 0.5275394 -4.285756 6.274855 0.4615381 -4.334709 6.274855 0.4589956 -4.202234 6.27604 0.4015107 -4.244872 6.27604 0.3401205 -4.281664 6.27604 0.2754219 -4.312268 6.27604 0.3910531 -4.376953 6.274855 0.3167696 -4.41209 6.274855 0.4018584 -4.397168 6.274856 0.4149833 -4.421723 6.270466 0.3255414 -4.433267 6.274856 0.3361964 -4.45899 6.270466 0.2460514 -4.461705 6.274856 0.2541337 -4.488349 6.270466 0.1641584 -4.482222 6.274856 0.2393975 -4.439771 6.274855 0.1596865 -4.459741 6.274855 0.2080334 -4.336377 6.27604 0.1386077 -4.35377 6.27604 0.06781059 -4.364269 6.27604 -0.003674328 -4.367784 6.27604 0.07840096 -4.471795 6.274855 -0.003674328 -4.47583 6.274855 0.0806477 -4.494606 6.274856 0.08337676 -4.522315 6.270466 -0.003674328 -4.498752 6.274856 -0.003674328 -4.526595 6.270466 -0.08799636 -4.494606 6.274856 -0.09072542 -4.522315 6.270466 -0.1715071 -4.482222 6.274856 -0.08574968 -4.471795 6.274855 -0.1670352 -4.459741 6.274855 -0.07515931 -4.364269 6.27604 -0.1459564 -4.35377 6.27604 -0.2153822 -4.336377 6.27604 -0.2827707 -4.312268 6.27604 -0.2467463 -4.439771 6.274855 -0.3241183 -4.41209 6.274855 -0.2534001 -4.461705 6.274856 -0.2614823 -4.488349 6.270466 -0.3328901 -4.433267 6.274856 -0.343545 -4.45899 6.270466 -0.4092071 -4.397168 6.274856 -0.4223319 -4.421723 6.270466 -0.4816216 -4.353768 6.274856 -0.3984018 -4.376953 6.274855 -0.4688869 -4.33471 6.274855 -0.3474692 -4.281664 6.27604 -0.4088594 -4.244872 6.27604 -0.4663442 -4.202235 6.27604 -0.5193771 -4.154172 6.27604 -0.5348882 -4.285756 6.274855 -0.5957776 -4.230573 6.274855 -0.5494296 -4.303474 6.274856 -0.5670927 -4.324997 6.270466 -0.6119859 -4.246781 6.274856 -0.6316736 -4.266469 6.270466 -0.6686791 -4.184225 6.274856 -0.6902016 -4.201888 6.270466 -0.7189729 -4.116417 6.274856 -0.6509602 -4.169683 6.274855 -0.6999141 -4.103682 6.274855 -0.5674394 -4.10114 6.27604 -0.6100767 -4.043655 6.27604 -0.6468693 -3.982264 6.27604 -0.6774725 -3.917566 6.27604 -0.7421574 -4.033197 6.274855 -0.7772946 -3.958914 6.274855 -0.7623727 -4.044003 6.274856 -0.7869275 -4.057127 6.270466 -0.7984716 -3.967686 6.274856 -0.8241949 -3.978341 6.270466 -0.8269101 -3.888195 6.274856 -0.8535537 -3.896278 6.270466 -0.8474267 -3.806303 6.274856 -0.8049752 -3.881542 6.274855 -0.8249452 -3.801831 6.274855 -0.7015815 -3.850178 6.27604 -0.7189747 -3.780752 6.27604 -0.7294735 -3.709955 6.27604 -0.7329884 -3.63847 6.27604 -0.8369995 -3.720545 6.274855 -0.841035 -3.63847 6.274855 -0.859811 -3.722792 6.274856 -0.8875194 -3.725521 6.270466 -0.8639568 -3.63847 6.274856 -0.8917993 -3.63847 6.270466 -0.859811 -3.554148 6.274856 -0.8875194 -3.551419 6.270466 -0.8474267 -3.470637 6.274856 -0.8369995 -3.556395 6.274855 -0.7294735 -3.566985 6.27604 -0.8249452 -3.475109 6.274855 -0.7189747 -3.496188 6.27604 -0.8049752 -3.395398 6.274855 -0.7015815 -3.426762 6.27604 -0.7772946 -3.318026 6.274855 -0.8269101 -3.388744 6.274856 -0.8535537 -3.380662 6.270466 -0.7984716 -3.309254 6.274856 -0.8241949 -3.298599 6.270466 -0.7623727 -3.232937 6.274856 -0.7869276 -3.219812 6.270466 -0.7189729 -3.160522 6.274856 -0.7421574 -3.243742 6.274855 -0.6468693 -3.294675 6.27604 -0.6999141 -3.173257 6.274855 -0.6100767 -3.233285 6.27604 -0.6509602 -3.107256 6.274855 -0.5674394 -3.1758 6.27604 -0.5957776 -3.046367 6.274855 -0.6686791 -3.092715 6.274856 -0.6902016 -3.075051 6.270466 -0.6119859 -3.030158 6.274856 -0.6316736 -3.010471 6.270466 -0.5494297 -2.973465 6.274856 -0.5670927 -2.951943 6.270466 -0.4816216 -2.923171 6.274856 -0.5348882 -2.991184 6.274855 -0.4663442 -3.074705 6.27604 -0.4688869 -2.94223 6.274855 -0.4088594 -3.032068 6.27604 -0.3984018 -2.899987 6.274855 -0.3474692 -2.995275 6.27604 -0.3241183 -2.86485 6.274855 -0.4092071 -2.879771 6.274856 -0.4223319 -2.855216 6.270466 -0.3328901 -2.843672 6.274856 -0.343545 -2.817949 6.270466 -0.2534001 -2.815234 6.274856 -0.2614824 -2.78859 6.270466 -0.1715071 -2.794718 6.274856 -0.2467463 -2.837169 6.274855 -0.2153822 -2.940563 6.27604 -0.1670352 -2.817199 6.274855 -0.1459564 -2.92317 6.27604 -0.08574968 -2.805145 6.274855 -0.07515931 -2.912671 6.27604 -0.003674328 -2.801109 6.274855 -0.08799636 -2.782333 6.274856 -0.09072542 -2.754625 6.270466 -0.003674328 -2.778187 6.274856 -0.003674328 -2.750345 6.270466 0.0806477 -2.782333 6.274856 0.08337676 -2.754625 6.270466 0.1641584 -2.794718 6.274856 0.07840096 -2.805145 6.274855 0.06781059 -2.912671 6.27604 0.1596865 -2.817199 6.274855 0.1386077 -2.92317 6.27604 0.2393975 -2.837169 6.274855 0.2080334 -2.940563 6.27604 0.3167696 -2.86485 6.274855 0.2460514 -2.815234 6.274856 0.2541337 -2.78859 6.270466 0.3255414 -2.843673 6.274856 0.3361964 -2.817949 6.270466 0.4018584 -2.879772 6.274856 0.4149832 -2.855217 6.270466 0.4742729 -2.923171 6.274856 0.3910531 -2.899987 6.274855 0.3401205 -2.995275 6.27604 0.4615381 -2.94223 6.274855 0.4015107 -3.032068 6.27604 0.5275394 -2.991184 6.274855 0.4589956 -3.074705 6.27604 0.5884289 -3.046367 6.274855 0.5420808 -2.973465 6.274856 0.5597439 -2.951943 6.270466 0.6046372 -3.030158 6.274856 0.6243249 -3.010471 6.270466 0.6613302 -3.092715 6.274856 0.6828528 -3.075052 6.270466 0.7116243 -3.160523 6.274856 0.6436115 -3.107256 6.274855 0.5600907 -3.1758 6.27604 0.6925654 -3.173258 6.274855 0.602728 -3.233285 6.27604 0.7348087 -3.243742 6.274855 0.6395205 -3.294675 6.27604 0.7699458 -3.318026 6.274855 0.7550239 -3.232937 6.274856 0.7795788 -3.219812 6.270466 0.7911229 -3.309254 6.274856 0.8168461 -3.298599 6.270466 0.8195611 -3.388744 6.274856 0.8462047 -3.380662 6.270466 0.8400777 -3.470637 6.274856 0.7976263 -3.395398 6.274855 0.6942326 -3.426762 6.27604 0.8175963 -3.475109 6.274855 0.7116258 -3.496188 6.27604 0.7221246 -3.566985 6.27604 0.6701237 -3.359374 6.27604 0.8673853 -3.465205 6.270466 0.7347745 -3.145054 6.270466 0.7558016 -3.131004 6.257726 0.7024013 -3.059009 6.257726 0.6422069 -2.992589 6.257726 0.7180625 -3.046156 6.237883 0.6565329 -2.978263 6.237883 0.6659005 -2.968895 6.212878 0.5886398 -2.916733 6.237883 0.575787 -2.932394 6.257726 0.5150471 -2.862148 6.237883 0.5970441 -2.906492 6.212878 0.5224072 -2.851133 6.212878 0.6001773 -2.902675 6.185161 0.5251511 -2.847027 6.185161 0.6020435 -2.900401 6.034878 0.5267855 -2.844581 6.034878 0.6020435 -2.900401 4.29427 0.5267855 -2.844581 4.29427 0.4464147 -2.796413 4.29427 0.3617128 -2.756348 4.29427 0.4464147 -2.796413 6.034878 0.3617128 -2.756348 6.034878 0.4450279 -2.799007 6.185161 0.4426998 -2.803363 6.212878 0.360587 -2.759065 6.185161 0.3586969 -2.763628 6.212878 0.2726351 -2.7276 6.185161 0.2712015 -2.732326 6.212878 0.1820244 -2.704899 6.185161 0.2734891 -2.724784 6.034878 0.1825983 -2.702014 6.034878 0.2734891 -2.724784 4.29427 0.1825984 -2.702014 4.29427 0.08991229 -2.688269 4.29427 -0.003674268 -2.683668 4.29427 0.08991229 -2.688269 6.034878 -0.003674268 -2.683668 6.034878 0.08962392 -2.691196 6.185161 0.08913987 -2.696111 6.212878 -0.003674268 -2.686609 6.185161 -0.003674268 -2.691548 6.212878 -0.09697258 -2.691196 6.185161 -0.09648847 -2.696111 6.212878 -0.1893731 -2.704899 6.185161 -0.09726095 -2.688269 6.034878 -0.189947 -2.702014 6.034878 -0.09726089 -2.688269 4.29427 -0.189947 -2.702014 4.29427 -0.2808377 -2.724784 4.29427 -0.3690614 -2.756347 4.29427 -0.2808377 -2.724784 6.034878 -0.3690614 -2.756347 6.034878 -0.2799838 -2.7276 6.185161 -0.2785502 -2.732326 6.212878 -0.3679356 -2.759065 6.185161 -0.3660456 -2.763628 6.212878 -0.4523766 -2.799007 6.185161 -0.4500485 -2.803362 6.212878 -0.5324998 -2.847027 6.185161 -0.4537634 -2.796412 6.034878 -0.5341342 -2.844581 6.034878 -0.4537633 -2.796412 4.29427 -0.5341342 -2.84458 4.29427 -0.6093922 -2.9004 4.29427 -0.6788216 -2.963323 4.29427 -0.6093922 -2.900401 6.034878 -0.6788216 -2.963323 6.034878 -0.607526 -2.902674 6.185161 -0.6043929 -2.906492 6.212878 -0.6767415 -2.965403 6.185161 -0.6732493 -2.968895 6.212878 -0.7394698 -3.034618 6.185161 -0.7356521 -3.037751 6.212878 -0.7951175 -3.109644 6.185161 -0.7417438 -3.032752 6.034878 -0.7975636 -3.10801 6.034878 -0.7417438 -3.032752 4.29427 -0.7975637 -3.10801 4.29427 -0.8457316 -3.188381 4.29427 -0.8857968 -3.273083 4.29427 -0.8457316 -3.188381 6.034878 -0.8857967 -3.273083 6.034878 -0.8431372 -3.189768 6.185161 -0.8387816 -3.192096 6.212878 -0.8830789 -3.274209 6.185161 -0.878516 -3.276098 6.212878 -0.9145447 -3.36216 6.185161 -0.9098185 -3.363594 6.212878 -0.9372453 -3.452771 6.185161 -0.9173598 -3.361306 6.034878 -0.9401307 -3.452197 6.034878 -0.9173598 -3.361306 4.29427 -0.9401307 -3.452197 4.29427 -0.9538757 -3.544883 4.29427 -0.9584771 -3.63847 4.29427 -0.9538757 -3.544883 6.034878 -0.9584771 -3.63847 6.034878 -0.950948 -3.545171 6.185161 -0.946033 -3.545655 6.212878 -0.9555351 -3.63847 6.185161 -0.9505963 -3.63847 6.212878 -0.950948 -3.731768 6.185161 -0.946033 -3.731284 6.212878 -0.9372453 -3.824169 6.185161 -0.9538757 -3.732057 6.034878 -0.9401307 -3.824743 6.034878 -0.9538757 -3.732057 4.29427 -0.9401307 -3.824743 4.29427 -0.9173598 -3.915633 4.29427 -0.8857968 -4.003857 4.29427 -0.9173598 -3.915633 6.034878 -0.8857967 -4.003857 6.034878 -0.9145447 -3.914779 6.185161 -0.9098185 -3.913346 6.212878 -0.8830789 -4.002731 6.185161 -0.878516 -4.000841 6.212878 -0.8431372 -4.087172 6.185161 -0.8387815 -4.084844 6.212878 -0.7951175 -4.167295 6.185161 -0.8457316 -4.088559 6.034878 -0.7975636 -4.16893 6.034878 -0.8457316 -4.088559 4.29427 -0.7975637 -4.16893 4.29427 -0.7417438 -4.244188 4.29427 -0.6788216 -4.313617 4.29427 -0.7417438 -4.244188 6.034878 -0.6788216 -4.313617 6.034878 -0.7394698 -4.242321 6.185161 -0.7356521 -4.239188 6.212878 -0.6767415 -4.311537 6.185161 -0.6732493 -4.308045 6.212878 -0.607526 -4.374265 6.185161 -0.6043929 -4.370447 6.212878 -0.5324998 -4.429913 6.185161 -0.6093922 -4.376539 6.034878 -0.5341342 -4.432359 6.034878 -0.6093922 -4.376539 4.29427 -0.5341342 -4.432359 4.29427 -0.4537634 -4.480527 6.034878 -0.3690614 -4.520592 6.034878 -0.4523766 -4.477932 6.185161 -0.4500485 -4.473577 6.212878 -0.3679356 -4.517874 6.185161 -0.3660457 -4.513311 6.212878 -0.2799838 -4.54934 6.185161 -0.2785501 -4.544614 6.212878 -0.1893731 -4.572041 6.185161 -0.2808377 -4.552155 6.034878 -0.189947 -4.574926 6.034878 -0.09726095 -4.588671 6.034878 -0.003674268 -4.593272 6.034878 -0.09697258 -4.585743 6.185161 -0.09648847 -4.580828 6.212878 -0.003674268 -4.59033 6.185161 -0.003674268 -4.585391 6.212878 0.08962392 -4.585743 6.185161 0.08913987 -4.580828 6.212878 0.1820244 -4.572041 6.185161 0.08991229 -4.588671 6.034878 0.1825983 -4.574926 6.034878 0.2734891 -4.552155 6.034878 0.3617128 -4.520592 6.034878 0.2726351 -4.54934 6.185161 0.2712014 -4.544614 6.212878 0.360587 -4.517874 6.185161 0.358697 -4.513311 6.212878 0.4450279 -4.477932 6.185161 0.4426998 -4.473577 6.212878 0.5251511 -4.429913 6.185161 0.4464147 -4.480527 6.034878 0.5267855 -4.432359 6.034878 0.6020435 -4.376539 6.034878 0.5267855 -4.432359 4.29427 0.6020435 -4.376539 4.29427 0.6714729 -4.313617 4.29427 0.6714729 -4.313617 6.034878 0.734395 -4.244187 4.29427 0.7902148 -4.16893 4.29427 0.734395 -4.244187 6.034878 0.7902148 -4.16893 6.034878 0.7321209 -4.242321 6.185161 0.6693928 -4.311537 6.185161 0.7283032 -4.239188 6.212878 0.7877689 -4.167295 6.185161 0.7836624 -4.164551 6.212878 0.8357884 -4.087172 6.185161 0.8314329 -4.084844 6.212878 0.8757301 -4.002731 6.185161 0.8383828 -4.088559 6.034878 0.878448 -4.003857 6.034878 0.8383828 -4.088559 4.29427 0.878448 -4.003857 4.29427 0.9100108 -3.915633 4.29427 0.9327818 -3.824742 4.29427 0.9100108 -3.915633 6.034878 0.9327816 -3.824742 6.034878 0.9071957 -3.914779 6.185161 0.9024696 -3.913345 6.212878 0.9298963 -3.824168 6.185161 0.9250524 -3.823205 6.212878 0.9435989 -3.731768 6.185161 0.9481861 -3.63847 6.185161 0.9465265 -3.732056 6.034878 0.951128 -3.63847 6.034878 0.9465265 -3.732056 4.29427 0.951128 -3.63847 4.29427 0.9465265 -3.544883 4.29427 0.8711673 -4.000841 6.212878 0.8897923 -3.9095 6.237883 0.8589279 -3.995771 6.237883 0.8704047 -3.903619 6.257726 0.8402101 -3.988018 6.257726 0.8018817 -4.069048 6.257726 0.8197494 -4.078598 6.237883 0.7558016 -4.145935 6.257726 0.7347745 -4.131886 6.270466 0.7024013 -4.217931 6.257726 0.7726472 -4.157191 6.237883 0.7180625 -4.230783 6.237883 0.6565329 -4.298677 6.237883 0.6422069 -4.284351 6.257726 0.5886399 -4.360207 6.237883 0.6659005 -4.308044 6.212878 0.5970442 -4.370447 6.212878 0.6001773 -4.374265 6.185161 0.5224072 -4.425806 6.212878 0.5150471 -4.414791 6.237883 0.5037912 -4.397945 6.257726 0.4364548 -4.461894 6.237883 0.3536273 -4.501072 6.237883 0.4269044 -4.444026 6.257726 0.3458741 -4.482354 6.257726 0.2614747 -4.512549 6.257726 0.2673558 -4.531937 6.237883 0.1745238 -4.534333 6.257726 0.1695902 -4.50953 6.270466 0.08585554 -4.547482 6.257726 0.1784763 -4.554203 6.237883 0.08784133 -4.567644 6.237883 0.1810609 -4.567196 6.212878 -0.003674268 -4.572144 6.237883 -0.003674268 -4.551884 6.257726 -0.09518998 -4.567644 6.237883 -0.1858251 -4.554203 6.237883 -0.0932042 -4.547482 6.257726 -0.1818726 -4.534333 6.257726 -0.1769389 -4.50953 6.270466 -0.2688233 -4.512549 6.257726 -0.2747045 -4.531937 6.237883 -0.3532227 -4.482354 6.257726 -0.434253 -4.444026 6.257726 -0.3609759 -4.501072 6.237883 -0.4438036 -4.461894 6.237883 -0.5223959 -4.414791 6.237883 -0.51114 -4.397946 6.257726 -0.5959886 -4.360207 6.237883 -0.529756 -4.425806 6.212878 -0.6638816 -4.298677 6.237883 -0.5831358 -4.344545 6.257726 -0.6495556 -4.284351 6.257726 -0.7097503 -4.217931 6.257726 -0.7254114 -4.230784 6.237883 -0.7631503 -4.145936 6.257726 -0.7421232 -4.131886 6.270466 -0.8092304 -4.069048 6.257726 -0.7799959 -4.157191 6.237883 -0.8270981 -4.078599 6.237883 -0.7910111 -4.164551 6.212878 -0.8662767 -3.995771 6.237883 -0.8475589 -3.988018 6.257726 -0.8971412 -3.9095 6.237883 -0.9194081 -3.820621 6.237883 -0.8777537 -3.903619 6.257726 -0.8995374 -3.816668 6.257726 -0.8747342 -3.811734 6.270466 -0.9126865 -3.728 6.257726 -0.9328489 -3.729985 6.237883 -0.9170884 -3.63847 6.257726 -0.9126865 -3.54894 6.257726 -0.9373485 -3.63847 6.237883 -0.9328489 -3.546954 6.237883 -0.9194081 -3.456319 6.237883 -0.9324014 -3.453734 6.212878 -0.8995374 -3.460272 6.257726 -0.8971412 -3.367439 6.237883 -0.8777537 -3.373321 6.257726 -0.8662767 -3.281168 6.237883 -0.8475588 -3.288921 6.257726 -0.8270981 -3.198341 6.237883 -0.8092305 -3.207891 6.257726 -0.7799959 -3.119748 6.237883 -0.791011 -3.112388 6.212878 -0.7631503 -3.131004 6.257726 -0.7254114 -3.046155 6.237883 -0.7097502 -3.059008 6.257726 -0.6638816 -2.978262 6.237883 -0.6495556 -2.992588 6.257726 -0.5959886 -2.916733 6.237883 -0.5831359 -2.932394 6.257726 -0.5223959 -2.862148 6.237883 -0.529756 -2.851133 6.212878 -0.51114 -2.878994 6.257726 -0.4438035 -2.815046 6.237883 -0.434253 -2.832914 6.257726 -0.3609759 -2.775867 6.237883 -0.3532227 -2.794585 6.257726 -0.2747045 -2.745003 6.237883 -0.2688233 -2.76439 6.257726 -0.1858251 -2.722736 6.237883 -0.1884096 -2.709743 6.212878 -0.1818726 -2.742607 6.257726 -0.09518998 -2.709295 6.237883 -0.0932042 -2.729458 6.257726 -0.003674268 -2.704796 6.237883 -0.003674268 -2.725056 6.257726 0.08784133 -2.709295 6.237883 0.08585554 -2.729458 6.257726 0.1784764 -2.722736 6.237883 0.1810609 -2.709743 6.212878 0.1745238 -2.742607 6.257726 0.2673559 -2.745003 6.237883 0.2614747 -2.76439 6.257726 0.3536272 -2.775867 6.237883 0.3458741 -2.794585 6.257726 0.4364548 -2.815046 6.237883 0.4269044 -2.832914 6.257726 0.5037912 -2.878994 6.257726 0.4897414 -2.900021 6.270466 0.1695902 -2.76741 6.270466 -0.1769389 -2.76741 6.270466 -0.4970901 -2.900021 6.270466 -0.7421232 -3.145054 6.270466 -0.8747342 -3.465205 6.270466 -0.9324014 -3.823205 6.212878 -0.4970902 -4.376919 6.270466 -0.1884096 -4.567197 6.212878 0.4897414 -4.376919 6.270466 0.575787 -4.344545 6.257726 0.5120285 -3.122767 6.27604 0.2754219 -2.964672 6.27604 -0.003674328 -2.909156 6.27604 -0.2827707 -2.964672 6.27604 -0.5193771 -3.122767 6.27604 -0.6774725 -3.359374 6.27604</float_array>
          <technique_common>
            <accessor source="#Cylinder_053-mesh-positions-array" count="3469" stride="3">
              <param name="X" type="float"/>
              <param name="Y" type="float"/>
              <param name="Z" type="float"/>
            </accessor>
          </technique_common>
        </source>
        <source id="Cylinder_053-mesh-normals">
          <float_array id="Cylinder_053-mesh-normals-array" count="10398">0.00230956 0.0233854 0.9997239 0.002136528 0.01074957 0.99994 0.004577457 0.0230121 0.9997248 0.006816804 0.02248781 0.9997239 0.003188312 0.01048833 0.9999399 0.01131784 0.1148545 0.9933179 0.0225104 0.1131547 0.9933224 0.03349918 0.1104418 0.993318 0.09938037 0.3276037 0.9395741 0.06678885 0.3357657 0.9395747 0.03355211 0.3406907 0.9395767 0.04414898 0.1065894 0.9933226 0.1310123 0.3162847 0.9395743 0.008973896 0.02167636 0.9997248 0.1613717 0.3019223 0.9395756 0.05438721 0.1017832 0.9933188 0.0110625 0.02072435 0.999724 0.004196643 0.01012593 0.99994 0.005169272 0.009666085 0.9999399 0.006097078 0.009113073 0.99994 0.01306492 0.01950675 0.9997245 0.06412506 0.09592688 0.9933207 0.01487565 0.01816534 0.9997243 0.006955862 0.008472383 0.9999399 0.07318806 0.08921456 0.9933198 0.2171889 0.2646331 0.9395735 0.1902021 0.2846499 0.9395731 0.0815677 0.08157938 0.9933236 0.2420737 0.2420745 0.9395745 0.01657086 0.0165897 0.9997252 0.2646351 0.2171792 0.9395751 0.08917003 0.07321655 0.9933217 0.01811671 0.01490801 0.9997248 0.007748782 0.007750034 0.99994 0.008469521 0.00695306 0.99994 0.009117603 0.00608915 0.99994 0.01950508 0.01303446 0.9997248 0.09592616 0.06409651 0.9933226 0.02066892 0.01107734 0.9997251 0.009669184 0.005166649 0.99994 0.1017445 0.0544039 0.9933218 0.3019254 0.1613782 0.9395734 0.2846487 0.1901967 0.9395746 0.1066298 0.04415053 0.9933181 0.3162766 0.13101 0.9395774 0.0217185 0.008978426 0.9997239 0.3276137 0.09937268 0.9395714 0.1104221 0.03350222 0.99332 0.02245306 0.006821691 0.9997246 0.01012361 0.004194259 0.99994 0.0104826 0.003181576 0.99994 0.01074677 0.002138197 0.99994 0.02298629 0.004577219 0.9997254 0.1131399 0.02251046 0.9933241 0.02333766 0.002303242 0.9997251 0.01090484 0.001074314 0.99994 0.1148117 0.0113123 0.993323 0.3357768 0.06678944 0.9395708 0.3406887 0.03355664 0.9395772 0.1154486 -1.97689e-7 0.9933136 0.3423675 -5.08182e-7 0.9395661 0.0235182 0 0.9997234 0.3406995 -0.03355646 0.9395732 0.1148772 -0.01131218 0.9933153 0.02339738 -0.002303242 0.9997237 0.01095765 0 0.99994 0.01090484 -0.001074254 0.99994 0.01074981 -0.002138197 0.99994 0.02299153 -0.004577159 0.9997253 0.1131435 -0.0225104 0.9933237 0.02243191 -0.006821393 0.9997251 0.01048785 -0.003181576 0.99994 0.1104053 -0.03350251 0.9933218 0.327606 -0.09938031 0.9395732 0.3357768 -0.06679052 0.9395706 0.1066311 -0.04415553 0.9933178 0.3162793 -0.1310146 0.9395759 0.02170753 -0.008978664 0.9997242 0.301928 -0.1613836 0.9395716 0.1017685 -0.0544039 0.9933194 0.02069914 -0.01107716 0.9997245 0.01012486 -0.004194319 0.99994 0.00967437 -0.00516659 0.9999399 0.009118795 -0.00608915 0.9999399 0.01951742 -0.01303493 0.9997246 0.0959562 -0.06410431 0.9933193 0.01813602 -0.01490801 0.9997244 0.008474707 -0.00695312 0.9999399 0.08917999 -0.0732159 0.9933209 0.2646207 -0.2171846 0.9395779 0.2846742 -0.190203 0.9395656 0.08158004 -0.08158928 0.9933217 0.2420831 -0.2420827 0.93957 0.01658278 -0.01659023 0.9997249 0.2171838 -0.2646321 0.939575 0.07321166 -0.08921456 0.9933181 0.01489371 -0.01816534 0.9997242 0.00774759 -0.007750034 0.99994 0.006950676 -0.008472323 0.99994 0.006089508 -0.009113073 0.99994 0.01307839 -0.01950854 0.9997242 0.06413757 -0.09592735 0.9933199 0.01105934 -0.02072632 0.9997241 0.005161523 -0.009666085 0.99994 0.05438739 -0.1017839 0.9933188 0.1613731 -0.3019188 0.9395765 0.1901981 -0.2846494 0.9395741 0.04413646 -0.1065889 0.9933231 0.1310124 -0.3162831 0.9395749 0.008958101 -0.02167719 0.999725 0.09938043 -0.3276036 0.9395741 0.03350645 -0.1104415 0.9933177 0.006827414 -0.02248769 0.9997239 0.004195928 -0.01012593 0.99994 0.003183186 -0.01048839 0.9999399 0.002137243 -0.01074969 0.99994 0.004573106 -0.02301067 0.9997248 0.02250081 -0.1131526 0.9933229 0.002296745 -0.02338659 0.9997239 0.001066744 -0.01090747 0.99994 0.01131087 -0.1148589 0.9933174 0.03355395 -0.3406981 0.9395738 0.06678926 -0.3357639 0.9395754 -1.55222e-6 -0.115369 0.9933228 6.22834e-7 -0.3423432 0.939575 -1.94807e-6 -0.0234602 0.9997249 -0.03355342 -0.3406969 0.9395743 -0.01130604 -0.1148554 0.993318 -0.00229448 -0.023386 0.9997239 0 -0.01096022 0.99994 -0.001066744 -0.01090753 0.99994 -0.002137243 -0.01074963 0.99994 -0.004580914 -0.02300989 0.9997248 -0.02251219 -0.1131544 0.9933224 -0.006818354 -0.02248686 0.9997239 -0.003183186 -0.01048839 0.9999399 -0.03349536 -0.1104409 0.9933182 -0.09937769 -0.3276029 0.9395747 -0.0667954 -0.3357673 0.9395738 -0.04412937 -0.1065869 0.9933236 -0.1310057 -0.3162828 0.9395758 -0.008957326 -0.02167707 0.999725 -0.1613845 -0.3019247 0.9395726 -0.05437654 -0.1017786 0.9933199 -0.01105988 -0.02072632 0.999724 -0.004195928 -0.01012593 0.99994 -0.005164086 -0.009666085 0.99994 -0.006091058 -0.009113073 0.99994 -0.01306462 -0.01950627 0.9997245 -0.06412166 -0.09592407 0.9933213 -0.01487636 -0.0181657 0.9997243 -0.006950676 -0.008472383 0.99994 -0.07317763 -0.08920925 0.9933212 -0.2171847 -0.2646308 0.9395751 -0.1902006 -0.2846524 0.9395726 -0.08156239 -0.08157849 0.993324 -0.2420758 -0.2420747 0.939574 -0.01656901 -0.01659011 0.9997252 -0.2646349 -0.2171815 0.9395748 -0.08915829 -0.07321602 0.9933229 -0.0181117 -0.01490736 0.9997249 -0.007750689 -0.007750034 0.99994 -0.008469581 -0.006953179 0.99994 -0.009114623 -0.00608915 0.99994 -0.01950484 -0.01303422 0.9997248 -0.09592944 -0.06409609 0.9933223 -0.02066844 -0.01107728 0.9997251 -0.00967437 -0.00516659 0.9999399 -0.1017453 -0.05440425 0.9933218 -0.2846526 -0.190195 0.9395737 -0.3019264 -0.1613794 0.9395728 -0.1066429 -0.04415053 0.9933167 -0.3162885 -0.1310099 0.9395733 -0.0217182 -0.008978426 0.9997239 -0.327597 -0.09937679 0.9395768 -0.1104208 -0.03350192 0.9933201 -0.02244985 -0.006821453 0.9997248 -0.0101248 -0.004194259 0.99994 -0.01048779 -0.003181576 0.99994 -0.01074975 -0.002138197 0.99994 -0.02301651 -0.004577219 0.9997247 -0.1131545 -0.02250778 0.9933225 -0.02333939 -0.002303361 0.9997251 -0.01090484 -0.001074254 0.99994 -0.1148343 -0.01131212 0.9933203 -0.3407071 -0.03355509 0.9395706 -0.3357564 -0.06678807 0.9395782 -0.1154293 0 0.9933157 -0.342336 0 0.9395777 -0.02351862 0 0.9997235 -0.3407126 0.03355485 0.9395685 -0.1148718 0.01131206 0.993316 -0.02339619 0.002303302 0.9997237 -0.01095771 0 0.99994 -0.01090484 0.001074254 0.99994 -0.01074981 0.002138197 0.99994 -0.02302187 0.004577279 0.9997245 -0.1131646 0.02250647 0.9933214 -0.02243316 0.006821334 0.9997251 -0.01048779 0.003181576 0.99994 -0.1103771 0.03349965 0.9933251 -0.327599 0.09937691 0.939576 -0.3357684 0.06678652 0.939574 -0.1066246 0.04414999 0.9933187 -0.3162838 0.131011 0.9395748 -0.02170944 0.008978545 0.999724 -0.3019321 0.1613793 0.939571 -0.1017508 0.05440056 0.9933215 -0.0101248 0.004194259 0.99994 -0.02070146 0.01107728 0.9997243 -0.00967437 0.00516659 0.9999399 -0.009118735 0.00608915 0.99994 -0.01951736 0.01303482 0.9997246 -0.09594088 0.0640974 0.9933212 -0.01813745 0.0149073 0.9997244 -0.008474647 0.00695306 0.9999399 -0.08918952 0.07321584 0.9933201 -0.2646339 0.2171898 0.9395731 -0.2846534 0.1901991 0.9395726 -0.08157962 0.08158892 0.9933217 -0.2420828 0.2420825 0.9395702 -0.01658093 0.01659053 0.999725 -0.2171921 0.2646413 0.9395704 -0.07321137 0.08921414 0.9933182 -0.01489335 0.01816546 0.9997242 -0.007751822 0.007750034 0.99994 -0.006955802 0.008472383 0.9999399 -0.006090342 0.009113073 0.99994 -0.01307386 0.01950806 0.9997242 -0.064143 0.0959379 0.9933186 -0.01105648 0.02072328 0.9997242 -0.005169212 0.009666085 0.9999399 -0.05438691 0.1017829 0.9933189 -0.1613801 0.3019185 0.9395754 -0.1902028 0.2846601 0.93957 -0.04413491 0.1065884 0.9933232 -0.1310105 0.3162848 0.9395745 -0.008962094 0.02167689 0.9997249 -0.0993852 0.3276032 0.9395737 -0.03348696 0.1104328 0.9933193 -0.006806969 0.0224874 0.999724 -0.004196643 0.01012593 0.99994 -0.003178 0.01048827 0.99994 -0.002134203 0.01074957 0.99994 -0.004584491 0.02301013 0.9997248 -0.02251362 0.1131517 0.9933226 -0.002298593 0.023386 0.9997239 -0.001076996 0.01090753 0.9999399 -0.0113033 0.1148481 0.9933188 -0.03354811 0.3406981 0.9395741 -0.06679338 0.3357658 0.9395744 2.68325e-6 0.1153709 0.9933226 3.3932e-6 0.3423478 0.9395734 1.51042e-7 0.02346158 0.9997248 0 0.01096028 0.99994 0.001076996 0.01090747 0.9999399 0.05965358 0.605663 0.7934823 1.11966e-6 0.6086029 0.793475 -0.05965089 0.6056703 0.7934767 0.08013838 0.8136527 0.5758014 6.56566e-7 0.8175861 0.5758064 -0.08013689 0.8136562 0.5757967 -0.118735 0.5969012 0.7934803 -0.1595007 0.8018705 0.5758153 -0.09337592 0.9481018 0.3039475 -0.1858635 0.9343808 0.3039526 0 0.9526872 0.3039525 -0.09771794 0.9921629 0.07787191 -0.1944999 0.9778074 0.07786238 -3.91547e-7 0.996964 0.0778644 0.09337812 0.9481002 0.3039517 0.09771865 0.9921627 0.077874 0.09771752 0.9921389 -0.07817685 -0.09771716 0.9921389 -0.07817852 0 0.9969394 -0.07817924 3.9778e-7 0.9519535 -0.3062428 -0.1857194 0.93366 -0.3062474 -0.1944929 0.9777836 -0.07817858 -0.09330636 0.9473697 -0.3062426 -0.1587058 0.7978529 -0.5815867 -6.44982e-7 0.8134868 -0.5815833 -0.07973557 0.8095709 -0.5815816 -0.1167389 0.5868747 -0.8012179 -2.31481e-6 0.5983769 -0.8012149 0.09330689 0.9473699 -0.3062423 0.07973158 0.8095694 -0.5815843 0.05865257 0.5954944 -0.8012155 -2.54011e-6 0.3257892 -0.9454425 -0.05865418 0.5954929 -0.8012165 0.03193628 0.3242173 -0.9454435 -3.31731e-6 0.09576267 -0.9954043 -0.03193384 0.3242177 -0.9454433 -0.06355744 0.3195263 -0.9454435 -0.01868611 0.09392261 -0.9954041 -0.009385764 0.09530007 -0.9954044 -0.002746164 0.01378518 -0.9999013 -1.88057e-6 0.01405519 -0.9999013 -0.001376509 0.01398819 -0.9999013 0 0.01280206 -0.9999181 -0.001254498 0.01274049 -0.9999181 -0.002492249 0.01255607 -0.9999182 -0.004062414 0.01345062 -0.9999013 -0.003711283 0.0122509 -0.9999181 -0.02778053 0.09163671 -0.995405 -0.004903197 0.01182758 -0.9999181 -0.005381762 0.01298576 -0.9999013 -0.0366559 0.08847224 -0.995404 -0.09456861 0.3117583 -0.9454436 -0.1246845 0.3009887 -0.9454415 -0.1535667 0.2873202 -0.9454441 -0.04514414 0.0844537 -0.9954043 -0.006634294 0.01239567 -0.9999012 -0.05318546 0.07962352 -0.9954051 -0.1810011 0.2708793 -0.9454433 -0.007793843 0.01168692 -0.9999014 -0.006031036 0.01129055 -0.9999181 -0.007107973 0.01064455 -0.9999181 -0.008902072 0.01086509 -0.9999014 -0.008115768 0.009896159 -0.9999181 -0.06073266 0.07402426 -0.9954054 -0.009055674 0.009052455 -0.9999181 -0.009910523 0.009938538 -0.9999016 -0.06768685 0.06771868 -0.9954058 -0.2066862 0.251838 -0.9454409 -0.230372 0.2303721 -0.9454404 -0.2518341 0.2066798 -0.9454433 -0.07402223 0.06074917 -0.9954047 -0.01086759 0.008916795 -0.9999013 -0.07964128 0.05320274 -0.9954029 -0.2708846 0.1809966 -0.9454427 -0.0117073 0.007808923 -0.9999011 -0.00988996 0.008121609 -0.9999181 -0.0106424 0.007112443 -0.9999181 -0.0124154 0.006625711 -0.9999011 -0.01129174 0.006034851 -0.9999181 -0.0844652 0.04514116 -0.9954034 -0.01182389 0.004899084 -0.9999181 -0.01295274 0.005378782 -0.9999017 -0.08843976 0.03664678 -0.9954072 -0.287308 0.1535764 -0.9454463 -0.3009958 0.1246725 -0.9454408 -0.3117517 0.09457212 -0.9454455 -0.0916655 0.02779769 -0.9954018 -0.01348441 0.004080116 -0.9999008 -0.09388041 0.01868218 -0.9954082 -0.3195363 0.06355714 -0.9454402 -0.01373946 0.002742111 -0.9999019 -0.01224166 0.00371623 -0.9999182 -0.01255375 0.002497553 -0.9999181 -0.01402306 0.001377642 -0.9999008 -0.01272964 0.001254796 -0.9999183 -0.09532481 0.009386122 -0.995402 -0.01279574 0 -0.9999182 -0.01405674 0 -0.9999013 -0.09576481 0 -0.995404 -0.3242136 0.03193289 -0.9454448 -0.3257998 0 -0.9454388 -0.3242104 -0.03193271 -0.945446 -0.09532254 -0.009386003 -0.9954022 -0.01402354 -0.001377701 -0.9999008 -0.09390187 -0.0186823 -0.9954062 -0.3195317 -0.0635575 -0.9454417 -0.01376897 -0.002742052 -0.9999015 -0.01272958 -0.001254796 -0.9999183 -0.01255375 -0.002497553 -0.9999181 -0.01348406 -0.004080116 -0.9999008 -0.01224172 -0.00371623 -0.9999182 -0.09166097 -0.02779793 -0.9954023 -0.01182389 -0.004899144 -0.9999181 -0.01298075 -0.005378901 -0.9999013 -0.08846735 -0.03664898 -0.9954047 -0.3117522 -0.09457385 -0.9454451 -0.3009977 -0.1246755 -0.9454398 -0.287316 -0.1535744 -0.9454441 -0.08442288 -0.04514104 -0.995407 -0.01236486 -0.006625533 -0.9999016 -0.07966113 -0.0532028 -0.9954013 -0.2708938 -0.180997 -0.94544 -0.01172018 -0.007809042 -0.9999008 -0.0112918 -0.006034851 -0.9999181 -0.0106424 -0.007112443 -0.9999181 -0.01086777 -0.008916974 -0.9999012 -0.0098899 -0.00812155 -0.9999181 -0.07402175 -0.06074994 -0.9954047 -0.009053826 -0.009052395 -0.9999181 -0.009941935 -0.009938955 -0.9999012 -0.06772208 -0.06771522 -0.9954037 -0.251836 -0.2066782 -0.9454432 -0.2303768 -0.2303653 -0.9454408 -0.2066812 -0.2518402 -0.9454414 -0.06073755 -0.07402408 -0.9954051 -0.008901476 -0.0108655 -0.9999014 -0.05318325 -0.07962334 -0.9954054 -0.1810054 -0.2708824 -0.9454417 -0.007791996 -0.01168698 -0.9999014 -0.008118391 -0.009896218 -0.9999181 -0.007109463 -0.01064455 -0.9999182 -0.006633698 -0.0123955 -0.9999012 -0.006028473 -0.01129055 -0.9999181 -0.04514294 -0.08445167 -0.9954045 -0.004905402 -0.01182764 -0.9999181 -0.005386948 -0.01298558 -0.9999012 -0.03665083 -0.08847135 -0.9954043 -0.1535654 -0.2873187 -0.9454447 -0.1246766 -0.3009855 -0.9454436 -0.09456801 -0.3117608 -0.9454429 -0.02779948 -0.09163784 -0.9954043 -0.004084169 -0.0134499 -0.9999013 -0.01868826 -0.09392428 -0.995404 -0.06355869 -0.3195275 -0.945443 -0.002750396 -0.013785 -0.9999013 -0.003710031 -0.01225095 -0.9999181 -0.002495586 -0.01255619 -0.9999181 -0.001376211 -0.01398843 -0.9999013 -0.001253247 -0.01274043 -0.9999181 -0.009384632 -0.09529864 -0.9954045 0 -0.012802 -0.9999181 0 -0.01405459 -0.9999013 -2.1064e-7 -0.09576046 -0.9954044 -0.03193145 -0.3242177 -0.9454434 1.2028e-6 -0.3257894 -0.9454424 0.03193545 -0.3242202 -0.9454424 0.009383797 -0.09529966 -0.9954045 0.001376211 -0.01398843 -0.9999013 0.0186882 -0.09393054 -0.9954034 0.06356215 -0.3195376 -0.9454393 0.002750396 -0.013785 -0.9999013 0.001253247 -0.01274049 -0.9999181 0.002495527 -0.01255607 -0.9999181 0.00408405 -0.01344943 -0.9999013 0.003710031 -0.0122509 -0.9999181 0.02779906 -0.09163641 -0.9954045 0.004900813 -0.01182764 -0.9999181 0.005387067 -0.012986 -0.9999012 0.03665155 -0.08847314 -0.9954041 0.09456521 -0.3117614 -0.9454429 0.1246792 -0.3009857 -0.9454432 0.1535664 -0.2873205 -0.9454441 0.04514378 -0.08445298 -0.9954043 0.006633698 -0.0123955 -0.9999012 0.05319982 -0.07962304 -0.9954044 0.1810005 -0.270879 -0.9454435 0.007809281 -0.01168656 -0.9999013 0.006028473 -0.01129055 -0.9999181 0.007115542 -0.01064461 -0.9999181 0.008935809 -0.01086533 -0.9999011 0.008115828 -0.009896218 -0.9999181 0.06076794 -0.07402604 -0.9954031 0.009050786 -0.009052395 -0.9999182 0.009910225 -0.009938597 -0.9999016 0.06769633 -0.06771385 -0.9954055 0.2066767 -0.2518423 -0.9454418 0.2303788 -0.2303646 -0.9454405 0.2518322 -0.2066772 -0.9454444 0.07399207 -0.06075006 -0.9954068 0.01083439 -0.008917093 -0.9999016 0.0796414 -0.05320274 -0.9954029 0.2708802 -0.1809968 -0.9454439 0.01170766 -0.007808923 -0.9999011 0.0098899 -0.00812155 -0.9999182 0.01064425 -0.007112443 -0.9999181 0.01234865 -0.00662589 -0.9999019 0.01129174 -0.006034851 -0.9999181 0.08440846 -0.04514145 -0.9954082 0.01182389 -0.004899084 -0.9999181 0.01301211 -0.005378901 -0.9999009 0.08849519 -0.03664684 -0.9954023 0.2873132 -0.1535748 -0.945445 0.3009895 -0.124673 -0.9454427 0.3117559 -0.09456974 -0.9454442 0.0916599 -0.02779775 -0.9954023 0.01348382 -0.004080057 -0.9999008 0.09390449 -0.01868361 -0.9954059 0.3195362 -0.06355917 -0.9454401 0.01377087 -0.002742111 -0.9999014 0.01224178 -0.00371623 -0.9999182 0.01255369 -0.002497553 -0.9999181 0.01402354 -0.001377642 -0.9999008 0.01272958 -0.001254796 -0.9999183 0.09532022 -0.009386181 -0.9954024 0.01279574 0 -0.9999182 0.01405483 0 -0.9999013 0.09576445 0 -0.9954041 0.3242126 -0.03193473 -0.9454451 0.3257986 2.2048e-7 -0.9454393 0.324209 0.03193271 -0.9454464 0.0953145 0.009386062 -0.9954029 0.0140115 0.001377642 -0.9999009 0.09391427 0.01868247 -0.995405 0.3195368 0.0635578 -0.9454401 0.01377612 0.002742052 -0.9999014 0.01272964 0.001254796 -0.9999183 0.01255375 0.002497553 -0.9999181 0.01348417 0.004079997 -0.9999008 0.01224178 0.00371623 -0.9999182 0.09166258 0.02779787 -0.995402 0.01182389 0.004899144 -0.9999181 0.01295286 0.005378842 -0.9999017 0.08844339 0.03664922 -0.9954068 0.3117498 0.0945726 -0.945446 0.3010021 0.1246748 -0.9454386 0.2873148 0.1535735 -0.9454445 0.08446496 0.04514092 -0.9954035 0.0124154 0.006625652 -0.9999011 0.07961273 0.05320268 -0.9954051 0.2708816 0.1809967 -0.9454435 0.01167786 0.007808804 -0.9999014 0.0112918 0.006034851 -0.9999181 0.01064419 0.007112443 -0.9999181 0.01086896 0.008916795 -0.9999012 0.0098899 0.00812155 -0.9999182 0.07401514 0.06075036 -0.9954051 0.009052634 0.009052395 -0.9999181 0.009912848 0.009939074 -0.9999015 0.0676856 0.06771445 -0.9954062 0.2518289 0.2066769 -0.9454454 0.2303762 0.2303652 -0.945441 0.2066712 0.2518386 -0.945444 0.06073564 0.07402336 -0.9954054 0.008901894 0.01086491 -0.9999014 0.05318653 0.07962387 -0.9954051 0.1810032 0.2708788 -0.945443 0.007790863 0.01168709 -0.9999014 0.008115828 0.009896218 -0.9999181 0.007109165 0.01064455 -0.9999181 0.006649136 0.0123955 -0.9999011 0.006028413 0.01129043 -0.9999181 0.04515725 0.08445209 -0.9954038 0.004905343 0.01182758 -0.9999181 0.005371212 0.01298558 -0.9999013 0.03664034 0.0884726 -0.9954046 0.1535702 0.2873187 -0.9454439 0.1246847 0.3009893 -0.9454413 0.0945667 0.311761 -0.9454429 0.02779489 0.09163647 -0.9954046 0.004081845 0.01345038 -0.9999013 0.01868844 0.09392905 -0.9954035 0.0635631 0.3195347 -0.9454403 0.002745687 0.01378524 -0.9999013 0.003711283 0.01225084 -0.9999181 0.002492249 0.01255601 -0.9999182 0.001370131 0.01398783 -0.9999013 0.001254498 0.01274049 -0.9999181 0.009376823 0.09530025 -0.9954045 0.1167386 0.586871 -0.8012207 0.1737 0.5726107 -0.801215 0.1587049 0.7978487 -0.5815929 0.2361412 0.7784579 -0.5815846 0.228991 0.5528274 -0.8012148 0.3113049 0.7515628 -0.5815863 0.2820751 0.5277218 -0.8012138 0.383476 0.717431 -0.5815831 0.3324401 0.4975268 -0.8012183 0.4519449 0.6763872 -0.5815894 0.3796072 0.4625529 -0.8012136 0.5160729 0.6288366 -0.5815784 0.4231194 0.4231139 -0.8012145 0.5752218 0.5752196 -0.5815859 0.4625563 0.3796046 -0.801213 0.6288332 0.5160741 -0.5815809 0.4975286 0.332438 -0.8012181 0.6763888 0.4519463 -0.5815865 0.5277225 0.2820702 -0.8012149 0.7174284 0.3834769 -0.5815859 0.5528258 0.2289853 -0.8012174 0.7515578 0.3113055 -0.5815925 0.572611 0.1736994 -0.8012149 0.7784598 0.2361434 -0.5815811 0.5868805 0.1167371 -0.8012139 0.7978512 0.1587034 -0.5815899 0.8095706 0.07973611 -0.581582 0.5954955 0.05865162 -0.8012148 0.5983785 0 -0.8012136 0.8134855 5.99913e-7 -0.5815853 0.5954962 -0.05865389 -0.8012142 0.8095689 -0.07973837 -0.5815841 0.5868757 -0.1167362 -0.8012176 0.7978515 -0.1587021 -0.5815899 0.5726159 -0.1736967 -0.801212 0.7784564 -0.236144 -0.5815856 0.5528266 -0.228989 -0.8012158 0.7515567 -0.3113104 -0.5815913 0.5277254 -0.2820726 -0.8012122 0.7174295 -0.3834783 -0.5815836 0.4975326 -0.3324378 -0.8012157 0.6763938 -0.451946 -0.5815808 0.4625593 -0.3796066 -0.8012102 0.6288374 -0.5160762 -0.5815746 0.4231164 -0.4231166 -0.8012146 0.5752172 -0.5752239 -0.5815863 0.3796065 -0.4625517 -0.8012146 0.5160744 -0.6288354 -0.5815783 0.332437 -0.4975287 -0.8012183 0.4519464 -0.6763828 -0.5815935 0.2820657 -0.5277189 -0.8012191 0.3834685 -0.7174335 -0.581585 0.2289934 -0.5528227 -0.8012173 0.3113063 -0.7515597 -0.5815896 0.1736932 -0.5726092 -0.8012176 0.2361379 -0.7784619 -0.5815805 0.1167424 -0.5868752 -0.8012171 0.1587066 -0.7978495 -0.5815914 0.05865389 -0.5954908 -0.8012182 0.07973414 -0.809567 -0.5815873 2.35846e-6 -0.5983731 -0.8012176 4.56416e-7 -0.8134828 -0.5815891 -0.05865126 -0.5954955 -0.8012149 -0.0797345 -0.8095732 -0.5815786 -0.1167368 -0.5868734 -0.8012193 -0.158703 -0.7978482 -0.5815942 -0.1737006 -0.572612 -0.8012138 -0.2361402 -0.7784635 -0.5815777 -0.2289902 -0.5528186 -0.801221 -0.3113074 -0.7515563 -0.5815935 -0.2820706 -0.5277175 -0.8012182 -0.3834775 -0.7174337 -0.5815789 -0.3324455 -0.4975304 -0.8012139 -0.4519463 -0.6763874 -0.5815882 -0.379614 -0.4625555 -0.8012089 -0.5160705 -0.6288385 -0.5815785 -0.4231148 -0.4231121 -0.8012179 -0.5752201 -0.575217 -0.5815904 -0.4625639 -0.3796079 -0.801207 -0.6288327 -0.5160772 -0.5815787 -0.4975324 -0.3324369 -0.8012161 -0.6763861 -0.4519481 -0.5815882 -0.7174295 -0.3834776 -0.581584 -0.5277227 -0.2820719 -0.8012142 -0.5528286 -0.2289863 -0.8012153 -0.7515585 -0.3113059 -0.5815916 -0.572615 -0.1737005 -0.8012118 -0.7784602 -0.2361437 -0.5815805 -0.5868813 -0.1167367 -0.8012135 -0.7978512 -0.1587036 -0.5815898 -0.5955033 -0.05864971 -0.8012091 -0.8095741 -0.07973587 -0.5815771 -0.5983781 0 -0.801214 -0.8134844 0 -0.581587 -0.595499 0.05865055 -0.8012122 -0.8095706 0.07973551 -0.5815821 -0.5868769 0.1167367 -0.8012166 -0.7978514 0.158703 -0.5815896 -0.5726153 0.1736989 -0.8012119 -0.7784585 0.2361431 -0.5815829 -0.5528272 0.2289881 -0.8012158 -0.7515574 0.3113099 -0.5815907 -0.5277165 0.2820726 -0.8012181 -0.7174279 0.3834777 -0.581586 -0.4975354 0.3324363 -0.8012146 -0.6763898 0.4519448 -0.5815864 -0.462552 0.3796061 -0.8012146 -0.6288275 0.5160778 -0.5815839 -0.4231145 0.4231141 -0.801217 -0.5752227 0.575216 -0.5815887 -0.3796122 0.4625478 -0.8012143 -0.5160701 0.6288341 -0.5815836 -0.3324337 0.4975301 -0.8012189 -0.4519421 0.6763919 -0.5815862 -0.2820739 0.5277227 -0.8012137 -0.3834775 0.7174304 -0.581583 -0.2289901 0.5528262 -0.8012158 -0.3113026 0.7515645 -0.5815854 -0.1737031 0.5726097 -0.8012149 -0.2361407 0.7784578 -0.581585 -0.2763355 0.9109625 -0.3062453 -0.3642954 0.879491 -0.3062427 -0.2893964 0.9540112 -0.07818174 -0.3815112 0.9210519 -0.07818305 -0.4487504 0.8395481 -0.3062388 -0.4699553 0.8792217 -0.07817572 -0.3815249 0.9210728 0.07787084 -0.2894011 0.9540354 0.07787019 -0.3645793 0.880167 0.3039543 -0.4699659 0.8792429 0.07787251 -0.2765504 0.9116672 0.3039453 -0.3128786 0.7553458 0.5758124 -0.2373344 0.7823849 0.5758006 -0.2329002 0.5622689 0.7934805 -0.4490957 0.840195 0.3039499 -0.3854063 0.7210449 0.5758092 -0.2868837 0.5367296 0.7934854 -0.1766715 0.5823951 0.7934755 -0.3381182 0.5060244 0.793483 -0.4542246 0.6797952 0.5758113 -0.5186697 0.6320053 0.5758048 -0.3860844 0.4704515 0.7934824 -0.4303442 0.4303367 0.7934824 -0.5781241 0.5781165 0.5758072 -0.6043787 0.7364383 0.3039491 -0.6736549 0.6736472 0.3039551 -0.5292769 0.7921339 0.3039571 -0.6324674 0.7706624 0.07787466 -0.7049652 0.7049536 0.07787555 -0.5538801 0.8289461 0.07787996 -0.5538713 0.8289237 -0.07818132 -0.5288781 0.791518 -0.3062471 -0.6324493 0.770646 -0.07818353 -0.6731334 0.6731271 -0.3062539 -0.7049394 0.7049451 -0.07818555 -0.6039087 0.7358714 -0.3062477 -0.7358643 0.603921 -0.3062404 -0.7706425 0.6324543 -0.07817721 -0.7915247 0.5288685 -0.3062466 -0.8289274 0.5538655 -0.0781821 -0.8395476 0.4487501 -0.3062403 -0.8792226 0.4699534 -0.07817566 -0.8289449 0.5538828 0.07787448 -0.7706627 0.6324678 0.07786953 -0.7921299 0.5292823 0.3039584 -0.8792432 0.4699654 0.07787215 -0.7364357 0.6043829 0.3039473 -0.6798044 0.4542216 0.5758027 -0.6319965 0.5186741 0.5758106 -0.5060382 0.3381194 0.7934738 -0.8401981 0.4490927 0.3039459 -0.7210556 0.3854063 0.5757958 -0.5367499 0.2868903 0.7934693 -0.4704383 0.3860948 0.7934853 -0.5622645 0.2329016 0.7934832 -0.7553447 0.3128758 0.5758153 -0.7823866 0.2373335 0.5757987 -0.5823931 0.1766682 0.7934775 -0.5969036 0.1187307 0.7934793 -0.8018714 0.1595035 0.5758135 -0.9116656 0.2765552 0.3039461 -0.9343783 0.1858621 0.3039612 -0.8801658 0.364579 0.3039579 -0.9540337 0.2894062 0.07787036 -0.9778077 0.1944961 0.07786911 -0.9210751 0.3815195 0.07786917 -0.9540124 0.2893944 -0.07817536 -0.9210508 0.3815144 -0.07818132 -0.8794898 0.3642967 -0.3062444 -0.9336624 0.1857146 -0.3062426 -0.9777834 0.1944932 -0.07817977 -0.9109637 0.2763369 -0.3062405 -0.9473691 0.09330755 -0.3062445 -0.9921389 0.09771752 -0.07817804 -0.9519526 -5.00998e-7 -0.3062456 -0.9969392 -6.41063e-7 -0.07818108 -0.9473692 -0.09330826 -0.3062438 -0.9921388 -0.09771788 -0.07817912 -0.9969636 0 0.07786917 -0.9921627 0.0977196 0.07787281 -0.9526858 0 0.3039569 -0.9921629 -0.09771847 0.07787144 -0.9480994 0.09338152 0.3039529 -0.8175786 0 0.575817 -0.8136516 0.08013761 0.575803 -0.6085933 0 0.7934825 -0.9481005 -0.09337961 0.3039504 -0.8136559 -0.08013713 0.575797 -0.6056758 -0.0596522 0.7934725 -0.6056767 0.05965274 0.7934716 -0.596904 -0.1187321 0.7934786 -0.8018676 -0.1595057 0.575818 -0.7823923 -0.2373277 0.5757933 -0.5823901 -0.1766657 0.7934803 -0.5622681 -0.2329035 0.79348 -0.7553459 -0.3128786 0.5758121 -0.9116685 -0.2765475 0.3039444 -0.8801665 -0.3645774 0.3039575 -0.9343793 -0.1858606 0.3039591 -0.9540347 -0.2894026 0.0778715 -0.921074 -0.3815209 0.07787507 -0.9778078 -0.1944956 0.0778687 -0.9540114 -0.2893965 -0.07817804 -0.9777834 -0.1944925 -0.07818126 -0.9336614 -0.1857147 -0.3062458 -0.8794862 -0.364298 -0.3062533 -0.9210492 -0.3815169 -0.0781874 -0.9109634 -0.2763373 -0.3062407 -0.8395477 -0.4487479 -0.3062432 -0.8792226 -0.4699525 -0.07818049 -0.791523 -0.5288718 -0.3062451 -0.8289247 -0.5538689 -0.07818633 -0.7706441 -0.6324523 -0.078179 -0.7358661 -0.6039177 -0.3062425 -0.673138 -0.673124 -0.3062506 -0.7049437 -0.7049404 -0.07818901 -0.6039099 -0.7358745 -0.3062378 -0.6324489 -0.7706471 -0.07817775 -0.6324673 -0.770663 0.07786965 -0.7049602 -0.7049592 0.07786977 -0.7706627 -0.6324678 0.07786947 -0.6736519 -0.6736496 0.3039563 -0.7921299 -0.5292825 0.3039578 -0.828947 -0.5538799 0.07787203 -0.8792439 -0.4699644 0.0778706 -0.8401998 -0.4490898 0.3039454 -0.6798014 -0.4542221 0.575806 -0.7210564 -0.3854041 0.5757965 -0.506035 -0.3381186 0.7934762 -0.6320031 -0.5186696 0.5758073 -0.7364397 -0.6043784 0.3039464 -0.4303387 -0.4303494 0.7934785 -0.5781231 -0.57812 0.5758046 -0.6043777 -0.7364382 0.3039516 -0.5186696 -0.6320036 0.5758069 -0.386098 -0.4704471 0.7934784 -0.4704428 -0.3860894 0.7934852 -0.3381217 -0.5060334 0.7934759 -0.4542319 -0.6797977 0.5758026 -0.3854043 -0.7210476 0.5758071 -0.286891 -0.5367398 0.793476 -0.2329013 -0.5622648 0.7934831 -0.3128775 -0.7553467 0.5758116 -0.4490895 -0.8401992 0.3039472 -0.3645787 -0.8801719 0.3039407 -0.529287 -0.7921334 0.3039408 -0.3815263 -0.9210729 0.07786166 -0.4699606 -0.8792459 0.07786965 -0.553883 -0.828946 0.07786029 -0.5538672 -0.8289263 -0.07818162 -0.5288757 -0.7915174 -0.306253 -0.4699569 -0.8792198 -0.07818645 -0.3642988 -0.879487 -0.3062501 -0.38151 -0.9210525 -0.07818251 -0.4487507 -0.8395462 -0.3062436 -0.2763348 -0.910965 -0.3062382 -0.2893947 -0.9540122 -0.07817614 -0.1857181 -0.9336581 -0.3062537 -0.1944915 -0.9777841 -0.0781762 -0.09330576 -0.9473743 -0.3062286 -0.09771585 -0.9921397 -0.07816946 -0.1944983 -0.9778074 0.07786709 -0.2894033 -0.9540342 0.07787525 -0.1858599 -0.9343821 0.303951 -0.09771925 -0.9921633 0.07786548 -0.2765493 -0.9116638 0.3039569 -0.1595032 -0.8018844 0.5757955 -0.2373322 -0.7823814 0.5758064 -0.1187384 -0.5969169 0.793468 -0.09337931 -0.948101 0.3039488 -0.08014082 -0.8136482 0.5758075 -0.05965363 -0.6056675 0.7934787 -0.1766626 -0.5823872 0.7934833 -6.40174e-7 -0.6085986 0.7934783 -1.19713e-6 -0.8175801 0.5758151 0.08013939 -0.8136476 0.5758085 0.0596525 -0.6056663 0.7934796 0.1187359 -0.5969107 0.7934731 0.1595017 -0.80188 0.5758019 0.09337997 -0.9481004 0.3039504 0.1858603 -0.9343813 0.3039533 -1.12204e-6 -0.9526827 0.3039667 0.09771966 -0.9921631 0.07786816 0.1944981 -0.9778072 0.0778703 -2.93317e-6 -0.9969632 0.07787543 0.09771561 -0.9921396 -0.07817208 0 -0.9969384 -0.078193 -2.55629e-7 -0.951951 -0.3062504 0.185718 -0.9336571 -0.3062568 0.1944918 -0.9777834 -0.07818287 0.09330511 -0.9473731 -0.3062328 0.2763343 -0.9109628 -0.3062452 0.2893937 -0.954012 -0.07818126 0.3642968 -0.8794872 -0.306252 0.3815122 -0.921052 -0.07817703 0.4487483 -0.839551 -0.3062338 0.4699569 -0.8792212 -0.07817059 0.381522 -0.9210753 0.07785493 0.2894037 -0.9540339 0.0778774 0.3645771 -0.8801715 0.3039434 0.4699637 -0.8792437 0.07787692 0.2765516 -0.9116595 0.3039676 0.3128773 -0.7553473 0.575811 0.237331 -0.7823784 0.5758108 0.2329007 -0.5622706 0.7934791 0.4490939 -0.8401926 0.303959 0.3854086 -0.7210457 0.5758066 0.2868815 -0.5367355 0.7934823 0.1766637 -0.5823909 0.7934803 0.3381255 -0.506035 0.7934732 0.4542276 -0.6798009 0.5758022 0.5186746 -0.6319991 0.5758073 0.3860896 -0.4704478 0.793482 0.4303444 -0.4303373 0.7934819 0.5781261 -0.5781151 0.5758066 0.6043793 -0.7364356 0.3039544 0.6736596 -0.673653 0.3039315 0.5292833 -0.792132 0.3039512 0.6324679 -0.7706624 0.0778706 0.7049593 -0.7049615 0.07785677 0.5538881 -0.828942 0.07786822 0.6324498 -0.7706465 -0.0781753 0.5538714 -0.8289238 -0.078179 0.5288817 -0.7915124 -0.3062554 0.6731316 -0.6731308 -0.3062498 0.7049438 -0.7049413 -0.07817947 0.6039105 -0.7358737 -0.3062385 0.7358687 -0.6039154 -0.306241 0.7706447 -0.6324515 -0.07818037 0.7915264 -0.5288691 -0.3062408 0.8289279 -0.5538653 -0.07817935 0.8395453 -0.4487503 -0.3062469 0.8792221 -0.4699537 -0.07818055 0.8792436 -0.4699646 0.07787197 0.828949 -0.5538764 0.07787442 0.7706614 -0.6324689 0.07787263 0.7921313 -0.5292808 0.3039569 0.7364374 -0.6043792 0.3039502 0.6798032 -0.4542202 0.5758053 0.6319969 -0.5186731 0.5758109 0.5060427 -0.3381114 0.7934744 0.8401944 -0.4490967 0.3039501 0.7210454 -0.3854094 0.5758065 0.5367251 -0.2868909 0.793486 0.4704306 -0.386094 0.7934901 0.5622604 -0.2328979 0.7934871 0.7553545 -0.3128735 0.5758035 0.7823839 -0.2373286 0.5758044 0.5823764 -0.176667 0.7934901 0.5969094 -0.1187295 0.793475 0.8018745 -0.1595031 0.5758091 0.9116668 -0.2765513 0.303946 0.9343802 -0.1858611 0.3039563 0.8801704 -0.3645744 0.30395 0.9778074 -0.194496 0.07787245 0.9540338 -0.2894054 0.07787263 0.9210761 -0.3815168 0.07787156 0.9210504 -0.3815149 -0.07818478 0.8794887 -0.3642964 -0.3062478 0.9540117 -0.2893962 -0.07817775 0.9336612 -0.1857167 -0.306245 0.9777826 -0.1944962 -0.07818359 0.9109629 -0.2763376 -0.3062419 0.9473699 -0.09330856 -0.3062414 0.9921388 -0.09771817 -0.0781784 0.9519529 4.05627e-7 -0.3062447 0.9969394 -6.34791e-7 -0.07817977 0.947369 0.09330844 -0.3062444 0.9921388 0.09771746 -0.07817929 0.9921627 0.09772008 0.07787203 0.996963 0 0.07787668 0.9921628 -0.09771865 0.07787185 0.952688 -1.03334e-6 0.30395 0.948102 -0.09337937 0.3039458 0.8175835 -1.5456e-6 0.57581 0.8136469 -0.08013808 0.5758095 0.6085979 -8.81496e-7 0.7934789 0.9481009 0.09337878 0.303949 0.8136463 0.08013767 0.5758106 0.6056573 0.05965286 0.7934864 0.6056515 -0.05965352 0.7934908 0.5969031 0.1187286 0.7934799 0.8018727 0.1595025 0.5758116 0.5824001 0.1766616 0.793474 0.7823902 0.23733 0.5757951 0.5622749 0.2329018 0.7934758 0.7553523 0.3128747 0.5758057 0.911667 0.2765499 0.3039468 0.8801652 0.3645789 0.3039602 0.9343821 0.1858602 0.3039509 0.9540345 0.2894036 0.07787072 0.9210741 0.3815218 0.07787102 0.9778064 0.1945005 0.07787376 0.9777835 0.1944926 -0.07818061 0.9336616 0.1857149 -0.3062448 0.9540114 0.2893965 -0.07817935 0.8794867 0.3642983 -0.3062512 0.9210494 0.3815166 -0.07818549 0.9109631 0.2763367 -0.3062422 0.8395481 0.4487487 -0.3062412 0.8792229 0.4699525 -0.07817703 0.7915238 0.5288718 -0.3062428 0.8289246 0.5538698 -0.07818162 0.7358689 0.6039161 -0.3062391 0.7706442 0.6324526 -0.07817578 0.8289472 0.55388 0.07786887 0.8792446 0.4699637 0.07786625 0.7921287 0.5292856 0.3039558 0.7706623 0.6324679 0.07787239 0.8402041 0.4490863 0.3039383 0.6797884 0.4542291 0.5758158 0.7210544 0.3854007 0.5758012 0.5060279 0.3381202 0.7934801 0.7364372 0.6043812 0.3039467 0.6320074 0.5186712 0.5758012 0.4704515 0.3860863 0.7934815 0.5367255 0.2868909 0.7934857 0.4303326 0.43035 0.7934814 0.5781159 0.5781216 0.5758103 0.5186766 0.6320036 0.5758004 0.3860943 0.4704509 0.793478 0.3381271 0.5060299 0.7934758 0.4542288 0.6797919 0.5758119 0.6043835 0.7364335 0.3039513 0.5292875 0.7921281 0.3039537 0.6736502 0.6736493 0.3039609 0.6324689 0.7706615 0.07787203 0.5538887 0.828942 0.07786285 0.7049626 0.7049566 0.07787233 0.6324489 0.7706472 -0.07817572 0.7049435 0.7049418 -0.07817775 0.6731395 0.6731268 -0.3062413 0.528874 0.7915199 -0.3062495 0.5538675 0.8289261 -0.07818251 0.6039097 0.7358747 -0.3062376 0.4487483 0.8395482 -0.3062416 0.469955 0.8792217 -0.07817685 0.3642961 0.8794894 -0.3062463 0.3815094 0.9210528 -0.0781815 0.2763382 0.9109625 -0.3062425 0.2893972 0.9540113 -0.07817924 0.3815194 0.9210751 0.07786983 0.4699598 0.8792462 0.07787227 0.3645763 0.8801678 0.3039551 0.2894033 0.9540348 0.07786875 0.4490898 0.8401981 0.3039497 0.3128788 0.7553468 0.5758109 0.3854089 0.7210484 0.5758032 0.2328985 0.5622708 0.7934798 0.276553 0.9116659 0.3039471 0.2373369 0.7823815 0.5758041 0.1766656 0.5823896 0.7934808 0.2868774 0.5367375 0.7934823 0.1187352 0.5969055 0.7934771 0.1595047 0.8018733 0.5758105 0.1858633 0.9343806 0.3039537 0.1945013 0.9778069 0.07786637 0.194492 0.9777836 -0.07818019 0.1857189 0.93366 -0.3062475 -0.536739 -0.286891 0.7934765 1.65924e-4 0.001707375 0.9999986 0.01826763 0.09196728 0.9955945 3.38766e-4 0.001682877 0.9999986 0.008412301 0.08545285 0.9963067 0.01675361 0.08421725 0.9963067 0.02492648 0.08216816 0.9963067 5.04489e-4 0.00164175 0.9999986 0.0272203 0.08973896 0.9955933 0.09167081 0.3021996 0.9488266 0.06161546 0.3097327 0.9488252 0.03095102 0.3142788 0.9488261 0.03286427 0.0793308 0.9963065 0.1208567 0.291762 0.948825 6.54894e-4 0.001585245 0.9999986 0.1488635 0.2785112 0.9488263 0.04047757 0.0757268 0.9963068 0.03587776 0.08663296 0.9955941 8.11415e-4 0.001513004 0.9999986 0.04419356 0.08270287 0.995594 0.1442845 0.348388 0.9261792 0.1777535 0.3325828 0.9261708 0.2095227 0.3135432 0.9261701 0.05208492 0.07796478 0.9955946 9.56086e-4 0.001426696 0.9999986 0.3909175 0.5850359 0.7105749 0.269254 0.6500699 0.7105712 0.3316826 0.6205631 0.7105548 0.512691 0.7672986 0.3852283 0.353145 0.8525763 0.3852303 0.4350081 0.8138647 0.3852171 0.1094714 0.3608733 0.9261677 0.2042533 0.673344 0.7105551 0.2678926 0.8830974 0.3851919 0.3808277 0.9193921 0.09843033 0.4691047 0.8776386 0.09844499 0.288874 0.9522966 0.09840363 0.3815011 0.9210412 0.07835841 0.4699484 0.8792093 0.07835501 0.3640861 0.878993 0.3079166 0.4485123 0.8390662 0.3079041 0.2893856 0.9539993 0.07836651 0.528582 0.7910713 0.3079078 0.5538577 0.8289166 0.07835185 0.5528699 0.8274324 0.0984416 0.450214 0.6737985 0.5859208 0.3101302 0.74868 0.5859161 0.3820213 0.7146771 0.5859151 0.3280683 0.4909908 0.8070311 0.2259929 0.5455657 0.8070225 0.2783645 0.5207893 0.8070265 0.2761813 0.9104456 0.307917 0.2352441 0.7754774 0.5859139 0.1714329 0.5650897 0.807022 0.1198196 0.2892525 0.9497244 0.1476072 0.2761145 0.9497227 0.09088307 0.2996048 0.9497249 0.0309152 0.07463127 0.9967319 0.03807747 0.07124292 0.996732 0.1739139 0.2603194 0.9497303 0.04485285 0.06717073 0.9967328 -0.001334369 -7.26981e-6 0.9999991 1.41166e-4 -7.71157e-6 1 -7.45032e-7 -8.07854e-6 1 -1.00274e-5 8.36681e-6 1 -3.13569e-5 2.53826e-6 1 1.6868e-6 -8.36702e-6 1 0.02342003 0.07730042 0.9967328 -1.86252e-6 -8.57599e-6 1 0.0157116 0.07922971 0.9967327 0.03068369 0.3115793 0.9497247 0.06112372 0.3070709 0.9497218 0.007915377 0.08039301 0.9967318 7.36794e-5 -8.70128e-6 1 0 0.08078265 0.9967318 0 -8.74395e-6 1 -0.007928311 0.08039343 0.9967317 -7.36797e-5 -8.70127e-6 1 1.86255e-6 -8.57597e-6 1 -0.01574414 0.07922857 0.9967322 -0.03069001 0.3115811 0.9497238 0 0.3130861 0.9497249 -0.09088152 0.299605 0.9497249 -0.061082 0.3070701 0.9497247 -0.02341616 0.0773037 0.9967327 0 -8.36685e-6 1 -0.03089499 0.07463443 0.9967324 7.45045e-7 -8.07862e-6 1 -0.03809779 0.07124292 0.9967312 1.06676e-5 -7.71126e-6 1 0.001336157 -7.27028e-6 0.9999992 -0.04485231 0.06716996 0.9967329 -0.1475743 0.2761142 0.9497277 -0.1198189 0.2892501 0.9497251 -0.1986035 0.2420168 0.9497287 -0.1739137 0.2603194 0.9497304 -0.05123418 0.06244552 0.9967325 -3.04125e-4 -6.7586e-6 1 -0.05710774 0.05712109 0.9967326 -5.8824e-5 -6.18299e-6 1 -0.0624383 0.05124545 0.9967324 -1.06073e-4 -5.54723e-6 1 -0.001302123 -4.85832e-6 0.9999992 -0.06717306 0.04488092 0.9967315 -0.2420336 0.1986182 0.9497213 -0.2214118 0.2213819 0.9497194 -0.2760926 0.147588 0.9497319 -0.2603133 0.1739399 0.9497274 -0.07122403 0.03808218 0.9967331 -2.15323e-5 -4.12172e-6 1 -0.07461196 0.0309143 0.9967334 -2.71712e-5 -3.34586e-6 1 -0.07728976 0.02344906 0.9967329 -9.8838e-6 -2.53811e-6 1 1.49011e-6 -1.70573e-6 1 -0.07921618 0.0157597 0.996733 -0.2996263 0.09088295 0.9497181 -0.2892334 0.1198118 0.9497312 -0.3115817 0.03068798 0.9497237 -0.3070945 0.06108045 0.949717 -0.08037835 0.007918119 0.996733 -3.16233e-4 -8.56948e-7 1 -0.08076804 0 0.996733 9.4027e-6 0 1 -0.08037102 -0.007917404 0.9967336 -3.2384e-5 8.57119e-7 1 -0.001300156 1.70602e-6 0.9999992 -0.07921558 -0.01575952 0.996733 -0.3115896 -0.03068834 0.9497211 -0.3130966 4.16525e-7 0.9497213 -0.2996205 -0.09088212 0.94972 -0.3070862 -0.06107842 0.9497197 -0.07729065 -0.02345031 0.9967328 3.68224e-5 2.53803e-6 1 -0.07460629 -0.03091281 0.9967339 0.001306235 3.3457e-6 0.9999992 -0.07122021 -0.03808009 0.9967336 1.0815e-5 4.12173e-6 1 -0.001305997 4.85799e-6 0.9999992 -0.0671935 -0.04488104 0.99673 -0.2760901 -0.1475847 0.9497332 -0.2892361 -0.1198134 0.9497301 -0.2420305 -0.1986194 0.9497219 -0.2603251 -0.1739367 0.9497246 -0.06247407 -0.05124568 0.9967302 2.82464e-4 5.54684e-6 1 -0.05712616 -0.0571236 0.9967314 -0.001329481 6.18278e-6 0.9999992 -0.05127239 -0.06244814 0.9967304 1.75064e-5 6.75868e-6 1 6.25498e-5 7.27015e-6 1 -0.04489177 -0.06716847 0.9967312 -0.1986065 -0.2420159 0.9497283 -0.2213845 -0.2213824 0.9497256 -0.1475737 -0.2761137 0.949728 -0.1738988 -0.260322 0.9497324 -0.03808999 -0.07124012 0.9967317 2.36341e-4 7.7114e-6 1 -0.03092563 -0.07463222 0.9967316 6.18102e-5 8.07848e-6 1 -0.02342867 -0.07730311 0.9967324 -1.13499e-4 8.57536e-6 1 -0.01570248 -0.07923066 0.9967327 -0.09085571 -0.29961 0.9497259 -0.1198126 -0.2892506 0.9497259 -0.03066897 -0.3115738 0.9497269 -0.06103152 -0.3070709 0.9497277 -0.007907807 -0.08039212 0.996732 -7.3682e-5 8.70135e-6 1 0 -0.08078491 0.9967316 0 8.74401e-6 1 0.007907807 -0.08039277 0.9967319 7.2725e-5 8.70161e-6 1 3.92328e-4 8.57548e-6 1 0.01570266 -0.07923173 0.9967325 0.03066813 -0.3115687 0.9497286 0 -0.3130785 0.9497273 0.09085601 -0.2996086 0.9497262 0.06103038 -0.3070655 0.9497295 0.02342897 -0.07730346 0.9967323 -1.57393e-4 8.36668e-6 1 0.0309264 -0.07463109 0.9967316 -7.45025e-7 8.07808e-6 1 0.03809207 -0.07124352 0.9967314 -6.82581e-5 7.71157e-6 1 -6.03111e-5 7.27006e-6 1 0.04489159 -0.0671696 0.9967312 0.1475738 -0.2761133 0.9497281 0.1198132 -0.2892522 0.9497252 0.1986028 -0.2420202 0.949728 0.1739007 -0.2603234 0.9497318 0.05126684 -0.06244784 0.9967308 3.25529e-4 6.75891e-6 1 0.05711436 -0.0571236 0.9967322 -1.49004e-6 6.18284e-6 1 0.06245547 -0.05124944 0.9967312 1.08476e-5 5.54627e-6 1 -3.01564e-5 4.85742e-6 1 0.06719291 -0.04488062 0.9967301 0.24206 -0.1986163 0.949715 0.2214214 -0.2213789 0.9497179 0.2760921 -0.147587 0.9497322 0.2603262 -0.1739371 0.9497243 0.0712198 -0.03808045 0.9967336 0 4.1217e-6 1 0.07461893 -0.03091263 0.996733 2.71766e-5 3.34616e-6 1 0.07730656 -0.02345037 0.9967316 0.001300156 1.70596e-6 0.9999992 0.07921791 -0.0157603 0.9967328 0.2996131 -0.09088283 0.9497222 0.2892456 -0.1198135 0.9497273 0.3115842 -0.03068834 0.949723 0.3070709 -0.0610795 0.9497247 0.08037108 -0.007917582 0.9967336 -3.03897e-4 8.57009e-7 1 0.08075845 1.26407e-7 0.9967338 -2.98014e-6 0 1 0.08037352 0.007917642 0.9967334 -1.08457e-5 -8.5697e-7 1 -2.98016e-6 -1.70566e-6 1 0.07921779 0.01576036 0.9967328 0.3115811 0.03068739 0.9497239 0.3130987 7.78485e-7 0.9497207 0.2995964 0.0908814 0.9497277 0.3070633 0.06107777 0.9497272 0.07729345 0.02344995 0.9967327 0 -2.53813e-6 1 0.07462924 0.03091281 0.9967322 -1.49006e-6 -3.34599e-6 1 0.07123774 0.03808122 0.9967322 -2.64882e-5 -4.12169e-6 1 0.001303017 -4.8581e-6 0.9999992 0.06717395 0.04488158 0.9967314 0.2761109 0.147585 0.9497271 0.2892484 0.1198126 0.9497265 0.2420328 0.1986175 0.9497216 0.2603113 0.1739385 0.9497281 0.06243979 0.05124676 0.9967322 -9.35544e-6 -5.54671e-6 1 0.05710911 0.05712205 0.9967325 5.88246e-5 -6.1833e-6 1 0.05123424 0.06244587 0.9967325 -1.60614e-5 -6.7587e-6 1 0.1986042 0.2420182 0.9497282 0.2214127 0.2213827 0.9497191 0.374623 0.4564743 0.8070247 0.4175587 0.4175622 0.8070233 0.4564859 0.3746188 0.8070201 0.6264255 0.514092 0.5859186 0.5140897 0.6264237 0.5859225 0.5730082 0.5730217 0.5859248 0.4909901 0.3280705 0.8070307 0.6738011 0.4502214 0.5859119 0.7146941 0.3820016 0.5859071 0.5207846 0.2783593 0.8070313 0.5455662 0.2259791 0.807026 0.7486853 0.3101145 0.5859175 0.7754738 0.2352394 0.5859206 0.5650756 0.1714187 0.8070349 0.5791653 0.1152034 0.807029 0.794799 0.1580941 0.5859189 0.8064669 0.07943123 0.5859197 0.5876733 0.05788052 0.8070254 0.5905019 9.73262e-7 0.8070363 0.8103574 9.7951e-7 0.585936 0.8064627 -0.07943028 0.5859258 0.5876715 -0.0578804 0.8070267 0.5791636 -0.1152033 0.8070302 0.7947937 -0.1580944 0.5859261 0.7754732 -0.2352412 0.5859206 0.5650803 -0.1714203 0.8070312 0.5455805 -0.2259795 0.8070163 0.7486858 -0.3101164 0.585916 0.7146907 -0.382004 0.5859097 0.5208019 -0.2783583 0.8070205 0.4909865 -0.3280707 0.8070328 0.6737909 -0.4502225 0.585923 0.6264277 -0.5140891 0.5859189 0.4564843 -0.3746091 0.8070256 0.4175665 -0.4175518 0.8070247 0.5729972 -0.573027 0.5859304 0.5140843 -0.6264228 0.5859283 0.3746331 -0.4564639 0.807026 0.3280661 -0.4909881 0.8070337 0.4502136 -0.6737985 0.585921 0.3820068 -0.7146871 0.5859123 0.2783634 -0.5207888 0.8070273 0.2259941 -0.5455628 0.8070242 0.3100971 -0.7486891 0.585922 0.2352404 -0.7754706 0.5859244 0.1714237 -0.5650819 0.8070294 0.1152305 -0.5791636 0.8070263 0.1581007 -0.7947969 0.58592 0.07943528 -0.8064651 0.5859216 0.05791258 -0.5876757 0.8070213 0 -0.5905171 0.8070251 0 -0.8103614 0.5859305 -0.07943505 -0.8064618 0.5859261 -0.05791312 -0.5876792 0.8070188 -0.115231 -0.5791661 0.8070245 -0.1581011 -0.7947984 0.5859177 -0.2352399 -0.7754702 0.5859251 -0.1714232 -0.5650822 0.8070292 -0.2259931 -0.5455605 0.8070259 -0.3100998 -0.7486843 0.5859265 -0.3820117 -0.7146813 0.5859162 -0.2783601 -0.5207836 0.8070318 -0.3280652 -0.4909881 0.807034 -0.4502154 -0.6738051 0.5859119 -0.5140858 -0.626434 0.5859149 -0.3746311 -0.4564605 0.8070287 -0.417565 -0.417549 0.8070269 -0.5730031 -0.5730311 0.5859206 -0.6264141 -0.5141001 0.5859237 -0.4564779 -0.3746057 0.8070307 -0.490983 -0.3280725 0.8070343 -0.6737778 -0.4502295 0.5859325 -0.7146887 -0.3820009 0.5859142 -0.5208064 -0.2783586 0.8070176 -0.5455793 -0.2259775 0.8070176 -0.7486835 -0.3101109 0.5859217 -0.7754669 -0.2352401 0.5859293 -0.5650841 -0.1714205 0.8070285 -0.5791622 -0.115204 0.8070311 -0.7947921 -0.1580959 0.5859277 -0.8064646 -0.07943004 0.585923 -0.5876704 -0.05788022 0.8070275 -0.5905059 -4.01712e-7 0.8070334 -0.8103571 0 0.5859364 -0.8064618 0.07942885 0.585927 -0.5876759 0.05788213 0.8070235 -0.5791615 0.1152042 0.8070317 -0.7947944 0.1580936 0.5859252 -0.7754692 0.2352404 0.5859262 -0.5650851 0.1714205 0.8070278 -0.5455769 0.2259777 0.8070192 -0.7486801 0.3101146 0.5859242 -0.7146919 0.382 0.5859109 -0.520792 0.2783603 0.8070263 -0.4909902 0.3280717 0.8070302 -0.6737987 0.4502195 0.5859162 -0.6264276 0.5140947 0.5859139 -0.4564838 0.3746178 0.8070217 -0.4175527 0.4175558 0.8070297 -0.5730113 0.5730234 0.58592 -0.5140891 0.6264218 0.5859251 -0.374623 0.456474 0.8070248 -0.3280692 0.4909923 0.8070298 -0.4502118 0.6737964 0.5859246 -0.3820192 0.7146738 0.5859203 -0.2783627 0.5207876 0.8070282 -0.2259936 0.5455667 0.8070216 -0.3101302 0.7486803 0.5859156 -0.2352443 0.7754761 0.5859155 -0.1714336 0.565088 0.8070229 -0.1152304 0.5791626 0.8070271 -0.1581043 0.7947952 0.5859214 -0.07942897 0.8064662 0.5859211 -0.05791217 0.5876649 0.8070292 1.77669e-7 0.5905093 0.8070309 0 0.8103712 0.5859168 0.07942909 0.8064674 0.5859193 0.05791217 0.5876643 0.8070298 0.1152299 0.5791594 0.8070294 0.1581044 0.7947957 0.5859205 0.0932576 0.946833 0.3079128 0.1856142 0.933132 0.3079157 0.09771621 0.9921244 0.0783618 0.1944807 0.9777706 0.07837188 -2.73499e-7 0.9514168 0.307906 -0.09771662 0.9921243 0.07836502 -1.19381e-7 0.9969248 0.07836478 -0.0932573 0.9468336 0.3079114 -0.1856141 0.9331316 0.3079169 -0.289386 0.9539997 0.07836079 -0.194481 0.9777715 0.07835829 -0.2761816 0.9104458 0.3079161 -0.364086 0.8789931 0.3079166 -0.4699488 0.8792091 0.07835501 -0.3815015 0.9210411 0.07835841 -0.448512 0.8390656 0.3079062 -0.5285822 0.7910731 0.3079032 -0.6324467 0.7706308 0.07835561 -0.5538576 0.8289166 0.07835185 -0.6035773 0.7354502 0.3079082 -0.6727488 0.6727536 0.3079151 -0.7706318 0.6324446 0.07836115 -0.7049279 0.7049373 0.078359 -0.7354533 0.6035662 0.3079229 -0.7910635 0.5285869 0.3079197 -0.8792095 0.4699473 0.07835942 -0.8289105 0.5538659 0.07835978 -0.8390724 0.4484955 0.3079115 -0.8789888 0.3640944 0.3079188 -0.9539986 0.2893897 0.07836025 -0.9210399 0.3815036 0.0783621 -0.9104477 0.2761787 0.3079128 -0.9331355 0.1856087 0.3079086 -0.9921247 0.09771466 0.07836055 -0.9777694 0.194491 0.07836079 -0.9468357 0.09325355 0.3079058 -0.9514128 1.31316e-6 0.3079186 -0.9921244 -0.09771609 0.07836216 -0.9969248 -6.21973e-7 0.07836496 -0.9468353 -0.09325343 0.3079071 -0.933137 -0.1856095 0.3079033 -0.9539972 -0.2893937 0.07836192 -0.9777691 -0.1944908 0.07836419 -0.9104518 -0.2761799 0.3079001 -0.8789907 -0.3640958 0.3079121 -0.8792094 -0.4699472 0.07836157 -0.9210374 -0.3815089 0.07836586 -0.8390721 -0.4484948 0.3079131 -0.7910706 -0.5285809 0.3079119 -0.7706333 -0.6324433 0.0783565 -0.8289099 -0.553866 0.07836318 -0.7354495 -0.6035756 0.3079133 -0.6727466 -0.6727555 0.3079158 -0.6324421 -0.7706339 0.07836133 -0.7049362 -0.7049292 0.07835739 -0.603571 -0.7354546 0.3079101 -0.5285645 -0.7910776 0.3079218 -0.4699451 -0.8792112 0.07835465 -0.5538588 -0.8289152 0.0783587 -0.4484984 -0.8390671 0.3079216 -0.3640834 -0.8789979 0.3079058 -0.2893961 -0.953997 0.07835674 -0.381498 -0.921043 0.07835173 -0.2761769 -0.9104506 0.3079059 -0.1856169 -0.9331336 0.3079094 -0.09770947 -0.9921253 0.07835906 -0.1944915 -0.9777694 0.07835805 -0.09325724 -0.9468308 0.3079201 -2.1735e-7 -0.9514143 0.3079137 0.09770983 -0.9921254 0.07835942 1.88621e-7 -0.9969264 0.07834452 0.09325736 -0.9468306 0.3079202 0.1856143 -0.9331328 0.3079133 0.289394 -0.9539971 0.07836186 0.194481 -0.977771 0.07836508 0.276183 -0.910447 0.3079112 0.3640745 -0.8789985 0.3079148 0.4699411 -0.8792127 0.0783599 0.3815022 -0.9210407 0.07835859 0.4485006 -0.8390687 0.3079139 0.5285813 -0.7910706 0.3079113 0.632449 -0.7706282 0.07836222 0.5538577 -0.8289161 0.07835859 0.6035782 -0.7354448 0.3079195 0.672746 -0.6727557 0.3079167 0.7706342 -0.6324423 0.07835769 0.7049355 -0.7049295 0.07836073 0.7354485 -0.6035774 0.307912 0.7910655 -0.5285859 0.3079164 0.8792092 -0.4699473 0.0783627 0.8289108 -0.5538645 0.07836318 0.8390712 -0.4484951 0.3079153 0.8789884 -0.3640953 0.3079189 0.9539976 -0.2893931 0.07836091 0.9210372 -0.3815101 0.0783624 0.9104492 -0.2761777 0.3079094 0.9331349 -0.1856101 0.3079097 0.9921245 -0.09771716 0.07836121 0.9777691 -0.1944918 0.07836246 0.9468351 -0.09325462 0.3079075 0.9514113 9.09855e-7 0.3079229 0.9921247 0.09771686 0.07835841 0.9969249 1.52091e-6 0.07836323 0.9468335 0.09325397 0.3079126 0.9331353 0.1856087 0.3079092 0.9539979 0.2893917 0.07836145 0.9777697 0.19449 0.07835912 0.9104507 0.2761785 0.307904 0.8789895 0.3640932 0.3079182 0.8792102 0.4699466 0.07835698 0.9210385 0.3815068 0.07836246 0.8390763 0.4484876 0.3079121 0.7910677 0.5285828 0.3079158 0.7706346 0.6324412 0.07836097 0.8289079 0.5538693 0.07836318 0.7354575 0.6035675 0.3079101 0.6727493 0.6727535 0.3079143 0.6324461 0.7706309 0.07835799 0.7049317 0.7049332 0.07836151 0.6035755 0.735448 0.307917 0.6313025 0.7692643 0.09843701 0.7036647 0.7036797 0.09844315 0.5854313 0.7133567 0.3852175 0.6525309 0.6525316 0.385235 0.4463723 0.5439199 0.7105652 0.7133377 0.5854468 0.3852291 0.7692502 0.6313197 0.09843623 0.8274304 0.5528734 0.09843814 0.7672961 0.5126923 0.3852316 0.8138681 0.4350072 0.3852109 0.8776416 0.4691007 0.09843671 0.9193942 0.3808212 0.09843623 0.8525782 0.3531455 0.3852255 0.8830922 0.2678831 0.3852103 0.9522934 0.2888738 0.09843373 0.9760214 0.1941438 0.09844082 0.9050863 0.1800345 0.3852353 0.9183817 0.09045588 0.385218 0.990351 0.09754419 0.09843772 0.995143 1.18528e-6 0.09843999 0.9228183 0 0.3852354 0.9183764 -0.09045445 0.3852308 0.990351 -0.09754395 0.09843963 0.9760218 -0.1941428 0.0984376 0.9050897 -0.1800327 0.3852285 0.883091 -0.2678825 0.3852133 0.9522937 -0.2888746 0.0984286 0.9193924 -0.3808256 0.09843492 0.8525786 -0.353143 0.3852272 0.8138624 -0.435015 0.3852143 0.8776365 -0.4691116 0.09843003 0.8274351 -0.5528665 0.09843641 0.7673071 -0.5126767 0.3852307 0.7133525 -0.5854344 0.3852206 0.7692509 -0.631318 0.09844142 0.7036647 -0.7036803 0.09843826 0.6525347 -0.6525354 0.3852219 0.5854328 -0.7133581 0.3852126 0.6313021 -0.7692646 0.09843695 0.5528694 -0.8274332 0.09843635 0.5126938 -0.7672944 0.3852328 0.4350082 -0.8138639 0.3852187 0.4690844 -0.8776493 0.09844702 0.3808271 -0.9193913 0.0984407 0.3531524 -0.8525698 0.3852378 0.2678869 -0.8830875 0.3852183 0.2888771 -0.9522945 0.09841388 0.1941366 -0.9760237 0.09843093 0.1800385 -0.9050872 0.3852315 0.0904563 -0.9183821 0.385217 0.09753203 -0.9903525 0.09843462 -1.47844e-7 -0.9951434 0.09843593 0 -0.9228226 0.3852252 -0.09045618 -0.9183802 0.3852215 -0.09753239 -0.9903526 0.09843462 -0.1941462 -0.9760213 0.09843599 -0.1800385 -0.9050872 0.3852315 -0.2678867 -0.8830856 0.3852228 -0.2888776 -0.9522923 0.09843438 -0.380819 -0.9193952 0.09843623 -0.3531537 -0.8525734 0.3852286 -0.4350101 -0.8138629 0.3852187 -0.4691042 -0.8776389 0.09844511 -0.5528697 -0.8274326 0.09844112 -0.5126774 -0.7673018 0.3852403 -0.5854306 -0.7133582 0.3852158 -0.6312995 -0.769268 0.09842675 -0.7036652 -0.7036795 0.09844076 -0.6525334 -0.6525329 0.3852286 -0.7133522 -0.5854348 0.3852205 -0.7692508 -0.6313182 0.0984413 -0.8274356 -0.5528663 0.09843409 -0.7673099 -0.5126792 0.3852214 -0.8138651 -0.4350155 0.3852081 -0.8776373 -0.46911 0.09843009 -0.9193933 -0.3808246 0.09843224 -0.8525778 -0.3531462 0.3852258 -0.8830906 -0.2678819 0.3852146 -0.9522958 -0.2888683 0.09842723 -0.976022 -0.1941419 0.09843766 -0.9050863 -0.1800339 0.3852358 -0.9183769 -0.09045302 0.3852303 -0.9903513 -0.09754222 0.09843707 -0.9951432 5.98288e-7 0.09843844 -0.9228194 -4.69945e-7 0.3852332 -0.9183805 0.09045439 0.3852213 -0.9903513 0.0975427 0.09843713 -0.9760214 0.1941437 0.09844082 -0.9050877 0.1800347 0.3852325 -0.8830949 0.2678783 0.3852071 -0.9522959 0.2888668 0.09842979 -0.9193925 0.3808246 0.09843862 -0.8525773 0.3531471 0.3852261 -0.8138637 0.4350156 0.3852111 -0.8776363 0.4691119 0.09843003 -0.8274319 0.5528721 0.0984326 -0.7672929 0.5126901 0.3852408 -0.7133566 0.585438 0.3852075 -0.7692489 0.631322 0.09843116 -0.703667 0.7036768 0.0984469 -0.6525421 0.6525223 0.3852319 -0.5854207 0.7133648 0.3852184 -0.6313023 0.7692644 0.09843701 -0.5528694 0.8274327 0.0984416 -0.5126916 0.7673003 0.3852242 -0.4350082 0.8138647 0.3852173 -0.4691046 0.8776387 0.09844499 -0.380827 0.9193923 0.09843093 -0.3531558 0.852577 0.3852186 -0.2678788 0.8830864 0.3852266 -0.2888681 0.9522951 0.09843474 -0.1941391 0.9760223 0.098441 -0.1800317 0.9050858 0.3852379 -0.0904563 0.9183856 0.3852085 -0.0975418 0.9903516 0.09843444 1.36322e-7 0.9951444 0.09842622 0 0.9228273 0.3852141 0.0904563 0.9183849 0.3852102 0.09754222 0.9903516 0.09843444 0.1941394 0.9760228 0.09843581 0.1800367 0.9050848 0.3852381 0.06897211 0.7002533 0.7105549 0.1372646 0.6900991 0.7105785 0.03697007 0.3752973 0.926167 0.07356208 0.3698457 0.9261766 2.406e-7 0.7036195 0.710577 -0.03697019 0.3752979 0.9261667 1.85025e-7 0.3770864 0.9261782 -0.06897211 0.7002521 0.710556 -0.1372671 0.6901108 0.7105667 -0.1094761 0.3608724 0.9261674 -0.07356321 0.3698518 0.9261739 -0.204261 0.6733356 0.7105607 -0.2692682 0.6500694 0.7105664 -0.1777519 0.3325804 0.926172 -0.1442866 0.3483926 0.9261772 -0.331679 0.620556 0.7105627 -0.3909187 0.5850377 0.7105727 -0.2392066 0.2915131 0.9261751 -0.2095219 0.3135423 0.9261705 -0.4463689 0.5439217 0.7105661 -0.4975574 0.4975323 0.7105619 -0.2915193 0.2392367 0.9261654 -0.2666608 0.2666383 0.9261729 -0.5439381 0.4463855 0.7105431 -0.585042 0.3909146 0.7105714 -0.3325498 0.1777718 0.9261792 -0.3135395 0.209504 0.9261755 -0.6205552 0.3316931 0.7105569 -0.6500604 0.2692666 0.7105752 -0.3608561 0.1094711 0.9261744 -0.3483898 0.1443084 0.9261748 -0.6733372 0.204257 0.7105604 -0.6901136 0.1372686 0.7105636 -0.3752821 0.03696322 0.9261733 -0.3698524 0.07356649 0.9261734 -0.7002551 0.06896853 0.7105535 -0.7036372 -3.75504e-7 0.7105595 -0.3752802 -0.03696334 0.9261742 -0.3771085 -2.72487e-7 0.9261691 -0.7002398 -0.06896913 0.7105684 -0.6901143 -0.137269 0.7105628 -0.3608556 -0.1094712 0.9261745 -0.3698694 -0.07356595 0.9261667 -0.6733189 -0.2042602 0.7105769 -0.6500626 -0.2692664 0.7105731 -0.3325659 -0.1777709 0.9261736 -0.3484036 -0.1443051 0.9261701 -0.6205458 -0.3316973 0.710563 -0.5850426 -0.3909148 0.7105708 -0.2914818 -0.2392384 0.9261767 -0.3135626 -0.2095009 0.9261684 -0.5439178 -0.4463817 0.710561 -0.4975581 -0.4975345 0.7105599 -0.2392253 -0.291513 0.9261703 -0.2666585 -0.2666451 0.9261716 -0.446371 -0.5439243 0.7105627 -0.3909198 -0.5850441 0.7105668 -0.1777579 -0.3325842 0.9261695 -0.2095421 -0.3135453 0.9261649 -0.3316709 -0.6205599 0.710563 -0.2692513 -0.6500649 0.7105769 -0.1094723 -0.3608757 0.9261666 -0.1442924 -0.3483838 0.9261795 -0.2042533 -0.6733428 0.7105563 -0.1372752 -0.6901044 0.7105713 -0.03695303 -0.3752957 0.9261683 -0.07356321 -0.3698467 0.926176 -0.06897681 -0.7002472 0.7105605 0 -0.7036315 0.710565 0.03695297 -0.3752942 0.9261689 -1.71001e-7 -0.3770857 0.9261784 0.06897687 -0.7002476 0.7105601 0.1372751 -0.6901044 0.7105712 0.1094723 -0.3608759 0.9261666 0.07356303 -0.3698458 0.9261764 0.204253 -0.6733424 0.7105568 0.2692522 -0.6500667 0.7105749 0.1777413 -0.3325881 0.9261713 0.1442959 -0.3483914 0.9261762 0.3316705 -0.6205587 0.7105643 0.3909159 -0.5850384 0.7105736 0.2392234 -0.2915112 0.9261714 0.2095393 -0.3135398 0.9261674 0.4463683 -0.5439215 0.7105665 0.4975579 -0.4975345 0.71056 0.2914862 -0.2392404 0.9261749 0.2666621 -0.2666396 0.9261721 0.5439351 -0.4463827 0.7105471 0.585045 -0.3909163 0.710568 0.3325638 -0.1777699 0.9261745 0.3135491 -0.2095035 0.9261724 0.6205446 -0.3316948 0.7105653 0.6500594 -0.2692654 0.7105766 0.3608564 -0.1094708 0.9261744 0.3484113 -0.1443053 0.9261672 0.673333 -0.2042586 0.710564 0.6901159 -0.137271 0.7105608 0.3752845 -0.03696411 0.9261724 0.3698543 -0.07356703 0.9261726 0.700255 -0.06897008 0.7105534 0.7036379 3.65265e-7 0.7105588 0.3752847 0.03696405 0.9261723 0.3771029 0 0.9261714 0.7002564 0.06896954 0.710552 0.69011 0.137268 0.7105672 0.3608747 0.1094708 0.9261672 0.3698478 0.07356542 0.9261754 0.6733341 0.2042574 0.7105633 0.6500558 0.2692641 0.7105803 0.3325653 0.1777701 0.9261739 0.3483967 0.1443061 0.9261725 0.6205565 0.3316904 0.7105569 0.5850453 0.3909168 0.7105675 0.2914857 0.2392401 0.9261751 0.3135523 0.2095057 0.9261709 0.5439344 0.4463868 0.7105451 0.4975607 0.4975369 0.7105564 0.2392268 0.2915149 0.9261693 0.2666621 0.2666394 0.9261721 0.05947566 0.07249039 0.9955943 0.06631016 0.06630271 0.9955938 0.001084566 0.001326143 0.9999986 0.001210451 0.001213312 0.9999986 0.0544812 0.06637376 0.9963064 0.06071537 0.06071794 0.9963067 0.04769682 0.07139599 0.996307 0.2003389 0.2441126 0.9488273 0.1754494 0.2625786 0.9488256 0.223306 0.2233053 0.9488252 0.2441071 0.2003397 0.9488287 0.06636971 0.0544719 0.9963072 0.07140189 0.04770559 0.9963063 0.2625899 0.1754491 0.9488225 0.001423776 9.53301e-4 0.9999986 0.001321136 0.00108838 0.9999986 0.07800102 0.05209422 0.9955914 0.07248783 0.05949151 0.9955935 0.08271676 0.04420542 0.9955922 0.001510083 8.0875e-4 0.9999986 0.08666682 0.03588175 0.9955911 0.001585185 6.56649e-4 0.9999986 0.07572096 0.04047679 0.9963072 0.07932978 0.03286021 0.9963067 0.2784886 0.1488659 0.9488325 0.2917743 0.1208506 0.9488219 0.302182 0.09167158 0.9488321 0.08216047 0.02492541 0.9963074 0.08422833 0.01674979 0.9963057 0.3097473 0.06160849 0.9488209 0.001683115 3.34197e-4 0.9999986 0.001639723 4.98019e-4 0.9999986 0.09197217 0.01829308 0.9955936 0.08974075 0.02722179 0.9955931 0.09332138 0.009191691 0.9955936 0.001712143 1.68405e-4 0.9999985 0.09377151 0 0.9955938 0.001719415 0 0.9999985 0.08545207 0.008415579 0.9963067 0.08586049 0 0.9963072 0.3142747 0.03095293 0.9488273 0.3157872 0 0.9488301 0.3142672 -0.03095322 0.9488298 0.08545529 -0.00841552 0.9963065 0.08421909 -0.01675146 0.9963065 0.3097261 -0.06160908 0.9488278 0.001683533 -3.35048e-4 0.9999986 0.00170964 -1.68401e-4 0.9999985 0.09198933 -0.01829332 0.9955919 0.09332233 -0.00919187 0.9955936 0.08973801 -0.0272215 0.9955933 0.001639723 -4.98743e-4 0.9999986 0.08666968 -0.03588312 0.9955908 0.00158441 -6.57216e-4 0.9999986 0.08216679 -0.02492338 0.9963069 0.07932943 -0.0328595 0.9963068 0.3021981 -0.09166979 0.9488272 0.2917575 -0.1208496 0.9488272 0.2785062 -0.148863 0.9488278 0.0757308 -0.04047274 0.9963067 0.07138961 -0.04770487 0.9963071 0.2625684 -0.1754477 0.9488287 0.001424252 -9.54127e-4 0.9999986 0.001512587 -8.09896e-4 0.9999986 0.07800233 -0.05209487 0.9955912 0.08271819 -0.04420614 0.9955921 0.07248795 -0.05949163 0.9955935 0.001327574 -0.00108993 0.9999985 0.0663104 -0.06630271 0.9955938 0.001215994 -0.001213312 0.9999985 0.06637519 -0.05446696 0.996307 0.06071472 -0.06071633 0.9963069 0.2441127 -0.2003355 0.9488281 0.223294 -0.2233026 0.9488286 0.2003379 -0.2441148 0.9488271 0.05447256 -0.06637465 0.9963068 0.04769849 -0.07139426 0.9963071 0.1754541 -0.2625777 0.948825 9.51309e-4 -0.001426696 0.9999986 0.001087069 -0.001326203 0.9999986 0.05212152 -0.07796484 0.9955927 0.05947536 -0.07249003 0.9955943 0.04421651 -0.08270514 0.9955927 8.08887e-4 -0.001513004 0.9999986 0.03588575 -0.08662945 0.9955941 6.5195e-4 -0.001585245 0.9999986 0.04047954 -0.07572722 0.9963067 0.03286033 -0.07933282 0.9963064 0.1488662 -0.2785075 0.9488269 0.1208545 -0.2917649 0.9488243 0.09166795 -0.3021933 0.9488289 0.02492654 -0.0821678 0.9963068 0.01675254 -0.08421629 0.9963067 0.06161689 -0.3097305 0.9488259 3.38932e-4 -0.001682877 0.9999986 4.9902e-4 -0.00164175 0.9999986 0.01828944 -0.09196621 0.9955942 0.0272265 -0.08973771 0.9955933 0.009185552 -0.0933271 0.9955931 1.67844e-4 -0.001707315 0.9999986 0 -0.0937671 0.9955942 -9.50097e-7 -0.001715838 0.9999986 0.008410215 -0.0854513 0.9963069 -1.78258e-6 -0.08586752 0.9963067 0.03094851 -0.3142756 0.9488272 -2.90189e-6 -0.3158013 0.9488254 -0.03095144 -0.3142752 0.9488273 -0.008417963 -0.0854519 0.9963067 -0.01675379 -0.08421784 0.9963066 -0.06161397 -0.3097343 0.9488248 -3.41078e-4 -0.001682877 0.9999986 -1.69246e-4 -0.001707315 0.9999986 -0.01828968 -0.0919677 0.995594 -0.009185671 -0.09332811 0.9955931 -0.02721995 -0.08973783 0.9955934 -5.00756e-4 -0.00164175 0.9999986 -0.03588664 -0.08663028 0.995594 -6.56078e-4 -0.001586139 0.9999986 -0.02493178 -0.08216607 0.9963068 -0.03285998 -0.07932752 0.996307 -0.0916714 -0.3021936 0.9488285 -0.1208487 -0.2917506 0.9488295 -0.1488776 -0.2785124 0.9488236 -0.04049062 -0.07572829 0.9963061 -0.04769814 -0.07139325 0.9963072 -0.1754422 -0.2625685 0.9488297 -9.51405e-4 -0.001427471 0.9999986 -8.10131e-4 -0.001513063 0.9999986 -0.05210572 -0.07796508 0.9955936 -0.04420852 -0.08270454 0.9955931 -0.059484 -0.07248878 0.9955938 -0.001089751 -0.001326203 0.9999986 -0.06629592 -0.0663045 0.9955946 -0.001211762 -0.001213312 0.9999986 -0.05447548 -0.06637644 0.9963065 -0.06071066 -0.06071722 0.9963071 -0.2003374 -0.2441207 0.9488257 -0.2233093 -0.2233066 0.9488242 -0.2441033 -0.200339 0.9488298 -0.06637006 -0.05447226 0.9963071 -0.07139283 -0.04770481 0.9963068 -0.2625831 -0.1754486 0.9488245 -0.001426458 -9.53306e-4 0.9999986 -0.001323103 -0.00108838 0.9999986 -0.07799428 -0.05209416 0.9955919 -0.0724793 -0.05949103 0.9955941 -0.0827164 -0.0442059 0.9955922 -0.001510024 -8.08734e-4 0.9999986 -0.08666747 -0.035883 0.9955909 -0.001587271 -6.56645e-4 0.9999985 -0.07572144 -0.04047721 0.9963072 -0.07933133 -0.03286004 0.9963067 -0.2784987 -0.1488653 0.9488296 -0.2917686 -0.1208516 0.9488235 -0.3021907 -0.0916711 0.9488294 -0.08216351 -0.02492558 0.9963072 -0.0842204 -0.016752 0.9963064 -0.3097488 -0.06160932 0.9488204 -0.001684367 -3.34751e-4 0.9999986 -0.001642823 -4.98019e-4 0.9999986 -0.09197103 -0.01829308 0.9955937 -0.0897262 -0.02722156 0.9955944 -0.09332364 -0.009191691 0.9955935 -0.001712024 -1.6816e-4 0.9999986 -0.09377509 0 0.9955935 -0.001719474 0 0.9999985 -0.08545202 -0.008416175 0.9963067 -0.08585971 0 0.9963073 -0.314275 -0.03095346 0.9488273 -0.3158061 0 0.9488238 -0.3142669 0.03095483 0.94883 -0.08544957 0.008419096 0.996307 -0.08422106 0.01675105 0.9963064 -0.3097373 0.06160813 0.9488242 -0.001682102 3.34948e-4 0.9999986 -0.001708805 1.68159e-4 0.9999986 -0.09197205 0.0182929 0.9955936 -0.09332197 0.009191751 0.9955936 -0.08973538 0.02722197 0.9955936 -0.00164169 4.98022e-4 0.9999986 -0.08667153 0.03588312 0.9955905 -0.001586437 6.57013e-4 0.9999986 -0.08218181 0.02492564 0.9963057 -0.07932591 0.03285849 0.9963071 -0.3022173 0.09167212 0.9488208 -0.2917497 0.1208474 0.9488298 -0.2785226 0.1488676 0.9488223 -0.07574301 0.04047459 0.9963056 -0.07139414 0.04770654 0.9963067 -0.2625777 0.175449 0.9488259 -0.001423776 9.54313e-4 0.9999986 -0.001510083 8.08736e-4 0.9999986 -0.0779854 0.05209505 0.9955925 -0.08270537 0.04420632 0.9955932 -0.07249128 0.05949163 0.9955933 -0.00132507 0.00108993 0.9999986 -0.06631386 0.06630599 0.9955933 -0.0012151 0.001214325 0.9999985 -0.06637477 0.05446815 0.9963071 -0.06071418 0.06071567 0.996307 -0.2441104 0.200336 0.9488285 -0.2232934 0.2233007 0.9488293 -0.2003327 0.2441102 0.9488293 -0.05448222 0.06636881 0.9963067 -0.04771149 0.07139438 0.9963064 -0.1754512 0.2625736 0.9488267 -9.56374e-4 0.001426875 0.9999985 -0.001093327 0.00132811 0.9999985 -0.05208462 0.07796412 0.9955947 -0.05946844 0.07249164 0.9955945 -0.04419952 0.08270192 0.9955937 -8.05131e-4 0.001513004 0.9999986 -0.0358771 0.08663153 0.9955943 -6.54473e-4 0.001586139 0.9999986 -0.04047119 0.07572978 0.9963067 -0.03285604 0.07932764 0.996307 -0.1488577 0.2785086 0.9488279 -0.1208438 0.291752 0.9488295 -0.09167224 0.3022044 0.9488249 -0.02493184 0.08216923 0.9963065 -0.01675462 0.08421397 0.9963068 -0.06160908 0.3097224 0.9488289 -3.3235e-4 0.001683831 0.9999986 -4.91971e-4 0.00164169 0.9999986 -0.01828247 0.09196966 0.995594 -0.0272268 0.08973854 0.9955931 -0.009187102 0.09332489 0.9955934 -1.65975e-4 0.001707375 0.9999986 0 0.0937649 0.9955945 -1.51956e-6 0.001715838 0.9999986 -0.008423447 0.08545362 0.9963065 -1.55409e-6 0.08586752 0.9963067 -0.03095811 0.3142835 0.9488244 -3.36292e-6 0.3158048 0.9488242 0.05770736 0.5859494 0.8082904 -2.42057e-6 0.5887882 0.8082874 -0.05770891 0.5859526 0.8082879 0.07895112 0.8016347 0.5925779 -1.12182e-6 0.8055151 0.5925753 -0.07895374 0.8016382 0.5925728 -0.1148672 0.5774701 0.8082907 -0.1571453 0.7900365 0.5925772 -0.09284991 0.9427161 0.3204141 -0.1848067 0.9290718 0.320425 -2.1033e-7 0.9472743 0.3204242 -0.09758555 0.9908089 0.09367448 -0.1942375 0.9764705 0.09368705 -3.73806e-7 0.9956 0.09370583 0.09284871 0.9427155 0.3204164 0.09758901 0.9908089 0.09367078 0.09783416 0.993304 -0.06144624 -0.0978316 0.9933051 -0.06143325 0 0.9981117 -0.06142717 1.8835e-6 0.9591308 -0.2829633 -0.09401267 0.9545188 -0.2829409 0.187121 0.9407061 -0.2829449 0.09401088 0.9545168 -0.2829483 0.1942312 0.9764717 0.09368741 0.1947214 0.9789333 -0.06142741 0.2897391 0.9551322 -0.06143158 0.2890101 0.9527311 0.09368425 0.184804 0.929073 0.3204229 0.3625062 0.8751682 0.3204213 0.3810026 0.9198156 0.09368234 0.3819558 0.9221364 -0.06143516 0.4693366 0.8780369 0.0936715 0.4705178 0.8802487 -0.06144368 0.3670414 0.8861257 -0.2829523 0.278423 0.9178362 -0.2829444 0.5328624 0.7974943 -0.2829497 0.4521346 0.8458817 -0.2829462 0.5531292 0.8278104 0.09369122 0.5545191 0.8299009 -0.06142705 0.6332032 0.7715438 -0.06143236 0.6316168 0.7695999 0.09368228 0.5262717 0.7876318 0.3204284 0.6698253 0.6698263 0.3204165 0.7039968 0.7039975 0.09368085 0.7057675 0.7057752 -0.06143063 0.7696197 0.6315926 0.09368276 0.7715529 0.6331918 -0.06143563 0.6782115 0.6782095 -0.2829508 0.6084697 0.7414212 -0.2829474 0.7974916 0.5328668 -0.2829489 0.741416 0.6084773 -0.2829448 0.8278108 0.5531297 0.09368473 0.829899 0.5545215 -0.06143188 0.8802608 0.4704965 -0.0614326 0.8780464 0.469316 0.09368628 0.7876217 0.5262872 0.3204278 0.8751693 0.3625053 0.3204193 0.9198163 0.3810017 0.09368026 0.9221314 0.3819673 -0.06143832 0.9527345 0.2889996 0.09368109 0.9551354 0.2897289 -0.06143045 0.8861232 0.3670454 -0.2829551 0.8458805 0.4521357 -0.282948 0.9407041 0.1871194 -0.2829528 0.9178386 0.2784201 -0.2829395 0.9764717 0.1942331 0.0936833 0.9789322 0.1947252 -0.06143194 0.9933054 0.09783035 -0.06142967 0.9908083 0.09758645 0.09368079 0.9290723 0.1848064 0.3204235 0.9427165 0.09284883 0.3204134 0.9472739 -4.19757e-7 0.3204252 0.9956021 -3.76037e-7 0.09368318 0.9981111 6.0161e-7 -0.06143569 0.9908084 -0.09758567 0.09367948 0.9933052 -0.09783196 -0.06143015 0.959134 3.49691e-7 -0.2829524 0.9545194 0.09400963 -0.2829399 0.9407039 -0.1871205 -0.2829524 0.9545186 -0.09401154 -0.2829418 0.9789321 -0.194725 -0.06143534 0.9764714 -0.1942331 0.09368669 0.9551334 -0.2897354 -0.06142896 0.952732 -0.2890076 0.09368175 0.9290706 -0.184808 0.3204276 0.9198155 -0.3810027 0.093683 0.9064869 -0.27498 0.3204181 0.8751663 -0.3625073 0.3204258 0.9221326 -0.3819651 -0.06143426 0.8780428 -0.4693242 0.09367954 0.8802575 -0.4705026 -0.06143385 0.8861234 -0.3670474 -0.2829517 0.9178377 -0.2784197 -0.2829424 0.7974936 -0.5328633 -0.2829499 0.8458845 -0.4521316 -0.2829424 0.8299011 -0.554519 -0.06142425 0.8278135 -0.5531253 0.09368783 0.7715463 -0.6332004 -0.06143057 0.7696118 -0.6316022 0.09368145 0.7876268 -0.5262816 0.3204244 0.8354185 -0.4465463 0.3204253 0.6698218 -0.6698265 0.3204237 0.704 -0.7039936 0.09368628 0.7057678 -0.7057747 -0.06143212 0.6316108 -0.7696053 0.09367811 0.6331987 -0.771547 -0.06143909 0.6782089 -0.6782129 -0.2829489 0.7414175 -0.608474 -0.282948 0.5328666 -0.7974918 -0.2829487 0.6084683 -0.7414206 -0.2829523 0.5531241 -0.8278158 0.0936743 0.5545157 -0.8299022 -0.06144022 0.4705176 -0.880249 -0.06144034 0.4693354 -0.878038 0.0936678 0.5262734 -0.787633 0.3204228 0.3625065 -0.8751725 0.3204094 0.3810012 -0.9198153 0.09369093 0.3819558 -0.9221369 -0.06142967 0.2890113 -0.9527319 0.09367173 0.2897416 -0.9551308 -0.061441 0.3670414 -0.886124 -0.2829576 0.4521366 -0.8458864 -0.2829291 0.1871189 -0.9407066 -0.282945 0.2784237 -0.9178334 -0.2829524 0.1942295 -0.9764712 0.09369689 0.1947197 -0.9789335 -0.06142944 0.09783524 -0.9933036 -0.06145215 0.09759062 -0.9908095 0.09366309 0.1848015 -0.929073 0.3204243 1.40019e-7 -0.9472691 0.3204392 0 -0.9956001 0.09370458 0 -0.9981119 -0.06142318 -0.09759074 -0.9908095 0.09366303 -0.09783518 -0.9933035 -0.06145262 0 -0.9591372 -0.2829416 0.09401196 -0.954516 -0.2829505 -0.1871188 -0.9407033 -0.2829557 -0.09401214 -0.9545167 -0.2829478 -0.1942278 -0.9764716 0.09369575 -0.1947196 -0.9789335 -0.06142944 -0.2897388 -0.9551318 -0.06143832 -0.2890071 -0.9527327 0.09367656 -0.1848018 -0.9290723 0.3204266 -0.3625151 -0.875167 0.3204147 -0.3810113 -0.9198116 0.09368622 -0.3819593 -0.922135 -0.06143581 -0.469326 -0.8780424 0.09367316 -0.4705054 -0.8802565 -0.06142669 -0.3670412 -0.8861255 -0.2829529 -0.2784237 -0.9178327 -0.2829545 -0.5328714 -0.7974897 -0.282946 -0.4521364 -0.8458852 -0.2829331 -0.5531306 -0.827811 0.09367859 -0.5545203 -0.8298997 -0.06143158 -0.6331859 -0.7715575 -0.06143796 -0.6315925 -0.7696193 0.09368735 -0.5262827 -0.7876271 0.3204216 -0.6698247 -0.6698256 0.3204193 -0.7039968 -0.7039961 0.09369117 -0.7057707 -0.705772 -0.06143027 -0.7696204 -0.6315925 0.09367775 -0.7715531 -0.6331919 -0.06143188 -0.6782108 -0.6782108 -0.2829493 -0.6084653 -0.7414219 -0.2829552 -0.7974889 -0.5328709 -0.2829493 -0.7414202 -0.6084724 -0.2829444 -0.8278124 -0.5531281 0.0936802 -0.8298996 -0.5545208 -0.06142985 -0.8458783 -0.452138 -0.2829511 -0.8780512 -0.4693079 0.09368139 -0.8802611 -0.4704966 -0.06142908 -0.7876275 -0.5262814 0.3204228 -0.875169 -0.362505 0.3204209 -0.9198155 -0.3810017 0.09368759 -0.9221317 -0.3819682 -0.06143087 -0.9527345 -0.289 0.09368038 -0.9551351 -0.2897293 -0.06143236 -0.8861266 -0.3670412 -0.2829495 -0.9407039 -0.1871212 -0.2829523 -0.9178358 -0.2784214 -0.2829468 -0.9764723 -0.1942303 0.0936827 -0.9789323 -0.1947239 -0.0614345 -0.9933053 -0.09783071 -0.06143188 -0.9908086 -0.09758234 0.09368062 -0.9290716 -0.1848059 0.320426 -0.9472743 -7.23031e-7 0.3204239 -0.9956018 -1.42061e-7 0.0936858 -0.9981114 0 -0.06143009 -0.9908086 0.09758305 0.09368097 -0.9933053 0.09783077 -0.06143248 -0.9591349 4.95596e-7 -0.2829492 -0.9545186 -0.0940119 -0.2829419 -0.9407033 0.1871219 -0.2829539 -0.9545186 0.09401106 -0.2829425 -0.9764727 0.1942293 0.09368145 -0.9789327 0.1947231 -0.06143236 -0.9551324 0.2897381 -0.0614323 -0.952731 0.2890122 0.0936793 -0.9290711 0.184806 0.3204271 -0.8751696 0.3625032 0.3204212 -0.9198169 0.3809994 0.09368181 -0.9221331 0.3819642 -0.06143301 -0.8780441 0.4693213 0.09368157 -0.8802567 0.4705044 -0.06143045 -0.8861244 0.3670458 -0.2829504 -0.9178375 0.2784205 -0.2829426 -0.7974936 0.5328626 -0.2829514 -0.8458806 0.452137 -0.2829459 -0.8299008 0.5545184 -0.06143379 -0.8278113 0.5531281 0.09369021 -0.7715472 0.6331992 -0.06143063 -0.7696155 0.6315986 0.09367662 -0.7876296 0.5262777 0.3204237 -0.6698181 0.6698307 0.3204225 -0.7039977 0.7039957 0.09368777 -0.7057736 0.7057692 -0.06143009 -0.6009467 0.7322561 0.3204122 -0.6316012 0.7696127 0.09368264 -0.6331904 0.7715544 -0.06143254 -0.6782121 0.6782068 -0.2829556 -0.7414174 0.6084765 -0.282943 -0.5328663 0.7974926 -0.2829473 -0.6084668 0.7414242 -0.2829461 -0.55452 0.8299003 -0.06142669 -0.5531311 0.8278091 0.09369158 -0.4705081 0.8802544 -0.06143754 -0.4693222 0.8780443 0.09367394 -0.5262749 0.7876287 0.3204306 -0.3625112 0.8751666 0.3204201 -0.3810056 0.9198148 0.09367841 -0.3819623 0.9221339 -0.0614317 -0.2890056 0.9527334 0.093674 -0.2897305 0.9551346 -0.06143325 -0.3670458 0.8861246 -0.2829501 -0.4521333 0.8458809 -0.2829508 -0.1871196 0.9407029 -0.2829564 -0.2784162 0.9178383 -0.2829442 -0.1947239 0.978933 -0.06142503 -0.1631978 0.8204614 -0.5479139 -0.2428296 0.8005201 -0.5479064 -0.08199548 0.8325119 -0.5479058 -0.1260035 0.6334699 -0.7634389 -0.1874938 0.6180748 -0.7634329 -0.3201258 0.7728566 -0.5479164 -0.2471675 0.5967168 -0.7634379 -0.1522623 0.3675941 -0.9174371 -0.07761865 0.390233 -0.9174387 -0.1155036 0.380752 -0.917435 -0.3761566 0.9080868 0.1840783 -0.1917433 0.9640282 0.184077 -0.2853069 0.9406862 0.1836013 -0.06330567 0.642781 -0.7634298 -0.0389977 0.3959699 -0.9174351 0.0979042 -0.9940207 -0.04834997 0.1948059 -0.979601 -0.04932206 0.2899603 -0.9558166 -0.04835015 6.91969e-6 0 -1 3.68769e-6 0 -1 8.9907e-6 0 -1 0.3822278 -0.9227511 -0.04931938 0.4708901 -0.8808659 -0.04835081 1.47506e-6 0 -1 -0.4634924 0.8668699 0.1836064 -0.1875625 0.3509023 -0.9174355 -0.546001 0.8173118 0.184077 -0.2210394 0.3308286 -0.9174389 0.5549027 -0.830452 -0.0493226 -0.2524183 0.3075667 -0.9174355 -0.6236126 0.7598664 0.1836038 0.6336816 -0.7720815 -0.0483523 -4.25827e-6 0 -1 0 0 -1 2.12912e-6 0 -1 0.70623 -0.7062624 -0.049322 0.7721022 -0.6336563 -0.04835218 -2.95017e-6 0 -1 -0.695038 0.6950082 0.184081 -0.7599797 0.6234708 0.1836166 -0.3075804 0.2524142 -0.917432 -0.281345 0.2813459 -0.9174364 -0.8172393 0.5461099 0.184076 -0.3308179 0.2210506 -0.9174401 0.8304782 -0.554863 -0.04932534 -0.3509092 0.187561 -0.9174332 -0.8669428 0.463356 0.1836069 0.8808944 -0.4708366 -0.04835158 -2.12913e-6 0 -1 2.95016e-6 0 -1 2.12913e-6 0 -1 0.9227605 -0.3822045 -0.04932403 0.9558204 -0.2899476 -0.04835093 0 0 -1 -0.9080795 0.3761773 0.1840713 -0.9406898 0.2852874 0.1836135 -0.3807537 0.1155 -0.9174348 -0.3675826 0.1522635 -0.9174415 -0.9640236 0.1917662 0.1840766 -0.3902245 0.07762336 -0.9174419 0.9795886 -0.1948679 -0.04932099 -0.3959729 0.03899914 -0.9174337 -0.9782663 0.09634155 0.1836121 0.9940206 -0.09790581 -0.04834902 -6.50831e-7 0 -1 2.95015e-6 0 -1 4.25825e-6 0 -1 0.9987832 0 -0.049317 0.9940208 0.09790194 -0.04835087 2.95014e-6 0 -1 -0.9829124 0 0.1840741 -0.9782662 -0.09634184 0.1836125 -0.3959742 -0.03899925 -0.9174332 -0.397881 0 -0.9174371 -0.9640208 -0.1917812 0.1840758 -0.3902255 -0.0776233 -0.9174414 0.9795942 0.1948388 -0.04932677 -0.3807652 -0.1154994 -0.9174301 -0.9406896 -0.285288 0.1836131 0.9558221 0.2899418 -0.04835122 -2.1291e-6 0 -1 0 0 -1 0 0 -1 0.9227415 0.3822511 -0.04931914 0.8808845 0.4708554 -0.0483489 0 0 -1 -0.9080953 -0.3761407 0.1840691 -0.8669231 -0.4633952 0.1836013 -0.3508998 -0.1875618 -0.9174366 -0.3675994 -0.1522611 -0.9174351 -0.8172392 -0.5461102 0.1840755 -0.3308151 -0.2210515 -0.9174408 0.8304786 0.5548625 -0.04932534 -0.3075829 -0.2524152 -0.9174309 -0.7599424 -0.6235173 0.183613 0.7721132 0.6336429 -0.04835188 -2.12911e-6 0 -1 -2.95011e-6 0 -1 4.25828e-6 0 -1 0.706263 0.7062292 -0.04932504 0.6336617 0.7720978 -0.04835069 2.95017e-6 0 -1 -0.6950013 -0.6950454 0.1840794 -0.6236958 -0.7597975 0.1836071 -0.2524163 -0.3075686 -0.9174354 -0.2813419 -0.2813457 -0.9174374 -0.5459958 -0.8173152 0.1840773 -0.2210402 -0.3308277 -0.917439 0.5548844 0.8304639 -0.04932737 -0.1875757 -0.3509071 -0.9174311 -0.4635282 -0.8668503 0.1836087 0.4707761 0.8809269 -0.04835045 3.78406e-6 0 -1 4.42525e-6 0 -1 0 0 -1 0.3821487 0.9227839 -0.04932081 0.289967 0.9558145 -0.04835128 7.37519e-7 0 -1 -0.3761569 -0.9080869 0.1840764 -0.2853059 -0.9406861 0.1836035 -0.1155027 -0.3807492 -0.9174363 -0.1522598 -0.3675941 -0.9174376 -0.1917304 -0.9640312 0.1840749 -0.07761985 -0.3902344 -0.9174379 0.1948361 0.9795949 -0.0493232 -0.03899914 -0.3959699 -0.9174351 -0.09635305 -0.9782668 0.1836033 0.09790372 0.9940208 -0.04834944 2.66143e-6 0 -1 4.97848e-6 0 -1 0 0 -1 0 0.9987829 -0.04932224 -0.0979036 0.9940208 -0.04834908 -4.97841e-6 0 -1 -3.62074e-7 -0.9829116 0.1840784 0.09635198 -0.9782674 0.1836012 0.03899896 -0.3959687 -0.9174355 0 -0.3978839 -0.9174359 0.1917308 -0.9640308 0.1840767 0.07761979 -0.3902371 -0.9174368 -0.1948364 0.9795948 -0.04932367 0.1155033 -0.3807509 -0.9174355 0.2853065 -0.9406866 0.1835999 -0.2899681 0.9558141 -0.04835063 -6.3874e-6 0 -1 -1.47508e-6 0 -1 -1.06457e-6 0 -1 -0.3821766 0.9227721 -0.0493229 -0.4707956 0.8809162 -0.04835343 1.4751e-6 0 -1 0.3761463 -0.9080916 0.184075 0.4634558 -0.8668884 0.1836117 0.1875706 -0.3509041 -0.9174332 0.1522569 -0.3675936 -0.9174382 0.5460062 -0.8173083 0.184077 0.2210416 -0.3308298 -0.9174379 -0.5547933 0.8305249 -0.04932469 0.252413 -0.307563 -0.9174382 0.6236954 -0.7597978 0.1836066 -0.6336778 0.7720845 -0.0483523 4.73245e-6 0 -1 -2.95017e-6 0 -1 -4.25828e-6 0 -1 -0.7062629 0.7062295 -0.04932326 -0.7721046 0.6336535 -0.04834961 0 0 -1 0.6950016 -0.6950457 0.1840772 0.7599431 -0.6235169 0.1836116 0.3075801 -0.2524136 -0.9174322 0.281336 -0.2813454 -0.9174393 0.8172258 -0.5461315 0.1840725 0.3308079 -0.221051 -0.9174435 -0.8304779 0.5548635 -0.04932588 0.3509083 -0.1875602 -0.9174337 0.8669433 -0.4633561 0.1836044 -0.8808884 0.4708483 -0.0483489 2.12912e-6 0 -1 -1.30165e-6 0 -1 -0.9227477 0.3822365 -0.04931682 -0.9558264 0.2899279 -0.04835301 2.95016e-6 0 -1 0.9080909 -0.3761504 0.1840702 0.9406856 -0.2852988 0.1836169 0.3807545 -0.1154997 -0.9174345 0.3675878 -0.1522635 -0.9174394 0.9640207 -0.1917808 0.1840766 0.3902231 -0.07762289 -0.9174426 -0.9795947 0.1948366 -0.04932624 0.3959743 -0.03899937 -0.917433 0.9782661 -0.09634274 0.1836123 -0.9940208 0.09790211 -0.04835021 2.12912e-6 0 -1 -2.9502e-6 0 -1 -4.2583e-6 0 -1 -0.9987833 -1.30925e-7 -0.04931634 -0.9940205 -0.09790915 -0.04834496 -2.95017e-6 0 -1 0.982912 2.01566e-7 0.1840763 0.9782679 0.09635508 0.1835961 0.395966 0.03899919 -0.9174366 0.3978819 0 -0.9174368 0.9640251 0.191756 0.1840793 0.3902298 0.0776236 -0.9174395 -0.9795889 -0.1948673 -0.04932004 0.3807564 0.1154989 -0.9174337 0.9406669 0.2853658 0.1836093 -0.9558272 -0.2899245 -0.04835611 6.50825e-7 0 -1 -1.30166e-6 0 -1 -0.9227486 -0.3822345 -0.04931658 -0.8808797 -0.4708647 -0.04834794 0.9080883 0.3761578 0.1840677 0.8669742 0.4632968 0.1836077 0.3509054 0.1875599 -0.9174348 0.3675943 0.1522626 -0.917437 0.8172329 0.5461204 0.1840741 0.3308196 0.2210509 -0.9174394 -0.8304786 -0.5548625 -0.04932653 0.3075655 0.2524142 -0.917437 0.7598693 0.62361 0.1836007 -0.7721046 -0.6336537 -0.04834938 2.12913e-6 0 -1 0 0 -1 -6.38737e-6 0 -1 -0.7062308 -0.7062617 -0.04932051 -0.6336894 -0.7720751 -0.04835194 -5.90029e-6 0 -1 0.6950056 0.6950414 0.1840783 0.6236672 0.7598205 0.1836088 0.2524234 0.3075686 -0.9174335 0.2813391 0.2813464 -0.917438 0.5460059 0.8173088 0.1840758 0.221039 0.3308284 -0.917439 -0.5548576 -0.8304821 -0.04932159 0.1875624 0.3509018 -0.9174357 0.4634565 0.8668888 0.1836078 -0.4709106 -0.8808551 -0.04834973 2.12914e-6 0 -1 -1.47506e-6 0 -1 -8.99069e-6 0 -1 -0.3823112 -0.9227164 -0.04932188 -0.2898842 -0.9558396 -0.04835015 -3.6877e-6 0 -1 0.3761397 0.9080941 0.1840766 0.2853487 0.9406738 0.1836001 0.1155035 0.380752 -0.917435 0.1522628 0.3675959 -0.9174363 0.1917425 0.964028 0.1840782 0.07762008 0.3902385 -0.9174361 -0.1947174 -0.9796185 -0.04932343 0.03899848 0.3959655 -0.917437 0.09635835 0.9782661 0.1836041 -0.09790432 -0.9940207 -0.04835045 -4.31638e-6 0 -1 -5.16286e-6 0 -1 0 0 -1 1.54988e-7 -0.9987829 -0.04932326 5.16281e-6 0 -1 1.05636e-6 0.9829117 0.1840783 -0.09635835 0.9782663 0.1836034 2.54364e-6 0.3978819 -0.9174367 0.06330686 0.6427726 -0.7634368 2.91294e-6 0.6458805 -0.7634387 0.08199471 0.8325105 -0.547908 0.1260077 0.6334718 -0.7634367 1.44048e-6 0.8365303 -0.5479207 0.2428382 0.8005135 -0.5479122 0.1632018 0.8204632 -0.5479099 0.1874988 0.6180697 -0.7634357 0.2471656 0.5967184 -0.7634373 0.3943427 0.7377598 -0.547909 0.3201221 0.7728599 -0.5479137 0.3044686 0.5696177 -0.7634361 0.3588271 0.5370309 -0.7634403 0.5306948 0.6466491 -0.5479124 0.4647476 0.6955528 -0.5479197 0.4097502 0.4992752 -0.7634325 0.4567059 0.4567077 -0.7634381 0.6466493 0.5306975 -0.5479097 0.59152 0.591518 -0.5479148 0.4992726 0.4097456 -0.7634366 0.5370349 0.35883 -0.7634361 0.7377591 0.3943442 -0.5479089 0.695554 0.4647527 -0.5479138 0.5696231 0.3044656 -0.7634332 0.5967205 0.2471677 -0.7634349 0.8005174 0.2428326 -0.5479091 0.7728526 0.320129 -0.5479199 0.6180762 0.1874887 -0.7634329 0.6334555 0.1260076 -0.7634504 0.8325123 0.08199399 -0.5479054 0.8204528 0.1632025 -0.5479254 0.6427779 0.06330758 -0.7634322 0.6458804 0 -0.7634386 0.8325144 -0.08199381 -0.5479022 0.8365291 0 -0.5479225 0.6427845 -0.06330651 -0.7634268 0.6334658 -0.1260057 -0.763442 0.8005177 -0.242833 -0.5479086 0.8204552 -0.1632016 -0.5479221 0.6180732 -0.1874903 -0.763435 0.5967097 -0.2471692 -0.7634429 0.7377623 -0.3943381 -0.547909 0.7728544 -0.3201281 -0.547918 0.5696216 -0.3044638 -0.7634351 0.5370281 -0.3588343 -0.7634389 0.6466531 -0.5306949 -0.5479075 0.6955555 -0.4647521 -0.5479125 0.4992758 -0.4097448 -0.763435 0.4567053 -0.4567062 -0.7634394 0.530695 -0.646651 -0.54791 0.5915216 -0.5915194 -0.5479116 0.4097431 -0.4992723 -0.7634381 0.3588259 -0.5370324 -0.7634398 0.3943431 -0.7377593 -0.5479095 0.4647453 -0.6955536 -0.5479207 0.3044713 -0.5696165 -0.7634359 0.2471634 -0.5967215 -0.7634354 0.242834 -0.8005104 -0.5479189 0.3201259 -0.772861 -0.5479099 0.1874986 -0.618069 -0.7634363 0.1260043 -0.6334719 -0.7634372 0.08199244 -0.8325083 -0.5479119 0.1631972 -0.8204654 -0.5479081 0.06330752 -0.6427724 -0.763437 0 -0.6458802 -0.7634388 -0.08199286 -0.832512 -0.5479059 0 -0.8365385 -0.5479084 -0.06330752 -0.6427718 -0.7634373 -0.1260044 -0.6334728 -0.7634364 -0.2428358 -0.8005166 -0.5479087 -0.1631964 -0.8204621 -0.5479134 -0.1875001 -0.6180742 -0.7634318 -0.2471664 -0.5967193 -0.7634364 -0.3943436 -0.7377542 -0.5479159 -0.3201265 -0.7728626 -0.5479074 -0.3044771 -0.5696133 -0.763436 -0.3588251 -0.5370284 -0.7634431 -0.5306935 -0.6466486 -0.5479143 -0.4647516 -0.6955506 -0.547919 -0.4097448 -0.499274 -0.7634362 -0.4567118 -0.4567072 -0.7634349 -0.6466554 -0.5306918 -0.5479078 -0.5915234 -0.59152 -0.5479091 -0.4992759 -0.4097459 -0.7634344 -0.5370252 -0.3588343 -0.7634409 -0.7377565 -0.3943433 -0.5479131 -0.6955462 -0.4647569 -0.5479202 -0.5696269 -0.3044682 -0.7634293 -0.5967199 -0.2471676 -0.7634354 -0.8005117 -0.2428365 -0.5479156 -0.7728554 -0.320127 -0.5479173 -0.6180725 -0.1874906 -0.7634356 -0.6334671 -0.126006 -0.7634409 -0.8325115 -0.08199417 -0.5479066 -0.8204578 -0.1632019 -0.5479181 -0.6427782 -0.06330806 -0.763432 -0.645882 0 -0.7634373 -0.8325117 0.08199435 -0.5479063 -0.8365314 3.20843e-7 -0.547919 -0.642778 0.06330817 -0.763432 -0.6334692 0.1260055 -0.7634393 -0.8005174 0.2428329 -0.547909 -0.8204584 0.1632008 -0.5479176 -0.6180709 0.1874896 -0.763437 -0.5967081 0.2471709 -0.7634435 -0.7377616 0.3943417 -0.5479075 -0.772852 0.3201314 -0.5479195 -0.5696318 0.3044629 -0.7634277 -0.5370355 0.35883 -0.7634356 -0.6466506 0.5306974 -0.5479081 -0.6955555 0.4647505 -0.5479139 -0.4992747 0.409747 -0.7634345 -0.4567046 0.4567069 -0.7634394 -0.530694 0.6466499 -0.5479122 -0.5915192 0.5915164 -0.5479173 -0.4097465 0.4992706 -0.7634375 -0.3588282 0.5370342 -0.7634373 -0.3943392 0.7377557 -0.5479171 -0.4647503 0.6955564 -0.5479128 -0.3044663 0.56962 -0.7634354 -0.2749792 0.9064905 0.3204085 -0.3082552 0.7441987 0.5925766 -0.2338268 0.770834 0.5925707 -0.2253167 0.5439646 0.8082914 -0.4465433 0.8354252 0.320412 -0.3797205 0.7104018 0.592572 -0.2775433 0.5192581 0.8082951 -0.1709134 0.563432 0.8082903 -0.3271111 0.4895511 0.8082934 -0.4475143 0.6697593 0.5925822 -0.5110232 0.6226744 0.5925638 -0.3735175 0.4551397 0.8082899 -0.4163314 0.416329 0.8082935 -0.5695775 0.5695864 0.5925816 -0.7322636 0.6009387 0.3204101 -0.6226735 0.5110124 0.5925741 -0.489557 0.3271095 0.8082905 -0.6697589 0.4475185 0.5925794 -0.8354195 0.4465514 0.3204156 -0.7103985 0.3797234 0.5925742 -0.5192663 0.2775515 0.808287 -0.4551376 0.3735207 0.8082896 -0.5439651 0.2253165 0.8082911 -0.7441971 0.308256 0.5925783 -0.770823 0.233834 0.5925823 -0.5634335 0.1709156 0.8082886 -0.5774765 0.1148687 0.8082861 -0.7900296 0.1571534 0.5925844 -0.9064847 0.2749873 0.320418 -0.942717 0.09284794 0.3204123 -0.801638 0.07895326 0.5925731 -0.5887875 -3.94875e-7 0.8082879 -0.8055061 -4.97464e-7 0.5925877 -0.9427171 -0.09284782 0.3204118 -0.8016368 -0.07895374 0.5925747 -0.5859472 -0.05771064 0.8082916 -0.5859416 0.05770981 0.8082957 -0.5774858 -0.1148648 0.8082798 -0.7900307 -0.1571497 0.5925838 -0.7708276 -0.233831 0.5925774 -0.5634332 -0.1709137 0.8082893 -0.5439807 -0.2253154 0.8082809 -0.7442018 -0.308254 0.5925734 -0.9064865 -0.2749836 0.3204159 -0.8354243 -0.4465452 0.320412 -0.7104006 -0.3797212 0.5925731 -0.4895657 -0.327111 0.8082845 -0.6697515 -0.4475209 0.5925859 -0.6226653 -0.5110162 0.5925794 -0.7322547 -0.6009464 0.3204163 -0.4163448 -0.4163341 0.808284 -0.5695846 -0.5695844 0.5925767 -0.6009371 -0.7322589 0.320424 -0.511003 -0.6226731 0.5925827 -0.3735175 -0.4551391 0.8082903 -0.4551334 -0.3735224 0.8082912 -0.327111 -0.4895517 0.8082929 -0.4475107 -0.6697604 0.5925834 -0.3797111 -0.7104017 0.5925782 -0.277554 -0.5192601 0.8082901 -0.2253217 -0.5439662 0.8082889 -0.3082587 -0.7442048 0.5925672 -0.4465423 -0.8354241 0.3204163 -0.2749807 -0.9064913 0.320405 -0.2338342 -0.7708335 0.5925684 -0.1148702 -0.57747 0.8082905 -0.1571463 -0.790032 0.592583 -0.09285151 -0.9427189 0.3204056 -0.07895469 -0.8016424 0.592567 -0.05770993 -0.5859555 0.8082857 -0.1709138 -0.5634316 0.8082904 -9.68079e-7 -0.5887837 0.8082908 7.72491e-7 -0.8055073 0.5925859 0.07895421 -0.8016401 0.5925702 0.05770921 -0.5859531 0.8082876 0.1148692 -0.5774646 0.8082944 0.1571447 -0.7900306 0.5925851 0.09285145 -0.942719 0.3204055 0.2749727 -0.9064887 0.3204187 0.2338234 -0.7708266 0.5925816 0.2253213 -0.543973 0.8082845 0.3082543 -0.744209 0.5925642 0.4465346 -0.8354238 0.3204281 0.379715 -0.7104017 0.5925757 0.2775499 -0.5192584 0.8082926 0.1709175 -0.5634285 0.8082919 0.3271226 -0.4895608 0.8082827 0.4475147 -0.6697642 0.5925762 0.5110109 -0.6226724 0.5925765 0.3735203 -0.4551338 0.8082919 0.4163246 -0.4163279 0.8082976 0.5695748 -0.5695866 0.5925839 0.6009469 -0.7322562 0.320412 0.7322595 -0.6009469 0.3204044 0.6226792 -0.5110158 0.5925652 0.4895522 -0.3271079 0.8082939 0.669752 -0.4475203 0.5925858 0.7104032 -0.3797155 0.5925736 0.5192717 -0.2775484 0.8082845 0.4551371 -0.3735189 0.8082908 0.543973 -0.2253139 0.8082865 0.7441956 -0.3082579 0.5925792 0.7708323 -0.2338305 0.5925716 0.5634393 -0.1709152 0.8082848 0.5774616 -0.1148661 0.8082969 0.790026 -0.1571514 0.5925896 0.9427179 -0.09284907 0.3204095 0.8016462 -0.07895296 0.592562 0.588773 0 0.8082984 0.8055047 1.38193e-7 0.5925894 0.8016462 0.07895314 0.5925621 0.5859613 0.05771064 0.8082814 0.5859545 -0.05771106 0.8082864 0.5774759 0.1148643 0.808287 0.790032 0.157149 0.5925821 0.5634252 0.1709154 0.8082945 0.7708319 0.2338298 0.5925724 0.5439839 0.2253155 0.8082787 0.7441959 0.3082573 0.592579 0.9064874 0.274981 0.3204156 0.8354179 0.446551 0.3204205 0.7103973 0.37972 0.5925779 0.4895669 0.327111 0.8082838 0.6697534 0.4475255 0.5925803 0.7322578 0.6009411 0.3204192 0.622676 0.5110131 0.592571 0.455136 0.3735198 0.808291 0.5192527 0.2775484 0.8082967 0.4163384 0.4163324 0.8082883 0.5695815 0.5695848 0.5925793 0.5110073 0.6226757 0.5925762 0.3735185 0.4551363 0.8082914 0.32712 0.4895554 0.8082872 0.4475139 0.6697607 0.5925807 0.600943 0.7322559 0.32042 0.4465406 0.8354254 0.3204156 0.3797156 0.7104003 0.592577 0.2253181 0.5439624 0.8082925 0.3082513 0.7441945 0.592584 0.2749722 0.9064902 0.3204153 0.2338241 0.7708348 0.5925706 0.1709149 0.5634331 0.8082892 0.277548 0.519259 0.8082929 0.1148673 0.5774725 0.808289 0.1571472 0.7900362 0.5925772 -0.5192604 -0.277549 0.8082916 0.009177565 0.0933243 0.9955935 0.07844513 0 0.9969184 0 -0.06657463 0.9977815 0.09435385 -0.04866373 0.9943487 -0.07844513 0 0.9969184 0 0 1 -0.09435415 -0.04866391 0.9943486 -0.3112263 -0.004691481 0.9503242 -0.3304467 -0.05106085 0.9424425 -0.5876556 -0.009082198 0.8090603 -0.5869057 -0.05192208 0.8079887 -0.8077096 -0.007622241 0.5895313 -0.7976191 -0.05696338 0.6004657 -0.9501876 -0.003369927 0.3116605 -0.9395009 -0.06708294 0.3359137 -0.9967659 -5.36733e-4 0.08035838 -0.990849 -0.07148641 0.1144901 -0.9999988 0 0.001544833 -0.9948657 -0.09081041 0.04467332 -0.9397215 -0.2740514 0.2044979 -0.9366737 -0.315698 0.1515823 -0.7979822 -0.5186918 0.3068933 -0.7860257 -0.5577812 0.2665404 -0.5874903 -0.7092713 0.3896017 -0.5646796 -0.7450687 0.3549784 -0.3316109 -0.8313169 0.4460344 -0.294912 -0.8631513 0.4098744 -0.09567677 -0.8783853 0.4682791 0 -0.9037 0.4281663 0 -0.8731867 0.4873858 0.09567606 -0.8783832 0.4682831 0.2949139 -0.8631505 0.4098745 0.3314531 -0.8315051 0.4458006 0.5646816 -0.7450672 0.3549782 0.5877039 -0.7092832 0.3892577 0.7860274 -0.5577788 0.2665401 0.7980184 -0.5185619 0.3070186 0.9366749 -0.3156949 0.1515815 0.9396209 -0.2741352 0.2048478 0.9948657 -0.09081077 0.0446738 0.9908491 -0.07147902 0.1144944 0.9999988 0 0.001544833 0.996766 -5.36862e-4 0.08035778 0.9396021 -0.06680262 0.3356863 0.9501876 -0.003369927 0.3116604 0.7975819 -0.0567947 0.6005311 0.8077089 -0.007622182 0.5895323 0.8767017 -0.2560978 0.4071956 0.7424086 -0.2164486 0.6340185 0.5570804 -0.2048622 0.8047937 0.5866912 -0.05224221 0.808124 0.5876552 -0.009082257 0.8090605 0.3241876 -0.21434 0.9213907 0.3306049 -0.05135279 0.9423711 0.3112269 -0.004691421 0.9503241 0.0925256 -0.2126258 0.9727432 0.08725821 -0.4345117 0.8964294 0.2969728 -0.4231386 0.8560147 0.08755326 -0.6240867 0.7764343 0.2972966 -0.5918304 0.749234 0.4942998 -0.3883915 0.7777017 0.648684 -0.4063562 0.6434933 0.4943535 -0.5359157 0.684404 0.5571525 -0.6392282 0.5300648 0.3250885 -0.7407938 0.5878283 0.7422408 -0.4793806 0.4682659 0.09283447 -0.7877957 0.6089005 1.44887e-7 -0.7724275 0.635103 3.77739e-7 -0.6182146 0.7860095 -0.09253734 -0.7879492 0.608747 -0.08726787 -0.6239414 0.7765832 -0.3242465 -0.7405691 0.5885761 -0.2972677 -0.4232673 0.8558486 -0.2969861 -0.5920242 0.749204 -0.08755636 -0.4343335 0.8964866 2.98751e-7 -0.445621 0.8952218 -0.3250269 -0.2135661 0.9212747 -0.09282219 -0.2128336 0.9726695 0 -0.2432091 0.9699739 -0.5570176 -0.2045203 0.8049242 -0.7420961 -0.2168715 0.6342398 -0.4943073 -0.3883482 0.7777185 -0.4943376 -0.5358866 0.6844384 -0.6486852 -0.4066634 0.6432981 -0.7425511 -0.4793654 0.4677891 -0.8766994 -0.2571426 0.4065415 -0.5572142 -0.6389659 0.530316 0.9807381 0.195082 0.009783089 0.9951847 0.09801805 0 0.980785 0.1950923 0 0.9568948 0.2902703 0.00978291 0.9569405 0.2902842 0 0.9761068 0.1941599 0.09755831 0.9904378 0.0975492 0.09755611 0.9951372 0.09801232 0.00978291 0.9523768 0.2888962 0.09755831 0.9277964 0.1845495 0.3242462 0.8739621 0.362012 0.3242493 0.9194689 0.380865 0.09756541 0.8777156 0.4691456 0.09755885 0.8818792 0.4713741 0.009782195 0.9238361 0.3826636 0.009782552 0.9238802 0.382682 0 0.8819212 0.4713969 0 0.8314701 0.5555696 0 0.8314306 0.5555427 0.009782075 0.7729737 0.6343628 0.00978285 0.7730104 0.6343935 0 0.7071065 0.7071071 0 0.707073 0.707073 0.009782612 0.703731 0.7037358 0.09756439 0.7693244 0.6313657 0.09755754 0.8275011 0.5529221 0.09756553 0.7865416 0.5255562 0.3242577 0.6689042 0.6689024 0.3242481 0.7312508 0.600117 0.3242405 0.6675926 0.4460667 0.5961079 0.8342778 0.4459259 0.3242385 0.7417947 0.3072543 0.5961002 0.7080935 0.3784916 0.5961106 0.5403643 0.2238167 0.8111181 0.4863011 0.324936 0.8111276 0.9052437 0.2745963 0.324239 0.7683302 0.2330719 0.5961092 0.5736349 0.1141014 0.8111251 0.7874782 0.1566376 0.5961064 0.7990416 0.07869875 0.5961031 0.9414198 0.09272205 0.3242397 0.5848742 0 0.811124 0.8029078 0 0.5961034 0.9459734 0 0.3242442 0.9414187 -0.09272229 0.324243 0.7990392 -0.07869976 0.5961065 0.7874806 -0.156637 0.5961033 0.9277946 -0.1845507 0.3242504 0.5736361 -0.1141009 0.8111243 0.5820549 -0.05732858 0.8111261 0.3048988 -0.06064754 0.9504519 0.310874 0 0.9504511 0.309352 -0.03047037 0.9504593 0.07899105 -0.01571011 0.9967516 0.08054012 0 0.9967514 0.5820539 0.05732846 0.8111268 0.3093559 0.03047055 0.9504581 0.08011198 0.007891893 0.9967547 0.005307495 0 0.999986 0.08009707 -0.007891893 0.9967558 0.01096159 0 0.99994 0.005251705 -5.1942e-4 0.9999861 0.005254745 5.19421e-4 0.9999861 0.01075303 -0.002138495 0.99994 0.005202412 -0.001033782 0.9999859 0.005046546 -0.001538276 0.9999861 0.01012682 -0.004194915 0.99994 0.004905819 -0.002027809 0.999986 0.07704299 -0.02337455 0.9967538 0.07440298 -0.03081476 0.9967522 0.2974719 -0.09023869 0.9504565 0.2871975 -0.118961 0.9504557 0.2741518 -0.1465402 0.9504561 0.07101166 -0.03795874 0.996753 0.06696277 -0.04473662 0.996752 0.2584766 -0.1727054 0.9504541 0.004409432 -0.002943933 0.9999859 0.004663288 -0.00249803 0.9999861 0.00911206 -0.006090044 0.99994 0.00409168 -0.003361821 0.9999861 0.007747292 -0.007751166 0.99994 0.003753244 -0.003746926 0.9999859 0.06224006 -0.05108374 0.9967531 0.05694478 -0.05693739 0.9967525 0.2402973 -0.197209 0.9504556 0.2198203 -0.2198131 0.9504532 0.197203 -0.2403006 0.9504561 0.0510801 -0.0622459 0.9967529 0.04474037 -0.06695234 0.9967526 0.1727097 -0.2584747 0.9504537 0.002950072 -0.004405975 0.9999859 0.003359735 -0.004096388 0.9999861 0.006094574 -0.009114384 0.99994 0.002490997 -0.00467354 0.9999861 0.004192769 -0.01012742 0.99994 0.002033412 -0.004895687 0.9999861 0.03795444 -0.0710144 0.9967529 0.03082245 -0.0743938 0.9967525 0.1465332 -0.2741521 0.9504571 0.1189637 -0.2871956 0.9504559 0.09023368 -0.2974792 0.9504547 0.02337121 -0.07705485 0.9967529 0.01571238 -0.07897597 0.9967527 0.06064879 -0.3048876 0.9504554 0.001036167 -0.005197167 0.9999861 0.001537382 -0.005071043 0.9999861 0.002141594 -0.01075112 0.99994 5.16516e-4 -0.005273759 0.9999861 -2.87427e-6 -0.01096183 0.99994 -1.04173e-6 -0.005299031 0.9999861 0.00789088 -0.08013397 0.9967529 7.1593e-7 -0.08052408 0.9967527 0.03047239 -0.3093703 0.9504534 0 -0.3108609 0.9504554 -0.03047221 -0.3093714 0.9504529 -0.007891118 -0.08013576 0.9967528 -0.01571106 -0.078969 0.9967533 -0.06064593 -0.3048871 0.9504557 -0.001032948 -0.005197167 0.9999861 -5.15785e-4 -0.005273759 0.9999861 -0.002139389 -0.01075118 0.99994 -0.001537561 -0.005071103 0.9999861 -0.004194617 -0.01012742 0.99994 -0.002030909 -0.004895687 0.9999861 -0.02337795 -0.07705587 0.9967527 -0.03081518 -0.07438784 0.9967532 -0.09023809 -0.2974802 0.9504539 -0.1189577 -0.2871941 0.9504571 -0.1465314 -0.2741518 0.9504575 -0.03795641 -0.0710141 0.9967529 -0.04473483 -0.06695258 0.9967528 -0.1727056 -0.2584735 0.9504548 -0.00294584 -0.004405975 0.9999861 -0.002497613 -0.00467354 0.9999861 -0.006089568 -0.009114444 0.99994 -0.003359735 -0.004096388 0.9999861 -0.007750928 -0.007751166 0.99994 -0.003755748 -0.003746926 0.9999859 -0.05107271 -0.06223797 0.9967538 -0.05695807 -0.05693668 0.9967517 -0.1972021 -0.240305 0.9504551 -0.2198261 -0.2198102 0.9504525 -0.2402948 -0.197211 0.9504558 -0.06223517 -0.05107748 0.9967537 -0.06696736 -0.04473453 0.9967519 -0.2584704 -0.1727033 0.950456 -0.004413783 -0.002943933 0.9999859 -0.004088282 -0.003361821 0.9999861 -0.009115695 -0.006090044 0.99994 -0.004668116 -0.00249803 0.9999861 -0.01012682 -0.004194915 0.99994 -0.004908621 -0.002027809 0.999986 -0.07101809 -0.03795868 0.9967526 -0.07440674 -0.03081208 0.9967519 -0.2741559 -0.1465422 0.9504547 -0.2872006 -0.1189607 0.9504547 -0.297475 -0.09023863 0.9504556 -0.07704955 -0.02337449 0.9967532 -0.07898873 -0.01570779 0.9967519 -0.3048856 -0.06064575 0.9504562 -0.005208313 -0.001033782 0.999986 -0.005054712 -0.001538276 0.9999861 -0.01075011 -0.002138495 0.99994 -0.005269765 -5.19424e-4 0.9999861 -0.01096159 0 0.99994 -0.005306899 0 0.9999859 -0.08015066 -0.007892668 0.9967516 -0.08052492 0 0.9967527 -0.3093696 -0.03046816 0.9504537 -0.3108508 0 0.9504588 -0.3093659 0.03046828 0.9504549 -0.08012348 0.007892668 0.9967538 -0.07898306 0.01570791 0.9967522 -0.3048859 0.06064587 0.9504562 -0.00520122 0.001033782 0.9999859 -0.005251705 5.19422e-4 0.9999862 -0.01090359 0.001074433 0.99994 -0.01075011 0.002138495 0.99994 -0.005052626 0.001538276 0.9999861 -0.0104869 0.003182053 0.99994 -0.07704782 0.02337473 0.9967534 -0.0101282 0.004194915 0.99994 -0.004906594 0.002027809 0.999986 -0.07440674 0.03081208 0.9967519 -0.2974723 0.09023863 0.9504563 -0.2872027 0.1189609 0.9504541 -0.2741451 0.1465411 0.950458 -0.07100361 0.0379588 0.9967536 -0.06696212 0.04473447 0.9967522 -0.2584723 0.1727038 0.9504555 -0.00440979 0.002943933 0.9999859 -0.004655122 0.00249803 0.9999861 -0.009665012 0.005167365 0.99994 -0.009112 0.006090044 0.99994 -0.00408554 0.003361821 0.9999861 -0.008472859 0.006954133 0.9999399 -0.0622304 0.05107778 0.996754 -0.007750451 0.007751166 0.99994 -0.00375092 0.003746986 0.9999859 -0.05695319 0.05693709 0.996752 -0.2402954 0.1972112 0.9504556 -0.2198306 0.219812 0.950451 -0.1971957 0.2403004 0.9504576 -0.05107092 0.06223851 0.9967539 -0.04474037 0.06695312 0.9967525 -0.1727117 0.2584722 0.950454 -0.002947807 0.004405975 0.9999861 -0.003361523 0.004096388 0.9999861 -0.006956517 0.008473634 0.99994 -0.006088674 0.009114384 0.99994 -0.002497434 0.00467354 0.9999861 -0.005168199 0.009667515 0.9999399 -0.03795361 0.07101422 0.996753 -0.004196822 0.01012742 0.99994 -0.002026796 0.004895627 0.9999861 -0.03082031 0.07438653 0.9967531 -0.1465328 0.2741556 0.9504562 -0.1189674 0.2871963 0.9504553 -0.09023332 0.2974755 0.9504559 -0.023368 0.0770545 0.996753 -0.01570969 0.07896828 0.9967533 -0.06064611 0.3048874 0.9504556 -0.001034557 0.005197227 0.9999861 -0.001533329 0.005071103 0.9999861 -0.003187894 0.01048994 0.99994 -0.002139091 0.01075124 0.99994 -5.19103e-4 0.005273759 0.9999861 -0.001073777 0.01090908 0.9999399 -0.007894039 0.08013361 0.9967529 0 0.01096183 0.99994 3.30259e-7 0.005298972 0.9999861 -7.31767e-7 0.08052313 0.9967527 -0.03047138 0.3093651 0.950455 0 0.310862 0.9504551 0.03047186 0.3093677 0.9504542 0.007894217 0.08013474 0.9967528 0.01570838 0.07897502 0.9967529 0.06064254 0.3048862 0.9504562 0.001035213 0.005197167 0.9999861 5.18592e-4 0.005273759 0.9999861 0.001073777 0.01090908 0.9999399 0.002139091 0.01075118 0.99994 0.001537442 0.005071043 0.9999861 0.003187894 0.01048988 0.9999399 0.02337151 0.07705581 0.9967528 0.004196822 0.01012742 0.99994 0.002026796 0.004895627 0.9999861 0.03081506 0.07439261 0.9967528 0.09023272 0.2974774 0.9504553 0.1189625 0.2872 0.9504547 0.1465357 0.2741566 0.9504554 0.03795975 0.071015 0.9967527 0.04473727 0.06695145 0.9967529 0.1727066 0.2584692 0.9504557 0.00294584 0.004405975 0.9999861 0.002497792 0.00467354 0.9999861 0.005170106 0.009667515 0.99994 0.006089806 0.009114444 0.99994 0.003360092 0.004096388 0.9999861 0.006948769 0.008473634 0.99994 0.05107957 0.06224554 0.9967529 0.007749557 0.007751166 0.99994 0.003752827 0.003746926 0.9999859 0.0569483 0.05693846 0.9967522 0.197198 0.2403016 0.9504569 0.2198222 0.2198117 0.9504532 0.2402948 0.1972095 0.9504562 0.06223785 0.05108302 0.9967532 0.06696426 0.04473608 0.996752 0.2584726 0.1727058 0.950455 0.004412353 0.002943933 0.9999859 0.004089295 0.003361821 0.9999861 0.008476674 0.006954133 0.99994 0.009114801 0.006090044 0.99994 0.004661262 0.00249803 0.9999861 0.009665012 0.005167365 0.99994 0.07101607 0.03795802 0.9967527 0.01012456 0.004194915 0.99994 0.004902482 0.002027809 0.9999859 0.07440161 0.03081458 0.9967522 0.2741598 0.1465402 0.9504538 0.2872007 0.118961 0.9504547 0.2974763 0.09023863 0.9504551 0.07705008 0.02337455 0.9967532 0.07899671 0.01571011 0.9967511 0.3048985 0.06064754 0.9504519 0.005208253 0.001033782 0.999986 0.005051612 0.001538276 0.9999861 0.0104869 0.003182053 0.99994 0.01075237 0.002138495 0.99994 0.01090359 0.001074433 0.99994 0.5596755 0.169781 0.8111336 0.5157956 0.2757096 0.8111345 0.4521043 0.3710422 0.8111284 0.6206517 0.5093606 0.5961068 0.4135771 0.4135639 0.8111221 0.5677452 0.5677369 0.5961042 0.6001202 0.7312464 0.3242446 0.5093556 0.6206538 0.596109 0.3249422 0.486299 0.8111264 0.4460766 0.6675886 0.596105 0.5255578 0.7865452 0.3242465 0.6313665 0.7693234 0.09755951 0.552918 0.827504 0.09756505 0.6343639 0.7729727 0.009782373 0.5555706 0.8314695 0 0.5555441 0.8314296 0.009782612 0.6343946 0.7730095 0 0.4713733 0.8818796 0.009783327 0.4713957 0.8819218 0 0.3826844 0.9238792 0 0.3826659 0.923835 0.009782612 0.3808544 0.9194735 0.09756231 0.4691477 0.8777147 0.09755712 0.3620029 0.8739667 0.324247 0.2889024 0.9523755 0.09755283 0.2902708 0.9568946 0.009782135 0.1845471 0.927798 0.3242425 0.1941576 0.9761073 0.09755772 0.1950904 0.9807854 0 0.1950814 0.9807383 0.009781062 0.2902843 0.9569405 0 0.09801268 0.9951371 0.00978285 0.09801691 0.9951848 0 2.07838e-7 0.9999523 0.009782016 -4.19088e-7 1 0 0 0.9952297 0.09755963 0.09754884 0.9904373 0.09756153 0 0.9459697 0.3242552 -0.09754902 0.9904377 0.09755718 -0.09801238 0.9951372 0.009782373 -0.1845524 0.9277971 0.3242422 -0.1941604 0.9761066 0.09755861 -0.1950904 0.9807854 0 -0.1950816 0.9807382 0.009782135 -0.09801733 0.9951847 0 -0.2902687 0.9568952 0.00978285 -0.290282 0.9569412 0 -0.3826828 0.9238798 0 -0.3826656 0.9238352 0.009783625 -0.3808596 0.9194715 0.09756165 -0.2889005 0.9523755 0.09755712 -0.3620065 0.8739646 0.3242487 -0.4691506 0.8777135 0.09755367 -0.4713754 0.8818784 0.00978291 -0.5255529 0.7865484 0.3242468 -0.5529208 0.827503 0.09755766 -0.5555695 0.8314702 0 -0.5555457 0.8314285 0.009782731 -0.4713966 0.8819214 0 -0.6343936 0.7730102 0 -0.6343645 0.7729722 0.009783148 -0.7071073 0.7071064 0 -0.7070722 0.7070738 0.009783089 -0.6313676 0.7693227 0.09755855 -0.6689054 0.6689014 0.3242476 -0.7037348 0.7037321 0.09756284 -0.769325 0.6313654 0.09755486 -0.7865476 0.5255536 0.3242473 -0.8275042 0.5529186 0.09755903 -0.83143 0.5555435 0.009783864 -0.7729734 0.6343632 0.009783565 -0.8314694 0.5555707 0 -0.7730095 0.6343944 0 -0.8818793 0.4713737 0.009783089 -0.8819217 0.4713961 0 -0.9238355 0.3826649 0.009783089 -0.9238795 0.3826839 0 -0.9194707 0.3808621 0.09755909 -0.8777154 0.469147 0.09755533 -0.8739643 0.3620104 0.3242453 -0.9523765 0.2888978 0.09755581 -0.9568943 0.2902719 0.009783267 -0.9277953 0.1845507 0.3242483 -0.9761065 0.1941603 0.09755939 -0.9807853 0.1950908 0 -0.9807384 0.1950809 0.009783267 -0.9569401 0.2902854 0 -0.995137 0.09801304 0.009783267 -0.9951847 0.09801822 0 -1 1.2347e-7 0 -0.9999521 1.63895e-7 0.009783685 -0.9952296 5.10932e-7 0.09756106 -0.9904377 0.09754908 0.09755736 -0.9459723 4.40584e-7 0.3242473 -0.9904376 -0.09754937 0.09755814 -0.995137 -0.09801322 0.009783267 -0.927796 -0.1845492 0.324247 -0.9761068 -0.1941596 0.09755814 -0.9807382 -0.1950818 0.009783208 -0.9807852 -0.1950913 0 -0.9951846 -0.09801828 0 -0.9568944 -0.2902713 0.009783089 -0.9238797 -0.3826831 0 -0.9569403 -0.2902849 0 -0.9194709 -0.3808606 0.0975635 -0.9238352 -0.3826656 0.009783267 -0.9523765 -0.288898 0.09755474 -0.8739633 -0.362008 0.3242505 -0.8777165 -0.4691449 0.09755444 -0.8818786 -0.4713752 0.009783029 -0.786545 -0.525557 0.324248 -0.8275029 -0.5529213 0.09755563 -0.8314304 -0.5555428 0.009783565 -0.8314701 -0.5555695 0 -0.8819217 -0.4713962 0 -0.7729743 -0.634362 0.009782671 -0.7071061 -0.7071076 0 -0.7730104 -0.6343933 0 -0.7693237 -0.631367 0.0975539 -0.7070724 -0.7070735 0.009783744 -0.6689081 -0.6689013 0.3242422 -0.703737 -0.7037314 0.09755247 -0.6313666 -0.7693227 0.09756559 -0.6343623 -0.772974 0.009785532 -0.5255563 -0.786548 0.324242 -0.5529178 -0.8275051 0.09755748 -0.5690796 -0.822179 0.01304233 -0.6343929 -0.7730109 2.21864e-7 -0.4713073 -0.881752 0.0195707 -0.3808578 -0.9194717 0.09756666 -0.3826113 -0.9237022 0.01957136 -0.4691514 -0.8777136 0.09754878 -0.3620069 -0.8739636 0.324251 -0.2888996 -0.9523763 0.09755355 -0.290229 -0.9567571 0.01957291 -0.1845502 -0.927798 0.3242412 -0.194159 -0.9761079 0.09754812 -0.1950541 -0.9805971 0.01957535 -0.09799826 -0.9949941 0.01957535 0 -0.9952313 0.09754323 1.35427e-7 -0.9998084 0.01957386 -0.09754949 -0.9904376 0.09755778 3.1354e-7 -0.945973 0.3242453 0.09755057 -0.9904381 0.09755235 0.09799838 -0.9949942 0.01957088 0.1845486 -0.9277939 0.3242536 0.1941563 -0.9761067 0.09756612 0.1950538 -0.9805973 0.01957255 0.2902288 -0.9567571 0.01957249 0.3808553 -0.9194721 0.09757238 0.3826096 -0.9237028 0.01957249 0.2889004 -0.9523761 0.09755164 0.3620039 -0.873962 0.3242586 0.4691502 -0.877714 0.09755122 0.4713068 -0.8817521 0.01957249 0.5255571 -0.7865483 0.3242403 0.5529173 -0.8275058 0.09755462 0.569078 -0.8221802 0.01304286 0.5957295 -0.8031852 0 0.6343632 -0.7729732 0.009783327 0.7071077 -0.7071059 0 0.6343935 -0.7730104 0 0.7729732 -0.6343634 0.009782552 0.707074 -0.707072 0.009782314 0.8314696 -0.5555703 0 0.77301 -0.634394 0 0.7037308 -0.7037363 0.09756124 0.8274981 -0.5529257 0.09757149 0.8314297 -0.5555438 0.009783864 0.7693253 -0.631365 0.09755527 0.6689012 -0.6689054 0.3242481 0.7865417 -0.5255578 0.3242553 0.877717 -0.4691447 0.09755182 0.8818796 -0.4713732 0.009783029 0.8739647 -0.3620083 0.3242463 0.9194715 -0.3808594 0.09756225 0.9238356 -0.3826645 0.009783267 0.9238802 -0.3826819 0 0.8819217 -0.4713959 0 0.9568945 -0.2902709 0.009783208 0.980785 -0.1950922 0 0.9569404 -0.2902846 0 0.9761062 -0.1941607 0.09756219 0.9807382 -0.1950817 0.009783387 0.9523756 -0.2889 0.09755831 0.9904377 -0.09754931 0.09755724 0.9951372 -0.09801208 0.009783089 0.9952297 0 0.09755903 0.9999522 0 0.009783208 0.9951847 -0.09801787 0 1 0 0 0.9052402 -0.2746036 0.3242421 0.7417948 -0.3072556 0.5960994 0.7683314 -0.2330727 0.5961075 0.5403647 -0.2238169 0.8111178 0.5596782 -0.1697798 0.8111321 0.5158035 -0.27571 0.8111295 0.7080968 -0.3784881 0.5961087 0.4863052 -0.3249329 0.8111263 0.6675912 -0.4460658 0.5961102 0.4521052 -0.3710379 0.81113 0.6206519 -0.5093582 0.5961087 0.7312519 -0.6001174 0.3242372 0.834281 -0.4459244 0.3242328 0.5677394 -0.5677381 0.5961086 0.413571 -0.4135652 0.8111246 0.5093555 -0.6206565 0.5961062 0.6001216 -0.7312474 0.3242396 0.631368 -0.769322 0.09756135 0.4460763 -0.66759 0.5961036 0.445935 -0.834272 0.3242409 0.3249486 -0.4863041 0.8111208 0.3784835 -0.7080942 0.5961148 0.3072651 -0.7417854 0.5961062 0.2238297 -0.5403502 0.8111239 0.2756999 -0.5158128 0.8111268 0.1697749 -0.5596898 0.811125 0.2330701 -0.7683383 0.5960994 0.1141049 -0.573628 0.8111296 0.1566401 -0.7874729 0.5961127 0.05732983 -0.5820525 0.8111277 0.07870054 -0.7990402 0.596105 0.09272521 -0.9414227 0.3242306 0.2746026 -0.9052456 0.3242284 4.83607e-7 -0.8029009 0.5961127 -7.89914e-7 -0.5848688 0.8111279 -0.09272253 -0.9414178 0.3242453 -0.07869637 -0.7990391 0.596107 -0.1566389 -0.7874712 0.5961153 -0.1141025 -0.5736341 0.8111255 -0.05732715 -0.5820582 0.8111239 -0.1697758 -0.5596942 0.8111218 -0.2330723 -0.7683349 0.5961032 -0.2238255 -0.5403524 0.8111236 -0.3072624 -0.7417854 0.5961077 -0.2757015 -0.5158114 0.8111273 -0.3784858 -0.7080947 0.5961128 -0.4459378 -0.8342729 0.3242349 -0.2746033 -0.9052425 0.3242363 -0.4460738 -0.6675902 0.5961055 -0.3249432 -0.4863007 0.8111249 -0.5093533 -0.6206602 0.5961042 -0.6001172 -0.7312476 0.3242476 -0.5677402 -0.5677362 0.5961098 -0.413567 -0.4135618 0.8111283 -0.3710313 -0.4521207 0.8111243 -0.452105 -0.371047 0.8111259 -0.6206552 -0.5093629 0.5961012 -0.4862982 -0.3249332 0.8111305 -0.6675931 -0.4460669 0.5961072 -0.5157939 -0.2757101 0.8111354 -0.7080868 -0.3784926 0.5961179 -0.8342756 -0.4459276 0.3242421 -0.73125 -0.600121 0.3242349 -0.741792 -0.3072553 0.5961031 -0.5403642 -0.2238204 0.8111172 -0.7683298 -0.2330729 0.5961093 -0.9052447 -0.274598 0.3242348 -0.7874783 -0.1566382 0.5961062 -0.5736351 -0.1141035 0.8111246 -0.5596747 -0.169782 0.811134 -0.582053 -0.05732631 0.8111277 -0.7990412 -0.07869851 0.5961038 -0.5848736 3.00375e-7 0.8111245 -0.8029067 4.23025e-7 0.5961048 -0.5820557 0.05732625 0.8111257 -0.7990385 0.07869923 0.5961074 -0.9414187 0.09272217 0.3242432 -0.9414193 -0.0927217 0.3242412 -0.5736358 0.1141028 0.8111243 -0.7874807 0.1566379 0.5961031 -0.9052428 0.2745985 0.3242397 -0.7683307 0.2330733 0.596108 -0.5403712 0.2238191 0.8111128 -0.7417986 0.3072537 0.5960956 -0.834276 0.4459278 0.3242406 -0.7080929 0.3784906 0.596112 -0.4863048 0.3249354 0.8111256 -0.6675949 0.4460679 0.5961045 -0.7312514 0.6001175 0.3242382 -0.6206525 0.509357 0.5961091 -0.4135735 0.4135624 0.8111247 -0.5677391 0.5677386 0.5961084 -0.6001203 0.7312493 0.324238 -0.5093575 0.6206594 0.5961015 -0.3249409 0.486297 0.8111281 -0.4460678 0.6675894 0.5961107 -0.445935 0.8342748 0.3242342 -0.378487 0.7081019 0.5961034 -0.2238246 0.5403522 0.811124 -0.3072598 0.7417844 0.5961103 -0.2746065 0.905241 0.3242376 -0.2330738 0.7683328 0.5961053 -0.1141039 0.5736372 0.8111232 -0.1566399 0.7874774 0.5961069 -0.09272271 0.9414206 0.3242375 -0.07870012 0.7990411 0.5961038 8.83969e-7 0.5848713 0.8111262 -1.54169e-7 0.8029007 0.5961128 0.07869821 0.7990422 0.5961025 0.09272253 0.941419 0.324242 0.1141005 0.5736287 0.8111296 0.1566359 0.7874763 0.5961093 0.2746069 0.905242 0.3242344 0.2330716 0.7683321 0.5961069 0.2238268 0.5403478 0.8111264 0.3072608 0.741784 0.5961102 0.4459298 0.8342755 0.3242394 0.3784834 0.7080999 0.5961081 0.2757012 0.5158103 0.811128 0.3710283 0.4521163 0.8111281 0.1697749 0.5596902 0.8111248 0.05732703 0.5820556 0.8111258 -0.05732989 0.5820552 0.8111259 -0.1697744 0.5596897 0.8111253 -0.2756998 0.5158132 0.8111267 -0.3710322 0.4521173 0.8111258 -0.4521053 0.3710428 0.8111276 -0.5157957 0.2757096 0.8111345 -0.559678 0.1697814 0.8111319 0.3710293 -0.4521096 0.8111314 -0.07662987 -0.900997 0.4270039 0.07663017 -0.9009969 0.427004 0.01090645 -0.001074433 0.99994 0.0104869 -0.003182053 0.99994 0.009665071 -0.005167365 0.99994 0.008472859 -0.006954133 0.9999399 0.006952643 -0.008473575 0.9999399 0.005172014 -0.009667515 0.99994 0.003176331 -0.01048976 0.99994 0.001076459 -0.01090902 0.9999399 -0.001078367 -0.01090908 0.9999399 -0.003183066 -0.01048982 0.9999399 -0.005166292 -0.009667515 0.9999399 -0.006952643 -0.008473634 0.9999399 -0.008476734 -0.006954133 0.9999399 -0.009668827 -0.005167365 0.99994 -0.0104869 -0.003182053 0.99994 -0.01090741 -0.001074433 0.99994 -0.5957328 -0.8031828 3.65461e-7</float_array>
          <technique_common>
            <accessor source="#Cylinder_053-mesh-normals-array" count="3466" stride="3">
              <param name="X" type="float"/>
              <param name="Y" type="float"/>
              <param name="Z" type="float"/>
            </accessor>
          </technique_common>
        </source>
        <source id="Cylinder_053-mesh-map-0">
          <float_array id="Cylinder_053-mesh-map-0-array" count="39504">0.2664043 0.4154265 0.2828523 0.4140281 0.2826594 0.4130561 0.2985822 0.4090108 0.2828523 0.4140281 0.2986471 0.4092254 0.2664043 0.4154251 0.2826594 0.4130561 0.2826594 0.4130561 0.2826594 0.4130561 0.2985822 0.4090108 0.2826594 0.4130561 0.2826594 0.4130561 0.2985822 0.4090108 0.2826594 0.413056 0.2664043 0.4154185 0.2826594 0.4130561 0.2826594 0.413056 0.2985822 0.4090108 0.3140636 0.4035066 0.3140636 0.4035066 0.2985822 0.4090108 0.3140636 0.4035066 0.3140636 0.4035066 0.3140636 0.4035066 0.3288888 0.3964175 0.3140636 0.4035066 0.3140636 0.4035066 0.3288924 0.3964231 0.3140636 0.4035066 0.3288932 0.3964242 0.3144419 0.4044226 0.3289986 0.3966221 0.2985822 0.4090108 0.3144419 0.4044226 0.3140636 0.4035066 0.3288932 0.3964242 0.3435552 0.3888215 0.343006 0.3879964 0.3288924 0.3964231 0.343006 0.3879964 0.3430029 0.3879917 0.3561725 0.3781468 0.3435552 0.3888215 0.3563143 0.3783205 0.343006 0.3879964 0.3561717 0.3781456 0.3430029 0.3879917 0.3430029 0.3879917 0.356168 0.3781401 0.3429883 0.3879697 0.3288888 0.3964175 0.3430029 0.3879917 0.3429883 0.3879697 0.356168 0.3781401 0.3683742 0.3671163 0.3683742 0.3671163 0.3561717 0.3781456 0.3683742 0.3671163 0.3683742 0.3671163 0.3683742 0.3671163 0.3793715 0.3548744 0.3683742 0.3671163 0.3683742 0.3671163 0.3793715 0.3548745 0.3683742 0.3671163 0.3793715 0.3548745 0.3690733 0.3678194 0.3795444 0.3550174 0.3561725 0.3781468 0.3690733 0.3678194 0.3683742 0.3671163 0.3793715 0.3548745 0.3900154 0.3422154 0.3891934 0.3416607 0.3793715 0.3548745 0.3891934 0.3416607 0.3891934 0.3416607 0.3975989 0.3274912 0.3900154 0.3422154 0.3977961 0.3275981 0.3891934 0.3416607 0.3975989 0.3274912 0.3891934 0.3416607 0.3891934 0.3416607 0.3975989 0.3274912 0.3891933 0.3416607 0.3793715 0.3548744 0.3891934 0.3416607 0.3891933 0.3416607 0.3975989 0.3274912 0.4046634 0.3125947 0.4046633 0.3125946 0.3975989 0.3274912 0.4046634 0.3125947 0.4046634 0.3125947 0.4046634 0.3125947 0.4101462 0.2970309 0.4046633 0.3125946 0.4046634 0.3125947 0.4101527 0.2970322 0.4046634 0.3125947 0.4101541 0.2970325 0.4055768 0.3129808 0.4103682 0.2970997 0.3975989 0.3274912 0.4055768 0.3129808 0.4046634 0.3125947 0.4101541 0.2970325 0.4151594 0.2812186 0.4141898 0.2810135 0.4101527 0.2970322 0.4141898 0.2810135 0.4141842 0.2810124 0.4165548 0.2646406 0.4151594 0.2812186 0.4167773 0.2646663 0.4141898 0.2810135 0.416552 0.2646403 0.4141842 0.2810124 0.4101462 0.2970309 0.4141842 0.2810124 0.4141585 0.2810069 0.4141842 0.2810124 0.4165389 0.2646389 0.4141585 0.2810069 0.4165389 0.2646389 0.4174008 0.2480931 0.4173745 0.2480926 0.416552 0.2646403 0.4174064 0.2480933 0.4174008 0.2480931 0.4174008 0.2480931 0.4165389 0.2315101 0.4173745 0.2480926 0.4174064 0.2480933 0.416552 0.2315092 0.4174008 0.2480931 0.4165548 0.231509 0.4183951 0.248114 0.4167773 0.2314939 0.4165548 0.2646406 0.4183951 0.248114 0.4174064 0.2480933 0.4165548 0.231509 0.4151594 0.2148737 0.4141898 0.2150277 0.416552 0.2315092 0.4141898 0.2150277 0.4141842 0.2150285 0.4101541 0.1988085 0.4151594 0.2148737 0.4103682 0.1987574 0.4141898 0.2150277 0.4101514 0.1988091 0.4141842 0.2150286 0.4141842 0.2150286 0.4101389 0.1988121 0.4141585 0.2150326 0.4165389 0.2315101 0.4141842 0.2150285 0.4141585 0.2150326 0.4101389 0.1988121 0.4046582 0.1829384 0.4046339 0.1829463 0.4101514 0.1988091 0.4046634 0.1829367 0.4046582 0.1829384 0.4046582 0.1829384 0.3975849 0.1675716 0.4046339 0.1829463 0.4046634 0.1829367 0.3975964 0.1675673 0.4046582 0.1829384 0.3975989 0.1675664 0.4055768 0.182641 0.3977962 0.1674925 0.4101541 0.1988085 0.4055768 0.182641 0.4046634 0.1829367 0.3975989 0.1675664 0.3900154 0.1523439 0.3891934 0.1526985 0.3975964 0.1675673 0.3891934 0.1526985 0.3891887 0.1527006 0.3796195 0.1386885 0.3900154 0.1523439 0.3795444 0.1383558 0.3891934 0.1526985 0.3796204 0.1386927 0.3891887 0.1527006 0.3891887 0.1527006 0.3796249 0.1387122 0.3891668 0.15271 0.3975849 0.1675716 0.3891887 0.1527006 0.3891668 0.15271 0.3796249 0.1387122 0.370565 0.1269552 0.3706044 0.1270236 0.3796204 0.1386927 0.3705565 0.1269406 0.370565 0.1269552 0.370565 0.1269552 0.3635543 0.1192613 0.3706044 0.1270236 0.3705565 0.1269406 0.3635445 0.1192442 0.370565 0.1269552 0.3635423 0.1192405 0.3690733 0.1243677 0.3634565 0.1187999 0.3796195 0.1386885 0.3690733 0.1243677 0.3705565 0.1269406 0.3635423 0.1192405 0.3578396 0.1132321 0.3571121 0.1145364 0.3635445 0.1192442 0.3571121 0.1145364 0.3571121 0.1145364 0.3492553 0.1120148 0.3578396 0.1132321 0.3498419 0.1119327 0.3571121 0.1145364 0.3492553 0.1120148 0.3571121 0.1145364 0.3571121 0.1145364 0.3492551 0.1120148 0.3571121 0.1145365 0.3635543 0.1192613 0.3571121 0.1145364 0.3571121 0.1145365 0.3492551 0.1120148 0.3374094 0.1100519 0.3374091 0.1100519 0.3492553 0.1120148 0.3374094 0.1100519 0.3374094 0.1100519 0.3374094 0.1100519 0.3187975 0.1074311 0.3374091 0.1100519 0.3374094 0.1100519 0.3187977 0.1074311 0.3374094 0.1100519 0.3187977 0.1074311 0.3418441 0.1106333 0.3193329 0.1074312 0.3492553 0.1120148 0.3418441 0.1106333 0.3374094 0.1100519 0.3187977 0.1074311 0.2968217 0.104229 0.2965468 0.1048099 0.3187977 0.1074311 0.2965468 0.1048099 0.2965468 0.1048099 0.2733796 0.1030843 0.2968217 0.104229 0.2734109 0.1029279 0.2965468 0.1048099 0.2733796 0.1030843 0.2965468 0.1048099 0.2965468 0.1048099 0.2733796 0.1030844 0.2965468 0.1048099 0.3187975 0.1074311 0.2965468 0.1048099 0.2965468 0.1048099 0.2733796 0.1030844 0.25 0.102422 0.25 0.1024221 0.2733796 0.1030843 0.25 0.102422 0.25 0.102422 0.25 0.102422 0.2266204 0.1030844 0.25 0.1024221 0.25 0.102422 0.2266204 0.1030843 0.25 0.102422 0.2266204 0.1030843 0.25 0.1016269 0.2265892 0.102928 0.2733796 0.1030843 0.25 0.1016269 0.25 0.102422 0.2266204 0.1030843 0.2031784 0.104229 0.2034532 0.1048099 0.2266204 0.1030843 0.2034532 0.1048099 0.2034532 0.1048099 0.1811016 0.1074443 0.2031784 0.104229 0.1806672 0.1074312 0.2034532 0.1048099 0.1810763 0.1074476 0.2034532 0.1048099 0.2034532 0.1048099 0.1809589 0.107463 0.2034533 0.1048099 0.2266204 0.1030844 0.2034532 0.1048099 0.2034533 0.1048099 0.1809589 0.107463 0.1619347 0.1101379 0.160761 0.1102918 0.1810763 0.1074476 0.1621875 0.1101047 0.1619347 0.1101379 0.1619347 0.1101379 0.1504614 0.1119751 0.160761 0.1102918 0.1621875 0.1101047 0.1505981 0.1119943 0.1619347 0.1101379 0.1506274 0.1119984 0.158156 0.1106333 0.1501582 0.1119327 0.1811016 0.1074443 0.158156 0.1106333 0.1621875 0.1101047 0.1506274 0.1119984 0.1421604 0.1132321 0.1428218 0.1144178 0.1505981 0.1119943 0.1428218 0.1144178 0.1427803 0.1143435 0.1364411 0.1192108 0.1421604 0.1132321 0.1365436 0.1187999 0.1428218 0.1144178 0.136437 0.1192034 0.1427803 0.1143435 0.1427803 0.1143435 0.1364177 0.119169 0.1425877 0.1139983 0.1504614 0.1119751 0.1427803 0.1143435 0.1425877 0.1139983 0.1364177 0.119169 0.1294435 0.1269406 0.1294434 0.1269408 0.136437 0.1192034 0.1294435 0.1269406 0.1294435 0.1269406 0.1294435 0.1269406 0.1203805 0.1386886 0.1294434 0.1269408 0.1294435 0.1269406 0.1203805 0.1386885 0.1294435 0.1269406 0.1203805 0.1386885 0.1309267 0.1243677 0.1204557 0.1383558 0.1364411 0.1192108 0.1309267 0.1243677 0.1294435 0.1269406 0.1203805 0.1386885 0.1099846 0.1523439 0.1108067 0.1526985 0.1203805 0.1386885 0.1108067 0.1526985 0.1108067 0.1526985 0.1024011 0.1675664 0.1099846 0.1523439 0.1022039 0.1674925 0.1108067 0.1526985 0.1024011 0.1675664 0.1108067 0.1526985 0.1203805 0.1386886 0.1108067 0.1526985 0.1108067 0.1526985 0.1108067 0.1526985 0.1024012 0.1675664 0.1108067 0.1526985 0.1024012 0.1675664 0.09533661 0.1829367 0.09533673 0.1829367 0.1024011 0.1675664 0.09533661 0.1829367 0.09533661 0.1829367 0.09533661 0.1829367 0.08985376 0.1988097 0.09533673 0.1829367 0.09533661 0.1829367 0.08984726 0.1988087 0.09533661 0.1829367 0.08984589 0.1988084 0.09442323 0.1826409 0.08963191 0.1987574 0.1024011 0.1675664 0.09442323 0.1826409 0.09533661 0.1829367 0.08984589 0.1988084 0.08484053 0.2148737 0.08581024 0.2150277 0.08984726 0.1988087 0.08581024 0.2150277 0.08581578 0.2150285 0.08344525 0.231509 0.08484053 0.2148737 0.08322274 0.2314939 0.08581024 0.2150277 0.08344668 0.2315093 0.08581578 0.2150285 0.08581578 0.2150285 0.08345317 0.2315103 0.08584153 0.2150326 0.08985376 0.1988097 0.08581578 0.2150285 0.08584153 0.2150326 0.08345317 0.2315103 0.08259361 0.2480933 0.08259367 0.2480933 0.08344668 0.2315092 0.08259361 0.2480933 0.08259361 0.2480933 0.08259361 0.2480933 0.08339208 0.2646519 0.08259367 0.2480933 0.08259361 0.2480933 0.08341771 0.2646465 0.08259361 0.2480933 0.08342325 0.2646453 0.08160489 0.248114 0.08322274 0.2646663 0.08344525 0.231509 0.08160489 0.248114 0.08259361 0.2480933 0.08342325 0.2646453 0.08484053 0.2812185 0.08572208 0.2810322 0.08341771 0.2646465 0.08572208 0.2810322 0.08566683 0.2810439 0.08980309 0.297046 0.08484053 0.2812185 0.08963191 0.2970998 0.08572208 0.2810322 0.08979237 0.2970494 0.08566683 0.2810439 0.08566683 0.2810439 0.08974254 0.2970651 0.08541017 0.2810981 0.08339208 0.2646519 0.08566683 0.2810439 0.08541017 0.2810981 0.08974254 0.2970651 0.09520155 0.3126519 0.09495985 0.3127541 0.08979237 0.2970494 0.09525364 0.3126299 0.09520155 0.3126519 0.09520155 0.3126519 0.1023576 0.327508 0.09495985 0.3127541 0.09525364 0.3126299 0.1023764 0.3275014 0.09520155 0.3126519 0.08980309 0.297046 0.09442329 0.312981 0.09525364 0.3126299 0.1023803 0.3275 0.09442329 0.312981 0.1022039 0.3275981 0.1023803 0.3275 0.1099846 0.3422152 0.1108067 0.3416606 0.1023764 0.3275014 0.1108067 0.3416606 0.1108114 0.3416575 0.1206285 0.3548744 0.1099846 0.3422152 0.1204556 0.3550174 0.1108067 0.3416606 0.1206306 0.3548726 0.1108114 0.3416575 0.1108114 0.3416575 0.1206408 0.3548642 0.1108332 0.3416427 0.1023576 0.327508 0.1108114 0.3416575 0.1108332 0.3416427 0.1206408 0.3548642 0.1316298 0.3671123 0.1316483 0.3670936 0.1206306 0.3548726 0.1316258 0.3671163 0.1316298 0.3671123 0.1316298 0.3671122 0.1438376 0.3781345 0.1316483 0.3670936 0.1316258 0.3671163 0.1438293 0.3781446 0.1316298 0.3671122 0.1438275 0.3781468 0.1309266 0.3678194 0.1436856 0.3783205 0.1206285 0.3548744 0.1309266 0.3678194 0.1316258 0.3671163 0.1438275 0.3781468 0.1564447 0.3888216 0.1569939 0.3879964 0.1438293 0.3781446 0.1569939 0.3879964 0.156997 0.3879917 0.1710981 0.396445 0.1564447 0.3888216 0.1710013 0.3966221 0.1569939 0.3879964 0.1710968 0.396449 0.1569971 0.3879917 0.1569971 0.3879917 0.1710904 0.3964678 0.1570116 0.3879698 0.1438376 0.3781345 0.156997 0.3879917 0.1570116 0.3879698 0.1710904 0.3964678 0.1858804 0.4036421 0.1857802 0.4038845 0.1710968 0.396449 0.1859019 0.4035899 0.1858804 0.4036421 0.1858804 0.4036421 0.2013864 0.4091144 0.1857802 0.4038845 0.1859019 0.4035899 0.2014015 0.4090645 0.1858804 0.4036421 0.2014048 0.4090537 0.185558 0.4044226 0.2013528 0.4092254 0.1710981 0.396445 0.185558 0.4044226 0.1859019 0.4035899 0.2014048 0.4090537 0.2171477 0.414028 0.2173231 0.4131443 0.2014015 0.4090645 0.2173231 0.4131443 0.2173121 0.4131997 0.2335914 0.4154485 0.2171477 0.414028 0.2335739 0.4156495 0.2173231 0.4131443 0.2335903 0.4154526 0.2173121 0.4131997 0.2173121 0.4131997 0.2335852 0.4154717 0.2172611 0.413457 0.2013864 0.4091144 0.2173121 0.4131997 0.2172611 0.413457 0.2335852 0.4154717 0.2500001 0.4162744 0.2500001 0.4162482 0.2335903 0.4154526 0.2500001 0.4162801 0.2500001 0.4162744 0.2500001 0.4162744 0.2664043 0.4154185 0.2500001 0.4162482 0.2500001 0.4162801 0.2664043 0.4154251 0.2500001 0.4162744 0.2335914 0.4154485 0.25 0.417271 0.2500001 0.4162801 0.2664043 0.4154265 0.25 0.417271 0.2664262 0.4156496 0.2500001 0.4162482 0.2664042 0.4154123 0.2500001 0.416224 0.2335805 0.4154891 0.2500001 0.4162482 0.2500001 0.416224 0.2500001 0.416224 0.2664043 0.4154012 0.2499999 0.4161883 0.2335739 0.4155116 0.2500001 0.416224 0.2499999 0.4161883 0.2172611 0.413457 0.2335805 0.4154891 0.2172145 0.4136916 0.2172145 0.4136916 0.2335739 0.4155116 0.2171511 0.4140104 0.2171511 0.4140104 0.2335739 0.4155158 0.2171486 0.4140235 0.2335739 0.4155158 0.2499999 0.4161883 0.2500001 0.4161983 0.2171486 0.4140235 0.2335739 0.4155181 0.2171478 0.414028 0.2335739 0.4155181 0.2500001 0.4161983 0.2500001 0.4162049 0.2499999 0.4161883 0.2664054 0.4154108 0.2500001 0.4161983 0.2500001 0.4161983 0.2664061 0.4154169 0.2500001 0.4162049 0.2664244 0.4155466 0.2500001 0.4162049 0.2664061 0.4154169 0.2335739 0.4155557 0.2500001 0.4162049 0.2500001 0.4163553 0.2500001 0.4163577 0.2335739 0.4155557 0.2500001 0.4163553 0.2664244 0.4155466 0.2500001 0.4163577 0.2500001 0.4163553 0.2335739 0.4155557 0.2171487 0.4140234 0.2171478 0.414028 0.2171478 0.414028 0.2335739 0.4155181 0.2335739 0.4155557 0.2335739 0.4155558 0.2171514 0.4140099 0.2171487 0.4140234 0.2500001 0.4163556 0.2335739 0.4155558 0.2500001 0.4163577 0.2335739 0.4155541 0.2172148 0.4136899 0.2171514 0.4140099 0.2500001 0.41637 0.2335739 0.4155541 0.2500001 0.4163556 0.2664249 0.4155495 0.2500001 0.4163556 0.2500001 0.4163577 0.2664254 0.4155502 0.2500001 0.41637 0.2500001 0.4163556 0.2664195 0.4155257 0.2500001 0.4163702 0.2500001 0.41637 0.2500001 0.4163702 0.2335806 0.4155256 0.2500001 0.41637 0.2664149 0.4155025 0.2500001 0.4163702 0.2500001 0.4163702 0.2500001 0.4163702 0.2335852 0.4155024 0.2500001 0.4163702 0.2335806 0.4155256 0.2172608 0.4134582 0.2172148 0.4136899 0.2335852 0.4155024 0.2173116 0.4132025 0.2172608 0.4134582 0.2335903 0.4154769 0.2173231 0.4131444 0.2173116 0.4132025 0.2335903 0.4154769 0.2500001 0.4163702 0.2335914 0.4154711 0.2335914 0.4154711 0.25 0.417271 0.2335739 0.4156495 0.2335914 0.4154711 0.2171477 0.414028 0.2173231 0.4131444 0.2014134 0.4090329 0.2171477 0.414028 0.2013528 0.4092253 0.2014128 0.4090374 0.2173231 0.4131444 0.2014134 0.4090329 0.2014134 0.4090329 0.185558 0.4044226 0.1859363 0.4035066 0.2014128 0.4090374 0.1859363 0.4035066 0.1859386 0.4035011 0.2173116 0.4132025 0.2014102 0.4090569 0.2172608 0.4134582 0.2014102 0.4090569 0.1859386 0.4035011 0.1859486 0.403477 0.1859386 0.4035011 0.1711142 0.3964102 0.1859486 0.403477 0.1711081 0.3964216 0.1859363 0.4035066 0.1711068 0.3964242 0.1711142 0.3964102 0.1569972 0.3879916 0.1570117 0.3879698 0.1711081 0.3964216 0.1569939 0.3879964 0.1569972 0.3879916 0.1711068 0.3964242 0.185558 0.4044226 0.1710013 0.3966221 0.1711068 0.3964242 0.1564447 0.3888216 0.1569939 0.3879964 0.1438117 0.3781628 0.1564447 0.3888216 0.1436856 0.3783205 0.1438083 0.3781658 0.1569939 0.3879964 0.1438117 0.3781628 0.1438117 0.3781628 0.1309266 0.3678194 0.1315622 0.3671802 0.1438083 0.3781658 0.1315622 0.3671802 0.1315204 0.3672223 0.1569972 0.3879915 0.1437935 0.3781789 0.1570117 0.3879698 0.1437935 0.3781789 0.1315204 0.3672223 0.1313365 0.3674072 0.1315204 0.3672223 0.1205448 0.3549436 0.1313365 0.3674072 0.1205848 0.3549105 0.1315622 0.3671802 0.1205939 0.354903 0.1205448 0.3549436 0.1106827 0.3417443 0.1104665 0.3418901 0.1205848 0.3549105 0.1107319 0.3417111 0.1106827 0.3417443 0.1205939 0.354903 0.1309266 0.3678194 0.1204556 0.3550173 0.1205939 0.354903 0.1099846 0.3422152 0.1107319 0.3417111 0.1023824 0.3275038 0.1099846 0.3422152 0.1022039 0.3275981 0.1023789 0.3275066 0.1107319 0.3417111 0.1023824 0.3275038 0.1023824 0.3275038 0.09442329 0.312981 0.09533667 0.3125947 0.1023789 0.3275066 0.09533667 0.3125947 0.09534209 0.3125925 0.1106827 0.3417443 0.1023633 0.3275186 0.1104665 0.3418901 0.1023633 0.3275186 0.09534209 0.3125925 0.09536617 0.3125823 0.09534215 0.3125924 0.08979994 0.2970408 0.09536617 0.3125823 0.08981943 0.2970379 0.09533667 0.3125947 0.08982384 0.2970373 0.08979994 0.2970408 0.08566409 0.2810444 0.08540904 0.2810984 0.08981943 0.2970379 0.08572208 0.2810322 0.08566409 0.2810444 0.08982384 0.2970373 0.09442329 0.312981 0.08963191 0.2970998 0.08982384 0.2970373 0.08484053 0.2812185 0.08572208 0.2810322 0.08340078 0.2646458 0.08484053 0.2812185 0.08322274 0.2646663 0.08339494 0.264647 0.08572208 0.2810322 0.08340078 0.2646458 0.08340078 0.2646458 0.08160489 0.248114 0.08250373 0.2480952 0.08339494 0.264647 0.08250373 0.2480952 0.08250373 0.2480951 0.08566409 0.2810444 0.08336949 0.2646524 0.08540904 0.2810984 0.08336949 0.2646524 0.08250373 0.2480951 0.08250373 0.2480951 0.08250373 0.2480951 0.08340078 0.231506 0.08250373 0.2480951 0.08340078 0.231506 0.08250373 0.2480952 0.08340078 0.231506 0.08340078 0.231506 0.08572208 0.2150137 0.08572214 0.2150137 0.08340078 0.231506 0.08572208 0.2150137 0.08572208 0.2150137 0.08340078 0.231506 0.08160489 0.248114 0.08322274 0.2314939 0.08340078 0.231506 0.08484053 0.2148737 0.08572208 0.2150137 0.08980309 0.1987982 0.08484053 0.2148737 0.08963191 0.1987574 0.08979761 0.1987965 0.08572208 0.2150137 0.08980309 0.1987982 0.08980309 0.1987982 0.09442323 0.1826409 0.09525358 0.1829099 0.08979761 0.1987965 0.09525358 0.1829099 0.09519892 0.1828922 0.08572208 0.2150137 0.08977359 0.1987887 0.08572214 0.2150137 0.08977359 0.1987887 0.09519892 0.1828922 0.09495872 0.1828143 0.09519892 0.1828922 0.1023509 0.1675501 0.09495872 0.1828143 0.1023749 0.1675578 0.09525358 0.1829099 0.1023803 0.1675596 0.1023509 0.1675501 0.1108067 0.1526985 0.1108067 0.1526985 0.1108067 0.1526985 0.1023749 0.1675578 0.1023803 0.1675596 0.1023803 0.1675596 0.09442323 0.1826409 0.1022039 0.1674925 0.1023803 0.1675596 0.1099846 0.1523439 0.1108067 0.1526985 0.1203805 0.1386885 0.1099846 0.1523439 0.1204557 0.1383558 0.1203805 0.1386885 0.1108067 0.1526985 0.1203805 0.1386885 0.1203805 0.1386885 0.1309267 0.1243677 0.1294435 0.1269406 0.1203805 0.1386885 0.1294435 0.1269406 0.1294435 0.1269406 0.1108067 0.1526985 0.1203805 0.1386885 0.1108067 0.1526985 0.1203805 0.1386885 0.1294435 0.1269406 0.1294435 0.1269407 0.1294435 0.1269406 0.1364635 0.1192511 0.1294435 0.1269407 0.1364588 0.1192424 0.1294435 0.1269406 0.1364577 0.1192405 0.1364635 0.1192511 0.1428923 0.1145442 0.1429114 0.1145785 0.1364588 0.1192424 0.1428879 0.1145364 0.1428923 0.1145442 0.1364577 0.1192405 0.1309267 0.1243677 0.1365436 0.1187999 0.1364577 0.1192405 0.1421604 0.1132321 0.1428879 0.1145364 0.1507448 0.1120148 0.1421604 0.1132321 0.1501582 0.1119327 0.1507526 0.1120159 0.1428879 0.1145364 0.1507448 0.1120148 0.1507448 0.1120148 0.158156 0.1106333 0.1625906 0.1100519 0.1507525 0.1120159 0.1625906 0.1100519 0.1626172 0.1100484 0.1428923 0.1145442 0.1507866 0.1120207 0.1429114 0.1145785 0.1507866 0.1120207 0.1626172 0.1100484 0.162734 0.1100331 0.1626172 0.1100484 0.1812382 0.1074264 0.162734 0.1100331 0.181209 0.1074302 0.1625906 0.1100519 0.1812024 0.1074311 0.1812382 0.1074264 0.2034533 0.1048099 0.2034533 0.1048099 0.181209 0.1074302 0.2034533 0.1048099 0.2034533 0.1048099 0.1812024 0.1074311 0.158156 0.1106333 0.1806672 0.1074312 0.1812024 0.1074311 0.2031783 0.104229 0.2034533 0.1048099 0.2266204 0.1030843 0.2031783 0.104229 0.2265892 0.102928 0.2266204 0.1030843 0.2034533 0.1048099 0.2266204 0.1030843 0.2266204 0.1030843 0.25 0.1016269 0.25 0.102422 0.2266204 0.1030843 0.25 0.102422 0.25 0.102422 0.2034533 0.1048099 0.2266204 0.1030843 0.2034533 0.1048099 0.2266204 0.1030843 0.25 0.102422 0.25 0.102422 0.25 0.102422 0.2733796 0.1030843 0.25 0.102422 0.2733796 0.1030843 0.25 0.102422 0.2733796 0.1030843 0.2733796 0.1030843 0.2965468 0.1048099 0.2965468 0.1048099 0.2733796 0.1030843 0.2965468 0.1048099 0.2965468 0.1048099 0.2733796 0.1030843 0.25 0.1016269 0.2734109 0.1029279 0.2733796 0.1030843 0.2968217 0.104229 0.2965468 0.1048099 0.3187977 0.1074311 0.2968217 0.104229 0.3193329 0.1074312 0.3187977 0.1074311 0.2965468 0.1048099 0.3187977 0.1074311 0.3187977 0.1074311 0.3418441 0.1106333 0.3374094 0.1100519 0.3187977 0.1074311 0.3374094 0.1100519 0.3374094 0.1100519 0.2965468 0.1048099 0.3187977 0.1074311 0.2965468 0.1048099 0.3187977 0.1074311 0.3374094 0.1100519 0.3374093 0.1100519 0.3374094 0.1100519 0.3492552 0.1120148 0.3374093 0.1100519 0.3492553 0.1120148 0.3374094 0.1100519 0.3492553 0.1120148 0.3492552 0.1120148 0.3571121 0.1145364 0.3571121 0.1145364 0.3492553 0.1120148 0.3571121 0.1145364 0.3571121 0.1145364 0.3492553 0.1120148 0.3418441 0.1106333 0.3498418 0.1119327 0.3492553 0.1120148 0.3578396 0.1132321 0.3571121 0.1145364 0.3635087 0.119182 0.3578396 0.1132321 0.3634565 0.1187999 0.3634998 0.1191666 0.3571121 0.1145364 0.3635087 0.119182 0.3635087 0.119182 0.3690733 0.1243677 0.3704217 0.1267067 0.3634998 0.1191666 0.3704217 0.1267067 0.370333 0.1265528 0.3571121 0.1145364 0.3634608 0.119099 0.3571121 0.1145364 0.3634608 0.119099 0.370333 0.1265528 0.3699429 0.125876 0.370333 0.1265528 0.3795567 0.1385389 0.3699429 0.125876 0.3795956 0.1386066 0.3704217 0.1267067 0.3796045 0.1386219 0.3795567 0.1385389 0.3892681 0.1526663 0.3892681 0.1526663 0.3795956 0.1386066 0.3892681 0.1526663 0.3892681 0.1526663 0.3796045 0.1386219 0.3690733 0.1243677 0.3795444 0.1383559 0.3796045 0.1386219 0.3900154 0.1523439 0.3892681 0.1526663 0.3976384 0.1675516 0.3900154 0.1523439 0.3977961 0.1674925 0.3976384 0.1675516 0.3892681 0.1526663 0.3976384 0.1675516 0.3976384 0.1675516 0.4055768 0.182641 0.4047465 0.1829099 0.3976383 0.1675516 0.4047465 0.1829099 0.4047465 0.1829099 0.3892681 0.1526663 0.3976383 0.1675516 0.3892681 0.1526663 0.3976383 0.1675516 0.4047465 0.1829099 0.4047464 0.1829099 0.4047465 0.1829099 0.4102283 0.1987933 0.4047464 0.1829099 0.4102028 0.1987974 0.4047465 0.1829099 0.410197 0.1987982 0.4102283 0.1987933 0.4143359 0.2150045 0.414591 0.214964 0.4102028 0.1987974 0.4142779 0.2150137 0.4143359 0.2150045 0.410197 0.1987982 0.4055768 0.182641 0.4103682 0.1987574 0.410197 0.1987982 0.4151594 0.2148737 0.4142779 0.2150137 0.4165768 0.2315055 0.4151594 0.2148737 0.4167773 0.2314939 0.4165812 0.2315046 0.4142779 0.2150137 0.4165768 0.2315055 0.4165768 0.2315055 0.4183951 0.248114 0.4174064 0.2480933 0.4165812 0.2315046 0.4174064 0.2480933 0.4174005 0.2480931 0.414336 0.2150045 0.4166001 0.2315004 0.414591 0.214964 0.4166001 0.2315004 0.4174005 0.2480931 0.4173744 0.2480926 0.4174005 0.2480931 0.4165389 0.2646389 0.4173744 0.2480926 0.4165518 0.2646403 0.4174064 0.2480933 0.4165548 0.2646406 0.4165389 0.2646389 0.4141839 0.2810123 0.4141584 0.2810069 0.4141897 0.2810136 0.4165518 0.2646403 0.4165548 0.2646406 0.4165548 0.2646406 0.4183951 0.248114 0.4167773 0.2646663 0.4165548 0.2646406 0.4151594 0.2812186 0.4141897 0.2810136 0.4101542 0.2970325 0.4151594 0.2812186 0.4103682 0.2970997 0.4101527 0.2970322 0.4141897 0.2810136 0.4101542 0.2970325 0.4101542 0.2970325 0.4055768 0.3129808 0.4046634 0.3125947 0.4101527 0.2970322 0.4046634 0.3125947 0.4046634 0.3125947 0.4141839 0.2810123 0.4101462 0.2970309 0.4141584 0.2810069 0.4101462 0.2970309 0.4046634 0.3125947 0.4046633 0.3125946 0.4046634 0.3125947 0.3975989 0.3274912 0.4046633 0.3125946 0.3975989 0.3274912 0.4046634 0.3125947 0.3975989 0.3274912 0.3975989 0.3274912 0.3891934 0.3416607 0.3891934 0.3416607 0.3975989 0.3274912 0.3891934 0.3416607 0.3891934 0.3416607 0.3975989 0.3274912 0.4055768 0.3129808 0.3977962 0.3275981 0.3975989 0.3274912 0.3900154 0.3422154 0.3891934 0.3416607 0.3793874 0.3548904 0.3900154 0.3422154 0.3795444 0.3550174 0.3793916 0.3548946 0.3891934 0.3416607 0.3793874 0.3548904 0.3793874 0.3548904 0.3690733 0.3678194 0.3684378 0.3671802 0.3793916 0.3548946 0.3684378 0.3671802 0.3684797 0.3672223 0.3891934 0.3416607 0.3794099 0.3549132 0.3891934 0.3416607 0.3794099 0.3549132 0.3684797 0.3672223 0.3686635 0.3674073 0.3684797 0.3672223 0.3562412 0.3782309 0.3686635 0.3674073 0.3562083 0.3781907 0.3684378 0.3671802 0.3562008 0.3781815 0.3562412 0.3782309 0.3430888 0.3881207 0.3432333 0.3883378 0.3562083 0.3781907 0.343056 0.3880714 0.3430888 0.3881207 0.3562008 0.3781815 0.3690733 0.3678194 0.3563144 0.3783205 0.3562008 0.3781815 0.3435553 0.3888215 0.343056 0.3880714 0.3289057 0.396443 0.3435553 0.3888215 0.3289986 0.3966221 0.328909 0.3964479 0.343056 0.3880714 0.3289057 0.396443 0.3289057 0.396443 0.3144419 0.4044226 0.3140636 0.4035066 0.328909 0.3964479 0.3140636 0.4035066 0.3140636 0.4035066 0.3430888 0.3881207 0.3289234 0.3964696 0.3432333 0.3883378 0.3289234 0.3964696 0.3140636 0.4035066 0.3140636 0.4035066 0.3140636 0.4035066 0.2985928 0.4090643 0.3140636 0.4035066 0.2985877 0.4090387 0.3140636 0.4035066 0.2985866 0.409033 0.2985928 0.4090643 0.2826885 0.4132027 0.2827393 0.4134583 0.2985877 0.4090387 0.282677 0.4131445 0.2826885 0.4132027 0.2985866 0.409033 0.3144419 0.4044226 0.2986471 0.4092254 0.2985866 0.409033 0.2828523 0.4140281 0.282677 0.4131445 0.2664086 0.4154711 0.2828523 0.4140281 0.2664262 0.4156496 0.2664098 0.4154769 0.282677 0.4131445 0.2664086 0.4154711 0.2664086 0.4154711 0.25 0.417271 0.2500001 0.4163702 0.2500001 0.4163702 0.2664098 0.415477 0.2664086 0.4154711 0.2826886 0.4132027 0.2664149 0.4155025 0.2827393 0.4134583 0.2827393 0.4134583 0.2664195 0.4155257 0.2827852 0.41369 0.2985974 0.4090874 0.2827393 0.4134583 0.2827852 0.41369 0.2827852 0.41369 0.2664254 0.4155502 0.2828423 0.4139778 0.2986018 0.4091136 0.2827852 0.41369 0.2828423 0.4139778 0.3140636 0.4035065 0.2986018 0.4091136 0.3140606 0.4034993 0.3140636 0.4035066 0.2985974 0.4090874 0.3140636 0.4035065 0.3289365 0.3964892 0.3140636 0.4035066 0.3140636 0.4035065 0.3289515 0.3965103 0.3140636 0.4035065 0.3140606 0.4034993 0.3433642 0.3885346 0.3289515 0.3965103 0.3435255 0.3887767 0.3432333 0.3883378 0.3289365 0.3964892 0.3433642 0.3885346 0.3562709 0.3782674 0.3432333 0.3883378 0.3433642 0.3885346 0.3563088 0.3783136 0.3433642 0.3885346 0.3435255 0.3887767 0.3688302 0.3675749 0.3563088 0.3783136 0.3690374 0.3677835 0.3686635 0.3674073 0.3562709 0.3782674 0.3688302 0.3675749 0.3794265 0.3549299 0.3686635 0.3674073 0.3688302 0.3675749 0.3794447 0.3549492 0.3688302 0.3675749 0.3690374 0.3677835 0.3891932 0.3416607 0.3794447 0.3549492 0.3891862 0.3416561 0.3891934 0.3416607 0.3794265 0.3549299 0.3891932 0.3416607 0.3975988 0.3274912 0.3891934 0.3416607 0.3891932 0.3416607 0.3975918 0.3274874 0.3891932 0.3416607 0.3891862 0.3416561 0.4046633 0.3125946 0.3975918 0.3274874 0.4046549 0.3125911 0.4046633 0.3125946 0.3975988 0.3274912 0.4046633 0.3125946 0.4101403 0.2970296 0.4046633 0.3125946 0.4046633 0.3125946 0.4101241 0.2970254 0.4046633 0.3125946 0.4046549 0.3125911 0.4141352 0.281002 0.4101241 0.2970254 0.4140933 0.2809931 0.4141584 0.2810069 0.4101403 0.2970296 0.4141352 0.281002 0.4165017 0.2646346 0.4141352 0.281002 0.4140933 0.2809931 0.4165271 0.2646375 0.4141584 0.2810069 0.4141352 0.281002 0.4173508 0.2480921 0.4165017 0.2646346 0.4173086 0.2480911 0.4173744 0.2480926 0.4165271 0.2646375 0.4173508 0.2480921 0.4166173 0.2314966 0.4173744 0.2480926 0.4173508 0.2480921 0.4166334 0.2314917 0.4173508 0.2480921 0.4173086 0.2480911 0.4148222 0.2149273 0.4166334 0.2314917 0.4151062 0.2148822 0.414591 0.214964 0.4166173 0.2314966 0.4148222 0.2149273 0.4102513 0.1987896 0.414591 0.214964 0.4148222 0.2149273 0.4102755 0.1987866 0.4148222 0.2149273 0.4151062 0.2148822 0.4047464 0.1829099 0.4102755 0.1987866 0.4047325 0.1829144 0.4047464 0.1829099 0.4102513 0.1987896 0.4047464 0.1829099 0.3976383 0.1675516 0.4047464 0.1829099 0.4047464 0.1829099 0.3976289 0.1675551 0.4047464 0.1829099 0.4047325 0.1829144 0.389268 0.1526663 0.3976289 0.1675551 0.3892555 0.1526718 0.3892681 0.1526663 0.3976383 0.1675516 0.389268 0.1526663 0.3795212 0.1384776 0.3892681 0.1526663 0.389268 0.1526663 0.3794723 0.1384025 0.389268 0.1526663 0.3892555 0.1526718 0.3695893 0.1252626 0.3794723 0.1384025 0.3691523 0.124507 0.3699429 0.125876 0.3795212 0.1384776 0.3695893 0.1252626 0.3634254 0.1190377 0.3699429 0.125876 0.3695893 0.1252626 0.3633781 0.1189659 0.3695893 0.1252626 0.3691523 0.124507 0.357112 0.1145365 0.3633781 0.1189659 0.3571037 0.1145465 0.3571121 0.1145364 0.3634254 0.1190377 0.357112 0.1145365 0.3492549 0.1120149 0.3571121 0.1145364 0.357112 0.1145365 0.3492341 0.1120178 0.357112 0.1145365 0.3571037 0.1145465 0.3374089 0.1100519 0.3492341 0.1120178 0.3373734 0.1100484 0.3374093 0.1100519 0.3492549 0.1120149 0.3374089 0.1100519 0.3187974 0.1074311 0.3374093 0.1100519 0.3374089 0.1100519 0.3187784 0.1074311 0.3374089 0.1100519 0.3373734 0.1100484 0.2965468 0.10481 0.3187784 0.1074311 0.2965419 0.1048147 0.2965468 0.1048099 0.3187974 0.1074311 0.2965468 0.10481 0.2733796 0.1030844 0.2965468 0.1048099 0.2965468 0.10481 0.2733785 0.1030899 0.2965468 0.10481 0.2965419 0.1048147 0.25 0.1024221 0.2733785 0.1030899 0.25 0.102429 0.25 0.102422 0.2733796 0.1030844 0.25 0.1024221 0.2266204 0.1030845 0.25 0.102422 0.25 0.1024221 0.2266215 0.10309 0.25 0.1024221 0.25 0.102429 0.2034533 0.10481 0.2266215 0.10309 0.2034584 0.1048147 0.2034533 0.1048099 0.2266204 0.1030845 0.2034533 0.10481 0.1812649 0.107423 0.2034533 0.1048099 0.2034533 0.10481 0.181302 0.1074206 0.2034533 0.10481 0.2034584 0.1048147 0.1628402 0.1100192 0.181302 0.1074206 0.1628654 0.1100172 0.162734 0.1100331 0.1812649 0.107423 0.1628402 0.1100192 0.1508176 0.112025 0.162734 0.1100331 0.1628402 0.1100192 0.1508595 0.1120309 0.1628402 0.1100192 0.1628654 0.1100172 0.1429288 0.1146097 0.1508595 0.1120309 0.142935 0.1146181 0.1429114 0.1145785 0.1508176 0.112025 0.1429288 0.1146097 0.1364678 0.1192591 0.1429114 0.1145785 0.1429288 0.1146097 0.1364678 0.11928 0.1429288 0.1146097 0.142935 0.1146181 0.1294434 0.1269409 0.1364678 0.11928 0.1294327 0.1269622 0.1294435 0.1269407 0.1364678 0.1192591 0.1294434 0.1269409 0.1203805 0.1386887 0.1294435 0.1269407 0.1294434 0.1269409 0.1203778 0.1387005 0.1294434 0.1269409 0.1294327 0.1269622 0.1108068 0.1526986 0.1203778 0.1387005 0.1108124 0.1527029 0.1108067 0.1526985 0.1203805 0.1386887 0.1108068 0.1526986 0.1023044 0.1675354 0.1108068 0.1526986 0.1108124 0.1527029 0.1023291 0.1675431 0.1108067 0.1526985 0.1108068 0.1526986 0.09474092 0.1827439 0.1023044 0.1675354 0.0944705 0.1826562 0.09495872 0.1828143 0.1023291 0.1675431 0.09474092 0.1827439 0.08975189 0.1987817 0.09495872 0.1828143 0.09474092 0.1827439 0.08972901 0.1987734 0.09474092 0.1827439 0.0944705 0.1826562 0.0857222 0.2150137 0.08972901 0.1987734 0.08573693 0.215016 0.08572214 0.2150137 0.08975189 0.1987817 0.0857222 0.2150137 0.0834009 0.231506 0.08572214 0.2150137 0.0857222 0.2150137 0.08341062 0.2315067 0.0857222 0.2150137 0.08573693 0.215016 0.08250385 0.2480952 0.08341062 0.2315067 0.08251577 0.248095 0.08250373 0.2480951 0.0834009 0.231506 0.08250385 0.2480952 0.08334642 0.2646573 0.08250373 0.2480951 0.08250385 0.2480952 0.08331722 0.2646643 0.08250385 0.2480952 0.08251577 0.248095 0.08517783 0.2811473 0.08331722 0.2646643 0.08485853 0.2812147 0.08540904 0.2810984 0.08334642 0.2646573 0.08517783 0.2811473 0.08978229 0.2970433 0.08540904 0.2810984 0.08517783 0.2811473 0.08975601 0.2970473 0.08517783 0.2811473 0.08485853 0.2812147 0.09538805 0.312573 0.08975601 0.2970473 0.09539318 0.3125708 0.09536617 0.3125823 0.08978229 0.2970433 0.09538805 0.312573 0.1023492 0.3275295 0.09536617 0.3125823 0.09538805 0.312573 0.102332 0.327543 0.09538805 0.312573 0.09539318 0.3125708 0.1102705 0.3420223 0.102332 0.327543 0.1100294 0.3421851 0.1104665 0.3418901 0.1023492 0.3275295 0.1102705 0.3420223 0.1205086 0.3549736 0.1104665 0.3418901 0.1102705 0.3420223 0.120463 0.3550112 0.1102705 0.3420223 0.1100294 0.3421851 0.1311698 0.3675748 0.120463 0.3550112 0.1309646 0.3677809 0.1313365 0.3674072 0.1205086 0.3549736 0.1311698 0.3675748 0.1437802 0.3781906 0.1313365 0.3674072 0.1311698 0.3675748 0.1437664 0.378201 0.1311698 0.3675748 0.1309646 0.3677809 0.1570249 0.38795 0.1437664 0.378201 0.1570482 0.3879148 0.1570117 0.3879698 0.1437802 0.3781906 0.1570249 0.38795 0.1711198 0.3963997 0.1570117 0.3879698 0.1570249 0.38795 0.1711301 0.3963816 0.1570249 0.38795 0.1570482 0.3879148 0.1859576 0.4034551 0.1711301 0.3963816 0.1859601 0.4034494 0.1859486 0.403477 0.1711198 0.3963997 0.1859576 0.4034551 0.2014079 0.4090745 0.1859486 0.403477 0.1859576 0.4034551 0.2014042 0.4091009 0.1859576 0.4034551 0.1859601 0.4034494 0.2172148 0.4136899 0.2014042 0.4091009 0.2171514 0.4140099 0.2172608 0.4134582 0.2014079 0.4090745 0.2172148 0.4136899 0.2171514 0.4140099 0.2014019 0.4091066 0.2171487 0.4140234 0.2014019 0.4091066 0.1859601 0.4034494 0.1859481 0.4034783 0.2171487 0.4140234 0.2014002 0.4091108 0.2171478 0.414028 0.2014002 0.4091107 0.1859481 0.4034783 0.1859366 0.4035059 0.1859601 0.4034494 0.1711259 0.39639 0.1859481 0.4034783 0.1859481 0.4034783 0.1711236 0.396395 0.1859366 0.403506 0.1711236 0.396395 0.1855921 0.40434 0.1859366 0.403506 0.1859366 0.4035059 0.2013571 0.409215 0.2014002 0.4091107 0.1855832 0.4043616 0.2013571 0.409215 0.1855921 0.40434 0.1710805 0.3964993 0.1855832 0.4043616 0.1855921 0.40434 0.2171478 0.414028 0.2013558 0.4092181 0.2171486 0.4140235 0.2014002 0.4091108 0.2171478 0.414028 0.2171478 0.414028 0.2013558 0.4092181 0.2171511 0.4140104 0.2171486 0.4140235 0.1855786 0.4043731 0.2013558 0.4092181 0.1855832 0.4043616 0.2013547 0.4092209 0.2172145 0.4136916 0.2171511 0.4140104 0.1856889 0.4041056 0.2013547 0.4092209 0.1855786 0.4043731 0.1710798 0.3965015 0.1855786 0.4043731 0.1855832 0.4043616 0.1710804 0.3965016 0.1856889 0.4041056 0.1855786 0.4043731 0.1710847 0.3964849 0.1857802 0.4038845 0.1856889 0.4041056 0.1857802 0.4038845 0.2013726 0.40916 0.1856889 0.4041056 0.1570116 0.3879698 0.1710847 0.3964849 0.157025 0.3879497 0.157025 0.3879497 0.1710804 0.3965016 0.1570484 0.387915 0.143858 0.3781089 0.157025 0.3879497 0.1570484 0.387915 0.1438453 0.378125 0.1570116 0.3879698 0.157025 0.3879497 0.1316483 0.3670936 0.1438453 0.378125 0.1316654 0.3670765 0.1316654 0.3670765 0.143858 0.3781089 0.1316702 0.3670717 0.1316702 0.3670717 0.1438518 0.378116 0.1316475 0.3670944 0.1438518 0.378116 0.1570484 0.387915 0.157045 0.3879197 0.1316475 0.3670944 0.143848 0.37812 0.1316263 0.3671158 0.143848 0.37812 0.157045 0.3879197 0.1570439 0.3879214 0.157045 0.3879197 0.1710805 0.3964993 0.1570439 0.3879214 0.1570484 0.387915 0.1710798 0.3965015 0.157045 0.3879197 0.1570439 0.3879214 0.143848 0.37812 0.1570439 0.3879214 0.1570439 0.3879215 0.1710805 0.3964993 0.1711236 0.396395 0.1711236 0.396395 0.157045 0.3879197 0.1570439 0.3879215 0.157045 0.3879197 0.1437684 0.3782001 0.1570439 0.3879214 0.1437684 0.3782001 0.1309733 0.3677725 0.1309897 0.367756 0.1309897 0.367756 0.143848 0.37812 0.1437684 0.3782001 0.1437667 0.3782016 0.1309646 0.3677809 0.1309733 0.3677725 0.1570482 0.3879148 0.1437667 0.3782016 0.157045 0.3879197 0.1309646 0.3677809 0.1204676 0.3550074 0.1309733 0.3677725 0.1309733 0.3677725 0.1204727 0.3550031 0.1309897 0.367756 0.1204727 0.3550031 0.1100394 0.3421782 0.1100587 0.3421652 0.1204676 0.3550074 0.1100294 0.3421851 0.1100394 0.3421782 0.1100294 0.3421851 0.1023288 0.3275437 0.1100394 0.3421782 0.1100394 0.3421782 0.1023275 0.3275436 0.1100587 0.3421652 0.1023275 0.3275436 0.1108072 0.3416603 0.1100587 0.3421652 0.1100587 0.3421652 0.1206459 0.35486 0.1204727 0.3550031 0.1108321 0.3416434 0.1206459 0.35486 0.1108072 0.3416602 0.102317 0.3275244 0.1108321 0.3416434 0.1108072 0.3416603 0.1206459 0.35486 0.1316475 0.3670944 0.1316263 0.3671158 0.1204727 0.3550031 0.1316263 0.3671158 0.1309897 0.367756 0.1206528 0.3548543 0.1316702 0.3670717 0.1316475 0.3670944 0.1108582 0.3416257 0.1206528 0.3548543 0.1108321 0.3416434 0.1206623 0.3548464 0.1316654 0.3670765 0.1316702 0.3670717 0.1108533 0.3416292 0.1206623 0.3548464 0.1108582 0.3416257 0.1023176 0.3275232 0.1108582 0.3416257 0.1108321 0.3416434 0.10232 0.3275209 0.1108533 0.3416292 0.1108582 0.3416257 0.1023406 0.3275138 0.1108332 0.3416427 0.1108533 0.3416292 0.1108332 0.3416427 0.1206501 0.3548565 0.1108533 0.3416292 0.09495985 0.3127541 0.1023406 0.3275138 0.09473937 0.3128473 0.09473937 0.3128473 0.10232 0.3275209 0.09447258 0.3129599 0.08963632 0.2970979 0.09473937 0.3128473 0.09447258 0.3129599 0.08969706 0.2970793 0.09495985 0.3127541 0.09473937 0.3128473 0.08541017 0.2810981 0.08969706 0.2970793 0.08517611 0.2811476 0.08517611 0.2811476 0.08963632 0.2970979 0.08485805 0.281215 0.08485805 0.281215 0.08963906 0.2970967 0.08484506 0.2812176 0.08963906 0.2970967 0.09447258 0.3129599 0.09448409 0.3129552 0.08484506 0.2812176 0.08964222 0.2970954 0.08484059 0.2812186 0.08964222 0.2970954 0.09448409 0.3129552 0.09450566 0.3129462 0.1023176 0.3275232 0.09450566 0.3129462 0.09448409 0.3129552 0.09447258 0.3129599 0.1023176 0.3275232 0.09448409 0.3129552 0.08974617 0.2970514 0.09450566 0.3129462 0.09533733 0.3125944 0.09533733 0.3125945 0.102317 0.3275244 0.1023275 0.3275436 0.1023275 0.3275436 0.09536474 0.3125829 0.09533733 0.3125945 0.09536474 0.3125829 0.08974617 0.2970514 0.09533733 0.3125944 0.08974617 0.2970514 0.08484518 0.2812176 0.08484053 0.2812185 0.08484053 0.2812185 0.08964222 0.2970954 0.08974617 0.2970514 0.08975028 0.2970497 0.08485853 0.2812147 0.08484518 0.2812176 0.09539318 0.3125708 0.08975028 0.2970497 0.09536474 0.3125829 0.08485853 0.2812147 0.08331489 0.2646644 0.08484518 0.2812176 0.08484518 0.2812176 0.08331447 0.2646644 0.08484053 0.2812185 0.08331447 0.2646644 0.08251112 0.248095 0.08251112 0.248095 0.08331489 0.2646644 0.08251577 0.248095 0.08251112 0.248095 0.08251577 0.248095 0.0834065 0.2315065 0.08251112 0.248095 0.08251112 0.248095 0.08340626 0.2315065 0.08251112 0.248095 0.08340626 0.2315065 0.08258616 0.2480934 0.08251112 0.248095 0.08331447 0.2646644 0.08258616 0.2480934 0.08333325 0.2646639 0.08259069 0.2480934 0.08333325 0.2646639 0.08258616 0.2480934 0.08346182 0.231512 0.08259069 0.2480934 0.08258616 0.2480934 0.08333325 0.2646639 0.08484506 0.2812176 0.08484053 0.2812185 0.08331447 0.2646644 0.08484053 0.2812185 0.08484053 0.2812185 0.08333486 0.2646639 0.08485805 0.281215 0.08484506 0.2812176 0.08259916 0.2480933 0.08333486 0.2646639 0.08259069 0.2480934 0.08333837 0.2646639 0.08517611 0.2811476 0.08485805 0.281215 0.08259391 0.2480933 0.08333837 0.2646639 0.08259916 0.2480933 0.08346563 0.2315123 0.08259916 0.2480933 0.08259069 0.2480934 0.08347332 0.2315129 0.08259391 0.2480933 0.08259916 0.2480933 0.08345925 0.2315112 0.08259367 0.2480933 0.08259391 0.2480933 0.08259367 0.2480933 0.08336877 0.2646569 0.08259391 0.2480933 0.08584153 0.2150326 0.08345925 0.2315112 0.08586519 0.2150364 0.08586519 0.2150364 0.08347332 0.2315129 0.08590072 0.215042 0.08987069 0.1988124 0.08586519 0.2150364 0.08590072 0.215042 0.08985984 0.1988107 0.08584153 0.2150326 0.08586519 0.2150364 0.09533673 0.1829367 0.08985984 0.1988107 0.09533691 0.1829368 0.09533691 0.1829368 0.08987069 0.1988124 0.09531497 0.1829296 0.09531497 0.1829296 0.08986145 0.1988101 0.0952869 0.1829206 0.08986145 0.1988101 0.08590072 0.215042 0.08589047 0.2150404 0.0952869 0.1829206 0.08985573 0.1988086 0.09526115 0.1829122 0.08985573 0.1988086 0.08589047 0.2150404 0.08588379 0.2150393 0.08589047 0.2150404 0.08346182 0.231512 0.08588385 0.2150393 0.08590072 0.215042 0.08346563 0.2315123 0.08589047 0.2150404 0.08973228 0.1987747 0.08588379 0.2150393 0.08573669 0.215016 0.08340626 0.2315065 0.08588385 0.2150393 0.08346182 0.231512 0.08340626 0.2315065 0.08573442 0.2150156 0.08573669 0.215016 0.08573442 0.2150156 0.08973228 0.1987747 0.08573669 0.215016 0.08973228 0.1987747 0.0944795 0.1826592 0.09449869 0.1826654 0.08973228 0.1987747 0.09526115 0.1829122 0.08985573 0.1988086 0.08972954 0.1987739 0.0944705 0.1826562 0.0944795 0.1826592 0.08573693 0.215016 0.08972954 0.1987739 0.08573442 0.2150156 0.0944705 0.1826562 0.1023042 0.1675351 0.0944795 0.1826592 0.0944795 0.1826592 0.1023059 0.1675355 0.09449869 0.1826654 0.1023059 0.1675355 0.1108081 0.1526996 0.1108067 0.1526985 0.1023042 0.1675351 0.1108124 0.1527029 0.1108081 0.1526996 0.1108081 0.1526996 0.1203805 0.1386885 0.1108067 0.1526985 0.1108124 0.1527029 0.1203798 0.1386916 0.1108081 0.1526996 0.1203805 0.1386885 0.1294407 0.1269461 0.1294435 0.1269406 0.1203798 0.1386916 0.1294327 0.1269622 0.1294407 0.1269461 0.1294327 0.1269622 0.1364678 0.119264 0.1294407 0.1269461 0.1294407 0.1269461 0.136466 0.1192554 0.1294435 0.1269406 0.1294435 0.1269406 0.1363832 0.119107 0.1294435 0.1269406 0.1203805 0.1386885 0.1294435 0.1269406 0.1203805 0.1386885 0.1294406 0.1269459 0.1203805 0.1386885 0.1294435 0.1269406 0.1363832 0.119107 0.1294406 0.1269459 0.1294435 0.1269406 0.1203805 0.1386885 0.1108083 0.1526997 0.1108067 0.1526985 0.1203805 0.1386885 0.1108067 0.1526985 0.1108067 0.1526985 0.1108083 0.1526997 0.1023926 0.1675636 0.1108067 0.1526985 0.1023059 0.1675355 0.1108067 0.1526985 0.1023926 0.1675636 0.1023926 0.1675636 0.0952869 0.1829206 0.09526115 0.1829122 0.1023059 0.1675355 0.09526115 0.1829122 0.09449869 0.1826654 0.102397 0.1675651 0.09531497 0.1829296 0.0952869 0.1829206 0.1108129 0.1527031 0.102397 0.1675651 0.1108083 0.1526997 0.1024045 0.1675679 0.09533691 0.1829368 0.09531497 0.1829296 0.1108069 0.1526986 0.1024045 0.1675679 0.1108129 0.1527031 0.1203778 0.1387005 0.1108069 0.1526986 0.1108129 0.1527031 0.1203798 0.1386916 0.1108129 0.1527031 0.1108083 0.1526997 0.1294431 0.1269414 0.1203778 0.1387005 0.1294322 0.1269614 0.1294322 0.1269614 0.1203798 0.1386916 0.1294406 0.1269459 0.1363791 0.1191052 0.1294322 0.1269614 0.1294406 0.1269459 0.1363725 0.1191091 0.1294431 0.1269414 0.1294322 0.1269614 0.1363999 0.1191378 0.1294434 0.1269408 0.1294431 0.1269414 0.1294434 0.1269408 0.1203804 0.1386889 0.1294431 0.1269414 0.1425877 0.1139983 0.1363999 0.1191378 0.1424121 0.1136835 0.1424121 0.1136835 0.1363725 0.1191091 0.1421985 0.1133033 0.150183 0.1119362 0.1424121 0.1136835 0.1421985 0.1133033 0.1503369 0.1119577 0.1425877 0.1139983 0.1424121 0.1136835 0.160761 0.1102918 0.1503369 0.1119577 0.1596904 0.1104322 0.1596904 0.1104322 0.150183 0.1119362 0.158393 0.1106026 0.158393 0.1106026 0.1501987 0.1119384 0.1584506 0.1105948 0.1501987 0.1119384 0.1421985 0.1133033 0.1422085 0.1133192 0.1501987 0.1119384 0.1585558 0.1105809 0.1584506 0.1105948 0.1502164 0.1119409 0.1422085 0.1133192 0.142226 0.1133497 0.1422085 0.1133192 0.1363832 0.119107 0.142226 0.1133497 0.1421985 0.1133033 0.1363791 0.1191052 0.1422085 0.1133192 0.1428884 0.1145373 0.1502164 0.1119409 0.142226 0.1133497 0.136466 0.1192554 0.142226 0.1133497 0.1363832 0.119107 0.136466 0.1192554 0.1429108 0.1145767 0.1428884 0.1145373 0.1429108 0.1145767 0.1508039 0.1120231 0.1428884 0.1145373 0.1508039 0.1120231 0.1627271 0.1100344 0.162594 0.1100515 0.162594 0.1100515 0.1502164 0.1119409 0.1508039 0.1120231 0.1508273 0.1120264 0.1628654 0.1100172 0.1627271 0.1100344 0.142935 0.1146181 0.1508273 0.1120264 0.1429108 0.1145767 0.1628654 0.1100172 0.1812735 0.1074224 0.1627271 0.1100344 0.1627271 0.1100344 0.1812531 0.1074244 0.162594 0.1100515 0.1812531 0.1074244 0.2034545 0.1048111 0.2034532 0.1048099 0.1812735 0.1074224 0.2034584 0.1048147 0.2034545 0.1048111 0.2034584 0.1048147 0.2266207 0.1030858 0.2034545 0.1048111 0.2034545 0.1048111 0.2266204 0.1030843 0.2034533 0.1048099 0.2266204 0.1030843 0.2034533 0.1048099 0.2034533 0.1048099 0.1812531 0.1074244 0.2034533 0.1048099 0.1807484 0.1074906 0.2034538 0.1048112 0.1807484 0.1074906 0.2034533 0.1048099 0.2266204 0.1030843 0.2034538 0.1048112 0.2034533 0.1048099 0.1807484 0.1074906 0.1584506 0.1105948 0.1585558 0.1105809 0.1812531 0.1074244 0.1585558 0.1105809 0.162594 0.1100515 0.1807335 0.1074932 0.158393 0.1106026 0.1584506 0.1105948 0.2034556 0.104815 0.1807335 0.1074932 0.2034538 0.1048112 0.1807209 0.1074967 0.1596904 0.1104322 0.158393 0.1106026 0.2034534 0.1048101 0.1807209 0.1074967 0.2034556 0.104815 0.2266207 0.1030858 0.2034556 0.104815 0.2034538 0.1048112 0.2266215 0.10309 0.2034534 0.1048101 0.2034556 0.104815 0.2266204 0.1030845 0.2034533 0.1048099 0.2034534 0.1048101 0.2034533 0.1048099 0.1808519 0.1074771 0.2034534 0.1048101 0.25 0.1024221 0.2266204 0.1030845 0.25 0.1024222 0.25 0.1024222 0.2266215 0.10309 0.25 0.102429 0.2733785 0.1030899 0.25 0.1024222 0.25 0.102429 0.2733796 0.1030845 0.25 0.1024221 0.25 0.1024222 0.2965468 0.1048099 0.2733796 0.1030845 0.2965466 0.1048101 0.2965466 0.1048101 0.2733785 0.1030899 0.2965419 0.1048147 0.2965419 0.1048147 0.2733793 0.1030858 0.2965456 0.1048111 0.2733793 0.1030858 0.25 0.102429 0.25 0.1024238 0.2965456 0.1048111 0.2733796 0.1030843 0.2965468 0.1048099 0.2733796 0.1030843 0.25 0.1024238 0.25 0.1024219 0.25 0.1024238 0.2266204 0.1030843 0.25 0.102422 0.25 0.102429 0.2266207 0.1030858 0.25 0.1024238 0.2733796 0.1030843 0.25 0.1024219 0.25 0.102422 0.2266204 0.1030843 0.25 0.102422 0.2266204 0.1030843 0.2266204 0.1030843 0.2500001 0.1024238 0.25 0.102422 0.2500001 0.1024238 0.2733796 0.1030843 0.25 0.102422 0.2733796 0.1030843 0.2965456 0.1048111 0.2965468 0.1048099 0.2733796 0.1030843 0.2965468 0.1048099 0.2733796 0.1030843 0.2733793 0.1030858 0.2965419 0.1048147 0.2965456 0.1048111 0.25 0.102429 0.2733793 0.1030858 0.2500001 0.1024238 0.2965419 0.1048147 0.3187928 0.1074311 0.2965456 0.1048111 0.2965456 0.1048111 0.3187977 0.1074311 0.2965468 0.1048099 0.3187977 0.1074311 0.3374002 0.110051 0.3374094 0.1100519 0.3187928 0.1074311 0.3373734 0.1100484 0.3374002 0.110051 0.3373734 0.1100484 0.3492498 0.1120156 0.3374002 0.110051 0.3374002 0.110051 0.3492553 0.1120148 0.3374094 0.1100519 0.3492553 0.1120148 0.3374094 0.1100519 0.3374094 0.1100519 0.3187977 0.1074311 0.3374094 0.1100519 0.3187977 0.1074311 0.3374002 0.110051 0.3187977 0.1074311 0.3374094 0.1100519 0.3492553 0.1120148 0.3374002 0.110051 0.3374094 0.1100519 0.3187977 0.1074311 0.2965456 0.1048111 0.2965468 0.1048099 0.3187977 0.1074311 0.2965468 0.1048099 0.2965468 0.1048099 0.3187928 0.1074311 0.2965419 0.1048147 0.2965456 0.1048111 0.3373734 0.1100484 0.3187928 0.1074311 0.3374002 0.110051 0.3187784 0.1074311 0.2965466 0.1048101 0.2965419 0.1048147 0.3374081 0.1100518 0.3187784 0.1074311 0.3373734 0.1100484 0.3492498 0.1120156 0.3373734 0.1100484 0.3374002 0.110051 0.3492341 0.1120178 0.3374081 0.1100518 0.3373734 0.1100484 0.3492544 0.112015 0.3374091 0.1100519 0.3374081 0.1100518 0.3374091 0.1100519 0.318797 0.1074311 0.3374081 0.1100518 0.3571121 0.1145365 0.3492544 0.112015 0.3571118 0.1145368 0.3571118 0.1145368 0.3492341 0.1120178 0.3571047 0.1145482 0.3635724 0.1193031 0.3571118 0.1145368 0.3571047 0.1145482 0.3635634 0.1192773 0.3571121 0.1145365 0.3571118 0.1145368 0.3706044 0.1270236 0.3635634 0.1192773 0.3706405 0.1270864 0.3706405 0.1270864 0.3635724 0.1193031 0.3706477 0.1271015 0.3706477 0.1271015 0.3635653 0.119283 0.370602 0.1270201 0.3635653 0.119283 0.3571047 0.1145482 0.3571102 0.1145394 0.370602 0.1270201 0.3635594 0.11927 0.3705577 0.1269425 0.3635594 0.11927 0.3571102 0.1145394 0.3571121 0.1145364 0.3571102 0.1145394 0.3492553 0.1120148 0.3571121 0.1145364 0.3571047 0.1145482 0.3492498 0.1120156 0.3571102 0.1145394 0.3633906 0.1189771 0.3571121 0.1145364 0.3571121 0.1145364 0.3492552 0.1120148 0.3571121 0.1145364 0.3492553 0.1120148 0.3492552 0.1120148 0.35711 0.114539 0.3571121 0.1145364 0.35711 0.114539 0.3633906 0.1189771 0.3571121 0.1145364 0.3633905 0.1189771 0.3691718 0.1245391 0.3692071 0.1245997 0.3692071 0.1245997 0.3635594 0.11927 0.3633905 0.1189771 0.3633848 0.1189697 0.3691523 0.124507 0.3691718 0.1245391 0.3571037 0.1145465 0.3633848 0.1189697 0.35711 0.114539 0.3691523 0.124507 0.3794783 0.1384096 0.3691718 0.1245391 0.3691718 0.1245391 0.3794833 0.1384184 0.3692071 0.1245997 0.3794833 0.1384184 0.3892577 0.1526708 0.3892558 0.1526716 0.3794783 0.1384096 0.3892555 0.1526718 0.3892577 0.1526708 0.3892555 0.1526718 0.3976321 0.1675539 0.3892577 0.1526708 0.3892577 0.1526708 0.3976318 0.167554 0.3892557 0.1526716 0.3892557 0.1526716 0.397566 0.1675787 0.389131 0.1527254 0.3892558 0.1526716 0.3796209 0.1387247 0.3794833 0.1384184 0.3891257 0.1527283 0.3796209 0.1387247 0.389131 0.1527255 0.397566 0.1675787 0.3891257 0.1527283 0.389131 0.1527254 0.3705577 0.1269425 0.3796257 0.1387372 0.370602 0.1270201 0.3692071 0.1245997 0.3796209 0.1387247 0.3705577 0.1269425 0.3796257 0.1387372 0.3706477 0.1271015 0.370602 0.1270201 0.389118 0.1527332 0.3796257 0.1387372 0.3891257 0.1527283 0.3796315 0.1387549 0.3706405 0.1270864 0.3706477 0.1271015 0.3891468 0.1527187 0.3796315 0.1387549 0.389118 0.1527332 0.397562 0.1675802 0.389118 0.1527332 0.3891257 0.1527283 0.3975546 0.167583 0.3891468 0.1527187 0.389118 0.1527332 0.3975741 0.1675757 0.3891668 0.15271 0.3891468 0.1527187 0.3891668 0.15271 0.3796289 0.1387302 0.3891468 0.1527187 0.4046339 0.1829463 0.3975741 0.1675757 0.4046116 0.1829535 0.4046116 0.1829535 0.3975546 0.167583 0.404578 0.1829643 0.4101092 0.1988195 0.4046116 0.1829535 0.404578 0.1829643 0.4101272 0.1988149 0.4046339 0.1829463 0.4046116 0.1829535 0.4141585 0.2150326 0.4101272 0.1988149 0.4141348 0.2150364 0.4141348 0.2150364 0.4101092 0.1988195 0.4141281 0.2150375 0.4141281 0.2150375 0.4101192 0.1988172 0.4141595 0.2150325 0.4101192 0.1988172 0.404578 0.1829643 0.4045878 0.1829612 0.4101192 0.1988172 0.4141891 0.2150278 0.4141595 0.2150325 0.4101257 0.1988159 0.4045878 0.1829612 0.4045941 0.1829591 0.4045878 0.1829612 0.397566 0.1675788 0.4045941 0.1829591 0.404578 0.1829643 0.397562 0.1675802 0.4045878 0.1829612 0.4047328 0.1829143 0.4101257 0.1988159 0.4045941 0.1829591 0.4047327 0.1829143 0.397566 0.1675788 0.3976318 0.167554 0.3976318 0.167554 0.4047349 0.1829136 0.4047327 0.1829143 0.4047349 0.1829136 0.4102708 0.1987871 0.4047328 0.1829143 0.4102708 0.1987871 0.4150947 0.2148841 0.415072 0.2148877 0.415072 0.2148877 0.4101257 0.1988158 0.4102708 0.1987871 0.4102742 0.1987865 0.4151062 0.2148822 0.4150947 0.2148841 0.4047325 0.1829144 0.4102742 0.1987865 0.4047349 0.1829136 0.4151062 0.2148822 0.4166337 0.2314922 0.4150947 0.2148841 0.4150947 0.2148841 0.4166315 0.2314928 0.415072 0.2148877 0.4166315 0.2314928 0.4173145 0.2480913 0.4173166 0.2480914 0.4166337 0.2314922 0.4173086 0.2480911 0.4173145 0.2480913 0.4173086 0.2480911 0.416508 0.2646353 0.4173145 0.2480913 0.4173145 0.2480913 0.4165102 0.2646355 0.4173166 0.2480914 0.4173166 0.2480914 0.4165102 0.2646355 0.4173166 0.2480914 0.4173166 0.2480914 0.4165211 0.2315103 0.4166315 0.2314928 0.4173144 0.2480913 0.4165211 0.2315103 0.4173166 0.2480914 0.4165102 0.2646355 0.4173144 0.2480913 0.4173166 0.2480914 0.4165211 0.2315104 0.4141595 0.2150325 0.4141891 0.2150278 0.4166315 0.2314928 0.4141891 0.2150278 0.415072 0.2148877 0.4165157 0.231511 0.4141281 0.2150375 0.4141595 0.2150325 0.417308 0.2480912 0.4165157 0.231511 0.4173144 0.2480913 0.4165064 0.2315119 0.4141348 0.2150364 0.4141281 0.2150375 0.4173504 0.2480921 0.4165064 0.2315119 0.417308 0.2480912 0.416508 0.2646353 0.417308 0.2480912 0.4173144 0.2480913 0.4165017 0.2646346 0.4173504 0.2480921 0.417308 0.2480912 0.4165269 0.2646374 0.4173745 0.2480926 0.4173504 0.2480921 0.4173745 0.2480926 0.4165268 0.2315109 0.4173504 0.2480921 0.4141585 0.2810069 0.4165269 0.2646374 0.4141348 0.2810019 0.4141348 0.2810019 0.4165017 0.2646346 0.4140933 0.2809932 0.4101401 0.2970296 0.4141585 0.2810069 0.4141348 0.2810019 0.4101241 0.2970255 0.4141348 0.2810019 0.4140933 0.2809932 0.4046633 0.3125946 0.4101401 0.2970296 0.404663 0.3125945 0.404663 0.3125945 0.4101241 0.2970255 0.4046549 0.3125911 0.4046549 0.3125911 0.41013 0.2970272 0.4046612 0.3125938 0.41013 0.2970272 0.4140933 0.2809932 0.4140995 0.2809944 0.4046612 0.3125938 0.4101321 0.2970279 0.4046633 0.3125947 0.4101321 0.2970279 0.4140995 0.2809944 0.4141016 0.2809949 0.4140933 0.2809932 0.416508 0.2646353 0.4140995 0.2809944 0.416508 0.2646353 0.4141016 0.2809949 0.4140995 0.2809944 0.4141016 0.2809949 0.4165102 0.2646355 0.4165102 0.2646355 0.4141016 0.2809949 0.4101321 0.2970279 0.4141016 0.2809949 0.4140995 0.2809944 0.4101321 0.2970279 0.4141016 0.2809949 0.4165102 0.2646355 0.4140995 0.2809944 0.4141016 0.2809949 0.4101321 0.2970279 0.4046612 0.3125938 0.4046634 0.3125947 0.4101321 0.2970279 0.4046633 0.3125947 0.4101321 0.2970279 0.41013 0.2970272 0.4046549 0.3125911 0.4046612 0.3125938 0.4140933 0.2809931 0.41013 0.2970272 0.4140995 0.2809944 0.4046549 0.3125911 0.3975971 0.3274902 0.4046612 0.3125938 0.4046612 0.3125938 0.3975989 0.3274912 0.4046634 0.3125947 0.3975989 0.3274912 0.3891915 0.3416596 0.3891934 0.3416607 0.3975971 0.3274902 0.3891862 0.3416561 0.3891915 0.3416596 0.3891862 0.3416561 0.3794455 0.3549492 0.3891915 0.3416596 0.3891915 0.3416596 0.3794444 0.3549478 0.3891934 0.3416607 0.3794444 0.3549478 0.3891934 0.3416607 0.3891934 0.3416607 0.3975989 0.3274912 0.3891934 0.3416607 0.3975989 0.3274912 0.3891915 0.3416594 0.3975989 0.3274912 0.3891934 0.3416607 0.3793781 0.3548811 0.3891915 0.3416594 0.3891934 0.3416607 0.3975989 0.3274912 0.4046612 0.3125938 0.4046633 0.3125947 0.3975989 0.3274912 0.4046633 0.3125947 0.4046634 0.3125947 0.3975971 0.3274902 0.4046549 0.3125911 0.4046612 0.3125938 0.3891859 0.3416556 0.3975971 0.3274902 0.3891915 0.3416594 0.3975918 0.3274874 0.404663 0.3125945 0.4046549 0.3125911 0.3891931 0.3416605 0.3975918 0.3274874 0.3891859 0.3416556 0.3793745 0.3548778 0.3891859 0.3416556 0.3891915 0.3416594 0.3793682 0.3548722 0.3891931 0.3416605 0.3891859 0.3416556 0.3793714 0.3548743 0.3891933 0.3416607 0.3891931 0.3416605 0.3891933 0.3416607 0.3975986 0.3274911 0.3891931 0.3416605 0.3683742 0.3671163 0.3793714 0.3548743 0.368374 0.3671161 0.368374 0.3671161 0.3793682 0.3548722 0.3683909 0.367133 0.3561602 0.3781284 0.368374 0.3671161 0.3683909 0.367133 0.3561645 0.3781349 0.3683742 0.3671163 0.368374 0.3671161 0.3429883 0.3879697 0.3561645 0.3781349 0.3429749 0.3879496 0.3429749 0.3879496 0.3561602 0.3781284 0.3429712 0.3879442 0.3429712 0.3879442 0.3561675 0.3781375 0.3429889 0.3879708 0.3561675 0.3781375 0.3683909 0.367133 0.3684123 0.3671546 0.3429889 0.3879708 0.3561728 0.378144 0.3430056 0.3879958 0.3561728 0.378144 0.3684123 0.3671546 0.3684321 0.3671745 0.3684123 0.3671546 0.3793781 0.3548811 0.3684321 0.3671745 0.3683909 0.367133 0.3793745 0.3548778 0.3684123 0.3671546 0.3563016 0.3783046 0.3684321 0.3671745 0.3690156 0.3677614 0.3794444 0.3549478 0.3684321 0.3671745 0.3793781 0.3548811 0.3794444 0.3549478 0.3690303 0.3677763 0.3690156 0.3677614 0.3690303 0.3677763 0.3563016 0.3783046 0.3690156 0.3677614 0.3563016 0.3783046 0.3435187 0.3887666 0.3435057 0.3887472 0.3563016 0.3783046 0.3430056 0.3879958 0.3561728 0.378144 0.3563054 0.3783094 0.3435255 0.3887767 0.3435187 0.3887666 0.3690374 0.3677835 0.3563054 0.3783094 0.3690303 0.3677763 0.3435255 0.3887767 0.328951 0.3965105 0.3435187 0.3887666 0.3435187 0.3887666 0.3289495 0.3965086 0.3435057 0.3887472 0.3289495 0.3965087 0.3140629 0.4035047 0.3140636 0.4035066 0.328951 0.3965105 0.3140606 0.4034993 0.3140629 0.4035047 0.3140606 0.4034993 0.2986025 0.409114 0.3140629 0.4035047 0.3140629 0.4035047 0.2986024 0.4091122 0.3140636 0.4035066 0.2986024 0.4091122 0.3140636 0.4035066 0.3140636 0.4035066 0.3289495 0.3965087 0.3140636 0.4035066 0.3288869 0.3964148 0.3140627 0.4035045 0.3288869 0.3964148 0.3140636 0.4035066 0.298584 0.40902 0.3140627 0.4035045 0.3140636 0.4035066 0.3288869 0.3964148 0.3429889 0.3879708 0.3430056 0.3879957 0.3289495 0.3965086 0.3430056 0.3879957 0.3435057 0.3887472 0.3288841 0.3964101 0.3429712 0.3879442 0.3429889 0.3879708 0.3140601 0.4034982 0.3288841 0.3964101 0.3140627 0.4035045 0.3288795 0.3964021 0.3429749 0.3879496 0.3429712 0.3879442 0.3140635 0.4035063 0.3288795 0.3964021 0.3140601 0.4034982 0.2985829 0.4090152 0.3140601 0.4034982 0.3140627 0.4035045 0.2985807 0.409007 0.3140635 0.4035063 0.3140601 0.4034982 0.2985821 0.4090106 0.3140636 0.4035066 0.3140635 0.4035063 0.3140636 0.4035066 0.3288853 0.3964123 0.3140635 0.4035063 0.2826594 0.413056 0.2985821 0.4090106 0.2826594 0.4130558 0.2826594 0.4130558 0.2985807 0.409007 0.282664 0.4130792 0.2664043 0.4154012 0.2826594 0.4130558 0.282664 0.4130792 0.2664042 0.4154123 0.2826594 0.413056 0.2826594 0.4130558 0.282664 0.4130792 0.2985829 0.4090152 0.2826699 0.413109 0.2664054 0.4154108 0.282664 0.4130792 0.2826699 0.413109 0.2826699 0.413109 0.298584 0.40902 0.2826754 0.4131364 0.2664061 0.4154169 0.2826699 0.413109 0.2826754 0.4131365 0.2664244 0.4155467 0.2826754 0.4131365 0.2828364 0.4139478 0.2986024 0.4091122 0.2826754 0.4131364 0.298584 0.40902 0.2986024 0.4091122 0.2828404 0.4139683 0.2828364 0.4139478 0.2828404 0.4139683 0.2664244 0.4155467 0.2828364 0.4139478 0.2986025 0.409114 0.2828423 0.4139778 0.2828404 0.4139683 0.2828423 0.4139778 0.2664249 0.4155495 0.2828404 0.4139683 0.3288853 0.3964123 0.3429883 0.3879697 0.3429749 0.3879496 0.3794455 0.3549492 0.3690374 0.3677835 0.3690303 0.3677763 0.3975986 0.3274911 0.4046633 0.3125946 0.404663 0.3125945 0.416508 0.2646353 0.4140933 0.2809931 0.4140995 0.2809944 0.4165268 0.2315109 0.4141585 0.2150326 0.4141348 0.2150364 0.3976321 0.1675539 0.4047325 0.1829144 0.4047349 0.1829136 0.3796289 0.1387302 0.3706044 0.1270236 0.3706405 0.1270864 0.3492498 0.1120156 0.3571037 0.1145465 0.35711 0.114539 0.318797 0.1074311 0.2965468 0.1048099 0.2965466 0.1048101 0.2266207 0.1030858 0.25 0.102429 0.2500001 0.1024238 0.1808519 0.1074771 0.160761 0.1102918 0.1596904 0.1104322 0.1364678 0.119264 0.142935 0.1146181 0.1429108 0.1145767 0.1203804 0.1386889 0.1108067 0.1526985 0.1108069 0.1526986 0.1108067 0.1526985 0.1024014 0.1675664 0.1108069 0.1526986 0.1024014 0.1675664 0.09533673 0.1829367 0.09533691 0.1829368 0.0834065 0.2315065 0.08573693 0.215016 0.08573442 0.2150156 0.08336877 0.2646569 0.08541017 0.2810981 0.08517611 0.2811476 0.1023288 0.3275437 0.09539318 0.3125708 0.09536474 0.3125829 0.1206501 0.3548565 0.1316483 0.3670936 0.1316654 0.3670765 0.1711259 0.39639 0.1570482 0.3879148 0.157045 0.3879197 0.2013726 0.40916 0.2172611 0.413457 0.2172145 0.4136916 0.2664262 0.4156496 0.2828523 0.4140281 0.2828523 0.4140281 0.2664148 0.4155216 0.2828523 0.4140281 0.2827518 0.4135217 0.2828523 0.4140281 0.2986133 0.4091136 0.2827518 0.4135217 0.2986471 0.4092254 0.2828523 0.4140281 0.2986471 0.4092254 0.2827518 0.4135217 0.2986037 0.4090817 0.2827232 0.4133773 0.2664115 0.4154852 0.2827518 0.4135217 0.2827232 0.4133773 0.2986037 0.4090817 0.3142448 0.4039453 0.3141886 0.4038093 0.2986133 0.4091136 0.3144419 0.4044226 0.3142448 0.4039453 0.3142448 0.4039453 0.3289197 0.3964771 0.3141886 0.4038093 0.3144419 0.4044226 0.3289372 0.3965092 0.3142448 0.4039453 0.2986471 0.4092254 0.3144419 0.4044226 0.3144419 0.4044226 0.3289986 0.3966221 0.3144419 0.4044226 0.3289986 0.3966221 0.3289986 0.3966221 0.3144419 0.4044226 0.3289986 0.3966221 0.2986471 0.4092254 0.3144419 0.4044226 0.3144419 0.4044226 0.3289986 0.3966221 0.3435552 0.3888215 0.3435552 0.3888215 0.3289986 0.3966221 0.3435552 0.3888215 0.3435552 0.3888215 0.3289986 0.3966221 0.3435552 0.3888215 0.3435552 0.3888215 0.3289986 0.3966221 0.3144419 0.4044226 0.3289986 0.3966221 0.3289986 0.3966221 0.3435643 0.3888351 0.3435552 0.3888215 0.3289986 0.3966221 0.3144482 0.4044377 0.3289986 0.3966221 0.2986471 0.4092254 0.3144419 0.4044226 0.3144419 0.4044226 0.2986471 0.4092254 0.3144482 0.4044377 0.3144419 0.4044226 0.2986471 0.4092254 0.3144419 0.4044226 0.3144482 0.4044377 0.3289986 0.3966221 0.3144419 0.4044226 0.3289986 0.3966221 0.2986471 0.4092254 0.3144419 0.4044226 0.3144419 0.4044226 0.3144419 0.4044226 0.3289986 0.3966221 0.3289986 0.3966221 0.3289986 0.3966221 0.3144344 0.4044042 0.3289986 0.3966221 0.2986471 0.4092254 0.3144344 0.4044042 0.3144419 0.4044226 0.3289986 0.3966221 0.3435441 0.3888048 0.3435552 0.3888214 0.3289986 0.3966221 0.3435552 0.3888214 0.3435552 0.3888215 0.3289986 0.3966221 0.3435121 0.3887566 0.3435441 0.3888048 0.3289986 0.3966221 0.3144122 0.4043506 0.3289986 0.3966221 0.3289986 0.3966221 0.3257318 0.3624504 0.3435121 0.3887566 0.3289986 0.3966221 0.3021628 0.37506 0.3139848 0.3688254 0.2986471 0.4092254 0.3144122 0.4043506 0.3144344 0.4044042 0.2986471 0.4092254 0.3021628 0.37506 0.3144122 0.4043506 0.2894003 0.3790184 0.2938588 0.3552029 0.3021628 0.37506 0.3139848 0.3688254 0.2938588 0.3552029 0.3038314 0.3500273 0.283147 0.3585903 0.2846537 0.3331912 0.2938588 0.3552029 0.3038314 0.3500273 0.2846537 0.3331912 0.2925763 0.3291895 0.3139848 0.3688254 0.3136783 0.3446165 0.3257318 0.3624504 0.3038314 0.3500273 0.3003169 0.3248475 0.3136783 0.3446165 0.2820503 0.2978208 0.2925763 0.3291895 0.2771891 0.3007015 0.2720692 0.3030984 0.2925763 0.3291895 0.2846537 0.3331912 0.2323756 0.1990332 0.305889 0.2344092 0.2667383 0.3049873 0.2720692 0.3030984 0.2762151 0.3359456 0.2667383 0.3049873 0.2612483 0.3063503 0.2762151 0.3359455 0.2676646 0.3383301 0.283147 0.3585903 0.2676646 0.3383301 0.2762151 0.3359455 0.261192 0.3629556 0.2676646 0.3383301 0.2723578 0.3617221 0.2612483 0.3063503 0.2588512 0.3393901 0.2556511 0.3071731 0.261192 0.3629556 0.25 0.3400653 0.2588512 0.3393901 0.25 0.3074485 0.2588512 0.3393901 0.25 0.3400653 0.25 0.3074485 0.2411488 0.3393901 0.244349 0.3071731 0.2387515 0.3063503 0.2411488 0.33939 0.2323353 0.3383301 0.238808 0.3629555 0.2323353 0.3383301 0.2411488 0.33939 0.238808 0.3629555 0.25 0.3400653 0.25 0.3639231 0.216853 0.3585903 0.2323353 0.3383301 0.2276421 0.361722 0.2387515 0.3063503 0.2237848 0.3359456 0.2332616 0.3049874 0.216853 0.3585903 0.2153465 0.3331913 0.2237848 0.3359456 0.2279311 0.3030985 0.2237848 0.3359456 0.2153465 0.3331913 0.2279311 0.3030985 0.2074238 0.3291895 0.2228111 0.3007015 0.2179497 0.2978206 0.2074238 0.3291895 0.199683 0.3248475 0.1961686 0.3500273 0.199683 0.3248475 0.2074238 0.3291895 0.1961686 0.3500273 0.2153465 0.3331913 0.2061413 0.355203 0.1775473 0.3375955 0.199683 0.3248475 0.1863216 0.3446166 0.2179497 0.2978206 0.1926907 0.3193827 0.2133936 0.2944836 0.1775473 0.3375955 0.1859428 0.3136208 0.1926907 0.3193827 0.2091853 0.2907238 0.1926907 0.3193827 0.1859428 0.3136208 0.2091853 0.2907238 0.1801475 0.3069041 0.2053652 0.286578 0.2019684 0.2820879 0.1801475 0.3069041 0.1746497 0.2999454 0.1617017 0.321772 0.1746497 0.2999454 0.1801475 0.3069041 0.1617017 0.321772 0.1859428 0.3136208 0.1689419 0.3303691 0.1492372 0.303164 0.1746497 0.2999454 0.154667 0.3130075 0.2019684 0.2820879 0.1702711 0.2922366 0.1990271 0.2772976 0.1492372 0.303164 0.1662314 0.2843509 0.1702711 0.2922366 0.1965678 0.2722557 0.1702711 0.2922366 0.1662314 0.2843509 0.1965678 0.2722557 0.1634346 0.2759483 0.1946137 0.2670125 0.1931814 0.2616214 0.1634346 0.2759482 0.1610046 0.2674416 0.1406283 0.2824845 0.1610046 0.2674416 0.1634346 0.2759482 0.1406283 0.2824845 0.1662314 0.2843509 0.1440414 0.2931981 0.1362008 0.2605232 0.1610047 0.2674416 0.1374686 0.271699 0.1931814 0.2616214 0.1598933 0.2586703 0.192284 0.2561372 0.1362008 0.2605232 0.1591626 0.2498733 0.1598933 0.2586703 0.191928 0.2506166 0.1598933 0.2586703 0.1591626 0.2498733 0.191928 0.2506166 0.1597756 0.2410708 0.1921165 0.2451168 0.1928462 0.2396954 0.1597756 0.2410708 0.1607691 0.2323235 0.1361194 0.2381114 0.1607691 0.2323235 0.1597756 0.2410708 0.1361194 0.2381114 0.1591625 0.2498733 0.1351959 0.2493297 0.1403841 0.2160757 0.1607691 0.2323235 0.1373059 0.2269312 0.1928462 0.2396954 0.1630812 0.2238208 0.1941111 0.2344092 0.1403841 0.2160757 0.1657616 0.2154519 0.1630812 0.2238208 0.1958996 0.2293134 0.1630812 0.2238208 0.1657616 0.2154519 0.1958996 0.2293134 0.1696885 0.2075417 0.1981984 0.2244612 0.2009902 0.219901 0.1696885 0.2075417 0.1739619 0.1998369 0.1488346 0.1951658 0.1739619 0.1998369 0.1696885 0.2075417 0.1488346 0.1951658 0.1657616 0.2154519 0.1437168 0.2053127 0.1611632 0.1759158 0.1739619 0.1998369 0.1541919 0.1851608 0.2009902 0.219901 0.1793682 0.1927132 0.2042567 0.2156773 0.1611632 0.1759158 0.1850931 0.185852 0.1793682 0.1927132 0.2079765 0.211827 0.1793682 0.1927132 0.1850931 0.185852 0.2079765 0.211827 0.1896785 0.1817765 0.2121263 0.2083819 0.2166779 0.2053652 0.1896785 0.1817765 0.1945465 0.1780021 0.1732589 0.1623156 0.1945465 0.1780021 0.1896785 0.1817765 0.1732589 0.1623156 0.1850931 0.185852 0.1683548 0.1668523 0.1848616 0.1560701 0.1945465 0.1780021 0.1783583 0.1579871 0.2166779 0.2053652 0.2003813 0.175809 0.2215989 0.2027946 0.1848616 0.1560701 0.2064466 0.1739375 0.2003813 0.175809 0.2268478 0.2006814 0.2003813 0.175809 0.2064466 0.1739375 0.2268478 0.2006814 0.2170184 0.1718279 0.2323756 0.1990332 0.2381231 0.1978535 0.2170184 0.1718279 0.2277446 0.1700475 0.2057853 0.1519282 0.2277446 0.1700475 0.2170184 0.1718279 0.2057853 0.1519282 0.2064466 0.1739375 0.191524 0.1543754 0.2350577 0.1486954 0.2277446 0.1700475 0.2201532 0.1497085 0.2381231 0.1978535 0.2388449 0.1691632 0.2440225 0.1971454 0.2350577 0.1486954 0.25 0.1686107 0.2388449 0.1691632 0.2500001 0.1969091 0.2388449 0.1691632 0.25 0.1686107 0.2500001 0.1969091 0.2611551 0.1691632 0.2559774 0.1971454 0.2618771 0.1978536 0.2611551 0.1691632 0.2722555 0.1700475 0.2649424 0.1486954 0.2722555 0.1700475 0.2611551 0.1691632 0.2649424 0.1486954 0.25 0.1686107 0.25 0.1479116 0.2942149 0.1519282 0.2722555 0.1700475 0.2798469 0.1497085 0.2618771 0.1978536 0.2829818 0.1718279 0.2676246 0.1990333 0.2942149 0.1519282 0.2935535 0.1739374 0.2829817 0.1718279 0.2731524 0.2006813 0.2829817 0.1718279 0.2935535 0.1739374 0.2731524 0.2006813 0.2996187 0.175809 0.2784011 0.2027946 0.283322 0.2053651 0.2996187 0.175809 0.3054534 0.178002 0.3151385 0.1560702 0.3054534 0.178002 0.2996187 0.175809 0.3151385 0.1560702 0.2935535 0.1739374 0.3084761 0.1543754 0.326741 0.1623156 0.3054534 0.178002 0.3216416 0.157987 0.283322 0.2053651 0.3103214 0.1817764 0.2878736 0.2083818 0.326741 0.1623156 0.314907 0.185852 0.3103214 0.1817764 0.2920236 0.211827 0.3103214 0.1817764 0.314907 0.185852 0.2920236 0.211827 0.3206319 0.1927131 0.2957433 0.2156772 0.2990098 0.2199009 0.3206318 0.1927131 0.326038 0.1998368 0.3388368 0.1759158 0.326038 0.1998368 0.3206318 0.1927131 0.3388368 0.1759158 0.314907 0.185852 0.3316453 0.1668523 0.3511654 0.1951658 0.326038 0.1998368 0.3458081 0.1851607 0.2990098 0.2199009 0.3303115 0.2075417 0.3018016 0.2244611 0.3511654 0.1951658 0.3342384 0.215452 0.3303115 0.2075417 0.3041004 0.2293135 0.3303115 0.2075417 0.3342384 0.215452 0.3041004 0.2293135 0.3369188 0.2238208 0.305889 0.2344092 0.3071538 0.2396954 0.3369188 0.2238208 0.339231 0.2323235 0.3596159 0.2160757 0.339231 0.2323235 0.3369188 0.2238208 0.3596159 0.2160757 0.3342384 0.215452 0.3562832 0.2053128 0.3638806 0.2381114 0.339231 0.2323235 0.3626942 0.2269312 0.3071538 0.2396954 0.3402245 0.2410709 0.3078836 0.2451169 0.3638806 0.2381114 0.3408375 0.2498732 0.3402246 0.2410709 0.3080721 0.2506164 0.3402246 0.2410709 0.3408375 0.2498732 0.3080721 0.2506164 0.3401067 0.2586702 0.307716 0.256137 0.3068186 0.2616214 0.3401067 0.2586702 0.3389953 0.2674416 0.3637992 0.2605231 0.3389953 0.2674416 0.3401067 0.2586702 0.3637992 0.2605231 0.3408375 0.2498732 0.3648042 0.2493296 0.3593717 0.2824845 0.3389953 0.2674416 0.3625313 0.271699 0.3068186 0.2616214 0.3365653 0.2759483 0.3053862 0.2670125 0.3593717 0.2824845 0.3337686 0.284351 0.3365654 0.2759483 0.3034321 0.2722558 0.3365654 0.2759483 0.3337686 0.284351 0.3034321 0.2722558 0.3297289 0.2922366 0.3009728 0.2772976 0.2980318 0.2820879 0.3297289 0.2922366 0.3253505 0.2999455 0.3507629 0.3031639 0.3253505 0.2999455 0.3297289 0.2922366 0.3507629 0.3031639 0.3337686 0.284351 0.3559585 0.2931981 0.3382983 0.321772 0.3253505 0.2999455 0.345333 0.3130076 0.2980318 0.2820879 0.3198525 0.3069042 0.2946348 0.2865781 0.3382983 0.321772 0.3140571 0.3136208 0.3198525 0.3069042 0.2908146 0.2907238 0.3198525 0.3069042 0.3140571 0.3136208 0.2908146 0.2907238 0.3073093 0.3193827 0.2866064 0.2944836 0.2820503 0.2978208 0.3073093 0.3193827 0.3003169 0.3248475 0.3224527 0.3375955 0.3003169 0.3248475 0.3073093 0.3193827 0.3224527 0.3375955 0.3140571 0.3136208 0.3310581 0.3303691 0.3361138 0.3540255 0.3136783 0.3446165 0.3224527 0.3375955 0.3361138 0.3540255 0.3310581 0.3303691 0.3463948 0.345478 0.3549385 0.3351845 0.3310581 0.3303691 0.3382983 0.321772 0.3795444 0.3550174 0.3463948 0.345478 0.3549385 0.3351845 0.3563144 0.3783205 0.3463948 0.345478 0.3690184 0.3677642 0.3795444 0.3550174 0.3633595 0.3247911 0.3899508 0.3421718 0.3549385 0.3351845 0.345333 0.3130076 0.3633595 0.3247911 0.3977962 0.3275981 0.3633595 0.3247911 0.3697378 0.3130216 0.3697378 0.3130216 0.345333 0.3130076 0.3507629 0.3031639 0.3977962 0.3275981 0.3759764 0.3011792 0.405505 0.3129504 0.3697378 0.3130216 0.3559585 0.2931981 0.3759764 0.3011792 0.4103682 0.2970997 0.3759764 0.3011792 0.3799455 0.2883808 0.3799455 0.2883808 0.3559585 0.2931981 0.3593717 0.2824845 0.4103682 0.2970997 0.3837634 0.2755395 0.4150832 0.2812025 0.3799455 0.2883808 0.3625313 0.271699 0.3837634 0.2755395 0.4167773 0.2646663 0.3837634 0.2755395 0.3851726 0.2621946 0.3851726 0.2621946 0.3625313 0.271699 0.3637992 0.2605231 0.4167773 0.2646663 0.3864247 0.2488391 0.4183174 0.2481123 0.3851726 0.2621946 0.3648042 0.2493296 0.3864247 0.2488391 0.4167773 0.2314939 0.3864247 0.2488391 0.3852211 0.2354417 0.3852211 0.2354417 0.3648042 0.2493296 0.3638806 0.2381114 0.4167773 0.2314939 0.3838606 0.2220668 0.4150832 0.2148858 0.3852211 0.2354417 0.3626942 0.2269312 0.3838606 0.2220668 0.4103682 0.1987574 0.3838606 0.2220668 0.3800912 0.2090889 0.3800912 0.2090889 0.3626942 0.2269312 0.3596159 0.2160757 0.4103682 0.1987574 0.37617 0.1961662 0.405505 0.1826642 0.3800912 0.2090889 0.3562832 0.2053128 0.37617 0.1961662 0.3977962 0.1674925 0.37617 0.1961662 0.369978 0.1840014 0.369978 0.1840014 0.3562832 0.2053128 0.3511654 0.1951658 0.3977962 0.1674925 0.3636429 0.1719212 0.3899508 0.1523718 0.369978 0.1840014 0.3458081 0.1851607 0.3636429 0.1719212 0.3795444 0.1383558 0.3636429 0.1719212 0.3552598 0.1607627 0.3552598 0.1607627 0.3458081 0.1851607 0.3388368 0.1759158 0.3795444 0.1383558 0.3467452 0.1497124 0.3691898 0.1245698 0.3552598 0.1607627 0.3316453 0.1668523 0.3467452 0.1497124 0.3634565 0.1187999 0.3467452 0.1497124 0.3415535 0.1447597 0.3415535 0.1447597 0.3316453 0.1668523 0.326741 0.1623156 0.3634565 0.1187999 0.3362452 0.1399312 0.3577824 0.1133345 0.3415535 0.1447597 0.3216416 0.157987 0.3362452 0.1399312 0.3498419 0.1119327 0.3362452 0.1399312 0.3291392 0.1382635 0.3291392 0.1382635 0.3216416 0.157987 0.3151385 0.1560702 0.3498419 0.1119327 0.321938 0.1367282 0.3414957 0.1105876 0.3291392 0.1382635 0.3084761 0.1543754 0.321938 0.1367282 0.319333 0.1074312 0.321938 0.1367282 0.3043484 0.1339764 0.3043484 0.1339764 0.3084761 0.1543754 0.2942149 0.1519282 0.319333 0.1074312 0.2866951 0.1313604 0.2968001 0.1042746 0.3043484 0.1339764 0.2798469 0.1497085 0.2866951 0.1313604 0.2734109 0.1029279 0.2866951 0.1313604 0.2683588 0.1302311 0.2683588 0.1302311 0.2798469 0.1497085 0.2649424 0.1486954 0.2734109 0.1029279 0.25 0.1292386 0.25 0.1016893 0.2683588 0.1302311 0.25 0.1479116 0.25 0.1292386 0.2265892 0.102928 0.25 0.1292386 0.2316411 0.1302312 0.2316411 0.1302312 0.25 0.1479116 0.2350577 0.1486954 0.2265892 0.102928 0.2133049 0.1313604 0.2031999 0.1042747 0.2316411 0.1302312 0.2201532 0.1497085 0.2133049 0.1313604 0.1806672 0.1074312 0.2133049 0.1313604 0.1956517 0.1339764 0.1956517 0.1339764 0.2201532 0.1497085 0.2057853 0.1519282 0.1806672 0.1074312 0.1780621 0.1367282 0.1585043 0.1105876 0.1956517 0.1339764 0.191524 0.1543754 0.1780621 0.1367282 0.1501582 0.1119327 0.1780621 0.1367282 0.170861 0.1382635 0.170861 0.1382635 0.191524 0.1543754 0.1848616 0.1560701 0.1501582 0.1119327 0.1637547 0.1399313 0.1422175 0.1133345 0.170861 0.1382635 0.1783583 0.1579871 0.1637547 0.1399313 0.1365436 0.1187999 0.1637547 0.1399313 0.1584466 0.1447598 0.1584466 0.1447598 0.1783583 0.1579871 0.1732589 0.1623156 0.1365436 0.1187999 0.1532549 0.1497124 0.1308102 0.1245698 0.1584466 0.1447598 0.1683548 0.1668523 0.1532549 0.1497124 0.1204557 0.1383558 0.1532549 0.1497124 0.1447403 0.1607627 0.1447403 0.1607627 0.1683548 0.1668523 0.1611632 0.1759158 0.1204557 0.1383558 0.136357 0.1719212 0.1100492 0.1523718 0.1447403 0.1607627 0.1541919 0.1851608 0.136357 0.1719212 0.1022039 0.1674925 0.136357 0.1719212 0.1300221 0.1840013 0.1300221 0.1840013 0.1541919 0.1851608 0.1488346 0.1951658 0.1022039 0.1674925 0.1238299 0.1961661 0.09449493 0.1826642 0.1300221 0.1840013 0.1437168 0.2053127 0.1238299 0.1961661 0.08963185 0.1987574 0.1238299 0.1961661 0.1199088 0.2090889 0.1199088 0.2090889 0.1437168 0.2053127 0.1403841 0.2160757 0.08963185 0.1987574 0.1161394 0.2220668 0.08491671 0.2148858 0.1199088 0.2090889 0.1373059 0.2269312 0.1161394 0.2220668 0.08322274 0.2314939 0.1161394 0.2220668 0.1147789 0.2354416 0.1147789 0.2354416 0.1373059 0.2269312 0.1361194 0.2381114 0.08322274 0.2314939 0.1135753 0.2488392 0.08168256 0.2481124 0.1147789 0.2354416 0.1351959 0.2493297 0.1135753 0.2488392 0.08322274 0.2646663 0.1135753 0.2488392 0.1148275 0.2621946 0.1148275 0.2621946 0.1351959 0.2493297 0.1362008 0.2605232 0.08322274 0.2646663 0.1162365 0.2755395 0.08491671 0.2812024 0.1148275 0.2621946 0.1374686 0.271699 0.1162365 0.2755395 0.08963191 0.2970998 0.1162365 0.2755395 0.1200545 0.2883808 0.1200545 0.2883808 0.1374686 0.271699 0.1406283 0.2824845 0.08963191 0.2970998 0.1240236 0.3011792 0.09449499 0.3129506 0.1200545 0.2883808 0.1440414 0.2931981 0.1240236 0.3011792 0.1022039 0.3275981 0.1240236 0.3011792 0.1302622 0.3130216 0.1302622 0.3130216 0.1440414 0.2931981 0.1492372 0.303164 0.1022039 0.3275981 0.1366404 0.324791 0.1100491 0.3421717 0.1302622 0.3130216 0.154667 0.3130075 0.1366404 0.324791 0.1204556 0.3550174 0.1366404 0.324791 0.1450615 0.3351844 0.1450615 0.3351844 0.154667 0.3130075 0.1617017 0.321772 0.1204556 0.3550174 0.1536051 0.3454779 0.1309816 0.3677641 0.1450615 0.3351844 0.1689419 0.3303691 0.1536051 0.3454779 0.1436856 0.3783205 0.1536051 0.3454779 0.1638863 0.3540255 0.1638863 0.3540255 0.1689419 0.3303691 0.1775473 0.3375955 0.1436856 0.3783205 0.1742681 0.3624505 0.1564878 0.3887568 0.1638863 0.3540255 0.1863216 0.3446166 0.1742681 0.3624505 0.1710013 0.3966221 0.1742681 0.3624505 0.1860152 0.3688254 0.1860152 0.3688254 0.1863216 0.3446166 0.1961686 0.3500273 0.1710013 0.3966221 0.1978372 0.37506 0.1855877 0.4043506 0.1860152 0.3688254 0.2061413 0.355203 0.1978372 0.37506 0.2013528 0.4092254 0.1978372 0.37506 0.2105997 0.3790183 0.2105997 0.3790183 0.2061413 0.355203 0.216853 0.3585903 0.2013528 0.4092254 0.2234082 0.3828242 0.2171629 0.4139516 0.2105997 0.3790183 0.2276421 0.361722 0.2234082 0.3828242 0.2335739 0.4156495 0.2234082 0.3828242 0.2366964 0.3842142 0.2366964 0.3842142 0.2276421 0.361722 0.238808 0.3629555 0.2335739 0.4156495 0.25 0.3854457 0.2500001 0.4171931 0.2366964 0.3842142 0.25 0.3639231 0.25 0.3854457 0.2664262 0.4156496 0.25 0.3854457 0.2633037 0.3842143 0.2633037 0.3842143 0.25 0.3639231 0.261192 0.3629556 0.2664262 0.4156496 0.2765917 0.3828243 0.2828372 0.4139517 0.2633037 0.3842143 0.2723578 0.3617221 0.2765917 0.3828243 0.2986471 0.4092254 0.2765917 0.3828243 0.2894003 0.3790184 0.2894003 0.3790184 0.2723578 0.3617221 0.283147 0.3585903 0.2986471 0.4092254 0.2828372 0.4139517 0.2986471 0.4092254 0.2664262 0.4156496 0.2828372 0.4139517 0.2828484 0.4140085 0.2986471 0.4092254 0.2828484 0.4140085 0.2986471 0.4092254 0.2664262 0.4156496 0.2828484 0.4140085 0.2828523 0.4140281 0.2664262 0.4156496 0.25 0.417251 0.2664262 0.4156496 0.2664262 0.4156496 0.2500001 0.4171931 0.2664262 0.4156496 0.2335739 0.4156495 0.25 0.417251 0.25 0.417271 0.2335739 0.4156495 0.2500001 0.4171931 0.25 0.417251 0.2335739 0.4156495 0.2171516 0.4140084 0.2335739 0.4156495 0.2335739 0.4156495 0.2171629 0.4139516 0.2335739 0.4156495 0.2013528 0.4092254 0.2171516 0.4140084 0.2171477 0.414028 0.2013528 0.4092254 0.2171629 0.4139516 0.2171516 0.4140084 0.2013528 0.4092254 0.1855656 0.4044041 0.2013528 0.4092254 0.2013528 0.4092254 0.1855877 0.4043506 0.2013528 0.4092254 0.1710013 0.3966221 0.1855656 0.4044041 0.185558 0.4044226 0.1710013 0.3966221 0.1855877 0.4043506 0.1855656 0.4044041 0.1710013 0.3966221 0.1564557 0.388805 0.1710013 0.3966221 0.1710013 0.3966221 0.1564878 0.3887568 0.1710013 0.3966221 0.1436856 0.3783205 0.1564557 0.388805 0.1564446 0.3888216 0.1436856 0.3783205 0.1564878 0.3887568 0.1564557 0.388805 0.1436856 0.3783205 0.1309407 0.3678052 0.1436856 0.3783205 0.1436856 0.3783205 0.1309816 0.3677641 0.1436856 0.3783205 0.1204556 0.3550174 0.1309407 0.3678052 0.1309266 0.3678193 0.1204556 0.3550174 0.1309816 0.3677641 0.1309407 0.3678052 0.1204556 0.3550174 0.1100011 0.342204 0.1204556 0.3550174 0.1204556 0.3550174 0.1100491 0.3421717 0.1204556 0.3550174 0.1022039 0.3275981 0.1100011 0.342204 0.1099846 0.3422152 0.1022039 0.3275981 0.1100491 0.3421717 0.1100011 0.342204 0.1022039 0.3275981 0.09444165 0.3129732 0.1022039 0.3275981 0.1022039 0.3275981 0.09449499 0.3129506 0.1022039 0.3275981 0.08963191 0.2970998 0.09444165 0.3129732 0.09442329 0.312981 0.08963191 0.2970998 0.09449499 0.3129506 0.09444165 0.3129732 0.08963191 0.2970998 0.08486008 0.2812144 0.08963191 0.2970998 0.08963191 0.2970998 0.08491671 0.2812024 0.08963191 0.2970998 0.08322274 0.2646663 0.08486008 0.2812144 0.08484053 0.2812185 0.08322274 0.2646663 0.08491671 0.2812024 0.08486008 0.2812144 0.08322274 0.2646663 0.0816248 0.2481136 0.08322274 0.2646663 0.08322274 0.2646663 0.08168256 0.2481124 0.08322274 0.2646663 0.08322274 0.2314939 0.0816248 0.2481136 0.08160489 0.248114 0.08322274 0.2314939 0.08168256 0.2481124 0.0816248 0.2481136 0.08322274 0.2314939 0.08486008 0.2148768 0.08322274 0.2314939 0.08322274 0.2314939 0.08491671 0.2148858 0.08322274 0.2314939 0.08963185 0.1987574 0.08486008 0.2148768 0.08484053 0.2148737 0.08963185 0.1987574 0.08491671 0.2148858 0.08486008 0.2148768 0.08963185 0.1987574 0.09444159 0.1826469 0.08963185 0.1987574 0.08963185 0.1987574 0.09449493 0.1826642 0.08963185 0.1987574 0.1022039 0.1674925 0.09444159 0.1826469 0.09442323 0.1826409 0.1022039 0.1674925 0.09449493 0.1826642 0.09444159 0.1826469 0.1022039 0.1674925 0.1100012 0.152351 0.1022039 0.1674925 0.1022039 0.1674925 0.1100492 0.1523718 0.1022039 0.1674925 0.1204557 0.1383558 0.1100012 0.152351 0.1099846 0.1523439 0.1204556 0.1383558 0.1100492 0.1523718 0.1100012 0.152351 0.1204556 0.1383558 0.1308968 0.1244195 0.1204556 0.1383558 0.1204556 0.1383558 0.1308102 0.1245698 0.1204557 0.1383558 0.1365436 0.1187999 0.1308968 0.1244195 0.1309267 0.1243677 0.1365435 0.1187999 0.1308102 0.1245698 0.1308968 0.1244195 0.1365436 0.1187999 0.142175 0.1132584 0.1365435 0.1187999 0.1365435 0.1187999 0.1422175 0.1133345 0.1365436 0.1187999 0.1501582 0.1119327 0.142175 0.1132584 0.1421604 0.1132321 0.1501582 0.1119327 0.1422175 0.1133345 0.142175 0.1132584 0.1501582 0.1119327 0.1582453 0.1106216 0.1501582 0.1119327 0.1501582 0.1119327 0.1585043 0.1105876 0.1501582 0.1119327 0.1806672 0.1074312 0.1582453 0.1106216 0.158156 0.1106333 0.1806672 0.1074312 0.1585043 0.1105876 0.1582453 0.1106216 0.1806672 0.1074312 0.2031838 0.1042407 0.1806672 0.1074312 0.1806672 0.1074312 0.2031999 0.1042747 0.1806672 0.1074312 0.2265892 0.102928 0.2031838 0.1042407 0.2031783 0.104229 0.2265892 0.102928 0.2031999 0.1042747 0.2031838 0.1042407 0.2265892 0.102928 0.25 0.1016429 0.2265892 0.102928 0.2265892 0.102928 0.25 0.1016893 0.2265892 0.102928 0.2734109 0.1029279 0.25 0.1016429 0.25 0.1016269 0.2734109 0.1029279 0.25 0.1016893 0.25 0.1016429 0.2734109 0.1029279 0.2968162 0.1042407 0.2734109 0.1029279 0.2734109 0.1029279 0.2968001 0.1042746 0.2734109 0.1029279 0.3193329 0.1074312 0.2968162 0.1042407 0.2968217 0.104229 0.3193329 0.1074312 0.2968001 0.1042746 0.2968162 0.1042407 0.3193329 0.1074312 0.3417548 0.1106216 0.3193329 0.1074312 0.3193329 0.1074312 0.3414957 0.1105876 0.319333 0.1074312 0.3498419 0.1119327 0.3417548 0.1106216 0.3418441 0.1106333 0.3498419 0.1119327 0.3414957 0.1105876 0.3417548 0.1106216 0.3498419 0.1119327 0.3578249 0.1132584 0.3498419 0.1119327 0.3498419 0.1119327 0.3577824 0.1133345 0.3498419 0.1119327 0.3634565 0.1187999 0.3578249 0.1132584 0.3578396 0.1132321 0.3634565 0.1187999 0.3577824 0.1133345 0.3578249 0.1132584 0.3634565 0.1187999 0.3691031 0.1244195 0.3634565 0.1187999 0.3634565 0.1187999 0.3691898 0.1245698 0.3634565 0.1187999 0.3795444 0.1383558 0.3691031 0.1244195 0.3690733 0.1243677 0.3795444 0.1383558 0.3691898 0.1245698 0.3691031 0.1244195 0.3795444 0.1383558 0.3899988 0.1523511 0.3795444 0.1383558 0.3795444 0.1383558 0.3899508 0.1523718 0.3795444 0.1383558 0.3977962 0.1674925 0.3899988 0.1523511 0.3900154 0.1523439 0.3977962 0.1674925 0.3899508 0.1523718 0.3899988 0.1523511 0.3977962 0.1674925 0.4055584 0.1826469 0.3977962 0.1674925 0.3977962 0.1674925 0.405505 0.1826642 0.3977962 0.1674925 0.4103682 0.1987574 0.4055584 0.1826469 0.4055768 0.182641 0.4103682 0.1987574 0.405505 0.1826642 0.4055584 0.1826469 0.4103682 0.1987574 0.4151398 0.2148768 0.4103682 0.1987574 0.4103682 0.1987574 0.4150832 0.2148858 0.4103682 0.1987574 0.4167773 0.2314939 0.4151398 0.2148768 0.4151594 0.2148737 0.4167773 0.2314939 0.4150832 0.2148858 0.4151398 0.2148768 0.4167773 0.2314939 0.4183752 0.2481136 0.4167773 0.2314939 0.4167773 0.2314939 0.4183174 0.2481123 0.4167773 0.2314939 0.4167773 0.2646663 0.4183752 0.2481136 0.4183951 0.248114 0.4167773 0.2646663 0.4183174 0.2481123 0.4183752 0.2481136 0.4167773 0.2646663 0.4151398 0.2812144 0.4167773 0.2646663 0.4167773 0.2646663 0.4150832 0.2812025 0.4167773 0.2646663 0.4103682 0.2970998 0.4151398 0.2812144 0.4151594 0.2812186 0.4103682 0.2970998 0.4150832 0.2812025 0.4151398 0.2812144 0.4103682 0.2970997 0.4055584 0.312973 0.4103682 0.2970998 0.4103682 0.2970998 0.405505 0.3129504 0.4103682 0.2970997 0.3977962 0.3275981 0.4055584 0.312973 0.4055768 0.3129808 0.3977961 0.3275981 0.405505 0.3129504 0.4055584 0.312973 0.3977961 0.3275981 0.3899988 0.3422042 0.3977961 0.3275981 0.3977961 0.3275981 0.3899508 0.3421718 0.3977962 0.3275981 0.3795444 0.3550174 0.3899988 0.3422042 0.3900154 0.3422154 0.3795444 0.3550174 0.3899508 0.3421718 0.3899988 0.3422042 0.3795444 0.3550174 0.3690592 0.3678053 0.3795444 0.3550174 0.3795444 0.3550174 0.3690184 0.3677642 0.3795444 0.3550174 0.3563144 0.3783205 0.3690592 0.3678053 0.3690733 0.3678194 0.3563144 0.3783205 0.3690184 0.3677642 0.3690592 0.3678053 0.3563144 0.3783205 0.3435441 0.3888048 0.3563144 0.3783205 0.3563144 0.3783205 0.3435121 0.3887566 0.3563144 0.3783205 0.3563144 0.3783205 0.3257318 0.3624504 0.3361138 0.3540255 0.3563144 0.3783205 0.3690733 0.3678194 0.3690733 0.3678194 0.3435552 0.3888215 0.3563144 0.3783205 0.3563143 0.3783205 0.3563143 0.3783205 0.3435552 0.3888215 0.3563143 0.3783205 0.3563143 0.3783205 0.3690733 0.3678194 0.3690849 0.3678311 0.3289986 0.3966221 0.3435552 0.3888215 0.3435643 0.3888351 0.3563143 0.3783205 0.3435643 0.3888351 0.3563143 0.3783205 0.3795444 0.3550174 0.3690733 0.3678194 0.3795444 0.3550174 0.3690733 0.3678194 0.3795444 0.3550174 0.3795444 0.3550174 0.3795444 0.3550174 0.3900154 0.3422154 0.390029 0.3422245 0.3795444 0.3550175 0.3900154 0.3422154 0.3900154 0.3422154 0.3977961 0.3275981 0.3900154 0.3422154 0.3977961 0.3275981 0.3900154 0.3422154 0.3977961 0.3275981 0.3977961 0.3275981 0.3977961 0.3275981 0.4055768 0.3129808 0.4055919 0.3129872 0.3977962 0.3275981 0.4055768 0.3129808 0.4055768 0.3129808 0.4103682 0.2970998 0.4055768 0.3129808 0.4103682 0.2970998 0.4055768 0.3129808 0.4103682 0.2970997 0.4103682 0.2970998 0.4103682 0.2970998 0.4151594 0.2812186 0.4151754 0.281222 0.4103682 0.2970998 0.4151594 0.2812186 0.4151594 0.2812186 0.4167773 0.2646663 0.4151594 0.2812186 0.4167773 0.2646663 0.4151594 0.2812186 0.4167773 0.2646663 0.4167773 0.2646663 0.4167773 0.2646663 0.4183951 0.248114 0.4184114 0.2481144 0.4167773 0.2646663 0.4183951 0.248114 0.4183951 0.248114 0.4167773 0.2314939 0.4183951 0.248114 0.4167773 0.2314939 0.4183951 0.248114 0.4167773 0.2314939 0.4167773 0.2314939 0.4167773 0.2314939 0.4151594 0.2148737 0.4151754 0.2148712 0.4167773 0.2314939 0.4151594 0.2148737 0.4151594 0.2148737 0.4103682 0.1987574 0.4151594 0.2148737 0.4103682 0.1987574 0.4151594 0.2148737 0.4103682 0.1987574 0.4103682 0.1987574 0.4103682 0.1987574 0.4055768 0.182641 0.4055919 0.1826361 0.4103682 0.1987574 0.4055768 0.182641 0.4055768 0.182641 0.3977962 0.1674925 0.4055768 0.182641 0.3977962 0.1674925 0.4055768 0.182641 0.3977962 0.1674925 0.3977962 0.1674925 0.3977962 0.1674925 0.3900154 0.1523439 0.390029 0.1523381 0.3977962 0.1674925 0.3900154 0.1523439 0.3900154 0.1523439 0.3795444 0.1383558 0.3900154 0.1523439 0.3795444 0.1383558 0.3900154 0.1523439 0.3795444 0.1383558 0.3795444 0.1383558 0.3795444 0.1383558 0.3690733 0.1243677 0.3690488 0.1243251 0.3795444 0.1383558 0.3690733 0.1243677 0.3690733 0.1243677 0.3634565 0.1187999 0.3690733 0.1243677 0.3634565 0.1187999 0.3690733 0.1243677 0.3634565 0.1187999 0.3634565 0.1187999 0.3634565 0.1187999 0.3578396 0.1132321 0.3578516 0.1132106 0.3634565 0.1187999 0.3578396 0.1132321 0.3578396 0.1132321 0.3498419 0.1119327 0.3578396 0.1132321 0.3498419 0.1119327 0.3578396 0.1132321 0.3498419 0.1119327 0.3498419 0.1119327 0.3498419 0.1119327 0.3418441 0.1106333 0.3419174 0.1106429 0.3498419 0.1119327 0.3418441 0.1106333 0.3418441 0.1106333 0.3193329 0.1074312 0.3418441 0.1106333 0.3193329 0.1074312 0.3418441 0.1106333 0.3193329 0.1074312 0.3193329 0.1074312 0.3193329 0.1074312 0.2968217 0.104229 0.2968263 0.1042194 0.3193329 0.1074312 0.2968217 0.104229 0.2968217 0.104229 0.2734109 0.1029279 0.2968217 0.104229 0.2734109 0.1029279 0.2968217 0.104229 0.2734109 0.1029279 0.2734109 0.1029279 0.2734109 0.1029279 0.25 0.1016269 0.25 0.1016137 0.2734109 0.102928 0.25 0.1016269 0.25 0.1016269 0.2265892 0.102928 0.25 0.1016269 0.2265892 0.102928 0.25 0.1016269 0.2265892 0.102928 0.2265892 0.102928 0.2265892 0.102928 0.2031784 0.104229 0.2031738 0.1042194 0.2265892 0.102928 0.2031783 0.104229 0.2031784 0.104229 0.1806672 0.1074312 0.2031784 0.104229 0.1806672 0.1074312 0.2031784 0.104229 0.1806672 0.1074312 0.1806672 0.1074312 0.1806672 0.1074312 0.158156 0.1106333 0.1580826 0.1106429 0.1806672 0.1074312 0.158156 0.1106333 0.158156 0.1106333 0.1501582 0.1119327 0.158156 0.1106333 0.1501582 0.1119327 0.158156 0.1106333 0.1501582 0.1119327 0.1501582 0.1119327 0.1501582 0.1119327 0.1421604 0.1132321 0.1421483 0.1132106 0.1501582 0.1119327 0.1421604 0.1132321 0.1421604 0.1132321 0.1365436 0.1187999 0.1421604 0.1132321 0.1365436 0.1187999 0.1421604 0.1132321 0.1365436 0.1187999 0.1365436 0.1187999 0.1365436 0.1187999 0.1309267 0.1243677 0.1309512 0.1243252 0.1365436 0.1187999 0.1309267 0.1243677 0.1309267 0.1243677 0.1204557 0.1383558 0.1309267 0.1243677 0.1204557 0.1383558 0.1309267 0.1243677 0.1204556 0.1383558 0.1204557 0.1383558 0.1204557 0.1383558 0.1099846 0.1523439 0.109971 0.152338 0.1204557 0.1383558 0.1099846 0.1523439 0.1099846 0.1523439 0.1022039 0.1674925 0.1099846 0.1523439 0.1022039 0.1674925 0.1099846 0.1523439 0.1022039 0.1674925 0.1022039 0.1674925 0.1022039 0.1674925 0.09442323 0.1826409 0.09440809 0.182636 0.1022039 0.1674925 0.09442323 0.1826409 0.09442323 0.1826409 0.08963185 0.1987574 0.09442323 0.1826409 0.08963185 0.1987574 0.09442323 0.1826409 0.08963185 0.1987574 0.08963185 0.1987574 0.08963185 0.1987574 0.08484053 0.2148737 0.0848245 0.2148712 0.08963191 0.1987574 0.08484053 0.2148737 0.08484053 0.2148737 0.08322274 0.2314939 0.08484053 0.2148737 0.08322274 0.2314939 0.08484053 0.2148737 0.08322274 0.2314939 0.08322274 0.2314939 0.08322274 0.2314939 0.08160489 0.248114 0.08158856 0.2481143 0.08322274 0.2314939 0.08160489 0.248114 0.08160489 0.248114 0.08322274 0.2646663 0.08160489 0.248114 0.08322274 0.2646663 0.08160489 0.248114 0.08322274 0.2646663 0.08322274 0.2646663 0.08322274 0.2646663 0.08484053 0.2812185 0.0848245 0.2812219 0.08322274 0.2646663 0.08484053 0.2812185 0.08484053 0.2812185 0.08963191 0.2970998 0.08484053 0.2812185 0.08963191 0.2970998 0.08484053 0.2812185 0.08963191 0.2970998 0.08963191 0.2970998 0.08963191 0.2970998 0.09442329 0.312981 0.09440815 0.3129873 0.08963191 0.2970998 0.09442329 0.312981 0.09442329 0.312981 0.1022039 0.3275981 0.09442329 0.312981 0.1022039 0.3275981 0.09442329 0.312981 0.1022039 0.3275981 0.1022039 0.3275981 0.1022039 0.3275981 0.1099846 0.3422152 0.109971 0.3422244 0.1022039 0.3275981 0.1099846 0.3422152 0.1099846 0.3422152 0.1204556 0.3550174 0.1099846 0.3422152 0.1204556 0.3550174 0.1099846 0.3422152 0.1204556 0.3550174 0.1204556 0.3550174 0.1204556 0.3550174 0.1309266 0.3678194 0.1309151 0.367831 0.1204556 0.3550174 0.1309266 0.3678193 0.1309266 0.3678194 0.1436856 0.3783205 0.1309266 0.3678194 0.1436856 0.3783205 0.1309266 0.3678194 0.1436856 0.3783205 0.1436856 0.3783205 0.1436856 0.3783205 0.1564446 0.3888216 0.1564356 0.3888352 0.1436856 0.3783205 0.1564446 0.3888216 0.1564446 0.3888216 0.1710013 0.3966221 0.1564447 0.3888216 0.1710013 0.3966221 0.1564447 0.3888216 0.1710013 0.3966221 0.1710013 0.3966221 0.1710013 0.3966221 0.185558 0.4044226 0.1855517 0.4044377 0.1710013 0.3966221 0.185558 0.4044226 0.185558 0.4044226 0.2013528 0.4092254 0.185558 0.4044226 0.2013528 0.4092254 0.185558 0.4044226 0.2013528 0.4092254 0.2013528 0.4092254 0.2013528 0.4092254 0.2171477 0.414028 0.2171446 0.4140441 0.2013528 0.4092254 0.2171477 0.414028 0.2171477 0.414028 0.2335739 0.4156495 0.2171477 0.414028 0.2335739 0.4156495 0.2171477 0.414028 0.2335739 0.4156495 0.2335739 0.4156495 0.2335739 0.4156495 0.25 0.417271 0.2500001 0.4172874 0.2335739 0.4156495 0.25 0.417271 0.25 0.417271 0.2664262 0.4156496 0.25 0.417271 0.2664262 0.4156496 0.25 0.417271 0.2664262 0.4156496 0.2664262 0.4156496 0.2664262 0.4156496 0.2828523 0.4140281 0.2828555 0.4140442 0.2664262 0.4156496 0.2828523 0.4140281 0.2828523 0.4140281 0.2986471 0.4092254 0.2828523 0.4140281 0.2986471 0.4092254 0.2828523 0.4140281 0.2986471 0.4092254 0.2986471 0.4092254 0.2986471 0.4092254 0.2828555 0.4140442 0.2986471 0.4092254 0.2664262 0.4156496 0.2828555 0.4140442 0.2828523 0.4140281 0.2986471 0.4092254 0.2828523 0.4140281 0.2986471 0.4092254 0.2664262 0.4156496 0.2828523 0.4140281 0.2828523 0.4140281 0.2664262 0.4156496 0.25 0.417271 0.2664262 0.4156496 0.2664262 0.4156496 0.2500001 0.4172874 0.2664262 0.4156496 0.2335739 0.4156495 0.25 0.417271 0.25 0.417271 0.2335739 0.4156495 0.2500001 0.4172874 0.25 0.417271 0.2335739 0.4156495 0.2171477 0.414028 0.2335739 0.4156495 0.2335739 0.4156495 0.2171446 0.4140441 0.2335739 0.4156495 0.2013528 0.4092254 0.2171477 0.414028 0.2171477 0.414028 0.2013528 0.4092254 0.2171446 0.4140441 0.2171477 0.414028 0.2013528 0.4092254 0.185558 0.4044226 0.2013528 0.4092254 0.2013528 0.4092254 0.1855517 0.4044377 0.2013528 0.4092254 0.1710013 0.3966221 0.185558 0.4044226 0.185558 0.4044226 0.1710013 0.3966221 0.1855517 0.4044377 0.185558 0.4044226 0.1710013 0.3966221 0.1564447 0.3888216 0.1710013 0.3966221 0.1710013 0.3966221 0.1564356 0.3888352 0.1710013 0.3966221 0.1436856 0.3783205 0.1564447 0.3888216 0.1564446 0.3888216 0.1436856 0.3783205 0.1564356 0.3888352 0.1564447 0.3888216 0.1436856 0.3783205 0.1309266 0.3678194 0.1436856 0.3783205 0.1436856 0.3783205 0.1309151 0.367831 0.1436856 0.3783205 0.1204556 0.3550174 0.1309266 0.3678194 0.1309266 0.3678194 0.1204556 0.3550174 0.1309151 0.367831 0.1309266 0.3678194 0.1204556 0.3550174 0.1099846 0.3422152 0.1204556 0.3550174 0.1204556 0.3550174 0.109971 0.3422244 0.1204556 0.3550174 0.1022039 0.3275982 0.1099846 0.3422152 0.1099846 0.3422152 0.1022039 0.3275981 0.109971 0.3422244 0.1099846 0.3422152 0.1022039 0.3275982 0.09442329 0.312981 0.1022039 0.3275981 0.1022039 0.3275981 0.09440815 0.3129873 0.1022039 0.3275981 0.08963191 0.2970998 0.09442329 0.312981 0.09442329 0.312981 0.08963191 0.2970998 0.09440815 0.3129873 0.09442329 0.312981 0.08963191 0.2970998 0.08484053 0.2812185 0.08963191 0.2970998 0.08963191 0.2970998 0.0848245 0.2812219 0.08963191 0.2970998 0.08322274 0.2646663 0.08484053 0.2812185 0.08484053 0.2812185 0.08322274 0.2646663 0.0848245 0.2812219 0.08484053 0.2812185 0.08322274 0.2646663 0.08160489 0.248114 0.08322274 0.2646663 0.08322274 0.2646663 0.08158856 0.2481143 0.08322274 0.2646663 0.08322274 0.2314939 0.08160489 0.248114 0.08160489 0.2481139 0.08322274 0.2314939 0.08158856 0.2481143 0.08160489 0.248114 0.08322274 0.2314939 0.08484053 0.2148737 0.08322274 0.2314939 0.08322274 0.2314939 0.0848245 0.2148712 0.08322274 0.2314939 0.08963185 0.1987574 0.08484053 0.2148737 0.08484053 0.2148737 0.08963191 0.1987574 0.0848245 0.2148712 0.08484053 0.2148737 0.08963185 0.1987574 0.09442323 0.1826409 0.08963191 0.1987574 0.08963191 0.1987574 0.09440809 0.182636 0.08963185 0.1987574 0.1022039 0.1674925 0.09442323 0.1826409 0.09442323 0.1826409 0.1022039 0.1674925 0.09440809 0.182636 0.09442323 0.1826409 0.1022039 0.1674925 0.1099846 0.1523439 0.1022039 0.1674925 0.1022039 0.1674925 0.109971 0.152338 0.1022039 0.1674925 0.1204557 0.1383558 0.1099846 0.1523439 0.1099846 0.1523439 0.1204557 0.1383558 0.109971 0.152338 0.1099846 0.1523439 0.1204557 0.1383558 0.1309267 0.1243677 0.1204557 0.1383558 0.1204557 0.1383558 0.1309512 0.1243252 0.1204557 0.1383558 0.1365435 0.1187999 0.1309267 0.1243677 0.1309267 0.1243677 0.1365436 0.1187999 0.1309512 0.1243252 0.1309267 0.1243677 0.1365435 0.1187999 0.1421604 0.1132321 0.1365436 0.1187999 0.1365436 0.1187999 0.1421483 0.1132106 0.1365436 0.1187999 0.1501582 0.1119327 0.1421604 0.1132321 0.1421604 0.1132321 0.1501582 0.1119327 0.1421483 0.1132106 0.1421604 0.1132321 0.1501582 0.1119327 0.158156 0.1106333 0.1501582 0.1119327 0.1501582 0.1119327 0.1580826 0.1106429 0.1501582 0.1119327 0.1806672 0.1074312 0.158156 0.1106333 0.158156 0.1106333 0.1806672 0.1074312 0.1580826 0.1106429 0.158156 0.1106333 0.1806672 0.1074312 0.2031784 0.104229 0.1806672 0.1074312 0.1806672 0.1074312 0.2031738 0.1042194 0.1806672 0.1074312 0.2265892 0.102928 0.2031784 0.104229 0.2031784 0.104229 0.2265892 0.102928 0.2031738 0.1042194 0.2031784 0.104229 0.2265892 0.102928 0.25 0.1016269 0.2265892 0.102928 0.2265892 0.102928 0.25 0.1016137 0.2265892 0.102928 0.2734109 0.1029279 0.25 0.1016269 0.25 0.1016269 0.2734109 0.1029279 0.25 0.1016137 0.25 0.1016269 0.2734109 0.1029279 0.2968217 0.104229 0.2734109 0.1029279 0.2734109 0.1029279 0.2968263 0.1042194 0.2734109 0.1029279 0.3193329 0.1074312 0.2968217 0.104229 0.2968217 0.104229 0.3193329 0.1074312 0.2968263 0.1042194 0.2968217 0.104229 0.3193329 0.1074312 0.3418441 0.1106333 0.3193329 0.1074312 0.3193329 0.1074312 0.3419174 0.1106429 0.3193329 0.1074312 0.3498419 0.1119327 0.3418441 0.1106333 0.3418441 0.1106333 0.3498419 0.1119327 0.3419174 0.1106429 0.3418441 0.1106333 0.3498419 0.1119327 0.3578396 0.1132321 0.3498419 0.1119327 0.3498419 0.1119327 0.3578516 0.1132106 0.3498419 0.1119327 0.3634565 0.1187999 0.3578396 0.1132321 0.3578396 0.1132321 0.3634565 0.1187999 0.3578516 0.1132106 0.3578396 0.1132321 0.3634565 0.1187999 0.3690733 0.1243677 0.3634565 0.1187999 0.3634565 0.1187999 0.3690488 0.1243251 0.3634565 0.1187999 0.3795444 0.1383558 0.3690733 0.1243677 0.3690733 0.1243677 0.3795444 0.1383558 0.3690488 0.1243251 0.3690733 0.1243677 0.3795444 0.1383558 0.3900154 0.1523439 0.3795444 0.1383558 0.3795444 0.1383558 0.390029 0.1523381 0.3795444 0.1383558 0.3977962 0.1674925 0.3900154 0.1523439 0.3900154 0.1523439 0.3977962 0.1674925 0.390029 0.1523381 0.3900154 0.1523439 0.3977962 0.1674925 0.4055768 0.182641 0.3977962 0.1674925 0.3977962 0.1674925 0.4055919 0.1826361 0.3977962 0.1674925 0.4103682 0.1987574 0.4055768 0.182641 0.4055768 0.182641 0.4103682 0.1987574 0.4055919 0.1826361 0.4055768 0.182641 0.4103682 0.1987574 0.4151594 0.2148737 0.4103682 0.1987574 0.4103682 0.1987574 0.4151754 0.2148712 0.4103682 0.1987574 0.4167773 0.2314939 0.4151594 0.2148737 0.4151594 0.2148737 0.4167773 0.2314939 0.4151754 0.2148712 0.4151594 0.2148737 0.4167773 0.2314939 0.4183951 0.248114 0.4167773 0.2314939 0.4167773 0.2314939 0.4184114 0.2481144 0.4167773 0.2314939 0.4167773 0.2646663 0.4183951 0.248114 0.4183951 0.248114 0.4167773 0.2646663 0.4184114 0.2481144 0.4183951 0.248114 0.4167773 0.2646663 0.4151594 0.2812186 0.4167773 0.2646663 0.4167773 0.2646663 0.4151754 0.281222 0.4167773 0.2646663 0.4103682 0.2970998 0.4151594 0.2812186 0.4151594 0.2812186 0.4103682 0.2970997 0.4151754 0.281222 0.4151594 0.2812186 0.4103682 0.2970998 0.4055768 0.3129808 0.4103682 0.2970997 0.4103682 0.2970997 0.4055919 0.3129872 0.4103682 0.2970998 0.3977961 0.3275981 0.4055768 0.3129808 0.4055768 0.3129808 0.3977961 0.3275981 0.4055919 0.3129872 0.4055768 0.3129808 0.3977961 0.3275981 0.3900154 0.3422154 0.3977961 0.3275981 0.3977961 0.3275981 0.390029 0.3422245 0.3977961 0.3275981 0.3795444 0.3550174 0.3900154 0.3422154 0.3900154 0.3422154 0.3795444 0.3550174 0.390029 0.3422245 0.3900154 0.3422154 0.3795444 0.3550174 0.3690733 0.3678194 0.3795444 0.3550174 0.3795444 0.3550174 0.3690849 0.3678311 0.3795444 0.3550174 0.3563144 0.3783205 0.3690733 0.3678194 0.3690733 0.3678194 0.3563143 0.3783205 0.3690849 0.3678311 0.3690733 0.3678194 0.3563144 0.3783205 0.3435552 0.3888215 0.3563143 0.3783205 0.3563143 0.3783205 0.3435552 0.3888215 0.3563144 0.3783205 0.3563143 0.3783205 0.3690733 0.3678194 0.3690733 0.3678194 0.3563143 0.3783205 0.3690733 0.3678194 0.3690733 0.3678194 0.3563143 0.3783205 0.3435552 0.3888215 0.3563143 0.3783205 0.3562339 0.3782202 0.3690733 0.3678194 0.368709 0.367453 0.3435552 0.3888215 0.3562339 0.3782203 0.343243 0.3883525 0.343243 0.3883525 0.356211 0.3781917 0.3431541 0.3882188 0.356211 0.3781917 0.368709 0.367453 0.3686053 0.3673486 0.368709 0.367453 0.3794286 0.3549217 0.3686053 0.3673486 0.3690733 0.3678194 0.3794543 0.354943 0.368709 0.367453 0.3794286 0.3549217 0.3895871 0.3419263 0.3894649 0.341844 0.3794543 0.354943 0.3900154 0.3422154 0.3895871 0.3419263 0.3795444 0.3550174 0.3900153 0.3422154 0.3900154 0.3422154 0.3795444 0.3550174 0.3690733 0.3678194 0.3795443 0.3550174 0.3795444 0.3550174 0.3900154 0.3422154 0.3900153 0.3422154 0.3795443 0.3550174 0.3690733 0.3678194 0.3795444 0.3550174 0.3977961 0.3275981 0.3900154 0.3422154 0.3977961 0.3275981 0.3977961 0.3275981 0.3900154 0.3422154 0.3977961 0.3275981 0.3977961 0.3275981 0.4055768 0.3129808 0.4055768 0.3129808 0.3977961 0.3275981 0.4055768 0.3129808 0.4055768 0.3129808 0.3976933 0.3275424 0.4055768 0.3129808 0.4051008 0.3127796 0.3900154 0.3422154 0.3976933 0.3275424 0.3895871 0.3419263 0.3895871 0.3419263 0.3976641 0.3275265 0.3894649 0.341844 0.3976641 0.3275265 0.4051008 0.3127796 0.4049652 0.3127223 0.4051008 0.3127796 0.4102101 0.2970516 0.4049652 0.3127223 0.4055768 0.3129808 0.4102451 0.2970623 0.4051008 0.3127796 0.4102101 0.2970516 0.4146081 0.281102 0.4144511 0.2810688 0.4102451 0.2970623 0.4151594 0.2812186 0.4146081 0.281102 0.4103682 0.2970997 0.4151594 0.2812186 0.4151594 0.2812186 0.4103682 0.2970997 0.4055768 0.3129808 0.4103682 0.2970997 0.4103682 0.2970997 0.4151594 0.2812186 0.4151594 0.2812186 0.4103682 0.2970997 0.4055768 0.3129808 0.4103682 0.2970998 0.4167773 0.2646663 0.4151594 0.2812186 0.4167773 0.2646663 0.4167773 0.2646663 0.4151594 0.2812186 0.4167773 0.2646663 0.4167773 0.2646663 0.4183951 0.248114 0.4183951 0.248114 0.4167773 0.2646663 0.4183951 0.248114 0.4183951 0.248114 0.4166381 0.2646503 0.4183951 0.248114 0.4178331 0.2481022 0.4151594 0.2812186 0.4166381 0.2646503 0.4146082 0.281102 0.4146082 0.281102 0.4165985 0.2646457 0.4144511 0.2810688 0.4165985 0.2646457 0.4178331 0.2481022 0.4176729 0.2480989 0.4178331 0.2481022 0.4165985 0.2315061 0.4176729 0.2480989 0.4183951 0.248114 0.4166381 0.2315034 0.4178331 0.2481022 0.4165985 0.2315061 0.4146082 0.2149613 0.4144511 0.2149862 0.4166381 0.2315034 0.4151594 0.2148737 0.4146082 0.2149613 0.4167773 0.2314939 0.4151594 0.2148737 0.4151594 0.2148737 0.4167773 0.2314939 0.4183951 0.248114 0.4167773 0.2314939 0.4167773 0.2314939 0.4151594 0.2148737 0.4151594 0.2148737 0.4167773 0.2314939 0.4183951 0.248114 0.4167773 0.2314939 0.4103682 0.1987574 0.4151594 0.2148737 0.4103682 0.1987574 0.4103682 0.1987574 0.4151594 0.2148737 0.4103682 0.1987574 0.4103682 0.1987574 0.4055768 0.182641 0.4055768 0.182641 0.4103682 0.1987574 0.4055768 0.182641 0.4055768 0.182641 0.4102343 0.1987894 0.4055768 0.182641 0.4050576 0.1828091 0.4151594 0.2148737 0.4102343 0.1987894 0.4146082 0.2149613 0.4146082 0.2149613 0.4101962 0.1987984 0.4144511 0.2149862 0.4101962 0.1987984 0.4050576 0.1828091 0.4049096 0.182857 0.4050576 0.1828091 0.3976377 0.1675519 0.4049096 0.182857 0.4055768 0.182641 0.3976728 0.1675387 0.4050576 0.1828091 0.3976377 0.1675519 0.3895481 0.1525455 0.3894149 0.152603 0.3976728 0.1675387 0.3900154 0.1523439 0.3895481 0.1525455 0.3977962 0.1674925 0.3900154 0.1523439 0.3900154 0.1523439 0.3977962 0.1674925 0.4055768 0.182641 0.3977962 0.1674925 0.3977962 0.1674925 0.3900154 0.1523439 0.3900154 0.1523439 0.3977962 0.1674925 0.4055768 0.182641 0.3977962 0.1674925 0.3795444 0.1383558 0.3900154 0.1523439 0.3795444 0.1383558 0.3795444 0.1383558 0.3900154 0.1523439 0.3795444 0.1383558 0.3795444 0.1383558 0.3690733 0.1243677 0.3690733 0.1243677 0.3795444 0.1383558 0.3690733 0.1243677 0.3690733 0.1243677 0.3795914 0.1385639 0.3690733 0.1243677 0.3699165 0.1258302 0.3900154 0.1523439 0.3795914 0.1385638 0.3895481 0.1525455 0.3895481 0.1525455 0.3796047 0.1386231 0.3894149 0.152603 0.3796047 0.1386231 0.3699165 0.1258302 0.3701568 0.1262471 0.3699164 0.1258302 0.3635365 0.1191341 0.3701568 0.1262471 0.3690733 0.1243677 0.3635188 0.11906 0.3699164 0.1258302 0.3635365 0.1191341 0.3574605 0.1139118 0.3573524 0.1141054 0.3635188 0.11906 0.3578396 0.1132321 0.3574605 0.1139118 0.3634565 0.1187999 0.3578396 0.1132321 0.3578396 0.1132321 0.3634565 0.1187999 0.3690733 0.1243677 0.3634565 0.1187999 0.3634565 0.1187999 0.3578396 0.1132321 0.3578396 0.1132321 0.3634565 0.1187999 0.3690733 0.1243677 0.3634565 0.1187999 0.3498419 0.1119327 0.3578396 0.1132321 0.3498419 0.1119327 0.3498419 0.1119327 0.3578396 0.1132321 0.3498419 0.1119327 0.3498419 0.1119327 0.3418441 0.1106333 0.3418441 0.1106333 0.3498419 0.1119327 0.3418441 0.1106333 0.3418441 0.1106333 0.3495362 0.1119755 0.3418441 0.1106333 0.3395333 0.1103304 0.3578396 0.1132321 0.3495362 0.1119755 0.3574605 0.1139118 0.3574605 0.1139118 0.3494491 0.1119877 0.3573524 0.1141054 0.3494491 0.1119877 0.3395333 0.1103304 0.3388746 0.110244 0.3395333 0.1103304 0.3189745 0.1074311 0.3388746 0.110244 0.3418441 0.1106333 0.319054 0.1074311 0.3395333 0.1103304 0.3189745 0.1074311 0.2966785 0.1045317 0.2966377 0.104618 0.319054 0.1074311 0.2968217 0.104229 0.2966785 0.1045317 0.3193329 0.1074312 0.2968217 0.104229 0.2968217 0.104229 0.3193329 0.1074312 0.3418441 0.1106333 0.3193329 0.1074312 0.3193329 0.1074312 0.2968217 0.104229 0.2968217 0.104229 0.3193329 0.1074312 0.3418441 0.1106333 0.3193329 0.1074312 0.2734109 0.1029279 0.2968217 0.104229 0.2734109 0.1029279 0.2734109 0.1029279 0.2968217 0.104229 0.2734109 0.1029279 0.2734109 0.1029279 0.25 0.1016269 0.25 0.1016269 0.2734109 0.1029279 0.25 0.1016269 0.25 0.1016269 0.2733946 0.1030094 0.25 0.1016269 0.25 0.1020412 0.2968217 0.104229 0.2733946 0.1030094 0.2966785 0.1045317 0.2966785 0.1045317 0.2733899 0.1030327 0.2966377 0.104618 0.2733899 0.1030327 0.25 0.1020412 0.25 0.1021593 0.25 0.1020412 0.2266101 0.1030327 0.25 0.1021593 0.25 0.1016269 0.2266054 0.1030095 0.25 0.1020412 0.2266101 0.1030327 0.2033216 0.1045317 0.2033624 0.104618 0.2266054 0.1030095 0.2031784 0.104229 0.2033216 0.1045317 0.2265892 0.102928 0.2031784 0.104229 0.2031784 0.104229 0.2265892 0.102928 0.25 0.1016269 0.2265892 0.102928 0.2265892 0.102928 0.2031784 0.104229 0.2031784 0.104229 0.2265892 0.102928 0.25 0.1016269 0.2265892 0.102928 0.1806672 0.1074312 0.2031784 0.104229 0.1806672 0.1074312 0.1806672 0.1074312 0.2031784 0.104229 0.1806672 0.1074312 0.1806672 0.1074312 0.158156 0.1106333 0.158156 0.1106333 0.1806672 0.1074312 0.158156 0.1106333 0.158156 0.1106333 0.1806834 0.1074656 0.158156 0.1106333 0.158156 0.1106333 0.2031784 0.104229 0.1806834 0.1074656 0.2033216 0.1045317 0.2033216 0.1045317 0.1806881 0.1074753 0.2033624 0.104618 0.1806881 0.1074753 0.158156 0.1106333 0.1581561 0.1106333 0.158156 0.1106333 0.1501582 0.1119327 0.1581561 0.1106333 0.158156 0.1106333 0.1501582 0.1119327 0.158156 0.1106333 0.1501582 0.1119327 0.1421604 0.1132321 0.1421604 0.1132321 0.1501582 0.1119327 0.1421604 0.1132321 0.1421604 0.1132321 0.1501582 0.1119327 0.1421604 0.1132321 0.1421604 0.1132321 0.1501582 0.1119327 0.158156 0.1106333 0.1501582 0.1119327 0.1501582 0.1119327 0.1421604 0.1132321 0.1421604 0.1132321 0.1501582 0.1119327 0.158156 0.1106333 0.1501582 0.1119327 0.1365436 0.1187999 0.1421604 0.1132321 0.1365435 0.1187999 0.1365436 0.1187999 0.1421604 0.1132321 0.1365436 0.1187999 0.1365436 0.1187999 0.1309267 0.1243677 0.1309267 0.1243677 0.1365436 0.1187999 0.1309267 0.1243677 0.1309267 0.1243677 0.1364557 0.1189523 0.1309267 0.1243677 0.1301538 0.1257084 0.1421604 0.1132321 0.1364557 0.1189523 0.1421604 0.1132321 0.1421604 0.1132321 0.1364307 0.1189957 0.1421604 0.1132321 0.1364307 0.1189957 0.1301538 0.1257084 0.1299335 0.1260905 0.1301538 0.1257084 0.1204053 0.1385785 0.1299335 0.1260905 0.1309267 0.1243677 0.1204165 0.1385291 0.1301538 0.1257084 0.1204053 0.1385785 0.110413 0.1525287 0.110535 0.1525813 0.1204165 0.1385291 0.1099846 0.1523439 0.110413 0.1525287 0.1204557 0.1383558 0.1099846 0.1523439 0.1099846 0.1523439 0.1204557 0.1383558 0.1309267 0.1243677 0.1204557 0.1383558 0.1204557 0.1383558 0.1099846 0.1523439 0.1099846 0.1523439 0.1204557 0.1383558 0.1309267 0.1243677 0.1204557 0.1383558 0.1022039 0.1674925 0.1099846 0.1523439 0.1022039 0.1674925 0.1022039 0.1674925 0.1099846 0.1523439 0.1022039 0.1674925 0.1022039 0.1674925 0.09442323 0.1826409 0.09442317 0.1826409 0.1022039 0.1674925 0.09442317 0.1826409 0.09442323 0.1826409 0.1023067 0.167531 0.09442323 0.1826409 0.09489917 0.1827951 0.1099846 0.1523439 0.1023067 0.167531 0.110413 0.1525287 0.110413 0.1525287 0.1023359 0.1675419 0.110535 0.1525813 0.1023359 0.1675419 0.09489917 0.1827951 0.09503483 0.182839 0.09489917 0.1827951 0.08978992 0.1987939 0.09503483 0.182839 0.09442323 0.1826409 0.08975487 0.1987858 0.09489917 0.1827951 0.08978992 0.1987939 0.08539175 0.2149612 0.08554887 0.2149862 0.08975487 0.1987858 0.08484053 0.2148737 0.08539175 0.2149612 0.08963191 0.1987574 0.08484053 0.2148737 0.08484053 0.2148737 0.08963191 0.1987574 0.09442323 0.1826409 0.08963191 0.1987574 0.08963191 0.1987574 0.08484053 0.2148737 0.08484053 0.2148737 0.08963191 0.1987574 0.09442323 0.1826409 0.08963185 0.1987574 0.08322274 0.2314939 0.08484053 0.2148737 0.08322274 0.2314939 0.08322274 0.2314939 0.08484053 0.2148737 0.08322274 0.2314939 0.08322274 0.2314939 0.08160489 0.2481139 0.08160489 0.248114 0.08322274 0.2314939 0.08160489 0.248114 0.08160489 0.248114 0.08335018 0.2315036 0.08160489 0.248114 0.08212012 0.2481032 0.08484053 0.2148737 0.08335018 0.2315036 0.08539175 0.2149612 0.08539175 0.2149612 0.08338654 0.2315064 0.08554887 0.2149862 0.08338654 0.2315064 0.08212012 0.2481032 0.08226692 0.2481001 0.08212012 0.2481032 0.08329796 0.2646647 0.08226692 0.2481001 0.08160489 0.248114 0.08328127 0.2646651 0.08212012 0.2481032 0.08329796 0.2646647 0.08484053 0.2812186 0.08484059 0.2812186 0.08328127 0.2646651 0.08484053 0.2812185 0.08484053 0.2812186 0.08322274 0.2646663 0.08484053 0.2812185 0.08484053 0.2812185 0.08322274 0.2646663 0.08160489 0.248114 0.08322274 0.2646663 0.08322274 0.2646663 0.08484053 0.2812185 0.08484053 0.2812185 0.08322274 0.2646663 0.08160489 0.2481139 0.08322274 0.2646663 0.08963191 0.2970998 0.08484053 0.2812185 0.08963191 0.2970998 0.08963191 0.2970998 0.08484053 0.2812185 0.08963191 0.2970998 0.08963191 0.2970998 0.09442329 0.312981 0.09442329 0.312981 0.08963191 0.2970998 0.09442329 0.312981 0.09442329 0.312981 0.08963191 0.2970998 0.09442329 0.312981 0.09442329 0.312981 0.08484053 0.2812185 0.08963191 0.2970998 0.08484053 0.2812186 0.08484053 0.2812186 0.08963191 0.2970998 0.08484059 0.2812186 0.08963191 0.2970998 0.09442329 0.312981 0.09442329 0.312981 0.09442329 0.312981 0.102279 0.3275475 0.09442329 0.312981 0.09442329 0.312981 0.1022623 0.3275587 0.09442329 0.312981 0.102279 0.3275475 0.1104519 0.3419 0.110585 0.3418101 0.1022623 0.3275587 0.1099846 0.3422152 0.1104519 0.3419 0.1022039 0.3275981 0.1099846 0.3422152 0.1099846 0.3422152 0.1022039 0.3275981 0.09442329 0.312981 0.1022039 0.3275981 0.1022039 0.3275981 0.1099846 0.3422152 0.1099846 0.3422152 0.1022039 0.3275981 0.09442329 0.312981 0.1022039 0.3275982 0.1204556 0.3550174 0.1099846 0.3422152 0.1204556 0.3550174 0.1204556 0.3550174 0.1099846 0.3422152 0.1204556 0.3550174 0.1204556 0.3550174 0.1309266 0.3678194 0.1309266 0.3678194 0.1204556 0.3550174 0.1309266 0.3678194 0.1309266 0.3678194 0.1205637 0.354928 0.1309266 0.3678194 0.1313241 0.3674197 0.1099846 0.3422152 0.1205637 0.354928 0.1104519 0.3419 0.1104519 0.3419 0.1205945 0.3549025 0.110585 0.3418101 0.1205945 0.3549025 0.1313241 0.3674197 0.1314373 0.3673058 0.1313241 0.3674197 0.1437997 0.378181 0.1314373 0.3673058 0.1309266 0.3678194 0.1437743 0.3782119 0.1313241 0.3674197 0.1437997 0.378181 0.1567569 0.3883525 0.1568459 0.3882188 0.1437743 0.3782119 0.1564447 0.3888216 0.1567569 0.3883525 0.1436856 0.3783205 0.1564447 0.3888216 0.1564447 0.3888216 0.1436856 0.3783205 0.1309266 0.3678194 0.1436856 0.3783205 0.1436856 0.3783205 0.1564446 0.3888216 0.1564447 0.3888216 0.1436856 0.3783205 0.1309266 0.3678194 0.1436856 0.3783205 0.1710013 0.3966221 0.1564446 0.3888216 0.1710013 0.3966221 0.1710013 0.3966221 0.1564447 0.3888216 0.1710013 0.3966221 0.1710013 0.3966221 0.185558 0.4044226 0.185558 0.4044226 0.1710013 0.3966221 0.185558 0.4044226 0.185558 0.4044226 0.1710404 0.3965635 0.185558 0.4044226 0.185558 0.4044226 0.1564447 0.3888216 0.1710404 0.3965635 0.1567569 0.3883525 0.1567569 0.3883525 0.1710515 0.3965468 0.1568459 0.3882188 0.1710515 0.3965468 0.185558 0.4044226 0.185558 0.4044226 0.185558 0.4044226 0.2013528 0.4092254 0.185558 0.4044226 0.185558 0.4044226 0.2013528 0.4092254 0.185558 0.4044226 0.2013528 0.4092254 0.2171478 0.414028 0.2171478 0.4140279 0.2013528 0.4092254 0.2171477 0.414028 0.2171478 0.414028 0.2013528 0.4092254 0.2171477 0.414028 0.2171477 0.414028 0.2013528 0.4092254 0.185558 0.4044226 0.2013528 0.4092254 0.2013528 0.4092254 0.2171477 0.414028 0.2171477 0.414028 0.2013528 0.4092254 0.185558 0.4044226 0.2013528 0.4092254 0.2335739 0.4156495 0.2171477 0.414028 0.2335739 0.4156495 0.2335739 0.4156495 0.2171477 0.414028 0.2335739 0.4156495 0.2335739 0.4156495 0.25 0.417271 0.25 0.417271 0.2335739 0.4156495 0.25 0.417271 0.25 0.417271 0.2335739 0.4155791 0.25 0.417271 0.2500001 0.4167077 0.2171477 0.414028 0.2335739 0.4155791 0.2171477 0.414028 0.2171477 0.414028 0.2335739 0.4155591 0.2171478 0.4140279 0.2335739 0.4155591 0.2500001 0.4167077 0.2500001 0.4165472 0.2500001 0.4167077 0.2664115 0.4154852 0.2500001 0.4165472 0.25 0.417271 0.2664148 0.4155216 0.2500001 0.4167077 0.2500001 0.4165472 0.2664086 0.415452 0.2500001 0.4164013 0.2335739 0.4155408 0.2500001 0.4165472 0.2500001 0.4164013 0.2500001 0.4164013 0.2664062 0.4154093 0.25 0.4161823 0.2335745 0.415507 0.2500001 0.4164013 0.25 0.4161823 0.2171478 0.4140279 0.2335739 0.4155408 0.2171478 0.4140279 0.2171478 0.4140279 0.2335745 0.415507 0.2171511 0.4140104 0.2171511 0.4140104 0.233575 0.415508 0.2171486 0.4140235 0.233575 0.415508 0.25 0.4161823 0.25 0.4161881 0.2171486 0.4140235 0.2335754 0.4155066 0.2171478 0.414028 0.2335754 0.4155066 0.25 0.4161881 0.2500001 0.4161901 0.25 0.4161823 0.2664084 0.4154238 0.25 0.4161881 0.25 0.4161881 0.2664104 0.4154352 0.2500001 0.4161901 0.2664119 0.4154425 0.2500001 0.4161901 0.2664104 0.4154352 0.2335758 0.4155048 0.2500001 0.4161901 0.2500001 0.41619 0.2335758 0.4155048 0.25 0.4161881 0.2335763 0.4155013 0.2664119 0.4154425 0.25 0.4161881 0.2500001 0.4161901 0.2664119 0.4154425 0.2827641 0.4135835 0.2664138 0.4154508 0.2664119 0.4154425 0.2827275 0.413399 0.2827435 0.4134795 0.2986105 0.4091043 0.2827641 0.4135835 0.2827435 0.4134796 0.2986105 0.4091043 0.2827274 0.413399 0.2986051 0.4090865 0.2827058 0.4132898 0.2986051 0.4090865 0.2827274 0.413399 0.2664105 0.4154352 0.2827058 0.4132898 0.2827275 0.413399 0.2986052 0.4090865 0.3141546 0.4037268 0.3141971 0.4038298 0.2986105 0.4091043 0.3141971 0.4038298 0.3142284 0.4039056 0.3141546 0.4037268 0.3288928 0.3964349 0.3141971 0.4038298 0.3288957 0.3964418 0.3141971 0.4038298 0.3288928 0.3964349 0.2986105 0.4091043 0.3142688 0.4040036 0.2986174 0.4091271 0.3288957 0.3964418 0.3142688 0.4040036 0.3142284 0.4039056 0.3288957 0.3964418 0.3429549 0.3879197 0.3288987 0.3964496 0.3288957 0.3964418 0.3429561 0.3879214 0.3429561 0.3879214 0.3561877 0.3781559 0.3429549 0.3879197 0.3429561 0.3879214 0.3429561 0.3879214 0.3561824 0.3781507 0.3561877 0.3781559 0.3429549 0.3879196 0.3561824 0.3781507 0.3429561 0.3879214 0.3288928 0.3964349 0.3429549 0.3879196 0.3429561 0.3879214 0.3561824 0.3781507 0.3685423 0.3672853 0.3686209 0.3673644 0.3561877 0.3781559 0.3686209 0.3673644 0.3686788 0.3674226 0.3685423 0.3672853 0.3794325 0.3549249 0.3686208 0.3673644 0.3794468 0.3549368 0.3686208 0.3673644 0.3794325 0.3549249 0.3561877 0.3781559 0.3687536 0.3674978 0.3561938 0.3781617 0.3794468 0.3549368 0.3687536 0.3674978 0.3686788 0.3674226 0.3794468 0.3549368 0.3896394 0.3419617 0.3794652 0.3549519 0.3794468 0.3549368 0.3894833 0.3418564 0.3895514 0.3419023 0.3976848 0.3275378 0.3896394 0.3419617 0.3895514 0.3419023 0.3976848 0.3275378 0.3894833 0.3418564 0.3976685 0.327529 0.389391 0.3417941 0.3976685 0.327529 0.3894833 0.3418564 0.3794325 0.3549249 0.389391 0.3417941 0.3894833 0.3418564 0.3976685 0.327529 0.4048829 0.3126875 0.4049856 0.3127309 0.3976848 0.3275378 0.4049856 0.3127309 0.4050613 0.3127629 0.4048829 0.3126875 0.4101614 0.2970402 0.4049856 0.3127309 0.4101682 0.2970432 0.4049856 0.3127309 0.4101614 0.2970402 0.3976848 0.3275378 0.4051589 0.3128042 0.3977057 0.3275491 0.4101682 0.2970432 0.4051589 0.3128042 0.4050613 0.3127629 0.4101682 0.2970432 0.4140995 0.2809945 0.4101759 0.2970467 0.4101682 0.2970432 0.4141016 0.2809948 0.4141016 0.2809949 0.4165102 0.2646355 0.4140995 0.2809945 0.4141016 0.2809949 0.4141016 0.2809949 0.4165102 0.2646355 0.4165102 0.2646355 0.4101614 0.2970403 0.4140995 0.2809945 0.4141016 0.2809948 0.416508 0.2646353 0.4141016 0.2809949 0.4140995 0.2809945 0.4165102 0.2646355 0.4173144 0.2480913 0.4173166 0.2480914 0.4173166 0.2480914 0.4165102 0.2646355 0.4173166 0.2480914 0.4173144 0.2480913 0.4165102 0.2315121 0.4173166 0.2480914 0.4173166 0.2480914 0.4165102 0.2315121 0.4165102 0.231512 0.4165102 0.2646355 0.4173144 0.2480913 0.416508 0.2646353 0.4165102 0.231512 0.4173144 0.2480913 0.4173166 0.2480914 0.4165102 0.231512 0.4140995 0.2150421 0.4165081 0.2315122 0.4141016 0.2150417 0.4165102 0.2315121 0.4141016 0.2150417 0.4101113 0.1988187 0.4140995 0.2150421 0.4141016 0.2150417 0.4141016 0.2150417 0.4101113 0.1988187 0.4101113 0.1988187 0.4140995 0.215042 0.4101113 0.1988187 0.4141016 0.2150417 0.4165102 0.2315121 0.4140995 0.215042 0.4141016 0.2150417 0.4045804 0.1829636 0.4101092 0.1988192 0.4045783 0.1829643 0.4101113 0.1988187 0.4045804 0.1829636 0.4045804 0.1829636 0.4045783 0.1829643 0.3975595 0.1675812 0.4045804 0.1829636 0.4045804 0.1829636 0.3975595 0.1675812 0.3975595 0.1675812 0.4101113 0.1988187 0.4045783 0.1829643 0.4101092 0.1988192 0.3975595 0.1675812 0.4045783 0.1829643 0.4045804 0.1829636 0.3975595 0.1675812 0.3891172 0.152732 0.3975576 0.1675819 0.3891186 0.1527308 0.3975595 0.1675812 0.3891186 0.1527308 0.3796345 0.138755 0.3891172 0.152732 0.3891186 0.1527308 0.3891186 0.1527308 0.3796345 0.138755 0.3796345 0.138755 0.3891172 0.152732 0.3796345 0.138755 0.3891186 0.1527308 0.3891186 0.1527308 0.3975576 0.1675819 0.3891172 0.152732 0.3796345 0.138755 0.3706939 0.1271795 0.3706914 0.1271744 0.3706914 0.1271744 0.3796345 0.138755 0.3706914 0.1271744 0.3706939 0.1271795 0.3635994 0.1192572 0.3706914 0.1271744 0.3636049 0.1192473 0.3706914 0.1271744 0.3635994 0.1192572 0.3796345 0.138755 0.3706939 0.1271794 0.3796352 0.1387583 0.3636049 0.1192473 0.3706939 0.1271794 0.3706914 0.1271744 0.3636049 0.1192473 0.3575069 0.1138288 0.3636135 0.1192377 0.3636049 0.1192473 0.3573687 0.1140763 0.357429 0.1139683 0.3495108 0.1119791 0.3575069 0.1138288 0.357429 0.1139683 0.3495108 0.1119791 0.3573687 0.1140763 0.3494622 0.1119859 0.3572869 0.1142229 0.3494622 0.1119859 0.3573687 0.1140763 0.3635994 0.1192572 0.3572869 0.1142229 0.3573687 0.1140763 0.3494622 0.1119859 0.3384766 0.1101921 0.3389737 0.110257 0.3495108 0.1119791 0.3389737 0.110257 0.3393411 0.1103051 0.3384766 0.1101921 0.3189865 0.1074311 0.3389737 0.110257 0.3190308 0.1074311 0.3389737 0.110257 0.3189865 0.1074311 0.3495108 0.1119791 0.3398165 0.1103676 0.349573 0.1119704 0.3190308 0.1074311 0.3398165 0.1103676 0.3393411 0.1103051 0.3190308 0.1074311 0.2966957 0.1044946 0.3190876 0.1074311 0.3190308 0.1074311 0.2966438 0.104605 0.2966666 0.1045569 0.2733932 0.1030162 0.2966957 0.1044946 0.2966666 0.1045569 0.2733932 0.1030162 0.2966438 0.104605 0.2733907 0.1030291 0.2966125 0.1046701 0.2733907 0.1030291 0.2966438 0.104605 0.3189865 0.1074311 0.2966125 0.1046701 0.2966438 0.104605 0.2733907 0.1030291 0.25 0.1022307 0.25 0.1021415 0.2733932 0.1030162 0.25 0.1021415 0.25 0.1020756 0.25 0.1022307 0.2266094 0.1030292 0.25 0.1021415 0.2266068 0.1030162 0.25 0.1021415 0.2266094 0.1030292 0.2733932 0.1030162 0.25 0.1019905 0.2733966 0.1029996 0.2266068 0.1030162 0.25 0.1019905 0.25 0.1020756 0.2266068 0.1030162 0.2033041 0.1044947 0.2266035 0.1029996 0.2266068 0.1030162 0.2033563 0.104605 0.2033335 0.1045569 0.1807314 0.1074684 0.2033041 0.1044947 0.2033335 0.1045569 0.1807314 0.1074684 0.2033563 0.104605 0.1807252 0.1074739 0.2033871 0.1046702 0.1807252 0.1074739 0.2033563 0.104605 0.2266094 0.1030292 0.2033871 0.1046702 0.2033563 0.104605 0.1807252 0.1074739 0.1581758 0.1106308 0.158156 0.1106333 0.1807314 0.1074684 0.158156 0.1106333 0.158156 0.1106333 0.1581758 0.1106308 0.1501582 0.1119327 0.158156 0.1106333 0.1501582 0.1119327 0.158156 0.1106333 0.1501582 0.1119327 0.1807314 0.1074684 0.1581757 0.1106307 0.1807398 0.1074614 0.1501582 0.1119327 0.1581757 0.1106307 0.158156 0.1106333 0.1501582 0.1119327 0.1421635 0.1132382 0.1501582 0.1119327 0.1501582 0.1119327 0.1421604 0.1132321 0.1421604 0.1132321 0.1364409 0.1190033 0.1421635 0.1132382 0.1421604 0.1132321 0.1364409 0.1190033 0.1421604 0.1132321 0.1364284 0.1190202 0.1421635 0.1132383 0.1364284 0.1190202 0.1421604 0.1132321 0.1501582 0.1119327 0.1421635 0.1132383 0.1421604 0.1132321 0.1364284 0.1190202 0.1298005 0.1263214 0.1299667 0.126033 0.1300895 0.1258199 0.1364284 0.1190202 0.1299667 0.126033 0.1298005 0.1263214 0.1204071 0.1385712 0.1299667 0.126033 0.1204133 0.1385436 0.1299667 0.126033 0.1204071 0.1385712 0.1364409 0.1190033 0.1302486 0.1255441 0.136457 0.118982 0.1204133 0.1385436 0.1302486 0.1255441 0.1300895 0.1258199 0.1204133 0.1385436 0.1103604 0.1525062 0.1204212 0.1385083 0.1204133 0.1385436 0.1105167 0.1525734 0.1104486 0.152544 0.1104485 0.152544 0.1022943 0.1675263 0.1103604 0.1525062 0.1104485 0.152544 0.1023316 0.1675403 0.1023152 0.1675342 0.1204071 0.1385712 0.1106088 0.1526135 0.1105167 0.1525734 0.1106088 0.1526135 0.1023316 0.1675403 0.1105167 0.1525734 0.1023315 0.1675403 0.09511709 0.1828656 0.09501439 0.1828324 0.1023152 0.1675342 0.09501439 0.1828324 0.09493875 0.1828079 0.09511709 0.1828656 0.08983862 0.1988025 0.09501439 0.1828324 0.08983176 0.1988002 0.09501439 0.1828324 0.08983862 0.1988025 0.1023152 0.1675342 0.09484106 0.1827762 0.1022943 0.1675263 0.08983176 0.1988002 0.09484106 0.1827762 0.09493875 0.1828079 0.08983176 0.1988002 0.08590036 0.2150419 0.08982408 0.1987976 0.08983176 0.1988002 0.08589839 0.2150416 0.08589839 0.2150416 0.0834282 0.2315133 0.08590036 0.2150419 0.08589839 0.2150416 0.0834282 0.2315133 0.08589839 0.2150416 0.08343559 0.2315132 0.08590042 0.215042 0.08343559 0.2315132 0.08589839 0.2150416 0.08983862 0.1988025 0.08590042 0.215042 0.08589839 0.2150416 0.08343559 0.2315132 0.08235585 0.2480983 0.08224481 0.2481006 0.08342814 0.2315133 0.08224481 0.2481006 0.08216291 0.2481023 0.08235585 0.2480983 0.08329546 0.2646648 0.08224481 0.2481006 0.08328616 0.264665 0.08224481 0.2481006 0.08329546 0.2646648 0.08342814 0.2315133 0.08205711 0.2481045 0.08341979 0.2315137 0.08328616 0.264665 0.08205711 0.2481045 0.08216291 0.2481023 0.08328616 0.264665 0.08484494 0.2812177 0.08327424 0.2646653 0.08328616 0.264665 0.08484053 0.2812186 0.08484053 0.2812186 0.08963191 0.2970998 0.08484494 0.2812177 0.08484053 0.2812186 0.08963191 0.2970998 0.08484053 0.2812186 0.08963191 0.2970998 0.084845 0.2812176 0.08963191 0.2970998 0.08484053 0.2812186 0.08329546 0.2646648 0.084845 0.2812176 0.08484053 0.2812186 0.08963191 0.2970998 0.09442752 0.3129791 0.09442329 0.312981 0.08963191 0.2970998 0.09442329 0.312981 0.09442329 0.312981 0.09442752 0.3129791 0.1023234 0.3275194 0.09442329 0.312981 0.1023251 0.3275187 0.09442329 0.312981 0.1023234 0.3275194 0.08963191 0.2970998 0.09442746 0.3129792 0.08963191 0.2970998 0.1023251 0.3275187 0.09442746 0.3129792 0.09442329 0.312981 0.1023251 0.3275187 0.110883 0.3416091 0.1023283 0.3275171 0.1108814 0.3416103 0.1023234 0.3275194 0.1108814 0.3416103 0.1206631 0.3548458 0.110883 0.3416091 0.1108814 0.3416103 0.1108814 0.3416103 0.1206631 0.3548458 0.1206631 0.3548458 0.110883 0.3416091 0.1206631 0.3548458 0.1108814 0.3416103 0.1023234 0.3275194 0.110883 0.3416091 0.1108814 0.3416103 0.1206631 0.3548458 0.1316909 0.3670508 0.1316893 0.3670524 0.1316893 0.3670524 0.1206631 0.3548458 0.1316893 0.3670524 0.1438573 0.3781104 0.1316893 0.3670524 0.1316909 0.3670508 0.1316893 0.3670524 0.1438559 0.3781121 0.1438559 0.3781121 0.1206631 0.3548458 0.1316909 0.3670509 0.1206647 0.3548445 0.1438559 0.3781121 0.1316909 0.3670509 0.1316893 0.3670524 0.1438559 0.3781121 0.157045 0.3879197 0.1438573 0.3781104 0.1570439 0.3879214 0.1438559 0.3781121 0.1570439 0.3879214 0.1710799 0.3965005 0.157045 0.3879197 0.1570439 0.3879215 0.1710799 0.3965005 0.1570439 0.3879214 0.1710793 0.3965023 0.157045 0.3879197 0.1710793 0.3965023 0.1570439 0.3879214 0.1438559 0.3781121 0.157045 0.3879197 0.1570439 0.3879214 0.1710792 0.3965023 0.1855598 0.4044184 0.185558 0.4044226 0.1710799 0.3965005 0.185558 0.4044226 0.185558 0.4044226 0.1855598 0.4044184 0.2013528 0.4092254 0.185558 0.4044226 0.2013528 0.4092254 0.185558 0.4044226 0.2013528 0.4092254 0.1710799 0.3965005 0.1855598 0.4044184 0.1710816 0.3964973 0.2013528 0.4092254 0.1855598 0.4044184 0.185558 0.4044227 0.2013528 0.4092253 0.2171486 0.4140235 0.2013529 0.4092254 0.2013528 0.4092253 0.2171478 0.4140281 0.2171478 0.4140281 0.2335758 0.4155048 0.2171486 0.4140235 0.2171478 0.414028 0.2335758 0.4155048 0.2171478 0.414028 0.2335754 0.4155066 0.2013528 0.4092254 0.2171486 0.4140235 0.2171478 0.4140281 0.2335763 0.4155013 0.2171511 0.4140104 0.2171486 0.4140235 0.2013529 0.4092254 0.2171511 0.4140104 0.2013529 0.4092254 0.2335767 0.4154959 0.2171484 0.4140245 0.2171511 0.4140104 0.2013529 0.4092254 0.2171484 0.4140245 0.2013529 0.4092254 0.2013529 0.4092254 0.1855649 0.4044061 0.1855598 0.4044184 0.2013529 0.4092254 0.1855594 0.4044193 0.1855649 0.4044061 0.2013529 0.4092254 0.1855694 0.4043956 0.1855594 0.4044193 0.2013529 0.4092254 0.2171533 0.4139992 0.2013529 0.4092254 0.2013529 0.4092254 0.1861247 0.404595 0.1855694 0.4043956 0.2013529 0.4092254 0.2165811 0.4138557 0.2019196 0.4093976 0.2335783 0.4154913 0.2171533 0.4139992 0.2171484 0.4140245 0.2335786 0.4154837 0.217738 0.4140766 0.2171533 0.4139992 0.217738 0.4140766 0.2335783 0.4154923 0.2171477 0.414028 0.2165811 0.4138557 0.2013529 0.4092254 0.2019196 0.4093976 0.2335783 0.4154923 0.2171477 0.414028 0.2171477 0.414028 0.2013529 0.4092254 0.2171478 0.4140281 0.2013529 0.4092254 0.2013529 0.4092254 0.185558 0.4044227 0.185558 0.4044227 0.1710848 0.3964887 0.185558 0.4044226 0.1710848 0.3964887 0.1861247 0.404595 0.2013529 0.4092254 0.185558 0.4044227 0.1850402 0.4041342 0.1710848 0.3964887 0.1716057 0.3967696 0.1710893 0.3964813 0.1850402 0.4041342 0.1716057 0.3967696 0.1710893 0.3964813 0.1575493 0.3882251 0.1570514 0.3879101 0.1575493 0.3882251 0.1710848 0.3964887 0.1570439 0.3879214 0.1438644 0.3781017 0.1565707 0.3875694 0.1443291 0.3784641 0.1565707 0.3875694 0.1438559 0.3781121 0.1443291 0.3784641 0.1710848 0.3964887 0.1570439 0.3879214 0.1570439 0.3879214 0.1438559 0.3781121 0.1570439 0.3879214 0.1438559 0.3781121 0.1438559 0.3781121 0.1316893 0.3670524 0.1316893 0.3670524 0.1206631 0.3548458 0.1316893 0.3670524 0.1206631 0.3548458 0.1321259 0.3674492 0.1438559 0.3781121 0.1316893 0.3670524 0.1312937 0.3666144 0.1206631 0.3548458 0.1210587 0.3552837 0.1206735 0.3548374 0.1312937 0.3666144 0.1210587 0.3552837 0.1438644 0.3781017 0.1321259 0.3674492 0.1316989 0.3670428 0.1206735 0.3548374 0.1112323 0.3420852 0.1108926 0.3416027 0.1112323 0.3420852 0.1206631 0.3548458 0.1108814 0.3416103 0.1023441 0.3275092 0.1105785 0.3411028 0.1026471 0.328018 0.1105785 0.3411028 0.1023368 0.3275138 0.1026471 0.328018 0.1206631 0.3548458 0.1108814 0.3416103 0.1108814 0.3416103 0.1023368 0.3275138 0.1108814 0.3416103 0.1023368 0.3275138 0.1023368 0.3275138 0.09442329 0.312981 0.09442329 0.312981 0.08963191 0.2970998 0.09442329 0.312981 0.08963191 0.2970998 0.09471094 0.3135009 0.1023368 0.3275138 0.09442329 0.312981 0.09425133 0.3124112 0.08963191 0.2970998 0.08980387 0.2976697 0.08963191 0.2970998 0.09425133 0.3124112 0.08980387 0.2976697 0.1023441 0.3275092 0.09471094 0.3135009 0.09445023 0.3129694 0.08963191 0.2970998 0.08501249 0.2817884 0.08486253 0.2812131 0.08501249 0.2817884 0.08963191 0.2970998 0.08484053 0.2812186 0.08317124 0.2646674 0.08476245 0.2806251 0.08326041 0.2652606 0.08476245 0.2806251 0.08322274 0.2646663 0.08326041 0.2652606 0.08963191 0.2970998 0.08484053 0.2812186 0.08484053 0.2812186 0.08322274 0.2646663 0.08484053 0.2812186 0.08322274 0.2646663 0.08322274 0.2646663 0.08160489 0.248114 0.08160489 0.248114 0.08337742 0.2315144 0.08160489 0.248114 0.08337742 0.2315144 0.08146357 0.2487121 0.08322274 0.2646663 0.08160489 0.248114 0.08147311 0.2475224 0.08337742 0.2315144 0.08312124 0.232114 0.08333438 0.2315165 0.08147311 0.2475224 0.08312124 0.232114 0.08317124 0.2646674 0.08146357 0.2487121 0.08152705 0.2481158 0.08333438 0.2315165 0.08579188 0.215633 0.08590275 0.2150424 0.08579188 0.215633 0.08337742 0.2315144 0.08589839 0.2150416 0.08974564 0.1987712 0.08602303 0.2144535 0.08963036 0.1993635 0.08602303 0.2144535 0.08978486 0.1987851 0.08963036 0.1993635 0.08337742 0.2315144 0.08589839 0.2150416 0.08589839 0.2150416 0.08978486 0.1987851 0.08589839 0.2150416 0.08978486 0.1987851 0.08978486 0.1987851 0.09442323 0.1826409 0.09442323 0.1826409 0.1022039 0.1674925 0.09442323 0.1826409 0.1022039 0.1674925 0.09407627 0.1831617 0.08978486 0.1987851 0.09442323 0.1826409 0.09450143 0.1820306 0.1022039 0.1674925 0.1017261 0.1679699 0.1021135 0.1674586 0.09450143 0.1820306 0.1017261 0.1679699 0.08974564 0.1987712 0.09407627 0.1831617 0.09434753 0.1826158 0.1021135 0.1674586 0.1095211 0.1528099 0.1099206 0.1523019 0.1095211 0.1528099 0.1022039 0.1674925 0.1099846 0.1523439 0.1204901 0.1382033 0.1102246 0.1517184 0.119947 0.1387341 0.1102246 0.1517184 0.1204557 0.1383558 0.119947 0.1387341 0.1204557 0.1383558 0.1099846 0.1523439 0.1204557 0.1383558 0.1022039 0.1674925 0.1099846 0.1523439 0.1099846 0.1523439 0.1204556 0.1383558 0.1309267 0.1243677 0.1309267 0.1243677 0.1365264 0.118888 0.1309267 0.1243677 0.1365264 0.118888 0.1308335 0.1243435 0.1204556 0.1383558 0.1309267 0.1243677 0.1314237 0.1236678 0.1365264 0.118888 0.1366174 0.1185888 0.1366022 0.1187613 0.1314237 0.1236678 0.1366174 0.1185888 0.1204901 0.1382033 0.1308335 0.1243435 0.1310422 0.124162 0.1366022 0.1187613 0.1419852 0.1133986 0.1421864 0.1132602 0.1419852 0.1133986 0.1365264 0.118888 0.1421604 0.1132321 0.1501582 0.1119327 0.1424474 0.1131855 0.1498712 0.1119793 0.1424474 0.1131855 0.1501582 0.1119327 0.1498712 0.1119793 0.1365264 0.118888 0.1421604 0.1132321 0.1421604 0.1132321 0.1501582 0.1119327 0.1421604 0.1132321 0.1501582 0.1119327 0.1501582 0.1119327 0.158156 0.1106333 0.158156 0.1106333 0.1807742 0.1074311 0.158156 0.1106333 0.1807742 0.1074311 0.157869 0.1106799 0.1501582 0.1119327 0.158156 0.1106333 0.158981 0.1105066 0.1807742 0.1074311 0.1799764 0.1075341 0.1807687 0.1074009 0.158981 0.1105066 0.1799764 0.1075341 0.1501582 0.1119327 0.157869 0.1106799 0.1582813 0.1106147 0.1807687 0.1074009 0.2023381 0.1042268 0.2031613 0.1041783 0.2023381 0.1042268 0.1807742 0.1074311 0.2031784 0.104229 0.2265748 0.1028563 0.2039629 0.1040491 0.2256945 0.1028428 0.2039629 0.1040491 0.2265892 0.102928 0.2256945 0.1028428 0.1807742 0.1074311 0.2031784 0.104229 0.2031784 0.104229 0.2265892 0.102928 0.2031784 0.104229 0.2265892 0.102928 0.2265892 0.102928 0.25 0.1016269 0.25 0.1016269 0.2734109 0.1029279 0.25 0.1016269 0.2734109 0.1029279 0.2491544 0.1015014 0.2265892 0.102928 0.25 0.1016269 0.2508456 0.1015014 0.2734109 0.1029279 0.2725766 0.1027112 0.2734252 0.1028563 0.2508456 0.1015014 0.2725766 0.1027112 0.2265748 0.1028563 0.2491544 0.1015014 0.25 0.1015571 0.2734252 0.1028563 0.2960371 0.104049 0.2968645 0.104181 0.2960371 0.104049 0.2734109 0.1029279 0.2968217 0.104229 0.3195783 0.1074312 0.2977747 0.1042386 0.3186713 0.1072127 0.2977747 0.1042386 0.3193329 0.1074312 0.3186713 0.1072127 0.2734109 0.1029279 0.2968217 0.104229 0.2968217 0.104229 0.3193329 0.1074312 0.2968217 0.104229 0.3193329 0.1074312 0.319333 0.1074312 0.3418441 0.1106333 0.3418441 0.1106333 0.3498419 0.1119327 0.3418441 0.1106333 0.3498419 0.1119327 0.3419364 0.1106238 0.319333 0.1074312 0.3418441 0.1106333 0.3430402 0.1107707 0.3498419 0.1119327 0.3504521 0.1119748 0.3501108 0.111895 0.3430402 0.1107707 0.3504521 0.1119748 0.3195783 0.1074312 0.3419364 0.1106238 0.342208 0.1106716 0.3501108 0.111895 0.3577892 0.1129342 0.3579199 0.1131336 0.3577892 0.1129342 0.3498419 0.1119327 0.3578396 0.1132321 0.3636888 0.1191325 0.3581916 0.1131878 0.3635756 0.1187129 0.3581916 0.1131878 0.3636422 0.1191804 0.3635756 0.1187129 0.3498419 0.1119327 0.3578396 0.1132321 0.3578396 0.1132321 0.3636422 0.1191804 0.3578396 0.1132321 0.3636422 0.1191804 0.3636422 0.1191804 0.3706914 0.1271744 0.3706914 0.1271744 0.3796345 0.138755 0.3706914 0.1271744 0.3796345 0.138755 0.3704503 0.1268665 0.3636422 0.1191804 0.3706914 0.1271744 0.3710123 0.12759 0.3796345 0.138755 0.3793136 0.1383395 0.379639 0.1387751 0.3710123 0.12759 0.3793136 0.1383395 0.3636888 0.1191325 0.3704503 0.1268665 0.3707099 0.1271996 0.379639 0.1387751 0.3887783 0.1522293 0.3891099 0.152738 0.3887783 0.1522293 0.3796345 0.138755 0.3891186 0.1527308 0.3975476 0.1675856 0.3894215 0.1532636 0.3972566 0.1670483 0.3894215 0.1532636 0.3975595 0.1675812 0.3972566 0.1670483 0.3796345 0.138755 0.3891186 0.1527308 0.3891186 0.1527308 0.3975595 0.1675812 0.3891186 0.1527308 0.3975595 0.1675812 0.3975595 0.1675812 0.4045804 0.1829636 0.4045804 0.1829636 0.4101113 0.1988187 0.4045804 0.1829636 0.4101113 0.1988187 0.4043284 0.1824117 0.3975595 0.1675812 0.4045804 0.1829636 0.4047788 0.1835325 0.4101113 0.1988187 0.4099128 0.1982498 0.4100984 0.1988217 0.4047788 0.1835325 0.4099128 0.1982498 0.3975476 0.1675856 0.4043284 0.1824117 0.4045679 0.1829676 0.4100984 0.1988217 0.4139584 0.2144595 0.4140884 0.2150437 0.4139584 0.2144595 0.4101113 0.1988187 0.4141016 0.2150417 0.4164968 0.231513 0.4141881 0.2156327 0.4164238 0.2309211 0.4141881 0.2156327 0.4165102 0.2315121 0.4164238 0.2309211 0.4101113 0.1988187 0.4141016 0.2150417 0.4141016 0.2150417 0.4165102 0.2315121 0.4141016 0.2150417 0.4165102 0.2315121 0.4165102 0.2315121 0.4173166 0.2480914 0.4173166 0.2480914 0.4165102 0.2646355 0.4173166 0.2480914 0.4165102 0.2646355 0.4172877 0.2474966 0.4165102 0.2315121 0.4173166 0.2480914 0.4172876 0.248685 0.4165102 0.2646355 0.4165391 0.2640419 0.4164968 0.264634 0.4172876 0.248685 0.4165391 0.2640419 0.4164968 0.231513 0.4172877 0.2474966 0.4173031 0.2480911 0.4164968 0.264634 0.414188 0.2804079 0.4140926 0.2809938 0.414188 0.2804079 0.4165102 0.2646355 0.4141016 0.2809948 0.4102544 0.297081 0.4139769 0.2815777 0.4103696 0.2964929 0.4139769 0.2815777 0.4102151 0.297063 0.4103696 0.2964929 0.4102151 0.297063 0.4141016 0.2809948 0.4102151 0.297063 0.4165102 0.2646355 0.4141016 0.2809948 0.4141016 0.2809948 0.4102151 0.297063 0.4055768 0.3129808 0.4055768 0.3129808 0.3977962 0.3275982 0.4055768 0.3129808 0.3977961 0.3275982 0.4059237 0.3124861 0.4102151 0.297063 0.4055768 0.3129808 0.4054985 0.3135945 0.3977962 0.3275982 0.398274 0.3271619 0.3978865 0.3276472 0.4054985 0.3135945 0.398274 0.3271619 0.4102544 0.297081 0.4059237 0.3124861 0.4056525 0.313014 0.3978865 0.3276472 0.390479 0.3418107 0.3900894 0.3422653 0.390479 0.3418107 0.3977961 0.3275982 0.3900154 0.3422154 0.3796237 0.355083 0.3898196 0.3428008 0.3800981 0.3546829 0.3898196 0.3428008 0.3795444 0.3550174 0.3800981 0.3546829 0.3977961 0.3275982 0.3900154 0.3422154 0.3900154 0.3422154 0.3795444 0.3550174 0.3900154 0.3422154 0.3795444 0.3550174 0.3795444 0.3550175 0.3690733 0.3678194 0.3690733 0.3678194 0.3562235 0.378192 0.3690733 0.3678194 0.3562235 0.378192 0.3696067 0.3675132 0.3795444 0.3550175 0.3690733 0.3678194 0.3687505 0.3683306 0.3562235 0.378192 0.3568207 0.3779568 0.3562549 0.3782216 0.3687505 0.3683306 0.3568207 0.3779568 0.3796237 0.355083 0.3696067 0.3675132 0.3691323 0.3678773 0.3562549 0.3782216 0.3434435 0.3875837 0.3429536 0.3879177 0.3434435 0.3875837 0.3562235 0.378192 0.3429561 0.3879214 0.3289303 0.3965291 0.3424584 0.3882436 0.3294251 0.3961964 0.3424584 0.3882436 0.3289151 0.3964887 0.3294251 0.3961964 0.3562235 0.378192 0.3429561 0.3879214 0.3429561 0.3879214 0.3289151 0.3964887 0.3429561 0.3879214 0.3289151 0.3964887 0.3289151 0.3964887 0.3144419 0.4044226 0.3144419 0.4044226 0.2986471 0.4092254 0.3144419 0.4044226 0.2986471 0.4092254 0.3150359 0.4043189 0.3289151 0.3964887 0.3144419 0.4044226 0.3139554 0.4047995 0.2986471 0.4092254 0.2992931 0.4092554 0.2986769 0.4093239 0.3139554 0.4047995 0.2992931 0.4092554 0.3289303 0.3965291 0.3150359 0.4043189 0.3144724 0.4044993 0.2986769 0.4093239 0.2834656 0.4140704 0.2828695 0.4141089 0.2834656 0.4140704 0.2986471 0.4092254 0.2828523 0.4140281 0.2664315 0.4155345 0.2823008 0.4142728 0.2670488 0.4156292 0.2823008 0.4142728 0.2664218 0.4154924 0.2670488 0.4156292 0.2986471 0.4092254 0.2828523 0.4140281 0.2828523 0.4140281 0.2664218 0.4154924 0.2828523 0.4140281 0.2664218 0.4154924 0.2664218 0.4154924 0.2500001 0.41619 0.2500001 0.4161901 0.2335783 0.4154923 0.2500001 0.41619 0.2335783 0.4154923 0.2494116 0.4161611 0.2335783 0.4154923 0.2341683 0.4155133 0.2505924 0.4161808 0.2664218 0.4154924 0.2500001 0.4161901 0.2664315 0.4155345 0.2505924 0.4161808 0.250001 0.4161811 0.2335786 0.4154837 0.2494116 0.4161611 0.2341683 0.4155133 0.2664225 0.4154949 0.250001 0.4161811 0.2500001 0.4161887 0.2335783 0.4154913 0.250001 0.4161811 0.2335786 0.4154837 0.2664225 0.4154949 0.2828695 0.4141089 0.2664315 0.4155345 0.2664154 0.4154556 0.2828537 0.4140346 0.2664225 0.4154949 0.2664154 0.4154556 0.2500001 0.4161887 0.25 0.4161826 0.2986233 0.4091469 0.2828537 0.4140346 0.2827818 0.4136727 0.2986492 0.4092322 0.2828695 0.4141089 0.2828537 0.4140346 0.2986233 0.4091469 0.3144443 0.4044287 0.2986492 0.4092322 0.2986492 0.4092322 0.3144724 0.4044993 0.2986769 0.4093239 0.3289001 0.3964545 0.3144443 0.4044287 0.3143035 0.4040877 0.3289159 0.3964912 0.3144724 0.4044993 0.3144443 0.4044287 0.3289001 0.3964545 0.3429555 0.3879205 0.3289159 0.3964912 0.3289159 0.3964912 0.3429536 0.3879177 0.3289303 0.3965291 0.3561978 0.3781649 0.3429555 0.3879205 0.3429518 0.387915 0.3562254 0.3781937 0.3429536 0.3879177 0.3429555 0.3879205 0.3561978 0.3781649 0.369078 0.367824 0.3562254 0.3781937 0.3562254 0.3781937 0.3691323 0.3678773 0.3562549 0.3782216 0.3794811 0.3549651 0.369078 0.367824 0.3688178 0.3675622 0.3795499 0.355022 0.3691323 0.3678773 0.369078 0.367824 0.3794811 0.3549651 0.3900213 0.3422193 0.3795499 0.355022 0.3795499 0.355022 0.3900894 0.3422653 0.3796237 0.355083 0.3977239 0.327559 0.3900213 0.3422193 0.3897152 0.3420128 0.3978024 0.3276015 0.3900894 0.3422653 0.3900213 0.3422193 0.3977239 0.327559 0.4055828 0.3129835 0.3978024 0.3276015 0.3978024 0.3276015 0.4056525 0.313014 0.3978865 0.3276472 0.4101804 0.2970492 0.4055828 0.3129835 0.4052427 0.3128397 0.4102174 0.2970641 0.4056525 0.313014 0.4055828 0.3129835 0.4101804 0.2970492 0.4141002 0.2809947 0.4102174 0.2970641 0.4102174 0.2970641 0.4140926 0.2809938 0.4102544 0.297081 0.4165018 0.2646346 0.4141002 0.2809947 0.4140936 0.2809932 0.4165086 0.2646353 0.4140926 0.2809938 0.4141002 0.2809947 0.4165018 0.2646346 0.4173148 0.2480913 0.4165086 0.2646353 0.4165086 0.2646353 0.4173031 0.2480911 0.4164968 0.264634 0.4165018 0.2315126 0.4173148 0.2480913 0.417308 0.2480912 0.4165085 0.2315121 0.4173031 0.2480911 0.4173148 0.2480913 0.4165018 0.2315126 0.4140999 0.2150419 0.4165085 0.2315121 0.4165085 0.2315121 0.4140884 0.2150437 0.4164968 0.231513 0.4101032 0.1988207 0.4140999 0.2150419 0.4140933 0.215043 0.4101097 0.1988191 0.4140884 0.2150437 0.4140999 0.2150419 0.4101032 0.1988207 0.4045788 0.1829642 0.4101097 0.1988191 0.4101097 0.1988191 0.4045679 0.1829676 0.4100984 0.1988217 0.397552 0.167584 0.4045788 0.1829642 0.4045725 0.1829661 0.3975579 0.1675817 0.4045679 0.1829676 0.4045788 0.1829642 0.397552 0.167584 0.3891175 0.1527317 0.3975579 0.1675817 0.3975579 0.1675817 0.3891099 0.152738 0.3975476 0.1675856 0.3796374 0.1387677 0.3891175 0.1527317 0.3891131 0.1527354 0.379635 0.1387575 0.3891099 0.152738 0.3891175 0.1527317 0.3796374 0.1387677 0.3706936 0.127178 0.379635 0.1387575 0.379635 0.1387575 0.3707099 0.1271996 0.379639 0.1387751 0.3636242 0.1192352 0.3706936 0.127178 0.3707013 0.1271936 0.3636459 0.1191782 0.3707099 0.1271996 0.3706936 0.127178 0.3636242 0.1192352 0.3578458 0.1132242 0.3636459 0.1191782 0.3636459 0.1191782 0.3579199 0.1131336 0.3636888 0.1191325 0.3496271 0.1119628 0.3578458 0.1132242 0.3575742 0.1137095 0.3498604 0.1119301 0.3579199 0.1131336 0.3578458 0.1132242 0.3496271 0.1119628 0.3418735 0.1106366 0.3498604 0.1119301 0.3498604 0.1119301 0.342208 0.1106716 0.3501108 0.111895 0.319137 0.1074311 0.3418735 0.1106366 0.3402266 0.1104217 0.3193498 0.1074312 0.342208 0.1106716 0.3418735 0.1106366 0.319137 0.1074311 0.2968248 0.1042252 0.3193498 0.1074312 0.3193498 0.1074312 0.2968645 0.104181 0.3195783 0.1074312 0.2733994 0.1029852 0.2968248 0.1042252 0.2967204 0.1044409 0.2734119 0.102923 0.2968645 0.104181 0.2968248 0.1042252 0.2733994 0.1029852 0.25 0.1016213 0.2734119 0.102923 0.2734119 0.102923 0.25 0.1015571 0.2734252 0.1028563 0.2266006 0.1029852 0.25 0.1016213 0.25 0.1019171 0.2265882 0.102923 0.25 0.1015571 0.25 0.1016213 0.2266006 0.1029852 0.2031769 0.104225 0.2265882 0.102923 0.2265882 0.102923 0.2031613 0.1041783 0.2265748 0.1028563 0.1807474 0.1074553 0.2031769 0.104225 0.2032789 0.1044411 0.180774 0.107429 0.2031613 0.1041783 0.2031769 0.104225 0.1807474 0.1074553 0.1581717 0.1106311 0.180774 0.107429 0.180774 0.107429 0.1582813 0.1106147 0.1807687 0.1074009 0.1501582 0.1119327 0.1581717 0.1106311 0.1582331 0.1106234 0.1501582 0.1119327 0.1582813 0.1106147 0.1581717 0.1106311 0.1501582 0.1119327 0.1421633 0.1132363 0.1501582 0.1119327 0.1501582 0.1119327 0.1421864 0.1132602 0.1501582 0.1119327 0.1364708 0.1189635 0.1421633 0.1132363 0.1421725 0.1132556 0.1365315 0.1188794 0.1421864 0.1132602 0.1421633 0.1132363 0.1364708 0.1189635 0.1309362 0.124351 0.1365315 0.1188794 0.1365315 0.1188794 0.1310422 0.124162 0.1366022 0.1187613 0.1204282 0.1384776 0.1309362 0.124351 0.1303859 0.1253063 0.120458 0.1383454 0.1310422 0.124162 0.1309362 0.124351 0.1204282 0.1384776 0.1099793 0.1523408 0.120458 0.1383454 0.120458 0.1383454 0.1099206 0.1523019 0.1204901 0.1382033 0.1022761 0.1675195 0.1099793 0.1523408 0.1102843 0.1524739 0.1021977 0.1674901 0.1099206 0.1523019 0.1099793 0.1523408 0.1022761 0.1675195 0.09441715 0.182639 0.1021977 0.1674901 0.1021977 0.1674901 0.09434753 0.1826158 0.1021135 0.1674586 0.08981961 0.1987956 0.09441715 0.182639 0.09475725 0.182749 0.08978259 0.1987842 0.09434753 0.1826158 0.09441715 0.182639 0.08981961 0.1987956 0.08589941 0.2150418 0.08978259 0.1987842 0.08978259 0.1987842 0.08590275 0.2150424 0.08974564 0.1987712 0.08341473 0.2315143 0.08589941 0.2150418 0.08590596 0.2150428 0.08337491 0.2315146 0.08590275 0.2150424 0.08589941 0.2150418 0.08341473 0.2315143 0.08159863 0.2481141 0.08337491 0.2315146 0.08337491 0.2315146 0.08152705 0.2481158 0.08333438 0.2315165 0.08326387 0.2646654 0.08159863 0.2481141 0.08196622 0.2481065 0.08321923 0.2646664 0.08152705 0.2481158 0.08159863 0.2481141 0.08326387 0.2646654 0.08484363 0.2812179 0.08321923 0.2646664 0.08321923 0.2646664 0.08486253 0.2812131 0.08317124 0.2646674 0.08963191 0.2970998 0.08484363 0.2812179 0.08485758 0.2812151 0.08963191 0.2970998 0.08486253 0.2812131 0.08484363 0.2812179 0.08963191 0.2970998 0.09442663 0.3129795 0.08963191 0.2970998 0.08963191 0.2970998 0.09445023 0.3129694 0.08963191 0.2970998 0.1023329 0.3275145 0.09442663 0.3129795 0.09443974 0.3129739 0.1023377 0.3275132 0.09445023 0.3129694 0.09442663 0.3129795 0.1023329 0.3275145 0.1108827 0.3416093 0.1023377 0.3275132 0.1023377 0.3275132 0.1108926 0.3416027 0.1023441 0.3275092 0.1206696 0.3548404 0.1108827 0.3416093 0.1108878 0.3416057 0.1206644 0.3548448 0.1108926 0.3416027 0.1108827 0.3416093 0.1206696 0.3548404 0.1316905 0.3670513 0.1206644 0.3548448 0.1206644 0.3548448 0.1316989 0.3670428 0.1206735 0.3548374 0.1438612 0.3781055 0.1316905 0.3670513 0.1316953 0.3670464 0.143857 0.3781108 0.1316989 0.3670428 0.1316905 0.3670513 0.1438612 0.3781055 0.1570448 0.38792 0.143857 0.3781108 0.143857 0.3781108 0.1570514 0.3879101 0.1438644 0.3781017 0.1710841 0.3964927 0.1570448 0.38792 0.1570484 0.3879149 0.1710854 0.3964879 0.1570514 0.3879101 0.1570448 0.38792 0.1710841 0.3964927 0.1855594 0.4044193 0.1710854 0.3964879 0.1710854 0.3964879 0.1855694 0.4043956 0.1710893 0.3964813 0.1710816 0.3964973 0.1855649 0.4044061 0.1710841 0.3964927 0.1710816 0.3964973 0.1570484 0.3879149 0.157045 0.3879197 0.1438573 0.3781104 0.1570484 0.3879149 0.1438612 0.3781055 0.1438573 0.3781104 0.1316953 0.3670464 0.1316909 0.3670509 0.1206647 0.3548445 0.1316953 0.3670464 0.1206696 0.3548404 0.1206647 0.3548445 0.1108878 0.3416057 0.110883 0.3416091 0.1023283 0.3275171 0.1108878 0.3416057 0.1023329 0.3275145 0.1023283 0.3275171 0.09443974 0.3129739 0.09442746 0.3129792 0.08963191 0.2970998 0.09443974 0.3129739 0.08963191 0.2970998 0.08963191 0.2970998 0.08485758 0.2812151 0.08484494 0.2812177 0.08327424 0.2646653 0.08485758 0.2812151 0.08326387 0.2646654 0.08327424 0.2646653 0.08196622 0.2481065 0.08205711 0.2481045 0.08341979 0.2315137 0.08196622 0.2481065 0.08341473 0.2315143 0.08341979 0.2315137 0.08590596 0.2150428 0.08590036 0.2150419 0.08982408 0.1987976 0.08590596 0.2150428 0.08981961 0.1987956 0.08982408 0.1987976 0.09475725 0.182749 0.09484106 0.1827762 0.1022943 0.1675263 0.09475725 0.182749 0.1022761 0.1675195 0.1022943 0.1675263 0.1102843 0.1524739 0.1103604 0.1525062 0.1204212 0.1385083 0.1102843 0.1524739 0.1204282 0.1384776 0.1204212 0.1385083 0.1303859 0.1253063 0.1302486 0.1255441 0.136457 0.118982 0.1303859 0.1253063 0.1364708 0.1189635 0.136457 0.118982 0.1421725 0.1132556 0.1421635 0.1132382 0.1501582 0.1119327 0.1421725 0.1132556 0.1501582 0.1119327 0.1501582 0.1119327 0.1582331 0.1106234 0.1581757 0.1106307 0.1807398 0.1074614 0.1582331 0.1106234 0.1807474 0.1074553 0.1807398 0.1074614 0.2032789 0.1044411 0.2033041 0.1044947 0.2266035 0.1029996 0.2032789 0.1044411 0.2266006 0.1029852 0.2266035 0.1029996 0.25 0.1019171 0.25 0.1019905 0.2733966 0.1029996 0.25 0.1019171 0.2733994 0.1029852 0.2733966 0.1029996 0.2967204 0.1044409 0.2966957 0.1044946 0.3190876 0.1074311 0.2967204 0.1044409 0.319137 0.1074311 0.3190876 0.1074311 0.3402266 0.1104217 0.3398165 0.1103676 0.349573 0.1119704 0.3402266 0.1104217 0.3496271 0.1119628 0.349573 0.1119704 0.3575742 0.1137095 0.3575069 0.1138288 0.3636135 0.1192377 0.3575742 0.1137095 0.3636242 0.1192352 0.3636135 0.1192377 0.3707013 0.1271936 0.3706939 0.1271794 0.3796352 0.1387583 0.3707013 0.1271936 0.3796374 0.1387677 0.3796352 0.1387583 0.3891131 0.1527354 0.3891172 0.152732 0.3975576 0.1675819 0.3891131 0.1527354 0.397552 0.167584 0.3975576 0.1675819 0.4045725 0.1829661 0.4045783 0.1829643 0.4101092 0.1988192 0.4045725 0.1829661 0.4101032 0.1988207 0.4101092 0.1988192 0.4140933 0.215043 0.4140995 0.2150421 0.4165081 0.2315122 0.4140933 0.215043 0.4165018 0.2315126 0.4165081 0.2315122 0.417308 0.2480912 0.4173144 0.2480913 0.416508 0.2646353 0.417308 0.2480912 0.4165018 0.2646346 0.416508 0.2646353 0.4140936 0.2809932 0.4140995 0.2809945 0.4101759 0.2970467 0.4140936 0.2809932 0.4101804 0.2970492 0.4101759 0.2970467 0.4052427 0.3128397 0.4051589 0.3128042 0.3977057 0.3275491 0.4052427 0.3128397 0.3977239 0.327559 0.3977057 0.3275491 0.3897152 0.3420128 0.3896394 0.3419617 0.3794652 0.3549519 0.3897152 0.3420128 0.3794811 0.3549651 0.3794652 0.3549519 0.3688178 0.3675622 0.3687536 0.3674978 0.3561938 0.3781617 0.3688178 0.3675622 0.3561978 0.3781649 0.3561938 0.3781617 0.3429518 0.387915 0.3429549 0.3879197 0.3288987 0.3964496 0.3429518 0.387915 0.3289001 0.3964545 0.3288987 0.3964496 0.3143035 0.4040877 0.3142688 0.4040036 0.2986174 0.4091271 0.3143035 0.4040877 0.2986233 0.4091469 0.2986174 0.4091271 0.2827818 0.4136727 0.2827641 0.4135835 0.2664138 0.4154508 0.2827818 0.4136727 0.2664154 0.4154556 0.2664138 0.4154508 0.25 0.4161826 0.25 0.4161881 0.2335763 0.4155013 0.25 0.4161826 0.2335767 0.4154959 0.2335767 0.4154959 0.2500001 0.4161887 0.2335783 0.4154913 0.2013528 0.4092254 0.2171511 0.4140104 0.2171486 0.4140235 0.1855649 0.4044061 0.2013528 0.4092254 0.1855598 0.4044184 0.2013529 0.4092254 0.2171478 0.4140279 0.2171511 0.4140104 0.185558 0.4044225 0.2013529 0.4092254 0.1855649 0.4044061 0.1710789 0.3965037 0.1855649 0.4044061 0.1855598 0.4044184 0.1710798 0.3965031 0.185558 0.4044225 0.1855649 0.4044061 0.1710616 0.3965316 0.185558 0.4044226 0.185558 0.4044225 0.185558 0.4044226 0.2013529 0.4092254 0.185558 0.4044225 0.1568459 0.3882188 0.1710616 0.3965316 0.1569268 0.3880974 0.1569268 0.3880974 0.1710798 0.3965031 0.1570484 0.3879149 0.1438613 0.3781055 0.1569268 0.3880974 0.1570484 0.3879149 0.1438227 0.3781528 0.1568459 0.3882188 0.1569268 0.3880974 0.1314373 0.3673058 0.1438227 0.3781528 0.1315402 0.3672024 0.1315402 0.3672024 0.1438613 0.3781055 0.1316953 0.3670464 0.1316953 0.3670464 0.1438573 0.3781104 0.1316909 0.3670508 0.1438573 0.3781104 0.1570484 0.3879149 0.157045 0.3879197 0.1206647 0.3548445 0.1316953 0.3670464 0.1316909 0.3670508 0.1206697 0.3548403 0.1315402 0.3672024 0.1316953 0.3670464 0.1107061 0.3417285 0.1206697 0.3548403 0.1108878 0.3416057 0.1108878 0.3416057 0.1206647 0.3548445 0.110883 0.3416091 0.102322 0.3275198 0.1108878 0.3416057 0.110883 0.3416091 0.1023225 0.3275189 0.1107061 0.3417285 0.1108878 0.3416057 0.1022942 0.3275373 0.110585 0.3418101 0.1107061 0.3417285 0.110585 0.3418101 0.1206225 0.3548793 0.1107061 0.3417285 0.09442329 0.312981 0.1022942 0.3275373 0.09442335 0.3129809 0.09442335 0.3129809 0.1023225 0.3275189 0.0944398 0.3129739 0.08963191 0.2970998 0.09442335 0.3129809 0.0944398 0.3129739 0.08963191 0.2970998 0.09442329 0.312981 0.09442335 0.3129809 0.08484059 0.2812186 0.08963191 0.2970998 0.08484065 0.2812186 0.08484065 0.2812186 0.08963191 0.2970998 0.08485788 0.281215 0.08485788 0.281215 0.08963191 0.2970998 0.084845 0.2812176 0.08963191 0.2970998 0.0944398 0.3129739 0.09442752 0.3129791 0.08330851 0.2646645 0.08485788 0.281215 0.084845 0.2812176 0.0833221 0.2646642 0.08484065 0.2812186 0.08485788 0.281215 0.08240038 0.2480973 0.0833221 0.2646642 0.08246177 0.2480961 0.08246177 0.2480961 0.08330851 0.2646645 0.08235585 0.2480983 0.08344727 0.2315131 0.08246177 0.2480961 0.08235585 0.2480983 0.08346176 0.2315133 0.08240038 0.2480973 0.08246177 0.2480961 0.08341956 0.2315089 0.08226692 0.2481001 0.08240038 0.2480973 0.08226692 0.2481001 0.08331316 0.2646644 0.08240038 0.2480973 0.08554887 0.2149862 0.08341956 0.2315089 0.08569163 0.2150089 0.08569163 0.2150089 0.08346176 0.2315133 0.08590638 0.2150429 0.08986312 0.1988097 0.08569163 0.2150089 0.08590638 0.2150429 0.08982181 0.1988013 0.08554887 0.2149862 0.08569163 0.2150089 0.09503483 0.182839 0.08982181 0.1988013 0.0951581 0.1828789 0.0951581 0.1828789 0.08986312 0.1988097 0.09521526 0.1828973 0.09521526 0.1828973 0.08984947 0.1988058 0.09511709 0.1828656 0.08984947 0.1988058 0.08590638 0.2150429 0.08590042 0.215042 0.1023544 0.1675488 0.09521526 0.1828973 0.09511709 0.1828656 0.1023784 0.1675578 0.0951581 0.1828789 0.09521526 0.1828973 0.110646 0.1526292 0.1023784 0.1675578 0.1106961 0.1526523 0.1106961 0.1526523 0.1023544 0.1675488 0.1106088 0.1526135 0.1203892 0.1386501 0.110646 0.1526292 0.1106961 0.1526523 0.1203983 0.1386097 0.1106961 0.1526523 0.1106088 0.1526135 0.1297333 0.1264377 0.1203892 0.1386501 0.1296427 0.1265959 0.1296427 0.1265959 0.1203983 0.1386097 0.1298005 0.1263214 0.1364107 0.1190445 0.1296427 0.1265959 0.1298005 0.1263214 0.136392 0.1190711 0.1297333 0.1264377 0.1296427 0.1265959 0.1364079 0.1190352 0.1299335 0.1260905 0.1297333 0.1264377 0.1299335 0.1260905 0.1203952 0.1386235 0.1297333 0.1264377 0.1421604 0.1132321 0.1364079 0.1190352 0.1421605 0.1132323 0.1421605 0.1132323 0.136392 0.1190711 0.1421723 0.1132561 0.1501582 0.1119327 0.1421605 0.1132323 0.1421723 0.1132561 0.1501582 0.1119327 0.1421604 0.1132321 0.1421605 0.1132323 0.1581561 0.1106333 0.1501582 0.1119327 0.1581564 0.1106332 0.1581564 0.1106332 0.1501582 0.1119327 0.1582333 0.1106234 0.1582333 0.1106234 0.1501582 0.1119327 0.1581758 0.1106308 0.1501582 0.1119327 0.1421723 0.1132561 0.1421635 0.1132383 0.180717 0.1074815 0.1582333 0.1106234 0.1581758 0.1106308 0.18071 0.1074895 0.1581564 0.1106332 0.1582333 0.1106234 0.2033995 0.1046964 0.18071 0.1074895 0.2034165 0.1047324 0.2034165 0.1047324 0.180717 0.1074815 0.2033871 0.1046702 0.226613 0.1030473 0.2034165 0.1047324 0.2033871 0.1046702 0.2266168 0.1030663 0.2033995 0.1046964 0.2034165 0.1047324 0.2266143 0.1030538 0.2033624 0.104618 0.2033995 0.1046964 0.2033624 0.104618 0.1806923 0.1074843 0.2033995 0.1046964 0.25 0.1021593 0.2266143 0.1030538 0.25 0.1022666 0.25 0.1022666 0.2266168 0.1030663 0.25 0.1023159 0.2733833 0.1030663 0.25 0.1022666 0.25 0.1023159 0.2733857 0.1030538 0.25 0.1021593 0.25 0.1022666 0.2966377 0.104618 0.2733857 0.1030538 0.2966005 0.1046964 0.2966005 0.1046964 0.2733833 0.1030663 0.2965816 0.1047321 0.2965816 0.1047321 0.273387 0.1030473 0.2966125 0.1046701 0.273387 0.1030473 0.25 0.1023159 0.25 0.1022307 0.3189244 0.1074311 0.2965816 0.1047321 0.2966125 0.1046701 0.3188595 0.1074311 0.2966005 0.1046964 0.2965816 0.1047321 0.3382761 0.1101655 0.3188595 0.1074311 0.3380035 0.1101307 0.3380035 0.1101307 0.3189244 0.1074311 0.3384766 0.1101921 0.3493942 0.1119954 0.3380035 0.1101307 0.3384766 0.1101921 0.3493229 0.1120054 0.3382761 0.1101655 0.3380035 0.1101307 0.3493699 0.1119988 0.3388746 0.110244 0.3382761 0.1101655 0.3388746 0.110244 0.3189023 0.1074311 0.3382761 0.1101655 0.3573524 0.1141054 0.3493699 0.1119988 0.3572543 0.1142815 0.3572543 0.1142815 0.3493229 0.1120054 0.3572086 0.1143631 0.3635897 0.1192972 0.3572543 0.1142815 0.3572086 0.1143631 0.3635528 0.1192015 0.3573524 0.1141054 0.3572543 0.1142815 0.3701568 0.1262471 0.3635528 0.1192015 0.3703752 0.1266259 0.3703752 0.1266259 0.3635897 0.1192972 0.3707012 0.127194 0.3707012 0.127194 0.3635933 0.1192739 0.3706939 0.1271795 0.3635933 0.1192739 0.3572086 0.1143631 0.3572869 0.1142229 0.3796353 0.1387583 0.3707012 0.127194 0.3706939 0.1271795 0.3796373 0.1387677 0.3703752 0.1266259 0.3707012 0.127194 0.3892939 0.1526552 0.3796373 0.1387677 0.3891131 0.1527354 0.3891131 0.1527354 0.3796353 0.1387583 0.3891172 0.152732 0.3975576 0.1675819 0.3891131 0.1527354 0.3891172 0.152732 0.397552 0.167584 0.3892939 0.1526552 0.3891131 0.1527354 0.3976057 0.1675639 0.3894149 0.152603 0.3892939 0.1526552 0.3894149 0.152603 0.3796169 0.1386771 0.3892939 0.1526552 0.4049096 0.182857 0.3976057 0.1675639 0.4047751 0.1829006 0.4047751 0.1829006 0.397552 0.167584 0.4045724 0.1829661 0.4101032 0.1988207 0.4047751 0.1829006 0.4045724 0.1829661 0.4101615 0.1988067 0.4049096 0.182857 0.4047751 0.1829006 0.4144511 0.2149862 0.4101615 0.1988067 0.4143084 0.2150089 0.4143084 0.2150089 0.4101032 0.1988207 0.4140933 0.215043 0.4140933 0.215043 0.4101092 0.1988192 0.4140995 0.215042 0.4101092 0.1988192 0.4045724 0.1829661 0.4045783 0.1829643 0.4165081 0.2315122 0.4140933 0.215043 0.4140995 0.215042 0.4165018 0.2315126 0.4143084 0.2150089 0.4140933 0.215043 0.4175274 0.2480958 0.4165018 0.2315126 0.417308 0.2480912 0.417308 0.2480912 0.4165081 0.2315122 0.4173144 0.2480913 0.416508 0.2646353 0.417308 0.2480912 0.4173144 0.2480913 0.4165017 0.2646346 0.4175274 0.2480958 0.417308 0.2480912 0.4165624 0.2646415 0.4176729 0.2480989 0.4175274 0.2480958 0.4176729 0.2480989 0.4165624 0.2315085 0.4175274 0.2480958 0.4144511 0.2810688 0.4165624 0.2646415 0.4143083 0.2810386 0.4143083 0.2810386 0.4165017 0.2646346 0.4140934 0.2809932 0.4101782 0.297042 0.4144511 0.2810688 0.4143083 0.2810386 0.4101369 0.2970308 0.4143083 0.2810386 0.4140934 0.2809932 0.4049652 0.3127223 0.4101782 0.297042 0.4048418 0.3126701 0.4048418 0.3126701 0.4101369 0.2970308 0.4047847 0.312646 0.4047847 0.312646 0.4101505 0.2970359 0.4048829 0.3126875 0.4101505 0.2970359 0.4140934 0.2809932 0.4140995 0.2809945 0.3976457 0.3275166 0.4047847 0.312646 0.4048829 0.3126875 0.3976216 0.3275036 0.4048418 0.3126701 0.4047847 0.312646 0.389354 0.3417691 0.3976216 0.3275036 0.3893028 0.3417345 0.3893028 0.3417345 0.3976457 0.3275166 0.389391 0.3417941 0.3794125 0.3549084 0.3893028 0.3417345 0.389391 0.3417941 0.3793915 0.354891 0.389354 0.3417691 0.3893028 0.3417345 0.3794053 0.3549025 0.3894649 0.341844 0.389354 0.3417691 0.3894649 0.341844 0.3976374 0.3275121 0.389354 0.3417691 0.3686053 0.3673486 0.3794053 0.3549025 0.3685109 0.3672537 0.3685109 0.3672537 0.3793915 0.354891 0.3684672 0.3672097 0.3561645 0.3781315 0.3685109 0.3672537 0.3684672 0.3672097 0.3561902 0.3781657 0.3686053 0.3673486 0.3685109 0.3672537 0.3431541 0.3882188 0.3561902 0.3781657 0.3430732 0.3880972 0.3430732 0.3880972 0.3561645 0.3781315 0.3429515 0.3879146 0.3429515 0.3879146 0.3561743 0.3781422 0.3429549 0.3879196 0.3561743 0.3781422 0.3684672 0.3672097 0.3685423 0.3672853 0.3288882 0.3964242 0.3429515 0.3879146 0.3429549 0.3879196 0.3288821 0.396411 0.3430732 0.3880972 0.3429515 0.3879146 0.3141376 0.4036857 0.3288821 0.396411 0.3141139 0.4036284 0.3141139 0.4036284 0.3288882 0.3964242 0.3141546 0.4037268 0.2985976 0.4090616 0.3141139 0.4036284 0.3141546 0.4037268 0.2985898 0.4090356 0.3141376 0.4036857 0.3141139 0.4036284 0.2985949 0.4090527 0.3141886 0.4038093 0.3141376 0.4036857 0.3141886 0.4038093 0.3289037 0.3964478 0.3141376 0.4036857 0.2827232 0.4133773 0.2985949 0.4090527 0.2826972 0.4132461 0.2826972 0.4132461 0.2985898 0.4090356 0.2826851 0.4131852 0.2664062 0.4154093 0.2826972 0.4132461 0.2826851 0.4131852 0.2664086 0.415452 0.2827232 0.4133773 0.2826972 0.4132461 0.2826851 0.4131852 0.2985976 0.4090616 0.2827058 0.4132898 0.2664084 0.4154238 0.2826851 0.4131852 0.2827058 0.4132898 0.3289037 0.3964478 0.3431541 0.3882188 0.3430732 0.3880972 0.3289197 0.3964771 0.343243 0.3883525 0.3431541 0.3882188 0.3684672 0.3672097 0.3794125 0.3549084 0.3685423 0.3672853 0.3976374 0.3275121 0.4049652 0.3127223 0.4048418 0.3126701 0.4140934 0.2809932 0.416508 0.2646353 0.4140995 0.2809945 0.4165624 0.2315085 0.4144511 0.2149862 0.4143084 0.2150089 0.4045724 0.1829661 0.3975576 0.1675819 0.4045783 0.1829643 0.3796169 0.1386771 0.3701568 0.1262471 0.3703752 0.1266259 0.3572086 0.1143631 0.3493942 0.1119954 0.3572869 0.1142229 0.3189023 0.1074311 0.2966377 0.104618 0.2966005 0.1046964 0.25 0.1023159 0.226613 0.1030473 0.25 0.1022307 0.1806923 0.1074843 0.1581561 0.1106333 0.1581564 0.1106332 0.1421723 0.1132561 0.1364107 0.1190445 0.1421635 0.1132383 0.1203952 0.1386235 0.110535 0.1525813 0.110646 0.1526292 0.110535 0.1525813 0.1023626 0.1675519 0.110646 0.1526292 0.1023626 0.1675519 0.09503483 0.182839 0.0951581 0.1828789 0.08590638 0.2150429 0.08344727 0.2315131 0.08590042 0.215042 0.08331316 0.2646644 0.08484059 0.2812186 0.08484065 0.2812186 0.0944398 0.3129739 0.102322 0.3275198 0.09442752 0.3129791 0.1206225 0.3548793 0.1314373 0.3673058 0.1315402 0.3672024 0.1570484 0.3879149 0.1710789 0.3965037 0.157045 0.3879197 0.2013529 0.4092254 0.2171478 0.4140279 0.2171478 0.4140279 0.2664262 0.4156496 0.25 0.417271 0.2664262 0.4156496 0.2664262 0.4156496 0.25 0.417271 0.2664262 0.4156496 0.2664262 0.4156496 0.2828523 0.4140281 0.2828523 0.4140281 0.3289372 0.3965092 0.3435552 0.3888215 0.343243 0.3883525 0.2986471 0.4092254 0.2828523 0.4140281 0.2986471 0.4092254 0.3336343 0.1148497 0.25 0.102422 0.3336343 0.1148498 0.1663297 0.1146975 0.25 0.102422 0.25 0.102422 0.1663297 0.1146975 0.1570709 0.1160559 0.1570686 0.1160563 0.1570686 0.1160563 0.148714 0.117282 0.148716 0.1172817 0.148716 0.1172817 0.1363829 0.1190904 0.1363833 0.1190903 0.1363833 0.1190903 0.1363883 0.1190891 0.1363885 0.119089 0.1363885 0.119089 0.1363943 0.1190876 0.1363943 0.1190876 0.136609 0.1190362 0.1363943 0.1190876 0.1363943 0.1190876 0.136609 0.1190362 0.1363939 0.1190878 0.1363943 0.1190876 0.136609 0.1190362 0.1363936 0.1190878 0.1363939 0.1190878 0.136609 0.1190362 0.148727 0.1172679 0.1363936 0.1190878 0.1488676 0.1171563 0.1570711 0.1160383 0.148727 0.1172679 0.1571623 0.1158813 0.1663264 0.1146762 0.1570711 0.1160383 0.1663264 0.1146762 0.25 0.1016269 0.25 0.1023628 0.25 0.1016269 0.333644 0.1148113 0.25 0.1023628 0.333644 0.1148113 0.3429054 0.1157602 0.3428959 0.1161885 0.3428959 0.1161885 0.3512056 0.1170256 0.3512368 0.1174321 0.3512368 0.1174321 0.3634737 0.118888 0.363568 0.1192664 0.363568 0.1192664 0.3634737 0.118888 0.3635678 0.1192657 0.3635678 0.1192657 0.3634736 0.118888 0.3635677 0.1192651 0.3635677 0.1192651 0.3634736 0.118888 0.3635677 0.1192651 0.3635702 0.1192752 0.3635677 0.1192651 0.3635702 0.1192756 0.3635724 0.1192843 0.3635702 0.1192756 0.3635726 0.119285 0.3635677 0.1192651 0.3635704 0.1192761 0.3635678 0.1192657 0.3635702 0.1192752 0.3635725 0.1192845 0.3635704 0.1192761 0.3635724 0.1192843 0.3635761 0.1192989 0.3635725 0.1192845 0.3512404 0.1174659 0.3635726 0.119285 0.3512424 0.1174662 0.3431385 0.116262 0.3512404 0.1174659 0.3428913 0.1162253 0.3428913 0.1162253 0.3512424 0.1174662 0.342889 0.116225 0.3336343 0.1148498 0.342889 0.116225 0.3336343 0.1148497 0.3336358 0.1148499 0.3428913 0.1162253 0.3336343 0.1148498 0.3336414 0.1148508 0.3431385 0.116262 0.3336358 0.1148499 0.3428342 0.1162168 0.3508517 0.1174082 0.3431385 0.116262 0.3336506 0.1148521 0.3428342 0.1162168 0.3336414 0.1148508 0.3428657 0.1162215 0.3494918 0.1172061 0.3428342 0.1162168 0.3635725 0.1192845 0.3635761 0.1192989 0.3635722 0.1192836 0.3635722 0.1192836 0.3494918 0.1172061 0.3494862 0.117192 0.3508328 0.1173831 0.3428558 0.1162069 0.3431946 0.1162454 0.363572 0.1192826 0.3494862 0.117192 0.3508328 0.1173831 0.3635695 0.1192727 0.3508328 0.1173831 0.3512368 0.1174321 0.3512368 0.1174321 0.3431946 0.1162454 0.3428959 0.1161885 0.3635704 0.1192761 0.3635722 0.1192836 0.3635704 0.1192764 0.3635678 0.1192657 0.3635704 0.1192764 0.363568 0.1192664 0.3428959 0.1161885 0.3336424 0.1148239 0.333644 0.1148113 0.3431946 0.1162454 0.3336415 0.1148374 0.3336424 0.1148239 0.333644 0.1148113 0.25 0.1023823 0.25 0.1023628 0.3336424 0.1148239 0.25 0.1024024 0.25 0.1023823 0.25 0.1023823 0.1663264 0.1146762 0.25 0.1023628 0.25 0.1024024 0.1663256 0.1146825 0.25 0.1023823 0.1663256 0.1146825 0.1570711 0.1160383 0.1663264 0.1146762 0.1663243 0.1146901 0.156823 0.1160795 0.1663256 0.1146825 0.1663243 0.1146901 0.157102 0.1160514 0.1571299 0.1160397 0.1663226 0.1146986 0.25 0.1024024 0.25 0.102422 0.1567678 0.1161004 0.1663226 0.1146986 0.1663283 0.1146978 0.1663283 0.1146978 0.25 0.102422 0.25 0.102422 0.25 0.1024024 0.3336414 0.1148508 0.25 0.102422 0.25 0.102422 0.3336358 0.1148499 0.25 0.102422 0.25 0.102422 0.3336343 0.1148498 0.25 0.102422 0.1663297 0.1146975 0.25 0.102422 0.25 0.102422 0.1570686 0.1160563 0.1663283 0.1146978 0.1663297 0.1146975 0.148716 0.1172817 0.1567678 0.1161004 0.1570686 0.1160563 0.1491202 0.1172224 0.157102 0.1160514 0.1567678 0.1161004 0.136375 0.1190923 0.1491202 0.1172224 0.148716 0.1172817 0.136375 0.1190923 0.1504653 0.117025 0.1491202 0.1172224 0.157102 0.1160514 0.1504731 0.117017 0.1571299 0.1160397 0.1363838 0.1190902 0.1504731 0.117017 0.1504653 0.117025 0.1363879 0.1190892 0.1363809 0.1190909 0.1363838 0.1190902 0.1363881 0.1190891 0.1363838 0.1190902 0.1363832 0.1190903 0.1363936 0.1190878 0.1363855 0.1190898 0.1363879 0.1190892 0.1363939 0.1190878 0.1363879 0.1190892 0.1363881 0.1190891 0.156823 0.1160795 0.148727 0.1172679 0.1570711 0.1160383 0.1571299 0.1160397 0.1491129 0.1172139 0.156823 0.1160795 0.1363943 0.1190876 0.1363881 0.1190891 0.1363885 0.119089 0.1363885 0.119089 0.1363832 0.1190903 0.1363833 0.1190903 0.4141016 0.2809948 0.4165102 0.2646355 0.4141016 0.2809948 0.4102151 0.297063 0.4141016 0.2809948 0.4102152 0.297063 0.4102151 0.297063 0.4141016 0.2809949 0.4141016 0.2809948 0.4141016 0.2809948 0.4165102 0.2646355 0.4165102 0.2646355 0.4101631 0.297041 0.4140998 0.2809945 0.4141016 0.2809949 0.4140998 0.2809945 0.4165102 0.2646355 0.4141016 0.2809949 0.4048965 0.3126933 0.4101631 0.297041 0.4050048 0.312739 0.4102151 0.297063 0.4050048 0.312739 0.4101631 0.297041 0.3976727 0.3275312 0.4048965 0.3126933 0.4050048 0.312739 0.3977961 0.3275982 0.4050048 0.312739 0.4055768 0.3129808 0.4102151 0.297063 0.4055768 0.3129808 0.4055768 0.3129808 0.3977961 0.3275982 0.4055768 0.3129808 0.3977961 0.3275981 0.3977961 0.3275982 0.3900154 0.3422154 0.3900154 0.3422154 0.3795444 0.3550174 0.3900154 0.3422154 0.3795444 0.3550174 0.3795444 0.3550174 0.3690733 0.3678194 0.3690733 0.3678194 0.3795444 0.3550174 0.3686355 0.3673791 0.3794361 0.3549279 0.3795444 0.3550174 0.3895006 0.3418681 0.3900154 0.3422154 0.3794361 0.3549279 0.3894033 0.3418024 0.3895006 0.3418681 0.3685528 0.3672959 0.3794361 0.3549279 0.3686355 0.3673791 0.3894033 0.3418024 0.3976727 0.3275312 0.3895006 0.341868 0.3977961 0.3275982 0.3895006 0.341868 0.3976727 0.3275312 0.3794152 0.3549106 0.3893111 0.3417401 0.3894033 0.3418024 0.3893111 0.3417401 0.3976488 0.3275182 0.3894033 0.3418024 0.3976488 0.3275182 0.4047939 0.3126499 0.4048965 0.3126933 0.3976244 0.3275051 0.4046634 0.3125947 0.4047939 0.3126499 0.3891934 0.3416607 0.3976244 0.3275051 0.3893111 0.3417401 0.4047939 0.3126499 0.410152 0.2970365 0.4048965 0.3126933 0.4046634 0.3125947 0.4101388 0.2970315 0.4047939 0.3126499 0.4101388 0.2970315 0.4141303 0.281001 0.4140946 0.2809935 0.410152 0.2970365 0.4140946 0.2809935 0.4140998 0.2809945 0.4141303 0.281001 0.416503 0.2646347 0.4140946 0.2809935 0.4140946 0.2809935 0.4165084 0.2646353 0.4140998 0.2809945 0.416503 0.2646347 0.4173458 0.248092 0.4173093 0.2482407 0.4165084 0.2646353 0.4173093 0.2482407 0.4173147 0.2481296 0.4173093 0.2482407 0.4165084 0.2646353 0.4173147 0.2481296 0.4173458 0.248092 0.416503 0.2646347 0.4173093 0.2482407 0.4165084 0.2646353 0.4140946 0.2809935 0.4140998 0.2809945 0.416503 0.2646347 0.4141303 0.2810009 0.4140946 0.2809935 0.4165247 0.2646372 0.4141501 0.2810052 0.4141303 0.2810009 0.417366 0.2480924 0.4165247 0.2646372 0.4173458 0.248092 0.4165347 0.2646384 0.4141718 0.2810097 0.4141501 0.2810052 0.4173882 0.2480929 0.4165347 0.2646384 0.417366 0.2480924 0.4165247 0.2646372 0.417366 0.2480924 0.4173458 0.248092 0.4165347 0.2646384 0.4173882 0.2480929 0.417366 0.2480924 0.4165457 0.2646396 0.4174064 0.2480933 0.4173882 0.2480929 0.4174064 0.2480933 0.4165457 0.2646396 0.4173882 0.2480929 0.4183951 0.248114 0.4165548 0.2646406 0.4174064 0.2480933 0.4165548 0.2646406 0.4183951 0.248114 0.4174064 0.2480933 0.4165548 0.2646406 0.4151594 0.2812186 0.4141898 0.2810135 0.4165457 0.2646396 0.4141898 0.2810135 0.4141718 0.2810097 0.4151594 0.2812186 0.4101541 0.2970325 0.4141898 0.2810135 0.4101541 0.2970325 0.4055768 0.3129808 0.4046634 0.3125947 0.4101496 0.2970316 0.4046634 0.3125947 0.4046634 0.3125947 0.4141898 0.2810135 0.4101496 0.2970316 0.4141718 0.2810097 0.4141718 0.2810097 0.4101442 0.2970305 0.4141501 0.2810052 0.4101442 0.2970305 0.4046634 0.3125947 0.4046634 0.3125947 0.4046634 0.3125947 0.3975989 0.3274912 0.4046634 0.3125947 0.4046634 0.3125947 0.3975989 0.3274912 0.4046634 0.3125947 0.3975989 0.3274912 0.3891934 0.3416607 0.3891934 0.3416607 0.3975989 0.3274912 0.3891934 0.3416607 0.3891934 0.3416607 0.3975989 0.3274912 0.3900154 0.3422154 0.3891934 0.3416607 0.4055768 0.3129808 0.3975989 0.3274912 0.4046634 0.3125947 0.3900154 0.3422154 0.3793715 0.3548745 0.3891934 0.3416607 0.3793715 0.3548745 0.3690733 0.3678194 0.3683742 0.3671163 0.3793715 0.3548745 0.3683742 0.3671163 0.3683742 0.3671163 0.3891934 0.3416607 0.3793715 0.3548745 0.3891934 0.3416607 0.3891934 0.3416607 0.3793715 0.3548745 0.3891934 0.3416607 0.3793715 0.3548745 0.3683742 0.3671163 0.3683742 0.3671163 0.3683742 0.3671163 0.3561668 0.3781384 0.3683742 0.3671163 0.3683742 0.3671163 0.3561699 0.378143 0.3683742 0.3671163 0.3561668 0.3781384 0.3429958 0.3879811 0.3429835 0.3879626 0.3561699 0.378143 0.343006 0.3879964 0.3429958 0.3879811 0.3561725 0.3781468 0.3435552 0.3888215 0.343006 0.3879964 0.3690733 0.3678194 0.3561725 0.3781468 0.3683742 0.3671163 0.3435552 0.3888215 0.3288932 0.3964242 0.343006 0.3879964 0.3288932 0.3964242 0.3144419 0.4044226 0.3140636 0.4035066 0.3288907 0.3964204 0.3140636 0.4035066 0.3140636 0.4035066 0.343006 0.3879964 0.3288907 0.3964204 0.3429958 0.3879811 0.3429958 0.3879811 0.3288876 0.3964158 0.3429835 0.3879626 0.3288876 0.3964158 0.3140636 0.4035066 0.3140636 0.4035066 0.3140636 0.4035066 0.2985822 0.4090108 0.3140636 0.4035066 0.3140636 0.4035066 0.2985822 0.4090108 0.3140636 0.4035066 0.2985822 0.4090108 0.2826594 0.4130561 0.2826594 0.4130561 0.2985822 0.4090108 0.2826594 0.4130561 0.2826594 0.4130561 0.2985822 0.4090108 0.2828523 0.4140281 0.2826594 0.4130561 0.3144419 0.4044226 0.2985822 0.4090108 0.3140636 0.4035066 0.2828523 0.4140281 0.2664043 0.4154265 0.2826594 0.4130561 0.2664043 0.4154265 0.25 0.417271 0.2500001 0.4162801 0.2664043 0.4154219 0.2500001 0.4162801 0.2500001 0.4162618 0.2826594 0.4130561 0.2664043 0.4154219 0.2826594 0.4130561 0.2826594 0.4130561 0.2664043 0.4154164 0.2826594 0.4130561 0.2664043 0.4154164 0.2500001 0.4162618 0.2500001 0.4162396 0.2500001 0.4162618 0.2335835 0.4154782 0.2500001 0.4162396 0.2500001 0.4162801 0.2335879 0.4154618 0.2500001 0.4162618 0.2335835 0.4154782 0.2172874 0.413324 0.2172442 0.4135422 0.2335879 0.4154619 0.2173231 0.4131443 0.2172874 0.413324 0.2335914 0.4154485 0.2171477 0.414028 0.2173231 0.4131443 0.25 0.417271 0.2335914 0.4154485 0.2500001 0.4162801 0.2171477 0.414028 0.2014048 0.4090537 0.2173231 0.4131443 0.2014048 0.4090537 0.185558 0.4044226 0.1859019 0.4035899 0.2013942 0.4090886 0.1859019 0.4035899 0.185832 0.4037592 0.2173231 0.4131443 0.2013942 0.4090886 0.2172874 0.413324 0.2172874 0.413324 0.2013814 0.409131 0.2172442 0.4135422 0.2013814 0.409131 0.185832 0.4037592 0.185747 0.4039648 0.185832 0.4037592 0.1710883 0.3964741 0.185747 0.4039648 0.1859019 0.4035899 0.1710937 0.3964581 0.185832 0.4037592 0.1710883 0.3964741 0.1570041 0.3879811 0.1570164 0.3879626 0.1710937 0.3964582 0.1569939 0.3879964 0.1570041 0.3879811 0.1710981 0.396445 0.1564447 0.3888216 0.1569939 0.3879964 0.185558 0.4044226 0.1710981 0.396445 0.1859019 0.4035899 0.1564447 0.3888216 0.1438275 0.3781468 0.1569939 0.3879964 0.1438275 0.3781468 0.1309266 0.3678194 0.1316258 0.3671163 0.1438333 0.3781397 0.1316258 0.3671163 0.1316387 0.3671033 0.1569939 0.3879964 0.1438333 0.3781397 0.1570041 0.3879811 0.1570041 0.3879811 0.1438403 0.3781312 0.1570164 0.3879626 0.1438403 0.3781312 0.1316387 0.3671033 0.1316544 0.3670875 0.1316387 0.3671033 0.120644 0.3548616 0.1316544 0.3670875 0.1316258 0.3671163 0.1206355 0.3548686 0.1316387 0.3671033 0.120644 0.3548616 0.1108219 0.3416504 0.1108403 0.341638 0.1206355 0.3548686 0.1108067 0.3416606 0.1108219 0.3416504 0.1206285 0.3548744 0.1099846 0.3422152 0.1108067 0.3416606 0.1309266 0.3678194 0.1206285 0.3548744 0.1316258 0.3671163 0.1099846 0.3422152 0.1023803 0.3275 0.1108067 0.3416606 0.1023803 0.3275 0.09442329 0.312981 0.09525364 0.3126299 0.1023673 0.3275046 0.09525364 0.3126299 0.09508478 0.3127012 0.1108067 0.3416606 0.1023673 0.3275046 0.1108219 0.3416504 0.1108219 0.3416504 0.1023514 0.3275101 0.1108403 0.341638 0.1023514 0.3275101 0.09508478 0.3127012 0.09487974 0.312788 0.09508478 0.3127012 0.08972603 0.2970702 0.09487974 0.312788 0.09525364 0.3126299 0.08976829 0.297057 0.09508478 0.3127012 0.08972603 0.2970702 0.08554285 0.2810701 0.08532518 0.2811161 0.08976829 0.297057 0.08572208 0.2810322 0.08554285 0.2810701 0.08980309 0.297046 0.08484053 0.2812185 0.08572208 0.2810322 0.09442329 0.312981 0.08980309 0.297046 0.09525364 0.3126299 0.08484053 0.2812185 0.08342325 0.2646453 0.08572208 0.2810322 0.08342325 0.2646453 0.08160489 0.248114 0.08259361 0.2480933 0.08340531 0.2646491 0.08259361 0.2480933 0.08259361 0.2480933 0.08572208 0.2810322 0.08340531 0.2646491 0.08554285 0.2810701 0.08554285 0.2810701 0.08338356 0.2646537 0.08532518 0.2811161 0.08338356 0.2646537 0.08259361 0.2480933 0.08259361 0.2480933 0.08259361 0.2480933 0.08338356 0.2646537 0.08259361 0.2480933 0.08259361 0.2480933 0.08340531 0.2646491 0.08259361 0.2480933 0.08338356 0.2646537 0.08554285 0.2810701 0.08532518 0.2811161 0.08340531 0.2646491 0.08572208 0.2810322 0.08554285 0.2810701 0.08342325 0.2646453 0.08160489 0.248114 0.08322274 0.2646663 0.08342325 0.2646453 0.08484053 0.2812185 0.08572208 0.2810322 0.08980309 0.297046 0.08484053 0.2812185 0.08963191 0.2970998 0.08572208 0.2810322 0.08976829 0.2970569 0.08554285 0.2810701 0.08980309 0.297046 0.09442329 0.312981 0.09525364 0.3126299 0.08976829 0.2970569 0.09525364 0.3126299 0.09508478 0.3127012 0.08554285 0.2810701 0.08972603 0.2970703 0.08532518 0.2811161 0.08972603 0.2970703 0.09508478 0.3127012 0.09487974 0.312788 0.09508478 0.3127012 0.1023514 0.3275101 0.09487974 0.312788 0.09525364 0.3126299 0.1023673 0.3275046 0.09508478 0.3127012 0.1023514 0.3275101 0.1108219 0.3416504 0.1108403 0.341638 0.1023673 0.3275046 0.1108067 0.3416606 0.1108219 0.3416504 0.1023803 0.3275 0.09442329 0.312981 0.1022039 0.3275981 0.1023803 0.3275 0.1099846 0.3422152 0.1108067 0.3416606 0.1206285 0.3548744 0.1099846 0.3422152 0.1204556 0.3550174 0.1108067 0.3416606 0.1206355 0.3548686 0.1108219 0.3416504 0.1206285 0.3548744 0.1309266 0.3678194 0.1316258 0.3671163 0.1206355 0.3548686 0.1316258 0.3671163 0.1316387 0.3671033 0.1108219 0.3416504 0.120644 0.3548616 0.1108403 0.341638 0.120644 0.3548616 0.1316387 0.3671033 0.1316544 0.3670876 0.1316387 0.3671033 0.1438403 0.3781312 0.1316544 0.3670876 0.1316258 0.3671163 0.1438333 0.3781397 0.1316387 0.3671033 0.1438403 0.3781312 0.1570041 0.3879812 0.1570164 0.3879626 0.1438333 0.3781397 0.1569939 0.3879964 0.1570041 0.3879812 0.1438275 0.3781468 0.1309266 0.3678194 0.1436856 0.3783205 0.1438275 0.3781468 0.1564447 0.3888216 0.1569939 0.3879964 0.1710981 0.396445 0.1564447 0.3888216 0.1710013 0.3966221 0.1569939 0.3879964 0.1710937 0.3964581 0.1570041 0.3879812 0.1710981 0.396445 0.185558 0.4044226 0.1859019 0.4035899 0.1710937 0.3964582 0.1859019 0.4035899 0.185832 0.4037592 0.1570041 0.3879812 0.1710883 0.3964741 0.1570164 0.3879626 0.1710883 0.3964741 0.185832 0.4037592 0.185747 0.4039648 0.185832 0.4037592 0.2013814 0.409131 0.185747 0.4039648 0.1859019 0.4035899 0.2013942 0.4090886 0.185832 0.4037592 0.2013814 0.409131 0.2172874 0.4133239 0.2172442 0.4135422 0.2013942 0.4090886 0.2173231 0.4131443 0.2172874 0.4133239 0.2014048 0.4090537 0.185558 0.4044226 0.2013528 0.4092254 0.2014048 0.4090537 0.2171477 0.414028 0.2173231 0.4131443 0.2335914 0.4154485 0.2171477 0.414028 0.2335739 0.4156495 0.2173231 0.4131443 0.2335879 0.4154618 0.2172874 0.4133239 0.2335914 0.4154485 0.25 0.417271 0.2500001 0.4162801 0.2335879 0.4154619 0.2500001 0.4162801 0.2500001 0.4162618 0.2172874 0.4133239 0.2335835 0.4154782 0.2172442 0.4135422 0.2335835 0.4154782 0.2500001 0.4162618 0.2500001 0.4162396 0.2500001 0.4162618 0.2664043 0.4154164 0.2500001 0.4162396 0.2500001 0.4162801 0.2664043 0.4154219 0.2500001 0.4162618 0.2664043 0.4154164 0.2826594 0.4130561 0.2826594 0.4130561 0.2664043 0.4154219 0.2826594 0.4130561 0.2826594 0.4130561 0.2664043 0.4154265 0.25 0.417271 0.2664262 0.4156496 0.2664043 0.4154265 0.2828523 0.4140281 0.2826594 0.4130561 0.2985822 0.4090108 0.2828523 0.4140281 0.2986471 0.4092254 0.2826594 0.4130561 0.2985822 0.4090108 0.2826594 0.4130561 0.2985822 0.4090108 0.3144419 0.4044226 0.3140636 0.4035066 0.2985822 0.4090108 0.3140636 0.4035066 0.3140636 0.4035066 0.2826594 0.4130561 0.2985822 0.4090108 0.2826594 0.4130561 0.2985822 0.4090108 0.3140636 0.4035066 0.3140636 0.4035066 0.3140636 0.4035066 0.3288876 0.3964158 0.3140636 0.4035066 0.3140636 0.4035066 0.3288907 0.3964204 0.3140636 0.4035066 0.3288876 0.3964158 0.3429958 0.3879811 0.3429835 0.3879626 0.3288907 0.3964204 0.343006 0.3879964 0.3429958 0.3879811 0.3288932 0.3964242 0.3144419 0.4044226 0.3289986 0.3966221 0.3288932 0.3964242 0.3435552 0.3888215 0.343006 0.3879964 0.3561725 0.3781468 0.3435552 0.3888215 0.3563143 0.3783205 0.343006 0.3879964 0.3561699 0.378143 0.3429958 0.3879811 0.3561725 0.3781468 0.3690733 0.3678194 0.3683742 0.3671163 0.3561699 0.378143 0.3683742 0.3671163 0.3683742 0.3671163 0.3429958 0.3879811 0.3561668 0.3781384 0.3429835 0.3879626 0.3561668 0.3781384 0.3683742 0.3671163 0.3683742 0.3671163 0.3683742 0.3671163 0.3793715 0.3548745 0.3683742 0.3671163 0.3683742 0.3671163 0.3793715 0.3548745 0.3683742 0.3671163 0.3793715 0.3548745 0.3891934 0.3416607 0.3891934 0.3416607 0.3793715 0.3548745 0.3891934 0.3416607 0.3891934 0.3416607 0.3793715 0.3548745 0.3690733 0.3678194 0.3795444 0.3550174 0.3793715 0.3548745 0.3900154 0.3422154 0.3891934 0.3416607 0.3975989 0.3274912 0.3900154 0.3422154 0.3977961 0.3275981 0.3891934 0.3416607 0.3975989 0.3274912 0.3891934 0.3416607 0.3975989 0.3274912 0.4055768 0.3129808 0.4046634 0.3125947 0.3975989 0.3274912 0.4046634 0.3125947 0.4046634 0.3125947 0.3891934 0.3416607 0.3975989 0.3274912 0.3891934 0.3416607 0.3975989 0.3274912 0.4046634 0.3125947 0.4046634 0.3125947 0.4046634 0.3125947 0.4101442 0.2970305 0.4046634 0.3125947 0.4046634 0.3125947 0.4101496 0.2970316 0.4046634 0.3125947 0.4101442 0.2970305 0.4141718 0.2810097 0.4141501 0.2810052 0.4101496 0.2970316 0.4141898 0.2810135 0.4141718 0.2810097 0.4101541 0.2970325 0.4055768 0.3129808 0.4103682 0.2970997 0.4101541 0.2970325 0.4151594 0.2812186 0.4141898 0.2810135 0.4165548 0.2646406 0.4151594 0.2812186 0.4167773 0.2646663 0.4141898 0.2810135 0.4165457 0.2646396 0.4141718 0.2810097 0.4141718 0.2810097 0.4165347 0.2646384 0.4141501 0.2810052 0.4141501 0.2810052 0.4165247 0.2646372 0.4141303 0.281001 0.4101392 0.2970294 0.4141501 0.2810052 0.4141303 0.281001 0.4046634 0.3125947 0.4101392 0.2970294 0.4046634 0.3125947 0.3975989 0.3274912 0.4046634 0.3125947 0.4046634 0.3125947 0.3891934 0.3416607 0.3975989 0.3274912 0.3891934 0.3416607 0.3793715 0.3548745 0.3891934 0.3416607 0.3891934 0.3416607 0.3793939 0.354893 0.3891934 0.3416607 0.3893111 0.3417401 0.3683742 0.3671163 0.3793715 0.3548745 0.3683742 0.3671163 0.3683742 0.3671163 0.3793939 0.354893 0.3684743 0.3672168 0.3684743 0.3672168 0.3794152 0.3549106 0.3685528 0.3672959 0.3561755 0.3781434 0.3684743 0.3672168 0.3685528 0.3672959 0.3561658 0.378133 0.3683742 0.3671163 0.3684743 0.3672168 0.3429723 0.3879458 0.3561658 0.378133 0.3429523 0.3879156 0.3429523 0.3879156 0.3561755 0.3781434 0.3429551 0.3879199 0.3429551 0.3879199 0.3561838 0.378152 0.3429561 0.3879214 0.3561837 0.378152 0.3685528 0.3672959 0.3686355 0.3673791 0.3562235 0.378192 0.3429561 0.3879214 0.3561838 0.378152 0.3562235 0.378192 0.3686355 0.3673791 0.3690733 0.3678194 0.3562235 0.378192 0.3435553 0.3888216 0.3429561 0.3879214 0.3562235 0.378192 0.3690733 0.3678194 0.3563144 0.3783205 0.3289151 0.3964887 0.3435553 0.3888216 0.3289775 0.3965826 0.3289151 0.3964887 0.3144419 0.4044226 0.3144419 0.4044226 0.3289151 0.3964887 0.314205 0.403849 0.3288936 0.3964366 0.3289151 0.3964887 0.3429561 0.3879214 0.3429561 0.3879214 0.3288936 0.3964366 0.3429551 0.3879199 0.3429561 0.3879214 0.3141602 0.4037405 0.3288936 0.3964366 0.314205 0.403849 0.2986065 0.4090911 0.3141602 0.4037405 0.314205 0.403849 0.2986471 0.4092254 0.314205 0.403849 0.3144419 0.4044226 0.2827087 0.4133043 0.2986065 0.4090911 0.2827315 0.4134194 0.2986471 0.4092254 0.2827315 0.4134194 0.2986065 0.4090911 0.2986471 0.4092254 0.2828523 0.4140282 0.2828523 0.4140282 0.2986471 0.4092254 0.3144419 0.4044227 0.2986471 0.4092254 0.2664218 0.4154924 0.2828523 0.4140282 0.2664262 0.4156496 0.2500001 0.41619 0.2664262 0.4156496 0.2500001 0.417271 0.2664218 0.4154924 0.2500001 0.4161901 0.2664108 0.4154371 0.2664218 0.4154924 0.2827315 0.4134194 0.2828523 0.4140281 0.2664108 0.4154371 0.2827087 0.4133043 0.2827315 0.4134194 0.2500001 0.4161884 0.2664108 0.4154371 0.2500001 0.4161901 0.2335755 0.4155061 0.2500001 0.4161884 0.2500001 0.41619 0.2335783 0.4154923 0.2500001 0.41619 0.2500001 0.41619 0.2171485 0.4140241 0.2335755 0.4155061 0.2171478 0.414028 0.2335783 0.4154923 0.2171478 0.414028 0.2335755 0.4155061 0.2335783 0.4154923 0.2171478 0.414028 0.2171477 0.414028 0.2335783 0.4154923 0.2500001 0.417271 0.2335739 0.4156496 0.2013529 0.4092254 0.2171478 0.414028 0.2014089 0.4090784 0.2013529 0.4092254 0.1859707 0.4034234 0.185558 0.4044226 0.2013529 0.4092254 0.185558 0.4044227 0.2013528 0.4092253 0.2013529 0.4092254 0.2171478 0.4140281 0.2171478 0.4140281 0.2013528 0.4092254 0.2171485 0.4140241 0.2171478 0.4140281 0.1855595 0.404419 0.2013528 0.4092253 0.185558 0.4044227 0.1710794 0.3965018 0.1855595 0.404419 0.185558 0.4044226 0.1710848 0.3964887 0.185558 0.4044226 0.185558 0.4044226 0.1570448 0.38792 0.1710795 0.3965018 0.1570439 0.3879214 0.1710848 0.3964887 0.1570439 0.3879214 0.1710795 0.3965018 0.1710848 0.3964887 0.1570439 0.3879214 0.1570439 0.3879214 0.1711278 0.3963847 0.185558 0.4044226 0.1859707 0.4034234 0.1437765 0.378192 0.1570439 0.3879214 0.1570439 0.3879214 0.1438559 0.3781121 0.1309266 0.3678194 0.1316893 0.3670524 0.1316893 0.3670524 0.1438559 0.3781121 0.1438559 0.3781121 0.1570439 0.3879214 0.1438559 0.3781121 0.1570439 0.3879214 0.1438559 0.3781121 0.1570448 0.38792 0.1570439 0.3879214 0.1316906 0.3670511 0.1438559 0.3781121 0.1316893 0.3670524 0.1206631 0.3548458 0.1316906 0.3670511 0.1316893 0.3670524 0.1316893 0.3670524 0.1206631 0.3548458 0.1316893 0.3670524 0.1108828 0.3416092 0.1206631 0.3548458 0.1108814 0.3416103 0.1108814 0.3416103 0.1206631 0.3548458 0.1206631 0.3548458 0.1206631 0.3548458 0.1099846 0.3422152 0.1108814 0.3416103 0.1206631 0.3548458 0.1309266 0.3678194 0.1204556 0.3550174 0.1023368 0.3275138 0.1099846 0.3422152 0.1023471 0.3275328 0.09442329 0.312981 0.1023471 0.3275328 0.0954197 0.3125596 0.1023368 0.3275138 0.09442329 0.312981 0.1023238 0.3275192 0.1023368 0.3275138 0.1108814 0.3416103 0.1108814 0.3416103 0.1023238 0.3275192 0.1108828 0.3416092 0.1108814 0.3416103 0.09442687 0.3129794 0.1023238 0.3275192 0.09442329 0.312981 0.08963191 0.2970998 0.09442687 0.3129794 0.09442329 0.312981 0.08963191 0.2970998 0.09442329 0.312981 0.09442329 0.312981 0.08484435 0.2812178 0.08963191 0.2970998 0.08484059 0.2812186 0.08963191 0.2970998 0.08484059 0.2812186 0.08963191 0.2970998 0.08963191 0.2970998 0.08484053 0.2812185 0.08484053 0.2812186 0.08963191 0.2970998 0.0954197 0.3125596 0.08975648 0.2970471 0.08322274 0.2646663 0.08484053 0.2812185 0.08324521 0.2646658 0.08322274 0.2646663 0.08160489 0.2481139 0.08160489 0.248114 0.08322274 0.2646663 0.08222407 0.248101 0.08329308 0.2646648 0.08322274 0.2646663 0.08484059 0.2812186 0.08484053 0.2812186 0.08329308 0.2646648 0.08484435 0.2812178 0.08484059 0.2812186 0.08234095 0.2481369 0.08329308 0.2646648 0.08222407 0.248101 0.08329308 0.2646648 0.08234095 0.2481369 0.08222407 0.248101 0.08322274 0.2646663 0.08222407 0.248101 0.08160489 0.248114 0.08484435 0.2812178 0.08329308 0.2646648 0.08484053 0.2812186 0.08484053 0.2812186 0.08322274 0.2646663 0.08484053 0.2812186 0.08160489 0.2481139 0.08322274 0.2646663 0.08160489 0.248114 0.08484053 0.2812185 0.08322274 0.2646663 0.08324521 0.2646658 0.08484053 0.2812185 0.08963191 0.2970998 0.08484053 0.2812186 0.0954197 0.3125596 0.08963191 0.2970998 0.08975648 0.2970471 0.08963191 0.2970998 0.08484059 0.2812186 0.08484053 0.2812186 0.09442329 0.312981 0.08963191 0.2970998 0.09442329 0.312981 0.08963191 0.2970998 0.08484435 0.2812178 0.08484059 0.2812186 0.09442687 0.3129794 0.08963191 0.2970998 0.09442329 0.312981 0.1023238 0.3275192 0.09442687 0.3129794 0.09442329 0.312981 0.1023368 0.3275138 0.09442329 0.312981 0.09442329 0.312981 0.1108828 0.3416092 0.1023238 0.3275192 0.1108814 0.3416103 0.1108814 0.3416103 0.1023368 0.3275138 0.1108814 0.3416103 0.0954197 0.3125596 0.1023368 0.3275138 0.09442329 0.312981 0.1099846 0.3422152 0.1023368 0.3275138 0.1023471 0.3275328 0.1099846 0.3422152 0.1206631 0.3548458 0.1108814 0.3416103 0.1309266 0.3678194 0.1206631 0.3548458 0.1204556 0.3550174 0.1206631 0.3548458 0.1108814 0.3416103 0.1206631 0.3548458 0.1316893 0.3670524 0.1206631 0.3548458 0.1206631 0.3548458 0.1206631 0.3548458 0.1108828 0.3416092 0.1108814 0.3416103 0.1316906 0.3670511 0.1206631 0.3548458 0.1316893 0.3670524 0.1438559 0.3781121 0.1316906 0.3670511 0.1316893 0.3670524 0.1438559 0.3781121 0.1316893 0.3670524 0.1438559 0.3781121 0.1570448 0.38792 0.1438559 0.3781121 0.1570439 0.3879214 0.1570439 0.3879214 0.1438559 0.3781121 0.1438559 0.3781121 0.1309266 0.3678194 0.1438559 0.3781121 0.1316893 0.3670524 0.1437765 0.378192 0.1570439 0.3879214 0.1438559 0.3781121 0.1710848 0.3964887 0.1570439 0.3879214 0.1570439 0.3879214 0.185558 0.4044226 0.1710848 0.3964887 0.185558 0.4044226 0.1710794 0.3965018 0.1570448 0.38792 0.1570439 0.3879214 0.1855595 0.404419 0.1710795 0.3965018 0.185558 0.4044226 0.2013528 0.4092254 0.1855595 0.404419 0.185558 0.4044226 0.2013529 0.4092254 0.185558 0.4044226 0.185558 0.4044227 0.2171485 0.4140242 0.2013528 0.4092254 0.2171478 0.4140281 0.2171478 0.4140281 0.2013529 0.4092254 0.2171478 0.4140281 0.2335783 0.4154923 0.2171478 0.414028 0.2171477 0.414028 0.2500001 0.41619 0.2335783 0.4154923 0.2500001 0.41619 0.2335755 0.4155061 0.2171485 0.4140242 0.2171478 0.414028 0.2500001 0.4161884 0.2335755 0.4155061 0.2500001 0.41619 0.2664108 0.4154371 0.2500001 0.4161884 0.2500001 0.41619 0.2664218 0.4154924 0.2500001 0.41619 0.2500001 0.41619 0.2827087 0.4133043 0.2664108 0.4154371 0.2827315 0.4134194 0.2827315 0.4134194 0.2664218 0.4154924 0.2828523 0.4140281 0.2986471 0.4092254 0.2827315 0.4134194 0.2828523 0.4140281 0.314205 0.403849 0.2986471 0.4092254 0.3144419 0.4044226 0.2986065 0.4090911 0.2827087 0.4133043 0.2827315 0.4134194 0.3141602 0.4037405 0.2986065 0.4090911 0.314205 0.403849 0.3288936 0.3964366 0.3141602 0.4037405 0.3142051 0.403849 0.3289151 0.3964887 0.3142051 0.403849 0.3144419 0.4044226 0.3429551 0.38792 0.3288936 0.3964366 0.3429561 0.3879214 0.3429561 0.3879214 0.3289151 0.3964887 0.3429561 0.3879214 0.3435553 0.3888216 0.3562235 0.378192 0.3429561 0.3879214 0.3562235 0.378192 0.3429561 0.3879214 0.3429561 0.3879214 0.3690733 0.3678194 0.3562235 0.378192 0.3563144 0.3783205 0.3690733 0.3678194 0.3795444 0.3550174 0.3690733 0.3678194 0.3900154 0.3422154 0.3795444 0.3550174 0.3795444 0.3550174 0.3795444 0.3550174 0.3686355 0.3673791 0.3690733 0.3678194 0.3895006 0.3418681 0.3795444 0.3550174 0.3900154 0.3422154 0.3794361 0.3549279 0.3685528 0.3672958 0.3686355 0.3673791 0.3894032 0.3418024 0.3794361 0.3549279 0.3895006 0.3418681 0.3976726 0.3275312 0.3894032 0.3418024 0.3895006 0.3418681 0.3977961 0.3275982 0.3895006 0.3418681 0.3900154 0.3422154 0.4048966 0.3126933 0.3976727 0.3275312 0.4050047 0.312739 0.4055768 0.3129808 0.3976727 0.3275312 0.3977961 0.3275982 0.3900154 0.3422154 0.3977961 0.3275982 0.3900154 0.3422154 0.4055768 0.3129808 0.3977961 0.3275982 0.3977961 0.3275981 0.4055768 0.3129808 0.4102151 0.297063 0.4055768 0.3129808 0.4141016 0.2809948 0.4102151 0.297063 0.4102152 0.297063 0.4102151 0.297063 0.4050048 0.312739 0.4055768 0.3129808 0.4141016 0.2809949 0.4102151 0.297063 0.4141016 0.2809948 0.4101631 0.297041 0.4048966 0.3126933 0.4050048 0.312739 0.4140998 0.2809945 0.4101631 0.297041 0.4141016 0.2809949 0.4165102 0.2646355 0.4140998 0.2809945 0.4141016 0.2809949 0.4165102 0.2646355 0.4141016 0.2809948 0.4165102 0.2646355 0.4173147 0.2481296 0.4165102 0.2646355 0.4173166 0.2480914 0.4173166 0.2480914 0.4165102 0.2646355 0.4165102 0.2646355 0.4165102 0.2646355 0.4141016 0.2809948 0.4141016 0.2809948 0.4173166 0.2480913 0.4165102 0.2646355 0.4165102 0.2646355 0.4165102 0.2646355 0.4173166 0.2480913 0.4165102 0.2646355 0.4173166 0.2480914 0.4165102 0.2646355 0.4173166 0.2480914 0.4165102 0.2646355 0.4173147 0.2481296 0.4173166 0.2480914 0.4140946 0.2809935 0.410152 0.2970365 0.4140998 0.2809945 0.410152 0.2970365 0.4047939 0.31265 0.4048966 0.3126933 0.4101388 0.2970315 0.4046634 0.3125947 0.4047939 0.31265 0.4141303 0.2810009 0.4101388 0.2970315 0.4140946 0.2809935 0.4101392 0.2970294 0.4046634 0.3125947 0.4046634 0.3125947 0.4141501 0.2810052 0.4101392 0.2970294 0.4141303 0.2810009 0.4046634 0.3125947 0.3975989 0.3274912 0.4046634 0.3125947 0.4046634 0.3125947 0.3976244 0.3275051 0.4047939 0.31265 0.3976244 0.3275051 0.3891934 0.3416607 0.3893111 0.3417401 0.3975989 0.3274912 0.3891934 0.3416607 0.3891934 0.3416607 0.3891934 0.3416607 0.3793715 0.3548745 0.3891934 0.3416607 0.3891934 0.3416607 0.3793939 0.354893 0.3893111 0.3417401 0.3893111 0.3417401 0.3794152 0.3549106 0.3894032 0.3418024 0.3976487 0.3275182 0.3893111 0.3417401 0.3894032 0.3418024 0.3794152 0.3549106 0.3684742 0.3672168 0.3685528 0.3672958 0.3793939 0.354893 0.3683742 0.3671163 0.3684742 0.3672168 0.3683742 0.3671163 0.3561658 0.3781329 0.3684742 0.3672168 0.3684742 0.3672168 0.3561754 0.3781434 0.3685528 0.3672958 0.3685528 0.3672958 0.3561837 0.378152 0.3686355 0.3673791 0.3561837 0.378152 0.3429551 0.38792 0.3429561 0.3879214 0.3561754 0.3781434 0.3429523 0.3879156 0.3429551 0.38792 0.3429523 0.3879156 0.3288888 0.3964257 0.3429551 0.38792 0.3561658 0.3781329 0.3429723 0.3879458 0.3429523 0.3879156 0.3429723 0.3879458 0.328883 0.3964128 0.3429523 0.3879156 0.3288888 0.3964257 0.3141177 0.4036377 0.3141602 0.4037405 0.328883 0.3964128 0.3140636 0.4035066 0.3141177 0.4036377 0.3288848 0.3964116 0.3140636 0.4035066 0.3140636 0.4035066 0.3429835 0.3879626 0.3288848 0.3964116 0.3429723 0.3879458 0.3140636 0.4035066 0.2985822 0.4090108 0.3140636 0.4035066 0.3140636 0.4035066 0.2985906 0.4090387 0.3141177 0.4036377 0.2985906 0.4090387 0.2826594 0.4130561 0.2826871 0.4131951 0.2985822 0.4090108 0.2826594 0.4130561 0.2826594 0.4130561 0.2826594 0.4130561 0.2664043 0.4154114 0.2826594 0.4130561 0.2826594 0.4130561 0.2664064 0.4154114 0.2826871 0.4131951 0.2826871 0.4131951 0.2664087 0.4154253 0.2827087 0.4133043 0.2985987 0.4090651 0.2826871 0.4131951 0.2827087 0.4133043 0.2664087 0.4154253 0.25 0.4161835 0.2500001 0.4161884 0.2664064 0.4154114 0.2500001 0.4162194 0.25 0.4161835 0.25 0.4161835 0.233575 0.4155078 0.2500001 0.4161884 0.2500001 0.4162194 0.2335745 0.4155074 0.25 0.4161835 0.233575 0.4155078 0.2171506 0.414013 0.2171485 0.4140242 0.2335745 0.4155074 0.2172048 0.4137405 0.2171506 0.414013 0.2335796 0.415493 0.2172442 0.4135422 0.2172048 0.4137405 0.2500001 0.4162396 0.2335796 0.415493 0.2500001 0.4162194 0.2172442 0.4135422 0.2013698 0.4091695 0.2172048 0.4137405 0.2172048 0.4137405 0.2013528 0.4092254 0.2171506 0.414013 0.2013528 0.4092254 0.1856699 0.4041516 0.1855639 0.4044085 0.2013698 0.4091695 0.185747 0.4039648 0.1856699 0.4041516 0.185747 0.4039648 0.1710833 0.3964886 0.1856699 0.4041516 0.1856699 0.4041516 0.1710795 0.3965034 0.1855639 0.4044085 0.1855639 0.4044085 0.171079 0.3965035 0.1855595 0.404419 0.2013528 0.4092254 0.1855639 0.4044085 0.1855595 0.404419 0.171079 0.3965035 0.1570477 0.3879159 0.1570448 0.38792 0.1710795 0.3965034 0.1570276 0.3879458 0.1570477 0.3879159 0.1570276 0.3879458 0.1438605 0.3781065 0.1570477 0.3879159 0.1570477 0.3879159 0.1438571 0.3781107 0.1570448 0.38792 0.1438571 0.3781107 0.1316944 0.3670473 0.1316906 0.3670511 0.1438605 0.3781065 0.1316686 0.3670732 0.1316944 0.3670473 0.1438466 0.3781234 0.1316544 0.3670875 0.1316686 0.3670732 0.1570164 0.3879626 0.1438466 0.3781234 0.1570276 0.3879458 0.1316544 0.3670875 0.1206518 0.3548551 0.1316686 0.3670732 0.1316686 0.3670732 0.1206687 0.3548412 0.1316944 0.3670473 0.1206687 0.3548412 0.1108571 0.3416267 0.1108869 0.3416064 0.1206518 0.3548551 0.1108403 0.341638 0.1108571 0.3416267 0.1108403 0.341638 0.102337 0.3275152 0.1108571 0.3416267 0.1108571 0.3416267 0.1023222 0.3275192 0.1108869 0.3416064 0.1108869 0.3416064 0.1023222 0.3275197 0.1108828 0.3416092 0.1206645 0.3548446 0.1108869 0.3416064 0.1108828 0.3416092 0.1023222 0.3275197 0.0944373 0.3129749 0.09442687 0.3129794 0.1023222 0.3275192 0.09469348 0.3128667 0.0944373 0.3129749 0.09469348 0.3128667 0.08963191 0.2970998 0.0944373 0.3129749 0.0944373 0.3129749 0.08963191 0.2970998 0.09442687 0.3129794 0.08963191 0.2970998 0.08485525 0.2812156 0.08484435 0.2812178 0.08963191 0.2970998 0.08512747 0.2811579 0.08485525 0.2812156 0.08968764 0.2970823 0.08532518 0.2811161 0.08512747 0.2811579 0.09487974 0.312788 0.08968764 0.2970823 0.09469348 0.3128667 0.08532518 0.2811161 0.08336377 0.2646579 0.08512747 0.2811579 0.08512747 0.2811579 0.08332055 0.2646642 0.08485525 0.2812156 0.08332055 0.2646642 0.08259361 0.2480933 0.08245122 0.2482459 0.08336377 0.2646579 0.08259361 0.2480933 0.08259361 0.2480933 0.08259361 0.2480933 0.08336377 0.2646579 0.08259361 0.2480933 0.08259361 0.2480933 0.08332055 0.2646642 0.08245122 0.2482459 0.08245122 0.2482459 0.08330672 0.2646645 0.08234095 0.2481369 0.08330672 0.2646645 0.08245122 0.2482459 0.08234095 0.2481369 0.08332055 0.2646642 0.08512747 0.2811579 0.08485525 0.2812156 0.08330672 0.2646645 0.08485525 0.2812156 0.08484435 0.2812178 0.08485525 0.2812156 0.08963191 0.2970998 0.08484435 0.2812178 0.08512747 0.2811579 0.08963191 0.2970998 0.08485525 0.2812156 0.08963191 0.2970998 0.09469348 0.3128667 0.0944373 0.3129749 0.08963191 0.2970998 0.0944373 0.3129749 0.09442687 0.3129794 0.0944373 0.3129749 0.1023221 0.3275197 0.09442687 0.3129794 0.09469348 0.3128667 0.1023222 0.3275192 0.0944373 0.3129749 0.1023222 0.3275192 0.1108571 0.3416267 0.1108869 0.3416064 0.1023221 0.3275197 0.1108869 0.3416064 0.1108828 0.3416092 0.1108869 0.3416064 0.1206645 0.3548446 0.1108828 0.3416092 0.1108571 0.3416267 0.1206687 0.3548412 0.1108869 0.3416064 0.1206687 0.3548412 0.1316686 0.3670732 0.1316944 0.3670473 0.1206645 0.3548446 0.1316944 0.3670473 0.1316906 0.3670511 0.1316944 0.3670473 0.1438571 0.3781107 0.1316906 0.3670511 0.1316686 0.3670732 0.1438605 0.3781065 0.1316944 0.3670473 0.1438605 0.3781065 0.1570276 0.3879458 0.1570477 0.3879159 0.1438571 0.3781107 0.1570477 0.3879159 0.1570448 0.38792 0.1570477 0.3879159 0.1710789 0.3965035 0.1570448 0.38792 0.1570276 0.3879458 0.1710795 0.3965035 0.1570477 0.3879159 0.1710795 0.3965035 0.1856699 0.4041516 0.1855639 0.4044085 0.1710789 0.3965035 0.1855639 0.4044085 0.1855595 0.404419 0.1855639 0.4044085 0.2013528 0.4092254 0.1855595 0.404419 0.1856699 0.4041516 0.2013528 0.4092254 0.1855639 0.4044085 0.2013528 0.4092254 0.2172048 0.4137405 0.2171506 0.414013 0.2013528 0.4092254 0.2171506 0.414013 0.2171485 0.4140241 0.2171506 0.414013 0.233575 0.4155078 0.2171485 0.4140241 0.2172048 0.4137405 0.2335746 0.4155074 0.2171506 0.414013 0.2335746 0.4155074 0.2500001 0.4162194 0.25 0.4161835 0.233575 0.4155078 0.25 0.4161835 0.2500001 0.4161884 0.2500001 0.4162194 0.2664064 0.4154114 0.25 0.4161835 0.25 0.4161835 0.2664087 0.4154254 0.2500001 0.4161884 0.2664064 0.4154114 0.2826594 0.4130561 0.2826871 0.4131951 0.2664087 0.4154254 0.2826871 0.4131951 0.2827087 0.4133043 0.2826871 0.4131951 0.2985986 0.409065 0.2827087 0.4133043 0.2826594 0.4130561 0.2985907 0.4090386 0.2826871 0.4131951 0.2985907 0.4090386 0.3140636 0.4035066 0.3141177 0.4036377 0.2985986 0.409065 0.3141177 0.4036377 0.3141602 0.4037405 0.3141177 0.4036377 0.3288889 0.3964257 0.3141602 0.4037405 0.3140636 0.4035066 0.328883 0.3964127 0.3141177 0.4036377 0.328883 0.3964127 0.3429723 0.3879458 0.3429523 0.3879156 0.3288889 0.3964257 0.3429523 0.3879156 0.3429551 0.3879199 0.3288848 0.3964116 0.3429835 0.3879626 0.3429723 0.3879458 0.3140636 0.4035066 0.3288848 0.3964116 0.3140636 0.4035066 0.3429835 0.3879626 0.356164 0.3781342 0.3429723 0.3879458 0.2985823 0.4090109 0.3140636 0.4035066 0.3140636 0.4035066 0.2826594 0.4130561 0.2985823 0.4090109 0.2826594 0.4130561 0.2664043 0.4154114 0.2826594 0.4130561 0.2826594 0.4130561 0.2500001 0.4162396 0.2664043 0.4154114 0.2500001 0.4162194 0.2335796 0.415493 0.2500001 0.4162396 0.2500001 0.4162194 0.2172442 0.4135422 0.2335796 0.415493 0.2172048 0.4137405 0.2013698 0.4091695 0.2172442 0.4135422 0.2172048 0.4137405 0.185747 0.4039648 0.2013698 0.4091695 0.1856699 0.4041516 0.1710833 0.3964886 0.185747 0.4039648 0.1856699 0.4041516 0.1570164 0.3879626 0.1710833 0.3964886 0.1570276 0.3879458 0.1438466 0.3781234 0.1570164 0.3879626 0.1570276 0.3879458 0.1316544 0.3670876 0.1438466 0.3781234 0.1316686 0.3670732 0.1206518 0.3548551 0.1316544 0.3670876 0.1316686 0.3670732 0.1108403 0.341638 0.1206518 0.3548551 0.1108571 0.3416267 0.102337 0.3275152 0.1108403 0.341638 0.1108571 0.3416267 0.09487974 0.312788 0.102337 0.3275152 0.09469348 0.3128667 0.08968764 0.2970823 0.09487974 0.312788 0.09469348 0.3128667 0.08532518 0.2811161 0.08968764 0.2970823 0.08512747 0.2811579 0.08336377 0.2646579 0.08532518 0.2811161 0.08512747 0.2811579 0.08485525 0.2812156 0.08330672 0.2646645 0.08484435 0.2812178 0.102337 0.3275152 0.09487974 0.312788 0.09469348 0.3128667 0.1316944 0.3670473 0.1206645 0.3548446 0.1316906 0.3670511 0.1710833 0.3964886 0.1570164 0.3879626 0.1570276 0.3879458 0.2171506 0.414013 0.2013528 0.4092254 0.2171485 0.4140242 0.2664043 0.4154114 0.2500001 0.4162396 0.2500001 0.4162194 0.3141177 0.4036377 0.2985987 0.4090651 0.3141602 0.4037405 0.356164 0.3781342 0.3429835 0.3879626 0.3429723 0.3879458 0.3683742 0.3671163 0.356164 0.3781342 0.3683742 0.3671163 0.3686355 0.3673791 0.3562235 0.378192 0.3690733 0.3678194 0.3793715 0.3548745 0.3683742 0.3671163 0.3683742 0.3671163 0.4047939 0.31265 0.3976487 0.3275182 0.4048966 0.3126933 0.356164 0.3781342 0.3683742 0.3671163 0.3683742 0.3671163 0.2664043 0.4154265 0.2664262 0.4156496 0.2828523 0.4140281 0.2985822 0.4090108 0.2826594 0.4130561 0.2828523 0.4140281 0.2664043 0.4154251 0.2664043 0.4154265 0.2826594 0.4130561 0.2826594 0.4130561 0.2985822 0.4090108 0.2985822 0.4090108 0.2826594 0.4130561 0.2985822 0.4090108 0.2985822 0.4090108 0.2664043 0.4154185 0.2664043 0.4154251 0.2826594 0.4130561 0.2985822 0.4090108 0.2985822 0.4090108 0.3140636 0.4035066 0.2985822 0.4090108 0.2985822 0.4090108 0.3140636 0.4035066 0.3140636 0.4035066 0.3288924 0.3964231 0.3288888 0.3964175 0.3140636 0.4035066 0.3288932 0.3964242 0.3288924 0.3964231 0.3288932 0.3964242 0.3140636 0.4035066 0.3144419 0.4044226 0.2985822 0.4090108 0.2986471 0.4092254 0.3144419 0.4044226 0.3288932 0.3964242 0.3289986 0.3966221 0.3435552 0.3888215 0.3288924 0.3964231 0.3288932 0.3964242 0.343006 0.3879964 0.3561725 0.3781468 0.343006 0.3879964 0.3435552 0.3888215 0.343006 0.3879964 0.3561725 0.3781468 0.3561717 0.3781456 0.3430029 0.3879917 0.3561717 0.3781456 0.356168 0.3781401 0.3288888 0.3964175 0.3288924 0.3964231 0.3430029 0.3879917 0.356168 0.3781401 0.3561717 0.3781456 0.3683742 0.3671163 0.3561717 0.3781456 0.3561725 0.3781468 0.3683742 0.3671163 0.3683742 0.3671163 0.3793715 0.3548745 0.3793715 0.3548744 0.3683742 0.3671163 0.3793715 0.3548745 0.3793715 0.3548745 0.3793715 0.3548745 0.3683742 0.3671163 0.3690733 0.3678194 0.3561725 0.3781468 0.3563143 0.3783205 0.3690733 0.3678194 0.3793715 0.3548745 0.3795444 0.3550174 0.3900154 0.3422154 0.3793715 0.3548745 0.3793715 0.3548745 0.3891934 0.3416607 0.3975989 0.3274912 0.3891934 0.3416607 0.3900154 0.3422154 0.3891934 0.3416607 0.3975989 0.3274912 0.3975989 0.3274912 0.3891934 0.3416607 0.3975989 0.3274912 0.3975989 0.3274912 0.3793715 0.3548744 0.3793715 0.3548745 0.3891934 0.3416607 0.3975989 0.3274912 0.3975989 0.3274912 0.4046634 0.3125947 0.3975989 0.3274912 0.3975989 0.3274912 0.4046634 0.3125947 0.4046634 0.3125947 0.4101527 0.2970322 0.4101462 0.2970309 0.4046634 0.3125947 0.4101541 0.2970325 0.4101527 0.2970322 0.4101541 0.2970325 0.4046634 0.3125947 0.4055768 0.3129808 0.3975989 0.3274912 0.3977961 0.3275981 0.4055768 0.3129808 0.4101541 0.2970325 0.4103682 0.2970997 0.4151594 0.2812186 0.4101527 0.2970322 0.4101541 0.2970325 0.4141898 0.2810135 0.4165548 0.2646406 0.4141898 0.2810135 0.4151594 0.2812186 0.4141898 0.2810135 0.4165548 0.2646406 0.416552 0.2646403 0.4101462 0.2970309 0.4101527 0.2970322 0.4141842 0.2810124 0.4141842 0.2810124 0.416552 0.2646403 0.4165389 0.2646389 0.4165389 0.2646389 0.416552 0.2646403 0.4174008 0.2480931 0.416552 0.2646403 0.4165548 0.2646406 0.4174064 0.2480933 0.4174008 0.2480931 0.416552 0.2315092 0.4165389 0.2315101 0.4174064 0.2480933 0.4165548 0.231509 0.416552 0.2315092 0.4165548 0.231509 0.4174064 0.2480933 0.4183951 0.248114 0.4165548 0.2646406 0.4167773 0.2646663 0.4183951 0.248114 0.4165548 0.231509 0.4167773 0.2314939 0.4151594 0.2148737 0.416552 0.2315092 0.4165548 0.231509 0.4141898 0.2150277 0.4101541 0.1988085 0.4141898 0.2150277 0.4151594 0.2148737 0.4141898 0.2150277 0.4101541 0.1988085 0.4101514 0.1988091 0.4141842 0.2150286 0.4101514 0.1988091 0.4101389 0.1988121 0.4165389 0.2315101 0.416552 0.2315092 0.4141842 0.2150285 0.4101389 0.1988121 0.4101514 0.1988091 0.4046582 0.1829384 0.4101514 0.1988091 0.4101541 0.1988085 0.4046634 0.1829367 0.4046582 0.1829384 0.3975964 0.1675673 0.3975849 0.1675716 0.4046634 0.1829367 0.3975989 0.1675664 0.3975964 0.1675673 0.3975989 0.1675664 0.4046634 0.1829367 0.4055768 0.182641 0.4101541 0.1988085 0.4103682 0.1987574 0.4055768 0.182641 0.3975989 0.1675664 0.3977962 0.1674925 0.3900154 0.1523439 0.3975964 0.1675673 0.3975989 0.1675664 0.3891934 0.1526985 0.3796195 0.1386885 0.3891934 0.1526985 0.3900154 0.1523439 0.3891934 0.1526985 0.3796195 0.1386885 0.3796204 0.1386927 0.3891887 0.1527006 0.3796204 0.1386927 0.3796249 0.1387122 0.3975849 0.1675716 0.3975964 0.1675673 0.3891887 0.1527006 0.3796249 0.1387122 0.3796204 0.1386927 0.370565 0.1269552 0.3796204 0.1386927 0.3796195 0.1386885 0.3705565 0.1269406 0.370565 0.1269552 0.3635445 0.1192442 0.3635543 0.1192613 0.3705565 0.1269406 0.3635423 0.1192405 0.3635445 0.1192442 0.3635423 0.1192405 0.3705565 0.1269406 0.3690733 0.1243677 0.3796195 0.1386885 0.3795444 0.1383558 0.3690733 0.1243677 0.3635423 0.1192405 0.3634565 0.1187999 0.3578396 0.1132321 0.3635445 0.1192442 0.3635423 0.1192405 0.3571121 0.1145364 0.3492553 0.1120148 0.3571121 0.1145364 0.3578396 0.1132321 0.3571121 0.1145364 0.3492553 0.1120148 0.3492553 0.1120148 0.3571121 0.1145364 0.3492553 0.1120148 0.3492551 0.1120148 0.3635543 0.1192613 0.3635445 0.1192442 0.3571121 0.1145364 0.3492551 0.1120148 0.3492553 0.1120148 0.3374094 0.1100519 0.3492553 0.1120148 0.3492553 0.1120148 0.3374094 0.1100519 0.3374094 0.1100519 0.3187977 0.1074311 0.3187975 0.1074311 0.3374094 0.1100519 0.3187977 0.1074311 0.3187977 0.1074311 0.3187977 0.1074311 0.3374094 0.1100519 0.3418441 0.1106333 0.3492553 0.1120148 0.3498419 0.1119327 0.3418441 0.1106333 0.3187977 0.1074311 0.3193329 0.1074312 0.2968217 0.104229 0.3187977 0.1074311 0.3187977 0.1074311 0.2965468 0.1048099 0.2733796 0.1030843 0.2965468 0.1048099 0.2968217 0.104229 0.2965468 0.1048099 0.2733796 0.1030843 0.2733796 0.1030843 0.2965468 0.1048099 0.2733796 0.1030843 0.2733796 0.1030844 0.3187975 0.1074311 0.3187977 0.1074311 0.2965468 0.1048099 0.2733796 0.1030844 0.2733796 0.1030843 0.25 0.102422 0.2733796 0.1030843 0.2733796 0.1030843 0.25 0.102422 0.25 0.102422 0.2266204 0.1030843 0.2266204 0.1030844 0.25 0.102422 0.2266204 0.1030843 0.2266204 0.1030843 0.2266204 0.1030843 0.25 0.102422 0.25 0.1016269 0.2733796 0.1030843 0.2734109 0.1029279 0.25 0.1016269 0.2266204 0.1030843 0.2265892 0.102928 0.2031784 0.104229 0.2266204 0.1030843 0.2266204 0.1030843 0.2034532 0.1048099 0.1811016 0.1074443 0.2034532 0.1048099 0.2031784 0.104229 0.2034532 0.1048099 0.1811016 0.1074443 0.1810763 0.1074476 0.2034532 0.1048099 0.1810763 0.1074476 0.1809589 0.107463 0.2266204 0.1030844 0.2266204 0.1030843 0.2034532 0.1048099 0.1809589 0.107463 0.1810763 0.1074476 0.1619347 0.1101379 0.1810763 0.1074476 0.1811016 0.1074443 0.1621875 0.1101047 0.1619347 0.1101379 0.1505981 0.1119943 0.1504614 0.1119751 0.1621875 0.1101047 0.1506274 0.1119984 0.1505981 0.1119943 0.1506274 0.1119984 0.1621875 0.1101047 0.158156 0.1106333 0.1811016 0.1074443 0.1806672 0.1074312 0.158156 0.1106333 0.1506274 0.1119984 0.1501582 0.1119327 0.1421604 0.1132321 0.1505981 0.1119943 0.1506274 0.1119984 0.1428218 0.1144178 0.1364411 0.1192108 0.1428218 0.1144178 0.1421604 0.1132321 0.1428218 0.1144178 0.1364411 0.1192108 0.136437 0.1192034 0.1427803 0.1143435 0.136437 0.1192034 0.1364177 0.119169 0.1504614 0.1119751 0.1505981 0.1119943 0.1427803 0.1143435 0.1364177 0.119169 0.136437 0.1192034 0.1294435 0.1269406 0.136437 0.1192034 0.1364411 0.1192108 0.1294435 0.1269406 0.1294435 0.1269406 0.1203805 0.1386885 0.1203805 0.1386886 0.1294435 0.1269406 0.1203805 0.1386885 0.1203805 0.1386885 0.1203805 0.1386885 0.1294435 0.1269406 0.1309267 0.1243677 0.1364411 0.1192108 0.1365436 0.1187999 0.1309267 0.1243677 0.1203805 0.1386885 0.1204557 0.1383558 0.1099846 0.1523439 0.1203805 0.1386885 0.1203805 0.1386885 0.1108067 0.1526985 0.1024011 0.1675664 0.1108067 0.1526985 0.1099846 0.1523439 0.1108067 0.1526985 0.1024011 0.1675664 0.1024011 0.1675664 0.1203805 0.1386886 0.1203805 0.1386885 0.1108067 0.1526985 0.1108067 0.1526985 0.1024011 0.1675664 0.1024012 0.1675664 0.1024012 0.1675664 0.1024011 0.1675664 0.09533661 0.1829367 0.1024011 0.1675664 0.1024011 0.1675664 0.09533661 0.1829367 0.09533661 0.1829367 0.08984726 0.1988087 0.08985376 0.1988097 0.09533661 0.1829367 0.08984589 0.1988084 0.08984726 0.1988087 0.08984589 0.1988084 0.09533661 0.1829367 0.09442323 0.1826409 0.1024011 0.1675664 0.1022039 0.1674925 0.09442323 0.1826409 0.08984589 0.1988084 0.08963191 0.1987574 0.08484053 0.2148737 0.08984726 0.1988087 0.08984589 0.1988084 0.08581024 0.2150277 0.08344525 0.231509 0.08581024 0.2150277 0.08484053 0.2148737 0.08581024 0.2150277 0.08344525 0.231509 0.08344668 0.2315093 0.08581578 0.2150285 0.08344668 0.2315093 0.08345317 0.2315103 0.08985376 0.1988097 0.08984726 0.1988087 0.08581578 0.2150285 0.08345317 0.2315103 0.08344668 0.2315092 0.08259361 0.2480933 0.08344668 0.2315092 0.08344525 0.231509 0.08259361 0.2480933 0.08259361 0.2480933 0.08341771 0.2646465 0.08339208 0.2646519 0.08259361 0.2480933 0.08342325 0.2646453 0.08341771 0.2646465 0.08342325 0.2646453 0.08259361 0.2480933 0.08160489 0.248114 0.08344525 0.231509 0.08322274 0.2314939 0.08160489 0.248114 0.08342325 0.2646453 0.08322274 0.2646663 0.08484053 0.2812185 0.08341771 0.2646465 0.08342325 0.2646453 0.08572208 0.2810322 0.08980309 0.297046 0.08572208 0.2810322 0.08484053 0.2812185 0.08572208 0.2810322 0.08980309 0.297046 0.08979237 0.2970494 0.08566683 0.2810439 0.08979237 0.2970494 0.08974254 0.2970651 0.08339208 0.2646519 0.08341771 0.2646465 0.08566683 0.2810439 0.08974254 0.2970651 0.08979237 0.2970494 0.09520155 0.3126519 0.08979237 0.2970494 0.08980309 0.297046 0.09525364 0.3126299 0.09520155 0.3126519 0.1023764 0.3275014 0.1023576 0.327508 0.09525364 0.3126299 0.1023803 0.3275 0.1023764 0.3275014 0.08980309 0.297046 0.08963191 0.2970998 0.09442329 0.312981 0.1023803 0.3275 0.09525364 0.3126299 0.09442329 0.312981 0.1023803 0.3275 0.1022039 0.3275981 0.1099846 0.3422152 0.1023764 0.3275014 0.1023803 0.3275 0.1108067 0.3416606 0.1206285 0.3548744 0.1108067 0.3416606 0.1099846 0.3422152 0.1108067 0.3416606 0.1206285 0.3548744 0.1206306 0.3548726 0.1108114 0.3416575 0.1206306 0.3548726 0.1206408 0.3548642 0.1023576 0.327508 0.1023764 0.3275014 0.1108114 0.3416575 0.1206408 0.3548642 0.1206306 0.3548726 0.1316298 0.3671123 0.1206306 0.3548726 0.1206285 0.3548744 0.1316258 0.3671163 0.1316298 0.3671122 0.1438293 0.3781446 0.1438376 0.3781345 0.1316258 0.3671163 0.1438275 0.3781468 0.1438293 0.3781446 0.1438275 0.3781468 0.1316258 0.3671163 0.1309266 0.3678194 0.1206285 0.3548744 0.1204556 0.3550174 0.1309266 0.3678194 0.1438275 0.3781468 0.1436856 0.3783205 0.1564447 0.3888216 0.1438293 0.3781446 0.1438275 0.3781468 0.1569939 0.3879964 0.1710981 0.396445 0.1569939 0.3879964 0.1564447 0.3888216 0.1569939 0.3879964 0.1710981 0.396445 0.1710968 0.396449 0.1569971 0.3879917 0.1710968 0.396449 0.1710904 0.3964678 0.1438376 0.3781345 0.1438293 0.3781446 0.156997 0.3879917 0.1710904 0.3964678 0.1710968 0.396449 0.1858804 0.4036421 0.1710968 0.396449 0.1710981 0.396445 0.1859019 0.4035899 0.1858804 0.4036421 0.2014015 0.4090645 0.2013864 0.4091144 0.1859019 0.4035899 0.2014048 0.4090537 0.2014015 0.4090645 0.2014048 0.4090537 0.1859019 0.4035899 0.185558 0.4044226 0.1710981 0.396445 0.1710013 0.3966221 0.185558 0.4044226 0.2014048 0.4090537 0.2013528 0.4092254 0.2171477 0.414028 0.2014015 0.4090645 0.2014048 0.4090537 0.2173231 0.4131443 0.2335914 0.4154485 0.2173231 0.4131443 0.2171477 0.414028 0.2173231 0.4131443 0.2335914 0.4154485 0.2335903 0.4154526 0.2173121 0.4131997 0.2335903 0.4154526 0.2335852 0.4154717 0.2013864 0.4091144 0.2014015 0.4090645 0.2173121 0.4131997 0.2335852 0.4154717 0.2335903 0.4154526 0.2500001 0.4162744 0.2335903 0.4154526 0.2335914 0.4154485 0.2500001 0.4162801 0.2500001 0.4162744 0.2664043 0.4154251 0.2664043 0.4154185 0.2500001 0.4162801 0.2664043 0.4154265 0.2664043 0.4154251 0.2335914 0.4154485 0.2335739 0.4156495 0.25 0.417271 0.2664043 0.4154265 0.2500001 0.4162801 0.25 0.417271 0.2500001 0.4162482 0.2664043 0.4154185 0.2664042 0.4154123 0.2335805 0.4154891 0.2335852 0.4154717 0.2500001 0.4162482 0.2500001 0.416224 0.2664042 0.4154123 0.2664043 0.4154012 0.2335739 0.4155116 0.2335805 0.4154891 0.2500001 0.416224 0.2172611 0.413457 0.2335852 0.4154717 0.2335805 0.4154891 0.2172145 0.4136916 0.2335805 0.4154891 0.2335739 0.4155116 0.2171511 0.4140104 0.2335739 0.4155116 0.2335739 0.4155158 0.2335739 0.4155158 0.2335739 0.4155116 0.2499999 0.4161883 0.2171486 0.4140235 0.2335739 0.4155158 0.2335739 0.4155181 0.2335739 0.4155181 0.2335739 0.4155158 0.2500001 0.4161983 0.2499999 0.4161883 0.2664043 0.4154012 0.2664054 0.4154108 0.2500001 0.4161983 0.2664054 0.4154108 0.2664061 0.4154169 0.2664244 0.4155466 0.2500001 0.4163553 0.2500001 0.4162049 0.2335739 0.4155557 0.2335739 0.4155181 0.2500001 0.4162049 0.2500001 0.4163577 0.2335739 0.4155558 0.2335739 0.4155557 0.2664244 0.4155466 0.2664249 0.4155495 0.2500001 0.4163577 0.2335739 0.4155557 0.2335739 0.4155558 0.2171487 0.4140234 0.2171478 0.414028 0.2171478 0.414028 0.2335739 0.4155181 0.2335739 0.4155558 0.2335739 0.4155541 0.2171514 0.4140099 0.2500001 0.4163556 0.2335739 0.4155541 0.2335739 0.4155558 0.2335739 0.4155541 0.2335806 0.4155256 0.2172148 0.4136899 0.2500001 0.41637 0.2335806 0.4155256 0.2335739 0.4155541 0.2664249 0.4155495 0.2664254 0.4155502 0.2500001 0.4163556 0.2664254 0.4155502 0.2664195 0.4155257 0.2500001 0.41637 0.2664195 0.4155257 0.2664149 0.4155025 0.2500001 0.4163702 0.2500001 0.4163702 0.2335852 0.4155024 0.2335806 0.4155256 0.2664149 0.4155025 0.2664098 0.415477 0.2500001 0.4163702 0.2500001 0.4163702 0.2335903 0.4154769 0.2335852 0.4155024 0.2335806 0.4155256 0.2335852 0.4155024 0.2172608 0.4134582 0.2335852 0.4155024 0.2335903 0.4154769 0.2173116 0.4132025 0.2335903 0.4154769 0.2335914 0.4154711 0.2173231 0.4131444 0.2335903 0.4154769 0.2500001 0.4163702 0.2500001 0.4163702 0.2335914 0.4154711 0.2500001 0.4163702 0.25 0.417271 0.2335914 0.4154711 0.2335739 0.4156495 0.2171477 0.414028 0.2014134 0.4090329 0.2173231 0.4131444 0.2171477 0.414028 0.2014128 0.4090374 0.2173116 0.4132025 0.2173231 0.4131444 0.2014134 0.4090329 0.2013528 0.4092253 0.185558 0.4044226 0.2014128 0.4090374 0.2014134 0.4090329 0.1859363 0.4035066 0.2173116 0.4132025 0.2014128 0.4090374 0.2014102 0.4090569 0.2014102 0.4090569 0.2014128 0.4090374 0.1859386 0.4035011 0.1859386 0.4035011 0.1711081 0.3964216 0.1711142 0.3964102 0.1711081 0.3964216 0.1859386 0.4035011 0.1859363 0.4035066 0.1711142 0.3964102 0.1711081 0.3964216 0.1569972 0.3879916 0.1711081 0.3964216 0.1711068 0.3964242 0.1569939 0.3879964 0.1711068 0.3964242 0.1859363 0.4035066 0.185558 0.4044226 0.1711068 0.3964242 0.1710013 0.3966221 0.1564447 0.3888216 0.1438117 0.3781628 0.1569939 0.3879964 0.1564447 0.3888216 0.1438083 0.3781658 0.1569972 0.3879915 0.1569939 0.3879964 0.1438117 0.3781628 0.1436856 0.3783205 0.1309266 0.3678194 0.1438083 0.3781658 0.1438117 0.3781628 0.1315622 0.3671802 0.1569972 0.3879915 0.1438083 0.3781658 0.1437935 0.3781789 0.1437935 0.3781789 0.1438083 0.3781658 0.1315204 0.3672223 0.1315204 0.3672223 0.1205848 0.3549105 0.1205448 0.3549436 0.1205848 0.3549105 0.1315204 0.3672223 0.1315622 0.3671802 0.1205448 0.3549436 0.1205848 0.3549105 0.1106827 0.3417443 0.1205848 0.3549105 0.1205939 0.354903 0.1107319 0.3417111 0.1205939 0.354903 0.1315622 0.3671802 0.1309266 0.3678194 0.1205939 0.354903 0.1204556 0.3550173 0.1099846 0.3422152 0.1023824 0.3275038 0.1107319 0.3417111 0.1099846 0.3422152 0.1023789 0.3275066 0.1106827 0.3417443 0.1107319 0.3417111 0.1023824 0.3275038 0.1022039 0.3275981 0.09442329 0.312981 0.1023789 0.3275066 0.1023824 0.3275038 0.09533667 0.3125947 0.1106827 0.3417443 0.1023789 0.3275066 0.1023633 0.3275186 0.1023633 0.3275186 0.1023789 0.3275066 0.09534209 0.3125925 0.09534215 0.3125924 0.08981943 0.2970379 0.08979994 0.2970408 0.08981943 0.2970379 0.09534215 0.3125924 0.09533667 0.3125947 0.08979994 0.2970408 0.08981943 0.2970379 0.08566409 0.2810444 0.08981943 0.2970379 0.08982384 0.2970373 0.08572208 0.2810322 0.08982384 0.2970373 0.09533667 0.3125947 0.09442329 0.312981 0.08982384 0.2970373 0.08963191 0.2970998 0.08484053 0.2812185 0.08340078 0.2646458 0.08572208 0.2810322 0.08484053 0.2812185 0.08339494 0.264647 0.08566409 0.2810444 0.08572208 0.2810322 0.08340078 0.2646458 0.08322274 0.2646663 0.08160489 0.248114 0.08339494 0.264647 0.08340078 0.2646458 0.08250373 0.2480952 0.08566409 0.2810444 0.08339494 0.264647 0.08336949 0.2646524 0.08336949 0.2646524 0.08339494 0.264647 0.08250373 0.2480951 0.08250373 0.2480951 0.08340078 0.231506 0.08340078 0.231506 0.08340078 0.231506 0.08250373 0.2480951 0.08250373 0.2480952 0.08340078 0.231506 0.08340078 0.231506 0.08572208 0.2150137 0.08340078 0.231506 0.08340078 0.231506 0.08572208 0.2150137 0.08340078 0.231506 0.08250373 0.2480952 0.08160489 0.248114 0.08340078 0.231506 0.08322274 0.2314939 0.08484053 0.2148737 0.08980309 0.1987982 0.08572208 0.2150137 0.08484053 0.2148737 0.08979761 0.1987965 0.08572208 0.2150137 0.08572208 0.2150137 0.08980309 0.1987982 0.08963191 0.1987574 0.09442323 0.1826409 0.08979761 0.1987965 0.08980309 0.1987982 0.09525358 0.1829099 0.08572208 0.2150137 0.08979761 0.1987965 0.08977359 0.1987887 0.08977359 0.1987887 0.08979761 0.1987965 0.09519892 0.1828922 0.09519892 0.1828922 0.1023749 0.1675578 0.1023509 0.1675501 0.1023749 0.1675578 0.09519892 0.1828922 0.09525358 0.1829099 0.1023509 0.1675501 0.1023749 0.1675578 0.1108067 0.1526985 0.1108067 0.1526985 0.1108067 0.1526985 0.1023749 0.1675578 0.1023803 0.1675596 0.09525358 0.1829099 0.09442323 0.1826409 0.1023803 0.1675596 0.1022039 0.1674925 0.1099846 0.1523439 0.1203805 0.1386885 0.1108067 0.1526985 0.1099846 0.1523439 0.1203805 0.1386885 0.1108067 0.1526985 0.1108067 0.1526985 0.1203805 0.1386885 0.1204557 0.1383558 0.1309267 0.1243677 0.1203805 0.1386885 0.1203805 0.1386885 0.1294435 0.1269406 0.1108067 0.1526985 0.1203805 0.1386885 0.1203805 0.1386885 0.1203805 0.1386885 0.1203805 0.1386885 0.1294435 0.1269406 0.1294435 0.1269406 0.1364588 0.1192424 0.1364635 0.1192511 0.1364588 0.1192424 0.1294435 0.1269406 0.1294435 0.1269406 0.1364635 0.1192511 0.1364588 0.1192424 0.1428923 0.1145442 0.1364588 0.1192424 0.1364577 0.1192405 0.1428879 0.1145364 0.1364577 0.1192405 0.1294435 0.1269406 0.1309267 0.1243677 0.1364577 0.1192405 0.1365436 0.1187999 0.1421604 0.1132321 0.1507448 0.1120148 0.1428879 0.1145364 0.1421604 0.1132321 0.1507526 0.1120159 0.1428923 0.1145442 0.1428879 0.1145364 0.1507448 0.1120148 0.1501582 0.1119327 0.158156 0.1106333 0.1507525 0.1120159 0.1507448 0.1120148 0.1625906 0.1100519 0.1428923 0.1145442 0.1507526 0.1120159 0.1507866 0.1120207 0.1507866 0.1120207 0.1507525 0.1120159 0.1626172 0.1100484 0.1626172 0.1100484 0.181209 0.1074302 0.1812382 0.1074264 0.181209 0.1074302 0.1626172 0.1100484 0.1625906 0.1100519 0.1812382 0.1074264 0.181209 0.1074302 0.2034533 0.1048099 0.181209 0.1074302 0.1812024 0.1074311 0.2034533 0.1048099 0.1812024 0.1074311 0.1625906 0.1100519 0.158156 0.1106333 0.1812024 0.1074311 0.1806672 0.1074312 0.2031783 0.104229 0.2266204 0.1030843 0.2034533 0.1048099 0.2031783 0.104229 0.2266204 0.1030843 0.2034533 0.1048099 0.2034533 0.1048099 0.2266204 0.1030843 0.2265892 0.102928 0.25 0.1016269 0.2266204 0.1030843 0.2266204 0.1030843 0.25 0.102422 0.2034533 0.1048099 0.2266204 0.1030843 0.2266204 0.1030843 0.2266204 0.1030843 0.2266204 0.1030843 0.25 0.102422 0.25 0.102422 0.2733796 0.1030843 0.2733796 0.1030843 0.2733796 0.1030843 0.25 0.102422 0.25 0.102422 0.2733796 0.1030843 0.2733796 0.1030843 0.2965468 0.1048099 0.2733796 0.1030843 0.2733796 0.1030843 0.2965468 0.1048099 0.2733796 0.1030843 0.25 0.102422 0.25 0.1016269 0.2733796 0.1030843 0.2734109 0.1029279 0.2968217 0.104229 0.3187977 0.1074311 0.2965468 0.1048099 0.2968217 0.104229 0.3187977 0.1074311 0.2965468 0.1048099 0.2965468 0.1048099 0.3187977 0.1074311 0.3193329 0.1074312 0.3418441 0.1106333 0.3187977 0.1074311 0.3187977 0.1074311 0.3374094 0.1100519 0.2965468 0.1048099 0.3187977 0.1074311 0.3187977 0.1074311 0.3187977 0.1074311 0.3187977 0.1074311 0.3374094 0.1100519 0.3374094 0.1100519 0.3492553 0.1120148 0.3492552 0.1120148 0.3492553 0.1120148 0.3374094 0.1100519 0.3374094 0.1100519 0.3492552 0.1120148 0.3492553 0.1120148 0.3571121 0.1145364 0.3492553 0.1120148 0.3492553 0.1120148 0.3571121 0.1145364 0.3492553 0.1120148 0.3374094 0.1100519 0.3418441 0.1106333 0.3492553 0.1120148 0.3498418 0.1119327 0.3578396 0.1132321 0.3635087 0.119182 0.3571121 0.1145364 0.3578396 0.1132321 0.3634998 0.1191666 0.3571121 0.1145364 0.3571121 0.1145364 0.3635087 0.119182 0.3634565 0.1187999 0.3690733 0.1243677 0.3634998 0.1191666 0.3635087 0.119182 0.3704217 0.1267067 0.3571121 0.1145364 0.3634998 0.1191666 0.3634608 0.119099 0.3634608 0.119099 0.3634998 0.1191666 0.370333 0.1265528 0.370333 0.1265528 0.3795956 0.1386066 0.3795567 0.1385389 0.3795956 0.1386066 0.370333 0.1265528 0.3704217 0.1267067 0.3795567 0.1385389 0.3795956 0.1386066 0.3892681 0.1526663 0.3795956 0.1386066 0.3796045 0.1386219 0.3892681 0.1526663 0.3796045 0.1386219 0.3704217 0.1267067 0.3690733 0.1243677 0.3796045 0.1386219 0.3795444 0.1383559 0.3900154 0.1523439 0.3976384 0.1675516 0.3892681 0.1526663 0.3900154 0.1523439 0.3976384 0.1675516 0.3892681 0.1526663 0.3892681 0.1526663 0.3976384 0.1675516 0.3977961 0.1674925 0.4055768 0.182641 0.3976383 0.1675516 0.3976384 0.1675516 0.4047465 0.1829099 0.3892681 0.1526663 0.3976384 0.1675516 0.3976383 0.1675516 0.3976383 0.1675516 0.3976383 0.1675516 0.4047465 0.1829099 0.4047465 0.1829099 0.4102028 0.1987974 0.4102283 0.1987933 0.4102028 0.1987974 0.4047465 0.1829099 0.4047465 0.1829099 0.4102283 0.1987933 0.4102028 0.1987974 0.4143359 0.2150045 0.4102028 0.1987974 0.410197 0.1987982 0.4142779 0.2150137 0.410197 0.1987982 0.4047465 0.1829099 0.4055768 0.182641 0.410197 0.1987982 0.4103682 0.1987574 0.4151594 0.2148737 0.4165768 0.2315055 0.4142779 0.2150137 0.4151594 0.2148737 0.4165812 0.2315046 0.414336 0.2150045 0.4142779 0.2150137 0.4165768 0.2315055 0.4167773 0.2314939 0.4183951 0.248114 0.4165812 0.2315046 0.4165768 0.2315055 0.4174064 0.2480933 0.414336 0.2150045 0.4165812 0.2315046 0.4166001 0.2315004 0.4166001 0.2315004 0.4165812 0.2315046 0.4174005 0.2480931 0.4174005 0.2480931 0.4165518 0.2646403 0.4165389 0.2646389 0.4165518 0.2646403 0.4174005 0.2480931 0.4174064 0.2480933 0.4165389 0.2646389 0.4165518 0.2646403 0.4141839 0.2810123 0.4141897 0.2810136 0.4141839 0.2810123 0.4165518 0.2646403 0.4165548 0.2646406 0.4174064 0.2480933 0.4183951 0.248114 0.4165548 0.2646406 0.4167773 0.2646663 0.4151594 0.2812186 0.4101542 0.2970325 0.4141897 0.2810136 0.4151594 0.2812186 0.4101527 0.2970322 0.4141839 0.2810123 0.4141897 0.2810136 0.4101542 0.2970325 0.4103682 0.2970997 0.4055768 0.3129808 0.4101527 0.2970322 0.4101542 0.2970325 0.4046634 0.3125947 0.4141839 0.2810123 0.4101527 0.2970322 0.4101462 0.2970309 0.4101462 0.2970309 0.4101527 0.2970322 0.4046634 0.3125947 0.4046634 0.3125947 0.3975989 0.3274912 0.3975989 0.3274912 0.3975989 0.3274912 0.4046634 0.3125947 0.4046634 0.3125947 0.3975989 0.3274912 0.3975989 0.3274912 0.3891934 0.3416607 0.3975989 0.3274912 0.3975989 0.3274912 0.3891934 0.3416607 0.3975989 0.3274912 0.4046634 0.3125947 0.4055768 0.3129808 0.3975989 0.3274912 0.3977962 0.3275981 0.3900154 0.3422154 0.3793874 0.3548904 0.3891934 0.3416607 0.3900154 0.3422154 0.3793916 0.3548946 0.3891934 0.3416607 0.3891934 0.3416607 0.3793874 0.3548904 0.3795444 0.3550174 0.3690733 0.3678194 0.3793916 0.3548946 0.3793874 0.3548904 0.3684378 0.3671802 0.3891934 0.3416607 0.3793916 0.3548946 0.3794099 0.3549132 0.3794099 0.3549132 0.3793916 0.3548946 0.3684797 0.3672223 0.3684797 0.3672223 0.3562083 0.3781907 0.3562412 0.3782309 0.3562083 0.3781907 0.3684797 0.3672223 0.3684378 0.3671802 0.3562412 0.3782309 0.3562083 0.3781907 0.3430888 0.3881207 0.3562083 0.3781907 0.3562008 0.3781815 0.343056 0.3880714 0.3562008 0.3781815 0.3684378 0.3671802 0.3690733 0.3678194 0.3562008 0.3781815 0.3563144 0.3783205 0.3435553 0.3888215 0.3289057 0.396443 0.343056 0.3880714 0.3435553 0.3888215 0.328909 0.3964479 0.3430888 0.3881207 0.343056 0.3880714 0.3289057 0.396443 0.3289986 0.3966221 0.3144419 0.4044226 0.328909 0.3964479 0.3289057 0.396443 0.3140636 0.4035066 0.3430888 0.3881207 0.328909 0.3964479 0.3289234 0.3964696 0.3289234 0.3964696 0.328909 0.3964479 0.3140636 0.4035066 0.3140636 0.4035066 0.2985877 0.4090387 0.2985928 0.4090643 0.2985877 0.4090387 0.3140636 0.4035066 0.3140636 0.4035066 0.2985928 0.4090643 0.2985877 0.4090387 0.2826885 0.4132027 0.2985877 0.4090387 0.2985866 0.409033 0.282677 0.4131445 0.2985866 0.409033 0.3140636 0.4035066 0.3144419 0.4044226 0.2985866 0.409033 0.2986471 0.4092254 0.2828523 0.4140281 0.2664086 0.4154711 0.282677 0.4131445 0.2828523 0.4140281 0.2664098 0.4154769 0.2826886 0.4132027 0.282677 0.4131445 0.2664086 0.4154711 0.2664262 0.4156496 0.25 0.417271 0.2500001 0.4163702 0.2500001 0.4163702 0.2664098 0.415477 0.2826886 0.4132027 0.2664098 0.4154769 0.2664149 0.4155025 0.2827393 0.4134583 0.2664149 0.4155025 0.2664195 0.4155257 0.2985974 0.4090874 0.2985928 0.4090643 0.2827393 0.4134583 0.2827852 0.41369 0.2664195 0.4155257 0.2664254 0.4155502 0.2986018 0.4091136 0.2985974 0.4090874 0.2827852 0.41369 0.3140636 0.4035065 0.2985974 0.4090874 0.2986018 0.4091136 0.3140636 0.4035066 0.2985928 0.4090643 0.2985974 0.4090874 0.3289365 0.3964892 0.3289234 0.3964696 0.3140636 0.4035066 0.3289515 0.3965103 0.3289365 0.3964892 0.3140636 0.4035065 0.3433642 0.3885346 0.3289365 0.3964892 0.3289515 0.3965103 0.3432333 0.3883378 0.3289234 0.3964696 0.3289365 0.3964892 0.3562709 0.3782674 0.3562412 0.3782309 0.3432333 0.3883378 0.3563088 0.3783136 0.3562709 0.3782674 0.3433642 0.3885346 0.3688302 0.3675749 0.3562709 0.3782674 0.3563088 0.3783136 0.3686635 0.3674073 0.3562412 0.3782309 0.3562709 0.3782674 0.3794265 0.3549299 0.3794099 0.3549132 0.3686635 0.3674073 0.3794447 0.3549492 0.3794265 0.3549299 0.3688302 0.3675749 0.3891932 0.3416607 0.3794265 0.3549299 0.3794447 0.3549492 0.3891934 0.3416607 0.3794099 0.3549132 0.3794265 0.3549299 0.3975988 0.3274912 0.3975989 0.3274912 0.3891934 0.3416607 0.3975918 0.3274874 0.3975988 0.3274912 0.3891932 0.3416607 0.4046633 0.3125946 0.3975988 0.3274912 0.3975918 0.3274874 0.4046633 0.3125946 0.3975989 0.3274912 0.3975988 0.3274912 0.4101403 0.2970296 0.4101462 0.2970309 0.4046633 0.3125946 0.4101241 0.2970254 0.4101403 0.2970296 0.4046633 0.3125946 0.4141352 0.281002 0.4101403 0.2970296 0.4101241 0.2970254 0.4141584 0.2810069 0.4101462 0.2970309 0.4101403 0.2970296 0.4165017 0.2646346 0.4165271 0.2646375 0.4141352 0.281002 0.4165271 0.2646375 0.4165389 0.2646389 0.4141584 0.2810069 0.4173508 0.2480921 0.4165271 0.2646375 0.4165017 0.2646346 0.4173744 0.2480926 0.4165389 0.2646389 0.4165271 0.2646375 0.4166173 0.2314966 0.4166001 0.2315004 0.4173744 0.2480926 0.4166334 0.2314917 0.4166173 0.2314966 0.4173508 0.2480921 0.4148222 0.2149273 0.4166173 0.2314966 0.4166334 0.2314917 0.414591 0.214964 0.4166001 0.2315004 0.4166173 0.2314966 0.4102513 0.1987896 0.4102283 0.1987933 0.414591 0.214964 0.4102755 0.1987866 0.4102513 0.1987896 0.4148222 0.2149273 0.4047464 0.1829099 0.4102513 0.1987896 0.4102755 0.1987866 0.4047464 0.1829099 0.4102283 0.1987933 0.4102513 0.1987896 0.3976383 0.1675516 0.3976383 0.1675516 0.4047464 0.1829099 0.3976289 0.1675551 0.3976383 0.1675516 0.4047464 0.1829099 0.389268 0.1526663 0.3976383 0.1675516 0.3976289 0.1675551 0.3892681 0.1526663 0.3976383 0.1675516 0.3976383 0.1675516 0.3795212 0.1384776 0.3795567 0.1385389 0.3892681 0.1526663 0.3794723 0.1384025 0.3795212 0.1384776 0.389268 0.1526663 0.3695893 0.1252626 0.3795212 0.1384776 0.3794723 0.1384025 0.3699429 0.125876 0.3795567 0.1385389 0.3795212 0.1384776 0.3634254 0.1190377 0.3634608 0.119099 0.3699429 0.125876 0.3633781 0.1189659 0.3634254 0.1190377 0.3695893 0.1252626 0.357112 0.1145365 0.3634254 0.1190377 0.3633781 0.1189659 0.3571121 0.1145364 0.3634608 0.119099 0.3634254 0.1190377 0.3492549 0.1120149 0.3492552 0.1120148 0.3571121 0.1145364 0.3492341 0.1120178 0.3492549 0.1120149 0.357112 0.1145365 0.3374089 0.1100519 0.3492549 0.1120149 0.3492341 0.1120178 0.3374093 0.1100519 0.3492552 0.1120148 0.3492549 0.1120149 0.3187974 0.1074311 0.3187977 0.1074311 0.3374093 0.1100519 0.3187784 0.1074311 0.3187974 0.1074311 0.3374089 0.1100519 0.2965468 0.10481 0.3187974 0.1074311 0.3187784 0.1074311 0.2965468 0.1048099 0.3187977 0.1074311 0.3187974 0.1074311 0.2733796 0.1030844 0.2733796 0.1030843 0.2965468 0.1048099 0.2733785 0.1030899 0.2733796 0.1030844 0.2965468 0.10481 0.25 0.1024221 0.2733796 0.1030844 0.2733785 0.1030899 0.25 0.102422 0.2733796 0.1030843 0.2733796 0.1030844 0.2266204 0.1030845 0.2266204 0.1030843 0.25 0.102422 0.2266215 0.10309 0.2266204 0.1030845 0.25 0.1024221 0.2034533 0.10481 0.2266204 0.1030845 0.2266215 0.10309 0.2034533 0.1048099 0.2266204 0.1030843 0.2266204 0.1030845 0.1812649 0.107423 0.1812382 0.1074264 0.2034533 0.1048099 0.181302 0.1074206 0.1812649 0.107423 0.2034533 0.10481 0.1628402 0.1100192 0.1812649 0.107423 0.181302 0.1074206 0.162734 0.1100331 0.1812382 0.1074264 0.1812649 0.107423 0.1508176 0.112025 0.1507866 0.1120207 0.162734 0.1100331 0.1508595 0.1120309 0.1508176 0.112025 0.1628402 0.1100192 0.1429288 0.1146097 0.1508176 0.112025 0.1508595 0.1120309 0.1429114 0.1145785 0.1507866 0.1120207 0.1508176 0.112025 0.1364678 0.1192591 0.1364635 0.1192511 0.1429114 0.1145785 0.1364678 0.11928 0.1364678 0.1192591 0.1429288 0.1146097 0.1294434 0.1269409 0.1364678 0.1192591 0.1364678 0.11928 0.1294435 0.1269407 0.1364635 0.1192511 0.1364678 0.1192591 0.1203805 0.1386887 0.1203805 0.1386885 0.1294435 0.1269407 0.1203778 0.1387005 0.1203805 0.1386887 0.1294434 0.1269409 0.1108068 0.1526986 0.1203805 0.1386887 0.1203778 0.1387005 0.1108067 0.1526985 0.1203805 0.1386885 0.1203805 0.1386887 0.1023044 0.1675354 0.1023291 0.1675431 0.1108068 0.1526986 0.1023291 0.1675431 0.1023509 0.1675501 0.1108067 0.1526985 0.09474092 0.1827439 0.1023291 0.1675431 0.1023044 0.1675354 0.09495872 0.1828143 0.1023509 0.1675501 0.1023291 0.1675431 0.08975189 0.1987817 0.08977359 0.1987887 0.09495872 0.1828143 0.08972901 0.1987734 0.08975189 0.1987817 0.09474092 0.1827439 0.0857222 0.2150137 0.08975189 0.1987817 0.08972901 0.1987734 0.08572214 0.2150137 0.08977359 0.1987887 0.08975189 0.1987817 0.0834009 0.231506 0.08340078 0.231506 0.08572214 0.2150137 0.08341062 0.2315067 0.0834009 0.231506 0.0857222 0.2150137 0.08250385 0.2480952 0.0834009 0.231506 0.08341062 0.2315067 0.08250373 0.2480951 0.08340078 0.231506 0.0834009 0.231506 0.08334642 0.2646573 0.08336949 0.2646524 0.08250373 0.2480951 0.08331722 0.2646643 0.08334642 0.2646573 0.08250385 0.2480952 0.08517783 0.2811473 0.08334642 0.2646573 0.08331722 0.2646643 0.08540904 0.2810984 0.08336949 0.2646524 0.08334642 0.2646573 0.08978229 0.2970433 0.08979994 0.2970408 0.08540904 0.2810984 0.08975601 0.2970473 0.08978229 0.2970433 0.08517783 0.2811473 0.09538805 0.312573 0.08978229 0.2970433 0.08975601 0.2970473 0.09536617 0.3125823 0.08979994 0.2970408 0.08978229 0.2970433 0.1023492 0.3275295 0.1023633 0.3275186 0.09536617 0.3125823 0.102332 0.327543 0.1023492 0.3275295 0.09538805 0.312573 0.1102705 0.3420223 0.1023492 0.3275295 0.102332 0.327543 0.1104665 0.3418901 0.1023633 0.3275186 0.1023492 0.3275295 0.1205086 0.3549736 0.1205448 0.3549436 0.1104665 0.3418901 0.120463 0.3550112 0.1205086 0.3549736 0.1102705 0.3420223 0.1311698 0.3675748 0.1205086 0.3549736 0.120463 0.3550112 0.1313365 0.3674072 0.1205448 0.3549436 0.1205086 0.3549736 0.1437802 0.3781906 0.1437935 0.3781789 0.1313365 0.3674072 0.1437664 0.378201 0.1437802 0.3781906 0.1311698 0.3675748 0.1570249 0.38795 0.1437802 0.3781906 0.1437664 0.378201 0.1570117 0.3879698 0.1437935 0.3781789 0.1437802 0.3781906 0.1711198 0.3963997 0.1711142 0.3964102 0.1570117 0.3879698 0.1711301 0.3963816 0.1711198 0.3963997 0.1570249 0.38795 0.1859576 0.4034551 0.1711198 0.3963997 0.1711301 0.3963816 0.1859486 0.403477 0.1711142 0.3964102 0.1711198 0.3963997 0.2014079 0.4090745 0.2014102 0.4090569 0.1859486 0.403477 0.2014042 0.4091009 0.2014079 0.4090745 0.1859576 0.4034551 0.2172148 0.4136899 0.2014079 0.4090745 0.2014042 0.4091009 0.2172608 0.4134582 0.2014102 0.4090569 0.2014079 0.4090745 0.2171514 0.4140099 0.2014042 0.4091009 0.2014019 0.4091066 0.2014019 0.4091066 0.2014042 0.4091009 0.1859601 0.4034494 0.2171487 0.4140234 0.2014019 0.4091066 0.2014002 0.4091108 0.2014002 0.4091107 0.2014019 0.4091066 0.1859481 0.4034783 0.1859601 0.4034494 0.1711301 0.3963816 0.1711259 0.39639 0.1859481 0.4034783 0.1711259 0.39639 0.1711236 0.396395 0.1711236 0.396395 0.1710805 0.3964993 0.1855921 0.40434 0.1859366 0.4035059 0.1855921 0.40434 0.2013571 0.409215 0.1855832 0.4043616 0.2013558 0.4092181 0.2013571 0.409215 0.1710805 0.3964993 0.1710798 0.3965015 0.1855832 0.4043616 0.2171478 0.414028 0.2013571 0.409215 0.2013558 0.4092181 0.2014002 0.4091108 0.2013571 0.409215 0.2171478 0.414028 0.2013558 0.4092181 0.2013547 0.4092209 0.2171511 0.4140104 0.1855786 0.4043731 0.2013547 0.4092209 0.2013558 0.4092181 0.2013547 0.4092209 0.2013726 0.40916 0.2172145 0.4136916 0.1856889 0.4041056 0.2013726 0.40916 0.2013547 0.4092209 0.1710798 0.3965015 0.1710804 0.3965016 0.1855786 0.4043731 0.1710804 0.3965016 0.1710847 0.3964849 0.1856889 0.4041056 0.1710847 0.3964849 0.1710904 0.3964678 0.1857802 0.4038845 0.1857802 0.4038845 0.2013864 0.4091144 0.2013726 0.40916 0.1570116 0.3879698 0.1710904 0.3964678 0.1710847 0.3964849 0.157025 0.3879497 0.1710847 0.3964849 0.1710804 0.3965016 0.143858 0.3781089 0.1438453 0.378125 0.157025 0.3879497 0.1438453 0.378125 0.1438376 0.3781345 0.1570116 0.3879698 0.1316483 0.3670936 0.1438376 0.3781345 0.1438453 0.378125 0.1316654 0.3670765 0.1438453 0.378125 0.143858 0.3781089 0.1316702 0.3670717 0.143858 0.3781089 0.1438518 0.378116 0.1438518 0.378116 0.143858 0.3781089 0.1570484 0.387915 0.1316475 0.3670944 0.1438518 0.378116 0.143848 0.37812 0.143848 0.37812 0.1438518 0.378116 0.157045 0.3879197 0.157045 0.3879197 0.1710798 0.3965015 0.1710805 0.3964993 0.1570484 0.387915 0.1710804 0.3965016 0.1710798 0.3965015 0.1570439 0.3879214 0.1437684 0.3782001 0.143848 0.37812 0.1570439 0.3879215 0.1570439 0.3879214 0.1710805 0.3964993 0.1711236 0.396395 0.1711259 0.39639 0.157045 0.3879197 0.157045 0.3879197 0.1437667 0.3782016 0.1437684 0.3782001 0.1437684 0.3782001 0.1437667 0.3782016 0.1309733 0.3677725 0.1309897 0.367756 0.1316263 0.3671158 0.143848 0.37812 0.1437667 0.3782016 0.1437664 0.378201 0.1309646 0.3677809 0.1570482 0.3879148 0.1437664 0.378201 0.1437667 0.3782016 0.1309646 0.3677809 0.120463 0.3550112 0.1204676 0.3550074 0.1309733 0.3677725 0.1204676 0.3550074 0.1204727 0.3550031 0.1204727 0.3550031 0.1204676 0.3550074 0.1100394 0.3421782 0.1204676 0.3550074 0.120463 0.3550112 0.1100294 0.3421851 0.1100294 0.3421851 0.102332 0.327543 0.1023288 0.3275437 0.1100394 0.3421782 0.1023288 0.3275437 0.1023275 0.3275436 0.1023275 0.3275436 0.102317 0.3275244 0.1108072 0.3416603 0.1100587 0.3421652 0.1108072 0.3416602 0.1206459 0.35486 0.1108321 0.3416434 0.1206528 0.3548543 0.1206459 0.35486 0.102317 0.3275244 0.1023176 0.3275232 0.1108321 0.3416434 0.1206459 0.35486 0.1206528 0.3548543 0.1316475 0.3670944 0.1204727 0.3550031 0.1206459 0.35486 0.1316263 0.3671158 0.1206528 0.3548543 0.1206623 0.3548464 0.1316702 0.3670717 0.1108582 0.3416257 0.1206623 0.3548464 0.1206528 0.3548543 0.1206623 0.3548464 0.1206501 0.3548565 0.1316654 0.3670765 0.1108533 0.3416292 0.1206501 0.3548565 0.1206623 0.3548464 0.1023176 0.3275232 0.10232 0.3275209 0.1108582 0.3416257 0.10232 0.3275209 0.1023406 0.3275138 0.1108533 0.3416292 0.1023406 0.3275138 0.1023576 0.327508 0.1108332 0.3416427 0.1108332 0.3416427 0.1206408 0.3548642 0.1206501 0.3548565 0.09495985 0.3127541 0.1023576 0.327508 0.1023406 0.3275138 0.09473937 0.3128473 0.1023406 0.3275138 0.10232 0.3275209 0.08963632 0.2970979 0.08969706 0.2970793 0.09473937 0.3128473 0.08969706 0.2970793 0.08974254 0.2970651 0.09495985 0.3127541 0.08541017 0.2810981 0.08974254 0.2970651 0.08969706 0.2970793 0.08517611 0.2811476 0.08969706 0.2970793 0.08963632 0.2970979 0.08485805 0.281215 0.08963632 0.2970979 0.08963906 0.2970967 0.08963906 0.2970967 0.08963632 0.2970979 0.09447258 0.3129599 0.08484506 0.2812176 0.08963906 0.2970967 0.08964222 0.2970954 0.08964222 0.2970954 0.08963906 0.2970967 0.09448409 0.3129552 0.1023176 0.3275232 0.102317 0.3275244 0.09450566 0.3129462 0.09447258 0.3129599 0.10232 0.3275209 0.1023176 0.3275232 0.08974617 0.2970514 0.08964222 0.2970954 0.09450566 0.3129462 0.09533733 0.3125945 0.09450566 0.3129462 0.102317 0.3275244 0.1023275 0.3275436 0.1023288 0.3275437 0.09536474 0.3125829 0.09536474 0.3125829 0.08975028 0.2970497 0.08974617 0.2970514 0.08974617 0.2970514 0.08975028 0.2970497 0.08484518 0.2812176 0.08484053 0.2812185 0.08484059 0.2812186 0.08964222 0.2970954 0.08975028 0.2970497 0.08975601 0.2970473 0.08485853 0.2812147 0.09539318 0.3125708 0.08975601 0.2970473 0.08975028 0.2970497 0.08485853 0.2812147 0.08331722 0.2646643 0.08331489 0.2646644 0.08484518 0.2812176 0.08331489 0.2646644 0.08331447 0.2646644 0.08331447 0.2646644 0.08331489 0.2646644 0.08251112 0.248095 0.08331489 0.2646644 0.08331722 0.2646643 0.08251577 0.248095 0.08251577 0.248095 0.08341062 0.2315067 0.0834065 0.2315065 0.08251112 0.248095 0.0834065 0.2315065 0.08340626 0.2315065 0.08340626 0.2315065 0.08346182 0.231512 0.08258616 0.2480934 0.08331447 0.2646644 0.08251112 0.248095 0.08258616 0.2480934 0.08259069 0.2480934 0.08333486 0.2646639 0.08333325 0.2646639 0.08346182 0.231512 0.08346563 0.2315123 0.08259069 0.2480934 0.08333325 0.2646639 0.08333486 0.2646639 0.08484506 0.2812176 0.08331447 0.2646644 0.08333325 0.2646639 0.08484053 0.2812185 0.08333486 0.2646639 0.08333837 0.2646639 0.08485805 0.281215 0.08259916 0.2480933 0.08333837 0.2646639 0.08333486 0.2646639 0.08333837 0.2646639 0.08336877 0.2646569 0.08517611 0.2811476 0.08259391 0.2480933 0.08336877 0.2646569 0.08333837 0.2646639 0.08346563 0.2315123 0.08347332 0.2315129 0.08259916 0.2480933 0.08347332 0.2315129 0.08345925 0.2315112 0.08259391 0.2480933 0.08345925 0.2315112 0.08345317 0.2315103 0.08259367 0.2480933 0.08259367 0.2480933 0.08339208 0.2646519 0.08336877 0.2646569 0.08584153 0.2150326 0.08345317 0.2315103 0.08345925 0.2315112 0.08586519 0.2150364 0.08345925 0.2315112 0.08347332 0.2315129 0.08987069 0.1988124 0.08985984 0.1988107 0.08586519 0.2150364 0.08985984 0.1988107 0.08985376 0.1988097 0.08584153 0.2150326 0.09533673 0.1829367 0.08985376 0.1988097 0.08985984 0.1988107 0.09533691 0.1829368 0.08985984 0.1988107 0.08987069 0.1988124 0.09531497 0.1829296 0.08987069 0.1988124 0.08986145 0.1988101 0.08986145 0.1988101 0.08987069 0.1988124 0.08590072 0.215042 0.0952869 0.1829206 0.08986145 0.1988101 0.08985573 0.1988086 0.08985573 0.1988086 0.08986145 0.1988101 0.08589047 0.2150404 0.08589047 0.2150404 0.08346563 0.2315123 0.08346182 0.231512 0.08590072 0.215042 0.08347332 0.2315129 0.08346563 0.2315123 0.08973228 0.1987747 0.08985573 0.1988086 0.08588379 0.2150393 0.08340626 0.2315065 0.08573669 0.215016 0.08588385 0.2150393 0.08340626 0.2315065 0.0834065 0.2315065 0.08573442 0.2150156 0.08573442 0.2150156 0.08972954 0.1987739 0.08973228 0.1987747 0.08973228 0.1987747 0.08972954 0.1987739 0.0944795 0.1826592 0.08973228 0.1987747 0.09449869 0.1826654 0.09526115 0.1829122 0.08972954 0.1987739 0.08972901 0.1987734 0.0944705 0.1826562 0.08573693 0.215016 0.08972901 0.1987734 0.08972954 0.1987739 0.0944705 0.1826562 0.1023044 0.1675354 0.1023042 0.1675351 0.0944795 0.1826592 0.1023042 0.1675351 0.1023059 0.1675355 0.1023059 0.1675355 0.1023042 0.1675351 0.1108081 0.1526996 0.1023042 0.1675351 0.1023044 0.1675354 0.1108124 0.1527029 0.1108081 0.1526996 0.1203798 0.1386916 0.1203805 0.1386885 0.1108124 0.1527029 0.1203778 0.1387005 0.1203798 0.1386916 0.1203805 0.1386885 0.1203798 0.1386916 0.1294407 0.1269461 0.1203798 0.1386916 0.1203778 0.1387005 0.1294327 0.1269622 0.1294327 0.1269622 0.1364678 0.11928 0.1364678 0.119264 0.1294407 0.1269461 0.1364678 0.119264 0.136466 0.1192554 0.1294435 0.1269406 0.136466 0.1192554 0.1363832 0.119107 0.1203805 0.1386885 0.1294435 0.1269406 0.1294435 0.1269406 0.1294406 0.1269459 0.1203798 0.1386916 0.1203805 0.1386885 0.1363832 0.119107 0.1363791 0.1191052 0.1294406 0.1269459 0.1203805 0.1386885 0.1203798 0.1386916 0.1108083 0.1526997 0.1203805 0.1386885 0.1203805 0.1386885 0.1108067 0.1526985 0.1108083 0.1526997 0.102397 0.1675651 0.1023926 0.1675636 0.1023059 0.1675355 0.1108067 0.1526985 0.1108067 0.1526985 0.1023926 0.1675636 0.102397 0.1675651 0.0952869 0.1829206 0.1023059 0.1675355 0.1023926 0.1675636 0.09526115 0.1829122 0.102397 0.1675651 0.1024045 0.1675679 0.09531497 0.1829296 0.1108129 0.1527031 0.1024045 0.1675679 0.102397 0.1675651 0.1024045 0.1675679 0.1024014 0.1675664 0.09533691 0.1829368 0.1108069 0.1526986 0.1024014 0.1675664 0.1024045 0.1675679 0.1203778 0.1387005 0.1203804 0.1386889 0.1108069 0.1526986 0.1203798 0.1386916 0.1203778 0.1387005 0.1108129 0.1527031 0.1294431 0.1269414 0.1203804 0.1386889 0.1203778 0.1387005 0.1294322 0.1269614 0.1203778 0.1387005 0.1203798 0.1386916 0.1363791 0.1191052 0.1363725 0.1191091 0.1294322 0.1269614 0.1363725 0.1191091 0.1363999 0.1191378 0.1294431 0.1269414 0.1363999 0.1191378 0.1364177 0.119169 0.1294434 0.1269408 0.1294434 0.1269408 0.1203805 0.1386886 0.1203804 0.1386889 0.1425877 0.1139983 0.1364177 0.119169 0.1363999 0.1191378 0.1424121 0.1136835 0.1363999 0.1191378 0.1363725 0.1191091 0.150183 0.1119362 0.1503369 0.1119577 0.1424121 0.1136835 0.1503369 0.1119577 0.1504614 0.1119751 0.1425877 0.1139983 0.160761 0.1102918 0.1504614 0.1119751 0.1503369 0.1119577 0.1596904 0.1104322 0.1503369 0.1119577 0.150183 0.1119362 0.158393 0.1106026 0.150183 0.1119362 0.1501987 0.1119384 0.1501987 0.1119384 0.150183 0.1119362 0.1421985 0.1133033 0.1501987 0.1119384 0.1502164 0.1119409 0.1585558 0.1105809 0.1502164 0.1119409 0.1501987 0.1119384 0.1422085 0.1133192 0.1422085 0.1133192 0.1363791 0.1191052 0.1363832 0.119107 0.1421985 0.1133033 0.1363725 0.1191091 0.1363791 0.1191052 0.1428884 0.1145373 0.1508039 0.1120231 0.1502164 0.1119409 0.136466 0.1192554 0.1428884 0.1145373 0.142226 0.1133497 0.136466 0.1192554 0.1364678 0.119264 0.1429108 0.1145767 0.1429108 0.1145767 0.1508273 0.1120264 0.1508039 0.1120231 0.1508039 0.1120231 0.1508273 0.1120264 0.1627271 0.1100344 0.162594 0.1100515 0.1585558 0.1105809 0.1502164 0.1119409 0.1508273 0.1120264 0.1508595 0.1120309 0.1628654 0.1100172 0.142935 0.1146181 0.1508595 0.1120309 0.1508273 0.1120264 0.1628654 0.1100172 0.181302 0.1074206 0.1812735 0.1074224 0.1627271 0.1100344 0.1812735 0.1074224 0.1812531 0.1074244 0.1812531 0.1074244 0.1812735 0.1074224 0.2034545 0.1048111 0.1812735 0.1074224 0.181302 0.1074206 0.2034584 0.1048147 0.2034584 0.1048147 0.2266215 0.10309 0.2266207 0.1030858 0.2034545 0.1048111 0.2266207 0.1030858 0.2266204 0.1030843 0.2266204 0.1030843 0.2266204 0.1030843 0.2034533 0.1048099 0.1812531 0.1074244 0.2034532 0.1048099 0.2034533 0.1048099 0.2034538 0.1048112 0.1807335 0.1074932 0.1807484 0.1074906 0.2266204 0.1030843 0.2266207 0.1030858 0.2034538 0.1048112 0.1807484 0.1074906 0.1807335 0.1074932 0.1584506 0.1105948 0.1812531 0.1074244 0.1807484 0.1074906 0.1585558 0.1105809 0.1807335 0.1074932 0.1807209 0.1074967 0.158393 0.1106026 0.2034556 0.104815 0.1807209 0.1074967 0.1807335 0.1074932 0.1807209 0.1074967 0.1808519 0.1074771 0.1596904 0.1104322 0.2034534 0.1048101 0.1808519 0.1074771 0.1807209 0.1074967 0.2266207 0.1030858 0.2266215 0.10309 0.2034556 0.104815 0.2266215 0.10309 0.2266204 0.1030845 0.2034534 0.1048101 0.2266204 0.1030845 0.2266204 0.1030844 0.2034533 0.1048099 0.2034533 0.1048099 0.1809589 0.107463 0.1808519 0.1074771 0.25 0.1024221 0.2266204 0.1030844 0.2266204 0.1030845 0.25 0.1024222 0.2266204 0.1030845 0.2266215 0.10309 0.2733785 0.1030899 0.2733796 0.1030845 0.25 0.1024222 0.2733796 0.1030845 0.2733796 0.1030844 0.25 0.1024221 0.2965468 0.1048099 0.2733796 0.1030844 0.2733796 0.1030845 0.2965466 0.1048101 0.2733796 0.1030845 0.2733785 0.1030899 0.2965419 0.1048147 0.2733785 0.1030899 0.2733793 0.1030858 0.2733793 0.1030858 0.2733785 0.1030899 0.25 0.102429 0.2965456 0.1048111 0.2733793 0.1030858 0.2733796 0.1030843 0.2733796 0.1030843 0.2733793 0.1030858 0.25 0.1024238 0.25 0.1024238 0.2266207 0.1030858 0.2266204 0.1030843 0.25 0.102429 0.2266215 0.10309 0.2266207 0.1030858 0.2733796 0.1030843 0.2733796 0.1030843 0.25 0.1024219 0.2266204 0.1030843 0.25 0.102422 0.25 0.102422 0.2266204 0.1030843 0.2266207 0.1030858 0.2500001 0.1024238 0.2500001 0.1024238 0.2733793 0.1030858 0.2733796 0.1030843 0.2733796 0.1030843 0.2733793 0.1030858 0.2965456 0.1048111 0.2733796 0.1030843 0.2965468 0.1048099 0.2965468 0.1048099 0.2733793 0.1030858 0.2733785 0.1030899 0.2965419 0.1048147 0.25 0.102429 0.2733785 0.1030899 0.2733793 0.1030858 0.2965419 0.1048147 0.3187784 0.1074311 0.3187928 0.1074311 0.2965456 0.1048111 0.3187928 0.1074311 0.3187977 0.1074311 0.3187977 0.1074311 0.3187928 0.1074311 0.3374002 0.110051 0.3187928 0.1074311 0.3187784 0.1074311 0.3373734 0.1100484 0.3373734 0.1100484 0.3492341 0.1120178 0.3492498 0.1120156 0.3374002 0.110051 0.3492498 0.1120156 0.3492553 0.1120148 0.3492553 0.1120148 0.3492553 0.1120148 0.3374094 0.1100519 0.3187977 0.1074311 0.3374094 0.1100519 0.3374094 0.1100519 0.3374002 0.110051 0.3187928 0.1074311 0.3187977 0.1074311 0.3492553 0.1120148 0.3492498 0.1120156 0.3374002 0.110051 0.3187977 0.1074311 0.3187928 0.1074311 0.2965456 0.1048111 0.3187977 0.1074311 0.3187977 0.1074311 0.2965468 0.1048099 0.3187928 0.1074311 0.3187784 0.1074311 0.2965419 0.1048147 0.3373734 0.1100484 0.3187784 0.1074311 0.3187928 0.1074311 0.3187784 0.1074311 0.318797 0.1074311 0.2965466 0.1048101 0.3374081 0.1100518 0.318797 0.1074311 0.3187784 0.1074311 0.3492498 0.1120156 0.3492341 0.1120178 0.3373734 0.1100484 0.3492341 0.1120178 0.3492544 0.112015 0.3374081 0.1100518 0.3492544 0.112015 0.3492551 0.1120148 0.3374091 0.1100519 0.3374091 0.1100519 0.3187975 0.1074311 0.318797 0.1074311 0.3571121 0.1145365 0.3492551 0.1120148 0.3492544 0.112015 0.3571118 0.1145368 0.3492544 0.112015 0.3492341 0.1120178 0.3635724 0.1193031 0.3635634 0.1192773 0.3571118 0.1145368 0.3635634 0.1192773 0.3635543 0.1192613 0.3571121 0.1145365 0.3706044 0.1270236 0.3635543 0.1192613 0.3635634 0.1192773 0.3706405 0.1270864 0.3635634 0.1192773 0.3635724 0.1193031 0.3706477 0.1271015 0.3635724 0.1193031 0.3635653 0.119283 0.3635653 0.119283 0.3635724 0.1193031 0.3571047 0.1145482 0.370602 0.1270201 0.3635653 0.119283 0.3635594 0.11927 0.3635594 0.11927 0.3635653 0.119283 0.3571102 0.1145394 0.3571102 0.1145394 0.3492498 0.1120156 0.3492553 0.1120148 0.3571047 0.1145482 0.3492341 0.1120178 0.3492498 0.1120156 0.3633906 0.1189771 0.3635594 0.11927 0.3571121 0.1145364 0.3492552 0.1120148 0.3571121 0.1145364 0.3571121 0.1145364 0.3492552 0.1120148 0.3492498 0.1120156 0.35711 0.114539 0.35711 0.114539 0.3633848 0.1189697 0.3633906 0.1189771 0.3633905 0.1189771 0.3633848 0.1189697 0.3691718 0.1245391 0.3692071 0.1245997 0.3705577 0.1269425 0.3635594 0.11927 0.3633848 0.1189697 0.3633781 0.1189659 0.3691523 0.124507 0.3571037 0.1145465 0.3633781 0.1189659 0.3633848 0.1189697 0.3691523 0.124507 0.3794723 0.1384025 0.3794783 0.1384096 0.3691718 0.1245391 0.3794783 0.1384096 0.3794833 0.1384184 0.3794833 0.1384184 0.3794783 0.1384096 0.3892577 0.1526708 0.3794783 0.1384096 0.3794723 0.1384025 0.3892555 0.1526718 0.3892555 0.1526718 0.3976289 0.1675551 0.3976321 0.1675539 0.3892577 0.1526708 0.3976321 0.1675539 0.3976318 0.167554 0.3892557 0.1526716 0.3976318 0.167554 0.397566 0.1675787 0.3892558 0.1526716 0.389131 0.1527255 0.3796209 0.1387247 0.3891257 0.1527283 0.3796257 0.1387372 0.3796209 0.1387247 0.397566 0.1675787 0.397562 0.1675802 0.3891257 0.1527283 0.3705577 0.1269425 0.3796209 0.1387247 0.3796257 0.1387372 0.3692071 0.1245997 0.3794833 0.1384184 0.3796209 0.1387247 0.3796257 0.1387372 0.3796315 0.1387549 0.3706477 0.1271015 0.389118 0.1527332 0.3796315 0.1387549 0.3796257 0.1387372 0.3796315 0.1387549 0.3796289 0.1387302 0.3706405 0.1270864 0.3891468 0.1527187 0.3796289 0.1387302 0.3796315 0.1387549 0.397562 0.1675802 0.3975546 0.167583 0.389118 0.1527332 0.3975546 0.167583 0.3975741 0.1675757 0.3891468 0.1527187 0.3975741 0.1675757 0.3975849 0.1675716 0.3891668 0.15271 0.3891668 0.15271 0.3796249 0.1387122 0.3796289 0.1387302 0.4046339 0.1829463 0.3975849 0.1675716 0.3975741 0.1675757 0.4046116 0.1829535 0.3975741 0.1675757 0.3975546 0.167583 0.4101092 0.1988195 0.4101272 0.1988149 0.4046116 0.1829535 0.4101272 0.1988149 0.4101389 0.1988121 0.4046339 0.1829463 0.4141585 0.2150326 0.4101389 0.1988121 0.4101272 0.1988149 0.4141348 0.2150364 0.4101272 0.1988149 0.4101092 0.1988195 0.4141281 0.2150375 0.4101092 0.1988195 0.4101192 0.1988172 0.4101192 0.1988172 0.4101092 0.1988195 0.404578 0.1829643 0.4101192 0.1988172 0.4101257 0.1988158 0.4141891 0.2150278 0.4101257 0.1988159 0.4101192 0.1988172 0.4045878 0.1829612 0.4045878 0.1829612 0.397562 0.1675802 0.397566 0.1675788 0.404578 0.1829643 0.3975546 0.167583 0.397562 0.1675802 0.4047328 0.1829143 0.4102708 0.1987871 0.4101257 0.1988159 0.4047327 0.1829143 0.4045941 0.1829591 0.397566 0.1675788 0.3976318 0.167554 0.3976321 0.1675539 0.4047349 0.1829136 0.4047349 0.1829136 0.4102742 0.1987865 0.4102708 0.1987871 0.4102708 0.1987871 0.4102742 0.1987865 0.4150947 0.2148841 0.415072 0.2148877 0.4141891 0.2150278 0.4101257 0.1988158 0.4102742 0.1987865 0.4102755 0.1987866 0.4151062 0.2148822 0.4047325 0.1829144 0.4102755 0.1987866 0.4102742 0.1987865 0.4151062 0.2148822 0.4166334 0.2314917 0.4166337 0.2314922 0.4150947 0.2148841 0.4166337 0.2314922 0.4166315 0.2314928 0.4166315 0.2314928 0.4166337 0.2314922 0.4173145 0.2480913 0.4166337 0.2314922 0.4166334 0.2314917 0.4173086 0.2480911 0.4173086 0.2480911 0.4165017 0.2646346 0.416508 0.2646353 0.4173145 0.2480913 0.416508 0.2646353 0.4165102 0.2646355 0.4173166 0.2480914 0.4165102 0.2646355 0.4165102 0.2646355 0.4173166 0.2480914 0.4173166 0.2480914 0.4165211 0.2315103 0.4173144 0.2480913 0.4165157 0.231511 0.4165211 0.2315103 0.4165102 0.2646355 0.416508 0.2646353 0.4173144 0.2480913 0.4165211 0.2315104 0.4165157 0.231511 0.4141595 0.2150325 0.4166315 0.2314928 0.4165211 0.2315104 0.4141891 0.2150278 0.4165157 0.231511 0.4165064 0.2315119 0.4141281 0.2150375 0.417308 0.2480912 0.4165064 0.2315119 0.4165157 0.231511 0.4165064 0.2315119 0.4165268 0.2315109 0.4141348 0.2150364 0.4173504 0.2480921 0.4165268 0.2315109 0.4165064 0.2315119 0.416508 0.2646353 0.4165017 0.2646346 0.417308 0.2480912 0.4165017 0.2646346 0.4165269 0.2646374 0.4173504 0.2480921 0.4165269 0.2646374 0.4165389 0.2646389 0.4173745 0.2480926 0.4173745 0.2480926 0.4165389 0.2315101 0.4165268 0.2315109 0.4141585 0.2810069 0.4165389 0.2646389 0.4165269 0.2646374 0.4141348 0.2810019 0.4165269 0.2646374 0.4165017 0.2646346 0.4101401 0.2970296 0.4101462 0.2970309 0.4141585 0.2810069 0.4101241 0.2970255 0.4101401 0.2970296 0.4141348 0.2810019 0.4046633 0.3125946 0.4101462 0.2970309 0.4101401 0.2970296 0.404663 0.3125945 0.4101401 0.2970296 0.4101241 0.2970255 0.4046549 0.3125911 0.4101241 0.2970255 0.41013 0.2970272 0.41013 0.2970272 0.4101241 0.2970255 0.4140933 0.2809932 0.4046612 0.3125938 0.41013 0.2970272 0.4101321 0.2970279 0.4101321 0.2970279 0.41013 0.2970272 0.4140995 0.2809944 0.4140933 0.2809932 0.4165017 0.2646346 0.416508 0.2646353 0.416508 0.2646353 0.4165102 0.2646355 0.4141016 0.2809949 0.4141016 0.2809949 0.4141016 0.2809949 0.4165102 0.2646355 0.4141016 0.2809949 0.4101321 0.2970279 0.4101321 0.2970279 0.4140995 0.2809944 0.41013 0.2970272 0.4101321 0.2970279 0.4165102 0.2646355 0.416508 0.2646353 0.4140995 0.2809944 0.4101321 0.2970279 0.41013 0.2970272 0.4046612 0.3125938 0.4101321 0.2970279 0.4046634 0.3125947 0.4046633 0.3125947 0.41013 0.2970272 0.4101241 0.2970254 0.4046549 0.3125911 0.4140933 0.2809931 0.4101241 0.2970254 0.41013 0.2970272 0.4046549 0.3125911 0.3975918 0.3274874 0.3975971 0.3274902 0.4046612 0.3125938 0.3975971 0.3274902 0.3975989 0.3274912 0.3975989 0.3274912 0.3975971 0.3274902 0.3891915 0.3416596 0.3975971 0.3274902 0.3975918 0.3274874 0.3891862 0.3416561 0.3891862 0.3416561 0.3794447 0.3549492 0.3794455 0.3549492 0.3891915 0.3416596 0.3794455 0.3549492 0.3794444 0.3549478 0.3794444 0.3549478 0.3793781 0.3548811 0.3891934 0.3416607 0.3975989 0.3274912 0.3891934 0.3416607 0.3891934 0.3416607 0.3891915 0.3416594 0.3975971 0.3274902 0.3975989 0.3274912 0.3793781 0.3548811 0.3793745 0.3548778 0.3891915 0.3416594 0.3975989 0.3274912 0.3975971 0.3274902 0.4046612 0.3125938 0.3975989 0.3274912 0.3975989 0.3274912 0.4046633 0.3125947 0.3975971 0.3274902 0.3975918 0.3274874 0.4046549 0.3125911 0.3891859 0.3416556 0.3975918 0.3274874 0.3975971 0.3274902 0.3975918 0.3274874 0.3975986 0.3274911 0.404663 0.3125945 0.3891931 0.3416605 0.3975986 0.3274911 0.3975918 0.3274874 0.3793745 0.3548778 0.3793682 0.3548722 0.3891859 0.3416556 0.3793682 0.3548722 0.3793714 0.3548743 0.3891931 0.3416605 0.3793714 0.3548743 0.3793715 0.3548744 0.3891933 0.3416607 0.3891933 0.3416607 0.3975989 0.3274912 0.3975986 0.3274911 0.3683742 0.3671163 0.3793715 0.3548744 0.3793714 0.3548743 0.368374 0.3671161 0.3793714 0.3548743 0.3793682 0.3548722 0.3561602 0.3781284 0.3561645 0.3781349 0.368374 0.3671161 0.3561645 0.3781349 0.356168 0.3781401 0.3683742 0.3671163 0.3429883 0.3879697 0.356168 0.3781401 0.3561645 0.3781349 0.3429749 0.3879496 0.3561645 0.3781349 0.3561602 0.3781284 0.3429712 0.3879442 0.3561602 0.3781284 0.3561675 0.3781375 0.3561675 0.3781375 0.3561602 0.3781284 0.3683909 0.367133 0.3429889 0.3879708 0.3561675 0.3781375 0.3561728 0.378144 0.3561728 0.378144 0.3561675 0.3781375 0.3684123 0.3671546 0.3684123 0.3671546 0.3793745 0.3548778 0.3793781 0.3548811 0.3683909 0.367133 0.3793682 0.3548722 0.3793745 0.3548778 0.3563016 0.3783046 0.3561728 0.378144 0.3684321 0.3671745 0.3794444 0.3549478 0.3690156 0.3677614 0.3684321 0.3671745 0.3794444 0.3549478 0.3794455 0.3549492 0.3690303 0.3677763 0.3690303 0.3677763 0.3563054 0.3783094 0.3563016 0.3783046 0.3563016 0.3783046 0.3563054 0.3783094 0.3435187 0.3887666 0.3563016 0.3783046 0.3435057 0.3887472 0.3430056 0.3879958 0.3563054 0.3783094 0.3563088 0.3783136 0.3435255 0.3887767 0.3690374 0.3677835 0.3563088 0.3783136 0.3563054 0.3783094 0.3435255 0.3887767 0.3289515 0.3965103 0.328951 0.3965105 0.3435187 0.3887666 0.328951 0.3965105 0.3289495 0.3965086 0.3289495 0.3965087 0.328951 0.3965105 0.3140629 0.4035047 0.328951 0.3965105 0.3289515 0.3965103 0.3140606 0.4034993 0.3140606 0.4034993 0.2986018 0.4091136 0.2986025 0.409114 0.3140629 0.4035047 0.2986025 0.409114 0.2986024 0.4091122 0.2986024 0.4091122 0.298584 0.40902 0.3140636 0.4035066 0.3289495 0.3965087 0.3140636 0.4035066 0.3140636 0.4035066 0.3140627 0.4035045 0.3288841 0.3964101 0.3288869 0.3964148 0.298584 0.40902 0.2985829 0.4090152 0.3140627 0.4035045 0.3288869 0.3964148 0.3288841 0.3964101 0.3429889 0.3879708 0.3289495 0.3965086 0.3288869 0.3964148 0.3430056 0.3879957 0.3288841 0.3964101 0.3288795 0.3964021 0.3429712 0.3879442 0.3140601 0.4034982 0.3288795 0.3964021 0.3288841 0.3964101 0.3288795 0.3964021 0.3288853 0.3964123 0.3429749 0.3879496 0.3140635 0.4035063 0.3288853 0.3964123 0.3288795 0.3964021 0.2985829 0.4090152 0.2985807 0.409007 0.3140601 0.4034982 0.2985807 0.409007 0.2985821 0.4090106 0.3140635 0.4035063 0.2985821 0.4090106 0.2985822 0.4090108 0.3140636 0.4035066 0.3140636 0.4035066 0.3288888 0.3964175 0.3288853 0.3964123 0.2826594 0.413056 0.2985822 0.4090108 0.2985821 0.4090106 0.2826594 0.4130558 0.2985821 0.4090106 0.2985807 0.409007 0.2664043 0.4154012 0.2664042 0.4154123 0.2826594 0.4130558 0.2664042 0.4154123 0.2664043 0.4154185 0.2826594 0.413056 0.282664 0.4130792 0.2985807 0.409007 0.2985829 0.4090152 0.2664054 0.4154108 0.2664043 0.4154012 0.282664 0.4130792 0.2826699 0.413109 0.2985829 0.4090152 0.298584 0.40902 0.2664061 0.4154169 0.2664054 0.4154108 0.2826699 0.413109 0.2664244 0.4155467 0.2664061 0.4154169 0.2826754 0.4131365 0.2986024 0.4091122 0.2828364 0.4139478 0.2826754 0.4131364 0.2986024 0.4091122 0.2986025 0.409114 0.2828404 0.4139683 0.2828404 0.4139683 0.2664249 0.4155495 0.2664244 0.4155467 0.2986025 0.409114 0.2986018 0.4091136 0.2828423 0.4139778 0.2828423 0.4139778 0.2664254 0.4155502 0.2664249 0.4155495 0.3288853 0.3964123 0.3288888 0.3964175 0.3429883 0.3879697 0.3794455 0.3549492 0.3794447 0.3549492 0.3690374 0.3677835 0.3975986 0.3274911 0.3975989 0.3274912 0.4046633 0.3125946 0.416508 0.2646353 0.4165017 0.2646346 0.4140933 0.2809931 0.4165268 0.2315109 0.4165389 0.2315101 0.4141585 0.2150326 0.3976321 0.1675539 0.3976289 0.1675551 0.4047325 0.1829144 0.3796289 0.1387302 0.3796249 0.1387122 0.3706044 0.1270236 0.3492498 0.1120156 0.3492341 0.1120178 0.3571037 0.1145465 0.318797 0.1074311 0.3187975 0.1074311 0.2965468 0.1048099 0.2266207 0.1030858 0.2266215 0.10309 0.25 0.102429 0.1808519 0.1074771 0.1809589 0.107463 0.160761 0.1102918 0.1364678 0.119264 0.1364678 0.11928 0.142935 0.1146181 0.1203804 0.1386889 0.1203805 0.1386886 0.1108067 0.1526985 0.1108067 0.1526985 0.1024012 0.1675664 0.1024014 0.1675664 0.1024014 0.1675664 0.1024012 0.1675664 0.09533673 0.1829367 0.0834065 0.2315065 0.08341062 0.2315067 0.08573693 0.215016 0.08336877 0.2646569 0.08339208 0.2646519 0.08541017 0.2810981 0.1023288 0.3275437 0.102332 0.327543 0.09539318 0.3125708 0.1206501 0.3548565 0.1206408 0.3548642 0.1316483 0.3670936 0.1711259 0.39639 0.1711301 0.3963816 0.1570482 0.3879148 0.2013726 0.40916 0.2013864 0.4091144 0.2172611 0.413457 0.2664262 0.4156496 0.2664262 0.4156496 0.2828523 0.4140281 0.2664148 0.4155216 0.2664262 0.4156496 0.2828523 0.4140281 0.2828523 0.4140281 0.2986471 0.4092254 0.2986133 0.4091136 0.2986471 0.4092254 0.2828523 0.4140281 0.2828523 0.4140281 0.2827518 0.4135217 0.2986133 0.4091136 0.2986037 0.4090817 0.2664115 0.4154852 0.2664148 0.4155216 0.2827518 0.4135217 0.2986037 0.4090817 0.2986133 0.4091136 0.3142448 0.4039453 0.2986133 0.4091136 0.2986471 0.4092254 0.3144419 0.4044226 0.3142448 0.4039453 0.3289372 0.3965092 0.3289197 0.3964771 0.3144419 0.4044226 0.3289986 0.3966221 0.3289372 0.3965092 0.2986471 0.4092254 0.2986471 0.4092254 0.3144419 0.4044226 0.3289986 0.3966221 0.3144419 0.4044226 0.3144419 0.4044226 0.3289986 0.3966221 0.3144419 0.4044226 0.3144419 0.4044226 0.2986471 0.4092254 0.2986471 0.4092254 0.3144419 0.4044226 0.3289986 0.3966221 0.3289986 0.3966221 0.3435552 0.3888215 0.3289986 0.3966221 0.3289986 0.3966221 0.3435552 0.3888215 0.3289986 0.3966221 0.3289986 0.3966221 0.3435552 0.3888215 0.3289986 0.3966221 0.3144419 0.4044226 0.3144419 0.4044226 0.3289986 0.3966221 0.3289986 0.3966221 0.3435643 0.3888351 0.3289986 0.3966221 0.3144419 0.4044226 0.3144482 0.4044377 0.2986471 0.4092254 0.2986471 0.4092254 0.3144419 0.4044226 0.2986471 0.4092254 0.2986471 0.4092254 0.3144482 0.4044377 0.2986471 0.4092254 0.2986471 0.4092254 0.3144419 0.4044226 0.3289986 0.3966221 0.3144482 0.4044377 0.3144419 0.4044226 0.2986471 0.4092254 0.2986471 0.4092254 0.3144419 0.4044226 0.3144419 0.4044226 0.3144419 0.4044226 0.3289986 0.3966221 0.3289986 0.3966221 0.3144419 0.4044226 0.3144344 0.4044042 0.2986471 0.4092254 0.2986471 0.4092254 0.3144344 0.4044042 0.3289986 0.3966221 0.3289986 0.3966221 0.3435441 0.3888048 0.3289986 0.3966221 0.3289986 0.3966221 0.3435552 0.3888214 0.3289986 0.3966221 0.3289986 0.3966221 0.3435121 0.3887566 0.3289986 0.3966221 0.3144344 0.4044042 0.3144122 0.4043506 0.3289986 0.3966221 0.3139848 0.3688254 0.3257318 0.3624504 0.3289986 0.3966221 0.3144122 0.4043506 0.3021628 0.37506 0.2986471 0.4092254 0.2986471 0.4092254 0.3144122 0.4043506 0.2986471 0.4092254 0.2894003 0.3790184 0.3021628 0.37506 0.2894003 0.3790184 0.283147 0.3585903 0.2938588 0.3552029 0.3139848 0.3688254 0.3021628 0.37506 0.2938588 0.3552029 0.283147 0.3585903 0.2762151 0.3359456 0.2846537 0.3331912 0.3038314 0.3500273 0.2938588 0.3552029 0.2846537 0.3331912 0.3139848 0.3688254 0.3038314 0.3500273 0.3136783 0.3446165 0.3038314 0.3500273 0.2925763 0.3291895 0.3003169 0.3248475 0.2820503 0.2978208 0.3003169 0.3248475 0.2925763 0.3291895 0.2720692 0.3030984 0.2771891 0.3007015 0.2925763 0.3291895 0.2667383 0.3049873 0.2612483 0.3063503 0.2556511 0.3071731 0.2556511 0.3071731 0.25 0.3074485 0.244349 0.3071731 0.244349 0.3071731 0.2387515 0.3063503 0.2332616 0.3049874 0.2332616 0.3049874 0.2279311 0.3030985 0.2228111 0.3007015 0.2228111 0.3007015 0.2179497 0.2978206 0.2133936 0.2944836 0.2133936 0.2944836 0.2091853 0.2907238 0.2053652 0.286578 0.2053652 0.286578 0.2019684 0.2820879 0.1990271 0.2772976 0.1990271 0.2772976 0.1965678 0.2722557 0.1946137 0.2670125 0.1946137 0.2670125 0.1931814 0.2616214 0.192284 0.2561372 0.192284 0.2561372 0.191928 0.2506166 0.1921165 0.2451168 0.1921165 0.2451168 0.1928462 0.2396954 0.1941111 0.2344092 0.1941111 0.2344092 0.1958996 0.2293134 0.1981984 0.2244612 0.1981984 0.2244612 0.2009902 0.219901 0.2042567 0.2156773 0.2042567 0.2156773 0.2079765 0.211827 0.2121263 0.2083819 0.2121263 0.2083819 0.2166779 0.2053652 0.2215989 0.2027946 0.2215989 0.2027946 0.2268478 0.2006814 0.2323756 0.1990332 0.2323756 0.1990332 0.2381231 0.1978535 0.2559774 0.1971454 0.2381231 0.1978535 0.2440225 0.1971454 0.2559774 0.1971454 0.2440225 0.1971454 0.2500001 0.1969091 0.2559774 0.1971454 0.2559774 0.1971454 0.2618771 0.1978536 0.2676246 0.1990333 0.2676246 0.1990333 0.2731524 0.2006813 0.2784011 0.2027946 0.2784011 0.2027946 0.283322 0.2053651 0.2878736 0.2083818 0.2878736 0.2083818 0.2920236 0.211827 0.2957433 0.2156772 0.2957433 0.2156772 0.2990098 0.2199009 0.3018016 0.2244611 0.3018016 0.2244611 0.3041004 0.2293135 0.305889 0.2344092 0.305889 0.2344092 0.3071538 0.2396954 0.3078836 0.2451169 0.3078836 0.2451169 0.3080721 0.2506164 0.307716 0.256137 0.307716 0.256137 0.3068186 0.2616214 0.3053862 0.2670125 0.3053862 0.2670125 0.3034321 0.2722558 0.3009728 0.2772976 0.3009728 0.2772976 0.2980318 0.2820879 0.2946348 0.2865781 0.2946348 0.2865781 0.2908146 0.2907238 0.2866064 0.2944836 0.2866064 0.2944836 0.2820503 0.2978208 0.2771891 0.3007015 0.2771891 0.3007015 0.2720692 0.3030984 0.2667383 0.3049873 0.2667383 0.3049873 0.2556511 0.3071731 0.244349 0.3071731 0.244349 0.3071731 0.2332616 0.3049874 0.2667383 0.3049873 0.2332616 0.3049874 0.2228111 0.3007015 0.2667383 0.3049873 0.2228111 0.3007015 0.2133936 0.2944836 0.2053652 0.286578 0.2053652 0.286578 0.1990271 0.2772976 0.1946137 0.2670125 0.1946137 0.2670125 0.192284 0.2561372 0.1921165 0.2451168 0.1921165 0.2451168 0.1941111 0.2344092 0.1946137 0.2670125 0.1941111 0.2344092 0.1981984 0.2244612 0.1946137 0.2670125 0.1981984 0.2244612 0.2042567 0.2156773 0.2121263 0.2083819 0.2121263 0.2083819 0.2215989 0.2027946 0.2323756 0.1990332 0.2559774 0.1971454 0.2676246 0.1990333 0.2784011 0.2027946 0.2784011 0.2027946 0.2878736 0.2083818 0.2957433 0.2156772 0.2957433 0.2156772 0.3018016 0.2244611 0.2784011 0.2027946 0.3018016 0.2244611 0.305889 0.2344092 0.2784011 0.2027946 0.305889 0.2344092 0.3078836 0.2451169 0.307716 0.256137 0.307716 0.256137 0.3053862 0.2670125 0.3009728 0.2772976 0.3009728 0.2772976 0.2946348 0.2865781 0.2667383 0.3049873 0.2946348 0.2865781 0.2866064 0.2944836 0.2667383 0.3049873 0.2866064 0.2944836 0.2771891 0.3007015 0.2667383 0.3049873 0.2228111 0.3007015 0.2053652 0.286578 0.2667383 0.3049873 0.2053652 0.286578 0.1946137 0.2670125 0.2667383 0.3049873 0.1981984 0.2244612 0.2121263 0.2083819 0.1946137 0.2670125 0.2121263 0.2083819 0.2323756 0.1990332 0.1946137 0.2670125 0.2323756 0.1990332 0.2559774 0.1971454 0.305889 0.2344092 0.2559774 0.1971454 0.2784011 0.2027946 0.305889 0.2344092 0.305889 0.2344092 0.307716 0.256137 0.2667383 0.3049873 0.307716 0.256137 0.3009728 0.2772976 0.2667383 0.3049873 0.2667383 0.3049873 0.1946137 0.2670125 0.2323756 0.1990332 0.2720692 0.3030984 0.2846537 0.3331912 0.2762151 0.3359456 0.2612483 0.3063503 0.2667383 0.3049873 0.2762151 0.3359455 0.283147 0.3585903 0.2723578 0.3617221 0.2676646 0.3383301 0.261192 0.3629556 0.2588512 0.3393901 0.2676646 0.3383301 0.2612483 0.3063503 0.2676646 0.3383301 0.2588512 0.3393901 0.261192 0.3629556 0.25 0.3639231 0.25 0.3400653 0.25 0.3074485 0.2556511 0.3071731 0.2588512 0.3393901 0.25 0.3074485 0.25 0.3400653 0.2411488 0.3393901 0.2387515 0.3063503 0.244349 0.3071731 0.2411488 0.33939 0.238808 0.3629555 0.2276421 0.361722 0.2323353 0.3383301 0.238808 0.3629555 0.2411488 0.3393901 0.25 0.3400653 0.216853 0.3585903 0.2237848 0.3359456 0.2323353 0.3383301 0.2387515 0.3063503 0.2323353 0.3383301 0.2237848 0.3359456 0.216853 0.3585903 0.2061413 0.355203 0.2153465 0.3331913 0.2279311 0.3030985 0.2332616 0.3049874 0.2237848 0.3359456 0.2279311 0.3030985 0.2153465 0.3331913 0.2074238 0.3291895 0.2179497 0.2978206 0.2228111 0.3007015 0.2074238 0.3291895 0.1961686 0.3500273 0.1863216 0.3446166 0.199683 0.3248475 0.1961686 0.3500273 0.2074238 0.3291895 0.2153465 0.3331913 0.1775473 0.3375955 0.1926907 0.3193827 0.199683 0.3248475 0.2179497 0.2978206 0.199683 0.3248475 0.1926907 0.3193827 0.1775473 0.3375955 0.1689419 0.3303691 0.1859428 0.3136208 0.2091853 0.2907238 0.2133936 0.2944836 0.1926907 0.3193827 0.2091853 0.2907238 0.1859428 0.3136208 0.1801475 0.3069041 0.2019684 0.2820879 0.2053652 0.286578 0.1801475 0.3069041 0.1617017 0.321772 0.154667 0.3130075 0.1746497 0.2999454 0.1617017 0.321772 0.1801475 0.3069041 0.1859428 0.3136208 0.1492372 0.303164 0.1702711 0.2922366 0.1746497 0.2999454 0.2019684 0.2820879 0.1746497 0.2999454 0.1702711 0.2922366 0.1492372 0.303164 0.1440414 0.2931981 0.1662314 0.2843509 0.1965678 0.2722557 0.1990271 0.2772976 0.1702711 0.2922366 0.1965678 0.2722557 0.1662314 0.2843509 0.1634346 0.2759483 0.1931814 0.2616214 0.1946137 0.2670125 0.1634346 0.2759482 0.1406283 0.2824845 0.1374686 0.271699 0.1610046 0.2674416 0.1406283 0.2824845 0.1634346 0.2759483 0.1662314 0.2843509 0.1362008 0.2605232 0.1598933 0.2586703 0.1610047 0.2674416 0.1931814 0.2616214 0.1610047 0.2674416 0.1598933 0.2586703 0.1362008 0.2605232 0.1351959 0.2493297 0.1591626 0.2498733 0.191928 0.2506166 0.192284 0.2561372 0.1598933 0.2586703 0.191928 0.2506166 0.1591625 0.2498733 0.1597756 0.2410708 0.1928462 0.2396954 0.1921165 0.2451168 0.1597756 0.2410708 0.1361194 0.2381114 0.1373059 0.2269312 0.1607691 0.2323235 0.1361194 0.2381114 0.1597756 0.2410708 0.1591625 0.2498733 0.1403841 0.2160757 0.1630812 0.2238208 0.1607691 0.2323235 0.1928462 0.2396954 0.1607691 0.2323235 0.1630812 0.2238208 0.1403841 0.2160757 0.1437168 0.2053127 0.1657616 0.2154519 0.1958996 0.2293134 0.1941111 0.2344092 0.1630812 0.2238208 0.1958996 0.2293134 0.1657616 0.2154519 0.1696885 0.2075417 0.2009902 0.219901 0.1981984 0.2244612 0.1696885 0.2075417 0.1488346 0.1951658 0.1541919 0.1851608 0.1739619 0.1998369 0.1488346 0.1951658 0.1696885 0.2075417 0.1657616 0.2154519 0.1611632 0.1759158 0.1793682 0.1927132 0.1739619 0.1998369 0.2009902 0.219901 0.1739619 0.1998369 0.1793682 0.1927132 0.1611632 0.1759158 0.1683548 0.1668523 0.1850931 0.185852 0.2079765 0.211827 0.2042567 0.2156773 0.1793682 0.1927132 0.2079765 0.211827 0.1850931 0.185852 0.1896785 0.1817765 0.2166779 0.2053652 0.2121263 0.2083819 0.1896785 0.1817765 0.1732589 0.1623156 0.1783583 0.1579871 0.1945465 0.1780021 0.1732589 0.1623156 0.1896785 0.1817765 0.1850931 0.185852 0.1848616 0.1560701 0.2003813 0.175809 0.1945465 0.1780021 0.2166779 0.2053652 0.1945465 0.1780021 0.2003813 0.175809 0.1848616 0.1560701 0.191524 0.1543754 0.2064466 0.1739375 0.2268478 0.2006814 0.2215989 0.2027946 0.2003813 0.175809 0.2268478 0.2006814 0.2064466 0.1739375 0.2170184 0.1718279 0.2381231 0.1978535 0.2323756 0.1990332 0.2170184 0.1718279 0.2057853 0.1519282 0.2201532 0.1497085 0.2277446 0.1700475 0.2057853 0.1519282 0.2170184 0.1718279 0.2064466 0.1739375 0.2350577 0.1486954 0.2388449 0.1691632 0.2277446 0.1700475 0.2381231 0.1978535 0.2277446 0.1700475 0.2388449 0.1691632 0.2350577 0.1486954 0.25 0.1479116 0.25 0.1686107 0.2500001 0.1969091 0.2440225 0.1971454 0.2388449 0.1691632 0.2500001 0.1969091 0.25 0.1686107 0.2611551 0.1691632 0.2618771 0.1978536 0.2559774 0.1971454 0.2611551 0.1691632 0.2649424 0.1486954 0.2798469 0.1497085 0.2722555 0.1700475 0.2649424 0.1486954 0.2611551 0.1691632 0.25 0.1686107 0.2942149 0.1519282 0.2829818 0.1718279 0.2722555 0.1700475 0.2618771 0.1978536 0.2722555 0.1700475 0.2829818 0.1718279 0.2942149 0.1519282 0.3084761 0.1543754 0.2935535 0.1739374 0.2731524 0.2006813 0.2676246 0.1990333 0.2829817 0.1718279 0.2731524 0.2006813 0.2935535 0.1739374 0.2996187 0.175809 0.283322 0.2053651 0.2784011 0.2027946 0.2996187 0.175809 0.3151385 0.1560702 0.3216416 0.157987 0.3054534 0.178002 0.3151385 0.1560702 0.2996187 0.175809 0.2935535 0.1739374 0.326741 0.1623156 0.3103214 0.1817764 0.3054534 0.178002 0.283322 0.2053651 0.3054534 0.178002 0.3103214 0.1817764 0.326741 0.1623156 0.3316453 0.1668523 0.314907 0.185852 0.2920236 0.211827 0.2878736 0.2083818 0.3103214 0.1817764 0.2920236 0.211827 0.314907 0.185852 0.3206319 0.1927131 0.2990098 0.2199009 0.2957433 0.2156772 0.3206318 0.1927131 0.3388368 0.1759158 0.3458081 0.1851607 0.326038 0.1998368 0.3388368 0.1759158 0.3206319 0.1927131 0.314907 0.185852 0.3511654 0.1951658 0.3303115 0.2075417 0.326038 0.1998368 0.2990098 0.2199009 0.326038 0.1998368 0.3303115 0.2075417 0.3511654 0.1951658 0.3562832 0.2053128 0.3342384 0.215452 0.3041004 0.2293135 0.3018016 0.2244611 0.3303115 0.2075417 0.3041004 0.2293135 0.3342384 0.215452 0.3369188 0.2238208 0.3071538 0.2396954 0.305889 0.2344092 0.3369188 0.2238208 0.3596159 0.2160757 0.3626942 0.2269312 0.339231 0.2323235 0.3596159 0.2160757 0.3369188 0.2238208 0.3342384 0.215452 0.3638806 0.2381114 0.3402245 0.2410709 0.339231 0.2323235 0.3071538 0.2396954 0.339231 0.2323235 0.3402245 0.2410709 0.3638806 0.2381114 0.3648042 0.2493296 0.3408375 0.2498732 0.3080721 0.2506164 0.3078836 0.2451169 0.3402246 0.2410709 0.3080721 0.2506164 0.3408375 0.2498732 0.3401067 0.2586702 0.3068186 0.2616214 0.307716 0.256137 0.3401067 0.2586702 0.3637992 0.2605231 0.3625313 0.271699 0.3389953 0.2674416 0.3637992 0.2605231 0.3401067 0.2586702 0.3408375 0.2498732 0.3593717 0.2824845 0.3365653 0.2759483 0.3389953 0.2674416 0.3068186 0.2616214 0.3389953 0.2674416 0.3365653 0.2759483 0.3593717 0.2824845 0.3559585 0.2931981 0.3337686 0.284351 0.3034321 0.2722558 0.3053862 0.2670125 0.3365654 0.2759483 0.3034321 0.2722558 0.3337686 0.284351 0.3297289 0.2922366 0.2980318 0.2820879 0.3009728 0.2772976 0.3297289 0.2922366 0.3507629 0.3031639 0.345333 0.3130076 0.3253505 0.2999455 0.3507629 0.3031639 0.3297289 0.2922366 0.3337686 0.284351 0.3382983 0.321772 0.3198525 0.3069042 0.3253505 0.2999455 0.2980318 0.2820879 0.3253505 0.2999455 0.3198525 0.3069042 0.3382983 0.321772 0.3310581 0.3303691 0.3140571 0.3136208 0.2908146 0.2907238 0.2946348 0.2865781 0.3198525 0.3069042 0.2908146 0.2907238 0.3140571 0.3136208 0.3073093 0.3193827 0.2820503 0.2978208 0.2866064 0.2944836 0.3073093 0.3193827 0.3224527 0.3375955 0.3136783 0.3446165 0.3003169 0.3248475 0.3224527 0.3375955 0.3073093 0.3193827 0.3140571 0.3136208 0.3361138 0.3540255 0.3257318 0.3624504 0.3136783 0.3446165 0.3361138 0.3540255 0.3224527 0.3375955 0.3310581 0.3303691 0.3549385 0.3351845 0.3463948 0.345478 0.3310581 0.3303691 0.3795444 0.3550174 0.3690184 0.3677642 0.3463948 0.345478 0.3563144 0.3783205 0.3361138 0.3540255 0.3463948 0.345478 0.3795444 0.3550174 0.3549385 0.3351845 0.3633595 0.3247911 0.3549385 0.3351845 0.3382983 0.321772 0.345333 0.3130076 0.3977962 0.3275981 0.3899508 0.3421718 0.3633595 0.3247911 0.3697378 0.3130216 0.3633595 0.3247911 0.345333 0.3130076 0.3977962 0.3275981 0.3697378 0.3130216 0.3759764 0.3011792 0.3697378 0.3130216 0.3507629 0.3031639 0.3559585 0.2931981 0.4103682 0.2970997 0.405505 0.3129504 0.3759764 0.3011792 0.3799455 0.2883808 0.3759764 0.3011792 0.3559585 0.2931981 0.4103682 0.2970997 0.3799455 0.2883808 0.3837634 0.2755395 0.3799455 0.2883808 0.3593717 0.2824845 0.3625313 0.271699 0.4167773 0.2646663 0.4150832 0.2812025 0.3837634 0.2755395 0.3851726 0.2621946 0.3837634 0.2755395 0.3625313 0.271699 0.4167773 0.2646663 0.3851726 0.2621946 0.3864247 0.2488391 0.3851726 0.2621946 0.3637992 0.2605231 0.3648042 0.2493296 0.4167773 0.2314939 0.4183174 0.2481123 0.3864247 0.2488391 0.3852211 0.2354417 0.3864247 0.2488391 0.3648042 0.2493296 0.4167773 0.2314939 0.3852211 0.2354417 0.3838606 0.2220668 0.3852211 0.2354417 0.3638806 0.2381114 0.3626942 0.2269312 0.4103682 0.1987574 0.4150832 0.2148858 0.3838606 0.2220668 0.3800912 0.2090889 0.3838606 0.2220668 0.3626942 0.2269312 0.4103682 0.1987574 0.3800912 0.2090889 0.37617 0.1961662 0.3800912 0.2090889 0.3596159 0.2160757 0.3562832 0.2053128 0.3977962 0.1674925 0.405505 0.1826642 0.37617 0.1961662 0.369978 0.1840014 0.37617 0.1961662 0.3562832 0.2053128 0.3977962 0.1674925 0.369978 0.1840014 0.3636429 0.1719212 0.369978 0.1840014 0.3511654 0.1951658 0.3458081 0.1851607 0.3795444 0.1383558 0.3899508 0.1523718 0.3636429 0.1719212 0.3552598 0.1607627 0.3636429 0.1719212 0.3458081 0.1851607 0.3795444 0.1383558 0.3552598 0.1607627 0.3467452 0.1497124 0.3552598 0.1607627 0.3388368 0.1759158 0.3316453 0.1668523 0.3634565 0.1187999 0.3691898 0.1245698 0.3467452 0.1497124 0.3415535 0.1447597 0.3467452 0.1497124 0.3316453 0.1668523 0.3634565 0.1187999 0.3415535 0.1447597 0.3362452 0.1399312 0.3415535 0.1447597 0.326741 0.1623156 0.3216416 0.157987 0.3498419 0.1119327 0.3577824 0.1133345 0.3362452 0.1399312 0.3291392 0.1382635 0.3362452 0.1399312 0.3216416 0.157987 0.3498419 0.1119327 0.3291392 0.1382635 0.321938 0.1367282 0.3291392 0.1382635 0.3151385 0.1560702 0.3084761 0.1543754 0.319333 0.1074312 0.3414957 0.1105876 0.321938 0.1367282 0.3043484 0.1339764 0.321938 0.1367282 0.3084761 0.1543754 0.319333 0.1074312 0.3043484 0.1339764 0.2866951 0.1313604 0.3043484 0.1339764 0.2942149 0.1519282 0.2798469 0.1497085 0.2734109 0.1029279 0.2968001 0.1042746 0.2866951 0.1313604 0.2683588 0.1302311 0.2866951 0.1313604 0.2798469 0.1497085 0.2734109 0.1029279 0.2683588 0.1302311 0.25 0.1292386 0.2683588 0.1302311 0.2649424 0.1486954 0.25 0.1479116 0.2265892 0.102928 0.25 0.1016893 0.25 0.1292386 0.2316411 0.1302312 0.25 0.1292386 0.25 0.1479116 0.2265892 0.102928 0.2316411 0.1302312 0.2133049 0.1313604 0.2316411 0.1302312 0.2350577 0.1486954 0.2201532 0.1497085 0.1806672 0.1074312 0.2031999 0.1042747 0.2133049 0.1313604 0.1956517 0.1339764 0.2133049 0.1313604 0.2201532 0.1497085 0.1806672 0.1074312 0.1956517 0.1339764 0.1780621 0.1367282 0.1956517 0.1339764 0.2057853 0.1519282 0.191524 0.1543754 0.1501582 0.1119327 0.1585043 0.1105876 0.1780621 0.1367282 0.170861 0.1382635 0.1780621 0.1367282 0.191524 0.1543754 0.1501582 0.1119327 0.170861 0.1382635 0.1637547 0.1399313 0.170861 0.1382635 0.1848616 0.1560701 0.1783583 0.1579871 0.1365436 0.1187999 0.1422175 0.1133345 0.1637547 0.1399313 0.1584466 0.1447598 0.1637547 0.1399313 0.1783583 0.1579871 0.1365436 0.1187999 0.1584466 0.1447598 0.1532549 0.1497124 0.1584466 0.1447598 0.1732589 0.1623156 0.1683548 0.1668523 0.1204557 0.1383558 0.1308102 0.1245698 0.1532549 0.1497124 0.1447403 0.1607627 0.1532549 0.1497124 0.1683548 0.1668523 0.1204557 0.1383558 0.1447403 0.1607627 0.136357 0.1719212 0.1447403 0.1607627 0.1611632 0.1759158 0.1541919 0.1851608 0.1022039 0.1674925 0.1100492 0.1523718 0.136357 0.1719212 0.1300221 0.1840013 0.136357 0.1719212 0.1541919 0.1851608 0.1022039 0.1674925 0.1300221 0.1840013 0.1238299 0.1961661 0.1300221 0.1840013 0.1488346 0.1951658 0.1437168 0.2053127 0.08963185 0.1987574 0.09449493 0.1826642 0.1238299 0.1961661 0.1199088 0.2090889 0.1238299 0.1961661 0.1437168 0.2053127 0.08963185 0.1987574 0.1199088 0.2090889 0.1161394 0.2220668 0.1199088 0.2090889 0.1403841 0.2160757 0.1373059 0.2269312 0.08322274 0.2314939 0.08491671 0.2148858 0.1161394 0.2220668 0.1147789 0.2354416 0.1161394 0.2220668 0.1373059 0.2269312 0.08322274 0.2314939 0.1147789 0.2354416 0.1135753 0.2488392 0.1147789 0.2354416 0.1361194 0.2381114 0.1351959 0.2493297 0.08322274 0.2646663 0.08168256 0.2481124 0.1135753 0.2488392 0.1148275 0.2621946 0.1135753 0.2488392 0.1351959 0.2493297 0.08322274 0.2646663 0.1148275 0.2621946 0.1162365 0.2755395 0.1148275 0.2621946 0.1362008 0.2605232 0.1374686 0.271699 0.08963191 0.2970998 0.08491671 0.2812024 0.1162365 0.2755395 0.1200545 0.2883808 0.1162365 0.2755395 0.1374686 0.271699 0.08963191 0.2970998 0.1200545 0.2883808 0.1240236 0.3011792 0.1200545 0.2883808 0.1406283 0.2824845 0.1440414 0.2931981 0.1022039 0.3275981 0.09449499 0.3129506 0.1240236 0.3011792 0.1302622 0.3130216 0.1240236 0.3011792 0.1440414 0.2931981 0.1022039 0.3275981 0.1302622 0.3130216 0.1366404 0.324791 0.1302622 0.3130216 0.1492372 0.303164 0.154667 0.3130075 0.1204556 0.3550174 0.1100491 0.3421717 0.1366404 0.324791 0.1450615 0.3351844 0.1366404 0.324791 0.154667 0.3130075 0.1204556 0.3550174 0.1450615 0.3351844 0.1536051 0.3454779 0.1450615 0.3351844 0.1617017 0.321772 0.1689419 0.3303691 0.1436856 0.3783205 0.1309816 0.3677641 0.1536051 0.3454779 0.1638863 0.3540255 0.1536051 0.3454779 0.1689419 0.3303691 0.1436856 0.3783205 0.1638863 0.3540255 0.1742681 0.3624505 0.1638863 0.3540255 0.1775473 0.3375955 0.1863216 0.3446166 0.1710013 0.3966221 0.1564878 0.3887568 0.1742681 0.3624505 0.1860152 0.3688254 0.1742681 0.3624505 0.1863216 0.3446166 0.1710013 0.3966221 0.1860152 0.3688254 0.1978372 0.37506 0.1860152 0.3688254 0.1961686 0.3500273 0.2061413 0.355203 0.2013528 0.4092254 0.1855877 0.4043506 0.1978372 0.37506 0.2105997 0.3790183 0.1978372 0.37506 0.2061413 0.355203 0.2013528 0.4092254 0.2105997 0.3790183 0.2234082 0.3828242 0.2105997 0.3790183 0.216853 0.3585903 0.2276421 0.361722 0.2335739 0.4156495 0.2171629 0.4139516 0.2234082 0.3828242 0.2366964 0.3842142 0.2234082 0.3828242 0.2276421 0.361722 0.2335739 0.4156495 0.2366964 0.3842142 0.25 0.3854457 0.2366964 0.3842142 0.238808 0.3629555 0.25 0.3639231 0.2664262 0.4156496 0.2500001 0.4171931 0.25 0.3854457 0.2633037 0.3842143 0.25 0.3854457 0.25 0.3639231 0.2664262 0.4156496 0.2633037 0.3842143 0.2765917 0.3828243 0.2633037 0.3842143 0.261192 0.3629556 0.2723578 0.3617221 0.2986471 0.4092254 0.2828372 0.4139517 0.2765917 0.3828243 0.2894003 0.3790184 0.2765917 0.3828243 0.2723578 0.3617221 0.2986471 0.4092254 0.2828484 0.4140085 0.2828372 0.4139517 0.2664262 0.4156496 0.2664262 0.4156496 0.2828372 0.4139517 0.2986471 0.4092254 0.2828523 0.4140281 0.2828484 0.4140085 0.2664262 0.4156496 0.2664262 0.4156496 0.2828484 0.4140085 0.2664262 0.4156496 0.25 0.417271 0.25 0.417251 0.2664262 0.4156496 0.25 0.417251 0.2500001 0.4171931 0.2335739 0.4156495 0.2335739 0.4156495 0.25 0.417251 0.2335739 0.4156495 0.2335739 0.4156495 0.2500001 0.4171931 0.2335739 0.4156495 0.2171477 0.414028 0.2171516 0.4140084 0.2335739 0.4156495 0.2171516 0.4140084 0.2171629 0.4139516 0.2013528 0.4092254 0.2013528 0.4092254 0.2171516 0.4140084 0.2013528 0.4092254 0.2013528 0.4092254 0.2171629 0.4139516 0.2013528 0.4092254 0.185558 0.4044226 0.1855656 0.4044041 0.2013528 0.4092254 0.1855656 0.4044041 0.1855877 0.4043506 0.1710013 0.3966221 0.1710013 0.3966221 0.1855656 0.4044041 0.1710013 0.3966221 0.1710013 0.3966221 0.1855877 0.4043506 0.1710013 0.3966221 0.1564447 0.3888216 0.1564557 0.388805 0.1710013 0.3966221 0.1564557 0.388805 0.1564878 0.3887568 0.1436856 0.3783205 0.1436856 0.3783205 0.1564557 0.388805 0.1436856 0.3783205 0.1436856 0.3783205 0.1564878 0.3887568 0.1436856 0.3783205 0.1309266 0.3678194 0.1309407 0.3678052 0.1436856 0.3783205 0.1309407 0.3678052 0.1309816 0.3677641 0.1204556 0.3550174 0.1204556 0.3550174 0.1309407 0.3678052 0.1204556 0.3550174 0.1204556 0.3550174 0.1309816 0.3677641 0.1204556 0.3550174 0.1099846 0.3422152 0.1100011 0.342204 0.1204556 0.3550174 0.1100011 0.342204 0.1100491 0.3421717 0.1022039 0.3275981 0.1022039 0.3275981 0.1100011 0.342204 0.1022039 0.3275981 0.1022039 0.3275981 0.1100491 0.3421717 0.1022039 0.3275981 0.09442329 0.312981 0.09444165 0.3129732 0.1022039 0.3275981 0.09444165 0.3129732 0.09449499 0.3129506 0.08963191 0.2970998 0.08963191 0.2970998 0.09444165 0.3129732 0.08963191 0.2970998 0.08963191 0.2970998 0.09449499 0.3129506 0.08963191 0.2970998 0.08484053 0.2812185 0.08486008 0.2812144 0.08963191 0.2970998 0.08486008 0.2812144 0.08491671 0.2812024 0.08322274 0.2646663 0.08322274 0.2646663 0.08486008 0.2812144 0.08322274 0.2646663 0.08322274 0.2646663 0.08491671 0.2812024 0.08322274 0.2646663 0.08160489 0.248114 0.0816248 0.2481136 0.08322274 0.2646663 0.0816248 0.2481136 0.08168256 0.2481124 0.08322274 0.2314939 0.08322274 0.2314939 0.0816248 0.2481136 0.08322274 0.2314939 0.08322274 0.2314939 0.08168256 0.2481124 0.08322274 0.2314939 0.08484053 0.2148737 0.08486008 0.2148768 0.08322274 0.2314939 0.08486008 0.2148768 0.08491671 0.2148858 0.08963185 0.1987574 0.08963185 0.1987574 0.08486008 0.2148768 0.08963185 0.1987574 0.08963185 0.1987574 0.08491671 0.2148858 0.08963185 0.1987574 0.09442323 0.1826409 0.09444159 0.1826469 0.08963185 0.1987574 0.09444159 0.1826469 0.09449493 0.1826642 0.1022039 0.1674925 0.1022039 0.1674925 0.09444159 0.1826469 0.1022039 0.1674925 0.1022039 0.1674925 0.09449493 0.1826642 0.1022039 0.1674925 0.1099846 0.1523439 0.1100012 0.152351 0.1022039 0.1674925 0.1100012 0.152351 0.1100492 0.1523718 0.1204557 0.1383558 0.1204556 0.1383558 0.1100012 0.152351 0.1204556 0.1383558 0.1204557 0.1383558 0.1100492 0.1523718 0.1204556 0.1383558 0.1309267 0.1243677 0.1308968 0.1244195 0.1204556 0.1383558 0.1308968 0.1244195 0.1308102 0.1245698 0.1365436 0.1187999 0.1365435 0.1187999 0.1308968 0.1244195 0.1365435 0.1187999 0.1365436 0.1187999 0.1308102 0.1245698 0.1365436 0.1187999 0.1421604 0.1132321 0.142175 0.1132584 0.1365435 0.1187999 0.142175 0.1132584 0.1422175 0.1133345 0.1501582 0.1119327 0.1501582 0.1119327 0.142175 0.1132584 0.1501582 0.1119327 0.1501582 0.1119327 0.1422175 0.1133345 0.1501582 0.1119327 0.158156 0.1106333 0.1582453 0.1106216 0.1501582 0.1119327 0.1582453 0.1106216 0.1585043 0.1105876 0.1806672 0.1074312 0.1806672 0.1074312 0.1582453 0.1106216 0.1806672 0.1074312 0.1806672 0.1074312 0.1585043 0.1105876 0.1806672 0.1074312 0.2031784 0.104229 0.2031838 0.1042407 0.1806672 0.1074312 0.2031838 0.1042407 0.2031999 0.1042747 0.2265892 0.102928 0.2265892 0.102928 0.2031838 0.1042407 0.2265892 0.102928 0.2265892 0.102928 0.2031999 0.1042747 0.2265892 0.102928 0.25 0.1016269 0.25 0.1016429 0.2265892 0.102928 0.25 0.1016429 0.25 0.1016893 0.2734109 0.1029279 0.2734109 0.1029279 0.25 0.1016429 0.2734109 0.1029279 0.2734109 0.1029279 0.25 0.1016893 0.2734109 0.1029279 0.2968217 0.104229 0.2968162 0.1042407 0.2734109 0.1029279 0.2968162 0.1042407 0.2968001 0.1042746 0.3193329 0.1074312 0.3193329 0.1074312 0.2968162 0.1042407 0.3193329 0.1074312 0.319333 0.1074312 0.2968001 0.1042746 0.3193329 0.1074312 0.3418441 0.1106333 0.3417548 0.1106216 0.3193329 0.1074312 0.3417548 0.1106216 0.3414957 0.1105876 0.3498419 0.1119327 0.3498419 0.1119327 0.3417548 0.1106216 0.3498419 0.1119327 0.3498419 0.1119327 0.3414957 0.1105876 0.3498419 0.1119327 0.3578396 0.1132321 0.3578249 0.1132584 0.3498419 0.1119327 0.3578249 0.1132584 0.3577824 0.1133345 0.3634565 0.1187999 0.3634565 0.1187999 0.3578249 0.1132584 0.3634565 0.1187999 0.3634565 0.1187999 0.3577824 0.1133345 0.3634565 0.1187999 0.3690733 0.1243677 0.3691031 0.1244195 0.3634565 0.1187999 0.3691031 0.1244195 0.3691898 0.1245698 0.3795444 0.1383558 0.3795444 0.1383558 0.3691031 0.1244195 0.3795444 0.1383558 0.3795444 0.1383558 0.3691898 0.1245698 0.3795444 0.1383558 0.3900154 0.1523439 0.3899988 0.1523511 0.3795444 0.1383558 0.3899988 0.1523511 0.3899508 0.1523718 0.3977962 0.1674925 0.3977962 0.1674925 0.3899988 0.1523511 0.3977962 0.1674925 0.3977962 0.1674925 0.3899508 0.1523718 0.3977962 0.1674925 0.4055768 0.182641 0.4055584 0.1826469 0.3977962 0.1674925 0.4055584 0.1826469 0.405505 0.1826642 0.4103682 0.1987574 0.4103682 0.1987574 0.4055584 0.1826469 0.4103682 0.1987574 0.4103682 0.1987574 0.405505 0.1826642 0.4103682 0.1987574 0.4151594 0.2148737 0.4151398 0.2148768 0.4103682 0.1987574 0.4151398 0.2148768 0.4150832 0.2148858 0.4167773 0.2314939 0.4167773 0.2314939 0.4151398 0.2148768 0.4167773 0.2314939 0.4167773 0.2314939 0.4150832 0.2148858 0.4167773 0.2314939 0.4183951 0.248114 0.4183752 0.2481136 0.4167773 0.2314939 0.4183752 0.2481136 0.4183174 0.2481123 0.4167773 0.2646663 0.4167773 0.2646663 0.4183752 0.2481136 0.4167773 0.2646663 0.4167773 0.2646663 0.4183174 0.2481123 0.4167773 0.2646663 0.4151594 0.2812186 0.4151398 0.2812144 0.4167773 0.2646663 0.4151398 0.2812144 0.4150832 0.2812025 0.4103682 0.2970998 0.4103682 0.2970998 0.4151398 0.2812144 0.4103682 0.2970998 0.4103682 0.2970997 0.4150832 0.2812025 0.4103682 0.2970997 0.4055768 0.3129808 0.4055584 0.312973 0.4103682 0.2970998 0.4055584 0.312973 0.405505 0.3129504 0.3977962 0.3275981 0.3977961 0.3275981 0.4055584 0.312973 0.3977961 0.3275981 0.3977962 0.3275981 0.405505 0.3129504 0.3977961 0.3275981 0.3900154 0.3422154 0.3899988 0.3422042 0.3977961 0.3275981 0.3899988 0.3422042 0.3899508 0.3421718 0.3795444 0.3550174 0.3795444 0.3550174 0.3899988 0.3422042 0.3795444 0.3550174 0.3795444 0.3550174 0.3899508 0.3421718 0.3795444 0.3550174 0.3690733 0.3678194 0.3690592 0.3678053 0.3795444 0.3550174 0.3690592 0.3678053 0.3690184 0.3677642 0.3563144 0.3783205 0.3563144 0.3783205 0.3690592 0.3678053 0.3563144 0.3783205 0.3563144 0.3783205 0.3690184 0.3677642 0.3563144 0.3783205 0.3435552 0.3888215 0.3435441 0.3888048 0.3563144 0.3783205 0.3435441 0.3888048 0.3435121 0.3887566 0.3563144 0.3783205 0.3435121 0.3887566 0.3257318 0.3624504 0.3563144 0.3783205 0.3563144 0.3783205 0.3690733 0.3678194 0.3435552 0.3888215 0.3435552 0.3888215 0.3563144 0.3783205 0.3563143 0.3783205 0.3435643 0.3888351 0.3435552 0.3888215 0.3563143 0.3783205 0.3563144 0.3783205 0.3690733 0.3678194 0.3289986 0.3966221 0.3289986 0.3966221 0.3435552 0.3888215 0.3563143 0.3783205 0.3435552 0.3888215 0.3435643 0.3888351 0.3795444 0.3550174 0.3690849 0.3678311 0.3690733 0.3678194 0.3690733 0.3678194 0.3690733 0.3678194 0.3795444 0.3550174 0.3795444 0.3550174 0.3795444 0.3550175 0.3900154 0.3422154 0.3795444 0.3550175 0.3795444 0.3550174 0.3900154 0.3422154 0.3977961 0.3275981 0.390029 0.3422245 0.3900154 0.3422154 0.3900154 0.3422154 0.3900154 0.3422154 0.3977961 0.3275981 0.3977961 0.3275981 0.3977962 0.3275981 0.4055768 0.3129808 0.3977962 0.3275981 0.3977962 0.3275981 0.4055768 0.3129808 0.4103682 0.2970998 0.4055919 0.3129872 0.4055768 0.3129808 0.4055768 0.3129808 0.4055768 0.3129808 0.4103682 0.2970997 0.4103682 0.2970998 0.4103682 0.2970998 0.4151594 0.2812186 0.4103682 0.2970998 0.4103682 0.2970998 0.4151594 0.2812186 0.4167773 0.2646663 0.4151754 0.281222 0.4151594 0.2812186 0.4151594 0.2812186 0.4151594 0.2812186 0.4167773 0.2646663 0.4167773 0.2646663 0.4167773 0.2646663 0.4183951 0.248114 0.4167773 0.2646663 0.4167773 0.2646663 0.4183951 0.248114 0.4167773 0.2314939 0.4184114 0.2481144 0.4183951 0.248114 0.4183951 0.248114 0.4183951 0.248114 0.4167773 0.2314939 0.4167773 0.2314939 0.4167773 0.2314939 0.4151594 0.2148737 0.4167773 0.2314939 0.4167773 0.2314939 0.4151594 0.2148737 0.4103682 0.1987574 0.4151754 0.2148712 0.4151594 0.2148737 0.4151594 0.2148737 0.4151594 0.2148737 0.4103682 0.1987574 0.4103682 0.1987574 0.4103682 0.1987574 0.4055768 0.182641 0.4103682 0.1987574 0.4103682 0.1987574 0.4055768 0.182641 0.3977962 0.1674925 0.4055919 0.1826361 0.4055768 0.182641 0.4055768 0.182641 0.4055768 0.182641 0.3977962 0.1674925 0.3977962 0.1674925 0.3977962 0.1674925 0.3900154 0.1523439 0.3977962 0.1674925 0.3977962 0.1674925 0.3900154 0.1523439 0.3795444 0.1383558 0.390029 0.1523381 0.3900154 0.1523439 0.3900154 0.1523439 0.3900154 0.1523439 0.3795444 0.1383558 0.3795444 0.1383558 0.3795444 0.1383558 0.3690733 0.1243677 0.3795444 0.1383558 0.3795444 0.1383558 0.3690733 0.1243677 0.3634565 0.1187999 0.3690488 0.1243251 0.3690733 0.1243677 0.3690733 0.1243677 0.3690733 0.1243677 0.3634565 0.1187999 0.3634565 0.1187999 0.3634565 0.1187999 0.3578396 0.1132321 0.3634565 0.1187999 0.3634565 0.1187999 0.3578396 0.1132321 0.3498419 0.1119327 0.3578516 0.1132106 0.3578396 0.1132321 0.3578396 0.1132321 0.3578396 0.1132321 0.3498419 0.1119327 0.3498419 0.1119327 0.3498419 0.1119327 0.3418441 0.1106333 0.3498419 0.1119327 0.3498419 0.1119327 0.3418441 0.1106333 0.3193329 0.1074312 0.3419174 0.1106429 0.3418441 0.1106333 0.3418441 0.1106333 0.3418441 0.1106333 0.3193329 0.1074312 0.3193329 0.1074312 0.3193329 0.1074312 0.2968217 0.104229 0.3193329 0.1074312 0.3193329 0.1074312 0.2968217 0.104229 0.2734109 0.1029279 0.2968263 0.1042194 0.2968217 0.104229 0.2968217 0.104229 0.2968217 0.104229 0.2734109 0.1029279 0.2734109 0.1029279 0.2734109 0.102928 0.25 0.1016269 0.2734109 0.102928 0.2734109 0.1029279 0.25 0.1016269 0.2265892 0.102928 0.25 0.1016137 0.25 0.1016269 0.25 0.1016269 0.25 0.1016269 0.2265892 0.102928 0.2265892 0.102928 0.2265892 0.102928 0.2031784 0.104229 0.2265892 0.102928 0.2265892 0.102928 0.2031783 0.104229 0.1806672 0.1074312 0.2031738 0.1042194 0.2031784 0.104229 0.2031784 0.104229 0.2031784 0.104229 0.1806672 0.1074312 0.1806672 0.1074312 0.1806672 0.1074312 0.158156 0.1106333 0.1806672 0.1074312 0.1806672 0.1074312 0.158156 0.1106333 0.1501582 0.1119327 0.1580826 0.1106429 0.158156 0.1106333 0.158156 0.1106333 0.158156 0.1106333 0.1501582 0.1119327 0.1501582 0.1119327 0.1501582 0.1119327 0.1421604 0.1132321 0.1501582 0.1119327 0.1501582 0.1119327 0.1421604 0.1132321 0.1365436 0.1187999 0.1421483 0.1132106 0.1421604 0.1132321 0.1421604 0.1132321 0.1421604 0.1132321 0.1365436 0.1187999 0.1365436 0.1187999 0.1365436 0.1187999 0.1309267 0.1243677 0.1365436 0.1187999 0.1365436 0.1187999 0.1309267 0.1243677 0.1204557 0.1383558 0.1309512 0.1243252 0.1309267 0.1243677 0.1309267 0.1243677 0.1309267 0.1243677 0.1204556 0.1383558 0.1204557 0.1383558 0.1204557 0.1383558 0.1099846 0.1523439 0.1204557 0.1383558 0.1204557 0.1383558 0.1099846 0.1523439 0.1022039 0.1674925 0.109971 0.152338 0.1099846 0.1523439 0.1099846 0.1523439 0.1099846 0.1523439 0.1022039 0.1674925 0.1022039 0.1674925 0.1022039 0.1674925 0.09442323 0.1826409 0.1022039 0.1674925 0.1022039 0.1674925 0.09442323 0.1826409 0.08963185 0.1987574 0.09440809 0.182636 0.09442323 0.1826409 0.09442323 0.1826409 0.09442323 0.1826409 0.08963185 0.1987574 0.08963185 0.1987574 0.08963191 0.1987574 0.08484053 0.2148737 0.08963191 0.1987574 0.08963185 0.1987574 0.08484053 0.2148737 0.08322274 0.2314939 0.0848245 0.2148712 0.08484053 0.2148737 0.08484053 0.2148737 0.08484053 0.2148737 0.08322274 0.2314939 0.08322274 0.2314939 0.08322274 0.2314939 0.08160489 0.248114 0.08322274 0.2314939 0.08322274 0.2314939 0.08160489 0.248114 0.08322274 0.2646663 0.08158856 0.2481143 0.08160489 0.248114 0.08160489 0.248114 0.08160489 0.248114 0.08322274 0.2646663 0.08322274 0.2646663 0.08322274 0.2646663 0.08484053 0.2812185 0.08322274 0.2646663 0.08322274 0.2646663 0.08484053 0.2812185 0.08963191 0.2970998 0.0848245 0.2812219 0.08484053 0.2812185 0.08484053 0.2812185 0.08484053 0.2812185 0.08963191 0.2970998 0.08963191 0.2970998 0.08963191 0.2970998 0.09442329 0.312981 0.08963191 0.2970998 0.08963191 0.2970998 0.09442329 0.312981 0.1022039 0.3275981 0.09440815 0.3129873 0.09442329 0.312981 0.09442329 0.312981 0.09442329 0.312981 0.1022039 0.3275981 0.1022039 0.3275981 0.1022039 0.3275981 0.1099846 0.3422152 0.1022039 0.3275981 0.1022039 0.3275981 0.1099846 0.3422152 0.1204556 0.3550174 0.109971 0.3422244 0.1099846 0.3422152 0.1099846 0.3422152 0.1099846 0.3422152 0.1204556 0.3550174 0.1204556 0.3550174 0.1204556 0.3550174 0.1309266 0.3678194 0.1204556 0.3550174 0.1204556 0.3550174 0.1309266 0.3678193 0.1436856 0.3783205 0.1309151 0.367831 0.1309266 0.3678194 0.1309266 0.3678194 0.1309266 0.3678194 0.1436856 0.3783205 0.1436856 0.3783205 0.1436856 0.3783205 0.1564446 0.3888216 0.1436856 0.3783205 0.1436856 0.3783205 0.1564446 0.3888216 0.1710013 0.3966221 0.1564356 0.3888352 0.1564447 0.3888216 0.1564447 0.3888216 0.1564447 0.3888216 0.1710013 0.3966221 0.1710013 0.3966221 0.1710013 0.3966221 0.185558 0.4044226 0.1710013 0.3966221 0.1710013 0.3966221 0.185558 0.4044226 0.2013528 0.4092254 0.1855517 0.4044377 0.185558 0.4044226 0.185558 0.4044226 0.185558 0.4044226 0.2013528 0.4092254 0.2013528 0.4092254 0.2013528 0.4092254 0.2171477 0.414028 0.2013528 0.4092254 0.2013528 0.4092254 0.2171477 0.414028 0.2335739 0.4156495 0.2171446 0.4140441 0.2171477 0.414028 0.2171477 0.414028 0.2171477 0.414028 0.2335739 0.4156495 0.2335739 0.4156495 0.2335739 0.4156495 0.25 0.417271 0.2335739 0.4156495 0.2335739 0.4156495 0.25 0.417271 0.2664262 0.4156496 0.2500001 0.4172874 0.25 0.417271 0.25 0.417271 0.25 0.417271 0.2664262 0.4156496 0.2664262 0.4156496 0.2664262 0.4156496 0.2828523 0.4140281 0.2664262 0.4156496 0.2664262 0.4156496 0.2828523 0.4140281 0.2986471 0.4092254 0.2828555 0.4140442 0.2828523 0.4140281 0.2828523 0.4140281 0.2828523 0.4140281 0.2986471 0.4092254 0.2986471 0.4092254 0.2828523 0.4140281 0.2828555 0.4140442 0.2664262 0.4156496 0.2664262 0.4156496 0.2828555 0.4140442 0.2986471 0.4092254 0.2828523 0.4140281 0.2828523 0.4140281 0.2664262 0.4156496 0.2664262 0.4156496 0.2828523 0.4140281 0.2664262 0.4156496 0.25 0.417271 0.25 0.417271 0.2664262 0.4156496 0.25 0.417271 0.2500001 0.4172874 0.2335739 0.4156495 0.2335739 0.4156495 0.25 0.417271 0.2335739 0.4156495 0.2335739 0.4156495 0.2500001 0.4172874 0.2335739 0.4156495 0.2171477 0.414028 0.2171477 0.414028 0.2335739 0.4156495 0.2171477 0.414028 0.2171446 0.4140441 0.2013528 0.4092254 0.2013528 0.4092254 0.2171477 0.414028 0.2013528 0.4092254 0.2013528 0.4092254 0.2171446 0.4140441 0.2013528 0.4092254 0.185558 0.4044226 0.185558 0.4044226 0.2013528 0.4092254 0.185558 0.4044226 0.1855517 0.4044377 0.1710013 0.3966221 0.1710013 0.3966221 0.185558 0.4044226 0.1710013 0.3966221 0.1710013 0.3966221 0.1855517 0.4044377 0.1710013 0.3966221 0.1564446 0.3888216 0.1564447 0.3888216 0.1710013 0.3966221 0.1564447 0.3888216 0.1564356 0.3888352 0.1436856 0.3783205 0.1436856 0.3783205 0.1564447 0.3888216 0.1436856 0.3783205 0.1436856 0.3783205 0.1564356 0.3888352 0.1436856 0.3783205 0.1309266 0.3678194 0.1309266 0.3678194 0.1436856 0.3783205 0.1309266 0.3678194 0.1309151 0.367831 0.1204556 0.3550174 0.1204556 0.3550174 0.1309266 0.3678194 0.1204556 0.3550174 0.1204556 0.3550174 0.1309151 0.367831 0.1204556 0.3550174 0.1099846 0.3422152 0.1099846 0.3422152 0.1204556 0.3550174 0.1099846 0.3422152 0.109971 0.3422244 0.1022039 0.3275982 0.1022039 0.3275981 0.1099846 0.3422152 0.1022039 0.3275981 0.1022039 0.3275981 0.109971 0.3422244 0.1022039 0.3275982 0.09442329 0.312981 0.09442329 0.312981 0.1022039 0.3275981 0.09442329 0.312981 0.09440815 0.3129873 0.08963191 0.2970998 0.08963191 0.2970998 0.09442329 0.312981 0.08963191 0.2970998 0.08963191 0.2970998 0.09440815 0.3129873 0.08963191 0.2970998 0.08484053 0.2812185 0.08484053 0.2812185 0.08963191 0.2970998 0.08484053 0.2812185 0.0848245 0.2812219 0.08322274 0.2646663 0.08322274 0.2646663 0.08484053 0.2812185 0.08322274 0.2646663 0.08322274 0.2646663 0.0848245 0.2812219 0.08322274 0.2646663 0.08160489 0.2481139 0.08160489 0.248114 0.08322274 0.2646663 0.08160489 0.248114 0.08158856 0.2481143 0.08322274 0.2314939 0.08322274 0.2314939 0.08160489 0.248114 0.08322274 0.2314939 0.08322274 0.2314939 0.08158856 0.2481143 0.08322274 0.2314939 0.08484053 0.2148737 0.08484053 0.2148737 0.08322274 0.2314939 0.08484053 0.2148737 0.0848245 0.2148712 0.08963185 0.1987574 0.08963191 0.1987574 0.08484053 0.2148737 0.08963191 0.1987574 0.08963185 0.1987574 0.0848245 0.2148712 0.08963185 0.1987574 0.09442323 0.1826409 0.09442323 0.1826409 0.08963191 0.1987574 0.09442323 0.1826409 0.09440809 0.182636 0.1022039 0.1674925 0.1022039 0.1674925 0.09442323 0.1826409 0.1022039 0.1674925 0.1022039 0.1674925 0.09440809 0.182636 0.1022039 0.1674925 0.1099846 0.1523439 0.1099846 0.1523439 0.1022039 0.1674925 0.1099846 0.1523439 0.109971 0.152338 0.1204557 0.1383558 0.1204557 0.1383558 0.1099846 0.1523439 0.1204557 0.1383558 0.1204557 0.1383558 0.109971 0.152338 0.1204557 0.1383558 0.1309267 0.1243677 0.1309267 0.1243677 0.1204557 0.1383558 0.1309267 0.1243677 0.1309512 0.1243252 0.1365435 0.1187999 0.1365436 0.1187999 0.1309267 0.1243677 0.1365436 0.1187999 0.1365436 0.1187999 0.1309512 0.1243252 0.1365435 0.1187999 0.1421604 0.1132321 0.1421604 0.1132321 0.1365436 0.1187999 0.1421604 0.1132321 0.1421483 0.1132106 0.1501582 0.1119327 0.1501582 0.1119327 0.1421604 0.1132321 0.1501582 0.1119327 0.1501582 0.1119327 0.1421483 0.1132106 0.1501582 0.1119327 0.158156 0.1106333 0.158156 0.1106333 0.1501582 0.1119327 0.158156 0.1106333 0.1580826 0.1106429 0.1806672 0.1074312 0.1806672 0.1074312 0.158156 0.1106333 0.1806672 0.1074312 0.1806672 0.1074312 0.1580826 0.1106429 0.1806672 0.1074312 0.2031784 0.104229 0.2031784 0.104229 0.1806672 0.1074312 0.2031784 0.104229 0.2031738 0.1042194 0.2265892 0.102928 0.2265892 0.102928 0.2031784 0.104229 0.2265892 0.102928 0.2265892 0.102928 0.2031738 0.1042194 0.2265892 0.102928 0.25 0.1016269 0.25 0.1016269 0.2265892 0.102928 0.25 0.1016269 0.25 0.1016137 0.2734109 0.1029279 0.2734109 0.1029279 0.25 0.1016269 0.2734109 0.1029279 0.2734109 0.1029279 0.25 0.1016137 0.2734109 0.1029279 0.2968217 0.104229 0.2968217 0.104229 0.2734109 0.1029279 0.2968217 0.104229 0.2968263 0.1042194 0.3193329 0.1074312 0.3193329 0.1074312 0.2968217 0.104229 0.3193329 0.1074312 0.3193329 0.1074312 0.2968263 0.1042194 0.3193329 0.1074312 0.3418441 0.1106333 0.3418441 0.1106333 0.3193329 0.1074312 0.3418441 0.1106333 0.3419174 0.1106429 0.3498419 0.1119327 0.3498419 0.1119327 0.3418441 0.1106333 0.3498419 0.1119327 0.3498419 0.1119327 0.3419174 0.1106429 0.3498419 0.1119327 0.3578396 0.1132321 0.3578396 0.1132321 0.3498419 0.1119327 0.3578396 0.1132321 0.3578516 0.1132106 0.3634565 0.1187999 0.3634565 0.1187999 0.3578396 0.1132321 0.3634565 0.1187999 0.3634565 0.1187999 0.3578516 0.1132106 0.3634565 0.1187999 0.3690733 0.1243677 0.3690733 0.1243677 0.3634565 0.1187999 0.3690733 0.1243677 0.3690488 0.1243251 0.3795444 0.1383558 0.3795444 0.1383558 0.3690733 0.1243677 0.3795444 0.1383558 0.3795444 0.1383558 0.3690488 0.1243251 0.3795444 0.1383558 0.3900154 0.1523439 0.3900154 0.1523439 0.3795444 0.1383558 0.3900154 0.1523439 0.390029 0.1523381 0.3977962 0.1674925 0.3977962 0.1674925 0.3900154 0.1523439 0.3977962 0.1674925 0.3977962 0.1674925 0.390029 0.1523381 0.3977962 0.1674925 0.4055768 0.182641 0.4055768 0.182641 0.3977962 0.1674925 0.4055768 0.182641 0.4055919 0.1826361 0.4103682 0.1987574 0.4103682 0.1987574 0.4055768 0.182641 0.4103682 0.1987574 0.4103682 0.1987574 0.4055919 0.1826361 0.4103682 0.1987574 0.4151594 0.2148737 0.4151594 0.2148737 0.4103682 0.1987574 0.4151594 0.2148737 0.4151754 0.2148712 0.4167773 0.2314939 0.4167773 0.2314939 0.4151594 0.2148737 0.4167773 0.2314939 0.4167773 0.2314939 0.4151754 0.2148712 0.4167773 0.2314939 0.4183951 0.248114 0.4183951 0.248114 0.4167773 0.2314939 0.4183951 0.248114 0.4184114 0.2481144 0.4167773 0.2646663 0.4167773 0.2646663 0.4183951 0.248114 0.4167773 0.2646663 0.4167773 0.2646663 0.4184114 0.2481144 0.4167773 0.2646663 0.4151594 0.2812186 0.4151594 0.2812186 0.4167773 0.2646663 0.4151594 0.2812186 0.4151754 0.281222 0.4103682 0.2970998 0.4103682 0.2970997 0.4151594 0.2812186 0.4103682 0.2970997 0.4103682 0.2970998 0.4151754 0.281222 0.4103682 0.2970998 0.4055768 0.3129808 0.4055768 0.3129808 0.4103682 0.2970997 0.4055768 0.3129808 0.4055919 0.3129872 0.3977961 0.3275981 0.3977961 0.3275981 0.4055768 0.3129808 0.3977961 0.3275981 0.3977961 0.3275981 0.4055919 0.3129872 0.3977961 0.3275981 0.3900154 0.3422154 0.3900154 0.3422154 0.3977961 0.3275981 0.3900154 0.3422154 0.390029 0.3422245 0.3795444 0.3550174 0.3795444 0.3550174 0.3900154 0.3422154 0.3795444 0.3550174 0.3795444 0.3550174 0.390029 0.3422245 0.3795444 0.3550174 0.3690733 0.3678194 0.3690733 0.3678194 0.3795444 0.3550174 0.3690733 0.3678194 0.3690849 0.3678311 0.3563144 0.3783205 0.3563143 0.3783205 0.3690733 0.3678194 0.3563143 0.3783205 0.3563143 0.3783205 0.3690849 0.3678311 0.3563144 0.3783205 0.3435552 0.3888215 0.3435552 0.3888215 0.3563143 0.3783205 0.3435552 0.3888215 0.3435552 0.3888215 0.3563143 0.3783205 0.3563144 0.3783205 0.3690733 0.3678194 0.3563143 0.3783205 0.3563143 0.3783205 0.3690733 0.3678194 0.3563143 0.3783205 0.3435552 0.3888215 0.3435552 0.3888215 0.3562339 0.3782202 0.3563143 0.3783205 0.3690733 0.3678194 0.3435552 0.3888215 0.3563143 0.3783205 0.3562339 0.3782203 0.343243 0.3883525 0.3562339 0.3782203 0.356211 0.3781917 0.356211 0.3781917 0.3562339 0.3782202 0.368709 0.367453 0.368709 0.367453 0.3794543 0.354943 0.3794286 0.3549217 0.3690733 0.3678194 0.3795444 0.3550174 0.3794543 0.354943 0.3794286 0.3549217 0.3794543 0.354943 0.3895871 0.3419263 0.3794543 0.354943 0.3795444 0.3550174 0.3900154 0.3422154 0.3795444 0.3550174 0.3795444 0.3550174 0.3900153 0.3422154 0.3795444 0.3550174 0.3690733 0.3678194 0.3690733 0.3678194 0.3795444 0.3550174 0.3795444 0.3550174 0.3900154 0.3422154 0.3795443 0.3550174 0.3690733 0.3678194 0.3690733 0.3678194 0.3977961 0.3275981 0.3900154 0.3422154 0.3900154 0.3422154 0.3977961 0.3275981 0.3900154 0.3422154 0.3900154 0.3422154 0.3977961 0.3275981 0.3977961 0.3275981 0.4055768 0.3129808 0.3977961 0.3275981 0.3977961 0.3275981 0.4055768 0.3129808 0.3976933 0.3275424 0.3977961 0.3275981 0.4055768 0.3129808 0.3900154 0.3422154 0.3977961 0.3275981 0.3976933 0.3275424 0.3895871 0.3419263 0.3976933 0.3275424 0.3976641 0.3275265 0.3976641 0.3275265 0.3976933 0.3275424 0.4051008 0.3127796 0.4051008 0.3127796 0.4102451 0.2970623 0.4102101 0.2970516 0.4055768 0.3129808 0.4103682 0.2970997 0.4102451 0.2970623 0.4102101 0.2970516 0.4102451 0.2970623 0.4146081 0.281102 0.4102451 0.2970623 0.4103682 0.2970997 0.4151594 0.2812186 0.4103682 0.2970997 0.4103682 0.2970997 0.4151594 0.2812186 0.4103682 0.2970997 0.4055768 0.3129808 0.4055768 0.3129808 0.4103682 0.2970997 0.4103682 0.2970998 0.4151594 0.2812186 0.4103682 0.2970997 0.4055768 0.3129808 0.4055768 0.3129808 0.4167773 0.2646663 0.4151594 0.2812186 0.4151594 0.2812186 0.4167773 0.2646663 0.4151594 0.2812186 0.4151594 0.2812186 0.4167773 0.2646663 0.4167773 0.2646663 0.4183951 0.248114 0.4167773 0.2646663 0.4167773 0.2646663 0.4183951 0.248114 0.4166381 0.2646503 0.4167773 0.2646663 0.4183951 0.248114 0.4151594 0.2812186 0.4167773 0.2646663 0.4166381 0.2646503 0.4146082 0.281102 0.4166381 0.2646503 0.4165985 0.2646457 0.4165985 0.2646457 0.4166381 0.2646503 0.4178331 0.2481022 0.4178331 0.2481022 0.4166381 0.2315034 0.4165985 0.2315061 0.4183951 0.248114 0.4167773 0.2314939 0.4166381 0.2315034 0.4165985 0.2315061 0.4166381 0.2315034 0.4146082 0.2149613 0.4166381 0.2315034 0.4167773 0.2314939 0.4151594 0.2148737 0.4167773 0.2314939 0.4167773 0.2314939 0.4151594 0.2148737 0.4167773 0.2314939 0.4183951 0.248114 0.4183951 0.248114 0.4167773 0.2314939 0.4167773 0.2314939 0.4151594 0.2148737 0.4167773 0.2314939 0.4183951 0.248114 0.4183951 0.248114 0.4103682 0.1987574 0.4151594 0.2148737 0.4151594 0.2148737 0.4103682 0.1987574 0.4151594 0.2148737 0.4151594 0.2148737 0.4103682 0.1987574 0.4103682 0.1987574 0.4055768 0.182641 0.4103682 0.1987574 0.4103682 0.1987574 0.4055768 0.182641 0.4102343 0.1987894 0.4103682 0.1987574 0.4055768 0.182641 0.4151594 0.2148737 0.4103682 0.1987574 0.4102343 0.1987894 0.4146082 0.2149613 0.4102343 0.1987894 0.4101962 0.1987984 0.4101962 0.1987984 0.4102343 0.1987894 0.4050576 0.1828091 0.4050576 0.1828091 0.3976728 0.1675387 0.3976377 0.1675519 0.4055768 0.182641 0.3977962 0.1674925 0.3976728 0.1675387 0.3976377 0.1675519 0.3976728 0.1675387 0.3895481 0.1525455 0.3976728 0.1675387 0.3977962 0.1674925 0.3900154 0.1523439 0.3977962 0.1674925 0.3977962 0.1674925 0.3900154 0.1523439 0.3977962 0.1674925 0.4055768 0.182641 0.4055768 0.182641 0.3977962 0.1674925 0.3977962 0.1674925 0.3900154 0.1523439 0.3977962 0.1674925 0.4055768 0.182641 0.4055768 0.182641 0.3795444 0.1383558 0.3900154 0.1523439 0.3900154 0.1523439 0.3795444 0.1383558 0.3900154 0.1523439 0.3900154 0.1523439 0.3795444 0.1383558 0.3795444 0.1383558 0.3690733 0.1243677 0.3795444 0.1383558 0.3795444 0.1383558 0.3690733 0.1243677 0.3795914 0.1385639 0.3795444 0.1383558 0.3690733 0.1243677 0.3900154 0.1523439 0.3795444 0.1383558 0.3795914 0.1385638 0.3895481 0.1525455 0.3795914 0.1385638 0.3796047 0.1386231 0.3796047 0.1386231 0.3795914 0.1385639 0.3699165 0.1258302 0.3699164 0.1258302 0.3635188 0.11906 0.3635365 0.1191341 0.3690733 0.1243677 0.3634565 0.1187999 0.3635188 0.11906 0.3635365 0.1191341 0.3635188 0.11906 0.3574605 0.1139118 0.3635188 0.11906 0.3634565 0.1187999 0.3578396 0.1132321 0.3634565 0.1187999 0.3634565 0.1187999 0.3578396 0.1132321 0.3634565 0.1187999 0.3690733 0.1243677 0.3690733 0.1243677 0.3634565 0.1187999 0.3634565 0.1187999 0.3578396 0.1132321 0.3634565 0.1187999 0.3690733 0.1243677 0.3690733 0.1243677 0.3498419 0.1119327 0.3578396 0.1132321 0.3578396 0.1132321 0.3498419 0.1119327 0.3578396 0.1132321 0.3578396 0.1132321 0.3498419 0.1119327 0.3498419 0.1119327 0.3418441 0.1106333 0.3498419 0.1119327 0.3498419 0.1119327 0.3418441 0.1106333 0.3495362 0.1119755 0.3498419 0.1119327 0.3418441 0.1106333 0.3578396 0.1132321 0.3498419 0.1119327 0.3495362 0.1119755 0.3574605 0.1139118 0.3495362 0.1119755 0.3494491 0.1119877 0.3494491 0.1119877 0.3495362 0.1119755 0.3395333 0.1103304 0.3395333 0.1103304 0.319054 0.1074311 0.3189745 0.1074311 0.3418441 0.1106333 0.3193329 0.1074312 0.319054 0.1074311 0.3189745 0.1074311 0.319054 0.1074311 0.2966785 0.1045317 0.319054 0.1074311 0.3193329 0.1074312 0.2968217 0.104229 0.3193329 0.1074312 0.3193329 0.1074312 0.2968217 0.104229 0.3193329 0.1074312 0.3418441 0.1106333 0.3418441 0.1106333 0.3193329 0.1074312 0.3193329 0.1074312 0.2968217 0.104229 0.3193329 0.1074312 0.3418441 0.1106333 0.3418441 0.1106333 0.2734109 0.1029279 0.2968217 0.104229 0.2968217 0.104229 0.2734109 0.1029279 0.2968217 0.104229 0.2968217 0.104229 0.2734109 0.1029279 0.2734109 0.1029279 0.25 0.1016269 0.2734109 0.1029279 0.2734109 0.1029279 0.25 0.1016269 0.2733946 0.1030094 0.2734109 0.1029279 0.25 0.1016269 0.2968217 0.104229 0.2734109 0.1029279 0.2733946 0.1030094 0.2966785 0.1045317 0.2733946 0.1030094 0.2733899 0.1030327 0.2733899 0.1030327 0.2733946 0.1030094 0.25 0.1020412 0.25 0.1020412 0.2266054 0.1030095 0.2266101 0.1030327 0.25 0.1016269 0.2265892 0.102928 0.2266054 0.1030095 0.2266101 0.1030327 0.2266054 0.1030095 0.2033216 0.1045317 0.2266054 0.1030095 0.2265892 0.102928 0.2031784 0.104229 0.2265892 0.102928 0.2265892 0.102928 0.2031784 0.104229 0.2265892 0.102928 0.25 0.1016269 0.25 0.1016269 0.2265892 0.102928 0.2265892 0.102928 0.2031784 0.104229 0.2265892 0.102928 0.25 0.1016269 0.25 0.1016269 0.1806672 0.1074312 0.2031784 0.104229 0.2031784 0.104229 0.1806672 0.1074312 0.2031784 0.104229 0.2031784 0.104229 0.1806672 0.1074312 0.1806672 0.1074312 0.158156 0.1106333 0.1806672 0.1074312 0.1806672 0.1074312 0.158156 0.1106333 0.1806834 0.1074656 0.1806672 0.1074312 0.158156 0.1106333 0.2031784 0.104229 0.1806672 0.1074312 0.1806834 0.1074656 0.2033216 0.1045317 0.1806834 0.1074656 0.1806881 0.1074753 0.1806881 0.1074753 0.1806834 0.1074656 0.158156 0.1106333 0.158156 0.1106333 0.1501582 0.1119327 0.1501582 0.1119327 0.158156 0.1106333 0.1501582 0.1119327 0.1501582 0.1119327 0.1501582 0.1119327 0.1501582 0.1119327 0.1421604 0.1132321 0.1501582 0.1119327 0.1501582 0.1119327 0.1421604 0.1132321 0.1501582 0.1119327 0.1501582 0.1119327 0.1421604 0.1132321 0.1501582 0.1119327 0.158156 0.1106333 0.158156 0.1106333 0.1501582 0.1119327 0.1501582 0.1119327 0.1421604 0.1132321 0.1501582 0.1119327 0.158156 0.1106333 0.158156 0.1106333 0.1365436 0.1187999 0.1421604 0.1132321 0.1421604 0.1132321 0.1365436 0.1187999 0.1421604 0.1132321 0.1421604 0.1132321 0.1365436 0.1187999 0.1365435 0.1187999 0.1309267 0.1243677 0.1365436 0.1187999 0.1365436 0.1187999 0.1309267 0.1243677 0.1364557 0.1189523 0.1365436 0.1187999 0.1309267 0.1243677 0.1421604 0.1132321 0.1365436 0.1187999 0.1364557 0.1189523 0.1421604 0.1132321 0.1364557 0.1189523 0.1364307 0.1189957 0.1364307 0.1189957 0.1364557 0.1189523 0.1301538 0.1257084 0.1301538 0.1257084 0.1204165 0.1385291 0.1204053 0.1385785 0.1309267 0.1243677 0.1204557 0.1383558 0.1204165 0.1385291 0.1204053 0.1385785 0.1204165 0.1385291 0.110413 0.1525287 0.1204165 0.1385291 0.1204557 0.1383558 0.1099846 0.1523439 0.1204557 0.1383558 0.1204557 0.1383558 0.1099846 0.1523439 0.1204557 0.1383558 0.1309267 0.1243677 0.1309267 0.1243677 0.1204557 0.1383558 0.1204557 0.1383558 0.1099846 0.1523439 0.1204557 0.1383558 0.1309267 0.1243677 0.1309267 0.1243677 0.1022039 0.1674925 0.1099846 0.1523439 0.1099846 0.1523439 0.1022039 0.1674925 0.1099846 0.1523439 0.1099846 0.1523439 0.1022039 0.1674925 0.1022039 0.1674925 0.09442323 0.1826409 0.1022039 0.1674925 0.1022039 0.1674925 0.09442317 0.1826409 0.1023067 0.167531 0.1022039 0.1674925 0.09442323 0.1826409 0.1099846 0.1523439 0.1022039 0.1674925 0.1023067 0.167531 0.110413 0.1525287 0.1023067 0.167531 0.1023359 0.1675419 0.1023359 0.1675419 0.1023067 0.167531 0.09489917 0.1827951 0.09489917 0.1827951 0.08975487 0.1987858 0.08978992 0.1987939 0.09442323 0.1826409 0.08963191 0.1987574 0.08975487 0.1987858 0.08978992 0.1987939 0.08975487 0.1987858 0.08539175 0.2149612 0.08975487 0.1987858 0.08963191 0.1987574 0.08484053 0.2148737 0.08963191 0.1987574 0.08963191 0.1987574 0.08484053 0.2148737 0.08963191 0.1987574 0.09442323 0.1826409 0.09442323 0.1826409 0.08963191 0.1987574 0.08963185 0.1987574 0.08484053 0.2148737 0.08963191 0.1987574 0.09442323 0.1826409 0.09442323 0.1826409 0.08322274 0.2314939 0.08484053 0.2148737 0.08484053 0.2148737 0.08322274 0.2314939 0.08484053 0.2148737 0.08484053 0.2148737 0.08322274 0.2314939 0.08322274 0.2314939 0.08160489 0.2481139 0.08322274 0.2314939 0.08322274 0.2314939 0.08160489 0.248114 0.08335018 0.2315036 0.08322274 0.2314939 0.08160489 0.248114 0.08484053 0.2148737 0.08322274 0.2314939 0.08335018 0.2315036 0.08539175 0.2149612 0.08335018 0.2315036 0.08338654 0.2315064 0.08338654 0.2315064 0.08335018 0.2315036 0.08212012 0.2481032 0.08212012 0.2481032 0.08328127 0.2646651 0.08329796 0.2646647 0.08160489 0.248114 0.08322274 0.2646663 0.08328127 0.2646651 0.08329796 0.2646647 0.08328127 0.2646651 0.08484053 0.2812186 0.08328127 0.2646651 0.08322274 0.2646663 0.08484053 0.2812185 0.08322274 0.2646663 0.08322274 0.2646663 0.08484053 0.2812185 0.08322274 0.2646663 0.08160489 0.248114 0.08160489 0.248114 0.08322274 0.2646663 0.08322274 0.2646663 0.08484053 0.2812185 0.08322274 0.2646663 0.08160489 0.248114 0.08160489 0.2481139 0.08963191 0.2970998 0.08484053 0.2812185 0.08484053 0.2812185 0.08963191 0.2970998 0.08484053 0.2812185 0.08484053 0.2812185 0.08963191 0.2970998 0.08963191 0.2970998 0.09442329 0.312981 0.08963191 0.2970998 0.08963191 0.2970998 0.09442329 0.312981 0.08963191 0.2970998 0.08963191 0.2970998 0.09442329 0.312981 0.08484053 0.2812185 0.08963191 0.2970998 0.08963191 0.2970998 0.08484053 0.2812186 0.08963191 0.2970998 0.08963191 0.2970998 0.08963191 0.2970998 0.08963191 0.2970998 0.09442329 0.312981 0.09442329 0.312981 0.1022623 0.3275587 0.102279 0.3275475 0.09442329 0.312981 0.1022039 0.3275981 0.1022623 0.3275587 0.102279 0.3275475 0.1022623 0.3275587 0.1104519 0.3419 0.1022623 0.3275587 0.1022039 0.3275981 0.1099846 0.3422152 0.1022039 0.3275981 0.1022039 0.3275981 0.1099846 0.3422152 0.1022039 0.3275981 0.09442329 0.312981 0.09442329 0.312981 0.1022039 0.3275981 0.1022039 0.3275982 0.1099846 0.3422152 0.1022039 0.3275981 0.09442329 0.312981 0.09442329 0.312981 0.1204556 0.3550174 0.1099846 0.3422152 0.1099846 0.3422152 0.1204556 0.3550174 0.1099846 0.3422152 0.1099846 0.3422152 0.1204556 0.3550174 0.1204556 0.3550174 0.1309266 0.3678194 0.1204556 0.3550174 0.1204556 0.3550174 0.1309266 0.3678194 0.1205637 0.354928 0.1204556 0.3550174 0.1309266 0.3678194 0.1099846 0.3422152 0.1204556 0.3550174 0.1205637 0.354928 0.1104519 0.3419 0.1205637 0.354928 0.1205945 0.3549025 0.1205945 0.3549025 0.1205637 0.354928 0.1313241 0.3674197 0.1313241 0.3674197 0.1437743 0.3782119 0.1437997 0.378181 0.1309266 0.3678194 0.1436856 0.3783205 0.1437743 0.3782119 0.1437997 0.378181 0.1437743 0.3782119 0.1567569 0.3883525 0.1437743 0.3782119 0.1436856 0.3783205 0.1564447 0.3888216 0.1436856 0.3783205 0.1436856 0.3783205 0.1564447 0.3888216 0.1436856 0.3783205 0.1309266 0.3678194 0.1309266 0.3678194 0.1436856 0.3783205 0.1436856 0.3783205 0.1564446 0.3888216 0.1436856 0.3783205 0.1309266 0.3678194 0.1309266 0.3678194 0.1710013 0.3966221 0.1564447 0.3888216 0.1564446 0.3888216 0.1710013 0.3966221 0.1564447 0.3888216 0.1564447 0.3888216 0.1710013 0.3966221 0.1710013 0.3966221 0.185558 0.4044226 0.1710013 0.3966221 0.1710013 0.3966221 0.185558 0.4044226 0.1710404 0.3965635 0.1710013 0.3966221 0.185558 0.4044226 0.1564447 0.3888216 0.1710013 0.3966221 0.1710404 0.3965635 0.1567569 0.3883525 0.1710404 0.3965635 0.1710515 0.3965468 0.1710515 0.3965468 0.1710404 0.3965635 0.185558 0.4044226 0.185558 0.4044226 0.2013528 0.4092254 0.2013528 0.4092254 0.185558 0.4044226 0.2013528 0.4092254 0.2013528 0.4092254 0.2013528 0.4092254 0.2013528 0.4092254 0.2171478 0.414028 0.2013528 0.4092254 0.2013528 0.4092254 0.2171477 0.414028 0.2013528 0.4092254 0.2013528 0.4092254 0.2171477 0.414028 0.2013528 0.4092254 0.185558 0.4044226 0.185558 0.4044226 0.2013528 0.4092254 0.2013528 0.4092254 0.2171477 0.414028 0.2013528 0.4092254 0.185558 0.4044226 0.185558 0.4044226 0.2335739 0.4156495 0.2171477 0.414028 0.2171477 0.414028 0.2335739 0.4156495 0.2171477 0.414028 0.2171477 0.414028 0.2335739 0.4156495 0.2335739 0.4156495 0.25 0.417271 0.2335739 0.4156495 0.2335739 0.4156495 0.25 0.417271 0.2335739 0.4155791 0.2335739 0.4156495 0.25 0.417271 0.2171477 0.414028 0.2335739 0.4156495 0.2335739 0.4155791 0.2171477 0.414028 0.2335739 0.4155791 0.2335739 0.4155591 0.2335739 0.4155591 0.2335739 0.4155791 0.2500001 0.4167077 0.2500001 0.4167077 0.2664148 0.4155216 0.2664115 0.4154852 0.25 0.417271 0.2664262 0.4156496 0.2664148 0.4155216 0.2500001 0.4165472 0.2664115 0.4154852 0.2664086 0.415452 0.2335739 0.4155408 0.2335739 0.4155591 0.2500001 0.4165472 0.2500001 0.4164013 0.2664086 0.415452 0.2664062 0.4154093 0.2335745 0.415507 0.2335739 0.4155408 0.2500001 0.4164013 0.2171478 0.4140279 0.2335739 0.4155591 0.2335739 0.4155408 0.2171478 0.4140279 0.2335739 0.4155408 0.2335745 0.415507 0.2171511 0.4140104 0.2335745 0.415507 0.233575 0.415508 0.233575 0.415508 0.2335745 0.415507 0.25 0.4161823 0.2171486 0.4140235 0.233575 0.415508 0.2335754 0.4155066 0.2335754 0.4155066 0.233575 0.415508 0.25 0.4161881 0.25 0.4161823 0.2664062 0.4154093 0.2664084 0.4154238 0.25 0.4161881 0.2664084 0.4154238 0.2664104 0.4154352 0.2664119 0.4154425 0.2500001 0.4161901 0.2500001 0.4161901 0.2335758 0.4155048 0.2335754 0.4155066 0.2500001 0.4161901 0.2335758 0.4155048 0.2500001 0.41619 0.25 0.4161881 0.2664119 0.4154425 0.2664138 0.4154508 0.25 0.4161881 0.2664119 0.4154425 0.2827435 0.4134795 0.2827641 0.4135835 0.2664119 0.4154425 0.2664105 0.4154352 0.2827275 0.413399 0.2986105 0.4091043 0.2986174 0.4091271 0.2827641 0.4135835 0.2986105 0.4091043 0.2827435 0.4134796 0.2827274 0.413399 0.2827058 0.4132898 0.2985976 0.4090616 0.2986051 0.4090865 0.2664105 0.4154352 0.2664084 0.4154238 0.2827058 0.4132898 0.2986052 0.4090865 0.2985976 0.4090616 0.3141546 0.4037268 0.2986105 0.4091043 0.2986052 0.4090865 0.3141971 0.4038298 0.3141546 0.4037268 0.3288882 0.3964242 0.3288928 0.3964349 0.3288957 0.3964418 0.3142284 0.4039056 0.3141971 0.4038298 0.2986105 0.4091043 0.3142284 0.4039056 0.3142688 0.4040036 0.3288957 0.3964418 0.3288987 0.3964496 0.3142688 0.4040036 0.3288957 0.3964418 0.3429561 0.3879214 0.3429549 0.3879197 0.3288957 0.3964418 0.3288928 0.3964349 0.3429561 0.3879214 0.3561877 0.3781559 0.3561938 0.3781617 0.3429549 0.3879197 0.3429561 0.3879214 0.3429561 0.3879214 0.3561824 0.3781507 0.3429549 0.3879196 0.3561743 0.3781422 0.3561824 0.3781507 0.3288928 0.3964349 0.3288882 0.3964242 0.3429549 0.3879196 0.3561824 0.3781507 0.3561743 0.3781422 0.3685423 0.3672853 0.3561877 0.3781559 0.3561824 0.3781507 0.3686209 0.3673644 0.3685423 0.3672853 0.3794125 0.3549084 0.3794325 0.3549249 0.3794468 0.3549368 0.3686788 0.3674226 0.3686208 0.3673644 0.3561877 0.3781559 0.3686788 0.3674226 0.3687536 0.3674978 0.3794468 0.3549368 0.3794652 0.3549519 0.3687536 0.3674978 0.3794468 0.3549368 0.3895514 0.3419023 0.3896394 0.3419617 0.3794468 0.3549368 0.3794325 0.3549249 0.3894833 0.3418564 0.3976848 0.3275378 0.3977057 0.3275491 0.3896394 0.3419617 0.3976848 0.3275378 0.3895514 0.3419023 0.3894833 0.3418564 0.389391 0.3417941 0.3976457 0.3275166 0.3976685 0.327529 0.3794325 0.3549249 0.3794125 0.3549084 0.389391 0.3417941 0.3976685 0.327529 0.3976457 0.3275166 0.4048829 0.3126875 0.3976848 0.3275378 0.3976685 0.327529 0.4049856 0.3127309 0.4048829 0.3126875 0.4101505 0.2970359 0.4101614 0.2970402 0.4101682 0.2970432 0.4050613 0.3127629 0.4049856 0.3127309 0.3976848 0.3275378 0.4050613 0.3127629 0.4051589 0.3128042 0.4101682 0.2970432 0.4101759 0.2970467 0.4051589 0.3128042 0.4101682 0.2970432 0.4141016 0.2809949 0.4140995 0.2809945 0.4101682 0.2970432 0.4101614 0.2970403 0.4141016 0.2809948 0.4165102 0.2646355 0.416508 0.2646353 0.4140995 0.2809945 0.4141016 0.2809949 0.4141016 0.2809949 0.4165102 0.2646355 0.4101614 0.2970403 0.4101505 0.2970359 0.4140995 0.2809945 0.416508 0.2646353 0.4165102 0.2646355 0.4141016 0.2809949 0.4165102 0.2646355 0.416508 0.2646353 0.4173144 0.2480913 0.4173166 0.2480914 0.4165102 0.2646355 0.4165102 0.2646355 0.4173144 0.2480913 0.4165081 0.2315122 0.4165102 0.2315121 0.4173166 0.2480914 0.4173166 0.2480914 0.4165102 0.2315121 0.4165102 0.2646355 0.4173166 0.2480914 0.4173144 0.2480913 0.4165102 0.231512 0.4165081 0.2315122 0.4173144 0.2480913 0.4165102 0.231512 0.4141016 0.2150417 0.4140995 0.2150421 0.4141016 0.2150417 0.4165102 0.231512 0.4165102 0.2315121 0.4101113 0.1988187 0.4101092 0.1988192 0.4140995 0.2150421 0.4141016 0.2150417 0.4141016 0.2150417 0.4101113 0.1988187 0.4140995 0.215042 0.4101092 0.1988192 0.4101113 0.1988187 0.4165102 0.2315121 0.4165081 0.2315122 0.4140995 0.215042 0.4045804 0.1829636 0.4101113 0.1988187 0.4101092 0.1988192 0.4101113 0.1988187 0.4101113 0.1988187 0.4045804 0.1829636 0.4045783 0.1829643 0.3975576 0.1675819 0.3975595 0.1675812 0.4045804 0.1829636 0.4045804 0.1829636 0.3975595 0.1675812 0.4101113 0.1988187 0.4045804 0.1829636 0.4045783 0.1829643 0.3975595 0.1675812 0.3975576 0.1675819 0.4045783 0.1829643 0.3975595 0.1675812 0.3891186 0.1527308 0.3891172 0.152732 0.3891186 0.1527308 0.3975595 0.1675812 0.3975595 0.1675812 0.3796345 0.138755 0.3796352 0.1387583 0.3891172 0.152732 0.3891186 0.1527308 0.3891186 0.1527308 0.3796345 0.138755 0.3891172 0.152732 0.3796353 0.1387583 0.3796345 0.138755 0.3891186 0.1527308 0.3975595 0.1675812 0.3975576 0.1675819 0.3796345 0.138755 0.3796353 0.1387583 0.3706939 0.1271795 0.3706914 0.1271744 0.3796345 0.138755 0.3796345 0.138755 0.3706939 0.1271795 0.3635933 0.1192739 0.3635994 0.1192572 0.3636049 0.1192473 0.3706914 0.1271744 0.3706914 0.1271744 0.3796345 0.138755 0.3706914 0.1271744 0.3706939 0.1271794 0.3636049 0.1192473 0.3636135 0.1192377 0.3706939 0.1271794 0.3636049 0.1192473 0.357429 0.1139683 0.3575069 0.1138288 0.3636049 0.1192473 0.3635994 0.1192572 0.3573687 0.1140763 0.3495108 0.1119791 0.349573 0.1119704 0.3575069 0.1138288 0.3495108 0.1119791 0.357429 0.1139683 0.3573687 0.1140763 0.3572869 0.1142229 0.3493942 0.1119954 0.3494622 0.1119859 0.3635994 0.1192572 0.3635933 0.1192739 0.3572869 0.1142229 0.3494622 0.1119859 0.3493942 0.1119954 0.3384766 0.1101921 0.3495108 0.1119791 0.3494622 0.1119859 0.3389737 0.110257 0.3384766 0.1101921 0.3189244 0.1074311 0.3189865 0.1074311 0.3190308 0.1074311 0.3393411 0.1103051 0.3389737 0.110257 0.3495108 0.1119791 0.3393411 0.1103051 0.3398165 0.1103676 0.3190308 0.1074311 0.3190876 0.1074311 0.3398165 0.1103676 0.3190308 0.1074311 0.2966666 0.1045569 0.2966957 0.1044946 0.3190308 0.1074311 0.3189865 0.1074311 0.2966438 0.104605 0.2733932 0.1030162 0.2733966 0.1029996 0.2966957 0.1044946 0.2733932 0.1030162 0.2966666 0.1045569 0.2966438 0.104605 0.2966125 0.1046701 0.273387 0.1030473 0.2733907 0.1030291 0.3189865 0.1074311 0.3189244 0.1074311 0.2966125 0.1046701 0.2733907 0.1030291 0.273387 0.1030473 0.25 0.1022307 0.2733932 0.1030162 0.2733907 0.1030291 0.25 0.1021415 0.25 0.1022307 0.226613 0.1030473 0.2266094 0.1030292 0.2266068 0.1030162 0.25 0.1020756 0.25 0.1021415 0.2733932 0.1030162 0.25 0.1020756 0.25 0.1019905 0.2266068 0.1030162 0.2266035 0.1029996 0.25 0.1019905 0.2266068 0.1030162 0.2033335 0.1045569 0.2033041 0.1044947 0.2266068 0.1030162 0.2266094 0.1030292 0.2033563 0.104605 0.1807314 0.1074684 0.1807398 0.1074614 0.2033041 0.1044947 0.1807314 0.1074684 0.2033335 0.1045569 0.2033563 0.104605 0.2033871 0.1046702 0.180717 0.1074815 0.1807252 0.1074739 0.2266094 0.1030292 0.226613 0.1030473 0.2033871 0.1046702 0.1807252 0.1074739 0.180717 0.1074815 0.1581758 0.1106308 0.1807314 0.1074684 0.1807252 0.1074739 0.158156 0.1106333 0.1581758 0.1106308 0.1501582 0.1119327 0.1501582 0.1119327 0.1501582 0.1119327 0.158156 0.1106333 0.158156 0.1106333 0.1807314 0.1074684 0.158156 0.1106333 0.1581757 0.1106307 0.1501582 0.1119327 0.1501582 0.1119327 0.1581757 0.1106307 0.1501582 0.1119327 0.1421604 0.1132321 0.1421635 0.1132382 0.1501582 0.1119327 0.1501582 0.1119327 0.1421604 0.1132321 0.1364409 0.1190033 0.136457 0.118982 0.1421635 0.1132382 0.1364409 0.1190033 0.1421604 0.1132321 0.1421604 0.1132321 0.1421635 0.1132383 0.1364107 0.1190445 0.1364284 0.1190202 0.1501582 0.1119327 0.1501582 0.1119327 0.1421635 0.1132383 0.1364284 0.1190202 0.1364107 0.1190445 0.1298005 0.1263214 0.1300895 0.1258199 0.1364409 0.1190033 0.1364284 0.1190202 0.1298005 0.1263214 0.1203983 0.1386097 0.1204071 0.1385712 0.1204133 0.1385436 0.1300895 0.1258199 0.1299667 0.126033 0.1364409 0.1190033 0.1300895 0.1258199 0.1302486 0.1255441 0.1204133 0.1385436 0.1204212 0.1385083 0.1302486 0.1255441 0.1204133 0.1385436 0.1104486 0.152544 0.1103604 0.1525062 0.1204133 0.1385436 0.1204071 0.1385712 0.1105167 0.1525734 0.1104485 0.152544 0.1023152 0.1675342 0.1022943 0.1675263 0.1104485 0.152544 0.1105167 0.1525734 0.1023316 0.1675403 0.1204071 0.1385712 0.1203983 0.1386097 0.1106088 0.1526135 0.1106088 0.1526135 0.1023544 0.1675488 0.1023316 0.1675403 0.1023315 0.1675403 0.1023544 0.1675488 0.09511709 0.1828656 0.1023152 0.1675342 0.1023315 0.1675403 0.09501439 0.1828324 0.09511709 0.1828656 0.08984947 0.1988058 0.08983862 0.1988025 0.08983176 0.1988002 0.09493875 0.1828079 0.09501439 0.1828324 0.1023152 0.1675342 0.09493875 0.1828079 0.09484106 0.1827762 0.08983176 0.1988002 0.08982408 0.1987976 0.09484106 0.1827762 0.08983176 0.1988002 0.08589839 0.2150416 0.08590036 0.2150419 0.08983176 0.1988002 0.08983862 0.1988025 0.08589839 0.2150416 0.0834282 0.2315133 0.08341979 0.2315137 0.08590036 0.2150419 0.0834282 0.2315133 0.08589839 0.2150416 0.08589839 0.2150416 0.08590042 0.215042 0.08344727 0.2315131 0.08343559 0.2315132 0.08983862 0.1988025 0.08984947 0.1988058 0.08590042 0.215042 0.08343559 0.2315132 0.08344727 0.2315131 0.08235585 0.2480983 0.08342814 0.2315133 0.08343559 0.2315132 0.08224481 0.2481006 0.08235585 0.2480983 0.08330851 0.2646645 0.08329546 0.2646648 0.08328616 0.264665 0.08216291 0.2481023 0.08224481 0.2481006 0.08342814 0.2315133 0.08216291 0.2481023 0.08205711 0.2481045 0.08328616 0.264665 0.08327424 0.2646653 0.08205711 0.2481045 0.08328616 0.264665 0.08484053 0.2812186 0.08484494 0.2812177 0.08328616 0.264665 0.08329546 0.2646648 0.08484053 0.2812186 0.08963191 0.2970998 0.08963191 0.2970998 0.08484494 0.2812177 0.08963191 0.2970998 0.08484053 0.2812186 0.08484053 0.2812186 0.084845 0.2812176 0.08963191 0.2970998 0.08963191 0.2970998 0.08329546 0.2646648 0.08330851 0.2646645 0.084845 0.2812176 0.08963191 0.2970998 0.08963191 0.2970998 0.09442752 0.3129791 0.08963191 0.2970998 0.08963191 0.2970998 0.09442329 0.312981 0.09442752 0.3129791 0.102322 0.3275198 0.1023234 0.3275194 0.1023251 0.3275187 0.09442329 0.312981 0.09442329 0.312981 0.08963191 0.2970998 0.09442329 0.312981 0.09442746 0.3129792 0.1023251 0.3275187 0.1023283 0.3275171 0.09442746 0.3129792 0.1023251 0.3275187 0.1108814 0.3416103 0.110883 0.3416091 0.1108814 0.3416103 0.1023251 0.3275187 0.1023234 0.3275194 0.1206631 0.3548458 0.1206647 0.3548445 0.110883 0.3416091 0.1108814 0.3416103 0.1108814 0.3416103 0.1206631 0.3548458 0.110883 0.3416091 0.1206647 0.3548445 0.1206631 0.3548458 0.1023234 0.3275194 0.102322 0.3275198 0.110883 0.3416091 0.1206631 0.3548458 0.1206647 0.3548445 0.1316909 0.3670508 0.1316893 0.3670524 0.1206631 0.3548458 0.1206631 0.3548458 0.1438573 0.3781104 0.1438559 0.3781121 0.1316893 0.3670524 0.1316893 0.3670524 0.1316893 0.3670524 0.1438559 0.3781121 0.1206631 0.3548458 0.1316893 0.3670524 0.1316909 0.3670509 0.1438559 0.3781121 0.1438573 0.3781104 0.1316909 0.3670509 0.1438559 0.3781121 0.1570439 0.3879214 0.157045 0.3879197 0.1570439 0.3879214 0.1438559 0.3781121 0.1438559 0.3781121 0.1710799 0.3965005 0.1710816 0.3964973 0.157045 0.3879197 0.1710799 0.3965005 0.1570439 0.3879215 0.1570439 0.3879214 0.157045 0.3879197 0.1710789 0.3965037 0.1710793 0.3965023 0.1438559 0.3781121 0.1438573 0.3781104 0.157045 0.3879197 0.1710792 0.3965023 0.1710789 0.3965037 0.1855598 0.4044184 0.1710799 0.3965005 0.1710792 0.3965023 0.185558 0.4044226 0.1855598 0.4044184 0.2013528 0.4092254 0.2013528 0.4092254 0.2013528 0.4092254 0.185558 0.4044227 0.185558 0.4044226 0.1710799 0.3965005 0.185558 0.4044226 0.1855598 0.4044184 0.2013528 0.4092254 0.2013529 0.4092254 0.1855598 0.4044184 0.2013528 0.4092253 0.2171478 0.4140281 0.2171486 0.4140235 0.2013528 0.4092253 0.2013528 0.4092254 0.2171478 0.4140281 0.2335758 0.4155048 0.2335763 0.4155013 0.2171486 0.4140235 0.2335758 0.4155048 0.2171478 0.414028 0.2171478 0.414028 0.2013528 0.4092254 0.2013528 0.4092254 0.2171486 0.4140235 0.2335763 0.4155013 0.2335767 0.4154959 0.2171511 0.4140104 0.2013529 0.4092254 0.2171486 0.4140235 0.2171511 0.4140104 0.2335767 0.4154959 0.2335783 0.4154913 0.2171484 0.4140245 0.2013529 0.4092254 0.2171511 0.4140104 0.2171484 0.4140245 0.2013529 0.4092254 0.2013529 0.4092254 0.1855649 0.4044061 0.2013529 0.4092254 0.2013529 0.4092254 0.1855594 0.4044193 0.2013529 0.4092254 0.2013529 0.4092254 0.1855694 0.4043956 0.2013529 0.4092254 0.2171484 0.4140245 0.2171533 0.4139992 0.2013529 0.4092254 0.2007861 0.4090531 0.1861247 0.404595 0.2013529 0.4092254 0.2171533 0.4139992 0.2165811 0.4138557 0.2335783 0.4154913 0.2335786 0.4154837 0.2171533 0.4139992 0.2335786 0.4154837 0.2329896 0.4154357 0.217738 0.4140766 0.217738 0.4140766 0.2329896 0.4154357 0.2335783 0.4154923 0.2165811 0.4138557 0.2171478 0.4140281 0.2013529 0.4092254 0.2335783 0.4154923 0.2335783 0.4154923 0.2171477 0.414028 0.2013529 0.4092254 0.2171478 0.4140281 0.2171478 0.4140281 0.2013529 0.4092254 0.2013529 0.4092254 0.185558 0.4044227 0.1710848 0.3964887 0.185558 0.4044226 0.185558 0.4044226 0.1861247 0.404595 0.2007861 0.4090531 0.2013529 0.4092254 0.1850402 0.4041342 0.185558 0.4044226 0.1710848 0.3964887 0.1710893 0.3964813 0.1855694 0.4043956 0.1850402 0.4041342 0.1710893 0.3964813 0.1705827 0.3961775 0.1575493 0.3882251 0.1575493 0.3882251 0.1705827 0.3961775 0.1710848 0.3964887 0.1438644 0.3781017 0.1570514 0.3879101 0.1565707 0.3875694 0.1565707 0.3875694 0.1570439 0.3879214 0.1438559 0.3781121 0.1710848 0.3964887 0.1710848 0.3964887 0.1570439 0.3879214 0.1438559 0.3781121 0.1570439 0.3879214 0.1570439 0.3879214 0.1438559 0.3781121 0.1438559 0.3781121 0.1316893 0.3670524 0.1206631 0.3548458 0.1316893 0.3670524 0.1316893 0.3670524 0.1321259 0.3674492 0.1434193 0.3777154 0.1438559 0.3781121 0.1312937 0.3666144 0.1316893 0.3670524 0.1206631 0.3548458 0.1206735 0.3548374 0.1316989 0.3670428 0.1312937 0.3666144 0.1438644 0.3781017 0.1434193 0.3777154 0.1321259 0.3674492 0.1206735 0.3548374 0.1203121 0.354371 0.1112323 0.3420852 0.1112323 0.3420852 0.1203121 0.354371 0.1206631 0.3548458 0.1023441 0.3275092 0.1108926 0.3416027 0.1105785 0.3411028 0.1105785 0.3411028 0.1108814 0.3416103 0.1023368 0.3275138 0.1206631 0.3548458 0.1206631 0.3548458 0.1108814 0.3416103 0.1023368 0.3275138 0.1108814 0.3416103 0.1108814 0.3416103 0.1023368 0.3275138 0.1023368 0.3275138 0.09442329 0.312981 0.08963191 0.2970998 0.09442329 0.312981 0.09442329 0.312981 0.09471094 0.3135009 0.1020566 0.3269908 0.1023368 0.3275138 0.09425133 0.3124112 0.09442329 0.312981 0.08963191 0.2970998 0.08963191 0.2970998 0.09445023 0.3129694 0.09425133 0.3124112 0.1023441 0.3275092 0.1020566 0.3269908 0.09471094 0.3135009 0.08963191 0.2970998 0.08946001 0.29653 0.08501249 0.2817884 0.08501249 0.2817884 0.08946001 0.29653 0.08963191 0.2970998 0.08317124 0.2646674 0.08486253 0.2812131 0.08476245 0.2806251 0.08476245 0.2806251 0.08484053 0.2812186 0.08322274 0.2646663 0.08963191 0.2970998 0.08963191 0.2970998 0.08484053 0.2812186 0.08322274 0.2646663 0.08484053 0.2812186 0.08484053 0.2812186 0.08322274 0.2646663 0.08322274 0.2646663 0.08160489 0.248114 0.08337742 0.2315144 0.08160489 0.2481139 0.08160489 0.248114 0.08146357 0.2487121 0.08296805 0.2640765 0.08322274 0.2646663 0.08147311 0.2475224 0.08160489 0.2481139 0.08337742 0.2315144 0.08333438 0.2315165 0.08152705 0.2481158 0.08147311 0.2475224 0.08317124 0.2646674 0.08296805 0.2640765 0.08146357 0.2487121 0.08333438 0.2315165 0.08345156 0.2309237 0.08579188 0.215633 0.08579188 0.215633 0.08345156 0.2309237 0.08337742 0.2315144 0.08974564 0.1987712 0.08590275 0.2150424 0.08602303 0.2144535 0.08602303 0.2144535 0.08589839 0.2150416 0.08978486 0.1987851 0.08337742 0.2315144 0.08337742 0.2315144 0.08589839 0.2150416 0.08978486 0.1987851 0.08589839 0.2150416 0.08589839 0.2150416 0.08978486 0.1987851 0.08978486 0.1987851 0.09442323 0.1826409 0.1022039 0.1674925 0.09442317 0.1826409 0.09442323 0.1826409 0.09407627 0.1831617 0.08977335 0.1981483 0.08978486 0.1987851 0.09450143 0.1820306 0.09442317 0.1826409 0.1022039 0.1674925 0.1021135 0.1674586 0.09434753 0.1826158 0.09450143 0.1820306 0.08974564 0.1987712 0.08977335 0.1981483 0.09407627 0.1831617 0.1021135 0.1674586 0.1023007 0.1668723 0.1095211 0.1528099 0.1095211 0.1528099 0.1023007 0.1668723 0.1022039 0.1674925 0.1204901 0.1382033 0.1099206 0.1523019 0.1102246 0.1517184 0.1102246 0.1517184 0.1099846 0.1523439 0.1204557 0.1383558 0.1204557 0.1383558 0.1099846 0.1523439 0.1099846 0.1523439 0.1022039 0.1674925 0.1022039 0.1674925 0.1099846 0.1523439 0.1204556 0.1383558 0.1204557 0.1383558 0.1309267 0.1243677 0.1365264 0.118888 0.1309267 0.1243677 0.1309267 0.1243677 0.1308335 0.1243435 0.1211094 0.1373348 0.1204556 0.1383558 0.1314237 0.1236678 0.1309267 0.1243677 0.1365264 0.118888 0.1366022 0.1187613 0.1310422 0.124162 0.1314237 0.1236678 0.1204901 0.1382033 0.1211094 0.1373348 0.1308335 0.1243435 0.1366022 0.1187613 0.136756 0.118648 0.1419852 0.1133986 0.1419852 0.1133986 0.136756 0.118648 0.1365264 0.118888 0.1501582 0.1119327 0.1421864 0.1132602 0.1424474 0.1131855 0.1424474 0.1131855 0.1421604 0.1132321 0.1501582 0.1119327 0.1365264 0.118888 0.1365264 0.118888 0.1421604 0.1132321 0.1501582 0.1119327 0.1421604 0.1132321 0.1421604 0.1132321 0.1501582 0.1119327 0.1501582 0.1119327 0.158156 0.1106333 0.1807742 0.1074311 0.158156 0.1106333 0.158156 0.1106333 0.157869 0.1106799 0.1504452 0.1118861 0.1501582 0.1119327 0.158981 0.1105066 0.158156 0.1106333 0.1807742 0.1074311 0.1807687 0.1074009 0.1582813 0.1106147 0.158981 0.1105066 0.1501582 0.1119327 0.1504452 0.1118861 0.157869 0.1106799 0.1807687 0.1074009 0.1815428 0.1072007 0.2023381 0.1042268 0.2023381 0.1042268 0.1815428 0.1072007 0.1807742 0.1074311 0.2265748 0.1028563 0.2031613 0.1041783 0.2039629 0.1040491 0.2039629 0.1040491 0.2031783 0.104229 0.2265892 0.102928 0.1807742 0.1074311 0.1807742 0.1074311 0.2031784 0.104229 0.2265892 0.102928 0.2031783 0.104229 0.2031784 0.104229 0.2265892 0.102928 0.2265892 0.102928 0.25 0.1016269 0.2734109 0.1029279 0.25 0.1016269 0.25 0.1016269 0.2491544 0.1015014 0.2274234 0.1027112 0.2265892 0.102928 0.2508456 0.1015014 0.25 0.1016269 0.2734109 0.1029279 0.2734252 0.1028563 0.25 0.1015571 0.2508456 0.1015014 0.2265748 0.1028563 0.2274234 0.1027112 0.2491544 0.1015014 0.2734252 0.1028563 0.2743055 0.1028427 0.2960371 0.104049 0.2960371 0.104049 0.2743055 0.1028427 0.2734109 0.1029279 0.3195783 0.1074312 0.2968645 0.104181 0.2977747 0.1042386 0.2977747 0.1042386 0.2968217 0.104229 0.3193329 0.1074312 0.2734109 0.1029279 0.2734109 0.1029279 0.2968217 0.104229 0.3193329 0.1074312 0.2968217 0.104229 0.2968217 0.104229 0.319333 0.1074312 0.3193329 0.1074312 0.3418441 0.1106333 0.3498419 0.1119327 0.341844 0.1106333 0.3418441 0.1106333 0.3419364 0.1106238 0.3210285 0.1076498 0.319333 0.1074312 0.3430402 0.1107707 0.341844 0.1106333 0.3498419 0.1119327 0.3501108 0.111895 0.342208 0.1106716 0.3430402 0.1107707 0.3195783 0.1074312 0.3210285 0.1076498 0.3419364 0.1106238 0.3501108 0.111895 0.3503651 0.1117319 0.3577892 0.1129342 0.3577892 0.1129342 0.3503651 0.1117319 0.3498419 0.1119327 0.3636888 0.1191325 0.3579199 0.1131336 0.3581916 0.1131878 0.3581916 0.1131878 0.3578396 0.1132321 0.3636422 0.1191804 0.3498419 0.1119327 0.3498419 0.1119327 0.3578396 0.1132321 0.3636422 0.1191804 0.3578396 0.1132321 0.3578396 0.1132321 0.3636422 0.1191804 0.3636422 0.1191804 0.3706914 0.1271744 0.3796345 0.138755 0.3706914 0.1271744 0.3706914 0.1271744 0.3704503 0.1268665 0.3639071 0.1194457 0.3636422 0.1191804 0.3710123 0.12759 0.3706914 0.1271744 0.3796345 0.138755 0.379639 0.1387751 0.3707099 0.1271996 0.3710123 0.12759 0.3636888 0.1191325 0.3639071 0.1194457 0.3704503 0.1268665 0.379639 0.1387751 0.3799748 0.1392565 0.3887783 0.1522293 0.3887783 0.1522293 0.3799748 0.1392565 0.3796345 0.138755 0.3975476 0.1675856 0.3891099 0.152738 0.3894215 0.1532636 0.3894215 0.1532636 0.3891186 0.1527308 0.3975595 0.1675812 0.3796345 0.138755 0.3796345 0.138755 0.3891186 0.1527308 0.3975595 0.1675812 0.3891186 0.1527308 0.3891186 0.1527308 0.3975595 0.1675812 0.3975595 0.1675812 0.4045804 0.1829636 0.4101113 0.1988187 0.4045804 0.1829636 0.4045804 0.1829636 0.4043284 0.1824117 0.3978114 0.1681331 0.3975595 0.1675812 0.4047788 0.1835325 0.4045804 0.1829636 0.4101113 0.1988187 0.4100984 0.1988217 0.4045679 0.1829676 0.4047788 0.1835325 0.3975476 0.1675856 0.3978114 0.1681331 0.4043284 0.1824117 0.4100984 0.1988217 0.4102545 0.1994008 0.4139584 0.2144595 0.4139584 0.2144595 0.4102545 0.1994008 0.4101113 0.1988187 0.4164968 0.231513 0.4140884 0.2150437 0.4141881 0.2156327 0.4141881 0.2156327 0.4141016 0.2150417 0.4165102 0.2315121 0.4101113 0.1988187 0.4101113 0.1988187 0.4141016 0.2150417 0.4165102 0.2315121 0.4141016 0.2150417 0.4141016 0.2150417 0.4165102 0.2315121 0.4165102 0.2315121 0.4173166 0.2480914 0.4165102 0.2646355 0.4173166 0.2480913 0.4173166 0.2480914 0.4172877 0.2474966 0.4165391 0.2321069 0.4165102 0.2315121 0.4172876 0.248685 0.4173166 0.2480913 0.4165102 0.2646355 0.4164968 0.264634 0.4173031 0.2480911 0.4172876 0.248685 0.4164968 0.231513 0.4165391 0.2321069 0.4172877 0.2474966 0.4164968 0.264634 0.4164238 0.2652225 0.414188 0.2804079 0.414188 0.2804079 0.4164238 0.2652225 0.4165102 0.2646355 0.4102544 0.297081 0.4140926 0.2809938 0.4139769 0.2815777 0.4139769 0.2815777 0.4141016 0.2809948 0.4102151 0.297063 0.4102151 0.297063 0.4141016 0.2809948 0.4141016 0.2809948 0.4165102 0.2646355 0.4165102 0.2646355 0.4141016 0.2809948 0.4102151 0.297063 0.4102151 0.297063 0.4055768 0.3129808 0.3977962 0.3275982 0.4055768 0.3129808 0.4055768 0.3129808 0.4059237 0.3124861 0.4102267 0.2977094 0.4102151 0.297063 0.4054985 0.3135945 0.4055768 0.3129808 0.3977962 0.3275982 0.3978865 0.3276472 0.4056525 0.313014 0.4054985 0.3135945 0.4102544 0.297081 0.4102267 0.2977094 0.4059237 0.3124861 0.3978865 0.3276472 0.3976993 0.3282408 0.390479 0.3418107 0.390479 0.3418107 0.3976993 0.3282408 0.3977961 0.3275982 0.3796237 0.355083 0.3900894 0.3422653 0.3898196 0.3428008 0.3898196 0.3428008 0.3900154 0.3422154 0.3795444 0.3550174 0.3977961 0.3275982 0.3977961 0.3275982 0.3900154 0.3422154 0.3795444 0.3550174 0.3900154 0.3422154 0.3900154 0.3422154 0.3795444 0.3550175 0.3795444 0.3550174 0.3690733 0.3678194 0.3562235 0.378192 0.3690733 0.3678194 0.3690733 0.3678194 0.3696067 0.3675132 0.3793246 0.3556281 0.3795444 0.3550175 0.3687505 0.3683306 0.3690733 0.3678194 0.3562235 0.378192 0.3562549 0.3782216 0.3691323 0.3678773 0.3687505 0.3683306 0.3796237 0.355083 0.3793246 0.3556281 0.3696067 0.3675132 0.3562549 0.3782216 0.355759 0.3785526 0.3434435 0.3875837 0.3434435 0.3875837 0.355759 0.3785526 0.3562235 0.378192 0.3289303 0.3965291 0.3429536 0.3879177 0.3424584 0.3882436 0.3424584 0.3882436 0.3429561 0.3879214 0.3289151 0.3964887 0.3562235 0.378192 0.3562235 0.378192 0.3429561 0.3879214 0.3289151 0.3964887 0.3429561 0.3879214 0.3429561 0.3879214 0.3289151 0.3964887 0.3289151 0.3964887 0.3144419 0.4044226 0.2986471 0.4092254 0.3144419 0.4044227 0.3144419 0.4044226 0.3150359 0.4043189 0.3284695 0.3969518 0.3289151 0.3964887 0.3139554 0.4047995 0.3144419 0.4044227 0.2986471 0.4092254 0.2986769 0.4093239 0.3144724 0.4044993 0.3139554 0.4047995 0.3289303 0.3965291 0.3284695 0.3969518 0.3150359 0.4043189 0.2986769 0.4093239 0.2981266 0.40961 0.2834656 0.4140704 0.2834656 0.4140704 0.2981266 0.40961 0.2986471 0.4092254 0.2664315 0.4155345 0.2828695 0.4141089 0.2823008 0.4142728 0.2823008 0.4142728 0.2828523 0.4140281 0.2664218 0.4154924 0.2986471 0.4092254 0.2986471 0.4092254 0.2828523 0.4140281 0.2664218 0.4154924 0.2828523 0.4140281 0.2828523 0.4140281 0.2664218 0.4154924 0.2664218 0.4154924 0.2500001 0.41619 0.2335783 0.4154923 0.2500001 0.41619 0.2500001 0.41619 0.2494116 0.4161611 0.2500001 0.41619 0.2335783 0.4154923 0.2505924 0.4161808 0.2658358 0.4155334 0.2664218 0.4154924 0.2664315 0.4155345 0.2658358 0.4155334 0.2505924 0.4161808 0.2335786 0.4154837 0.250001 0.4161811 0.2494116 0.4161611 0.2664225 0.4154949 0.2664315 0.4155345 0.250001 0.4161811 0.2335783 0.4154913 0.2500001 0.4161887 0.250001 0.4161811 0.2664225 0.4154949 0.2828537 0.4140346 0.2828695 0.4141089 0.2664154 0.4154556 0.2827818 0.4136727 0.2828537 0.4140346 0.2664154 0.4154556 0.2664225 0.4154949 0.2500001 0.4161887 0.2986233 0.4091469 0.2986492 0.4092322 0.2828537 0.4140346 0.2986492 0.4092322 0.2986769 0.4093239 0.2828695 0.4141089 0.2986233 0.4091469 0.3143035 0.4040877 0.3144443 0.4044287 0.2986492 0.4092322 0.3144443 0.4044287 0.3144724 0.4044993 0.3289001 0.3964545 0.3289159 0.3964912 0.3144443 0.4044287 0.3289159 0.3964912 0.3289303 0.3965291 0.3144724 0.4044993 0.3289001 0.3964545 0.3429518 0.387915 0.3429555 0.3879205 0.3289159 0.3964912 0.3429555 0.3879205 0.3429536 0.3879177 0.3561978 0.3781649 0.3562254 0.3781937 0.3429555 0.3879205 0.3562254 0.3781937 0.3562549 0.3782216 0.3429536 0.3879177 0.3561978 0.3781649 0.3688178 0.3675622 0.369078 0.367824 0.3562254 0.3781937 0.369078 0.367824 0.3691323 0.3678773 0.3794811 0.3549651 0.3795499 0.355022 0.369078 0.367824 0.3795499 0.355022 0.3796237 0.355083 0.3691323 0.3678773 0.3794811 0.3549651 0.3897152 0.3420128 0.3900213 0.3422193 0.3795499 0.355022 0.3900213 0.3422193 0.3900894 0.3422653 0.3977239 0.327559 0.3978024 0.3276015 0.3900213 0.3422193 0.3978024 0.3276015 0.3978865 0.3276472 0.3900894 0.3422653 0.3977239 0.327559 0.4052427 0.3128397 0.4055828 0.3129835 0.3978024 0.3276015 0.4055828 0.3129835 0.4056525 0.313014 0.4101804 0.2970492 0.4102174 0.2970641 0.4055828 0.3129835 0.4102174 0.2970641 0.4102544 0.297081 0.4056525 0.313014 0.4101804 0.2970492 0.4140936 0.2809932 0.4141002 0.2809947 0.4102174 0.2970641 0.4141002 0.2809947 0.4140926 0.2809938 0.4165018 0.2646346 0.4165086 0.2646353 0.4141002 0.2809947 0.4165086 0.2646353 0.4164968 0.264634 0.4140926 0.2809938 0.4165018 0.2646346 0.417308 0.2480912 0.4173148 0.2480913 0.4165086 0.2646353 0.4173148 0.2480913 0.4173031 0.2480911 0.4165018 0.2315126 0.4165085 0.2315121 0.4173148 0.2480913 0.4165085 0.2315121 0.4164968 0.231513 0.4173031 0.2480911 0.4165018 0.2315126 0.4140933 0.215043 0.4140999 0.2150419 0.4165085 0.2315121 0.4140999 0.2150419 0.4140884 0.2150437 0.4101032 0.1988207 0.4101097 0.1988191 0.4140999 0.2150419 0.4101097 0.1988191 0.4100984 0.1988217 0.4140884 0.2150437 0.4101032 0.1988207 0.4045725 0.1829661 0.4045788 0.1829642 0.4101097 0.1988191 0.4045788 0.1829642 0.4045679 0.1829676 0.397552 0.167584 0.3975579 0.1675817 0.4045788 0.1829642 0.3975579 0.1675817 0.3975476 0.1675856 0.4045679 0.1829676 0.397552 0.167584 0.3891131 0.1527354 0.3891175 0.1527317 0.3975579 0.1675817 0.3891175 0.1527317 0.3891099 0.152738 0.3796374 0.1387677 0.379635 0.1387575 0.3891175 0.1527317 0.379635 0.1387575 0.379639 0.1387751 0.3891099 0.152738 0.3796374 0.1387677 0.3707013 0.1271936 0.3706936 0.127178 0.379635 0.1387575 0.3706936 0.127178 0.3707099 0.1271996 0.3636242 0.1192352 0.3636459 0.1191782 0.3706936 0.127178 0.3636459 0.1191782 0.3636888 0.1191325 0.3707099 0.1271996 0.3636242 0.1192352 0.3575742 0.1137095 0.3578458 0.1132242 0.3636459 0.1191782 0.3578458 0.1132242 0.3579199 0.1131336 0.3496271 0.1119628 0.3498604 0.1119301 0.3578458 0.1132242 0.3498604 0.1119301 0.3501108 0.111895 0.3579199 0.1131336 0.3496271 0.1119628 0.3402266 0.1104217 0.3418735 0.1106366 0.3498604 0.1119301 0.3418735 0.1106366 0.342208 0.1106716 0.319137 0.1074311 0.3193498 0.1074312 0.3418735 0.1106366 0.3193498 0.1074312 0.3195783 0.1074312 0.342208 0.1106716 0.319137 0.1074311 0.2967204 0.1044409 0.2968248 0.1042252 0.3193498 0.1074312 0.2968248 0.1042252 0.2968645 0.104181 0.2733994 0.1029852 0.2734119 0.102923 0.2968248 0.1042252 0.2734119 0.102923 0.2734252 0.1028563 0.2968645 0.104181 0.2733994 0.1029852 0.25 0.1019171 0.25 0.1016213 0.2734119 0.102923 0.25 0.1016213 0.25 0.1015571 0.2266006 0.1029852 0.2265882 0.102923 0.25 0.1016213 0.2265882 0.102923 0.2265748 0.1028563 0.25 0.1015571 0.2266006 0.1029852 0.2032789 0.1044411 0.2031769 0.104225 0.2265882 0.102923 0.2031769 0.104225 0.2031613 0.1041783 0.1807474 0.1074553 0.180774 0.107429 0.2031769 0.104225 0.180774 0.107429 0.1807687 0.1074009 0.2031613 0.1041783 0.1807474 0.1074553 0.1582331 0.1106234 0.1581717 0.1106311 0.180774 0.107429 0.1581717 0.1106311 0.1582813 0.1106147 0.1501582 0.1119327 0.1501582 0.1119327 0.1581717 0.1106311 0.1501582 0.1119327 0.1501582 0.1119327 0.1582813 0.1106147 0.1501582 0.1119327 0.1421725 0.1132556 0.1421633 0.1132363 0.1501582 0.1119327 0.1421633 0.1132363 0.1421864 0.1132602 0.1364708 0.1189635 0.1365315 0.1188794 0.1421633 0.1132363 0.1365315 0.1188794 0.1366022 0.1187613 0.1421864 0.1132602 0.1364708 0.1189635 0.1303859 0.1253063 0.1309362 0.124351 0.1365315 0.1188794 0.1309362 0.124351 0.1310422 0.124162 0.1204282 0.1384776 0.120458 0.1383454 0.1309362 0.124351 0.120458 0.1383454 0.1204901 0.1382033 0.1310422 0.124162 0.1204282 0.1384776 0.1102843 0.1524739 0.1099793 0.1523408 0.120458 0.1383454 0.1099793 0.1523408 0.1099206 0.1523019 0.1022761 0.1675195 0.1021977 0.1674901 0.1099793 0.1523408 0.1021977 0.1674901 0.1021135 0.1674586 0.1099206 0.1523019 0.1022761 0.1675195 0.09475725 0.182749 0.09441715 0.182639 0.1021977 0.1674901 0.09441715 0.182639 0.09434753 0.1826158 0.08981961 0.1987956 0.08978259 0.1987842 0.09441715 0.182639 0.08978259 0.1987842 0.08974564 0.1987712 0.09434753 0.1826158 0.08981961 0.1987956 0.08590596 0.2150428 0.08589941 0.2150418 0.08978259 0.1987842 0.08589941 0.2150418 0.08590275 0.2150424 0.08341473 0.2315143 0.08337491 0.2315146 0.08589941 0.2150418 0.08337491 0.2315146 0.08333438 0.2315165 0.08590275 0.2150424 0.08341473 0.2315143 0.08196622 0.2481065 0.08159863 0.2481141 0.08337491 0.2315146 0.08159863 0.2481141 0.08152705 0.2481158 0.08326387 0.2646654 0.08321923 0.2646664 0.08159863 0.2481141 0.08321923 0.2646664 0.08317124 0.2646674 0.08152705 0.2481158 0.08326387 0.2646654 0.08485758 0.2812151 0.08484363 0.2812179 0.08321923 0.2646664 0.08484363 0.2812179 0.08486253 0.2812131 0.08963191 0.2970998 0.08963191 0.2970998 0.08484363 0.2812179 0.08963191 0.2970998 0.08963191 0.2970998 0.08486253 0.2812131 0.08963191 0.2970998 0.09443974 0.3129739 0.09442663 0.3129795 0.08963191 0.2970998 0.09442663 0.3129795 0.09445023 0.3129694 0.1023329 0.3275145 0.1023377 0.3275132 0.09442663 0.3129795 0.1023377 0.3275132 0.1023441 0.3275092 0.09445023 0.3129694 0.1023329 0.3275145 0.1108878 0.3416057 0.1108827 0.3416093 0.1023377 0.3275132 0.1108827 0.3416093 0.1108926 0.3416027 0.1206696 0.3548404 0.1206644 0.3548448 0.1108827 0.3416093 0.1206644 0.3548448 0.1206735 0.3548374 0.1108926 0.3416027 0.1206696 0.3548404 0.1316953 0.3670464 0.1316905 0.3670513 0.1206644 0.3548448 0.1316905 0.3670513 0.1316989 0.3670428 0.1438612 0.3781055 0.143857 0.3781108 0.1316905 0.3670513 0.143857 0.3781108 0.1438644 0.3781017 0.1316989 0.3670428 0.1438612 0.3781055 0.1570484 0.3879149 0.1570448 0.38792 0.143857 0.3781108 0.1570448 0.38792 0.1570514 0.3879101 0.1710841 0.3964927 0.1710854 0.3964879 0.1570448 0.38792 0.1710854 0.3964879 0.1710893 0.3964813 0.1570514 0.3879101 0.1710841 0.3964927 0.1855649 0.4044061 0.1855594 0.4044193 0.1710854 0.3964879 0.1855594 0.4044193 0.1855694 0.4043956 0.1710816 0.3964973 0.1855598 0.4044184 0.1855649 0.4044061 0.1710816 0.3964973 0.1710841 0.3964927 0.1570484 0.3879149 0.1438573 0.3781104 0.157045 0.3879197 0.1570484 0.3879149 0.1438573 0.3781104 0.1438612 0.3781055 0.1316953 0.3670464 0.1206647 0.3548445 0.1316909 0.3670509 0.1316953 0.3670464 0.1206647 0.3548445 0.1206696 0.3548404 0.1108878 0.3416057 0.1023283 0.3275171 0.110883 0.3416091 0.1108878 0.3416057 0.1023283 0.3275171 0.1023329 0.3275145 0.09443974 0.3129739 0.08963191 0.2970998 0.09442746 0.3129792 0.09443974 0.3129739 0.08963191 0.2970998 0.08963191 0.2970998 0.08485758 0.2812151 0.08327424 0.2646653 0.08484494 0.2812177 0.08485758 0.2812151 0.08327424 0.2646653 0.08326387 0.2646654 0.08196622 0.2481065 0.08341979 0.2315137 0.08205711 0.2481045 0.08196622 0.2481065 0.08341979 0.2315137 0.08341473 0.2315143 0.08590596 0.2150428 0.08982408 0.1987976 0.08590036 0.2150419 0.08590596 0.2150428 0.08982408 0.1987976 0.08981961 0.1987956 0.09475725 0.182749 0.1022943 0.1675263 0.09484106 0.1827762 0.09475725 0.182749 0.1022943 0.1675263 0.1022761 0.1675195 0.1102843 0.1524739 0.1204212 0.1385083 0.1103604 0.1525062 0.1102843 0.1524739 0.1204212 0.1385083 0.1204282 0.1384776 0.1303859 0.1253063 0.136457 0.118982 0.1302486 0.1255441 0.1303859 0.1253063 0.136457 0.118982 0.1364708 0.1189635 0.1421725 0.1132556 0.1501582 0.1119327 0.1421635 0.1132382 0.1421725 0.1132556 0.1501582 0.1119327 0.1501582 0.1119327 0.1582331 0.1106234 0.1807398 0.1074614 0.1581757 0.1106307 0.1582331 0.1106234 0.1807398 0.1074614 0.1807474 0.1074553 0.2032789 0.1044411 0.2266035 0.1029996 0.2033041 0.1044947 0.2032789 0.1044411 0.2266035 0.1029996 0.2266006 0.1029852 0.25 0.1019171 0.2733966 0.1029996 0.25 0.1019905 0.25 0.1019171 0.2733966 0.1029996 0.2733994 0.1029852 0.2967204 0.1044409 0.3190876 0.1074311 0.2966957 0.1044946 0.2967204 0.1044409 0.3190876 0.1074311 0.319137 0.1074311 0.3402266 0.1104217 0.349573 0.1119704 0.3398165 0.1103676 0.3402266 0.1104217 0.349573 0.1119704 0.3496271 0.1119628 0.3575742 0.1137095 0.3636135 0.1192377 0.3575069 0.1138288 0.3575742 0.1137095 0.3636135 0.1192377 0.3636242 0.1192352 0.3707013 0.1271936 0.3796352 0.1387583 0.3706939 0.1271794 0.3707013 0.1271936 0.3796352 0.1387583 0.3796374 0.1387677 0.3891131 0.1527354 0.3975576 0.1675819 0.3891172 0.152732 0.3891131 0.1527354 0.3975576 0.1675819 0.397552 0.167584 0.4045725 0.1829661 0.4101092 0.1988192 0.4045783 0.1829643 0.4045725 0.1829661 0.4101092 0.1988192 0.4101032 0.1988207 0.4140933 0.215043 0.4165081 0.2315122 0.4140995 0.2150421 0.4140933 0.215043 0.4165081 0.2315122 0.4165018 0.2315126 0.417308 0.2480912 0.416508 0.2646353 0.4173144 0.2480913 0.417308 0.2480912 0.416508 0.2646353 0.4165018 0.2646346 0.4140936 0.2809932 0.4101759 0.2970467 0.4140995 0.2809945 0.4140936 0.2809932 0.4101759 0.2970467 0.4101804 0.2970492 0.4052427 0.3128397 0.3977057 0.3275491 0.4051589 0.3128042 0.4052427 0.3128397 0.3977057 0.3275491 0.3977239 0.327559 0.3897152 0.3420128 0.3794652 0.3549519 0.3896394 0.3419617 0.3897152 0.3420128 0.3794652 0.3549519 0.3794811 0.3549651 0.3688178 0.3675622 0.3561938 0.3781617 0.3687536 0.3674978 0.3688178 0.3675622 0.3561938 0.3781617 0.3561978 0.3781649 0.3429518 0.387915 0.3288987 0.3964496 0.3429549 0.3879197 0.3429518 0.387915 0.3288987 0.3964496 0.3289001 0.3964545 0.3143035 0.4040877 0.2986174 0.4091271 0.3142688 0.4040036 0.3143035 0.4040877 0.2986174 0.4091271 0.2986233 0.4091469 0.2827818 0.4136727 0.2664138 0.4154508 0.2827641 0.4135835 0.2827818 0.4136727 0.2664138 0.4154508 0.2664154 0.4154556 0.25 0.4161826 0.2335763 0.4155013 0.25 0.4161881 0.25 0.4161826 0.2335767 0.4154959 0.25 0.4161826 0.2500001 0.4161887 0.2013528 0.4092254 0.2013529 0.4092254 0.2171511 0.4140104 0.1855649 0.4044061 0.2013529 0.4092254 0.2013528 0.4092254 0.2013529 0.4092254 0.2013529 0.4092254 0.2171478 0.4140279 0.185558 0.4044225 0.2013529 0.4092254 0.2013529 0.4092254 0.1710789 0.3965037 0.1710798 0.3965031 0.1855649 0.4044061 0.1710798 0.3965031 0.1710616 0.3965316 0.185558 0.4044225 0.1710616 0.3965316 0.1710515 0.3965468 0.185558 0.4044226 0.185558 0.4044226 0.2013528 0.4092254 0.2013529 0.4092254 0.1568459 0.3882188 0.1710515 0.3965468 0.1710616 0.3965316 0.1569268 0.3880974 0.1710616 0.3965316 0.1710798 0.3965031 0.1438613 0.3781055 0.1438227 0.3781528 0.1569268 0.3880974 0.1438227 0.3781528 0.1437997 0.378181 0.1568459 0.3882188 0.1314373 0.3673058 0.1437997 0.378181 0.1438227 0.3781528 0.1315402 0.3672024 0.1438227 0.3781528 0.1438613 0.3781055 0.1316953 0.3670464 0.1438613 0.3781055 0.1438573 0.3781104 0.1438573 0.3781104 0.1438613 0.3781055 0.1570484 0.3879149 0.1206647 0.3548445 0.1206697 0.3548403 0.1316953 0.3670464 0.1206697 0.3548403 0.1206225 0.3548793 0.1315402 0.3672024 0.1107061 0.3417285 0.1206225 0.3548793 0.1206697 0.3548403 0.1108878 0.3416057 0.1206697 0.3548403 0.1206647 0.3548445 0.102322 0.3275198 0.1023225 0.3275189 0.1108878 0.3416057 0.1023225 0.3275189 0.1022942 0.3275373 0.1107061 0.3417285 0.1022942 0.3275373 0.102279 0.3275475 0.110585 0.3418101 0.110585 0.3418101 0.1205945 0.3549025 0.1206225 0.3548793 0.09442329 0.312981 0.102279 0.3275475 0.1022942 0.3275373 0.09442335 0.3129809 0.1022942 0.3275373 0.1023225 0.3275189 0.08963191 0.2970998 0.08963191 0.2970998 0.09442335 0.3129809 0.08963191 0.2970998 0.08963191 0.2970998 0.09442329 0.312981 0.08484059 0.2812186 0.08963191 0.2970998 0.08963191 0.2970998 0.08484065 0.2812186 0.08963191 0.2970998 0.08963191 0.2970998 0.08485788 0.281215 0.08963191 0.2970998 0.08963191 0.2970998 0.08963191 0.2970998 0.08963191 0.2970998 0.0944398 0.3129739 0.08330851 0.2646645 0.0833221 0.2646642 0.08485788 0.281215 0.0833221 0.2646642 0.08331316 0.2646644 0.08484065 0.2812186 0.08240038 0.2480973 0.08331316 0.2646644 0.0833221 0.2646642 0.08246177 0.2480961 0.0833221 0.2646642 0.08330851 0.2646645 0.08344727 0.2315131 0.08346176 0.2315133 0.08246177 0.2480961 0.08346176 0.2315133 0.08341956 0.2315089 0.08240038 0.2480973 0.08341956 0.2315089 0.08338654 0.2315064 0.08226692 0.2481001 0.08226692 0.2481001 0.08329796 0.2646647 0.08331316 0.2646644 0.08554887 0.2149862 0.08338654 0.2315064 0.08341956 0.2315089 0.08569163 0.2150089 0.08341956 0.2315089 0.08346176 0.2315133 0.08986312 0.1988097 0.08982181 0.1988013 0.08569163 0.2150089 0.08982181 0.1988013 0.08978992 0.1987939 0.08554887 0.2149862 0.09503483 0.182839 0.08978992 0.1987939 0.08982181 0.1988013 0.0951581 0.1828789 0.08982181 0.1988013 0.08986312 0.1988097 0.09521526 0.1828973 0.08986312 0.1988097 0.08984947 0.1988058 0.08984947 0.1988058 0.08986312 0.1988097 0.08590638 0.2150429 0.1023544 0.1675488 0.1023784 0.1675578 0.09521526 0.1828973 0.1023784 0.1675578 0.1023626 0.1675519 0.0951581 0.1828789 0.110646 0.1526292 0.1023626 0.1675519 0.1023784 0.1675578 0.1106961 0.1526523 0.1023784 0.1675578 0.1023544 0.1675488 0.1203892 0.1386501 0.1203952 0.1386235 0.110646 0.1526292 0.1203983 0.1386097 0.1203892 0.1386501 0.1106961 0.1526523 0.1297333 0.1264377 0.1203952 0.1386235 0.1203892 0.1386501 0.1296427 0.1265959 0.1203892 0.1386501 0.1203983 0.1386097 0.1364107 0.1190445 0.136392 0.1190711 0.1296427 0.1265959 0.136392 0.1190711 0.1364079 0.1190352 0.1297333 0.1264377 0.1364079 0.1190352 0.1364307 0.1189957 0.1299335 0.1260905 0.1299335 0.1260905 0.1204053 0.1385785 0.1203952 0.1386235 0.1421604 0.1132321 0.1364307 0.1189957 0.1364079 0.1190352 0.1421605 0.1132323 0.1364079 0.1190352 0.136392 0.1190711 0.1501582 0.1119327 0.1501582 0.1119327 0.1421605 0.1132323 0.1501582 0.1119327 0.1501582 0.1119327 0.1421604 0.1132321 0.1581561 0.1106333 0.1501582 0.1119327 0.1501582 0.1119327 0.1581564 0.1106332 0.1501582 0.1119327 0.1501582 0.1119327 0.1582333 0.1106234 0.1501582 0.1119327 0.1501582 0.1119327 0.1501582 0.1119327 0.1501582 0.1119327 0.1421723 0.1132561 0.180717 0.1074815 0.18071 0.1074895 0.1582333 0.1106234 0.18071 0.1074895 0.1806923 0.1074843 0.1581564 0.1106332 0.2033995 0.1046964 0.1806923 0.1074843 0.18071 0.1074895 0.2034165 0.1047324 0.18071 0.1074895 0.180717 0.1074815 0.226613 0.1030473 0.2266168 0.1030663 0.2034165 0.1047324 0.2266168 0.1030663 0.2266143 0.1030538 0.2033995 0.1046964 0.2266143 0.1030538 0.2266101 0.1030327 0.2033624 0.104618 0.2033624 0.104618 0.1806881 0.1074753 0.1806923 0.1074843 0.25 0.1021593 0.2266101 0.1030327 0.2266143 0.1030538 0.25 0.1022666 0.2266143 0.1030538 0.2266168 0.1030663 0.2733833 0.1030663 0.2733857 0.1030538 0.25 0.1022666 0.2733857 0.1030538 0.2733899 0.1030327 0.25 0.1021593 0.2966377 0.104618 0.2733899 0.1030327 0.2733857 0.1030538 0.2966005 0.1046964 0.2733857 0.1030538 0.2733833 0.1030663 0.2965816 0.1047321 0.2733833 0.1030663 0.273387 0.1030473 0.273387 0.1030473 0.2733833 0.1030663 0.25 0.1023159 0.3189244 0.1074311 0.3188595 0.1074311 0.2965816 0.1047321 0.3188595 0.1074311 0.3189023 0.1074311 0.2966005 0.1046964 0.3382761 0.1101655 0.3189023 0.1074311 0.3188595 0.1074311 0.3380035 0.1101307 0.3188595 0.1074311 0.3189244 0.1074311 0.3493942 0.1119954 0.3493229 0.1120054 0.3380035 0.1101307 0.3493229 0.1120054 0.3493699 0.1119988 0.3382761 0.1101655 0.3493699 0.1119988 0.3494491 0.1119877 0.3388746 0.110244 0.3388746 0.110244 0.3189745 0.1074311 0.3189023 0.1074311 0.3573524 0.1141054 0.3494491 0.1119877 0.3493699 0.1119988 0.3572543 0.1142815 0.3493699 0.1119988 0.3493229 0.1120054 0.3635897 0.1192972 0.3635528 0.1192015 0.3572543 0.1142815 0.3635528 0.1192015 0.3635365 0.1191341 0.3573524 0.1141054 0.3701568 0.1262471 0.3635365 0.1191341 0.3635528 0.1192015 0.3703752 0.1266259 0.3635528 0.1192015 0.3635897 0.1192972 0.3707012 0.127194 0.3635897 0.1192972 0.3635933 0.1192739 0.3635933 0.1192739 0.3635897 0.1192972 0.3572086 0.1143631 0.3796353 0.1387583 0.3796373 0.1387677 0.3707012 0.127194 0.3796373 0.1387677 0.3796169 0.1386771 0.3703752 0.1266259 0.3892939 0.1526552 0.3796169 0.1386771 0.3796373 0.1387677 0.3891131 0.1527354 0.3796373 0.1387677 0.3796353 0.1387583 0.3975576 0.1675819 0.397552 0.167584 0.3891131 0.1527354 0.397552 0.167584 0.3976057 0.1675639 0.3892939 0.1526552 0.3976057 0.1675639 0.3976377 0.1675519 0.3894149 0.152603 0.3894149 0.152603 0.3796047 0.1386231 0.3796169 0.1386771 0.4049096 0.182857 0.3976377 0.1675519 0.3976057 0.1675639 0.4047751 0.1829006 0.3976057 0.1675639 0.397552 0.167584 0.4101032 0.1988207 0.4101615 0.1988067 0.4047751 0.1829006 0.4101615 0.1988067 0.4101962 0.1987984 0.4049096 0.182857 0.4144511 0.2149862 0.4101962 0.1987984 0.4101615 0.1988067 0.4143084 0.2150089 0.4101615 0.1988067 0.4101032 0.1988207 0.4140933 0.215043 0.4101032 0.1988207 0.4101092 0.1988192 0.4101092 0.1988192 0.4101032 0.1988207 0.4045724 0.1829661 0.4165081 0.2315122 0.4165018 0.2315126 0.4140933 0.215043 0.4165018 0.2315126 0.4165624 0.2315085 0.4143084 0.2150089 0.4175274 0.2480958 0.4165624 0.2315085 0.4165018 0.2315126 0.417308 0.2480912 0.4165018 0.2315126 0.4165081 0.2315122 0.416508 0.2646353 0.4165017 0.2646346 0.417308 0.2480912 0.4165017 0.2646346 0.4165624 0.2646415 0.4175274 0.2480958 0.4165624 0.2646415 0.4165985 0.2646457 0.4176729 0.2480989 0.4176729 0.2480989 0.4165985 0.2315061 0.4165624 0.2315085 0.4144511 0.2810688 0.4165985 0.2646457 0.4165624 0.2646415 0.4143083 0.2810386 0.4165624 0.2646415 0.4165017 0.2646346 0.4101782 0.297042 0.4102101 0.2970516 0.4144511 0.2810688 0.4101369 0.2970308 0.4101782 0.297042 0.4143083 0.2810386 0.4049652 0.3127223 0.4102101 0.2970516 0.4101782 0.297042 0.4048418 0.3126701 0.4101782 0.297042 0.4101369 0.2970308 0.4047847 0.312646 0.4101369 0.2970308 0.4101505 0.2970359 0.4101505 0.2970359 0.4101369 0.2970308 0.4140934 0.2809932 0.3976457 0.3275166 0.3976216 0.3275036 0.4047847 0.312646 0.3976216 0.3275036 0.3976374 0.3275121 0.4048418 0.3126701 0.389354 0.3417691 0.3976374 0.3275121 0.3976216 0.3275036 0.3893028 0.3417345 0.3976216 0.3275036 0.3976457 0.3275166 0.3794125 0.3549084 0.3793915 0.354891 0.3893028 0.3417345 0.3793915 0.354891 0.3794053 0.3549025 0.389354 0.3417691 0.3794053 0.3549025 0.3794286 0.3549217 0.3894649 0.341844 0.3894649 0.341844 0.3976641 0.3275265 0.3976374 0.3275121 0.3686053 0.3673486 0.3794286 0.3549217 0.3794053 0.3549025 0.3685109 0.3672537 0.3794053 0.3549025 0.3793915 0.354891 0.3561645 0.3781315 0.3561902 0.3781657 0.3685109 0.3672537 0.3561902 0.3781657 0.356211 0.3781917 0.3686053 0.3673486 0.3431541 0.3882188 0.356211 0.3781917 0.3561902 0.3781657 0.3430732 0.3880972 0.3561902 0.3781657 0.3561645 0.3781315 0.3429515 0.3879146 0.3561645 0.3781315 0.3561743 0.3781422 0.3561743 0.3781422 0.3561645 0.3781315 0.3684672 0.3672097 0.3288882 0.3964242 0.3288821 0.396411 0.3429515 0.3879146 0.3288821 0.396411 0.3289037 0.3964478 0.3430732 0.3880972 0.3141376 0.4036857 0.3289037 0.3964478 0.3288821 0.396411 0.3141139 0.4036284 0.3288821 0.396411 0.3288882 0.3964242 0.2985976 0.4090616 0.2985898 0.4090356 0.3141139 0.4036284 0.2985898 0.4090356 0.2985949 0.4090527 0.3141376 0.4036857 0.2985949 0.4090527 0.2986037 0.4090817 0.3141886 0.4038093 0.3141886 0.4038093 0.3289197 0.3964771 0.3289037 0.3964478 0.2827232 0.4133773 0.2986037 0.4090817 0.2985949 0.4090527 0.2826972 0.4132461 0.2985949 0.4090527 0.2985898 0.4090356 0.2664062 0.4154093 0.2664086 0.415452 0.2826972 0.4132461 0.2664086 0.415452 0.2664115 0.4154852 0.2827232 0.4133773 0.2826851 0.4131852 0.2985898 0.4090356 0.2985976 0.4090616 0.2664084 0.4154238 0.2664062 0.4154093 0.2826851 0.4131852 0.3289037 0.3964478 0.3289197 0.3964771 0.3431541 0.3882188 0.3289197 0.3964771 0.3289372 0.3965092 0.343243 0.3883525 0.3684672 0.3672097 0.3793915 0.354891 0.3794125 0.3549084 0.3976374 0.3275121 0.3976641 0.3275265 0.4049652 0.3127223 0.4140934 0.2809932 0.4165017 0.2646346 0.416508 0.2646353 0.4165624 0.2315085 0.4165985 0.2315061 0.4144511 0.2149862 0.4045724 0.1829661 0.397552 0.167584 0.3975576 0.1675819 0.3796169 0.1386771 0.3796047 0.1386231 0.3701568 0.1262471 0.3572086 0.1143631 0.3493229 0.1120054 0.3493942 0.1119954 0.3189023 0.1074311 0.3189745 0.1074311 0.2966377 0.104618 0.25 0.1023159 0.2266168 0.1030663 0.226613 0.1030473 0.1806923 0.1074843 0.1806881 0.1074753 0.1581561 0.1106333 0.1421723 0.1132561 0.136392 0.1190711 0.1364107 0.1190445 0.1203952 0.1386235 0.1204053 0.1385785 0.110535 0.1525813 0.110535 0.1525813 0.1023359 0.1675419 0.1023626 0.1675519 0.1023626 0.1675519 0.1023359 0.1675419 0.09503483 0.182839 0.08590638 0.2150429 0.08346176 0.2315133 0.08344727 0.2315131 0.08331316 0.2646644 0.08329796 0.2646647 0.08484059 0.2812186 0.0944398 0.3129739 0.1023225 0.3275189 0.102322 0.3275198 0.1206225 0.3548793 0.1205945 0.3549025 0.1314373 0.3673058 0.1570484 0.3879149 0.1710798 0.3965031 0.1710789 0.3965037 0.2013529 0.4092254 0.2013528 0.4092254 0.2171478 0.4140279 0.2664262 0.4156496 0.25 0.417271 0.25 0.417271 0.2664262 0.4156496 0.25 0.417271 0.25 0.417271 0.2664262 0.4156496 0.2664262 0.4156496 0.2828523 0.4140281 0.3289372 0.3965092 0.3289986 0.3966221 0.3435552 0.3888215 0.2986471 0.4092254 0.2828523 0.4140281 0.2828523 0.4140281 0.3336343 0.1148497 0.25 0.102422 0.25 0.102422 0.1663297 0.1146975 0.1663297 0.1146975 0.25 0.102422 0.1663297 0.1146975 0.1663297 0.1146975 0.1570709 0.1160559 0.1570686 0.1160563 0.1570709 0.1160559 0.148714 0.117282 0.148716 0.1172817 0.148714 0.117282 0.1363829 0.1190904 0.1363833 0.1190903 0.1363829 0.1190904 0.1363883 0.1190891 0.1363885 0.119089 0.1363883 0.1190891 0.1363943 0.1190876 0.136609 0.1190362 0.136609 0.1190362 0.1363943 0.1190876 0.136609 0.1190362 0.136609 0.1190362 0.1363939 0.1190878 0.136609 0.1190362 0.136609 0.1190362 0.1363936 0.1190878 0.136609 0.1190362 0.1488676 0.1171563 0.148727 0.1172679 0.1488676 0.1171563 0.1571623 0.1158813 0.1570711 0.1160383 0.1571623 0.1158813 0.166355 0.1144692 0.1663264 0.1146762 0.1663264 0.1146762 0.166355 0.1144692 0.25 0.1016269 0.25 0.1016269 0.333706 0.1143599 0.333644 0.1148113 0.333644 0.1148113 0.333706 0.1143599 0.3429054 0.1157602 0.3428959 0.1161885 0.3429054 0.1157602 0.3512056 0.1170256 0.3512368 0.1174321 0.3512056 0.1170256 0.3634737 0.118888 0.363568 0.1192664 0.3634737 0.118888 0.3634737 0.118888 0.3635678 0.1192657 0.3634737 0.118888 0.3634736 0.118888 0.3635677 0.1192651 0.3634736 0.118888 0.3634736 0.118888 0.3635702 0.1192752 0.3635677 0.1192651 0.3635677 0.1192651 0.3635724 0.1192843 0.3635702 0.1192752 0.3635702 0.1192756 0.3635677 0.1192651 0.3635702 0.1192752 0.3635704 0.1192761 0.3635702 0.1192752 0.3635724 0.1192843 0.3635725 0.1192845 0.3635724 0.1192843 0.3635761 0.1192989 0.3635761 0.1192989 0.3512404 0.1174659 0.3635724 0.1192843 0.3635726 0.119285 0.3431385 0.116262 0.3508517 0.1174082 0.3512404 0.1174659 0.3428913 0.1162253 0.3512404 0.1174659 0.3512424 0.1174662 0.3336343 0.1148498 0.3428913 0.1162253 0.342889 0.116225 0.3336358 0.1148499 0.3431385 0.116262 0.3428913 0.1162253 0.3336414 0.1148508 0.3428342 0.1162168 0.3431385 0.116262 0.3428342 0.1162168 0.3494918 0.1172061 0.3508517 0.1174082 0.3336506 0.1148521 0.3428657 0.1162215 0.3428342 0.1162168 0.3428657 0.1162215 0.3494974 0.1172069 0.3494918 0.1172061 0.3635725 0.1192845 0.3635761 0.1192989 0.3635761 0.1192989 0.3508328 0.1173831 0.3494862 0.117192 0.3428558 0.1162069 0.363572 0.1192826 0.3635739 0.1192902 0.3494862 0.117192 0.3635695 0.1192727 0.363572 0.1192826 0.3508328 0.1173831 0.3512368 0.1174321 0.3508328 0.1173831 0.3431946 0.1162454 0.3635704 0.1192761 0.3635725 0.1192845 0.3635722 0.1192836 0.3635678 0.1192657 0.3635704 0.1192761 0.3635704 0.1192764 0.3428959 0.1161885 0.3431946 0.1162454 0.3336424 0.1148239 0.3431946 0.1162454 0.3428558 0.1162069 0.3336415 0.1148374 0.333644 0.1148113 0.3336424 0.1148239 0.25 0.1023823 0.3336424 0.1148239 0.3336415 0.1148374 0.25 0.1024024 0.25 0.1023823 0.1663256 0.1146825 0.1663264 0.1146762 0.25 0.1024024 0.1663243 0.1146901 0.1663256 0.1146825 0.1663256 0.1146825 0.156823 0.1160795 0.1570711 0.1160383 0.1663243 0.1146901 0.1571299 0.1160397 0.156823 0.1160795 0.1663243 0.1146901 0.1663226 0.1146986 0.157102 0.1160514 0.1663226 0.1146986 0.1663243 0.1146901 0.25 0.1024024 0.1567678 0.1161004 0.157102 0.1160514 0.1663226 0.1146986 0.1663283 0.1146978 0.1663226 0.1146986 0.25 0.102422 0.25 0.1024024 0.3336415 0.1148374 0.3336414 0.1148508 0.25 0.102422 0.3336414 0.1148508 0.3336358 0.1148499 0.25 0.102422 0.3336358 0.1148499 0.3336343 0.1148498 0.1663297 0.1146975 0.1663283 0.1146978 0.25 0.102422 0.1570686 0.1160563 0.1567678 0.1161004 0.1663283 0.1146978 0.148716 0.1172817 0.1491202 0.1172224 0.1567678 0.1161004 0.1491202 0.1172224 0.1504653 0.117025 0.157102 0.1160514 0.136375 0.1190923 0.136375 0.1190923 0.1491202 0.1172224 0.136375 0.1190923 0.136375 0.1190923 0.1504653 0.117025 0.157102 0.1160514 0.1504653 0.117025 0.1504731 0.117017 0.1363879 0.1190892 0.1363855 0.1190898 0.1363809 0.1190909 0.1363881 0.1190891 0.1363879 0.1190892 0.1363838 0.1190902 0.1363936 0.1190878 0.1363914 0.1190884 0.1363855 0.1190898 0.1363939 0.1190878 0.1363936 0.1190878 0.1363879 0.1190892 0.156823 0.1160795 0.1491129 0.1172139 0.148727 0.1172679 0.1571299 0.1160397 0.1504731 0.117017 0.1491129 0.1172139 0.1363943 0.1190876 0.1363939 0.1190878 0.1363881 0.1190891 0.1363885 0.119089 0.1363881 0.1190891 0.1363832 0.1190903 0.4141016 0.2809948 0.4165102 0.2646355 0.4165102 0.2646355 0.4102151 0.297063 0.4141016 0.2809948 0.4141016 0.2809948 0.4102151 0.297063 0.4101631 0.297041 0.4141016 0.2809949 0.4141016 0.2809948 0.4141016 0.2809949 0.4165102 0.2646355 0.4101631 0.297041 0.410152 0.2970365 0.4140998 0.2809945 0.4140998 0.2809945 0.4165084 0.2646353 0.4165102 0.2646355 0.4048965 0.3126933 0.410152 0.2970365 0.4101631 0.297041 0.4102151 0.297063 0.4055768 0.3129808 0.4050048 0.312739 0.3976727 0.3275312 0.3976488 0.3275182 0.4048965 0.3126933 0.3977961 0.3275982 0.3976727 0.3275312 0.4050048 0.312739 0.4102151 0.297063 0.4102152 0.297063 0.4055768 0.3129808 0.3977961 0.3275982 0.4055768 0.3129808 0.4055768 0.3129808 0.3977961 0.3275982 0.3977961 0.3275981 0.3900154 0.3422154 0.3795444 0.3550174 0.3900154 0.3422154 0.3900154 0.3422154 0.3795444 0.3550174 0.3795444 0.3550174 0.3690733 0.3678194 0.3795444 0.3550174 0.3690733 0.3678194 0.3686355 0.3673791 0.3795444 0.3550174 0.3794361 0.3549279 0.3895006 0.3418681 0.3794361 0.3549279 0.3794152 0.3549106 0.3894033 0.3418024 0.3685528 0.3672959 0.3794152 0.3549106 0.3794361 0.3549279 0.3894033 0.3418024 0.3976488 0.3275182 0.3976727 0.3275312 0.3977961 0.3275982 0.3900154 0.3422154 0.3895006 0.341868 0.3794152 0.3549106 0.3793939 0.354893 0.3893111 0.3417401 0.3893111 0.3417401 0.3976244 0.3275051 0.3976488 0.3275182 0.3976488 0.3275182 0.3976244 0.3275051 0.4047939 0.3126499 0.3976244 0.3275051 0.3975989 0.3274912 0.4046634 0.3125947 0.3891934 0.3416607 0.3975989 0.3274912 0.3976244 0.3275051 0.4047939 0.3126499 0.4101388 0.2970315 0.410152 0.2970365 0.4046634 0.3125947 0.4101392 0.2970294 0.4101388 0.2970315 0.4101388 0.2970315 0.4101392 0.2970294 0.4141303 0.281001 0.410152 0.2970365 0.4101388 0.2970315 0.4140946 0.2809935 0.4141303 0.281001 0.4165247 0.2646372 0.416503 0.2646347 0.4140946 0.2809935 0.416503 0.2646347 0.4165084 0.2646353 0.416503 0.2646347 0.4165247 0.2646372 0.4173458 0.248092 0.4165084 0.2646353 0.416503 0.2646347 0.4173093 0.2482407 0.4173093 0.2482407 0.416503 0.2646347 0.4165084 0.2646353 0.4173458 0.248092 0.4165247 0.2646372 0.416503 0.2646347 0.4165084 0.2646353 0.416503 0.2646347 0.4140946 0.2809935 0.416503 0.2646347 0.4165247 0.2646372 0.4141303 0.2810009 0.4165247 0.2646372 0.4165347 0.2646384 0.4141501 0.2810052 0.417366 0.2480924 0.4165347 0.2646384 0.4165247 0.2646372 0.4165347 0.2646384 0.4165457 0.2646396 0.4141718 0.2810097 0.4173882 0.2480929 0.4165457 0.2646396 0.4165347 0.2646384 0.4165247 0.2646372 0.4165347 0.2646384 0.417366 0.2480924 0.4165347 0.2646384 0.4165457 0.2646396 0.4173882 0.2480929 0.4165457 0.2646396 0.4165548 0.2646406 0.4174064 0.2480933 0.4174064 0.2480933 0.4165548 0.2646406 0.4165457 0.2646396 0.4183951 0.248114 0.4167773 0.2646663 0.4165548 0.2646406 0.4165548 0.2646406 0.4167773 0.2646663 0.4183951 0.248114 0.4165548 0.2646406 0.4167773 0.2646663 0.4151594 0.2812186 0.4165457 0.2646396 0.4165548 0.2646406 0.4141898 0.2810135 0.4151594 0.2812186 0.4103682 0.2970997 0.4101541 0.2970325 0.4101541 0.2970325 0.4103682 0.2970997 0.4055768 0.3129808 0.4101496 0.2970316 0.4101541 0.2970325 0.4046634 0.3125947 0.4141898 0.2810135 0.4101541 0.2970325 0.4101496 0.2970316 0.4141718 0.2810097 0.4101496 0.2970316 0.4101442 0.2970305 0.4101442 0.2970305 0.4101496 0.2970316 0.4046634 0.3125947 0.4046634 0.3125947 0.3975989 0.3274912 0.3975989 0.3274912 0.4046634 0.3125947 0.3975989 0.3274912 0.3975989 0.3274912 0.3975989 0.3274912 0.3975989 0.3274912 0.3891934 0.3416607 0.3975989 0.3274912 0.3975989 0.3274912 0.3891934 0.3416607 0.3975989 0.3274912 0.3977961 0.3275981 0.3900154 0.3422154 0.4055768 0.3129808 0.3977961 0.3275981 0.3975989 0.3274912 0.3900154 0.3422154 0.3795444 0.3550174 0.3793715 0.3548745 0.3793715 0.3548745 0.3795444 0.3550174 0.3690733 0.3678194 0.3793715 0.3548745 0.3793715 0.3548745 0.3683742 0.3671163 0.3891934 0.3416607 0.3793715 0.3548745 0.3793715 0.3548745 0.3891934 0.3416607 0.3793715 0.3548745 0.3793715 0.3548745 0.3793715 0.3548745 0.3793715 0.3548745 0.3683742 0.3671163 0.3683742 0.3671163 0.3561699 0.378143 0.3561668 0.3781384 0.3683742 0.3671163 0.3561725 0.3781468 0.3561699 0.378143 0.3561668 0.3781384 0.3561699 0.378143 0.3429958 0.3879811 0.3561699 0.378143 0.3561725 0.3781468 0.343006 0.3879964 0.3561725 0.3781468 0.3563143 0.3783205 0.3435552 0.3888215 0.3690733 0.3678194 0.3563143 0.3783205 0.3561725 0.3781468 0.3435552 0.3888215 0.3289986 0.3966221 0.3288932 0.3964242 0.3288932 0.3964242 0.3289986 0.3966221 0.3144419 0.4044226 0.3288907 0.3964204 0.3288932 0.3964242 0.3140636 0.4035066 0.343006 0.3879964 0.3288932 0.3964242 0.3288907 0.3964204 0.3429958 0.3879811 0.3288907 0.3964204 0.3288876 0.3964158 0.3288876 0.3964158 0.3288907 0.3964204 0.3140636 0.4035066 0.3140636 0.4035066 0.2985822 0.4090108 0.2985822 0.4090108 0.3140636 0.4035066 0.2985822 0.4090108 0.2985822 0.4090108 0.2985822 0.4090108 0.2985822 0.4090108 0.2826594 0.4130561 0.2985822 0.4090108 0.2985822 0.4090108 0.2826594 0.4130561 0.2985822 0.4090108 0.2986471 0.4092254 0.2828523 0.4140281 0.3144419 0.4044226 0.2986471 0.4092254 0.2985822 0.4090108 0.2828523 0.4140281 0.2664262 0.4156496 0.2664043 0.4154265 0.2664043 0.4154265 0.2664262 0.4156496 0.25 0.417271 0.2664043 0.4154219 0.2664043 0.4154265 0.2500001 0.4162801 0.2826594 0.4130561 0.2664043 0.4154265 0.2664043 0.4154219 0.2826594 0.4130561 0.2664043 0.4154219 0.2664043 0.4154164 0.2664043 0.4154164 0.2664043 0.4154219 0.2500001 0.4162618 0.2500001 0.4162618 0.2335879 0.4154618 0.2335835 0.4154782 0.2500001 0.4162801 0.2335914 0.4154485 0.2335879 0.4154618 0.2335835 0.4154782 0.2335879 0.4154619 0.2172874 0.413324 0.2335879 0.4154619 0.2335914 0.4154485 0.2173231 0.4131443 0.2335914 0.4154485 0.2335739 0.4156495 0.2171477 0.414028 0.25 0.417271 0.2335739 0.4156495 0.2335914 0.4154485 0.2171477 0.414028 0.2013528 0.4092254 0.2014048 0.4090537 0.2014048 0.4090537 0.2013528 0.4092254 0.185558 0.4044226 0.2013942 0.4090886 0.2014048 0.4090537 0.1859019 0.4035899 0.2173231 0.4131443 0.2014048 0.4090537 0.2013942 0.4090886 0.2172874 0.413324 0.2013942 0.4090886 0.2013814 0.409131 0.2013814 0.409131 0.2013942 0.4090886 0.185832 0.4037592 0.185832 0.4037592 0.1710937 0.3964581 0.1710883 0.3964741 0.1859019 0.4035899 0.1710981 0.396445 0.1710937 0.3964581 0.1710883 0.3964741 0.1710937 0.3964582 0.1570041 0.3879811 0.1710937 0.3964582 0.1710981 0.396445 0.1569939 0.3879964 0.1710981 0.396445 0.1710013 0.3966221 0.1564447 0.3888216 0.185558 0.4044226 0.1710013 0.3966221 0.1710981 0.396445 0.1564447 0.3888216 0.1436856 0.3783205 0.1438275 0.3781468 0.1438275 0.3781468 0.1436856 0.3783205 0.1309266 0.3678194 0.1438333 0.3781397 0.1438275 0.3781468 0.1316258 0.3671163 0.1569939 0.3879964 0.1438275 0.3781468 0.1438333 0.3781397 0.1570041 0.3879811 0.1438333 0.3781397 0.1438403 0.3781312 0.1438403 0.3781312 0.1438333 0.3781397 0.1316387 0.3671033 0.1316387 0.3671033 0.1206355 0.3548686 0.120644 0.3548616 0.1316258 0.3671163 0.1206285 0.3548744 0.1206355 0.3548686 0.120644 0.3548616 0.1206355 0.3548686 0.1108219 0.3416504 0.1206355 0.3548686 0.1206285 0.3548744 0.1108067 0.3416606 0.1206285 0.3548744 0.1204556 0.3550174 0.1099846 0.3422152 0.1309266 0.3678194 0.1204556 0.3550174 0.1206285 0.3548744 0.1099846 0.3422152 0.1022039 0.3275981 0.1023803 0.3275 0.1023803 0.3275 0.1022039 0.3275981 0.09442329 0.312981 0.1023673 0.3275046 0.1023803 0.3275 0.09525364 0.3126299 0.1108067 0.3416606 0.1023803 0.3275 0.1023673 0.3275046 0.1108219 0.3416504 0.1023673 0.3275046 0.1023514 0.3275101 0.1023514 0.3275101 0.1023673 0.3275046 0.09508478 0.3127012 0.09508478 0.3127012 0.08976829 0.297057 0.08972603 0.2970702 0.09525364 0.3126299 0.08980309 0.297046 0.08976829 0.297057 0.08972603 0.2970702 0.08976829 0.297057 0.08554285 0.2810701 0.08976829 0.297057 0.08980309 0.297046 0.08572208 0.2810322 0.08980309 0.297046 0.08963191 0.2970998 0.08484053 0.2812185 0.09442329 0.312981 0.08963191 0.2970998 0.08980309 0.297046 0.08484053 0.2812185 0.08322274 0.2646663 0.08342325 0.2646453 0.08342325 0.2646453 0.08322274 0.2646663 0.08160489 0.248114 0.08340531 0.2646491 0.08342325 0.2646453 0.08259361 0.2480933 0.08572208 0.2810322 0.08342325 0.2646453 0.08340531 0.2646491 0.08554285 0.2810701 0.08340531 0.2646491 0.08338356 0.2646537 0.08338356 0.2646537 0.08340531 0.2646491 0.08259361 0.2480933 0.08259361 0.2480933 0.08340531 0.2646491 0.08338356 0.2646537 0.08259361 0.2480933 0.08342325 0.2646453 0.08340531 0.2646491 0.08338356 0.2646537 0.08340531 0.2646491 0.08554285 0.2810701 0.08340531 0.2646491 0.08342325 0.2646453 0.08572208 0.2810322 0.08342325 0.2646453 0.08259361 0.2480933 0.08160489 0.248114 0.08342325 0.2646453 0.08322274 0.2646663 0.08484053 0.2812185 0.08980309 0.297046 0.08572208 0.2810322 0.08484053 0.2812185 0.08572208 0.2810322 0.08980309 0.297046 0.08976829 0.2970569 0.08980309 0.297046 0.08963191 0.2970998 0.09442329 0.312981 0.08976829 0.2970569 0.08980309 0.297046 0.09525364 0.3126299 0.08554285 0.2810701 0.08976829 0.2970569 0.08972603 0.2970703 0.08972603 0.2970703 0.08976829 0.2970569 0.09508478 0.3127012 0.09508478 0.3127012 0.1023673 0.3275046 0.1023514 0.3275101 0.09525364 0.3126299 0.1023803 0.3275 0.1023673 0.3275046 0.1023514 0.3275101 0.1023673 0.3275046 0.1108219 0.3416504 0.1023673 0.3275046 0.1023803 0.3275 0.1108067 0.3416606 0.1023803 0.3275 0.09525364 0.3126299 0.09442329 0.312981 0.1023803 0.3275 0.1022039 0.3275981 0.1099846 0.3422152 0.1206285 0.3548744 0.1108067 0.3416606 0.1099846 0.3422152 0.1108067 0.3416606 0.1206285 0.3548744 0.1206355 0.3548686 0.1206285 0.3548744 0.1204556 0.3550174 0.1309266 0.3678194 0.1206355 0.3548686 0.1206285 0.3548744 0.1316258 0.3671163 0.1108219 0.3416504 0.1206355 0.3548686 0.120644 0.3548616 0.120644 0.3548616 0.1206355 0.3548686 0.1316387 0.3671033 0.1316387 0.3671033 0.1438333 0.3781397 0.1438403 0.3781312 0.1316258 0.3671163 0.1438275 0.3781468 0.1438333 0.3781397 0.1438403 0.3781312 0.1438333 0.3781397 0.1570041 0.3879812 0.1438333 0.3781397 0.1438275 0.3781468 0.1569939 0.3879964 0.1438275 0.3781468 0.1316258 0.3671163 0.1309266 0.3678194 0.1438275 0.3781468 0.1436856 0.3783205 0.1564447 0.3888216 0.1710981 0.396445 0.1569939 0.3879964 0.1564447 0.3888216 0.1569939 0.3879964 0.1710981 0.396445 0.1710937 0.3964581 0.1710981 0.396445 0.1710013 0.3966221 0.185558 0.4044226 0.1710937 0.3964582 0.1710981 0.396445 0.1859019 0.4035899 0.1570041 0.3879812 0.1710937 0.3964581 0.1710883 0.3964741 0.1710883 0.3964741 0.1710937 0.3964582 0.185832 0.4037592 0.185832 0.4037592 0.2013942 0.4090886 0.2013814 0.409131 0.1859019 0.4035899 0.2014048 0.4090537 0.2013942 0.4090886 0.2013814 0.409131 0.2013942 0.4090886 0.2172874 0.4133239 0.2013942 0.4090886 0.2014048 0.4090537 0.2173231 0.4131443 0.2014048 0.4090537 0.1859019 0.4035899 0.185558 0.4044226 0.2014048 0.4090537 0.2013528 0.4092254 0.2171477 0.414028 0.2335914 0.4154485 0.2173231 0.4131443 0.2171477 0.414028 0.2173231 0.4131443 0.2335914 0.4154485 0.2335879 0.4154618 0.2335914 0.4154485 0.2335739 0.4156495 0.25 0.417271 0.2335879 0.4154619 0.2335914 0.4154485 0.2500001 0.4162801 0.2172874 0.4133239 0.2335879 0.4154618 0.2335835 0.4154782 0.2335835 0.4154782 0.2335879 0.4154619 0.2500001 0.4162618 0.2500001 0.4162618 0.2664043 0.4154219 0.2664043 0.4154164 0.2500001 0.4162801 0.2664043 0.4154265 0.2664043 0.4154219 0.2664043 0.4154164 0.2664043 0.4154219 0.2826594 0.4130561 0.2664043 0.4154219 0.2664043 0.4154265 0.2826594 0.4130561 0.2664043 0.4154265 0.2500001 0.4162801 0.25 0.417271 0.2664043 0.4154265 0.2664262 0.4156496 0.2828523 0.4140281 0.2985822 0.4090108 0.2826594 0.4130561 0.2828523 0.4140281 0.2826594 0.4130561 0.2985822 0.4090108 0.2985822 0.4090108 0.2985822 0.4090108 0.2986471 0.4092254 0.3144419 0.4044226 0.2985822 0.4090108 0.2985822 0.4090108 0.3140636 0.4035066 0.2826594 0.4130561 0.2985822 0.4090108 0.2985822 0.4090108 0.2985822 0.4090108 0.2985822 0.4090108 0.3140636 0.4035066 0.3140636 0.4035066 0.3288907 0.3964204 0.3288876 0.3964158 0.3140636 0.4035066 0.3288932 0.3964242 0.3288907 0.3964204 0.3288876 0.3964158 0.3288907 0.3964204 0.3429958 0.3879811 0.3288907 0.3964204 0.3288932 0.3964242 0.343006 0.3879964 0.3288932 0.3964242 0.3140636 0.4035066 0.3144419 0.4044226 0.3288932 0.3964242 0.3289986 0.3966221 0.3435552 0.3888215 0.3561725 0.3781468 0.343006 0.3879964 0.3435552 0.3888215 0.343006 0.3879964 0.3561725 0.3781468 0.3561699 0.378143 0.3561725 0.3781468 0.3563143 0.3783205 0.3690733 0.3678194 0.3561699 0.378143 0.3561725 0.3781468 0.3683742 0.3671163 0.3429958 0.3879811 0.3561699 0.378143 0.3561668 0.3781384 0.3561668 0.3781384 0.3561699 0.378143 0.3683742 0.3671163 0.3683742 0.3671163 0.3793715 0.3548745 0.3793715 0.3548745 0.3683742 0.3671163 0.3793715 0.3548745 0.3793715 0.3548745 0.3793715 0.3548745 0.3793715 0.3548745 0.3891934 0.3416607 0.3793715 0.3548745 0.3793715 0.3548745 0.3891934 0.3416607 0.3793715 0.3548745 0.3683742 0.3671163 0.3690733 0.3678194 0.3793715 0.3548745 0.3795444 0.3550174 0.3900154 0.3422154 0.3975989 0.3274912 0.3891934 0.3416607 0.3900154 0.3422154 0.3891934 0.3416607 0.3975989 0.3274912 0.3975989 0.3274912 0.3975989 0.3274912 0.3977961 0.3275981 0.4055768 0.3129808 0.3975989 0.3274912 0.3975989 0.3274912 0.4046634 0.3125947 0.3891934 0.3416607 0.3975989 0.3274912 0.3975989 0.3274912 0.3975989 0.3274912 0.3975989 0.3274912 0.4046634 0.3125947 0.4046634 0.3125947 0.4101496 0.2970316 0.4101442 0.2970305 0.4046634 0.3125947 0.4101541 0.2970325 0.4101496 0.2970316 0.4101442 0.2970305 0.4101496 0.2970316 0.4141718 0.2810097 0.4101496 0.2970316 0.4101541 0.2970325 0.4141898 0.2810135 0.4101541 0.2970325 0.4046634 0.3125947 0.4055768 0.3129808 0.4101541 0.2970325 0.4103682 0.2970997 0.4151594 0.2812186 0.4165548 0.2646406 0.4141898 0.2810135 0.4151594 0.2812186 0.4141898 0.2810135 0.4165548 0.2646406 0.4165457 0.2646396 0.4141718 0.2810097 0.4165457 0.2646396 0.4165347 0.2646384 0.4141501 0.2810052 0.4165347 0.2646384 0.4165247 0.2646372 0.4101392 0.2970294 0.4101442 0.2970305 0.4141501 0.2810052 0.4046634 0.3125947 0.4101442 0.2970305 0.4101392 0.2970294 0.3975989 0.3274912 0.3975989 0.3274912 0.4046634 0.3125947 0.3891934 0.3416607 0.3975989 0.3274912 0.3975989 0.3274912 0.3793715 0.3548745 0.3793715 0.3548745 0.3891934 0.3416607 0.3793939 0.354893 0.3793715 0.3548745 0.3891934 0.3416607 0.3683742 0.3671163 0.3793715 0.3548745 0.3793715 0.3548745 0.3683742 0.3671163 0.3793715 0.3548745 0.3793939 0.354893 0.3684743 0.3672168 0.3793939 0.354893 0.3794152 0.3549106 0.3561755 0.3781434 0.3561658 0.378133 0.3684743 0.3672168 0.3561658 0.378133 0.356164 0.3781342 0.3683742 0.3671163 0.3429723 0.3879458 0.356164 0.3781342 0.3561658 0.378133 0.3429523 0.3879156 0.3561658 0.378133 0.3561755 0.3781434 0.3429551 0.3879199 0.3561755 0.3781434 0.3561838 0.378152 0.3561837 0.378152 0.3561755 0.3781434 0.3685528 0.3672959 0.3562235 0.378192 0.3429561 0.3879214 0.3429561 0.3879214 0.3562235 0.378192 0.3561837 0.378152 0.3686355 0.3673791 0.3562235 0.378192 0.3563144 0.3783205 0.3435553 0.3888216 0.3562235 0.378192 0.3690733 0.3678194 0.3690733 0.3678194 0.3289151 0.3964887 0.3429561 0.3879214 0.3435553 0.3888216 0.3289151 0.3964887 0.3289775 0.3965826 0.3144419 0.4044226 0.3289151 0.3964887 0.3144419 0.4044226 0.314205 0.403849 0.3289151 0.3964887 0.3288936 0.3964366 0.3429561 0.3879214 0.3288936 0.3964366 0.3288889 0.3964257 0.3429551 0.3879199 0.3141602 0.4037405 0.3288889 0.3964257 0.3288936 0.3964366 0.2986065 0.4090911 0.2985986 0.409065 0.3141602 0.4037405 0.2986471 0.4092254 0.2986065 0.4090911 0.314205 0.403849 0.2827087 0.4133043 0.2985986 0.409065 0.2986065 0.4090911 0.2986471 0.4092254 0.2828523 0.4140281 0.2827315 0.4134194 0.2986471 0.4092254 0.2986471 0.4092254 0.2828523 0.4140282 0.2986471 0.4092254 0.3144419 0.4044227 0.3144419 0.4044227 0.2664218 0.4154924 0.2828523 0.4140281 0.2828523 0.4140282 0.2500001 0.41619 0.2664218 0.4154924 0.2664262 0.4156496 0.2664218 0.4154924 0.2500001 0.41619 0.2500001 0.4161901 0.2664218 0.4154924 0.2664108 0.4154371 0.2827315 0.4134194 0.2664108 0.4154371 0.2664087 0.4154254 0.2827087 0.4133043 0.2500001 0.4161884 0.2664087 0.4154254 0.2664108 0.4154371 0.2335755 0.4155061 0.233575 0.4155078 0.2500001 0.4161884 0.2335783 0.4154923 0.2335755 0.4155061 0.2500001 0.41619 0.2171485 0.4140241 0.233575 0.4155078 0.2335755 0.4155061 0.2335783 0.4154923 0.2171477 0.414028 0.2171478 0.414028 0.2335783 0.4154923 0.2335739 0.4156496 0.2171478 0.414028 0.2335783 0.4154923 0.2500001 0.41619 0.2500001 0.417271 0.2013529 0.4092254 0.2171477 0.414028 0.2171478 0.414028 0.2013529 0.4092254 0.2014089 0.4090784 0.1859707 0.4034234 0.2013529 0.4092254 0.185558 0.4044227 0.185558 0.4044227 0.2013529 0.4092254 0.2013528 0.4092254 0.2171478 0.4140281 0.2013528 0.4092254 0.2013528 0.4092254 0.2171485 0.4140241 0.1855595 0.404419 0.2013528 0.4092254 0.2013528 0.4092253 0.1710794 0.3965018 0.1710789 0.3965035 0.1855595 0.404419 0.1710848 0.3964887 0.1710794 0.3965018 0.185558 0.4044226 0.1570448 0.38792 0.1710789 0.3965035 0.1710795 0.3965018 0.1710848 0.3964887 0.1570439 0.3879214 0.1570439 0.3879214 0.1710848 0.3964887 0.1711278 0.3963847 0.1570439 0.3879214 0.1711278 0.3963847 0.1710848 0.3964887 0.185558 0.4044226 0.1437765 0.378192 0.1438559 0.3781121 0.1570439 0.3879214 0.1438559 0.3781121 0.1437765 0.378192 0.1309266 0.3678194 0.1316893 0.3670524 0.1316893 0.3670524 0.1438559 0.3781121 0.1570439 0.3879214 0.1438559 0.3781121 0.1438559 0.3781121 0.1438559 0.3781121 0.1438571 0.3781107 0.1570448 0.38792 0.1316906 0.3670511 0.1438571 0.3781107 0.1438559 0.3781121 0.1206631 0.3548458 0.1206645 0.3548446 0.1316906 0.3670511 0.1316893 0.3670524 0.1206631 0.3548458 0.1206631 0.3548458 0.1108828 0.3416092 0.1206645 0.3548446 0.1206631 0.3548458 0.1108814 0.3416103 0.1108814 0.3416103 0.1206631 0.3548458 0.1206631 0.3548458 0.1204556 0.3550174 0.1099846 0.3422152 0.1206631 0.3548458 0.1316893 0.3670524 0.1309266 0.3678194 0.1023368 0.3275138 0.1108814 0.3416103 0.1099846 0.3422152 0.09442329 0.312981 0.1023368 0.3275138 0.1023471 0.3275328 0.1023368 0.3275138 0.09442329 0.312981 0.09442329 0.312981 0.1023368 0.3275138 0.1023238 0.3275192 0.1108814 0.3416103 0.1023238 0.3275192 0.1023221 0.3275197 0.1108828 0.3416092 0.09442687 0.3129794 0.1023221 0.3275197 0.1023238 0.3275192 0.08963191 0.2970998 0.08963191 0.2970998 0.09442687 0.3129794 0.08963191 0.2970998 0.08963191 0.2970998 0.09442329 0.312981 0.08484435 0.2812178 0.08963191 0.2970998 0.08963191 0.2970998 0.08963191 0.2970998 0.08484053 0.2812186 0.08484059 0.2812186 0.08963191 0.2970998 0.08975648 0.2970471 0.08484053 0.2812185 0.08963191 0.2970998 0.09442329 0.312981 0.0954197 0.3125596 0.08322274 0.2646663 0.08484053 0.2812186 0.08484053 0.2812185 0.08322274 0.2646663 0.08324521 0.2646658 0.08160489 0.2481139 0.08322274 0.2646663 0.08160489 0.248114 0.08222407 0.248101 0.08322274 0.2646663 0.08329308 0.2646648 0.08484059 0.2812186 0.08329308 0.2646648 0.08330672 0.2646645 0.08484435 0.2812178 0.08234095 0.2481369 0.08330672 0.2646645 0.08329308 0.2646648 0.08329308 0.2646648 0.08330672 0.2646645 0.08234095 0.2481369 0.08322274 0.2646663 0.08329308 0.2646648 0.08222407 0.248101 0.08484435 0.2812178 0.08330672 0.2646645 0.08329308 0.2646648 0.08484053 0.2812186 0.08329308 0.2646648 0.08322274 0.2646663 0.08160489 0.2481139 0.08324521 0.2646658 0.08322274 0.2646663 0.08484053 0.2812185 0.08484053 0.2812186 0.08322274 0.2646663 0.08484053 0.2812185 0.08975648 0.2970471 0.08963191 0.2970998 0.0954197 0.3125596 0.09442329 0.312981 0.08963191 0.2970998 0.08963191 0.2970998 0.08963191 0.2970998 0.08484059 0.2812186 0.09442329 0.312981 0.08963191 0.2970998 0.08963191 0.2970998 0.08963191 0.2970998 0.08963191 0.2970998 0.08484435 0.2812178 0.09442687 0.3129794 0.08963191 0.2970998 0.08963191 0.2970998 0.1023238 0.3275192 0.1023222 0.3275197 0.09442687 0.3129794 0.1023368 0.3275138 0.1023238 0.3275192 0.09442329 0.312981 0.1108828 0.3416092 0.1023222 0.3275197 0.1023238 0.3275192 0.1108814 0.3416103 0.1023238 0.3275192 0.1023368 0.3275138 0.0954197 0.3125596 0.1023471 0.3275328 0.1023368 0.3275138 0.1099846 0.3422152 0.1108814 0.3416103 0.1023368 0.3275138 0.1099846 0.3422152 0.1204556 0.3550174 0.1206631 0.3548458 0.1309266 0.3678194 0.1316893 0.3670524 0.1206631 0.3548458 0.1206631 0.3548458 0.1108814 0.3416103 0.1108814 0.3416103 0.1316893 0.3670524 0.1316893 0.3670524 0.1206631 0.3548458 0.1206631 0.3548458 0.1206645 0.3548446 0.1108828 0.3416092 0.1316906 0.3670511 0.1206645 0.3548446 0.1206631 0.3548458 0.1438559 0.3781121 0.1438571 0.3781107 0.1316906 0.3670511 0.1438559 0.3781121 0.1316893 0.3670524 0.1316893 0.3670524 0.1570448 0.38792 0.1438571 0.3781107 0.1438559 0.3781121 0.1570439 0.3879214 0.1570439 0.3879214 0.1438559 0.3781121 0.1309266 0.3678194 0.1437765 0.378192 0.1438559 0.3781121 0.1437765 0.378192 0.1570439 0.3879214 0.1570439 0.3879214 0.1710848 0.3964887 0.1710794 0.3965018 0.1570439 0.3879214 0.185558 0.4044226 0.1710795 0.3965018 0.1710848 0.3964887 0.1710794 0.3965018 0.171079 0.3965035 0.1570448 0.38792 0.1855595 0.404419 0.171079 0.3965035 0.1710795 0.3965018 0.2013528 0.4092254 0.2013528 0.4092254 0.1855595 0.404419 0.2013529 0.4092254 0.2013528 0.4092254 0.185558 0.4044226 0.2171485 0.4140242 0.2013528 0.4092254 0.2013528 0.4092254 0.2171478 0.4140281 0.2013528 0.4092254 0.2013529 0.4092254 0.2335783 0.4154923 0.2335755 0.4155061 0.2171478 0.414028 0.2500001 0.41619 0.2335755 0.4155061 0.2335783 0.4154923 0.2335755 0.4155061 0.233575 0.4155078 0.2171485 0.4140242 0.2500001 0.4161884 0.233575 0.4155078 0.2335755 0.4155061 0.2664108 0.4154371 0.2664087 0.4154253 0.2500001 0.4161884 0.2664218 0.4154924 0.2664108 0.4154371 0.2500001 0.41619 0.2827087 0.4133043 0.2664087 0.4154253 0.2664108 0.4154371 0.2827315 0.4134194 0.2664108 0.4154371 0.2664218 0.4154924 0.2986471 0.4092254 0.2986065 0.4090911 0.2827315 0.4134194 0.314205 0.403849 0.2986065 0.4090911 0.2986471 0.4092254 0.2986065 0.4090911 0.2985987 0.4090651 0.2827087 0.4133043 0.3141602 0.4037405 0.2985987 0.4090651 0.2986065 0.4090911 0.3288936 0.3964366 0.3288888 0.3964257 0.3141602 0.4037405 0.3289151 0.3964887 0.3288936 0.3964366 0.3142051 0.403849 0.3429551 0.38792 0.3288888 0.3964257 0.3288936 0.3964366 0.3429561 0.3879214 0.3288936 0.3964366 0.3289151 0.3964887 0.3435553 0.3888216 0.3563144 0.3783205 0.3562235 0.378192 0.3562235 0.378192 0.3561837 0.378152 0.3429561 0.3879214 0.3690733 0.3678194 0.3690733 0.3678194 0.3562235 0.378192 0.3690733 0.3678194 0.3795444 0.3550174 0.3795444 0.3550174 0.3900154 0.3422154 0.3900154 0.3422154 0.3795444 0.3550174 0.3795444 0.3550174 0.3794361 0.3549279 0.3686355 0.3673791 0.3895006 0.3418681 0.3794361 0.3549279 0.3795444 0.3550174 0.3794361 0.3549279 0.3794152 0.3549106 0.3685528 0.3672958 0.3894032 0.3418024 0.3794152 0.3549106 0.3794361 0.3549279 0.3976726 0.3275312 0.3976487 0.3275182 0.3894032 0.3418024 0.3977961 0.3275982 0.3976726 0.3275312 0.3895006 0.3418681 0.4048966 0.3126933 0.3976487 0.3275182 0.3976727 0.3275312 0.4055768 0.3129808 0.4050047 0.312739 0.3976727 0.3275312 0.3900154 0.3422154 0.3977961 0.3275981 0.3977961 0.3275982 0.4055768 0.3129808 0.4055768 0.3129808 0.3977961 0.3275982 0.4055768 0.3129808 0.4102152 0.297063 0.4102151 0.297063 0.4141016 0.2809948 0.4141016 0.2809948 0.4102151 0.297063 0.4102151 0.297063 0.4101631 0.297041 0.4050048 0.312739 0.4141016 0.2809949 0.4101631 0.297041 0.4102151 0.297063 0.4101631 0.297041 0.410152 0.2970365 0.4048966 0.3126933 0.4140998 0.2809945 0.410152 0.2970365 0.4101631 0.297041 0.4165102 0.2646355 0.4165084 0.2646353 0.4140998 0.2809945 0.4165102 0.2646355 0.4141016 0.2809949 0.4141016 0.2809948 0.4173147 0.2481296 0.4165084 0.2646353 0.4165102 0.2646355 0.4173166 0.2480914 0.4173166 0.2480914 0.4165102 0.2646355 0.4165102 0.2646355 0.4165102 0.2646355 0.4141016 0.2809948 0.4173166 0.2480913 0.4173166 0.2480914 0.4165102 0.2646355 0.4165102 0.2646355 0.4173166 0.2480914 0.4173166 0.2480913 0.4173166 0.2480914 0.4165102 0.2646355 0.4165102 0.2646355 0.4165102 0.2646355 0.4165084 0.2646353 0.4173147 0.2481296 0.4140946 0.2809935 0.4101388 0.2970315 0.410152 0.2970365 0.410152 0.2970365 0.4101388 0.2970315 0.4047939 0.31265 0.4101388 0.2970315 0.4101392 0.2970294 0.4046634 0.3125947 0.4141303 0.2810009 0.4101392 0.2970294 0.4101388 0.2970315 0.4101392 0.2970294 0.4101442 0.2970305 0.4046634 0.3125947 0.4141501 0.2810052 0.4101442 0.2970305 0.4101392 0.2970294 0.4046634 0.3125947 0.3975989 0.3274912 0.3975989 0.3274912 0.4046634 0.3125947 0.3975989 0.3274912 0.3976244 0.3275051 0.3976244 0.3275051 0.3975989 0.3274912 0.3891934 0.3416607 0.3975989 0.3274912 0.3975989 0.3274912 0.3891934 0.3416607 0.3891934 0.3416607 0.3793715 0.3548745 0.3793715 0.3548745 0.3891934 0.3416607 0.3793715 0.3548745 0.3793939 0.354893 0.3893111 0.3417401 0.3793939 0.354893 0.3794152 0.3549106 0.3976487 0.3275182 0.3976244 0.3275051 0.3893111 0.3417401 0.3794152 0.3549106 0.3793939 0.354893 0.3684742 0.3672168 0.3793939 0.354893 0.3793715 0.3548745 0.3683742 0.3671163 0.3683742 0.3671163 0.356164 0.3781342 0.3561658 0.3781329 0.3684742 0.3672168 0.3561658 0.3781329 0.3561754 0.3781434 0.3685528 0.3672958 0.3561754 0.3781434 0.3561837 0.378152 0.3561837 0.378152 0.3561754 0.3781434 0.3429551 0.38792 0.3561754 0.3781434 0.3561658 0.3781329 0.3429523 0.3879156 0.3429523 0.3879156 0.328883 0.3964128 0.3288888 0.3964257 0.3561658 0.3781329 0.356164 0.3781342 0.3429723 0.3879458 0.3429723 0.3879458 0.3288848 0.3964116 0.328883 0.3964128 0.3288888 0.3964257 0.328883 0.3964128 0.3141177 0.4036377 0.328883 0.3964128 0.3288848 0.3964116 0.3140636 0.4035066 0.3288848 0.3964116 0.3288876 0.3964158 0.3140636 0.4035066 0.3429835 0.3879626 0.3288876 0.3964158 0.3288848 0.3964116 0.3140636 0.4035066 0.2985822 0.4090108 0.2985822 0.4090108 0.3140636 0.4035066 0.2985822 0.4090108 0.2985906 0.4090387 0.2985906 0.4090387 0.2985822 0.4090108 0.2826594 0.4130561 0.2985822 0.4090108 0.2985822 0.4090108 0.2826594 0.4130561 0.2826594 0.4130561 0.2664043 0.4154164 0.2664043 0.4154114 0.2826594 0.4130561 0.2664043 0.4154114 0.2664064 0.4154114 0.2826871 0.4131951 0.2664064 0.4154114 0.2664087 0.4154253 0.2985987 0.4090651 0.2985906 0.4090387 0.2826871 0.4131951 0.2664087 0.4154253 0.2664064 0.4154114 0.25 0.4161835 0.2664064 0.4154114 0.2664043 0.4154114 0.2500001 0.4162194 0.25 0.4161835 0.2335745 0.4155074 0.233575 0.4155078 0.2500001 0.4162194 0.2335796 0.415493 0.2335745 0.4155074 0.233575 0.4155078 0.2335745 0.4155074 0.2171506 0.414013 0.2335745 0.4155074 0.2335796 0.415493 0.2172048 0.4137405 0.2335796 0.415493 0.2335835 0.4154782 0.2172442 0.4135422 0.2500001 0.4162396 0.2335835 0.4154782 0.2335796 0.415493 0.2172442 0.4135422 0.2013814 0.409131 0.2013698 0.4091695 0.2172048 0.4137405 0.2013698 0.4091695 0.2013528 0.4092254 0.2013528 0.4092254 0.2013698 0.4091695 0.1856699 0.4041516 0.2013698 0.4091695 0.2013814 0.409131 0.185747 0.4039648 0.185747 0.4039648 0.1710883 0.3964741 0.1710833 0.3964886 0.1856699 0.4041516 0.1710833 0.3964886 0.1710795 0.3965034 0.1855639 0.4044085 0.1710795 0.3965034 0.171079 0.3965035 0.2013528 0.4092254 0.2013528 0.4092254 0.1855639 0.4044085 0.171079 0.3965035 0.1710795 0.3965034 0.1570477 0.3879159 0.1710795 0.3965034 0.1710833 0.3964886 0.1570276 0.3879458 0.1570276 0.3879458 0.1438466 0.3781234 0.1438605 0.3781065 0.1570477 0.3879159 0.1438605 0.3781065 0.1438571 0.3781107 0.1438571 0.3781107 0.1438605 0.3781065 0.1316944 0.3670473 0.1438605 0.3781065 0.1438466 0.3781234 0.1316686 0.3670732 0.1438466 0.3781234 0.1438403 0.3781312 0.1316544 0.3670875 0.1570164 0.3879626 0.1438403 0.3781312 0.1438466 0.3781234 0.1316544 0.3670875 0.120644 0.3548616 0.1206518 0.3548551 0.1316686 0.3670732 0.1206518 0.3548551 0.1206687 0.3548412 0.1206687 0.3548412 0.1206518 0.3548551 0.1108571 0.3416267 0.1206518 0.3548551 0.120644 0.3548616 0.1108403 0.341638 0.1108403 0.341638 0.1023514 0.3275101 0.102337 0.3275152 0.1108571 0.3416267 0.102337 0.3275152 0.1023222 0.3275192 0.1108869 0.3416064 0.1023222 0.3275192 0.1023222 0.3275197 0.1206645 0.3548446 0.1206687 0.3548412 0.1108869 0.3416064 0.1023222 0.3275197 0.1023222 0.3275192 0.0944373 0.3129749 0.1023222 0.3275192 0.102337 0.3275152 0.09469348 0.3128667 0.09469348 0.3128667 0.08968764 0.2970823 0.08963191 0.2970998 0.0944373 0.3129749 0.08963191 0.2970998 0.08963191 0.2970998 0.08963191 0.2970998 0.08963191 0.2970998 0.08485525 0.2812156 0.08963191 0.2970998 0.08968764 0.2970823 0.08512747 0.2811579 0.08968764 0.2970823 0.08972603 0.2970702 0.08532518 0.2811161 0.09487974 0.312788 0.08972603 0.2970702 0.08968764 0.2970823 0.08532518 0.2811161 0.08338356 0.2646537 0.08336377 0.2646579 0.08512747 0.2811579 0.08336377 0.2646579 0.08332055 0.2646642 0.08332055 0.2646642 0.08336377 0.2646579 0.08259361 0.2480933 0.08336377 0.2646579 0.08338356 0.2646537 0.08259361 0.2480933 0.08259361 0.2480933 0.08338356 0.2646537 0.08336377 0.2646579 0.08259361 0.2480933 0.08336377 0.2646579 0.08332055 0.2646642 0.08245122 0.2482459 0.08332055 0.2646642 0.08330672 0.2646645 0.08330672 0.2646645 0.08332055 0.2646642 0.08245122 0.2482459 0.08332055 0.2646642 0.08336377 0.2646579 0.08512747 0.2811579 0.08330672 0.2646645 0.08332055 0.2646642 0.08485525 0.2812156 0.08485525 0.2812156 0.08963191 0.2970998 0.08963191 0.2970998 0.08512747 0.2811579 0.08968764 0.2970823 0.08963191 0.2970998 0.08963191 0.2970998 0.08968764 0.2970823 0.09469348 0.3128667 0.08963191 0.2970998 0.08963191 0.2970998 0.0944373 0.3129749 0.0944373 0.3129749 0.1023222 0.3275192 0.1023221 0.3275197 0.09469348 0.3128667 0.102337 0.3275152 0.1023222 0.3275192 0.1023222 0.3275192 0.102337 0.3275152 0.1108571 0.3416267 0.1023221 0.3275197 0.1023222 0.3275192 0.1108869 0.3416064 0.1108869 0.3416064 0.1206687 0.3548412 0.1206645 0.3548446 0.1108571 0.3416267 0.1206518 0.3548551 0.1206687 0.3548412 0.1206687 0.3548412 0.1206518 0.3548551 0.1316686 0.3670732 0.1206645 0.3548446 0.1206687 0.3548412 0.1316944 0.3670473 0.1316944 0.3670473 0.1438605 0.3781065 0.1438571 0.3781107 0.1316686 0.3670732 0.1438466 0.3781234 0.1438605 0.3781065 0.1438605 0.3781065 0.1438466 0.3781234 0.1570276 0.3879458 0.1438571 0.3781107 0.1438605 0.3781065 0.1570477 0.3879159 0.1570477 0.3879159 0.1710795 0.3965035 0.1710789 0.3965035 0.1570276 0.3879458 0.1710833 0.3964886 0.1710795 0.3965035 0.1710795 0.3965035 0.1710833 0.3964886 0.1856699 0.4041516 0.1710789 0.3965035 0.1710795 0.3965035 0.1855639 0.4044085 0.1855639 0.4044085 0.2013528 0.4092254 0.2013528 0.4092254 0.1856699 0.4041516 0.2013698 0.4091695 0.2013528 0.4092254 0.2013528 0.4092254 0.2013698 0.4091695 0.2172048 0.4137405 0.2013528 0.4092254 0.2013528 0.4092254 0.2171506 0.414013 0.2171506 0.414013 0.2335746 0.4155074 0.233575 0.4155078 0.2172048 0.4137405 0.2335796 0.415493 0.2335746 0.4155074 0.2335746 0.4155074 0.2335796 0.415493 0.2500001 0.4162194 0.233575 0.4155078 0.2335746 0.4155074 0.25 0.4161835 0.2500001 0.4162194 0.2664043 0.4154114 0.2664064 0.4154114 0.25 0.4161835 0.2664064 0.4154114 0.2664087 0.4154254 0.2664064 0.4154114 0.2664043 0.4154114 0.2826594 0.4130561 0.2664087 0.4154254 0.2664064 0.4154114 0.2826871 0.4131951 0.2826871 0.4131951 0.2985907 0.4090386 0.2985986 0.409065 0.2826594 0.4130561 0.2985823 0.4090109 0.2985907 0.4090386 0.2985907 0.4090386 0.2985823 0.4090109 0.3140636 0.4035066 0.2985986 0.409065 0.2985907 0.4090386 0.3141177 0.4036377 0.3141177 0.4036377 0.328883 0.3964127 0.3288889 0.3964257 0.3140636 0.4035066 0.3288848 0.3964116 0.328883 0.3964127 0.328883 0.3964127 0.3288848 0.3964116 0.3429723 0.3879458 0.3288889 0.3964257 0.328883 0.3964127 0.3429523 0.3879156 0.3288848 0.3964116 0.3288876 0.3964158 0.3429835 0.3879626 0.3140636 0.4035066 0.3288876 0.3964158 0.3288848 0.3964116 0.3429835 0.3879626 0.3561668 0.3781384 0.356164 0.3781342 0.2985823 0.4090109 0.2985822 0.4090108 0.3140636 0.4035066 0.2826594 0.4130561 0.2985822 0.4090108 0.2985823 0.4090109 0.2664043 0.4154114 0.2664043 0.4154164 0.2826594 0.4130561 0.2500001 0.4162396 0.2664043 0.4154164 0.2664043 0.4154114 0.2335796 0.415493 0.2335835 0.4154782 0.2500001 0.4162396 0.2172442 0.4135422 0.2335835 0.4154782 0.2335796 0.415493 0.2013698 0.4091695 0.2013814 0.409131 0.2172442 0.4135422 0.185747 0.4039648 0.2013814 0.409131 0.2013698 0.4091695 0.1710833 0.3964886 0.1710883 0.3964741 0.185747 0.4039648 0.1570164 0.3879626 0.1710883 0.3964741 0.1710833 0.3964886 0.1438466 0.3781234 0.1438403 0.3781312 0.1570164 0.3879626 0.1316544 0.3670876 0.1438403 0.3781312 0.1438466 0.3781234 0.1206518 0.3548551 0.120644 0.3548616 0.1316544 0.3670876 0.1108403 0.341638 0.120644 0.3548616 0.1206518 0.3548551 0.102337 0.3275152 0.1023514 0.3275101 0.1108403 0.341638 0.09487974 0.312788 0.1023514 0.3275101 0.102337 0.3275152 0.08968764 0.2970823 0.08972603 0.2970703 0.09487974 0.312788 0.08532518 0.2811161 0.08972603 0.2970703 0.08968764 0.2970823 0.08336377 0.2646579 0.08338356 0.2646537 0.08532518 0.2811161 0.08485525 0.2812156 0.08332055 0.2646642 0.08330672 0.2646645 0.102337 0.3275152 0.1023514 0.3275101 0.09487974 0.312788 0.1316944 0.3670473 0.1206687 0.3548412 0.1206645 0.3548446 0.1710833 0.3964886 0.1710883 0.3964741 0.1570164 0.3879626 0.2171506 0.414013 0.2013528 0.4092254 0.2013528 0.4092254 0.2664043 0.4154114 0.2664043 0.4154164 0.2500001 0.4162396 0.3141177 0.4036377 0.2985906 0.4090387 0.2985987 0.4090651 0.356164 0.3781342 0.3561668 0.3781384 0.3429835 0.3879626 0.3683742 0.3671163 0.3561668 0.3781384 0.356164 0.3781342 0.3686355 0.3673791 0.3561837 0.378152 0.3562235 0.378192 0.3793715 0.3548745 0.3793715 0.3548745 0.3683742 0.3671163 0.4047939 0.31265 0.3976244 0.3275051 0.3976487 0.3275182 0.356164 0.3781342 0.3561668 0.3781384 0.3683742 0.3671163</float_array>
          <technique_common>
            <accessor source="#Cylinder_053-mesh-map-0-array" count="19752" stride="2">
              <param name="S" type="float"/>
              <param name="T" type="float"/>
            </accessor>
          </technique_common>
        </source>
        <vertices id="Cylinder_053-mesh-vertices">
          <input semantic="POSITION" source="#Cylinder_053-mesh-positions"/>
        </vertices>
        <triangles material="black-material" count="4664">
          <input semantic="VERTEX" source="#Cylinder_053-mesh-vertices" offset="0"/>
          <input semantic="NORMAL" source="#Cylinder_053-mesh-normals" offset="1"/>
          <input semantic="TEXCOORD" source="#Cylinder_053-mesh-map-0" offset="2" set="0"/>
          <p>1025 1024 2880 1027 1025 2881 1024 1026 2882 1030 1027 2883 1024 1026 2884 1028 1028 2885 1024 1026 2886 1031 1029 2887 1028 1028 2888 1026 1030 2889 1027 1025 2890 1040 1031 2891 1028 1028 2892 1032 1032 2893 1029 1033 2894 1964 1034 2895 1028 1028 2896 1029 1033 2897 1032 1032 2898 1033 1035 2899 1034 1036 2900 1031 1029 2901 1036 1037 2902 1033 1035 2903 1033 1035 2904 2738 1038 2905 1034 1036 2906 1036 1037 2907 1035 1039 2908 1033 1035 2909 1026 1030 2910 1038 1040 2911 1036 1037 2912 1037 1041 2913 1038 1040 2914 1041 1042 2915 1041 1042 2916 1039 1043 2917 1043 1044 2918 1040 1031 2919 1039 1043 2920 1038 1040 2921 1041 1042 2922 1044 1045 2923 1042 1046 2924 1037 1041 2925 1042 1046 2926 1748 1047 2927 1043 1044 2928 1046 1048 2929 1044 1045 2930 1043 1044 2931 1048 1049 2932 1045 1050 2933 1045 1050 2934 1506 1051 2935 1046 1048 2936 1045 1050 2937 1050 1052 2938 1047 1053 2939 2750 1054 2940 1048 1049 2941 1039 1043 2942 1049 1055 2943 1050 1052 2944 1048 1049 2945 1051 1056 2946 1052 1057 2947 1050 1052 2948 1047 1053 2949 1052 1057 2950 1054 1058 2951 1053 1059 2952 1055 1060 2953 1052 1057 2954 1052 1057 2955 1058 1061 2956 1054 1058 2957 1058 1061 2958 1056 1062 2959 1060 1063 2960 1057 1064 2961 1056 1062 2962 1055 1060 2963 1058 1061 2964 1061 1065 2965 1059 1066 2966 1054 1058 2967 1059 1066 2968 1505 1067 2969 1060 1063 2970 1063 1068 2971 1061 1065 2972 1060 1063 2973 1065 1069 2974 1062 1070 2975 1062 1070 2976 2751 1071 2977 1063 1068 2978 1062 1070 2979 1067 1072 2980 1064 1073 2981 1383 1074 2982 1065 1069 2983 1056 1062 2984 1066 1075 2985 1067 1072 2986 1065 1069 2987 1068 1076 2988 1069 1077 2989 1067 1072 2990 1064 1073 2991 1069 1077 2992 1072 1078 2993 1070 1079 2994 1071 1080 2995 1069 1077 2996 1072 1078 2997 1071 1080 2998 1074 1081 2999 1064 1073 3000 1073 1082 3001 2751 1071 3002 1072 1078 3003 1075 1083 3004 1073 1082 3005 1077 1084 3006 1074 1081 3007 1076 1085 3008 1078 1086 3009 1074 1081 3010 1071 1080 3011 1166 1087 3012 1210 1088 3013 1079 1089 3014 1078 1086 3015 1081 1090 3016 1079 1089 3017 1080 1091 3018 1081 1090 3019 1082 1092 3020 1070 1079 3021 1082 1092 3022 1081 1090 3023 1085 1093 3024 1082 1092 3025 1083 1094 3026 1080 1091 3027 1084 1095 3028 1087 1096 3029 1085 1093 3030 1086 1097 3031 1084 1095 3032 1088 1098 3033 1084 1095 3034 1086 1097 3035 1088 1098 3036 1091 1099 3037 1089 1100 3038 1090 1101 3039 1091 1099 3040 1093 1102 3041 1092 1103 3042 1093 1102 3043 1091 1099 3044 1092 1103 3045 1086 1097 3046 1376 1104 3047 1096 1105 3048 1093 1102 3049 1094 1106 3050 1090 1101 3051 1095 1107 3052 1098 1108 3053 1096 1105 3054 1097 1109 3055 1095 1107 3056 1099 1110 3057 1095 1107 3058 1097 1109 3059 1099 1110 3060 1102 1111 3061 1100 1112 3062 1101 1113 3063 1102 1111 3064 1104 1114 3065 1103 1115 3066 1104 1114 3067 1102 1111 3068 1103 1115 3069 1097 1109 3070 1366 1116 3071 1107 1117 3072 1104 1114 3073 1105 1118 3074 1101 1113 3075 1106 1119 3076 1109 1120 3077 1107 1117 3078 1108 1121 3079 1106 1119 3080 1110 1122 3081 1106 1119 3082 1108 1121 3083 1110 1122 3084 1113 1123 3085 1111 1124 3086 1112 1125 3087 1113 1123 3088 1115 1126 3089 1114 1127 3090 1115 1126 3091 1113 1123 3092 1114 1127 3093 1108 1121 3094 1357 1128 3095 1118 1129 3096 1115 1126 3097 1116 1130 3098 1112 1125 3099 1117 1131 3100 1120 1132 3101 1118 1129 3102 1119 1133 3103 1117 1131 3104 1121 1134 3105 1117 1131 3106 1119 1133 3107 1121 1134 3108 1124 1135 3109 1122 1136 3110 1123 1137 3111 1124 1135 3112 1126 1138 3113 1125 1139 3114 1126 1138 3115 1124 1135 3116 1125 1139 3117 1119 1133 3118 1348 1140 3119 1129 1141 3120 1126 1138 3121 1127 1142 3122 1123 1137 3123 1128 1143 3124 1131 1144 3125 1129 1141 3126 1130 1145 3127 1128 1143 3128 1132 1146 3129 1128 1143 3130 1130 1145 3131 1132 1146 3132 1135 1147 3133 1133 1148 3134 1134 1149 3135 1135 1147 3136 1137 1150 3137 1136 1151 3138 1137 1150 3139 1135 1147 3140 1136 1151 3141 1130 1145 3142 1339 1152 3143 1140 1153 3144 1137 1150 3145 1138 1154 3146 1134 1149 3147 1139 1155 3148 1142 1156 3149 1140 1153 3150 1141 1157 3151 1139 1155 3152 1143 1158 3153 1139 1155 3154 1141 1157 3155 1143 1158 3156 1146 1159 3157 1144 1160 3158 1145 1161 3159 1146 1159 3160 1148 1162 3161 1147 1163 3162 1148 1162 3163 1146 1159 3164 1147 1163 3165 1141 1157 3166 1330 1164 3167 1151 1165 3168 1148 1162 3169 1149 1166 3170 1145 1161 3171 1150 1167 3172 1153 1168 3173 1151 1165 3174 1152 1169 3175 1150 1167 3176 1154 1170 3177 1150 1167 3178 1152 1169 3179 1154 1170 3180 1157 1171 3181 1155 1172 3182 1156 1173 3183 1157 1171 3184 1159 1174 3185 1158 1175 3186 1159 1174 3187 1157 1171 3188 1158 1175 3189 1152 1169 3190 1321 1176 3191 1162 1177 3192 1159 1174 3193 1160 1178 3194 1156 1173 3195 1161 1179 3196 1164 1180 3197 1162 1177 3198 1163 1181 3199 1161 1179 3200 1165 1182 3201 1161 1179 3202 1163 1181 3203 1165 1182 3204 1168 1183 3205 1166 1087 3206 1167 1184 3207 1168 1183 3208 1170 1185 3209 1169 1186 3210 1170 1185 3211 1168 1183 3212 1169 1186 3213 1163 1181 3214 1312 1187 3215 1173 1188 3216 1170 1185 3217 1171 1189 3218 1167 1184 3219 1172 1190 3220 1175 1191 3221 1173 1188 3222 1174 1192 3223 1172 1190 3224 1176 1193 3225 1172 1190 3226 1174 1192 3227 1176 1193 3228 1179 1194 3229 1177 1195 3230 1178 1196 3231 1179 1194 3232 1181 1197 3233 1180 1198 3234 1181 1197 3235 1179 1194 3236 1180 1198 3237 1174 1192 3238 1303 1199 3239 1184 1200 3240 1181 1197 3241 1182 1201 3242 1178 1196 3243 1183 1202 3244 1186 1203 3245 1184 1200 3246 1185 1204 3247 1183 1202 3248 1187 1205 3249 1183 1202 3250 1185 1204 3251 1187 1205 3252 1190 1206 3253 1188 1207 3254 1189 1208 3255 1190 1206 3256 1192 1209 3257 1191 1210 3258 1192 1209 3259 1190 1206 3260 1191 1210 3261 1185 1204 3262 1294 1211 3263 1195 1212 3264 1192 1209 3265 1193 1213 3266 1189 1208 3267 1194 1214 3268 1197 1215 3269 1195 1212 3270 1196 1216 3271 1194 1214 3272 1198 1217 3273 1194 1214 3274 1196 1216 3275 1198 1217 3276 1201 1218 3277 1199 1219 3278 1200 1220 3279 1201 1218 3280 1203 1221 3281 1202 1222 3282 1203 1221 3283 1201 1218 3284 1202 1222 3285 1196 1216 3286 1285 1223 3287 1206 1224 3288 1203 1221 3289 1204 1225 3290 1200 1220 3291 1205 1226 3292 1208 1227 3293 1206 1224 3294 1207 1228 3295 1205 1226 3296 1209 1229 3297 1205 1226 3298 1207 1228 3299 1209 1229 3300 1212 1230 3301 1210 1088 3302 1211 1231 3303 1212 1230 3304 1214 1232 3305 1213 1233 3306 1214 1232 3307 1212 1230 3308 1213 1233 3309 1207 1228 3310 1276 1234 3311 1217 1235 3312 1214 1232 3313 1215 1236 3314 1211 1231 3315 1216 1237 3316 1219 1238 3317 1217 1235 3318 1218 1239 3319 1216 1237 3320 1220 1240 3321 1216 1237 3322 1218 1239 3323 1220 1240 3324 1223 1241 3325 1221 1242 3326 1222 1243 3327 1223 1241 3328 1225 1244 3329 1224 1245 3330 1225 1244 3331 1223 1241 3332 1224 1245 3333 1218 1239 3334 1267 1246 3335 1228 1247 3336 1225 1244 3337 1226 1248 3338 1222 1243 3339 1227 1249 3340 1230 1250 3341 1228 1247 3342 1229 1251 3343 1227 1249 3344 1231 1252 3345 1227 1249 3346 1229 1251 3347 1231 1252 3348 1234 1253 3349 1232 1254 3350 1233 1255 3351 1234 1253 3352 1236 1256 3353 1235 1257 3354 1236 1256 3355 1234 1253 3356 1235 1257 3357 1229 1251 3358 1258 1258 3359 1239 1259 3360 1236 1256 3361 1237 1260 3362 1233 1255 3363 1238 1261 3364 1241 1262 3365 1239 1259 3366 1240 1263 3367 1238 1261 3368 1242 1264 3369 1238 1261 3370 1240 1263 3371 1242 1264 3372 1244 1265 3373 1243 1266 3374 1077 1084 3375 1244 1265 3376 1075 1083 3377 1245 1267 3378 1075 1083 3379 1244 1265 3380 1245 1267 3381 1240 1263 3382 1247 1268 3383 1246 1269 3384 1073 1082 3385 1245 1267 3386 1246 1269 3387 1247 1268 3388 1248 1270 3389 1250 1271 3390 1247 1268 3391 1239 1259 3392 1251 1272 3393 1248 1270 3394 1250 1271 3395 1501 1273 3396 1248 1270 3397 1249 1274 3398 1251 1272 3399 1252 1275 3400 1253 1276 3401 1250 1271 3402 1237 1260 3403 1252 1275 3404 1255 1277 3405 1252 1275 3406 1254 1278 3407 1254 1278 3408 1237 1260 3409 1235 1257 3410 1255 1277 3411 1256 1279 3412 1257 1280 3413 1254 1278 3414 1258 1258 3415 1256 1279 3416 1260 1281 3417 1256 1279 3418 1259 1282 3419 1259 1282 3420 1258 1258 3421 1228 1247 3422 1260 1281 3423 1261 1283 3424 1262 1284 3425 1259 1282 3426 1226 1248 3427 1261 1283 3428 1264 1285 3429 1261 1283 3430 1263 1286 3431 1263 1286 3432 1226 1248 3433 1224 1245 3434 1264 1285 3435 1265 1287 3436 1266 1288 3437 1263 1286 3438 1267 1246 3439 1265 1287 3440 1269 1289 3441 1265 1287 3442 1268 1290 3443 1268 1290 3444 1267 1246 3445 1217 1235 3446 1269 1289 3447 1270 1291 3448 1271 1292 3449 1268 1290 3450 1215 1236 3451 1270 1291 3452 1273 1293 3453 1270 1291 3454 1272 1294 3455 1272 1294 3456 1215 1236 3457 1213 1233 3458 1273 1293 3459 1274 1295 3460 1275 1296 3461 1272 1294 3462 1276 1234 3463 1274 1295 3464 1278 1297 3465 1274 1295 3466 1277 1298 3467 1277 1298 3468 1276 1234 3469 1206 1224 3470 1278 1297 3471 1279 1299 3472 1280 1300 3473 1277 1298 3474 1204 1225 3475 1279 1299 3476 1282 1301 3477 1279 1299 3478 1281 1302 3479 1281 1302 3480 1204 1225 3481 1202 1222 3482 1282 1301 3483 1283 1303 3484 1284 1304 3485 1281 1302 3486 1285 1223 3487 1283 1303 3488 1287 1305 3489 1283 1303 3490 1286 1306 3491 1286 1306 3492 1285 1223 3493 1195 1212 3494 1287 1305 3495 1288 1307 3496 1289 1308 3497 1286 1306 3498 1193 1213 3499 1288 1307 3500 1291 1309 3501 1288 1307 3502 1290 1310 3503 1290 1310 3504 1193 1213 3505 1191 1210 3506 1291 1309 3507 1292 1311 3508 1293 1312 3509 1290 1310 3510 1294 1211 3511 1292 1311 3512 1296 1313 3513 1292 1311 3514 1295 1314 3515 1295 1314 3516 1294 1211 3517 1184 1200 3518 1296 1313 3519 1297 1315 3520 1298 1316 3521 1295 1314 3522 1182 1201 3523 1297 1315 3524 1300 1317 3525 1297 1315 3526 1299 1318 3527 1299 1318 3528 1182 1201 3529 1180 1198 3530 1300 1317 3531 1301 1319 3532 1302 1320 3533 1299 1318 3534 1303 1199 3535 1301 1319 3536 1305 1321 3537 1301 1319 3538 1304 1322 3539 1304 1322 3540 1303 1199 3541 1173 1188 3542 1305 1321 3543 1306 1323 3544 1307 1324 3545 1304 1322 3546 1171 1189 3547 1306 1323 3548 1309 1325 3549 1306 1323 3550 1308 1326 3551 1308 1326 3552 1171 1189 3553 1169 1186 3554 1309 1325 3555 1310 1327 3556 1311 1328 3557 1308 1326 3558 1312 1187 3559 1310 1327 3560 1314 1329 3561 1310 1327 3562 1313 1330 3563 1313 1330 3564 1312 1187 3565 1162 1177 3566 1314 1329 3567 1315 1331 3568 1316 1332 3569 1313 1330 3570 1160 1178 3571 1315 1331 3572 1318 1333 3573 1315 1331 3574 1317 1334 3575 1317 1334 3576 1160 1178 3577 1158 1175 3578 1318 1333 3579 1319 1335 3580 1320 1336 3581 1317 1334 3582 1321 1176 3583 1319 1335 3584 1323 1337 3585 1319 1335 3586 1322 1338 3587 1322 1338 3588 1321 1176 3589 1151 1165 3590 1323 1337 3591 1324 1339 3592 1325 1340 3593 1322 1338 3594 1149 1166 3595 1324 1339 3596 1327 1341 3597 1324 1339 3598 1326 1342 3599 1326 1342 3600 1149 1166 3601 1147 1163 3602 1327 1341 3603 1328 1343 3604 1329 1344 3605 1326 1342 3606 1330 1164 3607 1328 1343 3608 1332 1345 3609 1328 1343 3610 1331 1346 3611 1331 1346 3612 1330 1164 3613 1140 1153 3614 1332 1345 3615 1333 1347 3616 1334 1348 3617 1331 1346 3618 1138 1154 3619 1333 1347 3620 1336 1349 3621 1333 1347 3622 1335 1350 3623 1335 1350 3624 1138 1154 3625 1136 1151 3626 1336 1349 3627 1337 1351 3628 1338 1352 3629 1335 1350 3630 1339 1152 3631 1337 1351 3632 1341 1353 3633 1337 1351 3634 1340 1354 3635 1340 1354 3636 1339 1152 3637 1129 1141 3638 1341 1353 3639 1342 1355 3640 1343 1356 3641 1340 1354 3642 1127 1142 3643 1342 1355 3644 1345 1357 3645 1342 1355 3646 1344 1358 3647 1344 1358 3648 1127 1142 3649 1125 1139 3650 1345 1357 3651 1346 1359 3652 1347 1360 3653 1344 1358 3654 1348 1140 3655 1346 1359 3656 1350 1361 3657 1346 1359 3658 1349 1362 3659 1349 1362 3660 1348 1140 3661 1118 1129 3662 1350 1361 3663 1351 1363 3664 1352 1364 3665 1349 1362 3666 1116 1130 3667 1351 1363 3668 1354 1365 3669 1351 1363 3670 1353 1366 3671 1353 1366 3672 1116 1130 3673 1114 1127 3674 1354 1365 3675 1355 1367 3676 1356 1368 3677 1353 1366 3678 1357 1128 3679 1355 1367 3680 1359 1369 3681 1355 1367 3682 1358 1370 3683 1358 1370 3684 1357 1128 3685 1107 1117 3686 1359 1369 3687 1360 1371 3688 1361 1372 3689 1358 1370 3690 1105 1118 3691 1360 1371 3692 1363 1373 3693 1360 1371 3694 1362 1374 3695 1362 1374 3696 1105 1118 3697 1103 1115 3698 1363 1373 3699 1364 1375 3700 1365 1376 3701 1362 1374 3702 1366 1116 3703 1364 1375 3704 1368 1377 3705 1364 1375 3706 1367 1378 3707 1367 1378 3708 1366 1116 3709 1096 1105 3710 1368 1377 3711 1369 1379 3712 1370 1380 3713 1367 1378 3714 1094 1106 3715 1369 1379 3716 1372 1381 3717 1369 1379 3718 1371 1382 3719 1371 1382 3720 1094 1106 3721 1092 1103 3722 1372 1381 3723 1373 1383 3724 1374 1384 3725 1371 1382 3726 1376 1104 3727 1373 1383 3728 1377 1385 3729 1373 1383 3730 1375 1386 3731 1375 1386 3732 1376 1104 3733 1085 1093 3734 1377 1385 3735 1378 1387 3736 1379 1388 3737 1375 1386 3738 1083 1094 3739 1378 1387 3740 1066 1075 3741 1378 1387 3742 1068 1076 3743 1068 1076 3744 1083 1094 3745 1070 1079 3746 1383 1074 3747 1379 1388 3748 1066 1075 3749 1382 1389 3750 1379 1388 3751 1380 1390 3752 1057 1064 3753 1380 1390 3754 1383 1074 3755 1384 1391 3756 1380 1390 3757 1381 1392 3758 1384 1391 3759 1385 1393 3760 1382 1389 3761 1382 1389 3762 1374 1384 3763 1377 1385 3764 1388 1394 3765 1385 1393 3766 1386 1395 3767 1387 1396 3768 1374 1384 3769 1385 1393 3770 1388 1394 3771 1389 1397 3772 1387 1396 3773 1387 1396 3774 1370 1380 3775 1372 1381 3776 1392 1398 3777 1389 1397 3778 1390 1399 3779 1391 1400 3780 1370 1380 3781 1389 1397 3782 1392 1398 3783 1393 1401 3784 1391 1400 3785 1391 1400 3786 1365 1376 3787 1368 1377 3788 1396 1402 3789 1393 1401 3790 1394 1403 3791 1395 1404 3792 1365 1376 3793 1393 1401 3794 1396 1402 3795 1397 1405 3796 1395 1404 3797 1395 1404 3798 1361 1372 3799 1363 1373 3800 1400 1406 3801 1397 1405 3802 1398 1407 3803 1399 1408 3804 1361 1372 3805 1397 1405 3806 1400 1406 3807 1401 1409 3808 1399 1408 3809 1399 1408 3810 1356 1368 3811 1359 1369 3812 1404 1410 3813 1401 1409 3814 1402 1411 3815 1403 1412 3816 1356 1368 3817 1401 1409 3818 1404 1410 3819 1405 1413 3820 1403 1412 3821 1403 1412 3822 1352 1364 3823 1354 1365 3824 1408 1414 3825 1405 1413 3826 1406 1415 3827 1407 1416 3828 1352 1364 3829 1405 1413 3830 1408 1414 3831 1409 1417 3832 1407 1416 3833 1407 1416 3834 1347 1360 3835 1350 1361 3836 1412 1418 3837 1409 1417 3838 1410 1419 3839 1411 1420 3840 1347 1360 3841 1409 1417 3842 1412 1418 3843 1413 1421 3844 1411 1420 3845 1411 1420 3846 1343 1356 3847 1345 1357 3848 1416 1422 3849 1413 1421 3850 1414 1423 3851 1415 1424 3852 1343 1356 3853 1413 1421 3854 1416 1422 3855 1417 1425 3856 1415 1424 3857 1415 1424 3858 1338 1352 3859 1341 1353 3860 1420 1426 3861 1417 1425 3862 1418 1427 3863 1419 1428 3864 1338 1352 3865 1417 1425 3866 1420 1426 3867 1421 1429 3868 1419 1428 3869 1419 1428 3870 1334 1348 3871 1336 1349 3872 1424 1430 3873 1421 1429 3874 1422 1431 3875 1423 1432 3876 1334 1348 3877 1421 1429 3878 1424 1430 3879 1425 1433 3880 1423 1432 3881 1423 1432 3882 1329 1344 3883 1332 1345 3884 1428 1434 3885 1425 1433 3886 1426 1435 3887 1427 1436 3888 1329 1344 3889 1425 1433 3890 1428 1434 3891 1429 1437 3892 1427 1436 3893 1427 1436 3894 1325 1340 3895 1327 1341 3896 1432 1438 3897 1429 1437 3898 1430 1439 3899 1431 1440 3900 1325 1340 3901 1429 1437 3902 1432 1438 3903 1433 1441 3904 1431 1440 3905 1431 1440 3906 1320 1336 3907 1323 1337 3908 1436 1442 3909 1433 1441 3910 1434 1443 3911 1435 1444 3912 1320 1336 3913 1433 1441 3914 1436 1442 3915 1437 1445 3916 1435 1444 3917 1435 1444 3918 1316 1332 3919 1318 1333 3920 1440 1446 3921 1437 1445 3922 1438 1447 3923 1439 1448 3924 1316 1332 3925 1437 1445 3926 1440 1446 3927 1441 1449 3928 1439 1448 3929 1439 1448 3930 1311 1328 3931 1314 1329 3932 1444 1450 3933 1441 1449 3934 1442 1451 3935 1443 1452 3936 1311 1328 3937 1441 1449 3938 1444 1450 3939 1445 1453 3940 1443 1452 3941 1443 1452 3942 1307 1324 3943 1309 1325 3944 1448 1454 3945 1445 1453 3946 1446 1455 3947 1447 1456 3948 1307 1324 3949 1445 1453 3950 1448 1454 3951 1449 1457 3952 1447 1456 3953 1447 1456 3954 1302 1320 3955 1305 1321 3956 1452 1458 3957 1449 1457 3958 1450 1459 3959 1451 1460 3960 1302 1320 3961 1449 1457 3962 1452 1458 3963 1453 1461 3964 1451 1460 3965 1451 1460 3966 1298 1316 3967 1300 1317 3968 1456 1462 3969 1453 1461 3970 1454 1463 3971 1455 1464 3972 1298 1316 3973 1453 1461 3974 1456 1462 3975 1457 1465 3976 1455 1464 3977 1455 1464 3978 1293 1312 3979 1296 1313 3980 1460 1466 3981 1457 1465 3982 1458 1467 3983 1459 1468 3984 1293 1312 3985 1457 1465 3986 1460 1466 3987 1461 1469 3988 1459 1468 3989 1459 1468 3990 1289 1308 3991 1291 1309 3992 1464 1470 3993 1461 1469 3994 1462 1471 3995 1463 1472 3996 1289 1308 3997 1461 1469 3998 1464 1470 3999 1465 1473 4000 1463 1472 4001 1463 1472 4002 1284 1304 4003 1287 1305 4004 1468 1474 4005 1465 1473 4006 1466 1475 4007 1467 1476 4008 1284 1304 4009 1465 1473 4010 1468 1474 4011 1469 1477 4012 1467 1476 4013 1467 1476 4014 1280 1300 4015 1282 1301 4016 1472 1478 4017 1469 1477 4018 1470 1479 4019 1471 1480 4020 1280 1300 4021 1469 1477 4022 1472 1478 4023 1473 1481 4024 1471 1480 4025 1471 1480 4026 1275 1296 4027 1278 1297 4028 1476 1482 4029 1473 1481 4030 1474 1483 4031 1475 1484 4032 1275 1296 4033 1473 1481 4034 1476 1482 4035 1477 1485 4036 1475 1484 4037 1475 1484 4038 1271 1292 4039 1273 1293 4040 1480 1486 4041 1477 1485 4042 1478 1487 4043 1479 1488 4044 1271 1292 4045 1477 1485 4046 1480 1486 4047 1481 1489 4048 1479 1488 4049 1479 1488 4050 1266 1288 4051 1269 1289 4052 1484 1490 4053 1481 1489 4054 1482 1491 4055 1483 1492 4056 1266 1288 4057 1481 1489 4058 1484 1490 4059 1485 1493 4060 1483 1492 4061 1483 1492 4062 1262 1284 4063 1264 1285 4064 1488 1494 4065 1485 1493 4066 1486 1495 4067 1487 1496 4068 1262 1284 4069 1485 1493 4070 1488 1494 4071 1489 1497 4072 1487 1496 4073 1487 1496 4074 1257 1280 4075 1260 1281 4076 1492 1498 4077 1489 1497 4078 1490 1499 4079 1491 1500 4080 1257 1280 4081 1489 1497 4082 1492 1498 4083 1493 1501 4084 1491 1500 4085 1491 1500 4086 1253 1276 4087 1255 1277 4088 1496 1502 4089 1493 1501 4090 1494 1503 4091 1495 1504 4092 1253 1276 4093 1493 1501 4094 1496 1502 4095 1497 1505 4096 1495 1504 4097 1495 1504 4098 1249 1274 4099 1251 1272 4100 1500 1506 4101 1497 1505 4102 1498 1507 4103 1499 1508 4104 1249 1274 4105 1497 1505 4106 1500 1506 4107 1061 1065 4108 1499 1508 4109 1499 1508 4110 1063 1068 4111 1501 1273 4112 1501 1273 4113 2751 1071 4114 1246 1269 4115 1502 1509 4116 1498 1507 4117 1504 1510 4118 1505 1067 4119 1500 1506 4120 1502 1509 4121 1503 1511 4122 1505 1067 4123 1502 1509 4124 1503 1511 4125 1504 1510 4126 1507 1512 4127 1047 1053 4128 1505 1067 4129 1506 1051 4130 1742 1513 4131 1506 1051 4132 1503 1511 4133 1509 1514 4134 1504 1510 4135 1508 1515 4136 1504 1510 4137 1496 1502 4138 1508 1515 4139 1509 1514 4140 1510 1516 4141 1511 1517 4142 1508 1515 4143 1494 1503 4144 1510 1516 4145 1513 1518 4146 1510 1516 4147 1512 1519 4148 1510 1516 4149 1492 1498 4150 1512 1519 4151 1513 1518 4152 1514 1520 4153 1515 1521 4154 1512 1519 4155 1490 1499 4156 1514 1520 4157 1517 1522 4158 1514 1520 4159 1516 1523 4160 1514 1520 4161 1488 1494 4162 1516 1523 4163 1517 1522 4164 1518 1524 4165 1519 1525 4166 1516 1523 4167 1486 1495 4168 1518 1524 4169 1521 1526 4170 1518 1524 4171 1520 1527 4172 1518 1524 4173 1484 1490 4174 1520 1527 4175 1521 1526 4176 1522 1528 4177 1523 1529 4178 1520 1527 4179 1482 1491 4180 1522 1528 4181 1525 1530 4182 1522 1528 4183 1524 1531 4184 1522 1528 4185 1480 1486 4186 1524 1531 4187 1525 1530 4188 1526 1532 4189 1527 1533 4190 1524 1531 4191 1478 1487 4192 1526 1532 4193 1529 1534 4194 1526 1532 4195 1528 1535 4196 1526 1532 4197 1476 1482 4198 1528 1535 4199 1529 1534 4200 1530 1536 4201 1531 1537 4202 1528 1535 4203 1474 1483 4204 1530 1536 4205 1533 1538 4206 1530 1536 4207 1532 1539 4208 1530 1536 4209 1472 1478 4210 1532 1539 4211 1533 1538 4212 1534 1540 4213 1535 1541 4214 1532 1539 4215 1470 1479 4216 1534 1540 4217 1537 1542 4218 1534 1540 4219 1536 1543 4220 1534 1540 4221 1468 1474 4222 1536 1543 4223 1537 1542 4224 1538 1544 4225 1539 1545 4226 1536 1543 4227 1466 1475 4228 1538 1544 4229 1541 1546 4230 1538 1544 4231 1540 1547 4232 1538 1544 4233 1464 1470 4234 1540 1547 4235 1541 1546 4236 1542 1548 4237 1543 1549 4238 1540 1547 4239 1462 1471 4240 1542 1548 4241 1545 1550 4242 1542 1548 4243 1544 1551 4244 1542 1548 4245 1460 1466 4246 1544 1551 4247 1545 1550 4248 1546 1552 4249 1547 1553 4250 1544 1551 4251 1458 1467 4252 1546 1552 4253 1549 1554 4254 1546 1552 4255 1548 1555 4256 1546 1552 4257 1456 1462 4258 1548 1555 4259 1549 1554 4260 1550 1556 4261 1551 1557 4262 1548 1555 4263 1454 1463 4264 1550 1556 4265 1553 1558 4266 1550 1556 4267 1552 1559 4268 1550 1556 4269 1452 1458 4270 1552 1559 4271 1553 1558 4272 1554 1560 4273 1555 1561 4274 1552 1559 4275 1450 1459 4276 1554 1560 4277 1557 1562 4278 1554 1560 4279 1556 1563 4280 1554 1560 4281 1448 1454 4282 1556 1563 4283 1557 1562 4284 1558 1564 4285 1559 1565 4286 1556 1563 4287 1446 1455 4288 1558 1564 4289 1561 1566 4290 1558 1564 4291 1560 1567 4292 1558 1564 4293 1444 1450 4294 1560 1567 4295 1561 1566 4296 1562 1568 4297 1563 1569 4298 1560 1567 4299 1442 1451 4300 1562 1568 4301 1565 1570 4302 1562 1568 4303 1564 1571 4304 1562 1568 4305 1440 1446 4306 1564 1571 4307 1565 1570 4308 1566 1572 4309 1567 1573 4310 1564 1571 4311 1438 1447 4312 1566 1572 4313 1569 1574 4314 1566 1572 4315 1568 1575 4316 1566 1572 4317 1436 1442 4318 1568 1575 4319 1569 1574 4320 1570 1576 4321 1571 1577 4322 1568 1575 4323 1434 1443 4324 1570 1576 4325 1573 1578 4326 1570 1576 4327 1572 1579 4328 1570 1576 4329 1432 1438 4330 1572 1579 4331 1573 1578 4332 1574 1580 4333 1575 1581 4334 1572 1579 4335 1430 1439 4336 1574 1580 4337 1577 1582 4338 1574 1580 4339 1576 1583 4340 1574 1580 4341 1428 1434 4342 1576 1583 4343 1577 1582 4344 1578 1584 4345 1579 1585 4346 1576 1583 4347 1426 1435 4348 1578 1584 4349 1581 1586 4350 1578 1584 4351 1580 1587 4352 1578 1584 4353 1424 1430 4354 1580 1587 4355 1581 1586 4356 1582 1588 4357 1583 1589 4358 1580 1587 4359 1422 1431 4360 1582 1588 4361 1585 1590 4362 1582 1588 4363 1584 1591 4364 1582 1588 4365 1420 1426 4366 1584 1591 4367 1585 1590 4368 1586 1592 4369 1587 1593 4370 1584 1591 4371 1418 1427 4372 1586 1592 4373 1589 1594 4374 1586 1592 4375 1588 1595 4376 1586 1592 4377 1416 1422 4378 1588 1595 4379 1589 1594 4380 1590 1596 4381 1591 1597 4382 1588 1595 4383 1414 1423 4384 1590 1596 4385 1593 1598 4386 1590 1596 4387 1592 1599 4388 1590 1596 4389 1412 1418 4390 1592 1599 4391 1593 1598 4392 1594 1600 4393 1595 1601 4394 1592 1599 4395 1410 1419 4396 1594 1600 4397 1597 1602 4398 1594 1600 4399 1596 1603 4400 1594 1600 4401 1408 1414 4402 1596 1603 4403 1597 1602 4404 1598 1604 4405 1599 1605 4406 1596 1603 4407 1406 1415 4408 1598 1604 4409 1601 1606 4410 1598 1604 4411 1600 1607 4412 1598 1604 4413 1404 1410 4414 1600 1607 4415 1601 1606 4416 1602 1608 4417 1603 1609 4418 1600 1607 4419 1402 1411 4420 1602 1608 4421 1605 1610 4422 1602 1608 4423 1604 1611 4424 1602 1608 4425 1400 1406 4426 1604 1611 4427 1605 1610 4428 1606 1612 4429 1607 1613 4430 1604 1611 4431 1398 1407 4432 1606 1612 4433 1609 1614 4434 1606 1612 4435 1608 1615 4436 1606 1612 4437 1396 1402 4438 1608 1615 4439 1609 1614 4440 1610 1616 4441 1611 1617 4442 1608 1615 4443 1394 1403 4444 1610 1616 4445 1613 1618 4446 1610 1616 4447 1612 1619 4448 1610 1616 4449 1392 1398 4450 1612 1619 4451 1613 1618 4452 1614 1620 4453 1615 1621 4454 1612 1619 4455 1390 1399 4456 1614 1620 4457 1617 1622 4458 1614 1620 4459 1616 1623 4460 1614 1620 4461 1388 1394 4462 1616 1623 4463 1617 1622 4464 1618 1624 4465 1619 1625 4466 1616 1623 4467 1386 1395 4468 1618 1624 4469 1621 1626 4470 1618 1624 4471 1620 1627 4472 1618 1624 4473 1384 1391 4474 1620 1627 4475 1621 1626 4476 1622 1628 4477 1623 1629 4478 1620 1627 4479 1381 1392 4480 1622 1628 4481 1051 1056 4482 1622 1628 4483 1053 1059 4484 1622 1628 4485 1057 1064 4486 1053 1059 4487 1049 1055 4488 1623 1629 4489 1051 1056 4490 1626 1630 4491 1623 1629 4492 1624 1631 4493 2750 1054 4494 1624 1631 4495 1049 1055 4496 1627 1632 4497 1624 1631 4498 1625 1633 4499 1627 1632 4500 1628 1634 4501 1626 1630 4502 1626 1630 4503 1619 1625 4504 1621 1626 4505 1631 1635 4506 1628 1634 4507 1629 1636 4508 1630 1637 4509 1619 1625 4510 1628 1634 4511 1631 1635 4512 1632 1638 4513 1630 1637 4514 1630 1637 4515 1615 1621 4516 1617 1622 4517 1635 1639 4518 1632 1638 4519 1633 1640 4520 1634 1641 4521 1615 1621 4522 1632 1638 4523 1635 1639 4524 1636 1642 4525 1634 1641 4526 1634 1641 4527 1611 1617 4528 1613 1618 4529 1639 1643 4530 1636 1642 4531 1637 1644 4532 1638 1645 4533 1611 1617 4534 1636 1642 4535 1639 1643 4536 1640 1646 4537 1638 1645 4538 1638 1645 4539 1607 1613 4540 1609 1614 4541 1643 1647 4542 1640 1646 4543 1641 1648 4544 1642 1649 4545 1607 1613 4546 1640 1646 4547 1643 1647 4548 1644 1650 4549 1642 1649 4550 1642 1649 4551 1603 1609 4552 1605 1610 4553 1647 1651 4554 1644 1650 4555 1645 1652 4556 1646 1653 4557 1603 1609 4558 1644 1650 4559 1647 1651 4560 1648 1654 4561 1646 1653 4562 1646 1653 4563 1599 1605 4564 1601 1606 4565 1651 1655 4566 1648 1654 4567 1649 1656 4568 1650 1657 4569 1599 1605 4570 1648 1654 4571 1651 1655 4572 1652 1658 4573 1650 1657 4574 1650 1657 4575 1595 1601 4576 1597 1602 4577 1655 1659 4578 1652 1658 4579 1653 1660 4580 1654 1661 4581 1595 1601 4582 1652 1658 4583 1655 1659 4584 1656 1662 4585 1654 1661 4586 1654 1661 4587 1591 1597 4588 1593 1598 4589 1659 1663 4590 1656 1662 4591 1657 1664 4592 1658 1665 4593 1591 1597 4594 1656 1662 4595 1659 1663 4596 1660 1666 4597 1658 1665 4598 1658 1665 4599 1587 1593 4600 1589 1594 4601 1663 1667 4602 1660 1666 4603 1661 1668 4604 1662 1669 4605 1587 1593 4606 1660 1666 4607 1663 1667 4608 1664 1670 4609 1662 1669 4610 1662 1669 4611 1583 1589 4612 1585 1590 4613 1667 1671 4614 1664 1670 4615 1665 1672 4616 1666 1673 4617 1583 1589 4618 1664 1670 4619 1667 1671 4620 1668 1674 4621 1666 1673 4622 1666 1673 4623 1579 1585 4624 1581 1586 4625 1671 1675 4626 1668 1674 4627 1669 1676 4628 1670 1677 4629 1579 1585 4630 1668 1674 4631 1671 1675 4632 1672 1678 4633 1670 1677 4634 1670 1677 4635 1575 1581 4636 1577 1582 4637 1675 1679 4638 1672 1678 4639 1673 1680 4640 1674 1681 4641 1575 1581 4642 1672 1678 4643 1675 1679 4644 1676 1682 4645 1674 1681 4646 1674 1681 4647 1571 1577 4648 1573 1578 4649 1679 1683 4650 1676 1682 4651 1677 1684 4652 1678 1685 4653 1571 1577 4654 1676 1682 4655 1679 1683 4656 1680 1686 4657 1678 1685 4658 1678 1685 4659 1567 1573 4660 1569 1574 4661 1683 1687 4662 1680 1686 4663 1681 1688 4664 1682 1689 4665 1567 1573 4666 1680 1686 4667 1683 1687 4668 1684 1690 4669 1682 1689 4670 1682 1689 4671 1563 1569 4672 1565 1570 4673 1687 1691 4674 1684 1690 4675 1685 1692 4676 1686 1693 4677 1563 1569 4678 1684 1690 4679 1687 1691 4680 1688 1694 4681 1686 1693 4682 1686 1693 4683 1559 1565 4684 1561 1566 4685 1691 1695 4686 1688 1694 4687 1689 1696 4688 1690 1697 4689 1559 1565 4690 1688 1694 4691 1691 1695 4692 1692 1698 4693 1690 1697 4694 1690 1697 4695 1555 1561 4696 1557 1562 4697 1695 1699 4698 1692 1698 4699 1693 1700 4700 1694 1701 4701 1555 1561 4702 1692 1698 4703 1695 1699 4704 1696 1702 4705 1694 1701 4706 1694 1701 4707 1551 1557 4708 1553 1558 4709 1699 1703 4710 1696 1702 4711 1697 1704 4712 1698 1705 4713 1551 1557 4714 1696 1702 4715 1699 1703 4716 1700 1706 4717 1698 1705 4718 1698 1705 4719 1547 1553 4720 1549 1554 4721 1703 1707 4722 1700 1706 4723 1701 1708 4724 1702 1709 4725 1547 1553 4726 1700 1706 4727 1703 1707 4728 1704 1710 4729 1702 1709 4730 1702 1709 4731 1543 1549 4732 1545 1550 4733 1707 1711 4734 1704 1710 4735 1705 1712 4736 1706 1713 4737 1543 1549 4738 1704 1710 4739 1707 1711 4740 1708 1714 4741 1706 1713 4742 1706 1713 4743 1539 1545 4744 1541 1546 4745 1711 1715 4746 1708 1714 4747 1709 1716 4748 1710 1717 4749 1539 1545 4750 1708 1714 4751 1711 1715 4752 1712 1718 4753 1710 1717 4754 1710 1717 4755 1535 1541 4756 1537 1542 4757 1715 1719 4758 1712 1718 4759 1713 1720 4760 1714 1721 4761 1535 1541 4762 1712 1718 4763 1715 1719 4764 1716 1722 4765 1714 1721 4766 1714 1721 4767 1531 1537 4768 1533 1538 4769 1719 1723 4770 1716 1722 4771 1717 1724 4772 1718 1725 4773 1531 1537 4774 1716 1722 4775 1719 1723 4776 1720 1726 4777 1718 1725 4778 1718 1725 4779 1527 1533 4780 1529 1534 4781 1723 1727 4782 1720 1726 4783 1721 1728 4784 1722 1729 4785 1527 1533 4786 1720 1726 4787 1723 1727 4788 1724 1730 4789 1722 1729 4790 1722 1729 4791 1523 1529 4792 1525 1530 4793 1727 1731 4794 1724 1730 4795 1725 1732 4796 1726 1733 4797 1523 1529 4798 1724 1730 4799 1727 1731 4800 1728 1734 4801 1726 1733 4802 1726 1733 4803 1519 1525 4804 1521 1526 4805 1731 1735 4806 1728 1734 4807 1729 1736 4808 1730 1737 4809 1519 1525 4810 1728 1734 4811 1731 1735 4812 1732 1738 4813 1730 1737 4814 1730 1737 4815 1515 1521 4816 1517 1522 4817 1735 1739 4818 1732 1738 4819 1733 1740 4820 1734 1741 4821 1515 1521 4822 1732 1738 4823 1735 1739 4824 1736 1742 4825 1734 1741 4826 1734 1741 4827 1511 1517 4828 1513 1518 4829 1739 1743 4830 1736 1742 4831 1737 1744 4832 1738 1745 4833 1511 1517 4834 1736 1742 4835 1739 1743 4836 1740 1746 4837 1738 1745 4838 1738 1745 4839 1507 1512 4840 1509 1514 4841 1743 1747 4842 1740 1746 4843 1741 1748 4844 1742 1513 4845 1507 1512 4846 1740 1746 4847 1743 1747 4848 1046 1048 4849 1742 1513 4850 1744 1749 4851 1044 1045 4852 1743 1747 4853 1744 1749 4854 1741 1748 4855 1745 1750 4856 1746 1751 4857 1745 1750 4858 1747 1752 4859 1746 1751 4860 1042 1046 4861 1744 1749 4862 1749 1753 4863 1747 1752 4864 1752 1754 4865 1748 1047 4866 1749 1753 4867 1750 1755 4868 1750 1755 4869 1751 1756 4870 2739 1757 4871 1751 1756 4872 1752 1754 4873 1753 1758 4874 1752 1754 4875 1755 1759 4876 1753 1758 4877 1747 1752 4878 1754 1760 4879 1752 1754 4880 1755 1759 4881 1756 1761 4882 2721 1762 4883 1754 1760 4884 1758 1763 4885 1756 1761 4886 1757 1764 4887 1760 1765 4888 1758 1763 4889 1757 1764 4890 1745 1750 4891 1759 1766 4892 1759 1766 4893 1737 1744 4894 1760 1765 4895 1759 1766 4896 1741 1748 4897 1739 1743 4898 1761 1767 4899 1737 1744 4900 1735 1739 4901 1763 1768 4902 1760 1765 4903 1761 1767 4904 1761 1767 4905 1733 1740 4906 1762 1769 4907 1763 1768 4908 1762 1769 4909 1764 1770 4910 1765 1771 4911 1764 1770 4912 1767 1772 4913 1758 1763 4914 1765 1771 4915 1756 1761 4916 1756 1761 4917 1766 1773 4918 2721 1762 4919 1766 1773 4920 1767 1772 4921 1768 1774 4922 1767 1772 4923 1770 1775 4924 1768 1774 4925 1764 1770 4926 1769 1776 4927 1767 1772 4928 1770 1775 4929 1771 1777 4930 2708 1778 4931 1769 1776 4932 1773 1779 4933 1771 1777 4934 1772 1780 4935 1775 1781 4936 1773 1779 4937 1772 1780 4938 1762 1769 4939 1774 1782 4940 1774 1782 4941 1729 1736 4942 1775 1781 4943 1774 1782 4944 1733 1740 4945 1731 1735 4946 1776 1783 4947 1729 1736 4948 1727 1731 4949 1778 1784 4950 1775 1781 4951 1776 1783 4952 1776 1783 4953 1725 1732 4954 1777 1785 4955 1778 1784 4956 1777 1785 4957 1779 1786 4958 1780 1787 4959 1779 1786 4960 1782 1788 4961 1773 1779 4962 1780 1787 4963 1771 1777 4964 1771 1777 4965 1781 1789 4966 2708 1778 4967 1781 1789 4968 1782 1788 4969 1783 1790 4970 1782 1788 4971 1785 1791 4972 1783 1790 4973 1779 1786 4974 1784 1792 4975 1782 1788 4976 1785 1791 4977 1786 1793 4978 2741 1794 4979 1784 1792 4980 1788 1795 4981 1786 1793 4982 1787 1796 4983 1790 1797 4984 1788 1795 4985 1787 1796 4986 1777 1785 4987 1789 1798 4988 1789 1798 4989 1721 1728 4990 1790 1797 4991 1789 1798 4992 1725 1732 4993 1723 1727 4994 1791 1799 4995 1721 1728 4996 1719 1723 4997 1793 1800 4998 1790 1797 4999 1791 1799 5000 1791 1799 5001 1717 1724 5002 1792 1801 5003 1793 1800 5004 1792 1801 5005 1794 1802 5006 1795 1803 5007 1794 1802 5008 1797 1804 5009 1788 1795 5010 1795 1803 5011 1786 1793 5012 1786 1793 5013 1796 1805 5014 2741 1794 5015 1796 1805 5016 1797 1804 5017 1798 1806 5018 1797 1804 5019 1800 1807 5020 1798 1806 5021 1794 1802 5022 1799 1808 5023 1797 1804 5024 1800 1807 5025 1801 1809 5026 2693 1810 5027 1799 1808 5028 1803 1811 5029 1801 1809 5030 1802 1812 5031 1805 1813 5032 1803 1811 5033 1802 1812 5034 1792 1801 5035 1804 1814 5036 1804 1814 5037 1713 1720 5038 1805 1813 5039 1804 1814 5040 1717 1724 5041 1715 1719 5042 1806 1815 5043 1713 1720 5044 1711 1715 5045 1808 1816 5046 1805 1813 5047 1806 1815 5048 1806 1815 5049 1709 1716 5050 1807 1817 5051 1808 1816 5052 1807 1817 5053 1809 1818 5054 1810 1819 5055 1809 1818 5056 1812 1820 5057 1803 1811 5058 1810 1819 5059 1801 1809 5060 1801 1809 5061 1811 1821 5062 2693 1810 5063 1811 1821 5064 1812 1820 5065 1813 1822 5066 1812 1820 5067 1815 1823 5068 1813 1822 5069 1809 1818 5070 1814 1824 5071 1812 1820 5072 1815 1823 5073 1816 1825 5074 2682 1826 5075 1814 1824 5076 1818 1827 5077 1816 1825 5078 1817 1828 5079 1820 1829 5080 1818 1827 5081 1817 1828 5082 1807 1817 5083 1819 1830 5084 1819 1830 5085 1705 1712 5086 1820 1829 5087 1819 1830 5088 1709 1716 5089 1707 1711 5090 1821 1831 5091 1705 1712 5092 1703 1707 5093 1823 1832 5094 1820 1829 5095 1821 1831 5096 1821 1831 5097 1701 1708 5098 1822 1833 5099 1823 1832 5100 1822 1833 5101 1824 1834 5102 1825 1835 5103 1824 1834 5104 1827 1836 5105 1818 1827 5106 1825 1835 5107 1816 1825 5108 1816 1825 5109 1826 1837 5110 2682 1826 5111 1826 1837 5112 1827 1836 5113 1828 1838 5114 1827 1836 5115 1830 1839 5116 1828 1838 5117 1824 1834 5118 1829 1840 5119 1827 1836 5120 1830 1839 5121 1831 1841 5122 2743 1842 5123 1829 1840 5124 1833 1843 5125 1831 1841 5126 1832 1844 5127 1835 1845 5128 1833 1843 5129 1832 1844 5130 1822 1833 5131 1834 1846 5132 1834 1846 5133 1697 1704 5134 1835 1845 5135 1834 1846 5136 1701 1708 5137 1699 1703 5138 1836 1847 5139 1697 1704 5140 1695 1699 5141 1838 1848 5142 1835 1845 5143 1836 1847 5144 1836 1847 5145 1693 1700 5146 1837 1849 5147 1838 1848 5148 1837 1849 5149 1839 1850 5150 1840 1851 5151 1839 1850 5152 1842 1852 5153 1833 1843 5154 1840 1851 5155 1831 1841 5156 1831 1841 5157 1841 1853 5158 2743 1842 5159 1841 1853 5160 1842 1852 5161 1843 1854 5162 1842 1852 5163 1845 1855 5164 1843 1854 5165 1839 1850 5166 1844 1856 5167 1842 1852 5168 1845 1855 5169 1846 1857 5170 2665 1858 5171 1844 1856 5172 1848 1859 5173 1846 1857 5174 1847 1860 5175 1850 1861 5176 1848 1859 5177 1847 1860 5178 1837 1849 5179 1849 1862 5180 1849 1862 5181 1689 1696 5182 1850 1861 5183 1849 1862 5184 1693 1700 5185 1691 1695 5186 1851 1863 5187 1689 1696 5188 1687 1691 5189 1853 1864 5190 1850 1861 5191 1851 1863 5192 1851 1863 5193 1685 1692 5194 1852 1865 5195 1853 1864 5196 1852 1865 5197 1854 1866 5198 1855 1867 5199 1854 1866 5200 1857 1868 5201 1848 1859 5202 1855 1867 5203 1846 1857 5204 1846 1857 5205 1856 1869 5206 2665 1858 5207 1856 1869 5208 1857 1868 5209 1858 1870 5210 1857 1868 5211 1860 1871 5212 1858 1870 5213 1854 1866 5214 1859 1872 5215 1857 1868 5216 1860 1871 5217 1861 1873 5218 2654 1874 5219 1859 1872 5220 1863 1875 5221 1861 1873 5222 1862 1876 5223 1865 1877 5224 1863 1875 5225 1862 1876 5226 1852 1865 5227 1864 1878 5228 1864 1878 5229 1681 1688 5230 1865 1877 5231 1864 1878 5232 1685 1692 5233 1683 1687 5234 1866 1879 5235 1681 1688 5236 1679 1683 5237 1868 1880 5238 1865 1877 5239 1866 1879 5240 1866 1879 5241 1677 1684 5242 1867 1881 5243 1868 1880 5244 1867 1881 5245 1869 1882 5246 1870 1883 5247 1869 1882 5248 1872 1884 5249 1863 1875 5250 1870 1883 5251 1861 1873 5252 1861 1873 5253 1871 1885 5254 2654 1874 5255 1871 1885 5256 1872 1884 5257 1873 1886 5258 1872 1884 5259 1875 1887 5260 1873 1886 5261 1869 1882 5262 1874 1888 5263 1872 1884 5264 1875 1887 5265 1876 1889 5266 2745 1890 5267 1874 1888 5268 1878 1891 5269 1876 1889 5270 1877 1892 5271 1880 1893 5272 1878 1891 5273 1877 1892 5274 1867 1881 5275 1879 1894 5276 1879 1894 5277 1673 1680 5278 1880 1893 5279 1879 1894 5280 1677 1684 5281 1675 1679 5282 1881 1895 5283 1673 1680 5284 1671 1675 5285 1883 1896 5286 1880 1893 5287 1881 1895 5288 1881 1895 5289 1669 1676 5290 1882 1897 5291 1883 1896 5292 1882 1897 5293 1884 1898 5294 1885 1899 5295 1884 1898 5296 1887 1900 5297 1878 1891 5298 1885 1899 5299 1876 1889 5300 1876 1889 5301 1886 1901 5302 2745 1890 5303 1886 1901 5304 1887 1900 5305 1888 1902 5306 1887 1900 5307 1890 1903 5308 1888 1902 5309 1884 1898 5310 1889 1904 5311 1887 1900 5312 1890 1903 5313 1891 1905 5314 2635 1906 5315 1889 1904 5316 1893 1907 5317 1891 1905 5318 1892 1908 5319 1895 1909 5320 1893 1907 5321 1892 1908 5322 1882 1897 5323 1894 1910 5324 1894 1910 5325 1665 1672 5326 1895 1909 5327 1894 1910 5328 1669 1676 5329 1667 1671 5330 1896 1911 5331 1665 1672 5332 1663 1667 5333 1898 1912 5334 1895 1909 5335 1896 1911 5336 1896 1911 5337 1661 1668 5338 1897 1913 5339 1898 1912 5340 1897 1913 5341 1899 1914 5342 1900 1915 5343 1899 1914 5344 1902 1916 5345 1893 1907 5346 1900 1915 5347 1891 1905 5348 1891 1905 5349 1901 1917 5350 2635 1906 5351 1901 1917 5352 1902 1916 5353 1903 1918 5354 1902 1916 5355 1905 1919 5356 1903 1918 5357 1899 1914 5358 1904 1920 5359 1902 1916 5360 1905 1919 5361 1906 1921 5362 2746 1922 5363 1904 1920 5364 1908 1923 5365 1906 1921 5366 1907 1924 5367 1910 1925 5368 1908 1923 5369 1907 1924 5370 1897 1913 5371 1909 1926 5372 1909 1926 5373 1657 1664 5374 1910 1925 5375 1909 1926 5376 1661 1668 5377 1659 1663 5378 1911 1927 5379 1657 1664 5380 1655 1659 5381 1913 1928 5382 1910 1925 5383 1911 1927 5384 1911 1927 5385 1653 1660 5386 1912 1929 5387 1913 1928 5388 1912 1929 5389 1914 1930 5390 1915 1931 5391 1914 1930 5392 1917 1932 5393 1908 1923 5394 1915 1931 5395 1906 1921 5396 1906 1921 5397 1916 1933 5398 2746 1922 5399 1916 1933 5400 1917 1932 5401 1918 1934 5402 1917 1932 5403 1920 1935 5404 1918 1934 5405 1914 1930 5406 1919 1936 5407 1917 1932 5408 1920 1935 5409 1921 1937 5410 2618 1938 5411 1919 1936 5412 1923 1939 5413 1921 1937 5414 1922 1940 5415 1925 1941 5416 1923 1939 5417 1922 1940 5418 1912 1929 5419 1924 1942 5420 1924 1942 5421 1649 1656 5422 1925 1941 5423 1924 1942 5424 1653 1660 5425 1651 1655 5426 1926 1943 5427 1649 1656 5428 1647 1651 5429 1928 1944 5430 1925 1941 5431 1926 1943 5432 1926 1943 5433 1645 1652 5434 1927 1945 5435 1928 1944 5436 1927 1945 5437 1929 1946 5438 1930 1947 5439 1929 1946 5440 1932 1948 5441 1923 1939 5442 1930 1947 5443 1921 1937 5444 1921 1937 5445 1931 1949 5446 2618 1938 5447 1931 1949 5448 1932 1948 5449 1933 1950 5450 1932 1948 5451 1935 1951 5452 1933 1950 5453 1929 1946 5454 1934 1952 5455 1932 1948 5456 1935 1951 5457 1936 1953 5458 2607 1954 5459 1934 1952 5460 1938 1955 5461 1936 1953 5462 1937 1956 5463 1940 1957 5464 1938 1955 5465 1937 1956 5466 1927 1945 5467 1939 1958 5468 1939 1958 5469 1641 1648 5470 1940 1957 5471 1939 1958 5472 1645 1652 5473 1643 1647 5474 1941 1959 5475 1641 1648 5476 1639 1643 5477 1943 1960 5478 1940 1957 5479 1941 1959 5480 1941 1959 5481 1637 1644 5482 1942 1961 5483 1943 1960 5484 1942 1961 5485 1944 1962 5486 1945 1963 5487 1944 1962 5488 1947 1964 5489 1938 1955 5490 1945 1963 5491 1936 1953 5492 1936 1953 5493 1946 1965 5494 2607 1954 5495 1946 1965 5496 1947 1964 5497 1948 1966 5498 1947 1964 5499 1950 1967 5500 1948 1966 5501 1944 1962 5502 1949 1968 5503 1947 1964 5504 1950 1967 5505 1951 1969 5506 2748 1970 5507 1949 1968 5508 1953 1971 5509 1951 1969 5510 1952 1972 5511 1955 1973 5512 1953 1971 5513 1952 1972 5514 1942 1961 5515 1954 1974 5516 1954 1974 5517 1633 1640 5518 1955 1973 5519 1954 1974 5520 1637 1644 5521 1635 1639 5522 1956 1975 5523 1633 1640 5524 1631 1635 5525 1958 1976 5526 1955 1973 5527 1956 1975 5528 1956 1975 5529 1629 1636 5530 1957 1977 5531 1958 1976 5532 1957 1977 5533 1959 1978 5534 1960 1979 5535 1959 1978 5536 1962 1980 5537 1953 1971 5538 1960 1979 5539 1951 1969 5540 1951 1969 5541 1961 1981 5542 2748 1970 5543 1961 1981 5544 1962 1980 5545 1963 1982 5546 1962 1980 5547 1964 1034 5548 1963 1982 5549 1959 1978 5550 1030 1027 5551 1962 1980 5552 1963 1982 5553 1966 1983 5554 1965 1984 5555 1968 1985 5556 1963 1982 5557 1965 1984 5558 1965 1984 5559 2737 1986 5560 1967 1987 5561 1970 1988 5562 1965 1984 5563 1967 1987 5564 2748 1970 5565 1968 1985 5566 1969 1989 5567 1969 1989 5568 1970 1988 5569 1971 1990 5570 1971 1990 5571 1972 1991 5572 1973 1992 5573 1972 1991 5574 1967 1987 5575 1975 1993 5576 1973 1992 5577 1974 1994 5578 2196 1995 5579 1974 1994 5580 1975 1993 5581 1977 1996 5582 1967 1987 5583 1976 1997 5584 1975 1993 5585 1975 1993 5586 1978 1998 5587 1977 1996 5588 1982 1999 5589 1977 1996 5590 1978 1998 5591 1980 2000 5592 1977 1996 5593 1979 2001 5594 1980 2000 5595 1981 2002 5596 2197 2003 5597 1982 1999 5598 1981 2002 5599 1979 2001 5600 1982 1999 5601 1985 2004 5602 1983 2005 5603 1982 1999 5604 1987 2006 5605 1984 2007 5606 1986 2008 5607 1985 2004 5608 1984 2007 5609 1986 2008 5610 1987 2006 5611 1989 2009 5612 1988 2010 5613 1989 2009 5614 1987 2006 5615 1978 1998 5616 1988 2010 5617 1987 2006 5618 1989 2009 5619 1992 2011 5620 1991 2012 5621 1986 2008 5622 1991 2012 5623 1994 2013 5624 1992 2011 5625 1993 2014 5626 1991 2012 5627 1996 2015 5628 1991 2012 5629 1993 2014 5630 1986 2008 5631 1995 2016 5632 2594 2017 5633 1996 2015 5634 1995 2016 5635 1994 2013 5636 1996 2015 5637 1999 2018 5638 1997 2019 5639 1996 2015 5640 2001 2020 5641 1998 2021 5642 2000 2022 5643 1999 2018 5644 1998 2021 5645 1998 2021 5646 2003 2023 5647 2000 2022 5648 2002 2024 5649 2003 2023 5650 2001 2020 5651 1993 2014 5652 2002 2024 5653 2001 2020 5654 2003 2023 5655 2006 2025 5656 2005 2026 5657 2000 2022 5658 2005 2026 5659 2008 2027 5660 2006 2025 5661 2007 2028 5662 2005 2026 5663 2010 2029 5664 2005 2026 5665 2007 2028 5666 2000 2022 5667 2009 2030 5668 2593 2031 5669 2010 2029 5670 2009 2030 5671 2008 2027 5672 2010 2029 5673 2013 2032 5674 2011 2033 5675 2010 2029 5676 2015 2034 5677 2012 2035 5678 2014 2036 5679 2013 2032 5680 2012 2035 5681 2014 2036 5682 2015 2034 5683 2017 2037 5684 2016 2038 5685 2017 2037 5686 2015 2034 5687 2007 2028 5688 2016 2038 5689 2015 2034 5690 2017 2037 5691 2020 2039 5692 2019 2040 5693 2014 2036 5694 2019 2040 5695 2022 2041 5696 2020 2039 5697 2021 2042 5698 2019 2040 5699 2024 2043 5700 2019 2040 5701 2021 2042 5702 2014 2036 5703 2023 2044 5704 2592 2045 5705 2024 2043 5706 2023 2044 5707 2022 2041 5708 2024 2043 5709 2027 2046 5710 2025 2047 5711 2024 2043 5712 2029 2048 5713 2026 2049 5714 2028 2050 5715 2027 2046 5716 2026 2049 5717 2026 2049 5718 2031 2051 5719 2028 2050 5720 2021 2042 5721 2030 2052 5722 2029 2048 5723 2032 2053 5724 2029 2048 5725 2030 2052 5726 2031 2051 5727 2034 2054 5728 2033 2055 5729 2036 2056 5730 2031 2051 5731 2033 2055 5732 2034 2054 5733 2035 2057 5734 2033 2055 5735 2036 2056 5736 2035 2057 5737 2038 2058 5738 2028 2050 5739 2037 2059 5740 2591 2060 5741 2038 2058 5742 2037 2059 5743 2036 2056 5744 2038 2058 5745 2041 2061 5746 2039 2062 5747 2040 2063 5748 2035 2057 5749 2043 2064 5750 2042 2065 5751 2041 2061 5752 2040 2063 5753 2040 2063 5754 2045 2066 5755 2042 2065 5756 2044 2067 5757 2045 2066 5758 2043 2064 5759 2035 2057 5760 2044 2067 5761 2043 2064 5762 2047 2068 5763 2046 2069 5764 2048 2070 5765 2042 2065 5766 2047 2068 5767 2050 2071 5768 2048 2070 5769 2049 2072 5770 2047 2068 5771 2050 2071 5772 2049 2072 5773 2052 2073 5774 2042 2065 5775 2051 2074 5776 2590 2075 5777 2052 2073 5778 2051 2074 5779 2050 2071 5780 2052 2073 5781 2055 2076 5782 2053 2077 5783 2054 2078 5784 2049 2072 5785 2057 2079 5786 2056 2080 5787 2055 2076 5788 2054 2078 5789 2054 2078 5790 2059 2081 5791 2056 2080 5792 2058 2082 5793 2059 2081 5794 2057 2079 5795 2057 2079 5796 2742 2083 5797 2058 2082 5798 2059 2081 5799 2062 2084 5800 2061 2085 5801 2064 2086 5802 2059 2081 5803 2061 2085 5804 2062 2084 5805 2063 2087 5806 2061 2085 5807 2066 2088 5808 2061 2085 5809 2063 2087 5810 2056 2080 5811 2065 2089 5812 2589 2090 5813 2066 2088 5814 2065 2089 5815 2064 2086 5816 2066 2088 5817 2069 2091 5818 2067 2092 5819 2066 2088 5820 2071 2093 5821 2068 2094 5822 2070 2095 5823 2069 2091 5824 2068 2094 5825 2070 2095 5826 2071 2093 5827 2073 2096 5828 2072 2097 5829 2073 2096 5830 2071 2093 5831 2063 2087 5832 2072 2097 5833 2071 2093 5834 2073 2096 5835 2076 2098 5836 2075 2099 5837 2070 2095 5838 2075 2099 5839 2078 2100 5840 2076 2098 5841 2077 2101 5842 2075 2099 5843 2080 2102 5844 2075 2099 5845 2077 2101 5846 2070 2095 5847 2079 2103 5848 2588 2104 5849 2080 2102 5850 2079 2103 5851 2078 2100 5852 2080 2102 5853 2083 2105 5854 2081 2106 5855 2080 2102 5856 2085 2107 5857 2082 2108 5858 2084 2109 5859 2083 2105 5860 2082 2108 5861 2084 2109 5862 2085 2107 5863 2087 2110 5864 2086 2111 5865 2087 2110 5866 2085 2107 5867 2077 2101 5868 2086 2111 5869 2085 2107 5870 2087 2110 5871 2090 2112 5872 2089 2113 5873 2084 2109 5874 2089 2113 5875 2092 2114 5876 2090 2112 5877 2091 2115 5878 2089 2113 5879 2094 2116 5880 2089 2113 5881 2091 2115 5882 2084 2109 5883 2093 2117 5884 2587 2118 5885 2094 2116 5886 2093 2117 5887 2092 2114 5888 2094 2116 5889 2097 2119 5890 2095 2120 5891 2094 2116 5892 2099 2121 5893 2096 2122 5894 2098 2123 5895 2097 2119 5896 2096 2122 5897 2098 2123 5898 2099 2121 5899 2101 2124 5900 2100 2125 5901 2101 2124 5902 2099 2121 5903 2091 2115 5904 2100 2125 5905 2099 2121 5906 2101 2124 5907 2104 2126 5908 2103 2127 5909 2098 2123 5910 2103 2127 5911 2106 2128 5912 2104 2126 5913 2105 2129 5914 2103 2127 5915 2108 2130 5916 2103 2127 5917 2105 2129 5918 2098 2123 5919 2107 2131 5920 2586 2132 5921 2108 2130 5922 2107 2131 5923 2106 2128 5924 2108 2130 5925 2111 2133 5926 2109 2134 5927 2108 2130 5928 2113 2135 5929 2110 2136 5930 2112 2137 5931 2111 2133 5932 2110 2136 5933 2112 2137 5934 2113 2135 5935 2115 2138 5936 2114 2139 5937 2115 2138 5938 2113 2135 5939 2105 2129 5940 2114 2139 5941 2113 2135 5942 2115 2138 5943 2118 2140 5944 2117 2141 5945 2120 2142 5946 2115 2138 5947 2117 2141 5948 2118 2140 5949 2119 2143 5950 2117 2141 5951 2122 2144 5952 2117 2141 5953 2119 2143 5954 2112 2137 5955 2121 2145 5956 2585 2146 5957 2122 2144 5958 2121 2145 5959 2120 2142 5960 2122 2144 5961 2125 2147 5962 2123 2148 5963 2122 2144 5964 2127 2149 5965 2124 2150 5966 2124 2150 5967 2584 2151 5968 2125 2147 5969 2124 2150 5970 2129 2152 5971 2126 2153 5972 2119 2143 5973 2128 2154 5974 2127 2149 5975 2128 2154 5976 2129 2152 5977 2127 2149 5978 2129 2152 5979 2132 2155 5980 2131 2156 5981 2126 2153 5982 2131 2156 5983 2134 2157 5984 2132 2155 5985 2133 2158 5986 2131 2156 5987 2136 2159 5988 2131 2156 5989 2133 2158 5990 2126 2153 5991 2135 2160 5992 2584 2151 5993 2136 2159 5994 2135 2160 5995 2134 2157 5996 2136 2159 5997 2139 2161 5998 2137 2162 5999 2136 2159 6000 2141 2163 6001 2138 2164 6002 2140 2165 6003 2139 2161 6004 2138 2164 6005 2140 2165 6006 2141 2163 6007 2143 2166 6008 2142 2167 6009 2143 2166 6010 2141 2163 6011 2133 2158 6012 2142 2167 6013 2141 2163 6014 2143 2166 6015 2146 2168 6016 2145 2169 6017 2140 2165 6018 2145 2169 6019 2148 2170 6020 2146 2168 6021 2147 2171 6022 2145 2169 6023 2150 2172 6024 2145 2169 6025 2147 2171 6026 2140 2165 6027 2149 2173 6028 2583 2174 6029 2150 2172 6030 2149 2173 6031 2148 2170 6032 2150 2172 6033 2153 2175 6034 2151 2176 6035 2150 2172 6036 2155 2177 6037 2152 2178 6038 2154 2179 6039 2153 2175 6040 2152 2178 6041 2154 2179 6042 2155 2177 6043 2157 2180 6044 2156 2181 6045 2157 2180 6046 2155 2177 6047 2147 2171 6048 2156 2181 6049 2155 2177 6050 2157 2180 6051 2160 2182 6052 2159 2183 6053 2154 2179 6054 2159 2183 6055 2162 2184 6056 2160 2182 6057 2161 2185 6058 2159 2183 6059 2164 2186 6060 2159 2183 6061 2161 2185 6062 2154 2179 6063 2163 2187 6064 2582 2188 6065 2164 2186 6066 2163 2187 6067 2162 2184 6068 2164 2186 6069 2167 2189 6070 2165 2190 6071 2166 2191 6072 2161 2185 6073 2169 2192 6074 2168 2193 6075 2167 2189 6076 2166 2191 6077 2166 2191 6078 2171 2194 6079 2168 2193 6080 2170 2195 6081 2171 2194 6082 2169 2192 6083 2161 2185 6084 2170 2195 6085 2169 2192 6086 2171 2194 6087 2174 2196 6088 2173 2197 6089 2176 2198 6090 2171 2194 6091 2173 2197 6092 2611 2199 6093 2173 2197 6094 2174 2196 6095 2176 2198 6096 2175 2200 6097 2178 2201 6098 2168 2193 6099 2177 2202 6100 2581 2203 6101 2178 2201 6102 2177 2202 6103 2176 2198 6104 2178 2201 6105 2181 2204 6106 2179 2205 6107 2180 2206 6108 2175 2200 6109 2183 2207 6110 2182 2208 6111 2181 2204 6112 2180 2206 6113 2182 2208 6114 2183 2207 6115 2185 2209 6116 2184 2210 6117 2185 2209 6118 2183 2207 6119 2175 2200 6120 2184 2210 6121 2183 2207 6122 2185 2209 6123 2188 2211 6124 2187 2212 6125 2182 2208 6126 2187 2212 6127 2190 2213 6128 2188 2211 6129 2189 2214 6130 2187 2212 6131 2192 2215 6132 2187 2212 6133 2189 2214 6134 2182 2208 6135 2191 2216 6136 2580 2217 6137 2192 2215 6138 2191 2216 6139 2190 2213 6140 2192 2215 6141 2195 2218 6142 2193 2219 6143 2192 2215 6144 2196 1995 6145 2194 2220 6146 1980 2000 6147 2195 2218 6148 2194 2220 6149 1980 2000 6150 2196 1995 6151 1974 1994 6152 2189 2214 6153 1973 1992 6154 2196 1995 6155 2197 2003 6156 2198 2221 6157 2195 2218 6158 2193 2219 6159 2198 2221 6160 2201 2222 6161 2199 2223 6162 2200 2224 6163 2198 2221 6164 2201 2222 6165 2200 2224 6166 2203 2225 6167 2193 2219 6168 2202 2226 6169 2191 2216 6170 2201 2222 6171 2204 2227 6172 2202 2226 6173 2203 2225 6174 2206 2228 6175 2204 2227 6176 2203 2225 6177 2208 2229 6178 2205 2230 6179 2205 2230 6180 2222 2231 6181 2206 2228 6182 2205 2230 6183 2210 2232 6184 2207 2233 6185 2596 2234 6186 2208 2229 6187 2200 2224 6188 2209 2235 6189 2210 2232 6190 2208 2229 6191 2210 2232 6192 2213 2236 6193 2212 2237 6194 2210 2232 6195 2214 2238 6196 2207 2233 6197 2213 2236 6198 2215 2239 6199 2212 2237 6200 2214 2238 6201 2215 2239 6202 2217 2240 6203 2214 2238 6204 2218 2241 6205 2220 2242 6206 2221 2243 6207 2218 2241 6208 2219 2244 6209 2222 2231 6210 2214 2238 6211 2220 2242 6212 2222 2231 6213 2221 2243 6214 2223 2245 6215 2224 2246 6216 2222 2231 6217 2223 2245 6218 2224 2246 6219 2225 2247 6220 2226 2248 6221 2225 2247 6222 2221 2243 6223 2228 2249 6224 2575 2250 6225 2225 2247 6226 2227 2251 6227 2225 2247 6228 2229 2252 6229 2227 2251 6230 2221 2243 6231 2230 2253 6232 2228 2249 6233 2229 2252 6234 2230 2253 6235 2231 2254 6236 2229 2252 6237 2232 2255 6238 2234 2256 6239 2235 2257 6240 2232 2255 6241 2233 2258 6242 2236 2259 6243 2229 2252 6244 2234 2256 6245 2236 2259 6246 2235 2257 6247 2238 2260 6248 2239 2261 6249 2236 2259 6250 2238 2260 6251 2575 2250 6252 2236 2259 6253 2237 2262 6254 2239 2261 6255 2240 2263 6256 2241 2264 6257 2240 2263 6258 2235 2257 6259 2243 2265 6260 2566 2266 6261 2240 2263 6262 2242 2267 6263 2240 2263 6264 2244 2268 6265 2242 2267 6266 2235 2257 6267 2245 2269 6268 2243 2265 6269 2244 2268 6270 2245 2269 6271 2246 2270 6272 2244 2268 6273 2247 2271 6274 2249 2272 6275 2250 2273 6276 2247 2271 6277 2248 2274 6278 2251 2275 6279 2244 2268 6280 2249 2272 6281 2251 2275 6282 2250 2273 6283 2253 2276 6284 2254 2277 6285 2251 2275 6286 2253 2276 6287 2566 2266 6288 2251 2275 6289 2252 2278 6290 2254 2277 6291 2255 2279 6292 2256 2280 6293 2255 2279 6294 2250 2273 6295 2258 2281 6296 2557 2282 6297 2255 2279 6298 2257 2283 6299 2255 2279 6300 2259 2284 6301 2257 2283 6302 2250 2273 6303 2260 2285 6304 2258 2281 6305 2259 2284 6306 2260 2285 6307 2261 2286 6308 2259 2284 6309 2262 2287 6310 2264 2288 6311 2265 2289 6312 2262 2287 6313 2263 2290 6314 2266 2291 6315 2259 2284 6316 2264 2288 6317 2266 2291 6318 2265 2289 6319 2268 2292 6320 2269 2293 6321 2266 2291 6322 2268 2292 6323 2557 2282 6324 2266 2291 6325 2267 2294 6326 2269 2293 6327 2270 2295 6328 2271 2296 6329 2270 2295 6330 2265 2289 6331 2273 2297 6332 2548 2298 6333 2270 2295 6334 2272 2299 6335 2270 2295 6336 2274 2300 6337 2272 2299 6338 2265 2289 6339 2275 2301 6340 2273 2297 6341 2274 2300 6342 2275 2301 6343 2276 2302 6344 2274 2300 6345 2277 2303 6346 2279 2304 6347 2280 2305 6348 2277 2303 6349 2278 2306 6350 2281 2307 6351 2274 2300 6352 2279 2304 6353 2281 2307 6354 2280 2305 6355 2283 2308 6356 2284 2309 6357 2281 2307 6358 2283 2308 6359 2548 2298 6360 2281 2307 6361 2282 2310 6362 2284 2309 6363 2285 2311 6364 2286 2312 6365 2285 2311 6366 2280 2305 6367 2288 2313 6368 2539 2314 6369 2285 2311 6370 2287 2315 6371 2285 2311 6372 2289 2316 6373 2287 2315 6374 2289 2316 6375 2290 2317 6376 2291 2318 6377 2280 2305 6378 2290 2317 6379 2288 2313 6380 2289 2316 6381 2292 2319 6382 2294 2320 6383 2295 2321 6384 2292 2319 6385 2293 2322 6386 2296 2323 6387 2289 2316 6388 2294 2320 6389 2296 2323 6390 2295 2321 6391 2298 2324 6392 2299 2325 6393 2296 2323 6394 2298 2324 6395 2539 2314 6396 2296 2323 6397 2297 2326 6398 2299 2325 6399 2300 2327 6400 2301 2328 6401 2300 2327 6402 2295 2321 6403 2303 2329 6404 2530 2330 6405 2300 2327 6406 2302 2331 6407 2300 2327 6408 2304 2332 6409 2302 2331 6410 2295 2321 6411 2305 2333 6412 2303 2329 6413 2304 2332 6414 2305 2333 6415 2306 2334 6416 2304 2332 6417 2307 2335 6418 2309 2336 6419 2310 2337 6420 2307 2335 6421 2308 2338 6422 2311 2339 6423 2304 2332 6424 2309 2336 6425 2311 2339 6426 2310 2337 6427 2313 2340 6428 2314 2341 6429 2311 2339 6430 2313 2340 6431 2530 2330 6432 2311 2339 6433 2312 2342 6434 2314 2341 6435 2315 2343 6436 2316 2344 6437 2315 2343 6438 2310 2337 6439 2318 2345 6440 2521 2346 6441 2315 2343 6442 2317 2347 6443 2315 2343 6444 2319 2348 6445 2317 2347 6446 2310 2337 6447 2320 2349 6448 2318 2345 6449 2319 2348 6450 2320 2349 6451 2321 2350 6452 2319 2348 6453 2322 2351 6454 2324 2352 6455 2325 2353 6456 2322 2351 6457 2323 2354 6458 2326 2355 6459 2319 2348 6460 2324 2352 6461 2326 2355 6462 2325 2353 6463 2328 2356 6464 2329 2357 6465 2326 2355 6466 2328 2356 6467 2521 2346 6468 2326 2355 6469 2327 2358 6470 2329 2357 6471 2330 2359 6472 2331 2360 6473 2330 2359 6474 2325 2353 6475 2333 2361 6476 2512 2362 6477 2330 2359 6478 2332 2363 6479 2330 2359 6480 2334 2364 6481 2332 2363 6482 2325 2353 6483 2335 2365 6484 2333 2361 6485 2334 2364 6486 2335 2365 6487 2336 2366 6488 2334 2364 6489 2337 2367 6490 2339 2368 6491 2340 2369 6492 2337 2367 6493 2338 2370 6494 2341 2371 6495 2334 2364 6496 2339 2368 6497 2341 2371 6498 2340 2369 6499 2343 2372 6500 2344 2373 6501 2341 2371 6502 2343 2372 6503 2512 2362 6504 2341 2371 6505 2342 2374 6506 2344 2373 6507 2345 2375 6508 2346 2376 6509 2345 2375 6510 2340 2369 6511 2348 2377 6512 2503 2378 6513 2345 2375 6514 2347 2379 6515 2345 2375 6516 2349 2380 6517 2347 2379 6518 2340 2369 6519 2350 2381 6520 2348 2377 6521 2349 2380 6522 2350 2381 6523 2351 2382 6524 2349 2380 6525 2352 2383 6526 2354 2384 6527 2355 2385 6528 2352 2383 6529 2353 2386 6530 2356 2387 6531 2349 2380 6532 2354 2384 6533 2356 2387 6534 2355 2385 6535 2358 2388 6536 2359 2389 6537 2356 2387 6538 2358 2388 6539 2503 2378 6540 2356 2387 6541 2357 2390 6542 2359 2389 6543 2360 2391 6544 2361 2392 6545 2360 2391 6546 2355 2385 6547 2363 2393 6548 2494 2394 6549 2360 2391 6550 2362 2395 6551 2360 2391 6552 2364 2396 6553 2362 2395 6554 2355 2385 6555 2365 2397 6556 2363 2393 6557 2364 2396 6558 2365 2397 6559 2366 2274 6560 2364 2396 6561 2367 2398 6562 2369 2399 6563 2370 2400 6564 2367 2398 6565 2368 2401 6566 2371 2402 6567 2364 2396 6568 2369 2399 6569 2371 2402 6570 2370 2400 6571 2373 2403 6572 2374 2404 6573 2371 2402 6574 2373 2403 6575 2494 2394 6576 2371 2402 6577 2372 2405 6578 2374 2404 6579 2375 2406 6580 2376 2407 6581 2375 2406 6582 2370 2400 6583 2378 2408 6584 2485 2409 6585 2375 2406 6586 2377 2410 6587 2375 2406 6588 2379 2411 6589 2377 2410 6590 2370 2400 6591 2380 2412 6592 2378 2408 6593 2379 2411 6594 2380 2412 6595 2381 2413 6596 2379 2411 6597 2382 2414 6598 2384 2415 6599 2385 2416 6600 2382 2414 6601 2383 2417 6602 2386 2418 6603 2379 2411 6604 2384 2415 6605 2386 2418 6606 2385 2416 6607 2388 2419 6608 2389 2420 6609 2386 2418 6610 2388 2419 6611 2485 2409 6612 2386 2418 6613 2387 2421 6614 2389 2420 6615 2390 2422 6616 2391 2423 6617 2390 2422 6618 2385 2416 6619 2393 2424 6620 2476 2425 6621 2390 2422 6622 2392 2426 6623 2390 2422 6624 2394 2427 6625 2392 2426 6626 2394 2427 6627 2395 2428 6628 2396 2274 6629 2385 2416 6630 2395 2428 6631 2393 2424 6632 2394 2427 6633 2397 2429 6634 2399 2430 6635 2400 2431 6636 2397 2429 6637 2398 2274 6638 2401 2432 6639 2394 2427 6640 2399 2430 6641 2401 2432 6642 2400 2431 6643 2403 2433 6644 2404 2434 6645 2401 2432 6646 2403 2433 6647 2476 2425 6648 2401 2432 6649 2402 2435 6650 2404 2434 6651 2405 2436 6652 2406 2437 6653 2405 2436 6654 2400 2431 6655 2408 2438 6656 2467 2439 6657 2405 2436 6658 2407 2440 6659 2405 2436 6660 2409 2441 6661 2407 2440 6662 2400 2431 6663 2410 2442 6664 2408 2438 6665 2409 2441 6666 2410 2442 6667 2411 2443 6668 2409 2441 6669 2412 2444 6670 2414 2445 6671 2415 2446 6672 2412 2444 6673 2413 2447 6674 2416 2448 6675 2409 2441 6676 2414 2445 6677 2416 2448 6678 2415 2446 6679 2418 2449 6680 2419 2450 6681 2416 2448 6682 2418 2449 6683 2467 2439 6684 2416 2448 6685 2417 2451 6686 2419 2450 6687 2420 2452 6688 2421 2453 6689 2420 2452 6690 2415 2446 6691 2423 2454 6692 2458 2455 6693 2420 2452 6694 2422 2456 6695 2420 2452 6696 2424 2457 6697 2422 2456 6698 2415 2446 6699 2425 2458 6700 2423 2454 6701 2424 2457 6702 2425 2458 6703 2426 2459 6704 2424 2457 6705 2427 2460 6706 2429 2461 6707 2430 2462 6708 2427 2460 6709 2428 2463 6710 2431 2464 6711 2424 2457 6712 2429 2461 6713 2431 2464 6714 2430 2462 6715 2433 2465 6716 2434 2466 6717 2431 2464 6718 2433 2465 6719 2458 2455 6720 2431 2464 6721 2432 2467 6722 2434 2466 6723 2435 2468 6724 2436 2469 6725 2435 2468 6726 2430 2462 6727 2438 2470 6728 2447 2471 6729 2435 2468 6730 2437 2472 6731 2435 2468 6732 2439 2473 6733 2437 2472 6734 2430 2462 6735 2440 2474 6736 2438 2470 6737 2439 2473 6738 2440 2474 6739 2441 2475 6740 2439 2473 6741 2442 2476 6742 2443 2477 6743 2213 2236 6744 2442 2476 6745 2216 2478 6746 2444 2479 6747 2213 2236 6748 2211 2480 6749 2444 2479 6750 2439 2473 6751 2443 2477 6752 2447 2471 6753 2444 2479 6754 2445 2481 6755 2209 2235 6756 2444 2479 6757 2211 2480 6758 2448 2482 6759 2445 2481 6760 2446 2483 6761 2596 2234 6762 2445 2481 6763 2209 2235 6764 2448 2482 6765 2436 2469 6766 2447 2471 6767 2449 2484 6768 2450 2485 6769 2448 2482 6770 2449 2484 6771 2446 2483 6772 2595 2486 6773 2453 2487 6774 2450 2485 6775 2451 2488 6776 2452 2489 6777 2436 2469 6778 2450 2485 6779 2453 2487 6780 2454 2490 6781 2452 2489 6782 2452 2489 6783 2432 2467 6784 2434 2466 6785 2457 2491 6786 2454 2490 6787 2455 2492 6788 2456 2493 6789 2432 2467 6790 2454 2490 6791 2457 2491 6792 2459 2494 6793 2456 2493 6794 2456 2493 6795 2421 2453 6796 2458 2455 6797 2462 2495 6798 2459 2494 6799 2460 2496 6800 2461 2497 6801 2421 2453 6802 2459 2494 6803 2462 2495 6804 2463 2498 6805 2461 2497 6806 2461 2497 6807 2417 2451 6808 2419 2450 6809 2466 2499 6810 2463 2498 6811 2464 2500 6812 2465 2501 6813 2417 2451 6814 2463 2498 6815 2466 2499 6816 2468 2502 6817 2465 2501 6818 2465 2501 6819 2406 2437 6820 2467 2439 6821 2471 2503 6822 2468 2502 6823 2469 2504 6824 2470 2505 6825 2406 2437 6826 2468 2502 6827 2471 2503 6828 2472 2506 6829 2470 2505 6830 2470 2505 6831 2402 2435 6832 2404 2434 6833 2475 2507 6834 2472 2506 6835 2473 2508 6836 2474 2509 6837 2402 2435 6838 2472 2506 6839 2475 2507 6840 2477 2510 6841 2474 2509 6842 2474 2509 6843 2391 2423 6844 2476 2425 6845 2480 2511 6846 2477 2510 6847 2478 2512 6848 2479 2513 6849 2391 2423 6850 2477 2510 6851 2480 2511 6852 2481 2514 6853 2479 2513 6854 2479 2513 6855 2387 2421 6856 2389 2420 6857 2484 2515 6858 2481 2514 6859 2482 2516 6860 2483 2517 6861 2387 2421 6862 2481 2514 6863 2484 2515 6864 2486 2518 6865 2483 2517 6866 2483 2517 6867 2376 2407 6868 2485 2409 6869 2489 2519 6870 2486 2518 6871 2487 2520 6872 2488 2521 6873 2376 2407 6874 2486 2518 6875 2489 2519 6876 2490 2522 6877 2488 2521 6878 2488 2521 6879 2372 2405 6880 2374 2404 6881 2493 2523 6882 2490 2522 6883 2491 2524 6884 2492 2525 6885 2372 2405 6886 2490 2522 6887 2493 2523 6888 2495 2526 6889 2492 2525 6890 2492 2525 6891 2361 2392 6892 2494 2394 6893 2498 2527 6894 2495 2526 6895 2496 2528 6896 2497 2529 6897 2361 2392 6898 2495 2526 6899 2498 2527 6900 2499 2530 6901 2497 2529 6902 2497 2529 6903 2357 2390 6904 2359 2389 6905 2502 2531 6906 2499 2530 6907 2500 2532 6908 2501 2533 6909 2357 2390 6910 2499 2530 6911 2502 2531 6912 2504 2534 6913 2501 2533 6914 2501 2533 6915 2346 2376 6916 2503 2378 6917 2507 2535 6918 2504 2534 6919 2505 2536 6920 2506 2537 6921 2346 2376 6922 2504 2534 6923 2507 2535 6924 2508 2538 6925 2506 2537 6926 2506 2537 6927 2342 2374 6928 2344 2373 6929 2511 2539 6930 2508 2538 6931 2509 2540 6932 2510 2541 6933 2342 2374 6934 2508 2538 6935 2511 2539 6936 2513 2542 6937 2510 2541 6938 2510 2541 6939 2331 2360 6940 2512 2362 6941 2516 2543 6942 2513 2542 6943 2514 2544 6944 2515 2545 6945 2331 2360 6946 2513 2542 6947 2516 2543 6948 2517 2546 6949 2515 2545 6950 2515 2545 6951 2327 2358 6952 2329 2357 6953 2520 2547 6954 2517 2546 6955 2518 2548 6956 2519 2549 6957 2327 2358 6958 2517 2546 6959 2520 2547 6960 2522 2550 6961 2519 2549 6962 2519 2549 6963 2316 2344 6964 2521 2346 6965 2525 2551 6966 2522 2550 6967 2523 2552 6968 2524 2553 6969 2316 2344 6970 2522 2550 6971 2525 2551 6972 2526 2554 6973 2524 2553 6974 2524 2553 6975 2312 2342 6976 2314 2341 6977 2529 2555 6978 2526 2554 6979 2527 2556 6980 2528 2557 6981 2312 2342 6982 2526 2554 6983 2529 2555 6984 2531 2558 6985 2528 2557 6986 2528 2557 6987 2301 2328 6988 2530 2330 6989 2534 2559 6990 2531 2558 6991 2532 2560 6992 2533 2561 6993 2301 2328 6994 2531 2558 6995 2534 2559 6996 2535 2562 6997 2533 2561 6998 2533 2561 6999 2297 2326 7000 2299 2325 7001 2538 2563 7002 2535 2562 7003 2536 2564 7004 2537 2565 7005 2297 2326 7006 2535 2562 7007 2538 2563 7008 2540 2566 7009 2537 2565 7010 2537 2565 7011 2286 2312 7012 2539 2314 7013 2543 2567 7014 2540 2566 7015 2541 2568 7016 2542 2569 7017 2286 2312 7018 2540 2566 7019 2543 2567 7020 2544 2570 7021 2542 2569 7022 2542 2569 7023 2282 2310 7024 2284 2309 7025 2547 2571 7026 2544 2570 7027 2545 2572 7028 2546 2573 7029 2282 2310 7030 2544 2570 7031 2547 2571 7032 2549 2574 7033 2546 2573 7034 2546 2573 7035 2271 2296 7036 2548 2298 7037 2552 2575 7038 2549 2574 7039 2550 2576 7040 2551 2577 7041 2271 2296 7042 2549 2574 7043 2552 2575 7044 2553 2578 7045 2551 2577 7046 2551 2577 7047 2267 2294 7048 2269 2293 7049 2556 2579 7050 2553 2578 7051 2554 2580 7052 2555 2581 7053 2267 2294 7054 2553 2578 7055 2556 2579 7056 2558 2582 7057 2555 2581 7058 2555 2581 7059 2256 2280 7060 2557 2282 7061 2561 2583 7062 2558 2582 7063 2559 2584 7064 2560 2585 7065 2256 2280 7066 2558 2582 7067 2561 2583 7068 2562 2586 7069 2560 2585 7070 2560 2585 7071 2252 2278 7072 2254 2277 7073 2565 2587 7074 2562 2586 7075 2563 2588 7076 2564 2589 7077 2252 2278 7078 2562 2586 7079 2565 2587 7080 2567 2590 7081 2564 2589 7082 2564 2589 7083 2241 2264 7084 2566 2266 7085 2570 2591 7086 2567 2590 7087 2568 2592 7088 2569 2593 7089 2241 2264 7090 2567 2590 7091 2570 2591 7092 2571 2594 7093 2569 2593 7094 2569 2593 7095 2237 2262 7096 2239 2261 7097 2574 2595 7098 2571 2594 7099 2572 2596 7100 2573 2597 7101 2237 2262 7102 2571 2594 7103 2574 2595 7104 2576 2598 7105 2573 2597 7106 2573 2597 7107 2226 2248 7108 2575 2250 7109 2579 2599 7110 2576 2598 7111 2577 2600 7112 2578 2601 7113 2226 2248 7114 2576 2598 7115 2579 2599 7116 2204 2227 7117 2578 2601 7118 2578 2601 7119 2206 2228 7120 2224 2246 7121 2580 2217 7122 2202 2226 7123 2579 2599 7124 2580 2217 7125 2577 2600 7126 2181 2204 7127 2179 2205 7128 2577 2600 7129 2574 2595 7130 2179 2205 7131 2572 2596 7132 2177 2202 7133 2581 2203 7134 2572 2596 7135 2570 2591 7136 2581 2203 7137 2568 2592 7138 2167 2189 7139 2165 2190 7140 2568 2592 7141 2565 2587 7142 2165 2190 7143 2563 2588 7144 2163 2187 7145 2582 2188 7146 2563 2588 7147 2561 2583 7148 2582 2188 7149 2559 2584 7150 2153 2175 7151 2151 2176 7152 2559 2584 7153 2556 2579 7154 2151 2176 7155 2554 2580 7156 2149 2173 7157 2583 2174 7158 2554 2580 7159 2552 2575 7160 2583 2174 7161 2550 2576 7162 2139 2161 7163 2137 2162 7164 2550 2576 7165 2547 2571 7166 2137 2162 7167 2545 2572 7168 2135 2160 7169 2584 2151 7170 2545 2572 7171 2543 2567 7172 2584 2151 7173 2541 2568 7174 2125 2147 7175 2123 2148 7176 2541 2568 7177 2538 2563 7178 2123 2148 7179 2536 2564 7180 2121 2145 7181 2585 2146 7182 2536 2564 7183 2534 2559 7184 2585 2146 7185 2532 2560 7186 2111 2133 7187 2109 2134 7188 2532 2560 7189 2529 2555 7190 2109 2134 7191 2527 2556 7192 2107 2131 7193 2586 2132 7194 2527 2556 7195 2525 2551 7196 2586 2132 7197 2523 2552 7198 2097 2119 7199 2095 2120 7200 2523 2552 7201 2520 2547 7202 2095 2120 7203 2518 2548 7204 2093 2117 7205 2587 2118 7206 2518 2548 7207 2516 2543 7208 2587 2118 7209 2514 2544 7210 2083 2105 7211 2081 2106 7212 2514 2544 7213 2511 2539 7214 2081 2106 7215 2509 2540 7216 2079 2103 7217 2588 2104 7218 2509 2540 7219 2507 2535 7220 2588 2104 7221 2505 2536 7222 2069 2091 7223 2067 2092 7224 2505 2536 7225 2502 2531 7226 2067 2092 7227 2500 2532 7228 2065 2089 7229 2589 2090 7230 2500 2532 7231 2498 2527 7232 2589 2090 7233 2496 2528 7234 2055 2076 7235 2053 2077 7236 2496 2528 7237 2493 2523 7238 2053 2077 7239 2491 2524 7240 2051 2074 7241 2590 2075 7242 2491 2524 7243 2489 2519 7244 2590 2075 7245 2487 2520 7246 2041 2061 7247 2039 2062 7248 2487 2520 7249 2484 2515 7250 2039 2062 7251 2482 2516 7252 2037 2059 7253 2591 2060 7254 2482 2516 7255 2480 2511 7256 2591 2060 7257 2478 2512 7258 2027 2046 7259 2025 2047 7260 2478 2512 7261 2475 2507 7262 2025 2047 7263 2473 2508 7264 2023 2044 7265 2592 2045 7266 2473 2508 7267 2471 2503 7268 2592 2045 7269 2469 2504 7270 2013 2032 7271 2011 2033 7272 2469 2504 7273 2466 2499 7274 2011 2033 7275 2464 2500 7276 2009 2030 7277 2593 2031 7278 2464 2500 7279 2462 2495 7280 2593 2031 7281 2460 2496 7282 1999 2018 7283 1997 2019 7284 2460 2496 7285 2457 2491 7286 1997 2019 7287 2455 2492 7288 1995 2016 7289 2594 2017 7290 2455 2492 7291 2453 2487 7292 2594 2017 7293 2451 2488 7294 1985 2004 7295 1983 2005 7296 2451 2488 7297 2449 2484 7298 1983 2005 7299 2595 2486 7300 1981 2002 7301 2197 2003 7302 2595 2486 7303 2199 2223 7304 2199 2223 7305 2446 2483 7306 2596 2234 7307 2597 2602 7308 1971 1990 7309 1973 1992 7310 2600 2603 7311 2597 2602 7312 2188 2211 7313 2598 2604 7314 1969 1989 7315 1971 1990 7316 2602 2605 7317 2598 2604 7318 2600 2603 7319 2186 2606 7320 2600 2603 7321 2188 2211 7322 2601 2607 7323 2602 2605 7324 2600 2603 7325 2603 2608 7326 1948 1966 7327 2602 2605 7328 1948 1966 7329 2599 2609 7330 2602 2605 7331 2607 1954 7332 2603 2608 7333 2604 2610 7334 2604 2610 7335 2601 2607 7336 2605 2611 7337 2609 2612 7338 2604 2610 7339 2605 2611 7340 2606 2613 7341 2607 1954 7342 2604 2610 7343 1933 1950 7344 2606 2613 7345 2608 2614 7346 2608 2614 7347 2609 2612 7348 2610 2615 7349 2610 2615 7350 2611 2199 7351 2174 2196 7352 2611 2199 7353 2605 2611 7354 2184 2210 7355 2172 2616 7356 2610 2615 7357 2174 2196 7358 2612 2617 7359 2608 2614 7360 2610 2615 7361 2616 2618 7362 2612 2617 7363 2614 2619 7364 2614 2619 7365 2172 2616 7366 2170 2195 7367 2747 2620 7368 2614 2619 7369 2170 2195 7370 2615 2621 7371 2616 2618 7372 2614 2619 7373 2617 2622 7374 2618 1938 7375 2616 2618 7376 2618 1938 7377 2613 2623 7378 2616 2618 7379 1918 1934 7380 2617 2622 7381 2619 2624 7382 2619 2624 7383 2615 2621 7384 2620 2625 7385 2623 2626 7386 2619 2624 7387 2620 2625 7388 2621 2627 7389 1918 1934 7390 2619 2624 7391 2746 1922 7392 2621 2627 7393 2622 2628 7394 2622 2628 7395 2623 2626 7396 2624 2629 7397 2624 2629 7398 2158 2630 7399 2156 2181 7400 2158 2630 7401 2620 2625 7402 2160 2182 7403 2628 2631 7404 2624 2629 7405 2156 2181 7406 2625 2632 7407 2622 2628 7408 2624 2629 7409 2630 2633 7410 2625 2632 7411 2627 2634 7412 2627 2634 7413 2628 2631 7414 2146 2168 7415 2144 2635 7416 2627 2634 7417 2146 2168 7418 2629 2636 7419 2630 2633 7420 2627 2634 7421 2631 2637 7422 1903 1918 7423 2630 2633 7424 1903 1918 7425 2626 2638 7426 2630 2633 7427 2635 1906 7428 2631 2637 7429 2632 2639 7430 2632 2639 7431 2629 2636 7432 2633 2640 7433 2637 2641 7434 2632 2639 7435 2633 2640 7436 2634 2642 7437 2635 1906 7438 2632 2639 7439 1888 1902 7440 2634 2642 7441 2636 2643 7442 2636 2643 7443 2637 2641 7444 2638 2644 7445 2638 2644 7446 2639 2645 7447 2132 2155 7448 2639 2645 7449 2633 2640 7450 2142 2167 7451 2130 2646 7452 2638 2644 7453 2132 2155 7454 2640 2647 7455 2636 2643 7456 2638 2644 7457 2643 2648 7458 2640 2647 7459 2642 2649 7460 2642 2649 7461 2130 2646 7462 2128 2154 7463 2644 2650 7464 2643 2648 7465 2642 2649 7466 2647 2651 7467 2642 2649 7468 2128 2154 7469 2649 2652 7470 2644 2650 7471 2646 2653 7472 2646 2653 7473 2647 2651 7474 2118 2140 7475 2116 2654 7476 2646 2653 7477 2118 2140 7478 2648 2655 7479 2649 2652 7480 2646 2653 7481 2650 2656 7482 1873 1886 7483 2649 2652 7484 1873 1886 7485 2645 2657 7486 2649 2652 7487 2654 1874 7488 2650 2656 7489 2651 2658 7490 2651 2658 7491 2648 2655 7492 2652 2659 7493 2656 2660 7494 2651 2658 7495 2652 2659 7496 2653 2661 7497 2654 1874 7498 2651 2658 7499 1858 1870 7500 2653 2661 7501 2655 2662 7502 2655 2662 7503 2656 2660 7504 2657 2663 7505 2657 2663 7506 2658 2664 7507 2104 2126 7508 2658 2664 7509 2652 2659 7510 2114 2139 7511 2102 2665 7512 2657 2663 7513 2104 2126 7514 2659 2666 7515 2655 2662 7516 2657 2663 7517 2663 2667 7518 2659 2666 7519 2661 2668 7520 2661 2668 7521 2102 2665 7522 2100 2125 7523 2744 2669 7524 2661 2668 7525 2100 2125 7526 2662 2670 7527 2663 2667 7528 2661 2668 7529 2664 2671 7530 2665 1858 7531 2663 2667 7532 2665 1858 7533 2660 2672 7534 2663 2667 7535 1843 1854 7536 2664 2671 7537 2666 2673 7538 2666 2673 7539 2662 2670 7540 2667 2674 7541 2670 2675 7542 2666 2673 7543 2667 2674 7544 2668 2676 7545 1843 1854 7546 2666 2673 7547 2743 1842 7548 2668 2676 7549 2669 2677 7550 2669 2677 7551 2670 2675 7552 2671 2678 7553 2671 2678 7554 2088 2679 7555 2086 2111 7556 2088 2679 7557 2667 2674 7558 2090 2112 7559 2675 2680 7560 2671 2678 7561 2086 2111 7562 2672 2681 7563 2669 2677 7564 2671 2678 7565 2677 2682 7566 2672 2681 7567 2674 2683 7568 2674 2683 7569 2675 2680 7570 2076 2098 7571 2074 2684 7572 2674 2683 7573 2076 2098 7574 2676 2685 7575 2677 2682 7576 2674 2683 7577 2678 2686 7578 1828 1838 7579 2677 2682 7580 1828 1838 7581 2673 2687 7582 2677 2682 7583 2682 1826 7584 2678 2686 7585 2679 2688 7586 2679 2688 7587 2676 2685 7588 2680 2689 7589 2684 2690 7590 2679 2688 7591 2680 2689 7592 2681 2691 7593 2682 1826 7594 2679 2688 7595 1813 1822 7596 2681 2691 7597 2683 2692 7598 2683 2692 7599 2684 2690 7600 2685 2693 7601 2685 2693 7602 2686 2694 7603 2062 2084 7604 2686 2694 7605 2680 2689 7606 2072 2097 7607 2060 2695 7608 2685 2693 7609 2062 2084 7610 2687 2696 7611 2683 2692 7612 2685 2693 7613 2691 2697 7614 2687 2696 7615 2689 2698 7616 2689 2698 7617 2060 2695 7618 2058 2082 7619 2742 2083 7620 2689 2698 7621 2058 2082 7622 2690 2699 7623 2691 2697 7624 2689 2698 7625 2692 2700 7626 2693 1810 7627 2691 2697 7628 2693 1810 7629 2688 2701 7630 2691 2697 7631 1798 1806 7632 2692 2700 7633 2694 2702 7634 2694 2702 7635 2690 2699 7636 2695 2703 7637 2698 2704 7638 2694 2702 7639 2695 2703 7640 2696 2705 7641 1798 1806 7642 2694 2702 7643 2741 1794 7644 2696 2705 7645 2697 2706 7646 2697 2706 7647 2698 2704 7648 2699 2707 7649 2699 2707 7650 2046 2069 7651 2044 2067 7652 2046 2069 7653 2695 2703 7654 2048 2070 7655 2703 2708 7656 2699 2707 7657 2044 2067 7658 2700 2709 7659 2697 2706 7660 2699 2707 7661 2705 2710 7662 2700 2709 7663 2702 2711 7664 2702 2711 7665 2703 2708 7666 2034 2054 7667 2032 2053 7668 2702 2711 7669 2034 2054 7670 2704 2712 7671 2705 2710 7672 2702 2711 7673 2706 2713 7674 1783 1790 7675 2705 2710 7676 1783 1790 7677 2701 2714 7678 2705 2710 7679 2708 1778 7680 2706 2713 7681 2707 2715 7682 2707 2715 7683 2704 2712 7684 2709 2716 7685 2710 2717 7686 2708 1778 7687 2707 2715 7688 2712 2718 7689 2707 2715 7690 2709 2716 7691 1768 1774 7692 2710 2717 7693 2711 2719 7694 2711 2719 7695 2712 2718 7696 2713 2720 7697 2713 2720 7698 2714 2721 7699 2020 2039 7700 2714 2721 7701 2709 2716 7702 2030 2052 7703 2018 2722 7704 2713 2720 7705 2020 2039 7706 2715 2723 7707 2711 2719 7708 2713 2720 7709 2719 2724 7710 2715 2723 7711 2717 2725 7712 2717 2725 7713 2018 2722 7714 2016 2038 7715 2740 2726 7716 2717 2725 7717 2016 2038 7718 2718 2727 7719 2719 2724 7720 2717 2725 7721 2720 2728 7722 2721 1762 7723 2719 2724 7724 2721 1762 7725 2716 2729 7726 2719 2724 7727 1753 1758 7728 2720 2728 7729 2722 2730 7730 2722 2730 7731 2718 2727 7732 2723 2731 7733 2726 2732 7734 2722 2730 7735 2723 2731 7736 2724 2733 7737 1753 1758 7738 2722 2730 7739 2739 1757 7740 2724 2733 7741 2725 2734 7742 2725 2734 7743 2726 2732 7744 2727 2735 7745 2727 2735 7746 2004 2736 7747 2002 2024 7748 2004 2736 7749 2723 2731 7750 2006 2025 7751 2731 2737 7752 2727 2735 7753 2002 2024 7754 2728 2738 7755 2725 2734 7756 2727 2735 7757 2733 2739 7758 2728 2738 7759 2730 2740 7760 2730 2740 7761 2731 2737 7762 1992 2011 7763 1990 2741 7764 2730 2740 7765 1992 2011 7766 2732 2742 7767 2733 2739 7768 2730 2740 7769 2734 2743 7770 1034 1036 7771 2733 2739 7772 1034 1036 7773 2729 2744 7774 2733 2739 7775 1029 1033 7776 2734 2743 7777 2735 2745 7778 2735 2745 7779 2732 2742 7780 2736 2746 7781 2737 1986 7782 2735 2745 7783 2736 2746 7784 1966 1983 7785 1029 1033 7786 2735 2745 7787 2736 2746 7788 1990 2741 7789 1988 2010 7790 1976 1997 7791 2736 2746 7792 1988 2010 7793 2729 2744 7794 2739 1757 7795 2725 2734 7796 2738 1038 7797 1750 1755 7798 2739 1757 7799 2723 2731 7800 2740 2726 7801 2006 2025 7802 2716 2729 7803 1768 1774 7804 2711 2719 7805 2709 2716 7806 2032 2053 7807 2030 2052 7808 2701 2714 7809 2741 1794 7810 2697 2706 7811 2695 2703 7812 2742 2083 7813 2048 2070 7814 2688 2701 7815 1813 1822 7816 2683 2692 7817 2680 2689 7818 2074 2684 7819 2072 2097 7820 2673 2687 7821 2743 1842 7822 2669 2677 7823 2667 2674 7824 2744 2669 7825 2090 2112 7826 2660 2672 7827 1858 1870 7828 2655 2662 7829 2652 2659 7830 2116 2654 7831 2114 2139 7832 2645 2657 7833 2745 1890 7834 2643 2648 7835 2745 1890 7836 2641 2747 7837 2643 2648 7838 2641 2747 7839 1888 1902 7840 2636 2643 7841 2633 2640 7842 2144 2635 7843 2142 2167 7844 2626 2638 7845 2746 1922 7846 2622 2628 7847 2620 2625 7848 2747 2620 7849 2160 2182 7850 2613 2623 7851 1933 1950 7852 2608 2614 7853 2605 2611 7854 2186 2606 7855 2184 2210 7856 2599 2609 7857 2748 1970 7858 1969 1989 7859 1025 1024 7860 1957 1977 7861 2749 2748 7862 2749 2748 7863 1629 1636 7864 1627 1632 7865 2749 2748 7866 1625 1633 7867 1027 1025 7868 1035 1039 7869 1748 1047 7870 1750 1755 7871 1040 1031 7872 1625 1633 7873 2750 1054 7874 2753 2749 7875 2754 2750 7876 2806 2751 7877 2755 2752 7878 2754 2750 7879 2752 2753 7880 2756 2754 7881 2757 2755 7882 2758 2756 7883 2758 2756 7884 2759 2757 7885 2760 2758 7886 2760 2758 7887 2761 2759 7888 2762 2760 7889 2762 2760 7890 2763 2761 7891 2764 2762 7892 2764 2762 7893 2765 2763 7894 2766 2764 7895 2767 2765 7896 2766 2764 7897 2765 2763 7898 2768 2766 7899 2770 2767 7900 2766 2764 7901 2769 2768 7902 2772 2769 7903 2770 2767 7904 2771 2770 7905 2774 2771 7906 2772 2769 7907 2773 2772 7908 2776 2773 7909 2774 2771 7910 2775 2774 7911 2778 2775 7912 2776 2773 7913 2778 2775 7914 2779 2776 7915 2780 2777 7916 2779 2776 7917 2782 2778 7918 2780 2777 7919 2782 2778 7920 2783 2779 7921 2784 2780 7922 2784 2780 7923 2785 2781 7924 2786 2782 7925 2786 2782 7926 2787 2783 7927 2788 2784 7928 2788 2784 7929 2789 2785 7930 2790 2786 7931 2790 2786 7932 2791 2787 7933 2792 2788 7934 2792 2788 7935 2793 2789 7936 2794 2790 7937 2797 2791 7938 2794 2790 7939 2795 2792 7940 2799 2793 7941 2795 2792 7942 2796 2794 7943 2792 2788 7944 2798 2795 7945 2790 2786 7946 2797 2791 7947 2800 2796 7948 2798 2795 7949 2799 2793 7950 2802 2797 7951 2800 2796 7952 2801 2798 7953 2796 2794 7954 2804 2799 7955 2807 2800 7956 2801 2798 7957 2803 2801 7958 2803 2801 7959 2804 2799 7960 2805 2802 7961 2806 2751 7962 2805 2802 7963 2753 2749 7964 2808 2803 7965 2803 2801 7966 2806 2751 7967 2810 2804 7968 2807 2800 7969 2808 2803 7970 2809 2805 7971 2802 2797 7972 2807 2800 7973 2819 2806 7974 2809 2805 7975 2810 2804 7976 2811 2807 7977 2812 2808 7978 2809 2805 7979 2800 2796 7980 2812 2808 7981 2813 2809 7982 2813 2809 7983 2812 2808 7984 2814 2810 7985 2815 2811 7986 2811 2807 7987 2816 2812 7988 2817 2813 7989 2814 2810 7990 2815 2811 7991 2788 2784 7992 2815 2811 7993 2786 2782 7994 2786 2782 7995 2816 2812 7996 2784 2780 7997 2798 2795 7998 2813 2809 7999 2817 2813 8000 2790 2786 8001 2817 2813 8002 2788 2784 8003 2784 2780 8004 2818 2814 8005 2782 2778 8006 2816 2812 8007 2819 2806 8008 2818 2814 8009 2782 2778 8010 2820 2815 8011 2780 2777 8012 2818 2814 8013 2821 2816 8014 2820 2815 8015 2820 2815 8016 2778 2775 8017 2780 2777 8018 2821 2816 8019 2822 2817 8020 2820 2815 8021 2822 2817 8022 2776 2773 8023 2778 2775 8024 2824 2818 8025 2823 2819 8026 2822 2817 8027 2824 2818 8028 2827 2820 8029 2825 2821 8030 2826 2822 8031 2821 2816 8032 2829 2823 8033 2831 2824 8034 2826 2822 8035 2828 2825 8036 2828 2825 8037 2829 2823 8038 2830 2826 8039 2821 2816 8040 2810 2804 8041 2829 2823 8042 2829 2823 8043 2808 2803 8044 2830 2826 8045 2830 2826 8046 2806 2751 8047 2754 2750 8048 2756 2754 8049 2830 2826 8050 2754 2750 8051 2758 2756 8052 2828 2825 8053 2756 2754 8054 2760 2758 8055 2831 2824 8056 2758 2756 8057 2832 2827 8058 2827 2820 8059 2831 2824 8060 2762 2760 8061 2832 2827 8062 2760 2758 8063 2833 2828 8064 2834 2829 8065 2832 2827 8066 2827 2820 8067 2835 2830 8068 2825 2821 8069 2836 2831 8070 2835 2830 8071 2834 2829 8072 2837 2832 8073 2835 2830 8074 2836 2831 8075 2838 2833 8076 2836 2831 8077 2833 2828 8078 2772 2769 8079 2839 2834 8080 2837 2832 8081 2770 2767 8082 2837 2832 8083 2838 2833 8084 2823 2819 8085 2774 2771 8086 2776 2773 8087 2825 2821 8088 2839 2834 8089 2823 2819 8090 2766 2764 8091 2838 2833 8092 2764 2762 8093 2764 2762 8094 2833 2828 8095 2762 2760 8096 2840 2835 8097 3331 2836 8098 2841 2837 8099 2842 2838 8100 2841 2837 8101 2856 2839 8102 2842 2838 8103 2844 2840 8104 2840 2835 8105 2840 2835 8106 2846 2841 8107 2843 2842 8108 2847 2843 8109 2845 2844 8110 2844 2840 8111 2845 2844 8112 2846 2841 8113 2844 2840 8114 2850 2845 8115 2847 2843 8116 2849 2846 8117 2842 2838 8118 2849 2846 8119 2847 2843 8120 2851 2847 8121 2850 2845 8122 2849 2846 8123 2853 2848 8124 2849 2846 8125 2852 2849 8126 2842 2838 8127 2854 2850 8128 2852 2849 8129 2853 2848 8130 2854 2850 8131 2855 2851 8132 2853 2848 8133 2857 2852 8134 2858 2853 8135 2861 2854 8136 2857 2852 8137 2859 2855 8138 2861 2854 8139 2860 2856 8140 2862 2857 8141 2861 2854 8142 2865 2858 8143 2863 2859 8144 2861 2854 8145 2866 2860 8146 2858 2853 8147 2863 2859 8148 2867 2861 8149 2866 2860 8150 3131 2862 8151 2863 2859 8152 2865 2858 8153 2867 2861 8154 2851 2847 8155 2866 2860 8156 2853 2848 8157 2866 2860 8158 2851 2847 8159 2864 2863 8160 2868 2864 8161 2867 2861 8162 2868 2864 8163 2869 2865 8164 2867 2861 8165 2869 2865 8166 2872 2866 8167 2850 2845 8168 2870 2867 8169 2873 2868 8170 2872 2866 8171 3126 2869 8172 2870 2867 8173 2868 2864 8174 2872 2866 8175 2848 2870 8176 2850 2845 8177 2873 2868 8178 2874 2871 8179 2872 2866 8180 2874 2871 8181 2877 2872 8182 2876 2873 8183 2848 2870 8184 2876 2873 8185 2845 2844 8186 2877 2872 8187 2878 2874 8188 2876 2873 8189 2876 2873 8190 2880 2875 8191 2845 2844 8192 2878 2874 8193 2883 2876 8194 2881 2877 8195 2880 2875 8196 2881 2877 8197 2882 2878 8198 2881 2877 8199 2885 2879 8200 2882 2878 8201 2883 2876 8202 2884 2880 8203 2881 2877 8204 2885 2879 8205 2886 2881 8206 3324 2882 8207 2884 2880 8208 2888 2883 8209 2886 2881 8210 2887 2884 8211 2890 2885 8212 2888 2883 8213 2892 2886 8214 2887 2884 8215 2883 2876 8216 2889 2887 8217 2910 2888 8218 2890 2885 8219 2894 2889 8220 2889 2887 8221 2892 2886 8222 2879 2890 8223 2892 2886 8224 2883 2876 8225 2893 2891 8226 2894 2889 8227 2892 2886 8228 2895 2892 8229 2896 2893 8230 2894 2889 8231 2896 2893 8232 2891 2894 8233 2894 2889 8234 2897 2895 8235 2899 2896 8236 2896 2893 8237 2898 2897 8238 2897 2895 8239 2896 2893 8240 2899 2896 8241 2902 2898 8242 2900 2899 8243 2891 2894 8244 2900 2899 8245 2910 2888 8246 2902 2898 8247 2905 2900 8248 2900 2899 8249 2905 2900 8250 2904 2901 8251 2906 2902 8252 2907 2903 8253 2906 2902 8254 2909 2904 8255 2900 2899 8256 2907 2903 8257 2910 2888 8258 2910 2888 8259 2908 2905 8260 2890 2885 8261 2908 2905 8262 2909 2904 8263 2911 2906 8264 2909 2904 8265 2913 2907 8266 2911 2906 8267 2906 2902 8268 2912 2908 8269 2909 2904 8270 2913 2907 8271 2914 2909 8272 3340 2910 8273 2912 2908 8274 2916 2911 8275 2914 2909 8276 2915 2912 8277 2918 2913 8278 2916 2911 8279 2904 2901 8280 2915 2912 8281 2906 2902 8282 2918 2913 8283 2921 2914 8284 2916 2911 8285 2921 2914 8286 2920 2915 8287 2922 2916 8288 2923 2917 8289 2922 2916 8290 2925 2918 8291 2916 2911 8292 2923 2917 8293 2914 2909 8294 2914 2909 8295 2924 2919 8296 3340 2910 8297 2924 2919 8298 2925 2918 8299 2926 2920 8300 2925 2918 8301 2928 2921 8302 2926 2920 8303 2922 2916 8304 2927 2922 8305 2925 2918 8306 2928 2921 8307 2929 2923 8308 3461 2924 8309 2927 2922 8310 2931 2925 8311 2929 2923 8312 2930 2926 8313 2933 2927 8314 2931 2925 8315 2920 2915 8316 2930 2926 8317 2922 2916 8318 2933 2927 8319 2936 2928 8320 2931 2925 8321 2936 2928 8322 2935 2929 8323 2937 2930 8324 2938 2931 8325 2937 2930 8326 2940 2932 8327 2931 2925 8328 2938 2931 8329 2929 2923 8330 2929 2923 8331 2939 2933 8332 3461 2924 8333 2939 2933 8334 2940 2932 8335 2941 2934 8336 2940 2932 8337 2943 2935 8338 2941 2934 8339 2937 2930 8340 2942 2936 8341 2940 2932 8342 2943 2935 8343 2944 2937 8344 3360 2938 8345 2942 2936 8346 2946 2939 8347 2944 2937 8348 2945 2940 8349 2948 2941 8350 2946 2939 8351 2935 2929 8352 2945 2940 8353 2937 2930 8354 2948 2941 8355 2951 2942 8356 2946 2939 8357 2951 2942 8358 2950 2943 8359 2952 2944 8360 2953 2945 8361 2952 2944 8362 2955 2946 8363 2946 2939 8364 2953 2945 8365 2944 2937 8366 2944 2937 8367 2954 2947 8368 3360 2938 8369 2954 2947 8370 2955 2946 8371 2956 2948 8372 2955 2946 8373 2958 2949 8374 2956 2948 8375 2952 2944 8376 2957 2950 8377 2955 2946 8378 2958 2949 8379 2959 2951 8380 3371 2952 8381 2957 2950 8382 2961 2953 8383 2959 2951 8384 2960 2954 8385 2963 2955 8386 2961 2953 8387 2950 2943 8388 2960 2954 8389 2952 2944 8390 2963 2955 8391 2966 2956 8392 2961 2953 8393 2966 2956 8394 2965 2957 8395 2967 2958 8396 2968 2959 8397 2967 2958 8398 2970 2960 8399 2961 2953 8400 2968 2959 8401 2959 2951 8402 2959 2951 8403 2969 2961 8404 3371 2952 8405 2969 2961 8406 2970 2960 8407 2971 2962 8408 2970 2960 8409 2973 2963 8410 2971 2962 8411 2967 2958 8412 2972 2964 8413 2970 2960 8414 2973 2963 8415 2974 2965 8416 3459 2966 8417 2972 2964 8418 2976 2967 8419 2974 2965 8420 2975 2968 8421 2978 2969 8422 2976 2967 8423 2965 2957 8424 2975 2968 8425 2967 2958 8426 2978 2969 8427 2981 2970 8428 2976 2967 8429 2981 2970 8430 2980 2971 8431 2982 2972 8432 2983 2973 8433 2982 2972 8434 2985 2974 8435 2976 2967 8436 2983 2973 8437 2974 2965 8438 2974 2965 8439 2984 2975 8440 3459 2966 8441 2984 2975 8442 2985 2974 8443 2986 2976 8444 2985 2974 8445 2988 2977 8446 2986 2976 8447 2982 2972 8448 2987 2978 8449 2985 2974 8450 2988 2977 8451 2989 2979 8452 3388 2980 8453 2987 2978 8454 2991 2981 8455 2989 2979 8456 2990 2982 8457 2993 2983 8458 2991 2981 8459 2980 2971 8460 2990 2982 8461 2982 2972 8462 2993 2983 8463 2996 2984 8464 2991 2981 8465 2996 2984 8466 2995 2985 8467 2997 2986 8468 2998 2987 8469 2997 2986 8470 3000 2988 8471 2991 2981 8472 2998 2987 8473 2989 2979 8474 2989 2979 8475 2999 2989 8476 3388 2980 8477 2999 2989 8478 3000 2988 8479 3001 2990 8480 3000 2988 8481 3003 2991 8482 3001 2990 8483 2997 2986 8484 3002 2992 8485 3000 2988 8486 3003 2991 8487 3004 2993 8488 3399 2994 8489 3002 2992 8490 3006 2995 8491 3004 2993 8492 3005 2996 8493 3008 2997 8494 3006 2995 8495 2995 2985 8496 3005 2996 8497 2997 2986 8498 3008 2997 8499 3011 2998 8500 3006 2995 8501 3011 2998 8502 3010 2999 8503 3012 3000 8504 3013 3001 8505 3012 3000 8506 3015 3002 8507 3006 2995 8508 3013 3001 8509 3004 2993 8510 3004 2993 8511 3014 3003 8512 3399 2994 8513 3014 3003 8514 3015 3002 8515 3016 3004 8516 3015 3002 8517 3018 3005 8518 3016 3004 8519 3012 3000 8520 3017 3006 8521 3015 3002 8522 3018 3005 8523 3019 3007 8524 3457 3008 8525 3017 3006 8526 3022 3009 8527 3019 3007 8528 3020 3010 8529 3010 2999 8530 3021 3011 8531 3020 3010 8532 3023 3012 8533 3022 3009 8534 3024 3013 8535 3023 3012 8536 3025 3014 8537 3022 3009 8538 3027 3015 8539 3019 3007 8540 3024 3013 8541 3468 3016 8542 3026 3017 8543 3027 3015 8544 3026 3017 8545 3029 3018 8546 3019 3007 8547 3028 3019 8548 3457 3008 8549 3028 3019 8550 3029 3018 8551 3030 3020 8552 3029 3018 8553 3032 3021 8554 3030 3020 8555 3026 3017 8556 3031 3022 8557 3029 3018 8558 3032 3021 8559 3033 3023 8560 3456 3024 8561 3031 3022 8562 3036 3025 8563 3033 3023 8564 3034 3026 8565 3468 3016 8566 3035 3027 8567 3034 3026 8568 3037 3028 8569 3036 3025 8570 3038 3029 8571 3037 3028 8572 3039 3030 8573 3036 3025 8574 3041 3031 8575 3033 3023 8576 3038 3029 8577 3467 3032 8578 3040 3033 8579 3041 3031 8580 3040 3033 8581 3043 3034 8582 3033 3023 8583 3042 3035 8584 3456 3024 8585 3042 3035 8586 3043 3034 8587 3044 3036 8588 3043 3034 8589 3046 3037 8590 3044 3036 8591 3040 3033 8592 3045 3038 8593 3043 3034 8594 3046 3037 8595 3047 3039 8596 3455 3040 8597 3045 3038 8598 3050 3041 8599 3047 3039 8600 3048 3042 8601 3467 3032 8602 3049 3043 8603 3048 3042 8604 3051 3044 8605 3050 3041 8606 3052 3045 8607 3051 3044 8608 3053 3046 8609 3050 3041 8610 3055 3047 8611 3047 3039 8612 3052 3045 8613 3466 3048 8614 3054 3049 8615 3055 3047 8616 3054 3049 8617 3057 3050 8618 3047 3039 8619 3056 3051 8620 3455 3040 8621 3056 3051 8622 3057 3050 8623 3058 3052 8624 3057 3050 8625 3060 3053 8626 3058 3052 8627 3054 3049 8628 3059 3054 8629 3057 3050 8630 3060 3053 8631 3061 3055 8632 3454 3056 8633 3059 3054 8634 3064 3057 8635 3061 3055 8636 3062 3058 8637 3466 3048 8638 3063 3059 8639 3062 3058 8640 3065 3060 8641 3064 3057 8642 3066 3061 8643 3065 3060 8644 3067 3062 8645 3064 3057 8646 3069 3063 8647 3061 3055 8648 3066 3061 8649 3465 3064 8650 3068 3065 8651 3069 3063 8652 3068 3065 8653 3071 3066 8654 3061 3055 8655 3070 3067 8656 3454 3056 8657 3070 3067 8658 3071 3066 8659 3072 3068 8660 3071 3066 8661 3074 3069 8662 3072 3068 8663 3068 3065 8664 3073 3070 8665 3071 3066 8666 3074 3069 8667 3075 3071 8668 3453 3072 8669 3073 3070 8670 3078 3073 8671 3075 3071 8672 3076 3074 8673 3465 3064 8674 3077 3075 8675 3076 3074 8676 3079 3076 8677 3078 3073 8678 3080 3077 8679 3079 3076 8680 3081 3078 8681 3078 3073 8682 3083 3079 8683 3075 3071 8684 3080 3077 8685 3464 3080 8686 3082 3081 8687 3083 3079 8688 3082 3081 8689 3085 3082 8690 3075 3071 8691 3084 3083 8692 3453 3072 8693 3084 3083 8694 3085 3082 8695 3086 3084 8696 3085 3082 8697 3088 3085 8698 3086 3084 8699 3082 3081 8700 3087 3086 8701 3085 3082 8702 3088 3085 8703 3089 3087 8704 3452 3088 8705 3087 3086 8706 3092 3089 8707 3089 3087 8708 3090 3090 8709 3464 3080 8710 3091 3091 8711 3090 3090 8712 3093 3092 8713 3092 3089 8714 3094 3093 8715 3093 3092 8716 3095 3094 8717 3092 3089 8718 3097 3095 8719 3089 3087 8720 3094 3093 8721 3463 3096 8722 3096 3097 8723 3097 3095 8724 3096 3097 8725 3099 3098 8726 3089 3087 8727 3098 3099 8728 3452 3088 8729 3098 3099 8730 3099 3098 8731 3100 3100 8732 3099 3098 8733 3102 3101 8734 3100 3100 8735 3096 3097 8736 3101 3102 8737 3099 3098 8738 3102 3101 8739 3103 3103 8740 3125 3104 8741 3101 3102 8742 3106 3105 8743 3103 3103 8744 3104 3106 8745 3463 3096 8746 3105 3107 8747 3104 3106 8748 3107 3108 8749 3106 3105 8750 3108 3109 8751 3107 3108 8752 3109 3110 8753 3106 3105 8754 3111 3111 8755 3103 3103 8756 3108 3109 8757 3123 3112 8758 3110 3113 8759 3111 3111 8760 3110 3113 8761 3113 3114 8762 3103 3103 8763 3112 3115 8764 3125 3104 8765 3112 3115 8766 3113 3114 8767 3114 3116 8768 3113 3114 8769 3116 3117 8770 3114 3116 8771 3110 3113 8772 3115 3118 8773 3113 3114 8774 3116 3117 8775 3117 3119 8776 3124 3120 8777 3115 3118 8778 3120 3121 8779 3117 3119 8780 3118 3122 8781 3123 3112 8782 3119 3123 8783 3118 3122 8784 3121 3124 8785 3120 3121 8786 2898 2897 8787 3121 3124 8788 3122 3125 8789 3120 3121 8790 2895 2892 8791 3117 3119 8792 3117 3119 8793 2893 2891 8794 3124 3120 8795 3124 3120 8796 2879 2890 8797 2877 2872 8798 2875 3126 8799 3124 3120 8800 2877 2872 8801 3114 3116 8802 2875 3126 8803 2873 2868 8804 2871 3127 8805 3114 3116 8806 2873 2868 8807 3125 3104 8808 2871 3127 8809 3126 2869 8810 3127 3128 8811 3125 3104 8812 3126 2869 8813 3129 3129 8814 3126 2869 8815 2868 2864 8816 3100 3100 8817 3127 3128 8818 3128 3130 8819 3128 3130 8820 3129 3129 8821 3130 3131 8822 3130 3131 8823 2864 2863 8824 3131 2862 8825 3135 3132 8826 3130 3131 8827 3131 2862 8828 3132 3133 8829 3128 3130 8830 3130 3131 8831 3451 3134 8832 3132 3133 8833 3134 3135 8834 3134 3135 8835 3135 3132 8836 3136 3136 8837 3136 3136 8838 3137 3137 8839 3138 3138 8840 3137 3137 8841 3131 2862 8842 2865 2858 8843 3139 3139 8844 3138 3138 8845 3137 3137 8846 3139 3139 8847 2865 2858 8848 2862 2857 8849 3139 3139 8850 3142 3140 8851 3140 3141 8852 3139 3139 8853 2860 2856 8854 3141 3142 8855 3145 3143 8856 3142 3140 8857 3143 3144 8858 3145 3143 8859 3144 3145 8860 3146 3146 8861 3145 3143 8862 3149 3147 8863 3147 3148 8864 3145 3143 8865 3138 3138 8866 3140 3141 8867 3147 3148 8868 3136 3136 8869 3138 3138 8870 3150 3149 8871 3147 3148 8872 3149 3147 8873 3151 3150 8874 3150 3149 8875 3149 3147 8876 3154 3151 8877 3149 3147 8878 3146 3146 8879 3443 3152 8880 3151 3150 8881 3153 3153 8882 3154 3151 8883 3153 3153 8884 3151 3150 8885 3154 3151 8886 3157 3154 8887 3155 3155 8888 3154 3151 8889 3144 3145 8890 3156 3156 8891 3160 3157 8892 3157 3154 8893 3158 3158 8894 3161 3159 8895 3158 3158 8896 3159 3160 8897 3160 3157 8898 3164 3161 8899 3162 3162 8900 3160 3157 8901 3153 3153 8902 3155 3155 8903 3162 3162 8904 3443 3152 8905 3153 3153 8906 3165 3163 8907 3162 3162 8908 3164 3161 8909 3166 3164 8910 3165 3163 8911 3164 3161 8912 3169 3165 8913 3164 3161 8914 3161 3159 8915 3434 3166 8916 3166 3164 8917 3168 3167 8918 3169 3165 8919 3168 3167 8920 3166 3164 8921 3169 3165 8922 3172 3168 8923 3170 3169 8924 3169 3165 8925 3159 3160 8926 3171 3170 8927 3175 3171 8928 3172 3168 8929 3173 3172 8930 3175 3171 8931 3174 3173 8932 3176 3174 8933 3175 3171 8934 3179 3175 8935 3177 3176 8936 3175 3171 8937 3168 3167 8938 3170 3169 8939 3177 3176 8940 3434 3166 8941 3168 3167 8942 3180 3177 8943 3177 3176 8944 3179 3175 8945 3181 3178 8946 3180 3177 8947 3179 3175 8948 3184 3179 8949 3179 3175 8950 3176 3174 8951 3425 3180 8952 3181 3178 8953 3183 3181 8954 3184 3179 8955 3183 3181 8956 3181 3178 8957 3184 3179 8958 3187 3182 8959 3185 3183 8960 3186 3184 8961 3176 3174 8962 3174 3173 8963 3188 3185 8964 3185 3183 8965 3187 3182 8966 3190 3186 8967 3189 3187 8968 3191 3188 8969 3191 3188 8970 3192 3189 8971 3190 3186 8972 3185 3183 8973 3192 3189 8974 3183 3181 8975 3192 3189 8976 3425 3180 8977 3183 3181 8978 3195 3190 8979 3192 3189 8980 3194 3191 8981 3196 3192 8982 3195 3190 8983 3194 3191 8984 3191 3188 8985 3196 3192 8986 3194 3191 8987 3416 3193 8988 3196 3192 8989 3198 3194 8990 3200 3195 8991 3196 3192 8992 3199 3196 8993 3199 3196 8994 3202 3197 8995 3200 3195 8996 3199 3196 8997 3189 3187 8998 3201 3198 8999 3205 3199 9000 3202 3197 9001 3203 3200 9002 3206 3201 9003 3203 3200 9004 3204 3202 9005 3205 3199 9006 3209 3203 9007 3207 3204 9008 3205 3199 9009 3198 3194 9010 3200 3195 9011 3207 3204 9012 3416 3193 9013 3198 3194 9014 3210 3205 9015 3207 3204 9016 3209 3203 9017 3211 3206 9018 3210 3205 9019 3209 3203 9020 3214 3207 9021 3209 3203 9022 3206 3201 9023 3407 3208 9024 3211 3206 9025 3213 3209 9026 3214 3207 9027 3213 3209 9028 3211 3206 9029 3214 3207 9030 3217 3210 9031 3215 3211 9032 3214 3207 9033 3204 3202 9034 3216 3212 9035 3220 3213 9036 3217 3210 9037 3218 3214 9038 3220 3213 9039 3219 3215 9040 3221 3216 9041 3220 3213 9042 3224 3217 9043 3222 3218 9044 3220 3213 9045 3213 3209 9046 3215 3211 9047 3222 3218 9048 3407 3208 9049 3213 3209 9050 3225 3219 9051 3222 3218 9052 3224 3217 9053 3226 3220 9054 3225 3219 9055 3224 3217 9056 3229 3221 9057 3224 3217 9058 3221 3216 9059 3458 3222 9060 3226 3220 9061 3228 3223 9062 3228 3223 9063 3229 3221 9064 3230 3224 9065 3219 3215 9066 3229 3221 9067 3221 3216 9068 3232 3225 9069 3229 3221 9070 3231 3226 9071 3232 3225 9072 3235 3227 9073 3230 3224 9074 3234 3228 9075 3235 3227 9076 3233 3229 9077 3235 3227 9078 3228 3223 9079 3230 3224 9080 3239 3230 9081 3235 3227 9082 3236 3231 9083 3237 3232 9084 3458 3222 9085 3228 3223 9086 3240 3233 9087 3237 3232 9088 3239 3230 9089 3241 3234 9090 3240 3233 9091 3239 3230 9092 3244 3235 9093 3239 3230 9094 3236 3231 9095 3392 3236 9096 3241 3234 9097 3243 3237 9098 3243 3237 9099 3244 3235 9100 3245 3238 9101 3234 3228 9102 3244 3235 9103 3236 3231 9104 3247 3239 9105 3244 3235 9106 3246 3240 9107 3247 3239 9108 3250 3241 9109 3245 3238 9110 3249 3242 9111 3250 3241 9112 3248 3243 9113 3252 3244 9114 3245 3238 9115 3250 3241 9116 3251 3245 9117 3252 3244 9118 3250 3241 9119 3252 3244 9120 3392 3236 9121 3243 3237 9122 3255 3246 9123 3252 3244 9124 3254 3247 9125 3256 3248 9126 3255 3246 9127 3254 3247 9128 3256 3248 9129 3251 3245 9130 3259 3249 9131 3381 3250 9132 3256 3248 9133 3258 3251 9134 3260 3252 9135 3256 3248 9136 3259 3249 9137 3249 3242 9138 3259 3249 9139 3251 3245 9140 3261 3253 9141 3260 3252 9142 3259 3249 9143 3263 3254 9144 3258 3251 9145 3260 3252 9146 3267 3255 9147 3263 3254 9148 3264 3256 9149 3265 3257 9150 3381 3250 9151 3258 3251 9152 3268 3258 9153 3265 3257 9154 3267 3255 9155 3269 3259 9156 3268 3258 9157 3267 3255 9158 3272 3260 9159 3267 3255 9160 3264 3256 9161 3460 3261 9162 3269 3259 9163 3271 3262 9164 3271 3262 9165 3272 3260 9166 3273 3263 9167 3274 3264 9168 3271 3262 9169 3273 3263 9170 3278 3265 9171 3274 3264 9172 3275 3266 9173 3276 3267 9174 3460 3261 9175 3271 3262 9176 3279 3268 9177 3276 3267 9178 3278 3265 9179 3280 3269 9180 3279 3268 9181 3278 3265 9182 3283 3270 9183 3278 3265 9184 3275 3266 9185 3364 3271 9186 3280 3269 9187 3282 3272 9188 3282 3272 9189 3283 3270 9190 3284 3273 9191 3285 3274 9192 3282 3272 9193 3284 3273 9194 3289 3275 9195 3285 3274 9196 3286 3276 9197 3287 3277 9198 3364 3271 9199 3282 3272 9200 3290 3278 9201 3287 3277 9202 3289 3275 9203 3291 3279 9204 3290 3278 9205 3289 3275 9206 3294 3280 9207 3289 3275 9208 3286 3276 9209 3350 3281 9210 3291 3279 9211 3293 3282 9212 3293 3282 9213 3294 3280 9214 3295 3283 9215 3297 3284 9216 3296 3285 9217 3295 3283 9218 3296 3285 9219 3293 3282 9220 3295 3283 9221 3299 3286 9222 3296 3285 9223 3298 3287 9224 3299 3286 9225 3303 3288 9226 3300 3289 9227 3302 3290 9228 3303 3288 9229 3301 3291 9230 3303 3288 9231 3306 3292 9232 3300 3289 9233 3308 3293 9234 3303 3288 9235 3304 3294 9236 3305 3295 9237 3347 3296 9238 3306 3292 9239 3309 3297 9240 3305 3295 9241 3308 3293 9242 3310 3298 9243 3309 3297 9244 3308 3293 9245 3313 3299 9246 3308 3293 9247 3304 3294 9248 3332 3300 9249 3310 3298 9250 3312 3301 9251 3314 3302 9252 3310 3298 9253 3313 3299 9254 3302 3290 9255 3313 3299 9256 3304 3294 9257 3316 3303 9258 3313 3299 9259 3315 3304 9260 3316 3303 9261 3319 3305 9262 3314 3302 9263 3318 3306 9264 3319 3305 9265 3317 3307 9266 3319 3305 9267 3312 3301 9268 3314 3302 9269 3323 3308 9270 3319 3305 9271 3320 3309 9272 3321 3310 9273 3332 3300 9274 3312 3301 9275 3324 2882 9276 3321 3310 9277 3323 3308 9278 3325 3311 9279 3324 2882 9280 3323 3308 9281 3325 3311 9282 3320 3309 9283 3327 3312 9284 2882 2878 9285 3325 3311 9286 3326 3313 9287 3328 3314 9288 3325 3311 9289 3327 3312 9290 3329 3315 9291 3320 3309 9292 3318 3306 9293 3330 3316 9294 3327 3312 9295 3329 3315 9296 2843 2842 9297 3330 3316 9298 3331 2836 9299 3328 3314 9300 2846 2841 9301 3326 3313 9302 2846 2841 9303 2882 2878 9304 3326 3313 9305 2886 2881 9306 3322 3317 9307 3324 2882 9308 3322 3317 9309 3334 3318 9310 3332 3300 9311 3333 3319 9312 3336 3320 9313 3334 3318 9314 2888 2883 9315 3333 3319 9316 2886 2881 9317 3335 3321 9318 2911 2906 9319 3336 3320 9320 2890 2885 9321 3335 3321 9322 2888 2883 9323 2911 2906 9324 3337 3322 9325 3336 3320 9326 3336 3320 9327 3338 3323 9328 3334 3318 9329 3338 3323 9330 3339 3324 9331 3342 3325 9332 3337 3322 9333 3340 2910 9334 3339 3324 9335 3340 2910 9336 3341 3326 9337 3339 3324 9338 3339 3324 9339 3343 3327 9340 3342 3325 9341 3342 3325 9342 3307 3328 9343 3309 3297 9344 3311 3329 9345 3342 3325 9346 3309 3297 9347 3307 3328 9348 3344 3330 9349 3347 3296 9350 3343 3327 9351 3345 3331 9352 3344 3330 9353 3345 3331 9354 3346 3332 9355 3344 3330 9356 3344 3330 9357 3348 3333 9358 3347 3296 9359 3347 3296 9360 3349 3334 9361 3306 3292 9362 3349 3334 9363 3350 3281 9364 3293 3282 9365 3348 3333 9366 3351 3335 9367 3350 3281 9368 3351 3335 9369 3292 3336 9370 3350 3281 9371 3346 3332 9372 3352 3337 9373 3351 3335 9374 3352 3337 9375 3353 3338 9376 3351 3335 9377 3292 3336 9378 3354 3339 9379 3290 3278 9380 3353 3338 9381 3356 3340 9382 3354 3339 9383 3355 3341 9384 2941 2934 9385 3356 3340 9386 3461 2924 9387 3355 3341 9388 3352 3337 9389 2941 2934 9390 3357 3342 9391 3356 3340 9392 3356 3340 9393 3358 3343 9394 3354 3339 9395 3358 3343 9396 3359 3344 9397 3362 3345 9398 3357 3342 9399 3360 2938 9400 3359 3344 9401 3360 2938 9402 3361 3346 9403 3359 3344 9404 3359 3344 9405 3363 3347 9406 3362 3345 9407 3362 3345 9408 3281 3348 9409 3364 3271 9410 3288 3349 9411 3362 3345 9412 3364 3271 9413 3281 3348 9414 3365 3350 9415 3279 3268 9416 3363 3347 9417 3366 3351 9418 3365 3350 9419 3365 3350 9420 3277 3352 9421 3279 3268 9422 3366 3351 9423 3367 3353 9424 3365 3350 9425 3277 3352 9426 3368 3354 9427 3460 3261 9428 3367 3353 9429 3370 3355 9430 3368 3354 9431 3369 3356 9432 3371 2952 9433 3370 3355 9434 2956 2948 9435 3369 3356 9436 3366 3351 9437 3371 2952 9438 3372 3357 9439 3370 3355 9440 3370 3355 9441 3373 3358 9442 3368 3354 9443 3373 3358 9444 3374 3359 9445 3376 3360 9446 3372 3357 9447 2971 2962 9448 3374 3359 9449 2971 2962 9450 3375 3361 9451 3374 3359 9452 3374 3359 9453 3377 3362 9454 3376 3360 9455 3376 3360 9456 3266 3363 9457 3268 3258 9458 3270 3364 9459 3376 3360 9460 3268 3258 9461 3266 3363 9462 3378 3365 9463 3381 3250 9464 3377 3362 9465 3379 3366 9466 3378 3365 9467 3379 3366 9468 3380 3367 9469 3378 3365 9470 3378 3365 9471 3257 3368 9472 3381 3250 9473 3257 3368 9474 3382 3369 9475 3255 3246 9476 3380 3367 9477 3384 3370 9478 3382 3369 9479 3383 3371 9480 2986 2976 9481 3384 3370 9482 3459 2966 9483 3383 3371 9484 3379 3366 9485 2986 2976 9486 3385 3372 9487 3384 3370 9488 3384 3370 9489 3386 3373 9490 3382 3369 9491 3386 3373 9492 3387 3374 9493 3390 3375 9494 3385 3372 9495 3388 2980 9496 3387 3374 9497 3388 2980 9498 3389 3376 9499 3387 3374 9500 3387 3374 9501 3391 3377 9502 3390 3375 9503 3390 3375 9504 3242 3378 9505 3392 3236 9506 3253 3379 9507 3390 3375 9508 3392 3236 9509 3242 3378 9510 3393 3380 9511 3240 3233 9512 3391 3377 9513 3394 3381 9514 3393 3380 9515 3394 3381 9516 3395 3382 9517 3393 3380 9518 3393 3380 9519 3238 3383 9520 3240 3233 9521 3238 3383 9522 3396 3384 9523 3458 3222 9524 3395 3382 9525 3398 3385 9526 3396 3384 9527 3397 3386 9528 3399 2994 9529 3398 3385 9530 3001 2990 9531 3397 3386 9532 3394 3381 9533 3399 2994 9534 3400 3387 9535 3398 3385 9536 3398 3385 9537 3401 3388 9538 3396 3384 9539 3401 3388 9540 3402 3389 9541 3404 3390 9542 3400 3387 9543 3016 3004 9544 3402 3389 9545 3016 3004 9546 3403 3391 9547 3402 3389 9548 3402 3389 9549 3405 3392 9550 3404 3390 9551 3404 3390 9552 3223 3393 9553 3225 3219 9554 3227 3394 9555 3404 3390 9556 3225 3219 9557 3405 3392 9558 3408 3395 9559 3406 3396 9560 3223 3393 9561 3406 3396 9562 3407 3208 9563 3406 3396 9564 3212 3397 9565 3407 3208 9566 3408 3395 9567 3409 3398 9568 3406 3396 9569 3409 3398 9570 3412 3399 9571 3411 3400 9572 3212 3397 9573 3411 3400 9574 3210 3205 9575 3411 3400 9576 3208 3401 9577 3210 3205 9578 3412 3399 9579 3413 3402 9580 3411 3400 9581 3413 3402 9582 3417 3403 9583 3415 3404 9584 3208 3401 9585 3415 3404 9586 3416 3193 9587 3415 3404 9588 3197 3405 9589 3416 3193 9590 3417 3403 9591 3418 3406 9592 3415 3404 9593 3418 3406 9594 3421 3407 9595 3420 3408 9596 3197 3405 9597 3420 3408 9598 3195 3190 9599 3420 3408 9600 3193 3409 9601 3195 3190 9602 3421 3407 9603 3422 3410 9604 3420 3408 9605 3422 3410 9606 3426 3411 9607 3424 3412 9608 3193 3409 9609 3424 3412 9610 3425 3180 9611 3424 3412 9612 3182 3413 9613 3425 3180 9614 3426 3411 9615 3427 3414 9616 3424 3412 9617 3427 3414 9618 3430 3415 9619 3429 3416 9620 3182 3413 9621 3429 3416 9622 3180 3177 9623 3429 3416 9624 3178 3417 9625 3180 3177 9626 3430 3415 9627 3431 3418 9628 3429 3416 9629 3431 3418 9630 3435 3419 9631 3433 3420 9632 3178 3417 9633 3433 3420 9634 3434 3166 9635 3433 3420 9636 3167 3421 9637 3434 3166 9638 3435 3419 9639 3436 3422 9640 3433 3420 9641 3436 3422 9642 3439 3423 9643 3438 3424 9644 3167 3421 9645 3438 3424 9646 3165 3163 9647 3439 3423 9648 3440 3425 9649 3438 3424 9650 3438 3424 9651 3163 3426 9652 3165 3163 9653 3440 3425 9654 3444 3427 9655 3442 3428 9656 3163 3426 9657 3442 3428 9658 3443 3152 9659 3442 3428 9660 3152 3429 9661 3443 3152 9662 3444 3427 9663 3445 3430 9664 3442 3428 9665 3445 3430 9666 3448 3431 9667 3447 3432 9668 3152 3429 9669 3447 3432 9670 3150 3149 9671 3447 3432 9672 3148 3433 9673 3150 3149 9674 3448 3431 9675 3449 3434 9676 3447 3432 9677 3449 3434 9678 3451 3134 9679 3134 3135 9680 3148 3433 9681 3134 3135 9682 3136 3136 9683 3450 3435 9684 3452 3088 9685 3451 3134 9686 3086 3084 9687 3450 3435 9688 3448 3431 9689 3452 3088 9690 3133 3436 9691 3451 3134 9692 3446 3437 9693 3086 3084 9694 3448 3431 9695 3453 3072 9696 3446 3437 9697 3444 3427 9698 3441 3438 9699 3453 3072 9700 3444 3427 9701 3072 3068 9702 3441 3438 9703 3439 3423 9704 3437 3439 9705 3072 3068 9706 3439 3423 9707 3454 3056 9708 3437 3439 9709 3435 3419 9710 3432 3440 9711 3454 3056 9712 3435 3419 9713 3058 3052 9714 3432 3440 9715 3430 3415 9716 3428 3441 9717 3058 3052 9718 3430 3415 9719 3455 3040 9720 3428 3441 9721 3426 3411 9722 3423 3442 9723 3455 3040 9724 3426 3411 9725 3044 3036 9726 3423 3442 9727 3421 3407 9728 3419 3443 9729 3044 3036 9730 3421 3407 9731 3456 3024 9732 3419 3443 9733 3417 3403 9734 3414 3444 9735 3456 3024 9736 3417 3403 9737 3030 3020 9738 3414 3444 9739 3412 3399 9740 3410 3445 9741 3030 3020 9742 3412 3399 9743 3457 3008 9744 3410 3445 9745 3408 3395 9746 3403 3391 9747 3457 3008 9748 3408 3395 9749 3396 3384 9750 3227 3394 9751 3458 3222 9752 3389 3376 9753 3001 2990 9754 3394 3381 9755 3382 3369 9756 3253 3379 9757 3255 3246 9758 3375 3361 9759 3459 2966 9760 3379 3366 9761 3368 3354 9762 3270 3364 9763 3460 3261 9764 3361 3346 9765 2956 2948 9766 3366 3351 9767 3354 3339 9768 3288 3349 9769 3290 3278 9770 3462 3446 9771 3461 2924 9772 3352 3337 9773 2926 2920 9774 3462 3446 9775 3345 3331 9776 3306 3292 9777 3296 3285 9778 3300 3289 9779 3341 3326 9780 2926 2920 9781 3345 3331 9782 3334 3318 9783 3311 3329 9784 3332 3300 9785 3133 3436 9786 3100 3100 9787 3128 3130 9788 1025 1024 12669 2749 2748 12670 1027 1025 12671 1030 1027 12672 1025 1024 12673 1024 1026 12674 1024 1026 12675 1026 1030 12676 1031 1029 12677 1026 1030 12678 1024 1026 12679 1027 1025 12680 1028 1028 12681 1031 1029 12682 1032 1032 12683 1964 1034 12684 1030 1027 12685 1028 1028 12686 1032 1032 12687 1031 1029 12688 1033 1035 12689 1031 1029 12690 1026 1030 12691 1036 1037 12692 1033 1035 12693 1035 1039 12694 2738 1038 12695 1036 1037 12696 1037 1041 12697 1035 1039 12698 1026 1030 12699 1040 1031 12700 1038 1040 12701 1037 1041 12702 1036 1037 12703 1038 1040 12704 1041 1042 12705 1038 1040 12706 1039 1043 12707 1040 1031 12708 2750 1054 12709 1039 1043 12710 1041 1042 12711 1043 1044 12712 1044 1045 12713 1037 1041 12714 1041 1042 12715 1042 1046 12716 1043 1044 12717 1045 1050 12718 1046 1048 12719 1043 1044 12720 1039 1043 12721 1048 1049 12722 1045 1050 12723 1047 1053 12724 1506 1051 12725 1045 1050 12726 1048 1049 12727 1050 1052 12728 2750 1054 12729 1049 1055 12730 1048 1049 12731 1049 1055 12732 1051 1056 12733 1050 1052 12734 1051 1056 12735 1053 1059 12736 1052 1057 12737 1047 1053 12738 1050 1052 12739 1052 1057 12740 1053 1059 12741 1057 1064 12742 1055 1060 12743 1052 1057 12744 1055 1060 12745 1058 1061 12746 1058 1061 12747 1055 1060 12748 1056 1062 12749 1057 1064 12750 1383 1074 12751 1056 1062 12752 1058 1061 12753 1060 1063 12754 1061 1065 12755 1054 1058 12756 1058 1061 12757 1059 1066 12758 1060 1063 12759 1062 1070 12760 1063 1068 12761 1060 1063 12762 1056 1062 12763 1065 1069 12764 1062 1070 12765 1064 1073 12766 2751 1071 12767 1062 1070 12768 1065 1069 12769 1067 1072 12770 1383 1074 12771 1066 1075 12772 1065 1069 12773 1066 1075 12774 1068 1076 12775 1067 1072 12776 1068 1076 12777 1070 1079 12778 1069 1077 12779 1064 1073 12780 1067 1072 12781 1069 1077 12782 1070 1079 12783 1081 1090 12784 1071 1080 12785 1072 1078 12786 1069 1077 12787 1071 1080 12788 1064 1073 12789 1072 1078 12790 1073 1082 12791 1072 1078 12792 1074 1081 12793 1075 1083 12794 1077 1084 12795 1075 1083 12796 1074 1081 12797 1078 1086 12798 1076 1085 12799 1074 1081 12800 1079 1089 12801 1080 1091 12802 1087 1096 12803 1087 1096 12804 1088 1098 12805 1089 1100 12806 1089 1100 12807 1090 1101 12808 1098 1108 12809 1098 1108 12810 1099 1110 12811 1100 1112 12812 1100 1112 12813 1101 1113 12814 1109 1120 12815 1109 1120 12816 1110 1122 12817 1111 1124 12818 1111 1124 12819 1112 1125 12820 1120 1132 12821 1120 1132 12822 1121 1134 12823 1122 1136 12824 1122 1136 12825 1123 1137 12826 1131 1144 12827 1131 1144 12828 1132 1146 12829 1133 1148 12830 1133 1148 12831 1134 1149 12832 1142 1156 12833 1142 1156 12834 1143 1158 12835 1144 1160 12836 1144 1160 12837 1145 1161 12838 1153 1168 12839 1153 1168 12840 1154 1170 12841 1155 1172 12842 1155 1172 12843 1156 1173 12844 1164 1180 12845 1164 1180 12846 1165 1182 12847 1166 1087 12848 1166 1087 12849 1167 1184 12850 1177 1195 12851 1167 1184 12852 1175 1191 12853 1177 1195 12854 1175 1191 12855 1176 1193 12856 1177 1195 12857 1177 1195 12858 1178 1196 12859 1186 1203 12860 1186 1203 12861 1187 1205 12862 1188 1207 12863 1188 1207 12864 1189 1208 12865 1197 1215 12866 1197 1215 12867 1198 1217 12868 1199 1219 12869 1199 1219 12870 1200 1220 12871 1208 1227 12872 1208 1227 12873 1209 1229 12874 1210 1088 12875 1210 1088 12876 1211 1231 12877 1219 1238 12878 1219 1238 12879 1220 1240 12880 1221 1242 12881 1221 1242 12882 1222 1243 12883 1230 1250 12884 1230 1250 12885 1231 1252 12886 1232 1254 12887 1232 1254 12888 1233 1255 12889 1241 1262 12890 1241 1262 12891 1242 1264 12892 1243 1266 12893 1243 1266 12894 1077 1084 12895 1076 1085 12896 1076 1085 12897 1078 1086 12898 1079 1089 12899 1079 1089 12900 1087 1096 12901 1089 1100 12902 1089 1100 12903 1098 1108 12904 1079 1089 12905 1098 1108 12906 1100 1112 12907 1079 1089 12908 1100 1112 12909 1109 1120 12910 1111 1124 12911 1111 1124 12912 1120 1132 12913 1122 1136 12914 1122 1136 12915 1131 1144 12916 1133 1148 12917 1133 1148 12918 1142 1156 12919 1122 1136 12920 1142 1156 12921 1144 1160 12922 1122 1136 12923 1144 1160 12924 1153 1168 12925 1155 1172 12926 1155 1172 12927 1164 1180 12928 1166 1087 12929 1177 1195 12930 1186 1203 12931 1188 1207 12932 1188 1207 12933 1197 1215 12934 1199 1219 12935 1199 1219 12936 1208 1227 12937 1188 1207 12938 1208 1227 12939 1210 1088 12940 1188 1207 12941 1210 1088 12942 1219 1238 12943 1221 1242 12944 1221 1242 12945 1230 1250 12946 1232 1254 12947 1232 1254 12948 1241 1262 12949 1079 1089 12950 1241 1262 12951 1243 1266 12952 1079 1089 12953 1243 1266 12954 1076 1085 12955 1079 1089 12956 1100 1112 12957 1111 1124 12958 1079 1089 12959 1111 1124 12960 1122 1136 12961 1079 1089 12962 1144 1160 12963 1155 1172 12964 1122 1136 12965 1155 1172 12966 1166 1087 12967 1122 1136 12968 1166 1087 12969 1177 1195 12970 1210 1088 12971 1177 1195 12972 1188 1207 12973 1210 1088 12974 1210 1088 12975 1221 1242 12976 1079 1089 12977 1221 1242 12978 1232 1254 12979 1079 1089 12980 1079 1089 12981 1122 1136 12982 1166 1087 12983 1078 1086 12984 1071 1080 12985 1081 1090 12986 1080 1091 12987 1079 1089 12988 1081 1090 12989 1070 1079 12990 1083 1094 12991 1082 1092 12992 1085 1093 12993 1084 1095 12994 1082 1092 12995 1080 1091 12996 1082 1092 12997 1084 1095 12998 1085 1093 12999 1376 1104 13000 1086 1097 13001 1088 1098 13002 1087 1096 13003 1084 1095 13004 1088 1098 13005 1086 1097 13006 1091 1099 13007 1090 1101 13008 1089 1100 13009 1091 1099 13010 1092 1103 13011 1094 1106 13012 1093 1102 13013 1092 1103 13014 1091 1099 13015 1086 1097 13016 1096 1105 13017 1095 1107 13018 1093 1102 13019 1090 1101 13020 1093 1102 13021 1095 1107 13022 1096 1105 13023 1366 1116 13024 1097 1109 13025 1099 1110 13026 1098 1108 13027 1095 1107 13028 1099 1110 13029 1097 1109 13030 1102 1111 13031 1101 1113 13032 1100 1112 13033 1102 1111 13034 1103 1115 13035 1105 1118 13036 1104 1114 13037 1103 1115 13038 1102 1111 13039 1097 1109 13040 1107 1117 13041 1106 1119 13042 1104 1114 13043 1101 1113 13044 1104 1114 13045 1106 1119 13046 1107 1117 13047 1357 1128 13048 1108 1121 13049 1110 1122 13050 1109 1120 13051 1106 1119 13052 1110 1122 13053 1108 1121 13054 1113 1123 13055 1112 1125 13056 1111 1124 13057 1113 1123 13058 1114 1127 13059 1116 1130 13060 1115 1126 13061 1114 1127 13062 1113 1123 13063 1108 1121 13064 1118 1129 13065 1117 1131 13066 1115 1126 13067 1112 1125 13068 1115 1126 13069 1117 1131 13070 1118 1129 13071 1348 1140 13072 1119 1133 13073 1121 1134 13074 1120 1132 13075 1117 1131 13076 1121 1134 13077 1119 1133 13078 1124 1135 13079 1123 1137 13080 1122 1136 13081 1124 1135 13082 1125 1139 13083 1127 1142 13084 1126 1138 13085 1125 1139 13086 1124 1135 13087 1119 1133 13088 1129 1141 13089 1128 1143 13090 1126 1138 13091 1123 1137 13092 1126 1138 13093 1128 1143 13094 1129 1141 13095 1339 1152 13096 1130 1145 13097 1132 1146 13098 1131 1144 13099 1128 1143 13100 1132 1146 13101 1130 1145 13102 1135 1147 13103 1134 1149 13104 1133 1148 13105 1135 1147 13106 1136 1151 13107 1138 1154 13108 1137 1150 13109 1136 1151 13110 1135 1147 13111 1130 1145 13112 1140 1153 13113 1139 1155 13114 1137 1150 13115 1134 1149 13116 1137 1150 13117 1139 1155 13118 1140 1153 13119 1330 1164 13120 1141 1157 13121 1143 1158 13122 1142 1156 13123 1139 1155 13124 1143 1158 13125 1141 1157 13126 1146 1159 13127 1145 1161 13128 1144 1160 13129 1146 1159 13130 1147 1163 13131 1149 1166 13132 1148 1162 13133 1147 1163 13134 1146 1159 13135 1141 1157 13136 1151 1165 13137 1150 1167 13138 1148 1162 13139 1145 1161 13140 1148 1162 13141 1150 1167 13142 1151 1165 13143 1321 1176 13144 1152 1169 13145 1154 1170 13146 1153 1168 13147 1150 1167 13148 1154 1170 13149 1152 1169 13150 1157 1171 13151 1156 1173 13152 1155 1172 13153 1157 1171 13154 1158 1175 13155 1160 1178 13156 1159 1174 13157 1158 1175 13158 1157 1171 13159 1152 1169 13160 1162 1177 13161 1161 1179 13162 1159 1174 13163 1156 1173 13164 1159 1174 13165 1161 1179 13166 1162 1177 13167 1312 1187 13168 1163 1181 13169 1165 1182 13170 1164 1180 13171 1161 1179 13172 1165 1182 13173 1163 1181 13174 1168 1183 13175 1167 1184 13176 1166 1087 13177 1168 1183 13178 1169 1186 13179 1171 1189 13180 1170 1185 13181 1169 1186 13182 1168 1183 13183 1163 1181 13184 1173 1188 13185 1172 1190 13186 1170 1185 13187 1167 1184 13188 1170 1185 13189 1172 1190 13190 1173 1188 13191 1303 1199 13192 1174 1192 13193 1176 1193 13194 1175 1191 13195 1172 1190 13196 1176 1193 13197 1174 1192 13198 1179 1194 13199 1178 1196 13200 1177 1195 13201 1179 1194 13202 1180 1198 13203 1182 1201 13204 1181 1197 13205 1180 1198 13206 1179 1194 13207 1174 1192 13208 1184 1200 13209 1183 1202 13210 1181 1197 13211 1178 1196 13212 1181 1197 13213 1183 1202 13214 1184 1200 13215 1294 1211 13216 1185 1204 13217 1187 1205 13218 1186 1203 13219 1183 1202 13220 1187 1205 13221 1185 1204 13222 1190 1206 13223 1189 1208 13224 1188 1207 13225 1190 1206 13226 1191 1210 13227 1193 1213 13228 1192 1209 13229 1191 1210 13230 1190 1206 13231 1185 1204 13232 1195 1212 13233 1194 1214 13234 1192 1209 13235 1189 1208 13236 1192 1209 13237 1194 1214 13238 1195 1212 13239 1285 1223 13240 1196 1216 13241 1198 1217 13242 1197 1215 13243 1194 1214 13244 1198 1217 13245 1196 1216 13246 1201 1218 13247 1200 1220 13248 1199 1219 13249 1201 1218 13250 1202 1222 13251 1204 1225 13252 1203 1221 13253 1202 1222 13254 1201 1218 13255 1196 1216 13256 1206 1224 13257 1205 1226 13258 1203 1221 13259 1200 1220 13260 1203 1221 13261 1205 1226 13262 1206 1224 13263 1276 1234 13264 1207 1228 13265 1209 1229 13266 1208 1227 13267 1205 1226 13268 1209 1229 13269 1207 1228 13270 1212 1230 13271 1211 1231 13272 1210 1088 13273 1212 1230 13274 1213 1233 13275 1215 1236 13276 1214 1232 13277 1213 1233 13278 1212 1230 13279 1207 1228 13280 1217 1235 13281 1216 1237 13282 1214 1232 13283 1211 1231 13284 1214 1232 13285 1216 1237 13286 1217 1235 13287 1267 1246 13288 1218 1239 13289 1220 1240 13290 1219 1238 13291 1216 1237 13292 1220 1240 13293 1218 1239 13294 1223 1241 13295 1222 1243 13296 1221 1242 13297 1223 1241 13298 1224 1245 13299 1226 1248 13300 1225 1244 13301 1224 1245 13302 1223 1241 13303 1218 1239 13304 1228 1247 13305 1227 1249 13306 1225 1244 13307 1222 1243 13308 1225 1244 13309 1227 1249 13310 1228 1247 13311 1258 1258 13312 1229 1251 13313 1231 1252 13314 1230 1250 13315 1227 1249 13316 1231 1252 13317 1229 1251 13318 1234 1253 13319 1233 1255 13320 1232 1254 13321 1234 1253 13322 1235 1257 13323 1237 1260 13324 1236 1256 13325 1235 1257 13326 1234 1253 13327 1229 1251 13328 1239 1259 13329 1238 1261 13330 1236 1256 13331 1233 1255 13332 1236 1256 13333 1238 1261 13334 1239 1259 13335 1247 1268 13336 1240 1263 13337 1242 1264 13338 1241 1262 13339 1238 1261 13340 1242 1264 13341 1240 1263 13342 1244 1265 13343 1077 1084 13344 1243 1266 13345 1244 1265 13346 1245 1267 13347 1073 1082 13348 1075 1083 13349 1245 1267 13350 1244 1265 13351 1240 1263 13352 1246 1269 13353 2751 1071 13354 1073 1082 13355 1246 1269 13356 1245 1267 13357 1247 1268 13358 1250 1271 13359 1248 1270 13360 1247 1268 13361 1251 1272 13362 1249 1274 13363 1248 1270 13364 1501 1273 13365 1246 1269 13366 1248 1270 13367 1251 1272 13368 1250 1271 13369 1252 1275 13370 1250 1271 13371 1239 1259 13372 1237 1260 13373 1255 1277 13374 1253 1276 13375 1252 1275 13376 1254 1278 13377 1252 1275 13378 1237 1260 13379 1255 1277 13380 1254 1278 13381 1256 1279 13382 1254 1278 13383 1235 1257 13384 1258 1258 13385 1260 1281 13386 1257 1280 13387 1256 1279 13388 1259 1282 13389 1256 1279 13390 1258 1258 13391 1260 1281 13392 1259 1282 13393 1261 1283 13394 1259 1282 13395 1228 1247 13396 1226 1248 13397 1264 1285 13398 1262 1284 13399 1261 1283 13400 1263 1286 13401 1261 1283 13402 1226 1248 13403 1264 1285 13404 1263 1286 13405 1265 1287 13406 1263 1286 13407 1224 1245 13408 1267 1246 13409 1269 1289 13410 1266 1288 13411 1265 1287 13412 1268 1290 13413 1265 1287 13414 1267 1246 13415 1269 1289 13416 1268 1290 13417 1270 1291 13418 1268 1290 13419 1217 1235 13420 1215 1236 13421 1273 1293 13422 1271 1292 13423 1270 1291 13424 1272 1294 13425 1270 1291 13426 1215 1236 13427 1273 1293 13428 1272 1294 13429 1274 1295 13430 1272 1294 13431 1213 1233 13432 1276 1234 13433 1278 1297 13434 1275 1296 13435 1274 1295 13436 1277 1298 13437 1274 1295 13438 1276 1234 13439 1278 1297 13440 1277 1298 13441 1279 1299 13442 1277 1298 13443 1206 1224 13444 1204 1225 13445 1282 1301 13446 1280 1300 13447 1279 1299 13448 1281 1302 13449 1279 1299 13450 1204 1225 13451 1282 1301 13452 1281 1302 13453 1283 1303 13454 1281 1302 13455 1202 1222 13456 1285 1223 13457 1287 1305 13458 1284 1304 13459 1283 1303 13460 1286 1306 13461 1283 1303 13462 1285 1223 13463 1287 1305 13464 1286 1306 13465 1288 1307 13466 1286 1306 13467 1195 1212 13468 1193 1213 13469 1291 1309 13470 1289 1308 13471 1288 1307 13472 1290 1310 13473 1288 1307 13474 1193 1213 13475 1291 1309 13476 1290 1310 13477 1292 1311 13478 1290 1310 13479 1191 1210 13480 1294 1211 13481 1296 1313 13482 1293 1312 13483 1292 1311 13484 1295 1314 13485 1292 1311 13486 1294 1211 13487 1296 1313 13488 1295 1314 13489 1297 1315 13490 1295 1314 13491 1184 1200 13492 1182 1201 13493 1300 1317 13494 1298 1316 13495 1297 1315 13496 1299 1318 13497 1297 1315 13498 1182 1201 13499 1300 1317 13500 1299 1318 13501 1301 1319 13502 1299 1318 13503 1180 1198 13504 1303 1199 13505 1305 1321 13506 1302 1320 13507 1301 1319 13508 1304 1322 13509 1301 1319 13510 1303 1199 13511 1305 1321 13512 1304 1322 13513 1306 1323 13514 1304 1322 13515 1173 1188 13516 1171 1189 13517 1309 1325 13518 1307 1324 13519 1306 1323 13520 1308 1326 13521 1306 1323 13522 1171 1189 13523 1309 1325 13524 1308 1326 13525 1310 1327 13526 1308 1326 13527 1169 1186 13528 1312 1187 13529 1314 1329 13530 1311 1328 13531 1310 1327 13532 1313 1330 13533 1310 1327 13534 1312 1187 13535 1314 1329 13536 1313 1330 13537 1315 1331 13538 1313 1330 13539 1162 1177 13540 1160 1178 13541 1318 1333 13542 1316 1332 13543 1315 1331 13544 1317 1334 13545 1315 1331 13546 1160 1178 13547 1318 1333 13548 1317 1334 13549 1319 1335 13550 1317 1334 13551 1158 1175 13552 1321 1176 13553 1323 1337 13554 1320 1336 13555 1319 1335 13556 1322 1338 13557 1319 1335 13558 1321 1176 13559 1323 1337 13560 1322 1338 13561 1324 1339 13562 1322 1338 13563 1151 1165 13564 1149 1166 13565 1327 1341 13566 1325 1340 13567 1324 1339 13568 1326 1342 13569 1324 1339 13570 1149 1166 13571 1327 1341 13572 1326 1342 13573 1328 1343 13574 1326 1342 13575 1147 1163 13576 1330 1164 13577 1332 1345 13578 1329 1344 13579 1328 1343 13580 1331 1346 13581 1328 1343 13582 1330 1164 13583 1332 1345 13584 1331 1346 13585 1333 1347 13586 1331 1346 13587 1140 1153 13588 1138 1154 13589 1336 1349 13590 1334 1348 13591 1333 1347 13592 1335 1350 13593 1333 1347 13594 1138 1154 13595 1336 1349 13596 1335 1350 13597 1337 1351 13598 1335 1350 13599 1136 1151 13600 1339 1152 13601 1341 1353 13602 1338 1352 13603 1337 1351 13604 1340 1354 13605 1337 1351 13606 1339 1152 13607 1341 1353 13608 1340 1354 13609 1342 1355 13610 1340 1354 13611 1129 1141 13612 1127 1142 13613 1345 1357 13614 1343 1356 13615 1342 1355 13616 1344 1358 13617 1342 1355 13618 1127 1142 13619 1345 1357 13620 1344 1358 13621 1346 1359 13622 1344 1358 13623 1125 1139 13624 1348 1140 13625 1350 1361 13626 1347 1360 13627 1346 1359 13628 1349 1362 13629 1346 1359 13630 1348 1140 13631 1350 1361 13632 1349 1362 13633 1351 1363 13634 1349 1362 13635 1118 1129 13636 1116 1130 13637 1354 1365 13638 1352 1364 13639 1351 1363 13640 1353 1366 13641 1351 1363 13642 1116 1130 13643 1354 1365 13644 1353 1366 13645 1355 1367 13646 1353 1366 13647 1114 1127 13648 1357 1128 13649 1359 1369 13650 1356 1368 13651 1355 1367 13652 1358 1370 13653 1355 1367 13654 1357 1128 13655 1359 1369 13656 1358 1370 13657 1360 1371 13658 1358 1370 13659 1107 1117 13660 1105 1118 13661 1363 1373 13662 1361 1372 13663 1360 1371 13664 1362 1374 13665 1360 1371 13666 1105 1118 13667 1363 1373 13668 1362 1374 13669 1364 1375 13670 1362 1374 13671 1103 1115 13672 1366 1116 13673 1368 1377 13674 1365 1376 13675 1364 1375 13676 1367 1378 13677 1364 1375 13678 1366 1116 13679 1368 1377 13680 1367 1378 13681 1369 1379 13682 1367 1378 13683 1096 1105 13684 1094 1106 13685 1372 1381 13686 1370 1380 13687 1369 1379 13688 1371 1382 13689 1369 1379 13690 1094 1106 13691 1372 1381 13692 1371 1382 13693 1373 1383 13694 1371 1382 13695 1092 1103 13696 1376 1104 13697 1377 1385 13698 1374 1384 13699 1373 1383 13700 1375 1386 13701 1373 1383 13702 1376 1104 13703 1377 1385 13704 1375 1386 13705 1378 1387 13706 1375 1386 13707 1085 1093 13708 1083 1094 13709 1066 1075 13710 1379 1388 13711 1378 1387 13712 1068 1076 13713 1378 1387 13714 1083 1094 13715 1383 1074 13716 1380 1390 13717 1379 1388 13718 1382 1389 13719 1377 1385 13720 1379 1388 13721 1057 1064 13722 1381 1392 13723 1380 1390 13724 1384 1391 13725 1382 1389 13726 1380 1390 13727 1384 1391 13728 1386 1395 13729 1385 1393 13730 1382 1389 13731 1385 1393 13732 1374 1384 13733 1388 1394 13734 1387 1396 13735 1385 1393 13736 1387 1396 13737 1372 1381 13738 1374 1384 13739 1388 1394 13740 1390 1399 13741 1389 1397 13742 1387 1396 13743 1389 1397 13744 1370 1380 13745 1392 1398 13746 1391 1400 13747 1389 1397 13748 1391 1400 13749 1368 1377 13750 1370 1380 13751 1392 1398 13752 1394 1403 13753 1393 1401 13754 1391 1400 13755 1393 1401 13756 1365 1376 13757 1396 1402 13758 1395 1404 13759 1393 1401 13760 1395 1404 13761 1363 1373 13762 1365 1376 13763 1396 1402 13764 1398 1407 13765 1397 1405 13766 1395 1404 13767 1397 1405 13768 1361 1372 13769 1400 1406 13770 1399 1408 13771 1397 1405 13772 1399 1408 13773 1359 1369 13774 1361 1372 13775 1400 1406 13776 1402 1411 13777 1401 1409 13778 1399 1408 13779 1401 1409 13780 1356 1368 13781 1404 1410 13782 1403 1412 13783 1401 1409 13784 1403 1412 13785 1354 1365 13786 1356 1368 13787 1404 1410 13788 1406 1415 13789 1405 1413 13790 1403 1412 13791 1405 1413 13792 1352 1364 13793 1408 1414 13794 1407 1416 13795 1405 1413 13796 1407 1416 13797 1350 1361 13798 1352 1364 13799 1408 1414 13800 1410 1419 13801 1409 1417 13802 1407 1416 13803 1409 1417 13804 1347 1360 13805 1412 1418 13806 1411 1420 13807 1409 1417 13808 1411 1420 13809 1345 1357 13810 1347 1360 13811 1412 1418 13812 1414 1423 13813 1413 1421 13814 1411 1420 13815 1413 1421 13816 1343 1356 13817 1416 1422 13818 1415 1424 13819 1413 1421 13820 1415 1424 13821 1341 1353 13822 1343 1356 13823 1416 1422 13824 1418 1427 13825 1417 1425 13826 1415 1424 13827 1417 1425 13828 1338 1352 13829 1420 1426 13830 1419 1428 13831 1417 1425 13832 1419 1428 13833 1336 1349 13834 1338 1352 13835 1420 1426 13836 1422 1431 13837 1421 1429 13838 1419 1428 13839 1421 1429 13840 1334 1348 13841 1424 1430 13842 1423 1432 13843 1421 1429 13844 1423 1432 13845 1332 1345 13846 1334 1348 13847 1424 1430 13848 1426 1435 13849 1425 1433 13850 1423 1432 13851 1425 1433 13852 1329 1344 13853 1428 1434 13854 1427 1436 13855 1425 1433 13856 1427 1436 13857 1327 1341 13858 1329 1344 13859 1428 1434 13860 1430 1439 13861 1429 1437 13862 1427 1436 13863 1429 1437 13864 1325 1340 13865 1432 1438 13866 1431 1440 13867 1429 1437 13868 1431 1440 13869 1323 1337 13870 1325 1340 13871 1432 1438 13872 1434 1443 13873 1433 1441 13874 1431 1440 13875 1433 1441 13876 1320 1336 13877 1436 1442 13878 1435 1444 13879 1433 1441 13880 1435 1444 13881 1318 1333 13882 1320 1336 13883 1436 1442 13884 1438 1447 13885 1437 1445 13886 1435 1444 13887 1437 1445 13888 1316 1332 13889 1440 1446 13890 1439 1448 13891 1437 1445 13892 1439 1448 13893 1314 1329 13894 1316 1332 13895 1440 1446 13896 1442 1451 13897 1441 1449 13898 1439 1448 13899 1441 1449 13900 1311 1328 13901 1444 1450 13902 1443 1452 13903 1441 1449 13904 1443 1452 13905 1309 1325 13906 1311 1328 13907 1444 1450 13908 1446 1455 13909 1445 1453 13910 1443 1452 13911 1445 1453 13912 1307 1324 13913 1448 1454 13914 1447 1456 13915 1445 1453 13916 1447 1456 13917 1305 1321 13918 1307 1324 13919 1448 1454 13920 1450 1459 13921 1449 1457 13922 1447 1456 13923 1449 1457 13924 1302 1320 13925 1452 1458 13926 1451 1460 13927 1449 1457 13928 1451 1460 13929 1300 1317 13930 1302 1320 13931 1452 1458 13932 1454 1463 13933 1453 1461 13934 1451 1460 13935 1453 1461 13936 1298 1316 13937 1456 1462 13938 1455 1464 13939 1453 1461 13940 1455 1464 13941 1296 1313 13942 1298 1316 13943 1456 1462 13944 1458 1467 13945 1457 1465 13946 1455 1464 13947 1457 1465 13948 1293 1312 13949 1460 1466 13950 1459 1468 13951 1457 1465 13952 1459 1468 13953 1291 1309 13954 1293 1312 13955 1460 1466 13956 1462 1471 13957 1461 1469 13958 1459 1468 13959 1461 1469 13960 1289 1308 13961 1464 1470 13962 1463 1472 13963 1461 1469 13964 1463 1472 13965 1287 1305 13966 1289 1308 13967 1464 1470 13968 1466 1475 13969 1465 1473 13970 1463 1472 13971 1465 1473 13972 1284 1304 13973 1468 1474 13974 1467 1476 13975 1465 1473 13976 1467 1476 13977 1282 1301 13978 1284 1304 13979 1468 1474 13980 1470 1479 13981 1469 1477 13982 1467 1476 13983 1469 1477 13984 1280 1300 13985 1472 1478 13986 1471 1480 13987 1469 1477 13988 1471 1480 13989 1278 1297 13990 1280 1300 13991 1472 1478 13992 1474 1483 13993 1473 1481 13994 1471 1480 13995 1473 1481 13996 1275 1296 13997 1476 1482 13998 1475 1484 13999 1473 1481 14000 1475 1484 14001 1273 1293 14002 1275 1296 14003 1476 1482 14004 1478 1487 14005 1477 1485 14006 1475 1484 14007 1477 1485 14008 1271 1292 14009 1480 1486 14010 1479 1488 14011 1477 1485 14012 1479 1488 14013 1269 1289 14014 1271 1292 14015 1480 1486 14016 1482 1491 14017 1481 1489 14018 1479 1488 14019 1481 1489 14020 1266 1288 14021 1484 1490 14022 1483 1492 14023 1481 1489 14024 1483 1492 14025 1264 1285 14026 1266 1288 14027 1484 1490 14028 1486 1495 14029 1485 1493 14030 1483 1492 14031 1485 1493 14032 1262 1284 14033 1488 1494 14034 1487 1496 14035 1485 1493 14036 1487 1496 14037 1260 1281 14038 1262 1284 14039 1488 1494 14040 1490 1499 14041 1489 1497 14042 1487 1496 14043 1489 1497 14044 1257 1280 14045 1492 1498 14046 1491 1500 14047 1489 1497 14048 1491 1500 14049 1255 1277 14050 1257 1280 14051 1492 1498 14052 1494 1503 14053 1493 1501 14054 1491 1500 14055 1493 1501 14056 1253 1276 14057 1496 1502 14058 1495 1504 14059 1493 1501 14060 1495 1504 14061 1251 1272 14062 1253 1276 14063 1496 1502 14064 1498 1507 14065 1497 1505 14066 1495 1504 14067 1497 1505 14068 1249 1274 14069 1500 1506 14070 1499 1508 14071 1497 1505 14072 1499 1508 14073 1501 1273 14074 1249 1274 14075 1500 1506 14076 1059 1066 14077 1061 1065 14078 1499 1508 14079 1061 1065 14080 1063 1068 14081 1501 1273 14082 1063 1068 14083 2751 1071 14084 1502 1509 14085 1500 1506 14086 1498 1507 14087 1505 1067 14088 1059 1066 14089 1500 1506 14090 1503 1511 14091 1506 1051 14092 1505 1067 14093 1503 1511 14094 1502 1509 14095 1504 1510 14096 1047 1053 14097 1054 1058 14098 1505 1067 14099 1742 1513 14100 1046 1048 14101 1506 1051 14102 1509 1514 14103 1507 1512 14104 1504 1510 14105 1504 1510 14106 1498 1507 14107 1496 1502 14108 1509 1514 14109 1508 1515 14110 1510 1516 14111 1508 1515 14112 1496 1502 14113 1494 1503 14114 1513 1518 14115 1511 1517 14116 1510 1516 14117 1510 1516 14118 1494 1503 14119 1492 1498 14120 1513 1518 14121 1512 1519 14122 1514 1520 14123 1512 1519 14124 1492 1498 14125 1490 1499 14126 1517 1522 14127 1515 1521 14128 1514 1520 14129 1514 1520 14130 1490 1499 14131 1488 1494 14132 1517 1522 14133 1516 1523 14134 1518 1524 14135 1516 1523 14136 1488 1494 14137 1486 1495 14138 1521 1526 14139 1519 1525 14140 1518 1524 14141 1518 1524 14142 1486 1495 14143 1484 1490 14144 1521 1526 14145 1520 1527 14146 1522 1528 14147 1520 1527 14148 1484 1490 14149 1482 1491 14150 1525 1530 14151 1523 1529 14152 1522 1528 14153 1522 1528 14154 1482 1491 14155 1480 1486 14156 1525 1530 14157 1524 1531 14158 1526 1532 14159 1524 1531 14160 1480 1486 14161 1478 1487 14162 1529 1534 14163 1527 1533 14164 1526 1532 14165 1526 1532 14166 1478 1487 14167 1476 1482 14168 1529 1534 14169 1528 1535 14170 1530 1536 14171 1528 1535 14172 1476 1482 14173 1474 1483 14174 1533 1538 14175 1531 1537 14176 1530 1536 14177 1530 1536 14178 1474 1483 14179 1472 1478 14180 1533 1538 14181 1532 1539 14182 1534 1540 14183 1532 1539 14184 1472 1478 14185 1470 1479 14186 1537 1542 14187 1535 1541 14188 1534 1540 14189 1534 1540 14190 1470 1479 14191 1468 1474 14192 1537 1542 14193 1536 1543 14194 1538 1544 14195 1536 1543 14196 1468 1474 14197 1466 1475 14198 1541 1546 14199 1539 1545 14200 1538 1544 14201 1538 1544 14202 1466 1475 14203 1464 1470 14204 1541 1546 14205 1540 1547 14206 1542 1548 14207 1540 1547 14208 1464 1470 14209 1462 1471 14210 1545 1550 14211 1543 1549 14212 1542 1548 14213 1542 1548 14214 1462 1471 14215 1460 1466 14216 1545 1550 14217 1544 1551 14218 1546 1552 14219 1544 1551 14220 1460 1466 14221 1458 1467 14222 1549 1554 14223 1547 1553 14224 1546 1552 14225 1546 1552 14226 1458 1467 14227 1456 1462 14228 1549 1554 14229 1548 1555 14230 1550 1556 14231 1548 1555 14232 1456 1462 14233 1454 1463 14234 1553 1558 14235 1551 1557 14236 1550 1556 14237 1550 1556 14238 1454 1463 14239 1452 1458 14240 1553 1558 14241 1552 1559 14242 1554 1560 14243 1552 1559 14244 1452 1458 14245 1450 1459 14246 1557 1562 14247 1555 1561 14248 1554 1560 14249 1554 1560 14250 1450 1459 14251 1448 1454 14252 1557 1562 14253 1556 1563 14254 1558 1564 14255 1556 1563 14256 1448 1454 14257 1446 1455 14258 1561 1566 14259 1559 1565 14260 1558 1564 14261 1558 1564 14262 1446 1455 14263 1444 1450 14264 1561 1566 14265 1560 1567 14266 1562 1568 14267 1560 1567 14268 1444 1450 14269 1442 1451 14270 1565 1570 14271 1563 1569 14272 1562 1568 14273 1562 1568 14274 1442 1451 14275 1440 1446 14276 1565 1570 14277 1564 1571 14278 1566 1572 14279 1564 1571 14280 1440 1446 14281 1438 1447 14282 1569 1574 14283 1567 1573 14284 1566 1572 14285 1566 1572 14286 1438 1447 14287 1436 1442 14288 1569 1574 14289 1568 1575 14290 1570 1576 14291 1568 1575 14292 1436 1442 14293 1434 1443 14294 1573 1578 14295 1571 1577 14296 1570 1576 14297 1570 1576 14298 1434 1443 14299 1432 1438 14300 1573 1578 14301 1572 1579 14302 1574 1580 14303 1572 1579 14304 1432 1438 14305 1430 1439 14306 1577 1582 14307 1575 1581 14308 1574 1580 14309 1574 1580 14310 1430 1439 14311 1428 1434 14312 1577 1582 14313 1576 1583 14314 1578 1584 14315 1576 1583 14316 1428 1434 14317 1426 1435 14318 1581 1586 14319 1579 1585 14320 1578 1584 14321 1578 1584 14322 1426 1435 14323 1424 1430 14324 1581 1586 14325 1580 1587 14326 1582 1588 14327 1580 1587 14328 1424 1430 14329 1422 1431 14330 1585 1590 14331 1583 1589 14332 1582 1588 14333 1582 1588 14334 1422 1431 14335 1420 1426 14336 1585 1590 14337 1584 1591 14338 1586 1592 14339 1584 1591 14340 1420 1426 14341 1418 1427 14342 1589 1594 14343 1587 1593 14344 1586 1592 14345 1586 1592 14346 1418 1427 14347 1416 1422 14348 1589 1594 14349 1588 1595 14350 1590 1596 14351 1588 1595 14352 1416 1422 14353 1414 1423 14354 1593 1598 14355 1591 1597 14356 1590 1596 14357 1590 1596 14358 1414 1423 14359 1412 1418 14360 1593 1598 14361 1592 1599 14362 1594 1600 14363 1592 1599 14364 1412 1418 14365 1410 1419 14366 1597 1602 14367 1595 1601 14368 1594 1600 14369 1594 1600 14370 1410 1419 14371 1408 1414 14372 1597 1602 14373 1596 1603 14374 1598 1604 14375 1596 1603 14376 1408 1414 14377 1406 1415 14378 1601 1606 14379 1599 1605 14380 1598 1604 14381 1598 1604 14382 1406 1415 14383 1404 1410 14384 1601 1606 14385 1600 1607 14386 1602 1608 14387 1600 1607 14388 1404 1410 14389 1402 1411 14390 1605 1610 14391 1603 1609 14392 1602 1608 14393 1602 1608 14394 1402 1411 14395 1400 1406 14396 1605 1610 14397 1604 1611 14398 1606 1612 14399 1604 1611 14400 1400 1406 14401 1398 1407 14402 1609 1614 14403 1607 1613 14404 1606 1612 14405 1606 1612 14406 1398 1407 14407 1396 1402 14408 1609 1614 14409 1608 1615 14410 1610 1616 14411 1608 1615 14412 1396 1402 14413 1394 1403 14414 1613 1618 14415 1611 1617 14416 1610 1616 14417 1610 1616 14418 1394 1403 14419 1392 1398 14420 1613 1618 14421 1612 1619 14422 1614 1620 14423 1612 1619 14424 1392 1398 14425 1390 1399 14426 1617 1622 14427 1615 1621 14428 1614 1620 14429 1614 1620 14430 1390 1399 14431 1388 1394 14432 1617 1622 14433 1616 1623 14434 1618 1624 14435 1616 1623 14436 1388 1394 14437 1386 1395 14438 1621 1626 14439 1619 1625 14440 1618 1624 14441 1618 1624 14442 1386 1395 14443 1384 1391 14444 1621 1626 14445 1620 1627 14446 1622 1628 14447 1620 1627 14448 1384 1391 14449 1381 1392 14450 1051 1056 14451 1623 1629 14452 1622 1628 14453 1622 1628 14454 1381 1392 14455 1057 1064 14456 1049 1055 14457 1624 1631 14458 1623 1629 14459 1626 1630 14460 1621 1626 14461 1623 1629 14462 2750 1054 14463 1625 1633 14464 1624 1631 14465 1627 1632 14466 1626 1630 14467 1624 1631 14468 1627 1632 14469 1629 1636 14470 1628 1634 14471 1626 1630 14472 1628 1634 14473 1619 1625 14474 1631 1635 14475 1630 1637 14476 1628 1634 14477 1630 1637 14478 1617 1622 14479 1619 1625 14480 1631 1635 14481 1633 1640 14482 1632 1638 14483 1630 1637 14484 1632 1638 14485 1615 1621 14486 1635 1639 14487 1634 1641 14488 1632 1638 14489 1634 1641 14490 1613 1618 14491 1615 1621 14492 1635 1639 14493 1637 1644 14494 1636 1642 14495 1634 1641 14496 1636 1642 14497 1611 1617 14498 1639 1643 14499 1638 1645 14500 1636 1642 14501 1638 1645 14502 1609 1614 14503 1611 1617 14504 1639 1643 14505 1641 1648 14506 1640 1646 14507 1638 1645 14508 1640 1646 14509 1607 1613 14510 1643 1647 14511 1642 1649 14512 1640 1646 14513 1642 1649 14514 1605 1610 14515 1607 1613 14516 1643 1647 14517 1645 1652 14518 1644 1650 14519 1642 1649 14520 1644 1650 14521 1603 1609 14522 1647 1651 14523 1646 1653 14524 1644 1650 14525 1646 1653 14526 1601 1606 14527 1603 1609 14528 1647 1651 14529 1649 1656 14530 1648 1654 14531 1646 1653 14532 1648 1654 14533 1599 1605 14534 1651 1655 14535 1650 1657 14536 1648 1654 14537 1650 1657 14538 1597 1602 14539 1599 1605 14540 1651 1655 14541 1653 1660 14542 1652 1658 14543 1650 1657 14544 1652 1658 14545 1595 1601 14546 1655 1659 14547 1654 1661 14548 1652 1658 14549 1654 1661 14550 1593 1598 14551 1595 1601 14552 1655 1659 14553 1657 1664 14554 1656 1662 14555 1654 1661 14556 1656 1662 14557 1591 1597 14558 1659 1663 14559 1658 1665 14560 1656 1662 14561 1658 1665 14562 1589 1594 14563 1591 1597 14564 1659 1663 14565 1661 1668 14566 1660 1666 14567 1658 1665 14568 1660 1666 14569 1587 1593 14570 1663 1667 14571 1662 1669 14572 1660 1666 14573 1662 1669 14574 1585 1590 14575 1587 1593 14576 1663 1667 14577 1665 1672 14578 1664 1670 14579 1662 1669 14580 1664 1670 14581 1583 1589 14582 1667 1671 14583 1666 1673 14584 1664 1670 14585 1666 1673 14586 1581 1586 14587 1583 1589 14588 1667 1671 14589 1669 1676 14590 1668 1674 14591 1666 1673 14592 1668 1674 14593 1579 1585 14594 1671 1675 14595 1670 1677 14596 1668 1674 14597 1670 1677 14598 1577 1582 14599 1579 1585 14600 1671 1675 14601 1673 1680 14602 1672 1678 14603 1670 1677 14604 1672 1678 14605 1575 1581 14606 1675 1679 14607 1674 1681 14608 1672 1678 14609 1674 1681 14610 1573 1578 14611 1575 1581 14612 1675 1679 14613 1677 1684 14614 1676 1682 14615 1674 1681 14616 1676 1682 14617 1571 1577 14618 1679 1683 14619 1678 1685 14620 1676 1682 14621 1678 1685 14622 1569 1574 14623 1571 1577 14624 1679 1683 14625 1681 1688 14626 1680 1686 14627 1678 1685 14628 1680 1686 14629 1567 1573 14630 1683 1687 14631 1682 1689 14632 1680 1686 14633 1682 1689 14634 1565 1570 14635 1567 1573 14636 1683 1687 14637 1685 1692 14638 1684 1690 14639 1682 1689 14640 1684 1690 14641 1563 1569 14642 1687 1691 14643 1686 1693 14644 1684 1690 14645 1686 1693 14646 1561 1566 14647 1563 1569 14648 1687 1691 14649 1689 1696 14650 1688 1694 14651 1686 1693 14652 1688 1694 14653 1559 1565 14654 1691 1695 14655 1690 1697 14656 1688 1694 14657 1690 1697 14658 1557 1562 14659 1559 1565 14660 1691 1695 14661 1693 1700 14662 1692 1698 14663 1690 1697 14664 1692 1698 14665 1555 1561 14666 1695 1699 14667 1694 1701 14668 1692 1698 14669 1694 1701 14670 1553 1558 14671 1555 1561 14672 1695 1699 14673 1697 1704 14674 1696 1702 14675 1694 1701 14676 1696 1702 14677 1551 1557 14678 1699 1703 14679 1698 1705 14680 1696 1702 14681 1698 1705 14682 1549 1554 14683 1551 1557 14684 1699 1703 14685 1701 1708 14686 1700 1706 14687 1698 1705 14688 1700 1706 14689 1547 1553 14690 1703 1707 14691 1702 1709 14692 1700 1706 14693 1702 1709 14694 1545 1550 14695 1547 1553 14696 1703 1707 14697 1705 1712 14698 1704 1710 14699 1702 1709 14700 1704 1710 14701 1543 1549 14702 1707 1711 14703 1706 1713 14704 1704 1710 14705 1706 1713 14706 1541 1546 14707 1543 1549 14708 1707 1711 14709 1709 1716 14710 1708 1714 14711 1706 1713 14712 1708 1714 14713 1539 1545 14714 1711 1715 14715 1710 1717 14716 1708 1714 14717 1710 1717 14718 1537 1542 14719 1539 1545 14720 1711 1715 14721 1713 1720 14722 1712 1718 14723 1710 1717 14724 1712 1718 14725 1535 1541 14726 1715 1719 14727 1714 1721 14728 1712 1718 14729 1714 1721 14730 1533 1538 14731 1535 1541 14732 1715 1719 14733 1717 1724 14734 1716 1722 14735 1714 1721 14736 1716 1722 14737 1531 1537 14738 1719 1723 14739 1718 1725 14740 1716 1722 14741 1718 1725 14742 1529 1534 14743 1531 1537 14744 1719 1723 14745 1721 1728 14746 1720 1726 14747 1718 1725 14748 1720 1726 14749 1527 1533 14750 1723 1727 14751 1722 1729 14752 1720 1726 14753 1722 1729 14754 1525 1530 14755 1527 1533 14756 1723 1727 14757 1725 1732 14758 1724 1730 14759 1722 1729 14760 1724 1730 14761 1523 1529 14762 1727 1731 14763 1726 1733 14764 1724 1730 14765 1726 1733 14766 1521 1526 14767 1523 1529 14768 1727 1731 14769 1729 1736 14770 1728 1734 14771 1726 1733 14772 1728 1734 14773 1519 1525 14774 1731 1735 14775 1730 1737 14776 1728 1734 14777 1730 1737 14778 1517 1522 14779 1519 1525 14780 1731 1735 14781 1733 1740 14782 1732 1738 14783 1730 1737 14784 1732 1738 14785 1515 1521 14786 1735 1739 14787 1734 1741 14788 1732 1738 14789 1734 1741 14790 1513 1518 14791 1515 1521 14792 1735 1739 14793 1737 1744 14794 1736 1742 14795 1734 1741 14796 1736 1742 14797 1511 1517 14798 1739 1743 14799 1738 1745 14800 1736 1742 14801 1738 1745 14802 1509 1514 14803 1511 1517 14804 1739 1743 14805 1741 1748 14806 1740 1746 14807 1738 1745 14808 1740 1746 14809 1507 1512 14810 1743 1747 14811 1742 1513 14812 1740 1746 14813 1742 1513 14814 1503 1511 14815 1507 1512 14816 1743 1747 14817 1044 1045 14818 1046 1048 14819 1744 1749 14820 1042 1046 14821 1044 1045 14822 1744 1749 14823 1743 1747 14824 1741 1748 14825 1746 1751 14826 1744 1749 14827 1745 1750 14828 1746 1751 14829 1748 1047 14830 1042 1046 14831 1749 1753 14832 1746 1751 14833 1747 1752 14834 1748 1047 14835 1746 1751 14836 1749 1753 14837 1750 1755 14838 1749 1753 14839 1751 1756 14840 1751 1756 14841 1749 1753 14842 1752 1754 14843 1752 1754 14844 1754 1760 14845 1755 1759 14846 1747 1752 14847 1757 1764 14848 1754 1760 14849 1755 1759 14850 1754 1760 14851 1756 1761 14852 1754 1760 14853 1757 1764 14854 1758 1763 14855 1757 1764 14856 1759 1766 14857 1760 1765 14858 1757 1764 14859 1747 1752 14860 1745 1750 14861 1759 1766 14862 1739 1743 14863 1737 1744 14864 1759 1766 14865 1745 1750 14866 1741 1748 14867 1761 1767 14868 1760 1765 14869 1737 1744 14870 1763 1768 14871 1758 1763 14872 1760 1765 14873 1761 1767 14874 1735 1739 14875 1733 1740 14876 1763 1768 14877 1761 1767 14878 1762 1769 14879 1765 1771 14880 1763 1768 14881 1764 1770 14882 1758 1763 14883 1763 1768 14884 1765 1771 14885 1756 1761 14886 1765 1771 14887 1766 1773 14888 1766 1773 14889 1765 1771 14890 1767 1772 14891 1767 1772 14892 1769 1776 14893 1770 1775 14894 1764 1770 14895 1772 1780 14896 1769 1776 14897 1770 1775 14898 1769 1776 14899 1771 1777 14900 1769 1776 14901 1772 1780 14902 1773 1779 14903 1772 1780 14904 1774 1782 14905 1775 1781 14906 1772 1780 14907 1764 1770 14908 1762 1769 14909 1774 1782 14910 1731 1735 14911 1729 1736 14912 1774 1782 14913 1762 1769 14914 1733 1740 14915 1776 1783 14916 1775 1781 14917 1729 1736 14918 1778 1784 14919 1773 1779 14920 1775 1781 14921 1776 1783 14922 1727 1731 14923 1725 1732 14924 1778 1784 14925 1776 1783 14926 1777 1785 14927 1780 1787 14928 1778 1784 14929 1779 1786 14930 1773 1779 14931 1778 1784 14932 1780 1787 14933 1771 1777 14934 1780 1787 14935 1781 1789 14936 1781 1789 14937 1780 1787 14938 1782 1788 14939 1782 1788 14940 1784 1792 14941 1785 1791 14942 1779 1786 14943 1787 1796 14944 1784 1792 14945 1785 1791 14946 1784 1792 14947 1786 1793 14948 1784 1792 14949 1787 1796 14950 1788 1795 14951 1787 1796 14952 1789 1798 14953 1790 1797 14954 1787 1796 14955 1779 1786 14956 1777 1785 14957 1789 1798 14958 1723 1727 14959 1721 1728 14960 1789 1798 14961 1777 1785 14962 1725 1732 14963 1791 1799 14964 1790 1797 14965 1721 1728 14966 1793 1800 14967 1788 1795 14968 1790 1797 14969 1791 1799 14970 1719 1723 14971 1717 1724 14972 1793 1800 14973 1791 1799 14974 1792 1801 14975 1795 1803 14976 1793 1800 14977 1794 1802 14978 1788 1795 14979 1793 1800 14980 1795 1803 14981 1786 1793 14982 1795 1803 14983 1796 1805 14984 1796 1805 14985 1795 1803 14986 1797 1804 14987 1797 1804 14988 1799 1808 14989 1800 1807 14990 1794 1802 14991 1802 1812 14992 1799 1808 14993 1800 1807 14994 1799 1808 14995 1801 1809 14996 1799 1808 14997 1802 1812 14998 1803 1811 14999 1802 1812 15000 1804 1814 15001 1805 1813 15002 1802 1812 15003 1794 1802 15004 1792 1801 15005 1804 1814 15006 1715 1719 15007 1713 1720 15008 1804 1814 15009 1792 1801 15010 1717 1724 15011 1806 1815 15012 1805 1813 15013 1713 1720 15014 1808 1816 15015 1803 1811 15016 1805 1813 15017 1806 1815 15018 1711 1715 15019 1709 1716 15020 1808 1816 15021 1806 1815 15022 1807 1817 15023 1810 1819 15024 1808 1816 15025 1809 1818 15026 1803 1811 15027 1808 1816 15028 1810 1819 15029 1801 1809 15030 1810 1819 15031 1811 1821 15032 1811 1821 15033 1810 1819 15034 1812 1820 15035 1812 1820 15036 1814 1824 15037 1815 1823 15038 1809 1818 15039 1817 1828 15040 1814 1824 15041 1815 1823 15042 1814 1824 15043 1816 1825 15044 1814 1824 15045 1817 1828 15046 1818 1827 15047 1817 1828 15048 1819 1830 15049 1820 1829 15050 1817 1828 15051 1809 1818 15052 1807 1817 15053 1819 1830 15054 1707 1711 15055 1705 1712 15056 1819 1830 15057 1807 1817 15058 1709 1716 15059 1821 1831 15060 1820 1829 15061 1705 1712 15062 1823 1832 15063 1818 1827 15064 1820 1829 15065 1821 1831 15066 1703 1707 15067 1701 1708 15068 1823 1832 15069 1821 1831 15070 1822 1833 15071 1825 1835 15072 1823 1832 15073 1824 1834 15074 1818 1827 15075 1823 1832 15076 1825 1835 15077 1816 1825 15078 1825 1835 15079 1826 1837 15080 1826 1837 15081 1825 1835 15082 1827 1836 15083 1827 1836 15084 1829 1840 15085 1830 1839 15086 1824 1834 15087 1832 1844 15088 1829 1840 15089 1830 1839 15090 1829 1840 15091 1831 1841 15092 1829 1840 15093 1832 1844 15094 1833 1843 15095 1832 1844 15096 1834 1846 15097 1835 1845 15098 1832 1844 15099 1824 1834 15100 1822 1833 15101 1834 1846 15102 1699 1703 15103 1697 1704 15104 1834 1846 15105 1822 1833 15106 1701 1708 15107 1836 1847 15108 1835 1845 15109 1697 1704 15110 1838 1848 15111 1833 1843 15112 1835 1845 15113 1836 1847 15114 1695 1699 15115 1693 1700 15116 1838 1848 15117 1836 1847 15118 1837 1849 15119 1840 1851 15120 1838 1848 15121 1839 1850 15122 1833 1843 15123 1838 1848 15124 1840 1851 15125 1831 1841 15126 1840 1851 15127 1841 1853 15128 1841 1853 15129 1840 1851 15130 1842 1852 15131 1842 1852 15132 1844 1856 15133 1845 1855 15134 1839 1850 15135 1847 1860 15136 1844 1856 15137 1845 1855 15138 1844 1856 15139 1846 1857 15140 1844 1856 15141 1847 1860 15142 1848 1859 15143 1847 1860 15144 1849 1862 15145 1850 1861 15146 1847 1860 15147 1839 1850 15148 1837 1849 15149 1849 1862 15150 1691 1695 15151 1689 1696 15152 1849 1862 15153 1837 1849 15154 1693 1700 15155 1851 1863 15156 1850 1861 15157 1689 1696 15158 1853 1864 15159 1848 1859 15160 1850 1861 15161 1851 1863 15162 1687 1691 15163 1685 1692 15164 1853 1864 15165 1851 1863 15166 1852 1865 15167 1855 1867 15168 1853 1864 15169 1854 1866 15170 1848 1859 15171 1853 1864 15172 1855 1867 15173 1846 1857 15174 1855 1867 15175 1856 1869 15176 1856 1869 15177 1855 1867 15178 1857 1868 15179 1857 1868 15180 1859 1872 15181 1860 1871 15182 1854 1866 15183 1862 1876 15184 1859 1872 15185 1860 1871 15186 1859 1872 15187 1861 1873 15188 1859 1872 15189 1862 1876 15190 1863 1875 15191 1862 1876 15192 1864 1878 15193 1865 1877 15194 1862 1876 15195 1854 1866 15196 1852 1865 15197 1864 1878 15198 1683 1687 15199 1681 1688 15200 1864 1878 15201 1852 1865 15202 1685 1692 15203 1866 1879 15204 1865 1877 15205 1681 1688 15206 1868 1880 15207 1863 1875 15208 1865 1877 15209 1866 1879 15210 1679 1683 15211 1677 1684 15212 1868 1880 15213 1866 1879 15214 1867 1881 15215 1870 1883 15216 1868 1880 15217 1869 1882 15218 1863 1875 15219 1868 1880 15220 1870 1883 15221 1861 1873 15222 1870 1883 15223 1871 1885 15224 1871 1885 15225 1870 1883 15226 1872 1884 15227 1872 1884 15228 1874 1888 15229 1875 1887 15230 1869 1882 15231 1877 1892 15232 1874 1888 15233 1875 1887 15234 1874 1888 15235 1876 1889 15236 1874 1888 15237 1877 1892 15238 1878 1891 15239 1877 1892 15240 1879 1894 15241 1880 1893 15242 1877 1892 15243 1869 1882 15244 1867 1881 15245 1879 1894 15246 1675 1679 15247 1673 1680 15248 1879 1894 15249 1867 1881 15250 1677 1684 15251 1881 1895 15252 1880 1893 15253 1673 1680 15254 1883 1896 15255 1878 1891 15256 1880 1893 15257 1881 1895 15258 1671 1675 15259 1669 1676 15260 1883 1896 15261 1881 1895 15262 1882 1897 15263 1885 1899 15264 1883 1896 15265 1884 1898 15266 1878 1891 15267 1883 1896 15268 1885 1899 15269 1876 1889 15270 1885 1899 15271 1886 1901 15272 1886 1901 15273 1885 1899 15274 1887 1900 15275 1887 1900 15276 1889 1904 15277 1890 1903 15278 1884 1898 15279 1892 1908 15280 1889 1904 15281 1890 1903 15282 1889 1904 15283 1891 1905 15284 1889 1904 15285 1892 1908 15286 1893 1907 15287 1892 1908 15288 1894 1910 15289 1895 1909 15290 1892 1908 15291 1884 1898 15292 1882 1897 15293 1894 1910 15294 1667 1671 15295 1665 1672 15296 1894 1910 15297 1882 1897 15298 1669 1676 15299 1896 1911 15300 1895 1909 15301 1665 1672 15302 1898 1912 15303 1893 1907 15304 1895 1909 15305 1896 1911 15306 1663 1667 15307 1661 1668 15308 1898 1912 15309 1896 1911 15310 1897 1913 15311 1900 1915 15312 1898 1912 15313 1899 1914 15314 1893 1907 15315 1898 1912 15316 1900 1915 15317 1891 1905 15318 1900 1915 15319 1901 1917 15320 1901 1917 15321 1900 1915 15322 1902 1916 15323 1902 1916 15324 1904 1920 15325 1905 1919 15326 1899 1914 15327 1907 1924 15328 1904 1920 15329 1905 1919 15330 1904 1920 15331 1906 1921 15332 1904 1920 15333 1907 1924 15334 1908 1923 15335 1907 1924 15336 1909 1926 15337 1910 1925 15338 1907 1924 15339 1899 1914 15340 1897 1913 15341 1909 1926 15342 1659 1663 15343 1657 1664 15344 1909 1926 15345 1897 1913 15346 1661 1668 15347 1911 1927 15348 1910 1925 15349 1657 1664 15350 1913 1928 15351 1908 1923 15352 1910 1925 15353 1911 1927 15354 1655 1659 15355 1653 1660 15356 1913 1928 15357 1911 1927 15358 1912 1929 15359 1915 1931 15360 1913 1928 15361 1914 1930 15362 1908 1923 15363 1913 1928 15364 1915 1931 15365 1906 1921 15366 1915 1931 15367 1916 1933 15368 1916 1933 15369 1915 1931 15370 1917 1932 15371 1917 1932 15372 1919 1936 15373 1920 1935 15374 1914 1930 15375 1922 1940 15376 1919 1936 15377 1920 1935 15378 1919 1936 15379 1921 1937 15380 1919 1936 15381 1922 1940 15382 1923 1939 15383 1922 1940 15384 1924 1942 15385 1925 1941 15386 1922 1940 15387 1914 1930 15388 1912 1929 15389 1924 1942 15390 1651 1655 15391 1649 1656 15392 1924 1942 15393 1912 1929 15394 1653 1660 15395 1926 1943 15396 1925 1941 15397 1649 1656 15398 1928 1944 15399 1923 1939 15400 1925 1941 15401 1926 1943 15402 1647 1651 15403 1645 1652 15404 1928 1944 15405 1926 1943 15406 1927 1945 15407 1930 1947 15408 1928 1944 15409 1929 1946 15410 1923 1939 15411 1928 1944 15412 1930 1947 15413 1921 1937 15414 1930 1947 15415 1931 1949 15416 1931 1949 15417 1930 1947 15418 1932 1948 15419 1932 1948 15420 1934 1952 15421 1935 1951 15422 1929 1946 15423 1937 1956 15424 1934 1952 15425 1935 1951 15426 1934 1952 15427 1936 1953 15428 1934 1952 15429 1937 1956 15430 1938 1955 15431 1937 1956 15432 1939 1958 15433 1940 1957 15434 1937 1956 15435 1929 1946 15436 1927 1945 15437 1939 1958 15438 1643 1647 15439 1641 1648 15440 1939 1958 15441 1927 1945 15442 1645 1652 15443 1941 1959 15444 1940 1957 15445 1641 1648 15446 1943 1960 15447 1938 1955 15448 1940 1957 15449 1941 1959 15450 1639 1643 15451 1637 1644 15452 1943 1960 15453 1941 1959 15454 1942 1961 15455 1945 1963 15456 1943 1960 15457 1944 1962 15458 1938 1955 15459 1943 1960 15460 1945 1963 15461 1936 1953 15462 1945 1963 15463 1946 1965 15464 1946 1965 15465 1945 1963 15466 1947 1964 15467 1947 1964 15468 1949 1968 15469 1950 1967 15470 1944 1962 15471 1952 1972 15472 1949 1968 15473 1950 1967 15474 1949 1968 15475 1951 1969 15476 1949 1968 15477 1952 1972 15478 1953 1971 15479 1952 1972 15480 1954 1974 15481 1955 1973 15482 1952 1972 15483 1944 1962 15484 1942 1961 15485 1954 1974 15486 1635 1639 15487 1633 1640 15488 1954 1974 15489 1942 1961 15490 1637 1644 15491 1956 1975 15492 1955 1973 15493 1633 1640 15494 1958 1976 15495 1953 1971 15496 1955 1973 15497 1956 1975 15498 1631 1635 15499 1629 1636 15500 1958 1976 15501 1956 1975 15502 1957 1977 15503 1960 1979 15504 1958 1976 15505 1959 1978 15506 1953 1971 15507 1958 1976 15508 1960 1979 15509 1951 1969 15510 1960 1979 15511 1961 1981 15512 1961 1981 15513 1960 1979 15514 1962 1980 15515 1962 1980 15516 1030 1027 15517 1964 1034 15518 1959 1978 15519 1025 1024 15520 1030 1027 15521 1963 1982 15522 1964 1034 15523 1966 1983 15524 1968 1985 15525 1961 1981 15526 1963 1982 15527 1965 1984 15528 1966 1983 15529 2737 1986 15530 1970 1988 15531 1968 1985 15532 1965 1984 15533 2748 1970 15534 1961 1981 15535 1968 1985 15536 1969 1989 15537 1968 1985 15538 1970 1988 15539 1971 1990 15540 1970 1988 15541 1972 1991 15542 1972 1991 15543 1970 1988 15544 1967 1987 15545 1973 1992 15546 1972 1991 15547 1974 1994 15548 1974 1994 15549 1972 1991 15550 1975 1993 15551 1967 1987 15552 2737 1986 15553 1976 1997 15554 1975 1993 15555 1976 1997 15556 1978 1998 15557 1982 1999 15558 1979 2001 15559 1977 1996 15560 1980 2000 15561 1974 1994 15562 1977 1996 15563 1980 2000 15564 1979 2001 15565 1981 2002 15566 1982 1999 15567 1983 2005 15568 1981 2002 15569 1982 1999 15570 1984 2007 15571 1985 2004 15572 1982 1999 15573 1978 1998 15574 1987 2006 15575 1986 2008 15576 2594 2017 15577 1985 2004 15578 1986 2008 15579 1984 2007 15580 1987 2006 15581 1988 2010 15582 1990 2741 15583 1989 2009 15584 1978 1998 15585 1976 1997 15586 1988 2010 15587 1989 2009 15588 1990 2741 15589 1992 2011 15590 1986 2008 15591 1989 2009 15592 1991 2012 15593 1992 2011 15594 2731 2737 15595 1993 2014 15596 1996 2015 15597 1994 2013 15598 1991 2012 15599 1986 2008 15600 1994 2013 15601 1995 2016 15602 1996 2015 15603 1997 2019 15604 1995 2016 15605 1996 2015 15606 1998 2021 15607 1999 2018 15608 1996 2015 15609 1993 2014 15610 2001 2020 15611 2000 2022 15612 2593 2031 15613 1999 2018 15614 1998 2021 15615 2001 2020 15616 2003 2023 15617 2002 2024 15618 2004 2736 15619 2003 2023 15620 1993 2014 15621 2731 2737 15622 2002 2024 15623 2003 2023 15624 2004 2736 15625 2006 2025 15626 2000 2022 15627 2003 2023 15628 2005 2026 15629 2006 2025 15630 2740 2726 15631 2007 2028 15632 2010 2029 15633 2008 2027 15634 2005 2026 15635 2000 2022 15636 2008 2027 15637 2009 2030 15638 2010 2029 15639 2011 2033 15640 2009 2030 15641 2010 2029 15642 2012 2035 15643 2013 2032 15644 2010 2029 15645 2007 2028 15646 2015 2034 15647 2014 2036 15648 2592 2045 15649 2013 2032 15650 2014 2036 15651 2012 2035 15652 2015 2034 15653 2016 2038 15654 2018 2722 15655 2017 2037 15656 2007 2028 15657 2740 2726 15658 2016 2038 15659 2017 2037 15660 2018 2722 15661 2020 2039 15662 2014 2036 15663 2017 2037 15664 2019 2040 15665 2020 2039 15666 2714 2721 15667 2021 2042 15668 2024 2043 15669 2022 2041 15670 2019 2040 15671 2014 2036 15672 2022 2041 15673 2023 2044 15674 2024 2043 15675 2025 2047 15676 2023 2044 15677 2024 2043 15678 2026 2049 15679 2027 2046 15680 2024 2043 15681 2021 2042 15682 2029 2048 15683 2028 2050 15684 2591 2060 15685 2027 2046 15686 2026 2049 15687 2029 2048 15688 2031 2051 15689 2021 2042 15690 2714 2721 15691 2030 2052 15692 2032 2053 15693 2031 2051 15694 2029 2048 15695 2031 2051 15696 2032 2053 15697 2034 2054 15698 2036 2056 15699 2028 2050 15700 2031 2051 15701 2034 2054 15702 2703 2708 15703 2035 2057 15704 2036 2056 15705 2033 2055 15706 2035 2057 15707 2028 2050 15708 2036 2056 15709 2037 2059 15710 2038 2058 15711 2039 2062 15712 2037 2059 15713 2038 2058 15714 2040 2063 15715 2041 2061 15716 2040 2063 15717 2038 2058 15718 2035 2057 15719 2042 2065 15720 2590 2075 15721 2041 2061 15722 2040 2063 15723 2043 2064 15724 2045 2066 15725 2044 2067 15726 2046 2069 15727 2045 2066 15728 2035 2057 15729 2703 2708 15730 2044 2067 15731 2047 2068 15732 2045 2066 15733 2046 2069 15734 2042 2065 15735 2045 2066 15736 2047 2068 15737 2048 2070 15738 2742 2083 15739 2049 2072 15740 2050 2071 15741 2047 2068 15742 2049 2072 15743 2042 2065 15744 2050 2071 15745 2051 2074 15746 2052 2073 15747 2053 2077 15748 2051 2074 15749 2052 2073 15750 2054 2078 15751 2055 2076 15752 2054 2078 15753 2052 2073 15754 2049 2072 15755 2056 2080 15756 2589 2090 15757 2055 2076 15758 2054 2078 15759 2057 2079 15760 2059 2081 15761 2058 2082 15762 2060 2695 15763 2059 2081 15764 2057 2079 15765 2049 2072 15766 2742 2083 15767 2059 2081 15768 2060 2695 15769 2062 2084 15770 2064 2086 15771 2056 2080 15772 2059 2081 15773 2062 2084 15774 2686 2694 15775 2063 2087 15776 2066 2088 15777 2064 2086 15778 2061 2085 15779 2056 2080 15780 2064 2086 15781 2065 2089 15782 2066 2088 15783 2067 2092 15784 2065 2089 15785 2066 2088 15786 2068 2094 15787 2069 2091 15788 2066 2088 15789 2063 2087 15790 2071 2093 15791 2070 2095 15792 2588 2104 15793 2069 2091 15794 2070 2095 15795 2068 2094 15796 2071 2093 15797 2072 2097 15798 2074 2684 15799 2073 2096 15800 2063 2087 15801 2686 2694 15802 2072 2097 15803 2073 2096 15804 2074 2684 15805 2076 2098 15806 2070 2095 15807 2073 2096 15808 2075 2099 15809 2076 2098 15810 2675 2680 15811 2077 2101 15812 2080 2102 15813 2078 2100 15814 2075 2099 15815 2070 2095 15816 2078 2100 15817 2079 2103 15818 2080 2102 15819 2081 2106 15820 2079 2103 15821 2080 2102 15822 2082 2108 15823 2083 2105 15824 2080 2102 15825 2077 2101 15826 2085 2107 15827 2084 2109 15828 2587 2118 15829 2083 2105 15830 2084 2109 15831 2082 2108 15832 2085 2107 15833 2086 2111 15834 2088 2679 15835 2087 2110 15836 2077 2101 15837 2675 2680 15838 2086 2111 15839 2087 2110 15840 2088 2679 15841 2090 2112 15842 2084 2109 15843 2087 2110 15844 2089 2113 15845 2090 2112 15846 2744 2669 15847 2091 2115 15848 2094 2116 15849 2092 2114 15850 2089 2113 15851 2084 2109 15852 2092 2114 15853 2093 2117 15854 2094 2116 15855 2095 2120 15856 2093 2117 15857 2094 2116 15858 2096 2122 15859 2097 2119 15860 2094 2116 15861 2091 2115 15862 2099 2121 15863 2098 2123 15864 2586 2132 15865 2097 2119 15866 2098 2123 15867 2096 2122 15868 2099 2121 15869 2100 2125 15870 2102 2665 15871 2101 2124 15872 2091 2115 15873 2744 2669 15874 2100 2125 15875 2101 2124 15876 2102 2665 15877 2104 2126 15878 2098 2123 15879 2101 2124 15880 2103 2127 15881 2104 2126 15882 2658 2664 15883 2105 2129 15884 2108 2130 15885 2106 2128 15886 2103 2127 15887 2098 2123 15888 2106 2128 15889 2107 2131 15890 2108 2130 15891 2109 2134 15892 2107 2131 15893 2108 2130 15894 2110 2136 15895 2111 2133 15896 2108 2130 15897 2105 2129 15898 2113 2135 15899 2112 2137 15900 2585 2146 15901 2111 2133 15902 2112 2137 15903 2110 2136 15904 2113 2135 15905 2114 2139 15906 2116 2654 15907 2115 2138 15908 2105 2129 15909 2658 2664 15910 2114 2139 15911 2115 2138 15912 2116 2654 15913 2118 2140 15914 2120 2142 15915 2112 2137 15916 2115 2138 15917 2118 2140 15918 2647 2651 15919 2119 2143 15920 2122 2144 15921 2120 2142 15922 2117 2141 15923 2112 2137 15924 2120 2142 15925 2121 2145 15926 2122 2144 15927 2123 2148 15928 2121 2145 15929 2122 2144 15930 2124 2150 15931 2125 2147 15932 2122 2144 15933 2119 2143 15934 2127 2149 15935 2124 2150 15936 2126 2153 15937 2584 2151 15938 2124 2150 15939 2127 2149 15940 2129 2152 15941 2119 2143 15942 2647 2651 15943 2128 2154 15944 2128 2154 15945 2130 2646 15946 2129 2152 15947 2129 2152 15948 2130 2646 15949 2132 2155 15950 2126 2153 15951 2129 2152 15952 2131 2156 15953 2132 2155 15954 2639 2645 15955 2133 2158 15956 2136 2159 15957 2134 2157 15958 2131 2156 15959 2126 2153 15960 2134 2157 15961 2135 2160 15962 2136 2159 15963 2137 2162 15964 2135 2160 15965 2136 2159 15966 2138 2164 15967 2139 2161 15968 2136 2159 15969 2133 2158 15970 2141 2163 15971 2140 2165 15972 2583 2174 15973 2139 2161 15974 2140 2165 15975 2138 2164 15976 2141 2163 15977 2142 2167 15978 2144 2635 15979 2143 2166 15980 2133 2158 15981 2639 2645 15982 2142 2167 15983 2143 2166 15984 2144 2635 15985 2146 2168 15986 2140 2165 15987 2143 2166 15988 2145 2169 15989 2146 2168 15990 2628 2631 15991 2147 2171 15992 2150 2172 15993 2148 2170 15994 2145 2169 15995 2140 2165 15996 2148 2170 15997 2149 2173 15998 2150 2172 15999 2151 2176 16000 2149 2173 16001 2150 2172 16002 2152 2178 16003 2153 2175 16004 2150 2172 16005 2147 2171 16006 2155 2177 16007 2154 2179 16008 2582 2188 16009 2153 2175 16010 2154 2179 16011 2152 2178 16012 2155 2177 16013 2156 2181 16014 2158 2630 16015 2157 2180 16016 2147 2171 16017 2628 2631 16018 2156 2181 16019 2157 2180 16020 2158 2630 16021 2160 2182 16022 2154 2179 16023 2157 2180 16024 2159 2183 16025 2160 2182 16026 2747 2620 16027 2161 2185 16028 2164 2186 16029 2162 2184 16030 2159 2183 16031 2154 2179 16032 2162 2184 16033 2163 2187 16034 2164 2186 16035 2165 2190 16036 2163 2187 16037 2164 2186 16038 2166 2191 16039 2167 2189 16040 2166 2191 16041 2164 2186 16042 2161 2185 16043 2168 2193 16044 2581 2203 16045 2167 2189 16046 2166 2191 16047 2169 2192 16048 2171 2194 16049 2170 2195 16050 2172 2616 16051 2171 2194 16052 2161 2185 16053 2747 2620 16054 2170 2195 16055 2171 2194 16056 2172 2616 16057 2174 2196 16058 2176 2198 16059 2168 2193 16060 2171 2194 16061 2611 2199 16062 2175 2200 16063 2173 2197 16064 2176 2198 16065 2173 2197 16066 2175 2200 16067 2168 2193 16068 2176 2198 16069 2177 2202 16070 2178 2201 16071 2179 2205 16072 2177 2202 16073 2178 2201 16074 2180 2206 16075 2181 2204 16076 2180 2206 16077 2178 2201 16078 2175 2200 16079 2182 2208 16080 2580 2217 16081 2181 2204 16082 2182 2208 16083 2180 2206 16084 2183 2207 16085 2184 2210 16086 2186 2606 16087 2185 2209 16088 2175 2200 16089 2611 2199 16090 2184 2210 16091 2185 2209 16092 2186 2606 16093 2188 2211 16094 2182 2208 16095 2185 2209 16096 2187 2212 16097 2188 2211 16098 2597 2602 16099 2189 2214 16100 2192 2215 16101 2190 2213 16102 2187 2212 16103 2182 2208 16104 2190 2213 16105 2191 2216 16106 2192 2215 16107 2193 2219 16108 2191 2216 16109 2192 2215 16110 2194 2220 16111 2195 2218 16112 2192 2215 16113 2189 2214 16114 2196 1995 16115 1980 2000 16116 2197 2003 16117 2195 2218 16118 1980 2000 16119 2194 2220 16120 2196 1995 16121 2189 2214 16122 2597 2602 16123 1973 1992 16124 2197 2003 16125 2199 2223 16126 2198 2221 16127 2193 2219 16128 2195 2218 16129 2198 2221 16130 2199 2223 16131 2596 2234 16132 2200 2224 16133 2201 2222 16134 2198 2221 16135 2200 2224 16136 2193 2219 16137 2201 2222 16138 2202 2226 16139 2201 2222 16140 2203 2225 16141 2204 2227 16142 2203 2225 16143 2205 2230 16144 2206 2228 16145 2203 2225 16146 2200 2224 16147 2208 2229 16148 2205 2230 16149 2207 2233 16150 2222 2231 16151 2205 2230 16152 2208 2229 16153 2210 2232 16154 2596 2234 16155 2209 2235 16156 2208 2229 16157 2209 2235 16158 2211 2480 16159 2210 2232 16160 2210 2232 16161 2211 2480 16162 2213 2236 16163 2210 2232 16164 2212 2237 16165 2214 2238 16166 2213 2236 16167 2216 2478 16168 2215 2239 16169 2214 2238 16170 2212 2237 16171 2215 2239 16172 2214 2238 16173 2217 2240 16174 2218 2241 16175 2221 2243 16176 2220 2242 16177 2218 2241 16178 2222 2231 16179 2207 2233 16180 2214 2238 16181 2222 2231 16182 2220 2242 16183 2221 2243 16184 2224 2246 16185 2206 2228 16186 2222 2231 16187 2224 2246 16188 2223 2245 16189 2225 2247 16190 2225 2247 16191 2223 2245 16192 2221 2243 16193 2575 2250 16194 2226 2248 16195 2225 2247 16196 2225 2247 16197 2228 2249 16198 2229 2252 16199 2221 2243 16200 2219 2244 16201 2230 2253 16202 2229 2252 16203 2228 2249 16204 2230 2253 16205 2229 2252 16206 2231 2254 16207 2232 2255 16208 2235 2257 16209 2234 2256 16210 2232 2255 16211 2236 2259 16212 2227 2251 16213 2229 2252 16214 2236 2259 16215 2234 2256 16216 2235 2257 16217 2239 2261 16218 2237 2262 16219 2236 2259 16220 2575 2250 16221 2227 2251 16222 2236 2259 16223 2239 2261 16224 2238 2260 16225 2240 2263 16226 2240 2263 16227 2238 2260 16228 2235 2257 16229 2566 2266 16230 2241 2264 16231 2240 2263 16232 2240 2263 16233 2243 2265 16234 2244 2268 16235 2235 2257 16236 2233 2258 16237 2245 2269 16238 2244 2268 16239 2243 2265 16240 2245 2269 16241 2244 2268 16242 2246 2270 16243 2247 2271 16244 2250 2273 16245 2249 2272 16246 2247 2271 16247 2251 2275 16248 2242 2267 16249 2244 2268 16250 2251 2275 16251 2249 2272 16252 2250 2273 16253 2254 2277 16254 2252 2278 16255 2251 2275 16256 2566 2266 16257 2242 2267 16258 2251 2275 16259 2254 2277 16260 2253 2276 16261 2255 2279 16262 2255 2279 16263 2253 2276 16264 2250 2273 16265 2557 2282 16266 2256 2280 16267 2255 2279 16268 2255 2279 16269 2258 2281 16270 2259 2284 16271 2250 2273 16272 2248 2274 16273 2260 2285 16274 2259 2284 16275 2258 2281 16276 2260 2285 16277 2259 2284 16278 2261 2286 16279 2262 2287 16280 2265 2289 16281 2264 2288 16282 2262 2287 16283 2266 2291 16284 2257 2283 16285 2259 2284 16286 2266 2291 16287 2264 2288 16288 2265 2289 16289 2269 2293 16290 2267 2294 16291 2266 2291 16292 2557 2282 16293 2257 2283 16294 2266 2291 16295 2269 2293 16296 2268 2292 16297 2270 2295 16298 2270 2295 16299 2268 2292 16300 2265 2289 16301 2548 2298 16302 2271 2296 16303 2270 2295 16304 2270 2295 16305 2273 2297 16306 2274 2300 16307 2265 2289 16308 2263 2290 16309 2275 2301 16310 2274 2300 16311 2273 2297 16312 2275 2301 16313 2274 2300 16314 2276 2302 16315 2277 2303 16316 2280 2305 16317 2279 2304 16318 2277 2303 16319 2281 2307 16320 2272 2299 16321 2274 2300 16322 2281 2307 16323 2279 2304 16324 2280 2305 16325 2284 2309 16326 2282 2310 16327 2281 2307 16328 2548 2298 16329 2272 2299 16330 2281 2307 16331 2284 2309 16332 2283 2308 16333 2285 2311 16334 2285 2311 16335 2283 2308 16336 2280 2305 16337 2539 2314 16338 2286 2312 16339 2285 2311 16340 2285 2311 16341 2288 2313 16342 2289 2316 16343 2289 2316 16344 2288 2313 16345 2290 2317 16346 2280 2305 16347 2278 2306 16348 2290 2317 16349 2289 2316 16350 2291 2318 16351 2292 2319 16352 2295 2321 16353 2294 2320 16354 2292 2319 16355 2296 2323 16356 2287 2315 16357 2289 2316 16358 2296 2323 16359 2294 2320 16360 2295 2321 16361 2299 2325 16362 2297 2326 16363 2296 2323 16364 2539 2314 16365 2287 2315 16366 2296 2323 16367 2299 2325 16368 2298 2324 16369 2300 2327 16370 2300 2327 16371 2298 2324 16372 2295 2321 16373 2530 2330 16374 2301 2328 16375 2300 2327 16376 2300 2327 16377 2303 2329 16378 2304 2332 16379 2295 2321 16380 2293 2322 16381 2305 2333 16382 2304 2332 16383 2303 2329 16384 2305 2333 16385 2304 2332 16386 2306 2334 16387 2307 2335 16388 2310 2337 16389 2309 2336 16390 2307 2335 16391 2311 2339 16392 2302 2331 16393 2304 2332 16394 2311 2339 16395 2309 2336 16396 2310 2337 16397 2314 2341 16398 2312 2342 16399 2311 2339 16400 2530 2330 16401 2302 2331 16402 2311 2339 16403 2314 2341 16404 2313 2340 16405 2315 2343 16406 2315 2343 16407 2313 2340 16408 2310 2337 16409 2521 2346 16410 2316 2344 16411 2315 2343 16412 2315 2343 16413 2318 2345 16414 2319 2348 16415 2310 2337 16416 2308 2338 16417 2320 2349 16418 2319 2348 16419 2318 2345 16420 2320 2349 16421 2319 2348 16422 2321 2350 16423 2322 2351 16424 2325 2353 16425 2324 2352 16426 2322 2351 16427 2326 2355 16428 2317 2347 16429 2319 2348 16430 2326 2355 16431 2324 2352 16432 2325 2353 16433 2329 2357 16434 2327 2358 16435 2326 2355 16436 2521 2346 16437 2317 2347 16438 2326 2355 16439 2329 2357 16440 2328 2356 16441 2330 2359 16442 2330 2359 16443 2328 2356 16444 2325 2353 16445 2512 2362 16446 2331 2360 16447 2330 2359 16448 2330 2359 16449 2333 2361 16450 2334 2364 16451 2325 2353 16452 2323 2354 16453 2335 2365 16454 2334 2364 16455 2333 2361 16456 2335 2365 16457 2334 2364 16458 2336 2366 16459 2337 2367 16460 2340 2369 16461 2339 2368 16462 2337 2367 16463 2341 2371 16464 2332 2363 16465 2334 2364 16466 2341 2371 16467 2339 2368 16468 2340 2369 16469 2344 2373 16470 2342 2374 16471 2341 2371 16472 2512 2362 16473 2332 2363 16474 2341 2371 16475 2344 2373 16476 2343 2372 16477 2345 2375 16478 2345 2375 16479 2343 2372 16480 2340 2369 16481 2503 2378 16482 2346 2376 16483 2345 2375 16484 2345 2375 16485 2348 2377 16486 2349 2380 16487 2340 2369 16488 2338 2370 16489 2350 2381 16490 2349 2380 16491 2348 2377 16492 2350 2381 16493 2349 2380 16494 2351 2382 16495 2352 2383 16496 2355 2385 16497 2354 2384 16498 2352 2383 16499 2356 2387 16500 2347 2379 16501 2349 2380 16502 2356 2387 16503 2354 2384 16504 2355 2385 16505 2359 2389 16506 2357 2390 16507 2356 2387 16508 2503 2378 16509 2347 2379 16510 2356 2387 16511 2359 2389 16512 2358 2388 16513 2360 2391 16514 2360 2391 16515 2358 2388 16516 2355 2385 16517 2494 2394 16518 2361 2392 16519 2360 2391 16520 2360 2391 16521 2363 2393 16522 2364 2396 16523 2355 2385 16524 2353 2386 16525 2365 2397 16526 2364 2396 16527 2363 2393 16528 2365 2397 16529 2364 2396 16530 2366 2274 16531 2367 2398 16532 2370 2400 16533 2369 2399 16534 2367 2398 16535 2371 2402 16536 2362 2395 16537 2364 2396 16538 2371 2402 16539 2369 2399 16540 2370 2400 16541 2374 2404 16542 2372 2405 16543 2371 2402 16544 2494 2394 16545 2362 2395 16546 2371 2402 16547 2374 2404 16548 2373 2403 16549 2375 2406 16550 2375 2406 16551 2373 2403 16552 2370 2400 16553 2485 2409 16554 2376 2407 16555 2375 2406 16556 2375 2406 16557 2378 2408 16558 2379 2411 16559 2370 2400 16560 2368 2401 16561 2380 2412 16562 2379 2411 16563 2378 2408 16564 2380 2412 16565 2379 2411 16566 2381 2413 16567 2382 2414 16568 2385 2416 16569 2384 2415 16570 2382 2414 16571 2386 2418 16572 2377 2410 16573 2379 2411 16574 2386 2418 16575 2384 2415 16576 2385 2416 16577 2389 2420 16578 2387 2421 16579 2386 2418 16580 2485 2409 16581 2377 2410 16582 2386 2418 16583 2389 2420 16584 2388 2419 16585 2390 2422 16586 2390 2422 16587 2388 2419 16588 2385 2416 16589 2476 2425 16590 2391 2423 16591 2390 2422 16592 2390 2422 16593 2393 2424 16594 2394 2427 16595 2394 2427 16596 2393 2424 16597 2395 2428 16598 2385 2416 16599 2383 2417 16600 2395 2428 16601 2394 2427 16602 2396 2274 16603 2397 2429 16604 2400 2431 16605 2399 2430 16606 2397 2429 16607 2401 2432 16608 2392 2426 16609 2394 2427 16610 2401 2432 16611 2399 2430 16612 2400 2431 16613 2404 2434 16614 2402 2435 16615 2401 2432 16616 2476 2425 16617 2392 2426 16618 2401 2432 16619 2404 2434 16620 2403 2433 16621 2405 2436 16622 2405 2436 16623 2403 2433 16624 2400 2431 16625 2467 2439 16626 2406 2437 16627 2405 2436 16628 2405 2436 16629 2408 2438 16630 2409 2441 16631 2400 2431 16632 2398 2274 16633 2410 2442 16634 2409 2441 16635 2408 2438 16636 2410 2442 16637 2409 2441 16638 2411 2443 16639 2412 2444 16640 2415 2446 16641 2414 2445 16642 2412 2444 16643 2416 2448 16644 2407 2440 16645 2409 2441 16646 2416 2448 16647 2414 2445 16648 2415 2446 16649 2419 2450 16650 2417 2451 16651 2416 2448 16652 2467 2439 16653 2407 2440 16654 2416 2448 16655 2419 2450 16656 2418 2449 16657 2420 2452 16658 2420 2452 16659 2418 2449 16660 2415 2446 16661 2458 2455 16662 2421 2453 16663 2420 2452 16664 2420 2452 16665 2423 2454 16666 2424 2457 16667 2415 2446 16668 2413 2447 16669 2425 2458 16670 2424 2457 16671 2423 2454 16672 2425 2458 16673 2424 2457 16674 2426 2459 16675 2427 2460 16676 2430 2462 16677 2429 2461 16678 2427 2460 16679 2431 2464 16680 2422 2456 16681 2424 2457 16682 2431 2464 16683 2429 2461 16684 2430 2462 16685 2434 2466 16686 2432 2467 16687 2431 2464 16688 2458 2455 16689 2422 2456 16690 2431 2464 16691 2434 2466 16692 2433 2465 16693 2435 2468 16694 2435 2468 16695 2433 2465 16696 2430 2462 16697 2447 2471 16698 2436 2469 16699 2435 2468 16700 2435 2468 16701 2438 2470 16702 2439 2473 16703 2430 2462 16704 2428 2463 16705 2440 2474 16706 2439 2473 16707 2438 2470 16708 2440 2474 16709 2439 2473 16710 2441 2475 16711 2442 2476 16712 2213 2236 16713 2443 2477 16714 2442 2476 16715 2444 2479 16716 2443 2477 16717 2213 2236 16718 2444 2479 16719 2437 2472 16720 2439 2473 16721 2447 2471 16722 2437 2472 16723 2444 2479 16724 2209 2235 16725 2445 2481 16726 2444 2479 16727 2448 2482 16728 2447 2471 16729 2445 2481 16730 2596 2234 16731 2446 2483 16732 2445 2481 16733 2448 2482 16734 2450 2485 16735 2436 2469 16736 2449 2484 16737 2451 2488 16738 2450 2485 16739 2449 2484 16740 2448 2482 16741 2446 2483 16742 2453 2487 16743 2452 2489 16744 2450 2485 16745 2452 2489 16746 2434 2466 16747 2436 2469 16748 2453 2487 16749 2455 2492 16750 2454 2490 16751 2452 2489 16752 2454 2490 16753 2432 2467 16754 2457 2491 16755 2456 2493 16756 2454 2490 16757 2456 2493 16758 2458 2455 16759 2432 2467 16760 2457 2491 16761 2460 2496 16762 2459 2494 16763 2456 2493 16764 2459 2494 16765 2421 2453 16766 2462 2495 16767 2461 2497 16768 2459 2494 16769 2461 2497 16770 2419 2450 16771 2421 2453 16772 2462 2495 16773 2464 2500 16774 2463 2498 16775 2461 2497 16776 2463 2498 16777 2417 2451 16778 2466 2499 16779 2465 2501 16780 2463 2498 16781 2465 2501 16782 2467 2439 16783 2417 2451 16784 2466 2499 16785 2469 2504 16786 2468 2502 16787 2465 2501 16788 2468 2502 16789 2406 2437 16790 2471 2503 16791 2470 2505 16792 2468 2502 16793 2470 2505 16794 2404 2434 16795 2406 2437 16796 2471 2503 16797 2473 2508 16798 2472 2506 16799 2470 2505 16800 2472 2506 16801 2402 2435 16802 2475 2507 16803 2474 2509 16804 2472 2506 16805 2474 2509 16806 2476 2425 16807 2402 2435 16808 2475 2507 16809 2478 2512 16810 2477 2510 16811 2474 2509 16812 2477 2510 16813 2391 2423 16814 2480 2511 16815 2479 2513 16816 2477 2510 16817 2479 2513 16818 2389 2420 16819 2391 2423 16820 2480 2511 16821 2482 2516 16822 2481 2514 16823 2479 2513 16824 2481 2514 16825 2387 2421 16826 2484 2515 16827 2483 2517 16828 2481 2514 16829 2483 2517 16830 2485 2409 16831 2387 2421 16832 2484 2515 16833 2487 2520 16834 2486 2518 16835 2483 2517 16836 2486 2518 16837 2376 2407 16838 2489 2519 16839 2488 2521 16840 2486 2518 16841 2488 2521 16842 2374 2404 16843 2376 2407 16844 2489 2519 16845 2491 2524 16846 2490 2522 16847 2488 2521 16848 2490 2522 16849 2372 2405 16850 2493 2523 16851 2492 2525 16852 2490 2522 16853 2492 2525 16854 2494 2394 16855 2372 2405 16856 2493 2523 16857 2496 2528 16858 2495 2526 16859 2492 2525 16860 2495 2526 16861 2361 2392 16862 2498 2527 16863 2497 2529 16864 2495 2526 16865 2497 2529 16866 2359 2389 16867 2361 2392 16868 2498 2527 16869 2500 2532 16870 2499 2530 16871 2497 2529 16872 2499 2530 16873 2357 2390 16874 2502 2531 16875 2501 2533 16876 2499 2530 16877 2501 2533 16878 2503 2378 16879 2357 2390 16880 2502 2531 16881 2505 2536 16882 2504 2534 16883 2501 2533 16884 2504 2534 16885 2346 2376 16886 2507 2535 16887 2506 2537 16888 2504 2534 16889 2506 2537 16890 2344 2373 16891 2346 2376 16892 2507 2535 16893 2509 2540 16894 2508 2538 16895 2506 2537 16896 2508 2538 16897 2342 2374 16898 2511 2539 16899 2510 2541 16900 2508 2538 16901 2510 2541 16902 2512 2362 16903 2342 2374 16904 2511 2539 16905 2514 2544 16906 2513 2542 16907 2510 2541 16908 2513 2542 16909 2331 2360 16910 2516 2543 16911 2515 2545 16912 2513 2542 16913 2515 2545 16914 2329 2357 16915 2331 2360 16916 2516 2543 16917 2518 2548 16918 2517 2546 16919 2515 2545 16920 2517 2546 16921 2327 2358 16922 2520 2547 16923 2519 2549 16924 2517 2546 16925 2519 2549 16926 2521 2346 16927 2327 2358 16928 2520 2547 16929 2523 2552 16930 2522 2550 16931 2519 2549 16932 2522 2550 16933 2316 2344 16934 2525 2551 16935 2524 2553 16936 2522 2550 16937 2524 2553 16938 2314 2341 16939 2316 2344 16940 2525 2551 16941 2527 2556 16942 2526 2554 16943 2524 2553 16944 2526 2554 16945 2312 2342 16946 2529 2555 16947 2528 2557 16948 2526 2554 16949 2528 2557 16950 2530 2330 16951 2312 2342 16952 2529 2555 16953 2532 2560 16954 2531 2558 16955 2528 2557 16956 2531 2558 16957 2301 2328 16958 2534 2559 16959 2533 2561 16960 2531 2558 16961 2533 2561 16962 2299 2325 16963 2301 2328 16964 2534 2559 16965 2536 2564 16966 2535 2562 16967 2533 2561 16968 2535 2562 16969 2297 2326 16970 2538 2563 16971 2537 2565 16972 2535 2562 16973 2537 2565 16974 2539 2314 16975 2297 2326 16976 2538 2563 16977 2541 2568 16978 2540 2566 16979 2537 2565 16980 2540 2566 16981 2286 2312 16982 2543 2567 16983 2542 2569 16984 2540 2566 16985 2542 2569 16986 2284 2309 16987 2286 2312 16988 2543 2567 16989 2545 2572 16990 2544 2570 16991 2542 2569 16992 2544 2570 16993 2282 2310 16994 2547 2571 16995 2546 2573 16996 2544 2570 16997 2546 2573 16998 2548 2298 16999 2282 2310 17000 2547 2571 17001 2550 2576 17002 2549 2574 17003 2546 2573 17004 2549 2574 17005 2271 2296 17006 2552 2575 17007 2551 2577 17008 2549 2574 17009 2551 2577 17010 2269 2293 17011 2271 2296 17012 2552 2575 17013 2554 2580 17014 2553 2578 17015 2551 2577 17016 2553 2578 17017 2267 2294 17018 2556 2579 17019 2555 2581 17020 2553 2578 17021 2555 2581 17022 2557 2282 17023 2267 2294 17024 2556 2579 17025 2559 2584 17026 2558 2582 17027 2555 2581 17028 2558 2582 17029 2256 2280 17030 2561 2583 17031 2560 2585 17032 2558 2582 17033 2560 2585 17034 2254 2277 17035 2256 2280 17036 2561 2583 17037 2563 2588 17038 2562 2586 17039 2560 2585 17040 2562 2586 17041 2252 2278 17042 2565 2587 17043 2564 2589 17044 2562 2586 17045 2564 2589 17046 2566 2266 17047 2252 2278 17048 2565 2587 17049 2568 2592 17050 2567 2590 17051 2564 2589 17052 2567 2590 17053 2241 2264 17054 2570 2591 17055 2569 2593 17056 2567 2590 17057 2569 2593 17058 2239 2261 17059 2241 2264 17060 2570 2591 17061 2572 2596 17062 2571 2594 17063 2569 2593 17064 2571 2594 17065 2237 2262 17066 2574 2595 17067 2573 2597 17068 2571 2594 17069 2573 2597 17070 2575 2250 17071 2237 2262 17072 2574 2595 17073 2577 2600 17074 2576 2598 17075 2573 2597 17076 2576 2598 17077 2226 2248 17078 2579 2599 17079 2578 2601 17080 2576 2598 17081 2578 2601 17082 2224 2246 17083 2226 2248 17084 2579 2599 17085 2202 2226 17086 2204 2227 17087 2578 2601 17088 2204 2227 17089 2206 2228 17090 2580 2217 17091 2191 2216 17092 2202 2226 17093 2580 2217 17094 2579 2599 17095 2577 2600 17096 2179 2205 17097 2181 2204 17098 2577 2600 17099 2179 2205 17100 2574 2595 17101 2572 2596 17102 2581 2203 17103 2177 2202 17104 2572 2596 17105 2581 2203 17106 2570 2591 17107 2568 2592 17108 2165 2190 17109 2167 2189 17110 2568 2592 17111 2165 2190 17112 2565 2587 17113 2563 2588 17114 2582 2188 17115 2163 2187 17116 2563 2588 17117 2582 2188 17118 2561 2583 17119 2559 2584 17120 2151 2176 17121 2153 2175 17122 2559 2584 17123 2151 2176 17124 2556 2579 17125 2554 2580 17126 2583 2174 17127 2149 2173 17128 2554 2580 17129 2583 2174 17130 2552 2575 17131 2550 2576 17132 2137 2162 17133 2139 2161 17134 2550 2576 17135 2137 2162 17136 2547 2571 17137 2545 2572 17138 2584 2151 17139 2135 2160 17140 2545 2572 17141 2584 2151 17142 2543 2567 17143 2541 2568 17144 2123 2148 17145 2125 2147 17146 2541 2568 17147 2123 2148 17148 2538 2563 17149 2536 2564 17150 2585 2146 17151 2121 2145 17152 2536 2564 17153 2585 2146 17154 2534 2559 17155 2532 2560 17156 2109 2134 17157 2111 2133 17158 2532 2560 17159 2109 2134 17160 2529 2555 17161 2527 2556 17162 2586 2132 17163 2107 2131 17164 2527 2556 17165 2586 2132 17166 2525 2551 17167 2523 2552 17168 2095 2120 17169 2097 2119 17170 2523 2552 17171 2095 2120 17172 2520 2547 17173 2518 2548 17174 2587 2118 17175 2093 2117 17176 2518 2548 17177 2587 2118 17178 2516 2543 17179 2514 2544 17180 2081 2106 17181 2083 2105 17182 2514 2544 17183 2081 2106 17184 2511 2539 17185 2509 2540 17186 2588 2104 17187 2079 2103 17188 2509 2540 17189 2588 2104 17190 2507 2535 17191 2505 2536 17192 2067 2092 17193 2069 2091 17194 2505 2536 17195 2067 2092 17196 2502 2531 17197 2500 2532 17198 2589 2090 17199 2065 2089 17200 2500 2532 17201 2589 2090 17202 2498 2527 17203 2496 2528 17204 2053 2077 17205 2055 2076 17206 2496 2528 17207 2053 2077 17208 2493 2523 17209 2491 2524 17210 2590 2075 17211 2051 2074 17212 2491 2524 17213 2590 2075 17214 2489 2519 17215 2487 2520 17216 2039 2062 17217 2041 2061 17218 2487 2520 17219 2039 2062 17220 2484 2515 17221 2482 2516 17222 2591 2060 17223 2037 2059 17224 2482 2516 17225 2591 2060 17226 2480 2511 17227 2478 2512 17228 2025 2047 17229 2027 2046 17230 2478 2512 17231 2025 2047 17232 2475 2507 17233 2473 2508 17234 2592 2045 17235 2023 2044 17236 2473 2508 17237 2592 2045 17238 2471 2503 17239 2469 2504 17240 2011 2033 17241 2013 2032 17242 2469 2504 17243 2011 2033 17244 2466 2499 17245 2464 2500 17246 2593 2031 17247 2009 2030 17248 2464 2500 17249 2593 2031 17250 2462 2495 17251 2460 2496 17252 1997 2019 17253 1999 2018 17254 2460 2496 17255 1997 2019 17256 2457 2491 17257 2455 2492 17258 2594 2017 17259 1995 2016 17260 2455 2492 17261 2594 2017 17262 2453 2487 17263 2451 2488 17264 1983 2005 17265 1985 2004 17266 2451 2488 17267 1983 2005 17268 2449 2484 17269 2595 2486 17270 2197 2003 17271 1981 2002 17272 2595 2486 17273 2199 2223 17274 2595 2486 17275 2446 2483 17276 2597 2602 17277 2598 2604 17278 1971 1990 17279 2600 2603 17280 2598 2604 17281 2597 2602 17282 2598 2604 17283 2599 2609 17284 1969 1989 17285 2602 2605 17286 2599 2609 17287 2598 2604 17288 2186 2606 17289 2601 2607 17290 2600 2603 17291 2601 2607 17292 2603 2608 17293 2602 2605 17294 2603 2608 17295 1946 1965 17296 1948 1966 17297 1948 1966 17298 1950 1967 17299 2599 2609 17300 2607 1954 17301 1946 1965 17302 2603 2608 17303 2604 2610 17304 2603 2608 17305 2601 2607 17306 2609 2612 17307 2606 2613 17308 2604 2610 17309 2606 2613 17310 1935 1951 17311 2607 1954 17312 1933 1950 17313 1935 1951 17314 2606 2613 17315 2608 2614 17316 2606 2613 17317 2609 2612 17318 2610 2615 17319 2609 2612 17320 2611 2199 17321 2611 2199 17322 2609 2612 17323 2605 2611 17324 2172 2616 17325 2612 2617 17326 2610 2615 17327 2612 2617 17328 2613 2623 17329 2608 2614 17330 2616 2618 17331 2613 2623 17332 2612 2617 17333 2614 2619 17334 2612 2617 17335 2172 2616 17336 2747 2620 17337 2615 2621 17338 2614 2619 17339 2615 2621 17340 2617 2622 17341 2616 2618 17342 2617 2622 17343 1920 1935 17344 2618 1938 17345 2618 1938 17346 1931 1949 17347 2613 2623 17348 1918 1934 17349 1920 1935 17350 2617 2622 17351 2619 2624 17352 2617 2622 17353 2615 2621 17354 2623 2626 17355 2621 2627 17356 2619 2624 17357 2621 2627 17358 1916 1933 17359 1918 1934 17360 2746 1922 17361 1916 1933 17362 2621 2627 17363 2622 2628 17364 2621 2627 17365 2623 2626 17366 2624 2629 17367 2623 2626 17368 2158 2630 17369 2158 2630 17370 2623 2626 17371 2620 2625 17372 2628 2631 17373 2625 2632 17374 2624 2629 17375 2625 2632 17376 2626 2638 17377 2622 2628 17378 2630 2633 17379 2626 2638 17380 2625 2632 17381 2627 2634 17382 2625 2632 17383 2628 2631 17384 2144 2635 17385 2629 2636 17386 2627 2634 17387 2629 2636 17388 2631 2637 17389 2630 2633 17390 2631 2637 17391 1901 1917 17392 1903 1918 17393 1903 1918 17394 1905 1919 17395 2626 2638 17396 2635 1906 17397 1901 1917 17398 2631 2637 17399 2632 2639 17400 2631 2637 17401 2629 2636 17402 2637 2641 17403 2634 2642 17404 2632 2639 17405 2634 2642 17406 1890 1903 17407 2635 1906 17408 1888 1902 17409 1890 1903 17410 2634 2642 17411 2636 2643 17412 2634 2642 17413 2637 2641 17414 2638 2644 17415 2637 2641 17416 2639 2645 17417 2639 2645 17418 2637 2641 17419 2633 2640 17420 2130 2646 17421 2640 2647 17422 2638 2644 17423 2640 2647 17424 2641 2747 17425 2636 2643 17426 2643 2648 17427 2641 2747 17428 2640 2647 17429 2642 2649 17430 2640 2647 17431 2130 2646 17432 2644 2650 17433 2645 2657 17434 2643 2648 17435 2647 2651 17436 2644 2650 17437 2642 2649 17438 2649 2652 17439 2645 2657 17440 2644 2650 17441 2646 2653 17442 2644 2650 17443 2647 2651 17444 2116 2654 17445 2648 2655 17446 2646 2653 17447 2648 2655 17448 2650 2656 17449 2649 2652 17450 2650 2656 17451 1871 1885 17452 1873 1886 17453 1873 1886 17454 1875 1887 17455 2645 2657 17456 2654 1874 17457 1871 1885 17458 2650 2656 17459 2651 2658 17460 2650 2656 17461 2648 2655 17462 2656 2660 17463 2653 2661 17464 2651 2658 17465 2653 2661 17466 1860 1871 17467 2654 1874 17468 1858 1870 17469 1860 1871 17470 2653 2661 17471 2655 2662 17472 2653 2661 17473 2656 2660 17474 2657 2663 17475 2656 2660 17476 2658 2664 17477 2658 2664 17478 2656 2660 17479 2652 2659 17480 2102 2665 17481 2659 2666 17482 2657 2663 17483 2659 2666 17484 2660 2672 17485 2655 2662 17486 2663 2667 17487 2660 2672 17488 2659 2666 17489 2661 2668 17490 2659 2666 17491 2102 2665 17492 2744 2669 17493 2662 2670 17494 2661 2668 17495 2662 2670 17496 2664 2671 17497 2663 2667 17498 2664 2671 17499 1845 1855 17500 2665 1858 17501 2665 1858 17502 1856 1869 17503 2660 2672 17504 1843 1854 17505 1845 1855 17506 2664 2671 17507 2666 2673 17508 2664 2671 17509 2662 2670 17510 2670 2675 17511 2668 2676 17512 2666 2673 17513 2668 2676 17514 1841 1853 17515 1843 1854 17516 2743 1842 17517 1841 1853 17518 2668 2676 17519 2669 2677 17520 2668 2676 17521 2670 2675 17522 2671 2678 17523 2670 2675 17524 2088 2679 17525 2088 2679 17526 2670 2675 17527 2667 2674 17528 2675 2680 17529 2672 2681 17530 2671 2678 17531 2672 2681 17532 2673 2687 17533 2669 2677 17534 2677 2682 17535 2673 2687 17536 2672 2681 17537 2674 2683 17538 2672 2681 17539 2675 2680 17540 2074 2684 17541 2676 2685 17542 2674 2683 17543 2676 2685 17544 2678 2686 17545 2677 2682 17546 2678 2686 17547 1826 1837 17548 1828 1838 17549 1828 1838 17550 1830 1839 17551 2673 2687 17552 2682 1826 17553 1826 1837 17554 2678 2686 17555 2679 2688 17556 2678 2686 17557 2676 2685 17558 2684 2690 17559 2681 2691 17560 2679 2688 17561 2681 2691 17562 1815 1823 17563 2682 1826 17564 1813 1822 17565 1815 1823 17566 2681 2691 17567 2683 2692 17568 2681 2691 17569 2684 2690 17570 2685 2693 17571 2684 2690 17572 2686 2694 17573 2686 2694 17574 2684 2690 17575 2680 2689 17576 2060 2695 17577 2687 2696 17578 2685 2693 17579 2687 2696 17580 2688 2701 17581 2683 2692 17582 2691 2697 17583 2688 2701 17584 2687 2696 17585 2689 2698 17586 2687 2696 17587 2060 2695 17588 2742 2083 17589 2690 2699 17590 2689 2698 17591 2690 2699 17592 2692 2700 17593 2691 2697 17594 2692 2700 17595 1800 1807 17596 2693 1810 17597 2693 1810 17598 1811 1821 17599 2688 2701 17600 1798 1806 17601 1800 1807 17602 2692 2700 17603 2694 2702 17604 2692 2700 17605 2690 2699 17606 2698 2704 17607 2696 2705 17608 2694 2702 17609 2696 2705 17610 1796 1805 17611 1798 1806 17612 2741 1794 17613 1796 1805 17614 2696 2705 17615 2697 2706 17616 2696 2705 17617 2698 2704 17618 2699 2707 17619 2698 2704 17620 2046 2069 17621 2046 2069 17622 2698 2704 17623 2695 2703 17624 2703 2708 17625 2700 2709 17626 2699 2707 17627 2700 2709 17628 2701 2714 17629 2697 2706 17630 2705 2710 17631 2701 2714 17632 2700 2709 17633 2702 2711 17634 2700 2709 17635 2703 2708 17636 2032 2053 17637 2704 2712 17638 2702 2711 17639 2704 2712 17640 2706 2713 17641 2705 2710 17642 2706 2713 17643 1781 1789 17644 1783 1790 17645 1783 1790 17646 1785 1791 17647 2701 2714 17648 2708 1778 17649 1781 1789 17650 2706 2713 17651 2707 2715 17652 2706 2713 17653 2704 2712 17654 2710 2717 17655 1770 1775 17656 2708 1778 17657 2712 2718 17658 2710 2717 17659 2707 2715 17660 1768 1774 17661 1770 1775 17662 2710 2717 17663 2711 2719 17664 2710 2717 17665 2712 2718 17666 2713 2720 17667 2712 2718 17668 2714 2721 17669 2714 2721 17670 2712 2718 17671 2709 2716 17672 2018 2722 17673 2715 2723 17674 2713 2720 17675 2715 2723 17676 2716 2729 17677 2711 2719 17678 2719 2724 17679 2716 2729 17680 2715 2723 17681 2717 2725 17682 2715 2723 17683 2018 2722 17684 2740 2726 17685 2718 2727 17686 2717 2725 17687 2718 2727 17688 2720 2728 17689 2719 2724 17690 2720 2728 17691 1755 1759 17692 2721 1762 17693 2721 1762 17694 1766 1773 17695 2716 2729 17696 1753 1758 17697 1755 1759 17698 2720 2728 17699 2722 2730 17700 2720 2728 17701 2718 2727 17702 2726 2732 17703 2724 2733 17704 2722 2730 17705 2724 2733 17706 1751 1756 17707 1753 1758 17708 2739 1757 17709 1751 1756 17710 2724 2733 17711 2725 2734 17712 2724 2733 17713 2726 2732 17714 2727 2735 17715 2726 2732 17716 2004 2736 17717 2004 2736 17718 2726 2732 17719 2723 2731 17720 2731 2737 17721 2728 2738 17722 2727 2735 17723 2728 2738 17724 2729 2744 17725 2725 2734 17726 2733 2739 17727 2729 2744 17728 2728 2738 17729 2730 2740 17730 2728 2738 17731 2731 2737 17732 1990 2741 17733 2732 2742 17734 2730 2740 17735 2732 2742 17736 2734 2743 17737 2733 2739 17738 2734 2743 17739 1032 1032 17740 1034 1036 17741 1034 1036 17742 2738 1038 17743 2729 2744 17744 1029 1033 17745 1032 1032 17746 2734 2743 17747 2735 2745 17748 2734 2743 17749 2732 2742 17750 2737 1986 17751 1966 1983 17752 2735 2745 17753 1966 1983 17754 1964 1034 17755 1029 1033 17756 2736 2746 17757 2732 2742 17758 1990 2741 17759 1976 1997 17760 2737 1986 17761 2736 2746 17762 2729 2744 17763 2738 1038 17764 2739 1757 17765 2738 1038 17766 1035 1039 17767 1750 1755 17768 2723 2731 17769 2718 2727 17770 2740 2726 17771 2716 2729 17772 1766 1773 17773 1768 1774 17774 2709 2716 17775 2704 2712 17776 2032 2053 17777 2701 2714 17778 1785 1791 17779 2741 1794 17780 2695 2703 17781 2690 2699 17782 2742 2083 17783 2688 2701 17784 1811 1821 17785 1813 1822 17786 2680 2689 17787 2676 2685 17788 2074 2684 17789 2673 2687 17790 1830 1839 17791 2743 1842 17792 2667 2674 17793 2662 2670 17794 2744 2669 17795 2660 2672 17796 1856 1869 17797 1858 1870 17798 2652 2659 17799 2648 2655 17800 2116 2654 17801 2645 2657 17802 1875 1887 17803 2745 1890 17804 2745 1890 17805 1886 1901 17806 2641 2747 17807 2641 2747 17808 1886 1901 17809 1888 1902 17810 2633 2640 17811 2629 2636 17812 2144 2635 17813 2626 2638 17814 1905 1919 17815 2746 1922 17816 2620 2625 17817 2615 2621 17818 2747 2620 17819 2613 2623 17820 1931 1949 17821 1933 1950 17822 2605 2611 17823 2601 2607 17824 2186 2606 17825 2599 2609 17826 1950 1967 17827 2748 1970 17828 1025 1024 17829 1959 1978 17830 1957 1977 17831 2749 2748 17832 1957 1977 17833 1629 1636 17834 2749 2748 17835 1627 1632 17836 1625 1633 17837 1035 1039 17838 1037 1041 17839 1748 1047 17840 1040 1031 17841 1027 1025 17842 1625 1633 17843 2753 2749 17844 2752 2753 17845 2754 2750 17846 2755 2752 17847 2756 2754 17848 2754 2750 17849 2756 2754 17850 2755 2752 17851 2757 2755 17852 2758 2756 17853 2757 2755 17854 2759 2757 17855 2760 2758 17856 2759 2757 17857 2761 2759 17858 2762 2760 17859 2761 2759 17860 2763 2761 17861 2764 2762 17862 2763 2761 17863 2765 2763 17864 2767 2765 17865 2768 2766 17866 2766 2764 17867 2768 2766 17868 2769 2768 17869 2770 2767 17870 2769 2768 17871 2771 2770 17872 2772 2769 17873 2771 2770 17874 2773 2772 17875 2774 2771 17876 2773 2772 17877 2775 2774 17878 2776 2773 17879 2775 2774 17880 2777 3447 17881 2778 2775 17882 2778 2775 17883 2777 3447 17884 2779 2776 17885 2779 2776 17886 2781 3448 17887 2782 2778 17888 2782 2778 17889 2781 3448 17890 2783 2779 17891 2784 2780 17892 2783 2779 17893 2785 2781 17894 2786 2782 17895 2785 2781 17896 2787 2783 17897 2788 2784 17898 2787 2783 17899 2789 2785 17900 2790 2786 17901 2789 2785 17902 2791 2787 17903 2792 2788 17904 2791 2787 17905 2793 2789 17906 2797 2791 17907 2792 2788 17908 2794 2790 17909 2799 2793 17910 2797 2791 17911 2795 2792 17912 2792 2788 17913 2797 2791 17914 2798 2795 17915 2797 2791 17916 2799 2793 17917 2800 2796 17918 2799 2793 17919 2801 2798 17920 2802 2797 17921 2801 2798 17922 2799 2793 17923 2796 2794 17924 2807 2800 17925 2802 2797 17926 2801 2798 17927 2803 2801 17928 2801 2798 17929 2804 2799 17930 2806 2751 17931 2803 2801 17932 2805 2802 17933 2808 2803 17934 2807 2800 17935 2803 2801 17936 2810 2804 17937 2809 2805 17938 2807 2800 17939 2809 2805 17940 2812 2808 17941 2802 2797 17942 2819 2806 17943 2811 2807 17944 2809 2805 17945 2811 2807 17946 2814 2810 17947 2812 2808 17948 2800 2796 17949 2802 2797 17950 2812 2808 17951 2815 2811 17952 2814 2810 17953 2811 2807 17954 2817 2813 17955 2813 2809 17956 2814 2810 17957 2788 2784 17958 2817 2813 17959 2815 2811 17960 2786 2782 17961 2815 2811 17962 2816 2812 17963 2798 2795 17964 2800 2796 17965 2813 2809 17966 2790 2786 17967 2798 2795 17968 2817 2813 17969 2784 2780 17970 2816 2812 17971 2818 2814 17972 2816 2812 17973 2811 2807 17974 2819 2806 17975 2782 2778 17976 2818 2814 17977 2820 2815 17978 2818 2814 17979 2819 2806 17980 2821 2816 17981 2820 2815 17982 2822 2817 17983 2778 2775 17984 2821 2816 17985 2824 2818 17986 2822 2817 17987 2822 2817 17988 2823 2819 17989 2776 2773 17990 2824 2818 17991 2825 2821 17992 2823 2819 17993 2824 2818 17994 2826 2822 17995 2827 2820 17996 2826 2822 17997 2824 2818 17998 2821 2816 17999 2831 2824 18000 2827 2820 18001 2826 2822 18002 2828 2825 18003 2826 2822 18004 2829 2823 18005 2821 2816 18006 2819 2806 18007 2810 2804 18008 2829 2823 18009 2810 2804 18010 2808 2803 18011 2830 2826 18012 2808 2803 18013 2806 2751 18014 2756 2754 18015 2828 2825 18016 2830 2826 18017 2758 2756 18018 2831 2824 18019 2828 2825 18020 2760 2758 18021 2832 2827 18022 2831 2824 18023 2832 2827 18024 2834 2829 18025 2827 2820 18026 2762 2760 18027 2833 2828 18028 2832 2827 18029 2833 2828 18030 2836 2831 18031 2834 2829 18032 2827 2820 18033 2834 2829 18034 2835 2830 18035 2837 2832 18036 2839 2834 18037 2835 2830 18038 2838 2833 18039 2837 2832 18040 2836 2831 18041 2772 2769 18042 2774 2771 18043 2839 2834 18044 2770 2767 18045 2772 2769 18046 2837 2832 18047 2823 2819 18048 2839 2834 18049 2774 2771 18050 2825 2821 18051 2835 2830 18052 2839 2834 18053 2766 2764 18054 2770 2767 18055 2838 2833 18056 2764 2762 18057 2838 2833 18058 2833 2828 18059 2840 2835 18060 2843 2842 18061 3331 2836 18062 2842 2838 18063 2840 2835 18064 2841 2837 18065 2842 2838 18066 2847 2843 18067 2844 2840 18068 2840 2835 18069 2844 2840 18070 2846 2841 18071 2847 2843 18072 2848 2870 18073 2845 2844 18074 2845 2844 18075 2880 2875 18076 2846 2841 18077 2850 2845 18078 2848 2870 18079 2847 2843 18080 2842 2838 18081 2852 2849 18082 2849 2846 18083 2851 2847 18084 2869 2865 18085 2850 2845 18086 2853 2848 18087 2851 2847 18088 2849 2846 18089 2842 2838 18090 2856 2839 18091 2854 2850 18092 2853 2848 18093 2852 2849 18094 2854 2850 18095 2853 2848 18096 2855 2851 18097 2857 2852 18098 2861 2854 18099 2858 2853 18100 2857 2852 18101 2861 2854 18102 2859 2855 18103 2860 2856 18104 2861 2854 18105 2862 2857 18106 2865 2858 18107 2861 2854 18108 2863 2859 18109 2866 2860 18110 2863 2859 18111 2864 2863 18112 2867 2861 18113 3131 2862 18114 2864 2863 18115 2863 2859 18116 2867 2861 18117 2869 2865 18118 2851 2847 18119 2853 2848 18120 2858 2853 18121 2866 2860 18122 2864 2863 18123 3129 3129 18124 2868 2864 18125 2868 2864 18126 2870 2867 18127 2869 2865 18128 2869 2865 18129 2870 2867 18130 2872 2866 18131 2870 2867 18132 2871 3127 18133 2873 2868 18134 3126 2869 18135 2871 3127 18136 2870 2867 18137 2872 2866 18138 2874 2871 18139 2848 2870 18140 2873 2868 18141 2875 3126 18142 2874 2871 18143 2874 2871 18144 2875 3126 18145 2877 2872 18146 2848 2870 18147 2874 2871 18148 2876 2873 18149 2877 2872 18150 2879 2890 18151 2878 2874 18152 2876 2873 18153 2878 2874 18154 2880 2875 18155 2878 2874 18156 2879 2890 18157 2883 2876 18158 2880 2875 18159 2878 2874 18160 2881 2877 18161 2881 2877 18162 2884 2880 18163 2885 2879 18164 2883 2876 18165 2887 2884 18166 2884 2880 18167 2885 2879 18168 2884 2880 18169 2886 2881 18170 2884 2880 18171 2887 2884 18172 2888 2883 18173 2887 2884 18174 2889 2887 18175 2890 2885 18176 2892 2886 18177 2889 2887 18178 2887 2884 18179 2889 2887 18180 2891 2894 18181 2910 2888 18182 2894 2889 18183 2891 2894 18184 2889 2887 18185 2879 2890 18186 2893 2891 18187 2892 2886 18188 2893 2891 18189 2895 2892 18190 2894 2889 18191 2895 2892 18192 2898 2897 18193 2896 2893 18194 2896 2893 18195 2899 2896 18196 2891 2894 18197 2897 2895 18198 2901 3449 18199 2899 2896 18200 2898 2897 18201 3122 3125 18202 2897 2895 18203 2899 2896 18204 2901 3449 18205 2902 2898 18206 2891 2894 18207 2899 2896 18208 2900 2899 18209 2902 2898 18210 2903 3450 18211 2905 2900 18212 2905 2900 18213 2903 3450 18214 2904 2901 18215 2907 2903 18216 2905 2900 18217 2906 2902 18218 2900 2899 18219 2905 2900 18220 2907 2903 18221 2910 2888 18222 2907 2903 18223 2908 2905 18224 2908 2905 18225 2907 2903 18226 2909 2904 18227 2909 2904 18228 2912 2908 18229 2913 2907 18230 2906 2902 18231 2915 2912 18232 2912 2908 18233 2913 2907 18234 2912 2908 18235 2914 2909 18236 2912 2908 18237 2915 2912 18238 2916 2911 18239 2915 2912 18240 2917 3451 18241 2918 2913 18242 2904 2901 18243 2917 3451 18244 2915 2912 18245 2918 2913 18246 2919 3452 18247 2921 2914 18248 2921 2914 18249 2919 3452 18250 2920 2915 18251 2923 2917 18252 2921 2914 18253 2922 2916 18254 2916 2911 18255 2921 2914 18256 2923 2917 18257 2914 2909 18258 2923 2917 18259 2924 2919 18260 2924 2919 18261 2923 2917 18262 2925 2918 18263 2925 2918 18264 2927 2922 18265 2928 2921 18266 2922 2916 18267 2930 2926 18268 2927 2922 18269 2928 2921 18270 2927 2922 18271 2929 2923 18272 2927 2922 18273 2930 2926 18274 2931 2925 18275 2930 2926 18276 2932 3453 18277 2933 2927 18278 2920 2915 18279 2932 3453 18280 2930 2926 18281 2933 2927 18282 2934 3454 18283 2936 2928 18284 2936 2928 18285 2934 3454 18286 2935 2929 18287 2938 2931 18288 2936 2928 18289 2937 2930 18290 2931 2925 18291 2936 2928 18292 2938 2931 18293 2929 2923 18294 2938 2931 18295 2939 2933 18296 2939 2933 18297 2938 2931 18298 2940 2932 18299 2940 2932 18300 2942 2936 18301 2943 2935 18302 2937 2930 18303 2945 2940 18304 2942 2936 18305 2943 2935 18306 2942 2936 18307 2944 2937 18308 2942 2936 18309 2945 2940 18310 2946 2939 18311 2945 2940 18312 2947 3455 18313 2948 2941 18314 2935 2929 18315 2947 3455 18316 2945 2940 18317 2948 2941 18318 2949 3456 18319 2951 2942 18320 2951 2942 18321 2949 3456 18322 2950 2943 18323 2953 2945 18324 2951 2942 18325 2952 2944 18326 2946 2939 18327 2951 2942 18328 2953 2945 18329 2944 2937 18330 2953 2945 18331 2954 2947 18332 2954 2947 18333 2953 2945 18334 2955 2946 18335 2955 2946 18336 2957 2950 18337 2958 2949 18338 2952 2944 18339 2960 2954 18340 2957 2950 18341 2958 2949 18342 2957 2950 18343 2959 2951 18344 2957 2950 18345 2960 2954 18346 2961 2953 18347 2960 2954 18348 2962 3457 18349 2963 2955 18350 2950 2943 18351 2962 3457 18352 2960 2954 18353 2963 2955 18354 2964 3458 18355 2966 2956 18356 2966 2956 18357 2964 3458 18358 2965 2957 18359 2968 2959 18360 2966 2956 18361 2967 2958 18362 2961 2953 18363 2966 2956 18364 2968 2959 18365 2959 2951 18366 2968 2959 18367 2969 2961 18368 2969 2961 18369 2968 2959 18370 2970 2960 18371 2970 2960 18372 2972 2964 18373 2973 2963 18374 2967 2958 18375 2975 2968 18376 2972 2964 18377 2973 2963 18378 2972 2964 18379 2974 2965 18380 2972 2964 18381 2975 2968 18382 2976 2967 18383 2975 2968 18384 2977 3459 18385 2978 2969 18386 2965 2957 18387 2977 3459 18388 2975 2968 18389 2978 2969 18390 2979 3460 18391 2981 2970 18392 2981 2970 18393 2979 3460 18394 2980 2971 18395 2983 2973 18396 2981 2970 18397 2982 2972 18398 2976 2967 18399 2981 2970 18400 2983 2973 18401 2974 2965 18402 2983 2973 18403 2984 2975 18404 2984 2975 18405 2983 2973 18406 2985 2974 18407 2985 2974 18408 2987 2978 18409 2988 2977 18410 2982 2972 18411 2990 2982 18412 2987 2978 18413 2988 2977 18414 2987 2978 18415 2989 2979 18416 2987 2978 18417 2990 2982 18418 2991 2981 18419 2990 2982 18420 2992 3461 18421 2993 2983 18422 2980 2971 18423 2992 3461 18424 2990 2982 18425 2993 2983 18426 2994 3462 18427 2996 2984 18428 2996 2984 18429 2994 3462 18430 2995 2985 18431 2998 2987 18432 2996 2984 18433 2997 2986 18434 2991 2981 18435 2996 2984 18436 2998 2987 18437 2989 2979 18438 2998 2987 18439 2999 2989 18440 2999 2989 18441 2998 2987 18442 3000 2988 18443 3000 2988 18444 3002 2992 18445 3003 2991 18446 2997 2986 18447 3005 2996 18448 3002 2992 18449 3003 2991 18450 3002 2992 18451 3004 2993 18452 3002 2992 18453 3005 2996 18454 3006 2995 18455 3005 2996 18456 3007 3463 18457 3008 2997 18458 2995 2985 18459 3007 3463 18460 3005 2996 18461 3008 2997 18462 3009 3464 18463 3011 2998 18464 3011 2998 18465 3009 3464 18466 3010 2999 18467 3013 3001 18468 3011 2998 18469 3012 3000 18470 3006 2995 18471 3011 2998 18472 3013 3001 18473 3004 2993 18474 3013 3001 18475 3014 3003 18476 3014 3003 18477 3013 3001 18478 3015 3002 18479 3015 3002 18480 3017 3006 18481 3018 3005 18482 3012 3000 18483 3020 3010 18484 3017 3006 18485 3018 3005 18486 3017 3006 18487 3019 3007 18488 3017 3006 18489 3020 3010 18490 3022 3009 18491 3020 3010 18492 3012 3000 18493 3010 2999 18494 3020 3010 18495 3021 3011 18496 3023 3012 18497 3024 3013 18498 3022 3009 18499 3023 3012 18500 3022 3009 18501 3024 3013 18502 3027 3015 18503 3024 3013 18504 3025 3014 18505 3468 3016 18506 3027 3015 18507 3024 3013 18508 3026 3017 18509 3019 3007 18510 3027 3015 18511 3028 3019 18512 3028 3019 18513 3027 3015 18514 3029 3018 18515 3029 3018 18516 3031 3022 18517 3032 3021 18518 3026 3017 18519 3034 3026 18520 3031 3022 18521 3032 3021 18522 3031 3022 18523 3033 3023 18524 3031 3022 18525 3034 3026 18526 3036 3025 18527 3034 3026 18528 3026 3017 18529 3468 3016 18530 3034 3026 18531 3035 3027 18532 3037 3028 18533 3038 3029 18534 3036 3025 18535 3037 3028 18536 3036 3025 18537 3038 3029 18538 3041 3031 18539 3038 3029 18540 3039 3030 18541 3467 3032 18542 3041 3031 18543 3038 3029 18544 3040 3033 18545 3033 3023 18546 3041 3031 18547 3042 3035 18548 3042 3035 18549 3041 3031 18550 3043 3034 18551 3043 3034 18552 3045 3038 18553 3046 3037 18554 3040 3033 18555 3048 3042 18556 3045 3038 18557 3046 3037 18558 3045 3038 18559 3047 3039 18560 3045 3038 18561 3048 3042 18562 3050 3041 18563 3048 3042 18564 3040 3033 18565 3467 3032 18566 3048 3042 18567 3049 3043 18568 3051 3044 18569 3052 3045 18570 3050 3041 18571 3051 3044 18572 3050 3041 18573 3052 3045 18574 3055 3047 18575 3052 3045 18576 3053 3046 18577 3466 3048 18578 3055 3047 18579 3052 3045 18580 3054 3049 18581 3047 3039 18582 3055 3047 18583 3056 3051 18584 3056 3051 18585 3055 3047 18586 3057 3050 18587 3057 3050 18588 3059 3054 18589 3060 3053 18590 3054 3049 18591 3062 3058 18592 3059 3054 18593 3060 3053 18594 3059 3054 18595 3061 3055 18596 3059 3054 18597 3062 3058 18598 3064 3057 18599 3062 3058 18600 3054 3049 18601 3466 3048 18602 3062 3058 18603 3063 3059 18604 3065 3060 18605 3066 3061 18606 3064 3057 18607 3065 3060 18608 3064 3057 18609 3066 3061 18610 3069 3063 18611 3066 3061 18612 3067 3062 18613 3465 3064 18614 3069 3063 18615 3066 3061 18616 3068 3065 18617 3061 3055 18618 3069 3063 18619 3070 3067 18620 3070 3067 18621 3069 3063 18622 3071 3066 18623 3071 3066 18624 3073 3070 18625 3074 3069 18626 3068 3065 18627 3076 3074 18628 3073 3070 18629 3074 3069 18630 3073 3070 18631 3075 3071 18632 3073 3070 18633 3076 3074 18634 3078 3073 18635 3076 3074 18636 3068 3065 18637 3465 3064 18638 3076 3074 18639 3077 3075 18640 3079 3076 18641 3080 3077 18642 3078 3073 18643 3079 3076 18644 3078 3073 18645 3080 3077 18646 3083 3079 18647 3080 3077 18648 3081 3078 18649 3464 3080 18650 3083 3079 18651 3080 3077 18652 3082 3081 18653 3075 3071 18654 3083 3079 18655 3084 3083 18656 3084 3083 18657 3083 3079 18658 3085 3082 18659 3085 3082 18660 3087 3086 18661 3088 3085 18662 3082 3081 18663 3090 3090 18664 3087 3086 18665 3088 3085 18666 3087 3086 18667 3089 3087 18668 3087 3086 18669 3090 3090 18670 3092 3089 18671 3090 3090 18672 3082 3081 18673 3464 3080 18674 3090 3090 18675 3091 3091 18676 3093 3092 18677 3094 3093 18678 3092 3089 18679 3093 3092 18680 3092 3089 18681 3094 3093 18682 3097 3095 18683 3094 3093 18684 3095 3094 18685 3463 3096 18686 3097 3095 18687 3094 3093 18688 3096 3097 18689 3089 3087 18690 3097 3095 18691 3098 3099 18692 3098 3099 18693 3097 3095 18694 3099 3098 18695 3099 3098 18696 3101 3102 18697 3102 3101 18698 3096 3097 18699 3104 3106 18700 3101 3102 18701 3102 3101 18702 3101 3102 18703 3103 3103 18704 3101 3102 18705 3104 3106 18706 3106 3105 18707 3104 3106 18708 3096 3097 18709 3463 3096 18710 3104 3106 18711 3105 3107 18712 3107 3108 18713 3108 3109 18714 3106 3105 18715 3107 3108 18716 3106 3105 18717 3108 3109 18718 3111 3111 18719 3108 3109 18720 3109 3110 18721 3123 3112 18722 3111 3111 18723 3108 3109 18724 3110 3113 18725 3103 3103 18726 3111 3111 18727 3112 3115 18728 3112 3115 18729 3111 3111 18730 3113 3114 18731 3113 3114 18732 3115 3118 18733 3116 3117 18734 3110 3113 18735 3118 3122 18736 3115 3118 18737 3116 3117 18738 3115 3118 18739 3117 3119 18740 3115 3118 18741 3118 3122 18742 3120 3121 18743 3118 3122 18744 3110 3113 18745 3123 3112 18746 3118 3122 18747 3119 3123 18748 3121 3124 18749 2898 2897 18750 3120 3121 18751 3121 3124 18752 3120 3121 18753 2898 2897 18754 2895 2892 18755 3117 3119 18756 2895 2892 18757 2893 2891 18758 3124 3120 18759 2893 2891 18760 2879 2890 18761 2875 3126 18762 3116 3117 18763 3124 3120 18764 3114 3116 18765 3116 3117 18766 2875 3126 18767 2871 3127 18768 3112 3115 18769 3114 3116 18770 3125 3104 18771 3112 3115 18772 2871 3127 18773 3127 3128 18774 3102 3101 18775 3125 3104 18776 3129 3129 18777 3127 3128 18778 3126 2869 18779 3100 3100 18780 3102 3101 18781 3127 3128 18782 3128 3130 18783 3127 3128 18784 3129 3129 18785 3130 3131 18786 3129 3129 18787 2864 2863 18788 3135 3132 18789 3132 3133 18790 3130 3131 18791 3132 3133 18792 3133 3436 18793 3128 3130 18794 3451 3134 18795 3133 3436 18796 3132 3133 18797 3134 3135 18798 3132 3133 18799 3135 3132 18800 3136 3136 18801 3135 3132 18802 3137 3137 18803 3137 3137 18804 3135 3132 18805 3131 2862 18806 3139 3139 18807 3140 3141 18808 3138 3138 18809 3139 3139 18810 3137 3137 18811 2865 2858 18812 3139 3139 18813 3141 3142 18814 3142 3140 18815 3139 3139 18816 2862 2857 18817 2860 2856 18818 3145 3143 18819 3140 3141 18820 3142 3140 18821 3145 3143 18822 3143 3144 18823 3144 3145 18824 3145 3143 18825 3146 3146 18826 3149 3147 18827 3145 3143 18828 3147 3148 18829 3138 3138 18830 3147 3148 18831 3148 3433 18832 3136 3136 18833 3150 3149 18834 3148 3433 18835 3147 3148 18836 3151 3150 18837 3152 3429 18838 3150 3149 18839 3154 3151 18840 3151 3150 18841 3149 3147 18842 3443 3152 18843 3152 3429 18844 3151 3150 18845 3154 3151 18846 3155 3155 18847 3153 3153 18848 3154 3151 18849 3156 3156 18850 3157 3154 18851 3154 3151 18852 3146 3146 18853 3144 3145 18854 3160 3157 18855 3155 3155 18856 3157 3154 18857 3161 3159 18858 3160 3157 18859 3158 3158 18860 3160 3157 18861 3161 3159 18862 3164 3161 18863 3160 3157 18864 3162 3162 18865 3153 3153 18866 3162 3162 18867 3163 3426 18868 3443 3152 18869 3165 3163 18870 3163 3426 18871 3162 3162 18872 3166 3164 18873 3167 3421 18874 3165 3163 18875 3169 3165 18876 3166 3164 18877 3164 3161 18878 3434 3166 18879 3167 3421 18880 3166 3164 18881 3169 3165 18882 3170 3169 18883 3168 3167 18884 3169 3165 18885 3171 3170 18886 3172 3168 18887 3169 3165 18888 3161 3159 18889 3159 3160 18890 3175 3171 18891 3170 3169 18892 3172 3168 18893 3175 3171 18894 3173 3172 18895 3174 3173 18896 3175 3171 18897 3176 3174 18898 3179 3175 18899 3175 3171 18900 3177 3176 18901 3168 3167 18902 3177 3176 18903 3178 3417 18904 3434 3166 18905 3180 3177 18906 3178 3417 18907 3177 3176 18908 3181 3178 18909 3182 3413 18910 3180 3177 18911 3184 3179 18912 3181 3178 18913 3179 3175 18914 3425 3180 18915 3182 3413 18916 3181 3178 18917 3184 3179 18918 3185 3183 18919 3183 3181 18920 3184 3179 18921 3186 3184 18922 3187 3182 18923 3186 3184 18924 3184 3179 18925 3176 3174 18926 3188 3185 18927 3190 3186 18928 3185 3183 18929 3190 3186 18930 3188 3185 18931 3189 3187 18932 3191 3188 18933 3194 3191 18934 3192 3189 18935 3185 3183 18936 3190 3186 18937 3192 3189 18938 3192 3189 18939 3193 3409 18940 3425 3180 18941 3195 3190 18942 3193 3409 18943 3192 3189 18944 3196 3192 18945 3197 3405 18946 3195 3190 18947 3191 3188 18948 3199 3196 18949 3196 3192 18950 3416 3193 18951 3197 3405 18952 3196 3192 18953 3200 3195 18954 3198 3194 18955 3196 3192 18956 3199 3196 18957 3201 3198 18958 3202 3197 18959 3199 3196 18960 3191 3188 18961 3189 3187 18962 3205 3199 18963 3200 3195 18964 3202 3197 18965 3206 3201 18966 3205 3199 18967 3203 3200 18968 3205 3199 18969 3206 3201 18970 3209 3203 18971 3205 3199 18972 3207 3204 18973 3198 3194 18974 3207 3204 18975 3208 3401 18976 3416 3193 18977 3210 3205 18978 3208 3401 18979 3207 3204 18980 3211 3206 18981 3212 3397 18982 3210 3205 18983 3214 3207 18984 3211 3206 18985 3209 3203 18986 3407 3208 18987 3212 3397 18988 3211 3206 18989 3214 3207 18990 3215 3211 18991 3213 3209 18992 3214 3207 18993 3216 3212 18994 3217 3210 18995 3214 3207 18996 3206 3201 18997 3204 3202 18998 3220 3213 18999 3215 3211 19000 3217 3210 19001 3220 3213 19002 3218 3214 19003 3219 3215 19004 3220 3213 19005 3221 3216 19006 3224 3217 19007 3220 3213 19008 3222 3218 19009 3213 3209 19010 3222 3218 19011 3223 3393 19012 3407 3208 19013 3225 3219 19014 3223 3393 19015 3222 3218 19016 3226 3220 19017 3227 3394 19018 3225 3219 19019 3229 3221 19020 3226 3220 19021 3224 3217 19022 3458 3222 19023 3227 3394 19024 3226 3220 19025 3228 3223 19026 3226 3220 19027 3229 3221 19028 3219 3215 19029 3231 3226 19030 3229 3221 19031 3232 3225 19032 3230 3224 19033 3229 3221 19034 3232 3225 19035 3233 3229 19036 3235 3227 19037 3234 3228 19038 3236 3231 19039 3235 3227 19040 3235 3227 19041 3237 3232 19042 3228 3223 19043 3239 3230 19044 3237 3232 19045 3235 3227 19046 3237 3232 19047 3238 3383 19048 3458 3222 19049 3240 3233 19050 3238 3383 19051 3237 3232 19052 3241 3234 19053 3242 3378 19054 3240 3233 19055 3244 3235 19056 3241 3234 19057 3239 3230 19058 3392 3236 19059 3242 3378 19060 3241 3234 19061 3243 3237 19062 3241 3234 19063 3244 3235 19064 3234 3228 19065 3246 3240 19066 3244 3235 19067 3247 3239 19068 3245 3238 19069 3244 3235 19070 3247 3239 19071 3248 3243 19072 3250 3241 19073 3249 3242 19074 3251 3245 19075 3250 3241 19076 3252 3244 19077 3243 3237 19078 3245 3238 19079 3251 3245 19080 3254 3247 19081 3252 3244 19082 3252 3244 19083 3253 3379 19084 3392 3236 19085 3255 3246 19086 3253 3379 19087 3252 3244 19088 3256 3248 19089 3257 3368 19090 3255 3246 19091 3256 3248 19092 3254 3247 19093 3251 3245 19094 3381 3250 19095 3257 3368 19096 3256 3248 19097 3260 3252 19098 3258 3251 19099 3256 3248 19100 3249 3242 19101 3261 3253 19102 3259 3249 19103 3261 3253 19104 3262 3465 19105 3260 3252 19106 3263 3254 19107 3265 3257 19108 3258 3251 19109 3267 3255 19110 3265 3257 19111 3263 3254 19112 3265 3257 19113 3266 3363 19114 3381 3250 19115 3268 3258 19116 3266 3363 19117 3265 3257 19118 3269 3259 19119 3270 3364 19120 3268 3258 19121 3272 3260 19122 3269 3259 19123 3267 3255 19124 3460 3261 19125 3270 3364 19126 3269 3259 19127 3271 3262 19128 3269 3259 19129 3272 3260 19130 3274 3264 19131 3276 3267 19132 3271 3262 19133 3278 3265 19134 3276 3267 19135 3274 3264 19136 3276 3267 19137 3277 3352 19138 3460 3261 19139 3279 3268 19140 3277 3352 19141 3276 3267 19142 3280 3269 19143 3281 3348 19144 3279 3268 19145 3283 3270 19146 3280 3269 19147 3278 3265 19148 3364 3271 19149 3281 3348 19150 3280 3269 19151 3282 3272 19152 3280 3269 19153 3283 3270 19154 3285 3274 19155 3287 3277 19156 3282 3272 19157 3289 3275 19158 3287 3277 19159 3285 3274 19160 3287 3277 19161 3288 3349 19162 3364 3271 19163 3290 3278 19164 3288 3349 19165 3287 3277 19166 3291 3279 19167 3292 3336 19168 3290 3278 19169 3294 3280 19170 3291 3279 19171 3289 3275 19172 3350 3281 19173 3292 3336 19174 3291 3279 19175 3293 3282 19176 3291 3279 19177 3294 3280 19178 3297 3284 19179 3298 3287 19180 3296 3285 19181 3296 3285 19182 3349 3334 19183 3293 3282 19184 3299 3286 19185 3300 3289 19186 3296 3285 19187 3299 3286 19188 3301 3291 19189 3303 3288 19190 3302 3290 19191 3304 3294 19192 3303 3288 19193 3303 3288 19194 3305 3295 19195 3306 3292 19196 3308 3293 19197 3305 3295 19198 3303 3288 19199 3305 3295 19200 3307 3328 19201 3347 3296 19202 3309 3297 19203 3307 3328 19204 3305 3295 19205 3310 3298 19206 3311 3329 19207 3309 3297 19208 3313 3299 19209 3310 3298 19210 3308 3293 19211 3332 3300 19212 3311 3329 19213 3310 3298 19214 3314 3302 19215 3312 3301 19216 3310 3298 19217 3302 3290 19218 3315 3304 19219 3313 3299 19220 3316 3303 19221 3314 3302 19222 3313 3299 19223 3316 3303 19224 3317 3307 19225 3319 3305 19226 3318 3306 19227 3320 3309 19228 3319 3305 19229 3319 3305 19230 3321 3310 19231 3312 3301 19232 3323 3308 19233 3321 3310 19234 3319 3305 19235 3321 3310 19236 3322 3317 19237 3332 3300 19238 3324 2882 19239 3322 3317 19240 3321 3310 19241 3325 3311 19242 2885 2879 19243 3324 2882 19244 3325 3311 19245 3323 3308 19246 3320 3309 19247 2882 2878 19248 2885 2879 19249 3325 3311 19250 3328 3314 19251 3326 3313 19252 3325 3311 19253 3329 3315 19254 3327 3312 19255 3320 3309 19256 3330 3316 19257 3328 3314 19258 3327 3312 19259 2843 2842 19260 3328 3314 19261 3330 3316 19262 3328 3314 19263 2843 2842 19264 2846 2841 19265 2846 2841 19266 2880 2875 19267 2882 2878 19268 2886 2881 19269 3333 3319 19270 3322 3317 19271 3322 3317 19272 3333 3319 19273 3334 3318 19274 3333 3319 19275 3335 3321 19276 3336 3320 19277 2888 2883 19278 3335 3321 19279 3333 3319 19280 3335 3321 19281 2908 2905 19282 2911 2906 19283 2890 2885 19284 2908 2905 19285 3335 3321 19286 2911 2906 19287 2913 2907 19288 3337 3322 19289 3336 3320 19290 3337 3322 19291 3338 3323 19292 3338 3323 19293 3337 3322 19294 3339 3324 19295 3337 3322 19296 2913 2907 19297 3340 2910 19298 3340 2910 19299 2924 2919 19300 3341 3326 19301 3339 3324 19302 3341 3326 19303 3343 3327 19304 3342 3325 19305 3343 3327 19306 3307 3328 19307 3311 3329 19308 3338 3323 19309 3342 3325 19310 3307 3328 19311 3343 3327 19312 3344 3330 19313 3343 3327 19314 3341 3326 19315 3345 3331 19316 3345 3331 19317 3462 3446 19318 3346 3332 19319 3344 3330 19320 3346 3332 19321 3348 3333 19322 3347 3296 19323 3348 3333 19324 3349 3334 19325 3349 3334 19326 3348 3333 19327 3350 3281 19328 3348 3333 19329 3346 3332 19330 3351 3335 19331 3351 3335 19332 3353 3338 19333 3292 3336 19334 3346 3332 19335 3462 3446 19336 3352 3337 19337 3352 3337 19338 3355 3341 19339 3353 3338 19340 3292 3336 19341 3353 3338 19342 3354 3339 19343 3353 3338 19344 3355 3341 19345 3356 3340 19346 3355 3341 19347 2939 2933 19348 2941 2934 19349 3461 2924 19350 2939 2933 19351 3355 3341 19352 2941 2934 19353 2943 2935 19354 3357 3342 19355 3356 3340 19356 3357 3342 19357 3358 3343 19358 3358 3343 19359 3357 3342 19360 3359 3344 19361 3357 3342 19362 2943 2935 19363 3360 2938 19364 3360 2938 19365 2954 2947 19366 3361 3346 19367 3359 3344 19368 3361 3346 19369 3363 3347 19370 3362 3345 19371 3363 3347 19372 3281 3348 19373 3288 3349 19374 3358 3343 19375 3362 3345 19376 3281 3348 19377 3363 3347 19378 3365 3350 19379 3363 3347 19380 3361 3346 19381 3366 3351 19382 3365 3350 19383 3367 3353 19384 3277 3352 19385 3366 3351 19386 3369 3356 19387 3367 3353 19388 3277 3352 19389 3367 3353 19390 3368 3354 19391 3367 3353 19392 3369 3356 19393 3370 3355 19394 3369 3356 19395 2958 2949 19396 3371 2952 19397 2956 2948 19398 2958 2949 19399 3369 3356 19400 3371 2952 19401 2969 2961 19402 3372 3357 19403 3370 3355 19404 3372 3357 19405 3373 3358 19406 3373 3358 19407 3372 3357 19408 3374 3359 19409 3372 3357 19410 2969 2961 19411 2971 2962 19412 2971 2962 19413 2973 2963 19414 3375 3361 19415 3374 3359 19416 3375 3361 19417 3377 3362 19418 3376 3360 19419 3377 3362 19420 3266 3363 19421 3270 3364 19422 3373 3358 19423 3376 3360 19424 3266 3363 19425 3377 3362 19426 3378 3365 19427 3377 3362 19428 3375 3361 19429 3379 3366 19430 3379 3366 19431 3383 3371 19432 3380 3367 19433 3378 3365 19434 3380 3367 19435 3257 3368 19436 3257 3368 19437 3380 3367 19438 3382 3369 19439 3380 3367 19440 3383 3371 19441 3384 3370 19442 3383 3371 19443 2984 2975 19444 2986 2976 19445 3459 2966 19446 2984 2975 19447 3383 3371 19448 2986 2976 19449 2988 2977 19450 3385 3372 19451 3384 3370 19452 3385 3372 19453 3386 3373 19454 3386 3373 19455 3385 3372 19456 3387 3374 19457 3385 3372 19458 2988 2977 19459 3388 2980 19460 3388 2980 19461 2999 2989 19462 3389 3376 19463 3387 3374 19464 3389 3376 19465 3391 3377 19466 3390 3375 19467 3391 3377 19468 3242 3378 19469 3253 3379 19470 3386 3373 19471 3390 3375 19472 3242 3378 19473 3391 3377 19474 3393 3380 19475 3391 3377 19476 3389 3376 19477 3394 3381 19478 3394 3381 19479 3397 3386 19480 3395 3382 19481 3393 3380 19482 3395 3382 19483 3238 3383 19484 3238 3383 19485 3395 3382 19486 3396 3384 19487 3395 3382 19488 3397 3386 19489 3398 3385 19490 3397 3386 19491 3003 2991 19492 3399 2994 19493 3001 2990 19494 3003 2991 19495 3397 3386 19496 3399 2994 19497 3014 3003 19498 3400 3387 19499 3398 3385 19500 3400 3387 19501 3401 3388 19502 3401 3388 19503 3400 3387 19504 3402 3389 19505 3400 3387 19506 3014 3003 19507 3016 3004 19508 3016 3004 19509 3018 3005 19510 3403 3391 19511 3402 3389 19512 3403 3391 19513 3405 3392 19514 3404 3390 19515 3405 3392 19516 3223 3393 19517 3227 3394 19518 3401 3388 19519 3404 3390 19520 3405 3392 19521 3403 3391 19522 3408 3395 19523 3223 3393 19524 3405 3392 19525 3406 3396 19526 3406 3396 19527 3409 3398 19528 3212 3397 19529 3408 3395 19530 3410 3445 19531 3409 3398 19532 3409 3398 19533 3410 3445 19534 3412 3399 19535 3212 3397 19536 3409 3398 19537 3411 3400 19538 3411 3400 19539 3413 3402 19540 3208 3401 19541 3412 3399 19542 3414 3444 19543 3413 3402 19544 3413 3402 19545 3414 3444 19546 3417 3403 19547 3208 3401 19548 3413 3402 19549 3415 3404 19550 3415 3404 19551 3418 3406 19552 3197 3405 19553 3417 3403 19554 3419 3443 19555 3418 3406 19556 3418 3406 19557 3419 3443 19558 3421 3407 19559 3197 3405 19560 3418 3406 19561 3420 3408 19562 3420 3408 19563 3422 3410 19564 3193 3409 19565 3421 3407 19566 3423 3442 19567 3422 3410 19568 3422 3410 19569 3423 3442 19570 3426 3411 19571 3193 3409 19572 3422 3410 19573 3424 3412 19574 3424 3412 19575 3427 3414 19576 3182 3413 19577 3426 3411 19578 3428 3441 19579 3427 3414 19580 3427 3414 19581 3428 3441 19582 3430 3415 19583 3182 3413 19584 3427 3414 19585 3429 3416 19586 3429 3416 19587 3431 3418 19588 3178 3417 19589 3430 3415 19590 3432 3440 19591 3431 3418 19592 3431 3418 19593 3432 3440 19594 3435 3419 19595 3178 3417 19596 3431 3418 19597 3433 3420 19598 3433 3420 19599 3436 3422 19600 3167 3421 19601 3435 3419 19602 3437 3439 19603 3436 3422 19604 3436 3422 19605 3437 3439 19606 3439 3423 19607 3167 3421 19608 3436 3422 19609 3438 3424 19610 3439 3423 19611 3441 3438 19612 3440 3425 19613 3438 3424 19614 3440 3425 19615 3163 3426 19616 3440 3425 19617 3441 3438 19618 3444 3427 19619 3163 3426 19620 3440 3425 19621 3442 3428 19622 3442 3428 19623 3445 3430 19624 3152 3429 19625 3444 3427 19626 3446 3437 19627 3445 3430 19628 3445 3430 19629 3446 3437 19630 3448 3431 19631 3152 3429 19632 3445 3430 19633 3447 3432 19634 3447 3432 19635 3449 3434 19636 3148 3433 19637 3448 3431 19638 3450 3435 19639 3449 3434 19640 3449 3434 19641 3450 3435 19642 3451 3134 19643 3148 3433 19644 3449 3434 19645 3134 3135 19646 3450 3435 19647 3088 3085 19648 3452 3088 19649 3086 3084 19650 3088 3085 19651 3450 3435 19652 3452 3088 19653 3098 3099 19654 3133 3436 19655 3446 3437 19656 3084 3083 19657 3086 3084 19658 3453 3072 19659 3084 3083 19660 3446 3437 19661 3441 3438 19662 3074 3069 19663 3453 3072 19664 3072 3068 19665 3074 3069 19666 3441 3438 19667 3437 3439 19668 3070 3067 19669 3072 3068 19670 3454 3056 19671 3070 3067 19672 3437 3439 19673 3432 3440 19674 3060 3053 19675 3454 3056 19676 3058 3052 19677 3060 3053 19678 3432 3440 19679 3428 3441 19680 3056 3051 19681 3058 3052 19682 3455 3040 19683 3056 3051 19684 3428 3441 19685 3423 3442 19686 3046 3037 19687 3455 3040 19688 3044 3036 19689 3046 3037 19690 3423 3442 19691 3419 3443 19692 3042 3035 19693 3044 3036 19694 3456 3024 19695 3042 3035 19696 3419 3443 19697 3414 3444 19698 3032 3021 19699 3456 3024 19700 3030 3020 19701 3032 3021 19702 3414 3444 19703 3410 3445 19704 3028 3019 19705 3030 3020 19706 3457 3008 19707 3028 3019 19708 3410 3445 19709 3403 3391 19710 3018 3005 19711 3457 3008 19712 3396 3384 19713 3401 3388 19714 3227 3394 19715 3389 3376 19716 2999 2989 19717 3001 2990 19718 3382 3369 19719 3386 3373 19720 3253 3379 19721 3375 3361 19722 2973 2963 19723 3459 2966 19724 3368 3354 19725 3373 3358 19726 3270 3364 19727 3361 3346 19728 2954 2947 19729 2956 2948 19730 3354 3339 19731 3358 3343 19732 3288 3349 19733 3462 3446 19734 2928 2921 19735 3461 2924 19736 2926 2920 19737 2928 2921 19738 3462 3446 19739 3306 3292 19740 3349 3334 19741 3296 3285 19742 3341 3326 19743 2924 2919 19744 2926 2920 19745 3334 3318 19746 3338 3323 19747 3311 3329 19748 3133 3436 19749 3098 3099 19750 3100 3100 19751</p>
        </triangles>
        <triangles material="black_g-material" count="1920">
          <input semantic="VERTEX" source="#Cylinder_053-mesh-vertices" offset="0"/>
          <input semantic="NORMAL" source="#Cylinder_053-mesh-normals" offset="1"/>
          <input semantic="TEXCOORD" source="#Cylinder_053-mesh-map-0" offset="2" set="0"/>
          <p>4 0 0 0 1 1 3 2 2 5 3 3 0 1 4 2 4 5 8 5 6 3 2 7 6 6 8 3 2 9 9 7 10 6 6 11 6 6 12 10 8 13 7 9 14 226 10 15 6 6 16 7 9 17 10 8 18 11 11 19 12 12 20 9 7 21 14 13 22 11 11 23 11 11 24 990 14 25 12 12 26 14 13 27 13 15 28 11 11 29 16 16 30 15 17 31 17 18 32 5 3 33 15 17 34 14 13 35 16 16 36 19 19 37 18 20 38 13 15 39 18 20 40 21 21 41 20 22 42 19 19 43 1023 23 44 18 20 45 23 24 46 21 21 47 21 21 48 24 25 49 22 26 50 990 14 51 21 21 52 22 26 53 24 25 54 25 27 55 26 28 56 23 24 57 28 29 58 25 27 59 25 27 60 944 30 61 26 28 62 28 29 63 27 31 64 25 27 65 30 32 66 29 33 67 31 34 68 20 22 69 29 33 70 28 29 71 30 32 72 33 35 73 32 36 74 27 31 75 32 36 76 35 37 77 34 38 78 33 35 79 1022 39 80 32 36 81 37 40 82 35 37 83 35 37 84 38 41 85 36 42 86 944 30 87 35 37 88 36 42 89 38 41 90 39 43 91 40 44 92 37 40 93 42 45 94 39 43 95 39 43 96 910 46 97 40 44 98 42 45 99 41 47 100 39 43 101 44 48 102 43 49 103 45 50 104 34 38 105 43 49 106 42 45 107 44 48 108 47 51 109 46 52 110 41 47 111 46 52 112 49 53 113 48 54 114 47 51 115 1021 55 116 46 52 117 51 56 118 49 53 119 910 46 120 49 53 121 50 57 122 49 53 123 52 58 124 50 57 125 52 58 126 53 59 127 54 60 128 51 56 129 56 61 130 53 59 131 53 59 132 991 62 133 54 60 134 56 61 135 55 63 136 53 59 137 58 64 138 57 65 139 59 66 140 48 54 141 57 65 142 56 61 143 58 64 144 61 67 145 60 68 146 55 63 147 60 68 148 63 69 149 62 70 150 61 67 151 1020 71 152 60 68 153 65 72 154 63 69 155 63 69 156 66 73 157 64 74 158 991 62 159 63 69 160 64 74 161 66 73 162 67 75 163 68 76 164 65 72 165 70 77 166 67 75 167 67 75 168 870 78 169 68 76 170 70 77 171 69 79 172 67 75 173 72 80 174 71 81 175 73 82 176 62 70 177 71 81 178 70 77 179 72 80 180 75 83 181 74 84 182 69 79 183 74 84 184 77 85 185 76 86 186 75 83 187 1019 87 188 74 84 189 79 88 190 77 85 191 77 85 192 80 89 193 78 90 194 870 78 195 77 85 196 78 90 197 80 89 198 81 91 199 82 92 200 79 88 201 84 93 202 81 91 203 81 91 204 836 94 205 82 92 206 84 93 207 83 95 208 81 91 209 86 96 210 85 97 211 87 98 212 76 86 213 85 97 214 84 93 215 86 96 216 89 99 217 88 100 218 83 95 219 88 100 220 91 101 221 90 102 222 89 99 223 1018 103 224 88 100 225 93 104 226 91 101 227 91 101 228 94 105 229 92 106 230 836 94 231 91 101 232 92 106 233 94 105 234 95 107 235 96 108 236 93 104 237 98 109 238 95 107 239 95 107 240 992 110 241 96 108 242 98 109 243 97 111 244 95 107 245 100 112 246 99 113 247 101 114 248 90 102 249 99 113 250 98 109 251 100 112 252 103 115 253 102 116 254 97 111 255 102 116 256 105 117 257 104 118 258 103 115 259 1017 119 260 102 116 261 107 120 262 105 117 263 105 117 264 108 121 265 106 122 266 992 110 267 105 117 268 106 122 269 108 121 270 109 123 271 110 124 272 107 120 273 112 125 274 109 123 275 109 123 276 796 126 277 110 124 278 112 125 279 111 127 280 109 123 281 114 128 282 113 129 283 115 130 284 104 118 285 113 129 286 112 125 287 114 128 288 117 131 289 116 132 290 111 127 291 116 132 292 119 133 293 118 134 294 117 131 295 1016 135 296 116 132 297 121 136 298 119 133 299 119 133 300 122 137 301 120 138 302 796 126 303 119 133 304 120 138 305 122 137 306 123 139 307 124 140 308 121 136 309 126 141 310 123 139 311 123 139 312 762 142 313 124 140 314 126 141 315 125 143 316 123 139 317 128 144 318 127 145 319 129 146 320 118 134 321 127 145 322 126 141 323 128 144 324 131 147 325 130 148 326 125 143 327 130 148 328 133 149 329 132 150 330 131 147 331 1015 151 332 130 148 333 135 152 334 133 149 335 133 149 336 136 153 337 134 154 338 762 142 339 133 149 340 134 154 341 136 153 342 137 155 343 138 156 344 135 152 345 140 157 346 137 155 347 137 155 348 993 158 349 138 156 350 140 157 351 139 159 352 137 155 353 142 160 354 141 161 355 143 162 356 132 150 357 141 161 358 140 157 359 142 160 360 145 163 361 144 164 362 139 159 363 144 164 364 147 165 365 146 166 366 145 163 367 1014 167 368 144 164 369 149 168 370 147 165 371 993 158 372 147 165 373 148 169 374 147 165 375 150 170 376 148 169 377 150 170 378 151 171 379 152 172 380 149 168 381 154 173 382 151 171 383 151 171 384 713 174 385 152 172 386 154 173 387 153 175 388 151 171 389 156 176 390 155 177 391 157 178 392 146 166 393 155 177 394 154 173 395 156 176 396 159 179 397 158 180 398 153 175 399 158 180 400 161 181 401 160 182 402 159 179 403 1013 183 404 158 180 405 163 184 406 161 181 407 161 181 408 164 185 409 162 186 410 713 174 411 161 181 412 162 186 413 164 185 414 165 187 415 166 188 416 163 184 417 168 189 418 165 187 419 165 187 420 994 190 421 166 188 422 168 189 423 167 191 424 165 187 425 170 192 426 169 193 427 171 194 428 160 182 429 169 193 430 168 189 431 170 192 432 173 195 433 172 196 434 167 191 435 172 196 436 175 197 437 174 198 438 173 195 439 1012 199 440 172 196 441 177 200 442 175 197 443 175 197 444 178 201 445 176 202 446 994 190 447 175 197 448 176 202 449 178 201 450 179 203 451 180 204 452 177 200 453 182 205 454 179 203 455 179 203 456 673 206 457 180 204 458 182 205 459 181 207 460 179 203 461 174 198 462 183 208 463 182 205 464 184 209 465 183 208 466 185 210 467 184 209 468 187 211 469 186 212 470 181 207 471 186 212 472 189 213 473 188 214 474 187 211 475 1011 215 476 186 212 477 191 216 478 189 213 479 189 213 480 192 217 481 190 218 482 673 206 483 189 213 484 190 218 485 192 217 486 193 219 487 194 220 488 191 216 489 196 221 490 193 219 491 193 219 492 639 222 493 194 220 494 196 221 495 195 223 496 193 219 497 198 224 498 197 225 499 199 226 500 188 214 501 197 225 502 196 221 503 198 224 504 201 227 505 200 228 506 195 223 507 200 228 508 203 229 509 202 230 510 201 227 511 1010 231 512 200 228 513 205 232 514 203 229 515 203 229 516 206 233 517 204 234 518 639 222 519 203 229 520 204 234 521 206 233 522 207 235 523 208 236 524 205 232 525 210 237 526 207 235 527 207 235 528 995 238 529 208 236 530 210 237 531 209 239 532 207 235 533 212 240 534 211 241 535 213 242 536 202 230 537 211 241 538 210 237 539 212 240 540 215 243 541 214 244 542 209 239 543 214 244 544 217 245 545 216 246 546 215 243 547 225 247 548 214 244 549 219 248 550 217 245 551 217 245 552 220 249 553 218 250 554 995 238 555 217 245 556 218 250 557 220 249 558 221 251 559 222 252 560 219 248 561 223 253 562 221 251 563 221 251 564 226 10 565 222 252 566 223 253 567 8 5 568 221 251 569 216 246 570 224 254 571 223 253 572 4 0 573 224 254 574 1 255 575 222 252 576 228 256 577 227 257 578 230 258 579 222 252 580 227 257 581 227 257 582 984 259 583 229 260 584 232 261 585 227 257 586 229 260 587 218 250 588 230 258 589 231 262 590 231 262 591 232 261 592 233 263 593 233 263 594 234 264 595 235 265 596 234 264 597 229 260 598 237 266 599 235 265 600 236 267 601 629 268 602 236 267 603 237 266 604 239 269 605 229 260 606 238 270 607 237 266 608 237 266 609 240 271 610 239 269 611 243 272 612 239 269 613 240 271 614 244 273 615 239 269 616 241 274 617 242 275 618 244 273 619 241 274 620 243 272 621 242 275 622 241 274 623 244 273 624 247 276 625 245 277 626 245 277 627 236 267 628 244 273 629 246 278 630 249 279 631 247 276 632 251 280 633 246 278 634 242 275 635 248 281 636 617 282 637 249 279 638 253 283 639 248 281 640 251 280 641 989 284 642 251 280 643 242 275 644 252 285 645 253 283 646 251 280 647 254 286 648 255 287 649 253 283 650 255 287 651 250 288 652 253 283 653 256 289 654 257 290 655 255 287 656 257 290 657 258 291 658 255 287 659 250 288 660 259 292 661 617 282 662 258 291 663 261 293 664 259 292 665 260 294 666 265 295 667 261 293 668 260 294 669 263 296 670 262 297 671 262 297 672 480 298 673 264 299 674 262 297 675 266 300 676 265 295 677 267 301 678 266 300 679 268 302 680 270 303 681 265 295 682 267 301 683 267 301 684 1009 304 685 269 305 686 270 303 687 269 305 688 272 306 689 261 293 690 271 307 691 259 292 692 271 307 693 272 306 694 273 308 695 272 306 696 275 309 697 273 308 698 274 310 699 269 305 700 277 311 701 275 309 702 276 312 703 609 313 704 274 310 705 279 314 706 276 312 707 277 311 708 1009 304 709 278 315 710 277 311 711 280 316 712 279 314 713 281 317 714 280 316 715 282 318 716 284 319 717 279 314 718 281 317 719 281 317 720 1008 320 721 283 321 722 284 319 723 283 321 724 286 322 725 276 312 726 285 323 727 609 313 728 285 323 729 286 322 730 287 324 731 286 322 732 289 325 733 287 324 734 288 326 735 283 321 736 291 327 737 289 325 738 290 328 739 600 329 740 288 326 741 293 330 742 290 328 743 291 327 744 1008 320 745 292 331 746 291 327 747 294 332 748 293 330 749 295 333 750 294 332 751 296 334 752 298 335 753 293 330 754 295 333 755 295 333 756 1007 336 757 297 337 758 298 335 759 297 337 760 300 338 761 290 328 762 299 339 763 600 329 764 299 339 765 300 338 766 301 340 767 300 338 768 303 341 769 301 340 770 302 342 771 297 337 772 305 343 773 303 341 774 304 344 775 591 345 776 302 342 777 307 346 778 304 344 779 305 343 780 1007 336 781 306 347 782 305 343 783 308 348 784 307 346 785 309 349 786 308 348 787 310 350 788 312 351 789 307 346 790 309 349 791 309 349 792 1006 352 793 311 353 794 312 351 795 311 353 796 314 354 797 304 344 798 313 355 799 591 345 800 313 355 801 314 354 802 315 356 803 314 354 804 317 357 805 315 356 806 316 358 807 311 353 808 319 359 809 317 357 810 318 360 811 582 361 812 316 358 813 321 362 814 318 360 815 319 359 816 1006 352 817 320 363 818 319 359 819 322 364 820 321 362 821 323 365 822 322 364 823 324 366 824 326 367 825 321 362 826 323 365 827 323 365 828 1005 368 829 325 369 830 326 367 831 325 369 832 328 370 833 318 360 834 327 371 835 582 361 836 327 371 837 328 370 838 329 372 839 328 370 840 331 373 841 329 372 842 330 374 843 325 369 844 333 375 845 331 373 846 332 376 847 575 377 848 335 378 849 330 374 850 333 375 851 333 375 852 1005 368 853 334 379 854 333 375 855 336 380 856 335 378 857 337 381 858 336 380 859 338 382 860 340 383 861 335 378 862 337 381 863 337 381 864 1004 384 865 339 385 866 340 383 867 339 385 868 342 386 869 332 376 870 341 387 871 575 377 872 341 387 873 342 386 874 343 388 875 342 386 876 345 389 877 343 388 878 344 390 879 339 385 880 347 391 881 345 389 882 346 392 883 564 393 884 344 390 885 349 394 886 346 392 887 347 391 888 1004 384 889 348 395 890 347 391 891 350 396 892 349 394 893 351 397 894 350 396 895 352 398 896 354 399 897 349 394 898 351 397 899 351 397 900 1003 400 901 353 401 902 354 399 903 353 401 904 356 402 905 346 392 906 355 403 907 564 393 908 355 403 909 356 402 910 357 404 911 356 402 912 359 405 913 357 404 914 358 406 915 353 401 916 361 407 917 359 405 918 360 408 919 555 409 920 358 406 921 363 410 922 360 408 923 361 407 924 1003 400 925 362 411 926 361 407 927 364 412 928 363 410 929 365 413 930 364 412 931 366 414 932 368 415 933 363 410 934 365 413 935 365 413 936 1002 416 937 367 417 938 368 415 939 367 417 940 370 418 941 360 408 942 369 419 943 555 409 944 369 419 945 370 418 946 371 420 947 370 418 948 373 421 949 371 420 950 372 422 951 367 417 952 375 423 953 373 421 954 374 424 955 546 425 956 372 422 957 377 426 958 374 424 959 375 423 960 1002 416 961 376 427 962 375 423 963 378 428 964 377 426 965 379 429 966 378 428 967 380 430 968 382 431 969 377 426 970 379 429 971 379 429 972 1001 432 973 381 433 974 382 431 975 381 433 976 384 434 977 374 424 978 383 435 979 546 425 980 383 435 981 384 434 982 385 436 983 384 434 984 387 437 985 385 436 986 386 438 987 381 433 988 389 439 989 387 437 990 388 440 991 537 441 992 386 438 993 391 442 994 388 440 995 389 439 996 1001 432 997 390 443 998 389 439 999 392 444 1000 391 442 1001 393 445 1002 392 444 1003 394 446 1004 396 447 1005 391 442 1006 393 445 1007 393 445 1008 1000 448 1009 395 449 1010 396 447 1011 395 449 1012 398 450 1013 388 440 1014 397 451 1015 537 441 1016 397 451 1017 398 450 1018 399 452 1019 398 450 1020 401 453 1021 399 452 1022 400 454 1023 395 449 1024 403 455 1025 401 453 1026 402 456 1027 528 457 1028 400 454 1029 405 458 1030 402 456 1031 403 455 1032 1000 448 1033 404 459 1034 403 455 1035 406 460 1036 405 458 1037 407 461 1038 406 460 1039 408 462 1040 410 463 1041 405 458 1042 407 461 1043 407 461 1044 999 464 1045 409 465 1046 410 463 1047 409 465 1048 412 466 1049 402 456 1050 411 467 1051 528 457 1052 411 467 1053 412 466 1054 413 468 1055 412 466 1056 415 469 1057 413 468 1058 414 470 1059 409 465 1060 417 471 1061 415 469 1062 416 472 1063 519 473 1064 414 470 1065 419 474 1066 416 472 1067 417 471 1068 999 464 1069 418 475 1070 417 471 1071 420 476 1072 419 474 1073 421 477 1074 420 476 1075 422 478 1076 424 479 1077 419 474 1078 421 477 1079 421 477 1080 998 480 1081 423 481 1082 424 479 1083 423 481 1084 426 482 1085 416 472 1086 425 483 1087 519 473 1088 425 483 1089 426 482 1090 427 484 1091 426 482 1092 429 485 1093 427 484 1094 428 486 1095 423 481 1096 431 487 1097 429 485 1098 430 488 1099 512 489 1100 433 490 1101 428 486 1102 431 487 1103 431 487 1104 998 480 1105 432 491 1106 431 487 1107 434 492 1108 433 490 1109 435 493 1110 434 492 1111 436 494 1112 438 495 1113 433 490 1114 435 493 1115 435 493 1116 997 496 1117 437 497 1118 438 495 1119 437 497 1120 440 498 1121 430 488 1122 439 499 1123 512 489 1124 439 499 1125 440 498 1126 441 500 1127 440 498 1128 443 501 1129 441 500 1130 442 502 1131 437 497 1132 445 503 1133 443 501 1134 444 504 1135 501 505 1136 442 502 1137 447 506 1138 444 504 1139 445 503 1140 997 496 1141 446 507 1142 445 503 1143 448 508 1144 447 506 1145 449 509 1146 448 508 1147 450 510 1148 452 511 1149 447 506 1150 449 509 1151 449 509 1152 996 512 1153 451 513 1154 452 511 1155 451 513 1156 454 514 1157 444 504 1158 453 515 1159 501 505 1160 453 515 1161 454 514 1162 455 516 1163 454 514 1164 457 517 1165 455 516 1166 456 518 1167 451 513 1168 459 519 1169 457 517 1170 458 520 1171 492 521 1172 456 518 1173 461 522 1174 458 520 1175 459 519 1176 996 512 1177 460 523 1178 459 519 1179 462 524 1180 461 522 1181 463 525 1182 462 524 1183 464 526 1184 466 527 1185 461 522 1186 463 525 1187 463 525 1188 481 528 1189 465 529 1190 466 527 1191 465 529 1192 468 530 1193 458 520 1194 467 531 1195 492 521 1196 467 531 1197 468 530 1198 469 532 1199 468 530 1200 471 533 1201 469 532 1202 470 534 1203 465 529 1204 473 535 1205 471 533 1206 472 536 1207 482 537 1208 470 534 1209 475 538 1210 472 536 1211 473 535 1212 481 528 1213 474 539 1214 473 535 1215 476 540 1216 475 538 1217 477 541 1218 476 540 1219 478 542 1220 479 543 1221 475 538 1222 477 541 1223 477 541 1224 480 298 1225 263 296 1226 263 296 1227 479 543 1228 477 541 1229 472 536 1230 256 289 1231 482 537 1232 482 537 1233 254 286 1234 483 544 1235 485 545 1236 482 537 1237 483 544 1238 483 544 1239 252 285 1240 484 546 1241 486 547 1242 483 544 1243 484 546 1244 487 548 1245 486 547 1246 488 549 1247 469 532 1248 485 545 1249 487 548 1250 489 550 1251 469 532 1252 487 548 1253 490 551 1254 487 548 1255 488 549 1256 491 552 1257 490 551 1258 493 553 1259 492 521 1260 489 550 1261 491 552 1262 494 554 1263 492 521 1264 491 552 1265 495 555 1266 491 552 1267 493 553 1268 496 556 1269 495 555 1270 497 557 1271 455 516 1272 494 554 1273 496 556 1274 498 558 1275 455 516 1276 496 556 1277 499 559 1278 496 556 1279 497 557 1280 500 560 1281 499 559 1282 502 561 1283 501 505 1284 498 558 1285 500 560 1286 503 562 1287 501 505 1288 500 560 1289 504 563 1290 500 560 1291 502 561 1292 505 564 1293 504 563 1294 506 565 1295 441 500 1296 503 562 1297 505 564 1298 507 566 1299 441 500 1300 505 564 1301 508 567 1302 505 564 1303 506 565 1304 509 568 1305 508 567 1306 510 569 1307 512 489 1308 507 566 1309 509 568 1310 513 570 1311 509 568 1312 510 569 1313 511 571 1314 512 489 1315 509 568 1316 514 572 1317 513 570 1318 515 573 1319 427 484 1320 511 571 1321 514 572 1322 516 574 1323 427 484 1324 514 572 1325 517 575 1326 514 572 1327 515 573 1328 518 576 1329 517 575 1330 520 577 1331 519 473 1332 516 574 1333 518 576 1334 521 578 1335 519 473 1336 518 576 1337 522 579 1338 518 576 1339 520 577 1340 523 580 1341 522 579 1342 524 581 1343 413 468 1344 521 578 1345 523 580 1346 525 582 1347 413 468 1348 523 580 1349 526 583 1350 523 580 1351 524 581 1352 527 584 1353 526 583 1354 529 585 1355 528 457 1356 525 582 1357 527 584 1358 530 586 1359 528 457 1360 527 584 1361 531 587 1362 527 584 1363 529 585 1364 532 588 1365 531 587 1366 533 589 1367 399 452 1368 530 586 1369 532 588 1370 534 590 1371 399 452 1372 532 588 1373 535 591 1374 532 588 1375 533 589 1376 536 592 1377 535 591 1378 538 593 1379 537 441 1380 534 590 1381 536 592 1382 539 594 1383 537 441 1384 536 592 1385 540 595 1386 536 592 1387 538 593 1388 541 596 1389 540 595 1390 542 597 1391 385 436 1392 539 594 1393 541 596 1394 543 598 1395 385 436 1396 541 596 1397 544 599 1398 541 596 1399 542 597 1400 545 600 1401 544 599 1402 547 601 1403 546 425 1404 543 598 1405 545 600 1406 548 602 1407 546 425 1408 545 600 1409 549 603 1410 545 600 1411 547 601 1412 550 604 1413 549 603 1414 551 605 1415 371 420 1416 548 602 1417 550 604 1418 552 606 1419 371 420 1420 550 604 1421 553 607 1422 550 604 1423 551 605 1424 554 608 1425 553 607 1426 556 609 1427 555 409 1428 552 606 1429 554 608 1430 557 610 1431 555 409 1432 554 608 1433 558 611 1434 554 608 1435 556 609 1436 559 612 1437 558 611 1438 560 613 1439 357 404 1440 557 610 1441 559 612 1442 561 614 1443 357 404 1444 559 612 1445 562 615 1446 559 612 1447 560 613 1448 563 616 1449 562 615 1450 565 617 1451 564 393 1452 561 614 1453 563 616 1454 566 618 1455 564 393 1456 563 616 1457 567 619 1458 563 616 1459 565 617 1460 568 620 1461 567 619 1462 569 621 1463 343 388 1464 566 618 1465 568 620 1466 570 622 1467 343 388 1468 568 620 1469 571 623 1470 568 620 1471 569 621 1472 572 624 1473 571 623 1474 573 625 1475 575 377 1476 570 622 1477 572 624 1478 576 626 1479 572 624 1480 573 625 1481 574 627 1482 575 377 1483 572 624 1484 577 628 1485 576 626 1486 578 629 1487 329 372 1488 574 627 1489 577 628 1490 579 630 1491 329 372 1492 577 628 1493 580 631 1494 577 628 1495 578 629 1496 581 632 1497 580 631 1498 583 633 1499 582 361 1500 579 630 1501 581 632 1502 584 634 1503 582 361 1504 581 632 1505 585 635 1506 581 632 1507 583 633 1508 586 636 1509 585 635 1510 587 637 1511 315 356 1512 584 634 1513 586 636 1514 588 638 1515 315 356 1516 586 636 1517 589 639 1518 586 636 1519 587 637 1520 590 640 1521 589 639 1522 592 641 1523 591 345 1524 588 638 1525 590 640 1526 593 642 1527 591 345 1528 590 640 1529 594 643 1530 590 640 1531 592 641 1532 595 644 1533 594 643 1534 596 645 1535 301 340 1536 593 642 1537 595 644 1538 597 646 1539 301 340 1540 595 644 1541 598 647 1542 595 644 1543 596 645 1544 599 648 1545 598 647 1546 601 649 1547 600 329 1548 597 646 1549 599 648 1550 602 650 1551 600 329 1552 599 648 1553 603 651 1554 599 648 1555 601 649 1556 604 652 1557 603 651 1558 605 653 1559 287 324 1560 602 650 1561 604 652 1562 606 654 1563 287 324 1564 604 652 1565 607 655 1566 604 652 1567 605 653 1568 608 656 1569 607 655 1570 610 657 1571 609 313 1572 606 654 1573 608 656 1574 611 658 1575 609 313 1576 608 656 1577 612 659 1578 608 656 1579 610 657 1580 613 660 1581 612 659 1582 614 661 1583 273 308 1584 611 658 1585 613 660 1586 615 662 1587 273 308 1588 613 660 1589 616 663 1590 613 660 1591 614 661 1592 617 282 1593 616 663 1594 249 279 1595 259 292 1596 615 662 1597 617 282 1598 249 279 1599 618 664 1600 247 276 1601 618 664 1602 614 661 1603 620 665 1604 247 276 1605 619 666 1606 245 277 1607 619 666 1608 620 665 1609 622 667 1610 614 661 1611 621 668 1612 620 665 1613 620 665 1614 623 669 1615 622 667 1616 623 669 1617 624 670 1618 622 667 1619 622 667 1620 627 671 1621 619 666 1622 625 672 1623 627 671 1624 624 670 1625 626 673 1626 625 672 1627 624 670 1628 629 268 1629 628 674 1630 235 265 1631 619 666 1632 629 268 1633 245 277 1634 628 674 1635 233 263 1636 235 265 1637 632 675 1638 628 674 1639 625 672 1640 630 676 1641 231 262 1642 233 263 1643 634 677 1644 630 676 1645 632 675 1646 648 678 1647 632 675 1648 625 672 1649 633 679 1650 634 677 1651 632 675 1652 635 680 1653 208 236 1654 634 677 1655 208 236 1656 631 681 1657 634 677 1658 204 234 1659 635 680 1660 636 682 1661 636 682 1662 633 679 1663 637 683 1664 641 684 1665 636 682 1666 637 683 1667 638 685 1668 204 234 1669 636 682 1670 194 220 1671 638 685 1672 640 686 1673 640 686 1674 641 684 1675 642 687 1676 642 687 1677 643 688 1678 644 689 1679 643 688 1680 637 683 1681 646 690 1682 644 689 1683 645 691 1684 666 692 1685 645 691 1686 646 690 1687 647 693 1688 646 690 1689 626 673 1690 647 693 1691 637 683 1692 648 678 1693 646 690 1694 649 694 1695 645 691 1696 647 693 1697 649 694 1698 626 673 1699 623 669 1700 623 669 1701 650 695 1702 649 694 1703 650 695 1704 651 696 1705 649 694 1706 651 696 1707 654 697 1708 652 698 1709 652 698 1710 645 691 1711 651 696 1712 653 699 1713 605 653 1714 654 697 1715 610 657 1716 653 699 1717 650 695 1718 605 653 1719 655 700 1720 654 697 1721 654 697 1722 656 701 1723 652 698 1724 656 701 1725 657 702 1726 659 703 1727 655 700 1728 601 649 1729 657 702 1730 601 649 1731 658 704 1732 657 702 1733 657 702 1734 660 705 1735 659 703 1736 660 705 1737 661 706 1738 659 703 1739 659 703 1740 664 707 1741 656 701 1742 662 708 1743 664 707 1744 661 706 1745 663 709 1746 662 708 1747 661 706 1748 664 707 1749 644 689 1750 666 692 1751 656 701 1752 666 692 1753 652 698 1754 665 710 1755 642 687 1756 644 689 1757 669 711 1758 665 710 1759 662 708 1760 667 712 1761 640 686 1762 642 687 1763 671 713 1764 667 712 1765 669 711 1766 685 714 1767 669 711 1768 662 708 1769 670 715 1770 671 713 1771 669 711 1772 672 716 1773 190 218 1774 671 713 1775 190 218 1776 668 717 1777 671 713 1778 180 204 1779 672 716 1780 674 718 1781 674 718 1782 670 715 1783 675 719 1784 678 720 1785 674 718 1786 675 719 1787 676 721 1788 180 204 1789 674 718 1790 176 202 1791 676 721 1792 677 722 1793 677 722 1794 678 720 1795 679 723 1796 679 723 1797 680 724 1798 681 725 1799 680 724 1800 675 719 1801 683 726 1802 681 725 1803 682 727 1804 703 728 1805 682 727 1806 683 726 1807 684 729 1808 685 714 1809 684 729 1810 683 726 1811 675 719 1812 685 714 1813 683 726 1814 688 730 1815 684 729 1816 686 731 1817 686 731 1818 663 709 1819 660 705 1820 660 705 1821 687 732 1822 686 731 1823 687 732 1824 688 730 1825 686 731 1826 688 730 1827 691 733 1828 689 734 1829 689 734 1830 682 727 1831 688 730 1832 690 735 1833 592 641 1834 691 733 1835 596 645 1836 690 735 1837 687 732 1838 592 641 1839 692 736 1840 691 733 1841 691 733 1842 693 737 1843 689 734 1844 693 737 1845 694 738 1846 696 739 1847 692 736 1848 587 637 1849 694 738 1850 587 637 1851 695 740 1852 694 738 1853 694 738 1854 697 741 1855 696 739 1856 697 741 1857 698 742 1858 696 739 1859 693 737 1860 698 742 1861 701 743 1862 699 744 1863 701 743 1864 698 742 1865 700 745 1866 699 744 1867 698 742 1868 701 743 1869 681 725 1870 703 728 1871 693 737 1872 703 728 1873 689 734 1874 702 746 1875 679 723 1876 681 725 1877 706 747 1878 702 746 1879 699 744 1880 704 748 1881 677 722 1882 679 723 1883 708 749 1884 704 748 1885 706 747 1886 722 750 1887 706 747 1888 699 744 1889 707 751 1890 708 749 1891 706 747 1892 709 752 1893 166 188 1894 708 749 1895 166 188 1896 705 753 1897 708 749 1898 162 186 1899 709 752 1900 710 754 1901 710 754 1902 707 751 1903 711 755 1904 715 756 1905 710 754 1906 711 755 1907 712 757 1908 162 186 1909 710 754 1910 152 172 1911 712 757 1912 714 758 1913 714 758 1914 715 756 1915 716 759 1916 716 759 1917 717 760 1918 718 761 1919 717 760 1920 711 755 1921 720 762 1922 718 761 1923 719 763 1924 748 764 1925 719 763 1926 720 762 1927 721 765 1928 720 762 1929 700 745 1930 721 765 1931 711 755 1932 722 750 1933 720 762 1934 725 766 1935 721 765 1936 723 767 1937 697 741 1938 721 765 1939 700 745 1940 697 741 1941 724 768 1942 723 767 1943 724 768 1944 725 766 1945 723 767 1946 725 766 1947 728 769 1948 726 770 1949 725 766 1950 748 764 1951 719 763 1952 727 771 1953 578 629 1954 728 769 1955 583 633 1956 727 771 1957 724 768 1958 578 629 1959 729 772 1960 728 769 1961 728 769 1962 730 773 1963 726 770 1964 730 773 1965 731 774 1966 732 775 1967 729 772 1968 573 625 1969 731 774 1970 731 774 1971 734 776 1972 732 775 1973 573 625 1974 733 777 1975 731 774 1976 734 776 1977 735 778 1978 737 779 1979 733 777 1980 569 621 1981 735 778 1982 569 621 1983 736 780 1984 735 778 1985 735 778 1986 738 781 1987 737 779 1988 737 779 1989 741 782 1990 739 783 1991 734 776 1992 739 783 1993 742 784 1994 740 785 1995 742 784 1996 739 783 1997 741 782 1998 740 785 1999 739 783 2000 742 784 2001 745 786 2002 744 787 2003 734 776 2004 744 787 2005 732 775 2006 745 786 2007 746 788 2008 744 787 2009 730 773 2010 744 787 2011 746 788 2012 746 788 2013 718 761 2014 748 764 2015 730 773 2016 748 764 2017 726 770 2018 747 789 2019 716 759 2020 718 761 2021 751 790 2022 747 789 2023 745 786 2024 749 791 2025 714 758 2026 716 759 2027 752 792 2028 749 791 2029 751 790 2030 753 793 2031 752 792 2032 751 790 2033 743 794 2034 751 790 2035 745 786 2036 757 795 2037 753 793 2038 755 796 2039 755 796 2040 743 794 2041 740 785 2042 771 797 2043 755 796 2044 740 785 2045 756 798 2046 757 795 2047 755 796 2048 758 799 2049 138 156 2050 757 795 2051 138 156 2052 754 800 2053 757 795 2054 134 154 2055 758 799 2056 759 801 2057 759 801 2058 756 798 2059 760 802 2060 764 803 2061 759 801 2062 760 802 2063 761 804 2064 134 154 2065 759 801 2066 124 140 2067 761 804 2068 763 805 2069 763 805 2070 764 803 2071 765 806 2072 765 806 2073 766 807 2074 767 808 2075 766 807 2076 760 802 2077 769 809 2078 766 807 2079 789 810 2080 767 808 2081 768 811 2082 769 809 2083 770 812 2084 769 809 2085 741 782 2086 770 812 2087 760 802 2088 771 797 2089 769 809 2090 772 813 2091 768 811 2092 770 812 2093 738 781 2094 770 812 2095 741 782 2096 738 781 2097 773 814 2098 772 813 2099 773 814 2100 774 815 2101 772 813 2102 774 815 2103 777 816 2104 775 817 2105 775 817 2106 768 811 2107 774 815 2108 776 818 2109 560 613 2110 777 816 2111 565 617 2112 776 818 2113 773 814 2114 560 613 2115 778 819 2116 777 816 2117 777 816 2118 779 820 2119 775 817 2120 779 820 2121 780 821 2122 782 822 2123 778 819 2124 556 609 2125 780 821 2126 556 609 2127 781 823 2128 780 821 2129 780 821 2130 783 824 2131 782 822 2132 783 824 2133 784 825 2134 782 822 2135 779 820 2136 784 825 2137 787 826 2138 785 827 2139 787 826 2140 784 825 2141 786 828 2142 785 827 2143 784 825 2144 787 826 2145 767 808 2146 789 810 2147 779 820 2148 789 810 2149 775 817 2150 788 829 2151 765 806 2152 767 808 2153 792 830 2154 788 829 2155 785 827 2156 790 831 2157 763 805 2158 765 806 2159 794 832 2160 790 831 2161 792 830 2162 808 833 2163 792 830 2164 785 827 2165 793 834 2166 794 832 2167 792 830 2168 795 835 2169 120 138 2170 794 832 2171 120 138 2172 791 836 2173 794 832 2174 110 124 2175 795 835 2176 797 837 2177 797 837 2178 793 834 2179 798 838 2180 801 839 2181 797 837 2182 798 838 2183 799 840 2184 110 124 2185 797 837 2186 106 122 2187 799 840 2188 800 841 2189 800 841 2190 801 839 2191 802 842 2192 802 842 2193 803 843 2194 804 844 2195 803 843 2196 798 838 2197 806 845 2198 804 844 2199 805 846 2200 826 847 2201 805 846 2202 806 845 2203 807 848 2204 806 845 2205 786 828 2206 807 848 2207 798 838 2208 808 833 2209 806 845 2210 811 849 2211 807 848 2212 809 850 2213 783 824 2214 807 848 2215 786 828 2216 783 824 2217 810 851 2218 809 850 2219 810 851 2220 811 849 2221 809 850 2222 811 849 2223 814 852 2224 812 853 2225 811 849 2226 826 847 2227 805 846 2228 813 854 2229 547 601 2230 814 852 2231 551 605 2232 813 854 2233 810 851 2234 547 601 2235 815 855 2236 814 852 2237 814 852 2238 816 856 2239 812 853 2240 816 856 2241 817 857 2242 819 858 2243 815 855 2244 542 597 2245 817 857 2246 542 597 2247 818 859 2248 817 857 2249 817 857 2250 820 860 2251 819 858 2252 820 860 2253 821 861 2254 819 858 2255 816 856 2256 821 861 2257 824 862 2258 822 863 2259 824 862 2260 821 861 2261 823 864 2262 822 863 2263 821 861 2264 824 862 2265 804 844 2266 826 847 2267 816 856 2268 826 847 2269 812 853 2270 825 865 2271 802 842 2272 804 844 2273 829 866 2274 825 865 2275 822 863 2276 827 867 2277 800 841 2278 802 842 2279 831 868 2280 827 867 2281 829 866 2282 845 869 2283 829 866 2284 822 863 2285 830 870 2286 831 868 2287 829 866 2288 832 871 2289 96 108 2290 831 868 2291 96 108 2292 828 872 2293 831 868 2294 92 106 2295 832 871 2296 833 873 2297 833 873 2298 830 870 2299 834 874 2300 838 875 2301 833 873 2302 834 874 2303 835 876 2304 92 106 2305 833 873 2306 82 92 2307 835 876 2308 837 877 2309 837 877 2310 838 875 2311 839 878 2312 839 878 2313 840 879 2314 841 880 2315 840 879 2316 834 874 2317 843 881 2318 841 880 2319 842 882 2320 863 883 2321 842 882 2322 843 881 2323 844 884 2324 843 881 2325 823 864 2326 844 884 2327 834 874 2328 845 869 2329 843 881 2330 848 885 2331 844 884 2332 846 886 2333 820 860 2334 844 884 2335 823 864 2336 820 860 2337 847 887 2338 846 886 2339 847 887 2340 848 885 2341 846 886 2342 848 885 2343 851 888 2344 849 889 2345 849 889 2346 842 882 2347 848 885 2348 850 890 2349 533 589 2350 851 888 2351 538 593 2352 850 890 2353 847 887 2354 533 589 2355 852 891 2356 851 888 2357 851 888 2358 853 892 2359 849 889 2360 853 892 2361 854 893 2362 856 894 2363 852 891 2364 529 585 2365 854 893 2366 529 585 2367 855 895 2368 854 893 2369 854 893 2370 857 896 2371 856 894 2372 856 894 2373 860 897 2374 858 898 2375 856 894 2376 861 899 2377 853 892 2378 859 900 2379 861 899 2380 858 898 2381 860 897 2382 859 900 2383 858 898 2384 863 883 2385 862 901 2386 841 880 2387 849 889 2388 861 899 2389 863 883 2390 862 901 2391 839 878 2392 841 880 2393 866 902 2394 862 901 2395 859 900 2396 864 903 2397 837 877 2398 839 878 2399 868 904 2400 864 903 2401 866 902 2402 882 905 2403 866 902 2404 859 900 2405 867 906 2406 868 904 2407 866 902 2408 869 907 2409 78 90 2410 868 904 2411 78 90 2412 865 908 2413 868 904 2414 68 76 2415 869 907 2416 871 909 2417 871 909 2418 867 906 2419 872 910 2420 875 911 2421 871 909 2422 872 910 2423 873 912 2424 68 76 2425 871 909 2426 64 74 2427 873 912 2428 874 913 2429 874 913 2430 875 911 2431 876 914 2432 876 914 2433 877 915 2434 878 916 2435 877 915 2436 872 910 2437 880 917 2438 877 915 2439 900 918 2440 878 916 2441 879 919 2442 880 917 2443 881 920 2444 880 917 2445 860 897 2446 881 920 2447 872 910 2448 882 905 2449 880 917 2450 883 921 2451 879 919 2452 881 920 2453 883 921 2454 860 897 2455 857 896 2456 857 896 2457 884 922 2458 883 921 2459 884 922 2460 885 923 2461 883 921 2462 885 923 2463 888 924 2464 886 925 2465 886 925 2466 879 919 2467 885 923 2468 887 926 2469 520 577 2470 888 924 2471 524 581 2472 887 926 2473 884 922 2474 520 577 2475 889 927 2476 888 924 2477 888 924 2478 890 928 2479 886 925 2480 890 928 2481 891 929 2482 893 930 2483 889 927 2484 515 573 2485 891 929 2486 515 573 2487 892 931 2488 891 929 2489 891 929 2490 894 932 2491 893 930 2492 893 930 2493 897 933 2494 895 934 2495 893 930 2496 898 935 2497 890 928 2498 896 936 2499 898 935 2500 895 934 2501 897 933 2502 896 936 2503 895 934 2504 898 935 2505 878 916 2506 900 918 2507 890 928 2508 900 918 2509 886 925 2510 899 937 2511 876 914 2512 878 916 2513 903 938 2514 899 937 2515 896 936 2516 901 939 2517 874 913 2518 876 914 2519 905 940 2520 901 939 2521 903 938 2522 918 941 2523 903 938 2524 896 936 2525 904 942 2526 905 940 2527 903 938 2528 906 943 2529 54 60 2530 905 940 2531 54 60 2532 902 944 2533 905 940 2534 50 57 2535 906 943 2536 907 945 2537 907 945 2538 904 942 2539 908 946 2540 909 947 2541 50 57 2542 907 945 2543 912 948 2544 907 945 2545 908 946 2546 40 44 2547 909 947 2548 911 949 2549 911 949 2550 912 948 2551 913 950 2552 913 950 2553 914 951 2554 915 952 2555 914 951 2556 908 946 2557 917 953 2558 915 952 2559 916 954 2560 937 955 2561 916 954 2562 917 953 2563 919 956 2564 908 946 2565 918 941 2566 917 953 2567 918 941 2568 919 956 2569 917 953 2570 920 957 2571 897 933 2572 894 932 2573 920 957 2574 916 954 2575 919 956 2576 921 958 2577 922 959 2578 920 957 2579 894 932 2580 921 958 2581 920 957 2582 922 959 2583 925 960 2584 923 961 2585 922 959 2586 937 955 2587 916 954 2588 924 962 2589 506 565 2590 925 960 2591 510 569 2592 924 962 2593 921 958 2594 506 565 2595 926 963 2596 925 960 2597 925 960 2598 927 964 2599 923 961 2600 927 964 2601 928 965 2602 930 966 2603 926 963 2604 502 561 2605 928 965 2606 502 561 2607 929 967 2608 928 965 2609 928 965 2610 931 968 2611 930 966 2612 931 968 2613 932 969 2614 930 966 2615 927 964 2616 932 969 2617 935 970 2618 933 971 2619 935 970 2620 932 969 2621 934 972 2622 933 971 2623 932 969 2624 935 970 2625 915 952 2626 937 955 2627 927 964 2628 937 955 2629 923 961 2630 936 973 2631 913 950 2632 915 952 2633 940 974 2634 936 973 2635 933 971 2636 938 975 2637 911 949 2638 913 950 2639 942 976 2640 938 975 2641 940 974 2642 956 977 2643 940 974 2644 933 971 2645 941 978 2646 942 976 2647 940 974 2648 943 979 2649 36 42 2650 942 976 2651 36 42 2652 939 980 2653 942 976 2654 26 28 2655 943 979 2656 945 981 2657 945 981 2658 941 978 2659 946 982 2660 949 983 2661 945 981 2662 946 982 2663 947 984 2664 26 28 2665 945 981 2666 22 26 2667 947 984 2668 948 985 2669 948 985 2670 949 983 2671 950 986 2672 950 986 2673 951 987 2674 952 988 2675 951 987 2676 946 982 2677 954 989 2678 952 988 2679 953 990 2680 974 991 2681 953 990 2682 954 989 2683 955 992 2684 954 989 2685 934 972 2686 955 992 2687 946 982 2688 956 977 2689 954 989 2690 959 993 2691 955 992 2692 957 994 2693 931 968 2694 955 992 2695 934 972 2696 931 968 2697 958 995 2698 957 994 2699 958 995 2700 959 993 2701 957 994 2702 959 993 2703 962 996 2704 960 997 2705 959 993 2706 974 991 2707 953 990 2708 961 998 2709 493 553 2710 962 996 2711 497 557 2712 961 998 2713 958 995 2714 493 553 2715 963 999 2716 962 996 2717 962 996 2718 964 1000 2719 960 997 2720 964 1000 2721 965 1001 2722 967 1002 2723 963 999 2724 488 549 2725 965 1001 2726 488 549 2727 966 1003 2728 965 1001 2729 965 1001 2730 968 1004 2731 967 1002 2732 968 1004 2733 969 1005 2734 967 1002 2735 964 1000 2736 969 1005 2737 972 1006 2738 970 1007 2739 972 1006 2740 969 1005 2741 971 1008 2742 970 1007 2743 969 1005 2744 972 1006 2745 952 988 2746 974 991 2747 964 1000 2748 974 991 2749 960 997 2750 973 1009 2751 950 986 2752 952 988 2753 977 1010 2754 973 1009 2755 970 1007 2756 975 1011 2757 948 985 2758 950 986 2759 979 1012 2760 975 1011 2761 977 1010 2762 986 1013 2763 977 1010 2764 970 1007 2765 978 1014 2766 979 1012 2767 977 1010 2768 980 1015 2769 12 12 2770 979 1012 2771 12 12 2772 976 1016 2773 979 1012 2774 7 9 2775 980 1015 2776 981 1017 2777 981 1017 2778 978 1014 2779 982 1018 2780 984 259 2781 981 1017 2782 982 1018 2783 228 256 2784 7 9 2785 981 1017 2786 982 1018 2787 986 1013 2788 983 1019 2789 238 270 2790 982 1018 2791 983 1019 2792 983 1019 2793 971 1008 2794 985 1020 2795 240 271 2796 983 1019 2797 985 1020 2798 243 272 2799 985 1020 2800 987 1021 2801 968 1004 2802 985 1020 2803 971 1008 2804 968 1004 2805 988 1022 2806 987 1021 2807 988 1022 2808 243 272 2809 987 1021 2810 966 1003 2811 484 546 2812 988 1022 2813 484 546 2814 989 284 2815 988 1022 2816 976 1016 2817 22 26 2818 948 985 2819 929 967 2820 497 557 2821 958 995 2822 939 980 2823 40 44 2824 911 949 2825 892 931 2826 510 569 2827 921 958 2828 902 944 2829 64 74 2830 874 913 2831 855 895 2832 524 581 2833 884 922 2834 865 908 2835 82 92 2836 837 877 2837 818 859 2838 538 593 2839 847 887 2840 828 872 2841 106 122 2842 800 841 2843 781 823 2844 551 605 2845 810 851 2846 791 836 2847 124 140 2848 763 805 2849 736 780 2850 565 617 2851 773 814 2852 754 800 2853 148 169 2854 752 792 2855 148 169 2856 750 1023 2857 752 792 2858 750 1023 2859 152 172 2860 714 758 2861 695 740 2862 583 633 2863 724 768 2864 705 753 2865 176 202 2866 677 722 2867 658 704 2868 596 645 2869 687 732 2870 668 717 2871 194 220 2872 640 686 2873 621 668 2874 610 657 2875 650 695 2876 631 681 2877 218 250 2878 231 262 2879 4 0 9789 1 255 9790 0 1 9791 5 3 9792 3 2 9793 0 1 9794 8 5 9795 4 0 9796 3 2 9797 3 2 9798 5 3 9799 9 7 9800 6 6 9801 9 7 9802 10 8 9803 226 10 9804 8 5 9805 6 6 9806 10 8 9807 9 7 9808 11 11 9809 9 7 9810 5 3 9811 14 13 9812 11 11 9813 13 15 9814 990 14 9815 14 13 9816 16 16 9817 13 15 9818 16 16 9819 14 13 9820 15 17 9821 5 3 9822 2 4 9823 15 17 9824 16 16 9825 17 18 9826 19 19 9827 13 15 9828 16 16 9829 18 20 9830 20 22 9831 18 20 9832 19 19 9833 18 20 9834 20 22 9835 23 24 9836 21 21 9837 23 24 9838 24 25 9839 990 14 9840 13 15 9841 21 21 9842 24 25 9843 23 24 9844 25 27 9845 23 24 9846 20 22 9847 28 29 9848 25 27 9849 27 31 9850 944 30 9851 28 29 9852 30 32 9853 27 31 9854 30 32 9855 28 29 9856 29 33 9857 20 22 9858 1023 23 9859 29 33 9860 30 32 9861 31 34 9862 33 35 9863 27 31 9864 30 32 9865 32 36 9866 34 38 9867 32 36 9868 33 35 9869 32 36 9870 34 38 9871 37 40 9872 35 37 9873 37 40 9874 38 41 9875 944 30 9876 27 31 9877 35 37 9878 38 41 9879 37 40 9880 39 43 9881 37 40 9882 34 38 9883 42 45 9884 39 43 9885 41 47 9886 910 46 9887 42 45 9888 44 48 9889 41 47 9890 44 48 9891 42 45 9892 43 49 9893 34 38 9894 1022 39 9895 43 49 9896 44 48 9897 45 50 9898 47 51 9899 41 47 9900 44 48 9901 46 52 9902 48 54 9903 46 52 9904 47 51 9905 46 52 9906 48 54 9907 51 56 9908 910 46 9909 41 47 9910 49 53 9911 49 53 9912 51 56 9913 52 58 9914 52 58 9915 51 56 9916 53 59 9917 51 56 9918 48 54 9919 56 61 9920 53 59 9921 55 63 9922 991 62 9923 56 61 9924 58 64 9925 55 63 9926 58 64 9927 56 61 9928 57 65 9929 48 54 9930 1021 55 9931 57 65 9932 58 64 9933 59 66 9934 61 67 9935 55 63 9936 58 64 9937 60 68 9938 62 70 9939 60 68 9940 61 67 9941 60 68 9942 62 70 9943 65 72 9944 63 69 9945 65 72 9946 66 73 9947 991 62 9948 55 63 9949 63 69 9950 66 73 9951 65 72 9952 67 75 9953 65 72 9954 62 70 9955 70 77 9956 67 75 9957 69 79 9958 870 78 9959 70 77 9960 72 80 9961 69 79 9962 72 80 9963 70 77 9964 71 81 9965 62 70 9966 1020 71 9967 71 81 9968 72 80 9969 73 82 9970 75 83 9971 69 79 9972 72 80 9973 74 84 9974 76 86 9975 74 84 9976 75 83 9977 74 84 9978 76 86 9979 79 88 9980 77 85 9981 79 88 9982 80 89 9983 870 78 9984 69 79 9985 77 85 9986 80 89 9987 79 88 9988 81 91 9989 79 88 9990 76 86 9991 84 93 9992 81 91 9993 83 95 9994 836 94 9995 84 93 9996 86 96 9997 83 95 9998 86 96 9999 84 93 10000 85 97 10001 76 86 10002 1019 87 10003 85 97 10004 86 96 10005 87 98 10006 89 99 10007 83 95 10008 86 96 10009 88 100 10010 90 102 10011 88 100 10012 89 99 10013 88 100 10014 90 102 10015 93 104 10016 91 101 10017 93 104 10018 94 105 10019 836 94 10020 83 95 10021 91 101 10022 94 105 10023 93 104 10024 95 107 10025 93 104 10026 90 102 10027 98 109 10028 95 107 10029 97 111 10030 992 110 10031 98 109 10032 100 112 10033 97 111 10034 100 112 10035 98 109 10036 99 113 10037 90 102 10038 1018 103 10039 99 113 10040 100 112 10041 101 114 10042 103 115 10043 97 111 10044 100 112 10045 102 116 10046 104 118 10047 102 116 10048 103 115 10049 102 116 10050 104 118 10051 107 120 10052 105 117 10053 107 120 10054 108 121 10055 992 110 10056 97 111 10057 105 117 10058 108 121 10059 107 120 10060 109 123 10061 107 120 10062 104 118 10063 112 125 10064 109 123 10065 111 127 10066 796 126 10067 112 125 10068 114 128 10069 111 127 10070 114 128 10071 112 125 10072 113 129 10073 104 118 10074 1017 119 10075 113 129 10076 114 128 10077 115 130 10078 117 131 10079 111 127 10080 114 128 10081 116 132 10082 118 134 10083 116 132 10084 117 131 10085 116 132 10086 118 134 10087 121 136 10088 119 133 10089 121 136 10090 122 137 10091 796 126 10092 111 127 10093 119 133 10094 122 137 10095 121 136 10096 123 139 10097 121 136 10098 118 134 10099 126 141 10100 123 139 10101 125 143 10102 762 142 10103 126 141 10104 128 144 10105 125 143 10106 128 144 10107 126 141 10108 127 145 10109 118 134 10110 1016 135 10111 127 145 10112 128 144 10113 129 146 10114 131 147 10115 125 143 10116 128 144 10117 130 148 10118 132 150 10119 130 148 10120 131 147 10121 130 148 10122 132 150 10123 135 152 10124 133 149 10125 135 152 10126 136 153 10127 762 142 10128 125 143 10129 133 149 10130 136 153 10131 135 152 10132 137 155 10133 135 152 10134 132 150 10135 140 157 10136 137 155 10137 139 159 10138 993 158 10139 140 157 10140 142 160 10141 139 159 10142 142 160 10143 140 157 10144 141 161 10145 132 150 10146 1015 151 10147 141 161 10148 142 160 10149 143 162 10150 145 163 10151 139 159 10152 142 160 10153 144 164 10154 146 166 10155 144 164 10156 145 163 10157 144 164 10158 146 166 10159 149 168 10160 993 158 10161 139 159 10162 147 165 10163 147 165 10164 149 168 10165 150 170 10166 150 170 10167 149 168 10168 151 171 10169 149 168 10170 146 166 10171 154 173 10172 151 171 10173 153 175 10174 713 174 10175 154 173 10176 156 176 10177 153 175 10178 156 176 10179 154 173 10180 155 177 10181 146 166 10182 1014 167 10183 155 177 10184 156 176 10185 157 178 10186 159 179 10187 153 175 10188 156 176 10189 158 180 10190 160 182 10191 158 180 10192 159 179 10193 158 180 10194 160 182 10195 163 184 10196 161 181 10197 163 184 10198 164 185 10199 713 174 10200 153 175 10201 161 181 10202 164 185 10203 163 184 10204 165 187 10205 163 184 10206 160 182 10207 168 189 10208 165 187 10209 167 191 10210 994 190 10211 168 189 10212 170 192 10213 167 191 10214 170 192 10215 168 189 10216 169 193 10217 160 182 10218 1013 183 10219 169 193 10220 170 192 10221 171 194 10222 173 195 10223 167 191 10224 170 192 10225 172 196 10226 174 198 10227 172 196 10228 173 195 10229 172 196 10230 174 198 10231 177 200 10232 175 197 10233 177 200 10234 178 201 10235 994 190 10236 167 191 10237 175 197 10238 178 201 10239 177 200 10240 179 203 10241 177 200 10242 174 198 10243 182 205 10244 179 203 10245 181 207 10246 673 206 10247 182 205 10248 184 209 10249 181 207 10250 174 198 10251 1012 199 10252 183 208 10253 184 209 10254 182 205 10255 183 208 10256 184 209 10257 185 210 10258 187 211 10259 181 207 10260 184 209 10261 186 212 10262 188 214 10263 186 212 10264 187 211 10265 186 212 10266 188 214 10267 191 216 10268 189 213 10269 191 216 10270 192 217 10271 673 206 10272 181 207 10273 189 213 10274 192 217 10275 191 216 10276 193 219 10277 191 216 10278 188 214 10279 196 221 10280 193 219 10281 195 223 10282 639 222 10283 196 221 10284 198 224 10285 195 223 10286 198 224 10287 196 221 10288 197 225 10289 188 214 10290 1011 215 10291 197 225 10292 198 224 10293 199 226 10294 201 227 10295 195 223 10296 198 224 10297 200 228 10298 202 230 10299 200 228 10300 201 227 10301 200 228 10302 202 230 10303 205 232 10304 203 229 10305 205 232 10306 206 233 10307 639 222 10308 195 223 10309 203 229 10310 206 233 10311 205 232 10312 207 235 10313 205 232 10314 202 230 10315 210 237 10316 207 235 10317 209 239 10318 995 238 10319 210 237 10320 212 240 10321 209 239 10322 212 240 10323 210 237 10324 211 241 10325 202 230 10326 1010 231 10327 211 241 10328 212 240 10329 213 242 10330 215 243 10331 209 239 10332 212 240 10333 214 244 10334 216 246 10335 214 244 10336 215 243 10337 214 244 10338 216 246 10339 219 248 10340 217 245 10341 219 248 10342 220 249 10343 995 238 10344 209 239 10345 217 245 10346 220 249 10347 219 248 10348 221 251 10349 219 248 10350 216 246 10351 223 253 10352 221 251 10353 8 5 10354 226 10 10355 223 253 10356 4 0 10357 8 5 10358 216 246 10359 225 247 10360 224 254 10361 4 0 10362 223 253 10363 224 254 10364 222 252 10365 226 10 10366 228 256 10367 230 258 10368 220 249 10369 222 252 10370 227 257 10371 228 256 10372 984 259 10373 232 261 10374 230 258 10375 227 257 10376 218 250 10377 220 249 10378 230 258 10379 231 262 10380 230 258 10381 232 261 10382 233 263 10383 232 261 10384 234 264 10385 234 264 10386 232 261 10387 229 260 10388 235 265 10389 234 264 10390 236 267 10391 236 267 10392 234 264 10393 237 266 10394 229 260 10395 984 259 10396 238 270 10397 237 266 10398 238 270 10399 240 271 10400 243 272 10401 241 274 10402 239 269 10403 244 273 10404 236 267 10405 239 269 10406 242 275 10407 246 278 10408 244 273 10409 243 272 10410 989 284 10411 242 275 10412 244 273 10413 246 278 10414 247 276 10415 245 277 10416 629 268 10417 236 267 10418 246 278 10419 248 281 10420 249 279 10421 251 280 10422 248 281 10423 246 278 10424 248 281 10425 250 288 10426 617 282 10427 253 283 10428 250 288 10429 248 281 10430 989 284 10431 252 285 10432 251 280 10433 252 285 10434 254 286 10435 253 283 10436 254 286 10437 256 289 10438 255 287 10439 255 287 10440 258 291 10441 250 288 10442 256 289 10443 479 543 10444 257 290 10445 257 290 10446 260 294 10447 258 291 10448 250 288 10449 258 291 10450 259 292 10451 258 291 10452 260 294 10453 261 293 10454 260 294 10455 262 297 10456 265 295 10457 260 294 10458 257 290 10459 263 296 10460 262 297 10461 263 296 10462 480 298 10463 262 297 10464 264 299 10465 266 300 10466 267 301 10467 265 295 10468 266 300 10469 270 303 10470 261 293 10471 265 295 10472 267 301 10473 268 302 10474 1009 304 10475 270 303 10476 267 301 10477 269 305 10478 261 293 10479 270 303 10480 271 307 10481 271 307 10482 270 303 10483 272 306 10484 272 306 10485 274 310 10486 275 309 10487 274 310 10488 272 306 10489 269 305 10490 275 309 10491 274 310 10492 276 312 10493 274 310 10494 277 311 10495 279 314 10496 277 311 10497 269 305 10498 1009 304 10499 277 311 10500 278 315 10501 280 316 10502 281 317 10503 279 314 10504 280 316 10505 284 319 10506 276 312 10507 279 314 10508 281 317 10509 282 318 10510 1008 320 10511 284 319 10512 281 317 10513 283 321 10514 276 312 10515 284 319 10516 285 323 10517 285 323 10518 284 319 10519 286 322 10520 286 322 10521 288 326 10522 289 325 10523 288 326 10524 286 322 10525 283 321 10526 289 325 10527 288 326 10528 290 328 10529 288 326 10530 291 327 10531 293 330 10532 291 327 10533 283 321 10534 1008 320 10535 291 327 10536 292 331 10537 294 332 10538 295 333 10539 293 330 10540 294 332 10541 298 335 10542 290 328 10543 293 330 10544 295 333 10545 296 334 10546 1007 336 10547 298 335 10548 295 333 10549 297 337 10550 290 328 10551 298 335 10552 299 339 10553 299 339 10554 298 335 10555 300 338 10556 300 338 10557 302 342 10558 303 341 10559 302 342 10560 300 338 10561 297 337 10562 303 341 10563 302 342 10564 304 344 10565 302 342 10566 305 343 10567 307 346 10568 305 343 10569 297 337 10570 1007 336 10571 305 343 10572 306 347 10573 308 348 10574 309 349 10575 307 346 10576 308 348 10577 312 351 10578 304 344 10579 307 346 10580 309 349 10581 310 350 10582 1006 352 10583 312 351 10584 309 349 10585 311 353 10586 304 344 10587 312 351 10588 313 355 10589 313 355 10590 312 351 10591 314 354 10592 314 354 10593 316 358 10594 317 357 10595 316 358 10596 314 354 10597 311 353 10598 317 357 10599 316 358 10600 318 360 10601 316 358 10602 319 359 10603 321 362 10604 319 359 10605 311 353 10606 1006 352 10607 319 359 10608 320 363 10609 322 364 10610 323 365 10611 321 362 10612 322 364 10613 326 367 10614 318 360 10615 321 362 10616 323 365 10617 324 366 10618 1005 368 10619 326 367 10620 323 365 10621 325 369 10622 318 360 10623 326 367 10624 327 371 10625 327 371 10626 326 367 10627 328 370 10628 328 370 10629 330 374 10630 331 373 10631 330 374 10632 328 370 10633 325 369 10634 331 373 10635 330 374 10636 332 376 10637 335 378 10638 332 376 10639 330 374 10640 333 375 10641 325 369 10642 1005 368 10643 333 375 10644 334 379 10645 336 380 10646 337 381 10647 335 378 10648 336 380 10649 340 383 10650 332 376 10651 335 378 10652 337 381 10653 338 382 10654 1004 384 10655 340 383 10656 337 381 10657 339 385 10658 332 376 10659 340 383 10660 341 387 10661 341 387 10662 340 383 10663 342 386 10664 342 386 10665 344 390 10666 345 389 10667 344 390 10668 342 386 10669 339 385 10670 345 389 10671 344 390 10672 346 392 10673 344 390 10674 347 391 10675 349 394 10676 347 391 10677 339 385 10678 1004 384 10679 347 391 10680 348 395 10681 350 396 10682 351 397 10683 349 394 10684 350 396 10685 354 399 10686 346 392 10687 349 394 10688 351 397 10689 352 398 10690 1003 400 10691 354 399 10692 351 397 10693 353 401 10694 346 392 10695 354 399 10696 355 403 10697 355 403 10698 354 399 10699 356 402 10700 356 402 10701 358 406 10702 359 405 10703 358 406 10704 356 402 10705 353 401 10706 359 405 10707 358 406 10708 360 408 10709 358 406 10710 361 407 10711 363 410 10712 361 407 10713 353 401 10714 1003 400 10715 361 407 10716 362 411 10717 364 412 10718 365 413 10719 363 410 10720 364 412 10721 368 415 10722 360 408 10723 363 410 10724 365 413 10725 366 414 10726 1002 416 10727 368 415 10728 365 413 10729 367 417 10730 360 408 10731 368 415 10732 369 419 10733 369 419 10734 368 415 10735 370 418 10736 370 418 10737 372 422 10738 373 421 10739 372 422 10740 370 418 10741 367 417 10742 373 421 10743 372 422 10744 374 424 10745 372 422 10746 375 423 10747 377 426 10748 375 423 10749 367 417 10750 1002 416 10751 375 423 10752 376 427 10753 378 428 10754 379 429 10755 377 426 10756 378 428 10757 382 431 10758 374 424 10759 377 426 10760 379 429 10761 380 430 10762 1001 432 10763 382 431 10764 379 429 10765 381 433 10766 374 424 10767 382 431 10768 383 435 10769 383 435 10770 382 431 10771 384 434 10772 384 434 10773 386 438 10774 387 437 10775 386 438 10776 384 434 10777 381 433 10778 387 437 10779 386 438 10780 388 440 10781 386 438 10782 389 439 10783 391 442 10784 389 439 10785 381 433 10786 1001 432 10787 389 439 10788 390 443 10789 392 444 10790 393 445 10791 391 442 10792 392 444 10793 396 447 10794 388 440 10795 391 442 10796 393 445 10797 394 446 10798 1000 448 10799 396 447 10800 393 445 10801 395 449 10802 388 440 10803 396 447 10804 397 451 10805 397 451 10806 396 447 10807 398 450 10808 398 450 10809 400 454 10810 401 453 10811 400 454 10812 398 450 10813 395 449 10814 401 453 10815 400 454 10816 402 456 10817 400 454 10818 403 455 10819 405 458 10820 403 455 10821 395 449 10822 1000 448 10823 403 455 10824 404 459 10825 406 460 10826 407 461 10827 405 458 10828 406 460 10829 410 463 10830 402 456 10831 405 458 10832 407 461 10833 408 462 10834 999 464 10835 410 463 10836 407 461 10837 409 465 10838 402 456 10839 410 463 10840 411 467 10841 411 467 10842 410 463 10843 412 466 10844 412 466 10845 414 470 10846 415 469 10847 414 470 10848 412 466 10849 409 465 10850 415 469 10851 414 470 10852 416 472 10853 414 470 10854 417 471 10855 419 474 10856 417 471 10857 409 465 10858 999 464 10859 417 471 10860 418 475 10861 420 476 10862 421 477 10863 419 474 10864 420 476 10865 424 479 10866 416 472 10867 419 474 10868 421 477 10869 422 478 10870 998 480 10871 424 479 10872 421 477 10873 423 481 10874 416 472 10875 424 479 10876 425 483 10877 425 483 10878 424 479 10879 426 482 10880 426 482 10881 428 486 10882 429 485 10883 428 486 10884 426 482 10885 423 481 10886 429 485 10887 428 486 10888 430 488 10889 433 490 10890 430 488 10891 428 486 10892 431 487 10893 423 481 10894 998 480 10895 431 487 10896 432 491 10897 434 492 10898 435 493 10899 433 490 10900 434 492 10901 438 495 10902 430 488 10903 433 490 10904 435 493 10905 436 494 10906 997 496 10907 438 495 10908 435 493 10909 437 497 10910 430 488 10911 438 495 10912 439 499 10913 439 499 10914 438 495 10915 440 498 10916 440 498 10917 442 502 10918 443 501 10919 442 502 10920 440 498 10921 437 497 10922 443 501 10923 442 502 10924 444 504 10925 442 502 10926 445 503 10927 447 506 10928 445 503 10929 437 497 10930 997 496 10931 445 503 10932 446 507 10933 448 508 10934 449 509 10935 447 506 10936 448 508 10937 452 511 10938 444 504 10939 447 506 10940 449 509 10941 450 510 10942 996 512 10943 452 511 10944 449 509 10945 451 513 10946 444 504 10947 452 511 10948 453 515 10949 453 515 10950 452 511 10951 454 514 10952 454 514 10953 456 518 10954 457 517 10955 456 518 10956 454 514 10957 451 513 10958 457 517 10959 456 518 10960 458 520 10961 456 518 10962 459 519 10963 461 522 10964 459 519 10965 451 513 10966 996 512 10967 459 519 10968 460 523 10969 462 524 10970 463 525 10971 461 522 10972 462 524 10973 466 527 10974 458 520 10975 461 522 10976 463 525 10977 464 526 10978 481 528 10979 466 527 10980 463 525 10981 465 529 10982 458 520 10983 466 527 10984 467 531 10985 467 531 10986 466 527 10987 468 530 10988 468 530 10989 470 534 10990 471 533 10991 470 534 10992 468 530 10993 465 529 10994 471 533 10995 470 534 10996 472 536 10997 470 534 10998 473 535 10999 475 538 11000 473 535 11001 465 529 11002 481 528 11003 473 535 11004 474 539 11005 476 540 11006 477 541 11007 475 538 11008 476 540 11009 479 543 11010 472 536 11011 475 538 11012 477 541 11013 478 542 11014 480 298 11015 263 296 11016 257 290 11017 479 543 11018 472 536 11019 479 543 11020 256 289 11021 482 537 11022 256 289 11023 254 286 11024 485 545 11025 471 533 11026 482 537 11027 483 544 11028 254 286 11029 252 285 11030 486 547 11031 485 545 11032 483 544 11033 487 548 11034 485 545 11035 486 547 11036 469 532 11037 471 533 11038 485 545 11039 489 550 11040 467 531 11041 469 532 11042 490 551 11043 489 550 11044 487 548 11045 491 552 11046 489 550 11047 490 551 11048 492 521 11049 467 531 11050 489 550 11051 494 554 11052 457 517 11053 492 521 11054 495 555 11055 494 554 11056 491 552 11057 496 556 11058 494 554 11059 495 555 11060 455 516 11061 457 517 11062 494 554 11063 498 558 11064 453 515 11065 455 516 11066 499 559 11067 498 558 11068 496 556 11069 500 560 11070 498 558 11071 499 559 11072 501 505 11073 453 515 11074 498 558 11075 503 562 11076 443 501 11077 501 505 11078 504 563 11079 503 562 11080 500 560 11081 505 564 11082 503 562 11083 504 563 11084 441 500 11085 443 501 11086 503 562 11087 507 566 11088 439 499 11089 441 500 11090 508 567 11091 507 566 11092 505 564 11093 509 568 11094 507 566 11095 508 567 11096 512 489 11097 439 499 11098 507 566 11099 513 570 11100 511 571 11101 509 568 11102 511 571 11103 429 485 11104 512 489 11105 514 572 11106 511 571 11107 513 570 11108 427 484 11109 429 485 11110 511 571 11111 516 574 11112 425 483 11113 427 484 11114 517 575 11115 516 574 11116 514 572 11117 518 576 11118 516 574 11119 517 575 11120 519 473 11121 425 483 11122 516 574 11123 521 578 11124 415 469 11125 519 473 11126 522 579 11127 521 578 11128 518 576 11129 523 580 11130 521 578 11131 522 579 11132 413 468 11133 415 469 11134 521 578 11135 525 582 11136 411 467 11137 413 468 11138 526 583 11139 525 582 11140 523 580 11141 527 584 11142 525 582 11143 526 583 11144 528 457 11145 411 467 11146 525 582 11147 530 586 11148 401 453 11149 528 457 11150 531 587 11151 530 586 11152 527 584 11153 532 588 11154 530 586 11155 531 587 11156 399 452 11157 401 453 11158 530 586 11159 534 590 11160 397 451 11161 399 452 11162 535 591 11163 534 590 11164 532 588 11165 536 592 11166 534 590 11167 535 591 11168 537 441 11169 397 451 11170 534 590 11171 539 594 11172 387 437 11173 537 441 11174 540 595 11175 539 594 11176 536 592 11177 541 596 11178 539 594 11179 540 595 11180 385 436 11181 387 437 11182 539 594 11183 543 598 11184 383 435 11185 385 436 11186 544 599 11187 543 598 11188 541 596 11189 545 600 11190 543 598 11191 544 599 11192 546 425 11193 383 435 11194 543 598 11195 548 602 11196 373 421 11197 546 425 11198 549 603 11199 548 602 11200 545 600 11201 550 604 11202 548 602 11203 549 603 11204 371 420 11205 373 421 11206 548 602 11207 552 606 11208 369 419 11209 371 420 11210 553 607 11211 552 606 11212 550 604 11213 554 608 11214 552 606 11215 553 607 11216 555 409 11217 369 419 11218 552 606 11219 557 610 11220 359 405 11221 555 409 11222 558 611 11223 557 610 11224 554 608 11225 559 612 11226 557 610 11227 558 611 11228 357 404 11229 359 405 11230 557 610 11231 561 614 11232 355 403 11233 357 404 11234 562 615 11235 561 614 11236 559 612 11237 563 616 11238 561 614 11239 562 615 11240 564 393 11241 355 403 11242 561 614 11243 566 618 11244 345 389 11245 564 393 11246 567 619 11247 566 618 11248 563 616 11249 568 620 11250 566 618 11251 567 619 11252 343 388 11253 345 389 11254 566 618 11255 570 622 11256 341 387 11257 343 388 11258 571 623 11259 570 622 11260 568 620 11261 572 624 11262 570 622 11263 571 623 11264 575 377 11265 341 387 11266 570 622 11267 576 626 11268 574 627 11269 572 624 11270 574 627 11271 331 373 11272 575 377 11273 577 628 11274 574 627 11275 576 626 11276 329 372 11277 331 373 11278 574 627 11279 579 630 11280 327 371 11281 329 372 11282 580 631 11283 579 630 11284 577 628 11285 581 632 11286 579 630 11287 580 631 11288 582 361 11289 327 371 11290 579 630 11291 584 634 11292 317 357 11293 582 361 11294 585 635 11295 584 634 11296 581 632 11297 586 636 11298 584 634 11299 585 635 11300 315 356 11301 317 357 11302 584 634 11303 588 638 11304 313 355 11305 315 356 11306 589 639 11307 588 638 11308 586 636 11309 590 640 11310 588 638 11311 589 639 11312 591 345 11313 313 355 11314 588 638 11315 593 642 11316 303 341 11317 591 345 11318 594 643 11319 593 642 11320 590 640 11321 595 644 11322 593 642 11323 594 643 11324 301 340 11325 303 341 11326 593 642 11327 597 646 11328 299 339 11329 301 340 11330 598 647 11331 597 646 11332 595 644 11333 599 648 11334 597 646 11335 598 647 11336 600 329 11337 299 339 11338 597 646 11339 602 650 11340 289 325 11341 600 329 11342 603 651 11343 602 650 11344 599 648 11345 604 652 11346 602 650 11347 603 651 11348 287 324 11349 289 325 11350 602 650 11351 606 654 11352 285 323 11353 287 324 11354 607 655 11355 606 654 11356 604 652 11357 608 656 11358 606 654 11359 607 655 11360 609 313 11361 285 323 11362 606 654 11363 611 658 11364 275 309 11365 609 313 11366 612 659 11367 611 658 11368 608 656 11369 613 660 11370 611 658 11371 612 659 11372 273 308 11373 275 309 11374 611 658 11375 615 662 11376 271 307 11377 273 308 11378 616 663 11379 615 662 11380 613 660 11381 617 282 11382 615 662 11383 616 663 11384 259 292 11385 271 307 11386 615 662 11387 249 279 11388 616 663 11389 618 664 11390 618 664 11391 616 663 11392 614 661 11393 247 276 11394 618 664 11395 619 666 11396 619 666 11397 618 664 11398 620 665 11399 614 661 11400 612 659 11401 621 668 11402 620 665 11403 621 668 11404 623 669 11405 623 669 11406 626 673 11407 624 670 11408 622 667 11409 624 670 11410 627 671 11411 625 672 11412 628 674 11413 627 671 11414 626 673 11415 648 678 11416 625 672 11417 629 268 11418 627 671 11419 628 674 11420 619 666 11421 627 671 11422 629 268 11423 628 674 11424 630 676 11425 233 263 11426 632 675 11427 630 676 11428 628 674 11429 630 676 11430 631 681 11431 231 262 11432 634 677 11433 631 681 11434 630 676 11435 648 678 11436 633 679 11437 632 675 11438 633 679 11439 635 680 11440 634 677 11441 635 680 11442 206 233 11443 208 236 11444 208 236 11445 995 238 11446 631 681 11447 204 234 11448 206 233 11449 635 680 11450 636 682 11451 635 680 11452 633 679 11453 641 684 11454 638 685 11455 636 682 11456 638 685 11457 639 222 11458 204 234 11459 194 220 11460 639 222 11461 638 685 11462 640 686 11463 638 685 11464 641 684 11465 642 687 11466 641 684 11467 643 688 11468 643 688 11469 641 684 11470 637 683 11471 644 689 11472 643 688 11473 645 691 11474 645 691 11475 643 688 11476 646 690 11477 646 690 11478 648 678 11479 626 673 11480 637 683 11481 633 679 11482 648 678 11483 649 694 11484 651 696 11485 645 691 11486 649 694 11487 647 693 11488 626 673 11489 623 669 11490 621 668 11491 650 695 11492 650 695 11493 653 699 11494 651 696 11495 651 696 11496 653 699 11497 654 697 11498 652 698 11499 666 692 11500 645 691 11501 653 699 11502 607 655 11503 605 653 11504 610 657 11505 607 655 11506 653 699 11507 605 653 11508 603 651 11509 655 700 11510 654 697 11511 655 700 11512 656 701 11513 656 701 11514 655 700 11515 657 702 11516 655 700 11517 603 651 11518 601 649 11519 601 649 11520 598 647 11521 658 704 11522 657 702 11523 658 704 11524 660 705 11525 660 705 11526 663 709 11527 661 706 11528 659 703 11529 661 706 11530 664 707 11531 662 708 11532 665 710 11533 664 707 11534 663 709 11535 685 714 11536 662 708 11537 664 707 11538 665 710 11539 644 689 11540 656 701 11541 664 707 11542 666 692 11543 665 710 11544 667 712 11545 642 687 11546 669 711 11547 667 712 11548 665 710 11549 667 712 11550 668 717 11551 640 686 11552 671 713 11553 668 717 11554 667 712 11555 685 714 11556 670 715 11557 669 711 11558 670 715 11559 672 716 11560 671 713 11561 672 716 11562 673 206 11563 190 218 11564 190 218 11565 192 217 11566 668 717 11567 180 204 11568 673 206 11569 672 716 11570 674 718 11571 672 716 11572 670 715 11573 678 720 11574 676 721 11575 674 718 11576 676 721 11577 178 201 11578 180 204 11579 176 202 11580 178 201 11581 676 721 11582 677 722 11583 676 721 11584 678 720 11585 679 723 11586 678 720 11587 680 724 11588 680 724 11589 678 720 11590 675 719 11591 681 725 11592 680 724 11593 682 727 11594 682 727 11595 680 724 11596 683 726 11597 685 714 11598 663 709 11599 684 729 11600 675 719 11601 670 715 11602 685 714 11603 688 730 11604 682 727 11605 684 729 11606 686 731 11607 684 729 11608 663 709 11609 660 705 11610 658 704 11611 687 732 11612 687 732 11613 690 735 11614 688 730 11615 688 730 11616 690 735 11617 691 733 11618 689 734 11619 703 728 11620 682 727 11621 690 735 11622 594 643 11623 592 641 11624 596 645 11625 594 643 11626 690 735 11627 592 641 11628 589 639 11629 692 736 11630 691 733 11631 692 736 11632 693 737 11633 693 737 11634 692 736 11635 694 738 11636 692 736 11637 589 639 11638 587 637 11639 587 637 11640 585 635 11641 695 740 11642 694 738 11643 695 740 11644 697 741 11645 697 741 11646 700 745 11647 698 742 11648 693 737 11649 696 739 11650 698 742 11651 699 744 11652 702 746 11653 701 743 11654 700 745 11655 722 750 11656 699 744 11657 701 743 11658 702 746 11659 681 725 11660 693 737 11661 701 743 11662 703 728 11663 702 746 11664 704 748 11665 679 723 11666 706 747 11667 704 748 11668 702 746 11669 704 748 11670 705 753 11671 677 722 11672 708 749 11673 705 753 11674 704 748 11675 722 750 11676 707 751 11677 706 747 11678 707 751 11679 709 752 11680 708 749 11681 709 752 11682 164 185 11683 166 188 11684 166 188 11685 994 190 11686 705 753 11687 162 186 11688 164 185 11689 709 752 11690 710 754 11691 709 752 11692 707 751 11693 715 756 11694 712 757 11695 710 754 11696 712 757 11697 713 174 11698 162 186 11699 152 172 11700 713 174 11701 712 757 11702 714 758 11703 712 757 11704 715 756 11705 716 759 11706 715 756 11707 717 760 11708 717 760 11709 715 756 11710 711 755 11711 718 761 11712 717 760 11713 719 763 11714 719 763 11715 717 760 11716 720 762 11717 720 762 11718 722 750 11719 700 745 11720 711 755 11721 707 751 11722 722 750 11723 725 766 11724 719 763 11725 721 765 11726 697 741 11727 723 767 11728 721 765 11729 697 741 11730 695 740 11731 724 768 11732 724 768 11733 727 771 11734 725 766 11735 725 766 11736 727 771 11737 728 769 11738 725 766 11739 726 770 11740 748 764 11741 727 771 11742 580 631 11743 578 629 11744 583 633 11745 580 631 11746 727 771 11747 578 629 11748 576 626 11749 729 772 11750 728 769 11751 729 772 11752 730 773 11753 730 773 11754 729 772 11755 731 774 11756 729 772 11757 576 626 11758 573 625 11759 731 774 11760 733 777 11761 734 776 11762 573 625 11763 571 623 11764 733 777 11765 734 776 11766 733 777 11767 735 778 11768 733 777 11769 571 623 11770 569 621 11771 569 621 11772 567 619 11773 736 780 11774 735 778 11775 736 780 11776 738 781 11777 737 779 11778 738 781 11779 741 782 11780 734 776 11781 737 779 11782 739 783 11783 740 785 11784 743 794 11785 742 784 11786 741 782 11787 771 797 11788 740 785 11789 742 784 11790 743 794 11791 745 786 11792 734 776 11793 742 784 11794 744 787 11795 745 786 11796 747 789 11797 746 788 11798 730 773 11799 732 775 11800 744 787 11801 746 788 11802 747 789 11803 718 761 11804 730 773 11805 746 788 11806 748 764 11807 747 789 11808 749 791 11809 716 759 11810 751 790 11811 749 791 11812 747 789 11813 749 791 11814 750 1023 11815 714 758 11816 752 792 11817 750 1023 11818 749 791 11819 753 793 11820 754 800 11821 752 792 11822 743 794 11823 753 793 11824 751 790 11825 757 795 11826 754 800 11827 753 793 11828 755 796 11829 753 793 11830 743 794 11831 771 797 11832 756 798 11833 755 796 11834 756 798 11835 758 799 11836 757 795 11837 758 799 11838 136 153 11839 138 156 11840 138 156 11841 993 158 11842 754 800 11843 134 154 11844 136 153 11845 758 799 11846 759 801 11847 758 799 11848 756 798 11849 764 803 11850 761 804 11851 759 801 11852 761 804 11853 762 142 11854 134 154 11855 124 140 11856 762 142 11857 761 804 11858 763 805 11859 761 804 11860 764 803 11861 765 806 11862 764 803 11863 766 807 11864 766 807 11865 764 803 11866 760 802 11867 766 807 11868 768 811 11869 789 810 11870 768 811 11871 766 807 11872 769 809 11873 769 809 11874 771 797 11875 741 782 11876 760 802 11877 756 798 11878 771 797 11879 772 813 11880 774 815 11881 768 811 11882 738 781 11883 772 813 11884 770 812 11885 738 781 11886 736 780 11887 773 814 11888 773 814 11889 776 818 11890 774 815 11891 774 815 11892 776 818 11893 777 816 11894 775 817 11895 789 810 11896 768 811 11897 776 818 11898 562 615 11899 560 613 11900 565 617 11901 562 615 11902 776 818 11903 560 613 11904 558 611 11905 778 819 11906 777 816 11907 778 819 11908 779 820 11909 779 820 11910 778 819 11911 780 821 11912 778 819 11913 558 611 11914 556 609 11915 556 609 11916 553 607 11917 781 823 11918 780 821 11919 781 823 11920 783 824 11921 783 824 11922 786 828 11923 784 825 11924 779 820 11925 782 822 11926 784 825 11927 785 827 11928 788 829 11929 787 826 11930 786 828 11931 808 833 11932 785 827 11933 787 826 11934 788 829 11935 767 808 11936 779 820 11937 787 826 11938 789 810 11939 788 829 11940 790 831 11941 765 806 11942 792 830 11943 790 831 11944 788 829 11945 790 831 11946 791 836 11947 763 805 11948 794 832 11949 791 836 11950 790 831 11951 808 833 11952 793 834 11953 792 830 11954 793 834 11955 795 835 11956 794 832 11957 795 835 11958 796 126 11959 120 138 11960 120 138 11961 122 137 11962 791 836 11963 110 124 11964 796 126 11965 795 835 11966 797 837 11967 795 835 11968 793 834 11969 801 839 11970 799 840 11971 797 837 11972 799 840 11973 108 121 11974 110 124 11975 106 122 11976 108 121 11977 799 840 11978 800 841 11979 799 840 11980 801 839 11981 802 842 11982 801 839 11983 803 843 11984 803 843 11985 801 839 11986 798 838 11987 804 844 11988 803 843 11989 805 846 11990 805 846 11991 803 843 11992 806 845 11993 806 845 11994 808 833 11995 786 828 11996 798 838 11997 793 834 11998 808 833 11999 811 849 12000 805 846 12001 807 848 12002 783 824 12003 809 850 12004 807 848 12005 783 824 12006 781 823 12007 810 851 12008 810 851 12009 813 854 12010 811 849 12011 811 849 12012 813 854 12013 814 852 12014 811 849 12015 812 853 12016 826 847 12017 813 854 12018 549 603 12019 547 601 12020 551 605 12021 549 603 12022 813 854 12023 547 601 12024 544 599 12025 815 855 12026 814 852 12027 815 855 12028 816 856 12029 816 856 12030 815 855 12031 817 857 12032 815 855 12033 544 599 12034 542 597 12035 542 597 12036 540 595 12037 818 859 12038 817 857 12039 818 859 12040 820 860 12041 820 860 12042 823 864 12043 821 861 12044 816 856 12045 819 858 12046 821 861 12047 822 863 12048 825 865 12049 824 862 12050 823 864 12051 845 869 12052 822 863 12053 824 862 12054 825 865 12055 804 844 12056 816 856 12057 824 862 12058 826 847 12059 825 865 12060 827 867 12061 802 842 12062 829 866 12063 827 867 12064 825 865 12065 827 867 12066 828 872 12067 800 841 12068 831 868 12069 828 872 12070 827 867 12071 845 869 12072 830 870 12073 829 866 12074 830 870 12075 832 871 12076 831 868 12077 832 871 12078 94 105 12079 96 108 12080 96 108 12081 992 110 12082 828 872 12083 92 106 12084 94 105 12085 832 871 12086 833 873 12087 832 871 12088 830 870 12089 838 875 12090 835 876 12091 833 873 12092 835 876 12093 836 94 12094 92 106 12095 82 92 12096 836 94 12097 835 876 12098 837 877 12099 835 876 12100 838 875 12101 839 878 12102 838 875 12103 840 879 12104 840 879 12105 838 875 12106 834 874 12107 841 880 12108 840 879 12109 842 882 12110 842 882 12111 840 879 12112 843 881 12113 843 881 12114 845 869 12115 823 864 12116 834 874 12117 830 870 12118 845 869 12119 848 885 12120 842 882 12121 844 884 12122 820 860 12123 846 886 12124 844 884 12125 820 860 12126 818 859 12127 847 887 12128 847 887 12129 850 890 12130 848 885 12131 848 885 12132 850 890 12133 851 888 12134 849 889 12135 863 883 12136 842 882 12137 850 890 12138 535 591 12139 533 589 12140 538 593 12141 535 591 12142 850 890 12143 533 589 12144 531 587 12145 852 891 12146 851 888 12147 852 891 12148 853 892 12149 853 892 12150 852 891 12151 854 893 12152 852 891 12153 531 587 12154 529 585 12155 529 585 12156 526 583 12157 855 895 12158 854 893 12159 855 895 12160 857 896 12161 856 894 12162 857 896 12163 860 897 12164 856 894 12165 858 898 12166 861 899 12167 859 900 12168 862 901 12169 861 899 12170 860 897 12171 882 905 12172 859 900 12173 863 883 12174 861 899 12175 862 901 12176 849 889 12177 853 892 12178 861 899 12179 862 901 12180 864 903 12181 839 878 12182 866 902 12183 864 903 12184 862 901 12185 864 903 12186 865 908 12187 837 877 12188 868 904 12189 865 908 12190 864 903 12191 882 905 12192 867 906 12193 866 902 12194 867 906 12195 869 907 12196 868 904 12197 869 907 12198 870 78 12199 78 90 12200 78 90 12201 80 89 12202 865 908 12203 68 76 12204 870 78 12205 869 907 12206 871 909 12207 869 907 12208 867 906 12209 875 911 12210 873 912 12211 871 909 12212 873 912 12213 66 73 12214 68 76 12215 64 74 12216 66 73 12217 873 912 12218 874 913 12219 873 912 12220 875 911 12221 876 914 12222 875 911 12223 877 915 12224 877 915 12225 875 911 12226 872 910 12227 877 915 12228 879 919 12229 900 918 12230 879 919 12231 877 915 12232 880 917 12233 880 917 12234 882 905 12235 860 897 12236 872 910 12237 867 906 12238 882 905 12239 883 921 12240 885 923 12241 879 919 12242 883 921 12243 881 920 12244 860 897 12245 857 896 12246 855 895 12247 884 922 12248 884 922 12249 887 926 12250 885 923 12251 885 923 12252 887 926 12253 888 924 12254 886 925 12255 900 918 12256 879 919 12257 887 926 12258 522 579 12259 520 577 12260 524 581 12261 522 579 12262 887 926 12263 520 577 12264 517 575 12265 889 927 12266 888 924 12267 889 927 12268 890 928 12269 890 928 12270 889 927 12271 891 929 12272 889 927 12273 517 575 12274 515 573 12275 515 573 12276 513 570 12277 892 931 12278 891 929 12279 892 931 12280 894 932 12281 893 930 12282 894 932 12283 897 933 12284 893 930 12285 895 934 12286 898 935 12287 896 936 12288 899 937 12289 898 935 12290 897 933 12291 918 941 12292 896 936 12293 898 935 12294 899 937 12295 878 916 12296 890 928 12297 898 935 12298 900 918 12299 899 937 12300 901 939 12301 876 914 12302 903 938 12303 901 939 12304 899 937 12305 901 939 12306 902 944 12307 874 913 12308 905 940 12309 902 944 12310 901 939 12311 918 941 12312 904 942 12313 903 938 12314 904 942 12315 906 943 12316 905 940 12317 906 943 12318 52 58 12319 54 60 12320 54 60 12321 991 62 12322 902 944 12323 50 57 12324 52 58 12325 906 943 12326 907 945 12327 906 943 12328 904 942 12329 909 947 12330 910 46 12331 50 57 12332 912 948 12333 909 947 12334 907 945 12335 40 44 12336 910 46 12337 909 947 12338 911 949 12339 909 947 12340 912 948 12341 913 950 12342 912 948 12343 914 951 12344 914 951 12345 912 948 12346 908 946 12347 915 952 12348 914 951 12349 916 954 12350 916 954 12351 914 951 12352 917 953 12353 908 946 12354 904 942 12355 918 941 12356 918 941 12357 897 933 12358 919 956 12359 920 957 12360 919 956 12361 897 933 12362 920 957 12363 922 959 12364 916 954 12365 921 958 12366 924 962 12367 922 959 12368 894 932 12369 892 931 12370 921 958 12371 922 959 12372 924 962 12373 925 960 12374 922 959 12375 923 961 12376 937 955 12377 924 962 12378 508 567 12379 506 565 12380 510 569 12381 508 567 12382 924 962 12383 506 565 12384 504 563 12385 926 963 12386 925 960 12387 926 963 12388 927 964 12389 927 964 12390 926 963 12391 928 965 12392 926 963 12393 504 563 12394 502 561 12395 502 561 12396 499 559 12397 929 967 12398 928 965 12399 929 967 12400 931 968 12401 931 968 12402 934 972 12403 932 969 12404 927 964 12405 930 966 12406 932 969 12407 933 971 12408 936 973 12409 935 970 12410 934 972 12411 956 977 12412 933 971 12413 935 970 12414 936 973 12415 915 952 12416 927 964 12417 935 970 12418 937 955 12419 936 973 12420 938 975 12421 913 950 12422 940 974 12423 938 975 12424 936 973 12425 938 975 12426 939 980 12427 911 949 12428 942 976 12429 939 980 12430 938 975 12431 956 977 12432 941 978 12433 940 974 12434 941 978 12435 943 979 12436 942 976 12437 943 979 12438 944 30 12439 36 42 12440 36 42 12441 38 41 12442 939 980 12443 26 28 12444 944 30 12445 943 979 12446 945 981 12447 943 979 12448 941 978 12449 949 983 12450 947 984 12451 945 981 12452 947 984 12453 24 25 12454 26 28 12455 22 26 12456 24 25 12457 947 984 12458 948 985 12459 947 984 12460 949 983 12461 950 986 12462 949 983 12463 951 987 12464 951 987 12465 949 983 12466 946 982 12467 952 988 12468 951 987 12469 953 990 12470 953 990 12471 951 987 12472 954 989 12473 954 989 12474 956 977 12475 934 972 12476 946 982 12477 941 978 12478 956 977 12479 959 993 12480 953 990 12481 955 992 12482 931 968 12483 957 994 12484 955 992 12485 931 968 12486 929 967 12487 958 995 12488 958 995 12489 961 998 12490 959 993 12491 959 993 12492 961 998 12493 962 996 12494 959 993 12495 960 997 12496 974 991 12497 961 998 12498 495 555 12499 493 553 12500 497 557 12501 495 555 12502 961 998 12503 493 553 12504 490 551 12505 963 999 12506 962 996 12507 963 999 12508 964 1000 12509 964 1000 12510 963 999 12511 965 1001 12512 963 999 12513 490 551 12514 488 549 12515 488 549 12516 486 547 12517 966 1003 12518 965 1001 12519 966 1003 12520 968 1004 12521 968 1004 12522 971 1008 12523 969 1005 12524 964 1000 12525 967 1002 12526 969 1005 12527 970 1007 12528 973 1009 12529 972 1006 12530 971 1008 12531 986 1013 12532 970 1007 12533 972 1006 12534 973 1009 12535 952 988 12536 964 1000 12537 972 1006 12538 974 991 12539 973 1009 12540 975 1011 12541 950 986 12542 977 1010 12543 975 1011 12544 973 1009 12545 975 1011 12546 976 1016 12547 948 985 12548 979 1012 12549 976 1016 12550 975 1011 12551 986 1013 12552 978 1014 12553 977 1010 12554 978 1014 12555 980 1015 12556 979 1012 12557 980 1015 12558 10 8 12559 12 12 12560 12 12 12561 990 14 12562 976 1016 12563 7 9 12564 10 8 12565 980 1015 12566 981 1017 12567 980 1015 12568 978 1014 12569 984 259 12570 228 256 12571 981 1017 12572 228 256 12573 226 10 12574 7 9 12575 982 1018 12576 978 1014 12577 986 1013 12578 238 270 12579 984 259 12580 982 1018 12581 983 1019 12582 986 1013 12583 971 1008 12584 240 271 12585 238 270 12586 983 1019 12587 243 272 12588 240 271 12589 985 1020 12590 968 1004 12591 987 1021 12592 985 1020 12593 968 1004 12594 966 1003 12595 988 1022 12596 988 1022 12597 989 284 12598 243 272 12599 966 1003 12600 486 547 12601 484 546 12602 484 546 12603 252 285 12604 989 284 12605 976 1016 12606 990 14 12607 22 26 12608 929 967 12609 499 559 12610 497 557 12611 939 980 12612 38 41 12613 40 44 12614 892 931 12615 513 570 12616 510 569 12617 902 944 12618 991 62 12619 64 74 12620 855 895 12621 526 583 12622 524 581 12623 865 908 12624 80 89 12625 82 92 12626 818 859 12627 540 595 12628 538 593 12629 828 872 12630 992 110 12631 106 122 12632 781 823 12633 553 607 12634 551 605 12635 791 836 12636 122 137 12637 124 140 12638 736 780 12639 567 619 12640 565 617 12641 754 800 12642 993 158 12643 148 169 12644 148 169 12645 150 170 12646 750 1023 12647 750 1023 12648 150 170 12649 152 172 12650 695 740 12651 585 635 12652 583 633 12653 705 753 12654 994 190 12655 176 202 12656 658 704 12657 598 647 12658 596 645 12659 668 717 12660 192 217 12661 194 220 12662 621 668 12663 612 659 12664 610 657 12665 631 681 12666 995 238 12667 218 250 12668</p>
        </triangles>
      </mesh>
    </geometry>
  </library_geometries>
  <library_visual_scenes>
    <visual_scene id="Scene" name="Scene">
      <node id="yandex_bot_052" name="yandex_bot.052" type="NODE">
        <matrix sid="transform">0.1385349 -9.02808e-8 0 5.09036e-4 9.02808e-8 0.1385349 0 0.08471921 0 0 0.1385349 0.6092519 0 0 0 1</matrix>
        <instance_geometry url="#Cylinder_053-mesh" name="yandex_bot.052">
          <bind_material>
            <technique_common>
              <instance_material symbol="white-material" target="#white-material">
                <bind_vertex_input semantic="UVMap" input_semantic="TEXCOORD" input_set="0"/>
              </instance_material>
              <instance_material symbol="black-material" target="#black-material">
                <bind_vertex_input semantic="UVMap" input_semantic="TEXCOORD" input_set="0"/>
              </instance_material>
              <instance_material symbol="red-material" target="#red-material">
                <bind_vertex_input semantic="UVMap" input_semantic="TEXCOORD" input_set="0"/>
              </instance_material>
              <instance_material symbol="black_g-material" target="#black_g-material">
                <bind_vertex_input semantic="UVMap" input_semantic="TEXCOORD" input_set="0"/>
              </instance_material>
            </technique_common>
          </bind_material>
        </instance_geometry>
      </node>
    </visual_scene>
  </library_visual_scenes>
  <scene>
    <instance_visual_scene url="#Scene"/>
  </scene>
</COLLADA>