<?xml version="1.0" encoding="utf-8"?>
<COLLADA xmlns="http://www.collada.org/2005/11/COLLADASchema" version="1.4.1" xmlns:xsi="http://www.w3.org/2001/XMLSchema-instance">
  <asset>
    <contributor>
      <author>Blender User</author>
      <authoring_tool>Blender 4.5.4 LTS commit date:2025-10-27, commit time:12:46, hash:b3efe983cc58</authoring_tool>
    </contributor>
    <created>2025-11-07T00:48:16</created>
    <modified>2025-11-07T00:48:16</modified>
    <unit name="meter" meter="1"/>
    <up_axis>Z_UP</up_axis>
  </asset>
  <library_effects>
    <effect id="white-effect">
      <profile_COMMON>
        <technique sid="common">
          <lambert>
            <emission>
              <color sid="emission">0 0 0 1</color>
            </emission>
            <diffuse>
              <color sid="diffuse">0.8 0.8 0.8 1</color>
            </diffuse>
            <index_of_refraction>
              <float sid="ior">1.45</float>
            </index_of_refraction>
          </lambert>
        </technique>
      </profile_COMMON>
    </effect>
    <effect id="black-effect">
      <profile_COMMON>
        <technique sid="common">
          <lambert>
            <emission>
              <color sid="emission">0 0 0 1</color>
            </emission>
            <diffuse>
              <color sid="diffuse">0.01466957 0.01466957 0.01466957 1</color>
            </diffuse>
            <index_of_refraction>
              <float sid="ior">1.45</float>
            </index_of_refraction>
          </lambert>
        </technique>
      </profile_COMMON>
    </effect>
    <effect id="red-effect">
      <profile_COMMON>
        <technique sid="common">
          <lambert>
            <emission>
              <color sid="emission">0 0 0 1</color>
            </emission>
            <diffuse>
              <color sid="diffuse">0.8000001 0.07162817 0.04656312 1</color>
            </diffuse>
            <index_of_refraction>
              <float sid="ior">1.45</float>
            </index_of_refraction>
          </lambert>
        </technique>
      </profile_COMMON>
    </effect>
    <effect id="black_g-effect">
      <profile_COMMON>
        <technique sid="common">
          <lambert>
            <emission>
              <color sid="emission">0 0 0 1</color>
            </emission>
            <diffuse>
              <color sid="diffuse">0.02037899 0.02037899 0.02037899 1</color>
            </diffuse>
            <index_of_refraction>
              <float sid="ior">1.45</float>
            </index_of_refraction>
          </lambert>
        </technique>
      </profile_COMMON>
    </effect>
  </library_effects>
  <library_images/>
  <library_materials>
    <material id="white-material" name="white">
      <instance_effect url="#white-effect"/>
    </material>
    <material id="black-material" name="black">
      <instance_effect url="#black-effect"/>
    </material>
    <material id="red-material" name="red">
      <instance_effect url="#red-effect"/>
    </material>
    <material id="black_g-material" name="black_g">
      <instance_effect url="#black_g-effect"/>
    </material>
  </library_materials>
  <library_geometries>
    <geometry id="Cylinder_055-mesh" name="Cylinder.055">
      <mesh>
        <source id="Cylinder_055-mesh-positions">
          <float_array id="Cylinder_055-mesh-positions-array" count="11247">-1.99536e-7 -0.5842953 -1.146398 0.443839 -0.5842953 -1.146398 -1.99536e-7 -0.8034802 -1.146398 -0.4438394 -0.5842953 -1.146398 -0.4438394 -0.8034802 -1.146398 -0.4929537 -0.5842953 -1.154175 -0.492966 -0.805078 -1.156168 -0.5372845 -0.5842953 -1.176744 -0.5372735 -0.8126998 -1.179769 -0.5724922 -0.5842953 -1.211898 -0.5725082 -0.8256188 -1.214949 -0.5951305 -0.5842953 -1.256194 -0.5951305 -0.8425384 -1.258174 -0.6029834 -0.5842953 -1.305296 -0.6029834 -0.8618326 -1.305296 -0.6057181 -0.5842953 -3.075512 -0.6057181 -1.700547 -3.075512 -0.5979411 -1.754882 -3.075512 -0.5951991 -0.9126778 -1.302556 -0.5753712 -1.803898 -3.075512 -0.5726385 -0.9589849 -1.299339 -0.5402178 -1.842797 -3.075512 -0.5374529 -0.9963088 -1.295951 -0.4959219 -1.867772 -3.075512 -0.4931768 -1.0209 -1.292734 -0.4468194 -1.876378 -3.075512 -0.4440611 -1.030414 -1.289994 -1.88826e-7 -1.876378 -3.075512 -1.98837e-7 -1.030414 -1.289994 0.4468191 -1.876378 -3.075512 0.4440607 -1.030414 -1.289994 0.4959214 -1.867772 -3.075512 0.4931765 -1.0209 -1.292734 0.5402173 -1.842797 -3.075512 0.5374526 -0.9963088 -1.295951 0.5753708 -1.803898 -3.075512 0.5726381 -0.9589844 -1.299339 0.5979406 -1.754882 -3.075512 0.5951987 -0.9126778 -1.302556 0.6057177 -1.700547 -3.075512 0.6029829 -0.8618326 -1.305296 0.6057177 -0.5842953 -3.075512 0.6029829 -0.5842953 -1.305296 0.5951301 -0.5842953 -1.256194 0.5724918 -0.5842953 -1.211898 0.5951302 -0.8425384 -1.258174 0.5859097 -0.8941374 -1.253794 0.5725079 -0.8256188 -1.214949 0.5645554 -0.8769732 -1.214266 0.5372732 -0.8126998 -1.179769 0.5352105 -0.8663559 -1.18499 0.4929656 -0.805078 -1.156168 0.5372841 -0.5842953 -1.176744 0.4929534 -0.5842953 -1.154175 0.443839 -0.8034802 -1.146398 0.4942774 -0.8609448 -1.162559 0.4438468 -0.8571825 -1.151438 0.4926624 -0.9112315 -1.180797 0.4438766 -0.9117727 -1.170776 0.4928293 -0.9530401 -1.207282 0.5279938 -0.9088292 -1.197311 0.5493599 -0.9166632 -1.218645 0.5280236 -0.9392963 -1.21659 0.5352294 -0.9687848 -1.249808 0.4946891 -0.9913082 -1.245267 0.564502 -0.9376507 -1.252509 0.4439891 -1.002865 -1.243622 0.4439257 -0.9620161 -1.202569 -1.9907e-7 -1.001613 -1.245621 -1.99303e-7 -0.9600768 -1.20559 -0.4439895 -1.002865 -1.243622 -0.494405 -0.9912043 -1.244984 -0.4439261 -0.9620161 -1.202569 -0.4927038 -0.9531922 -1.207348 -0.4438771 -0.9117727 -1.170776 -0.4927889 -0.911356 -1.180906 -0.4438472 -0.8571825 -1.151438 -1.99536e-7 -0.9098721 -1.173822 -1.99536e-7 -0.8559127 -1.153426 -0.4945618 -0.8606434 -1.162587 -0.5351296 -0.8661838 -1.184885 -0.5644432 -0.8770743 -1.214178 -0.5279942 -0.9088292 -1.197311 -0.528024 -0.9392963 -1.21659 -0.5493603 -0.9166632 -1.218645 -0.564615 -0.9376135 -1.252638 -0.5859105 -0.8945432 -1.254051 -0.5353108 -0.9686165 -1.249698 0.01339972 0.09993314 0.2594881 0.03815913 0.08967733 0.2594881 0.05710893 0.07072758 0.2594881 0.06736469 0.04596805 0.2594881 0.06736457 0.01916885 0.2594881 0.05710899 -0.005590438 0.2594881 0.03815907 -0.02454018 0.2594881 0.01339972 -0.03479599 0.2594881 -0.01339936 -0.03479599 0.2594881 -0.03815865 -0.02454042 0.2594881 -0.05710864 -0.0055902 0.2594881 -0.06736427 0.01916909 0.2594881 -0.06736439 0.04596805 0.2594881 -0.05710875 0.07072734 0.2594881 -0.03815853 0.08967757 0.2594881 -0.01339942 0.09993314 0.2594881 0.006506562 -0.3723841 7.72249 0.01852738 -0.3773308 7.721922 0.0277276 -0.3864708 7.720872 0.03270679 -0.3984132 7.719501 0.03270673 -0.4113393 7.718016 0.0277276 -0.4232817 7.716644 0.01852732 -0.4324217 7.715595 0.006506562 -0.4373684 7.715027 -0.006504476 -0.4373684 7.715027 -0.01852524 -0.4324217 7.715595 -0.02772557 -0.4232812 7.716644 -0.03270465 -0.4113393 7.718016 -0.03270471 -0.3984132 7.719501 -0.02772557 -0.3864708 7.720872 -0.01852518 -0.3773303 7.721922 -0.006504476 -0.3723841 7.72249 0.05217242 -0.03144717 2.590191 0.0554555 -0.008148193 1.189546 0.05299317 -0.02562236 2.24003 0.05381393 -0.0197978 1.889868 0.05463474 -0.01397299 1.539707 -0.05460011 -0.07581233 4.619185 -0.05938369 -0.005271911 3.220157 -0.05579602 -0.05817723 4.269428 -0.05699193 -0.04054212 3.919671 -0.05818784 -0.02290701 3.569914 0.03668397 -0.2898202 6.637985 0.04447823 -0.1582653 5.243523 0.03904759 -0.2534268 6.318635 0.04135882 -0.215646 5.941486 0.04326581 -0.1822297 5.563957 -0.0432716 -0.2739732 6.639208 -0.05246329 -0.1390697 5.245017 -0.04605895 -0.2365651 6.319942 -0.04878455 -0.1977915 5.942875 -0.05103349 -0.1635558 5.565412 0.03363996 -0.06728005 3.217315 0.03092837 -0.1328151 4.616566 0.03296208 -0.08366394 3.567127 0.03228414 -0.1000475 3.91694 0.03160625 -0.1164314 4.266752 -0.06541311 0.015877 1.190056 -0.06154125 -0.008860349 2.590675 -0.06444513 0.009692668 1.540211 -0.06347715 0.003508329 1.890366 -0.06250923 -0.00267601 2.24052 0.04327338 -0.2739735 6.639208 0.05246478 -0.13907 5.245017 0.04606068 -0.2365651 6.319942 0.04878622 -0.1977918 5.942875 0.05103498 -0.1635558 5.565412 -0.05034244 0.01650142 3.221157 -0.04628831 -0.05579376 4.620097 -0.04932892 -0.00157237 3.570892 -0.0483154 -0.01964616 3.920628 -0.04730182 -0.03771996 4.270362 0.06541365 0.015877 1.190056 0.06154209 -0.008860588 2.590675 0.06444579 0.009692668 1.540211 0.06347787 0.003508329 1.890366 0.06251001 -0.00267601 2.24052 -0.03668224 -0.2898202 6.637985 -0.0444768 -0.1582653 5.243523 -0.03904587 -0.2534266 6.318635 -0.04135721 -0.215646 5.941486 -0.04326426 -0.1822297 5.563957 0.01181232 0.04218411 3.222341 0.01086163 -0.03217935 4.621167 0.01157468 0.02359342 3.572047 0.01133698 0.005002498 3.921754 0.01109933 -0.01358842 4.271461 -0.0554549 -0.008147954 1.189546 -0.05217158 -0.03144717 2.590191 -0.05463409 -0.01397275 1.539707 -0.05381327 -0.01979756 1.889868 -0.0529924 -0.02562236 2.24003 0.04327571 -0.2568157 6.640502 0.052464 -0.1182937 5.246635 0.04606205 -0.218311 6.321339 0.04878669 -0.1784651 5.944369 0.05103474 -0.1433436 5.566984 0.06541329 0.04188084 1.190613 0.06154286 0.01558756 2.591198 0.06444567 0.03530764 1.540759 0.06347805 0.0287342 1.890905 0.06251049 0.022161 2.241052 0.0118131 -0.07629966 3.216904 0.01086091 -0.1411058 4.616181 0.01157504 -0.09250116 3.566723 0.01133698 -0.1087028 3.916542 0.01109892 -0.1249043 4.266362 -0.02450925 -0.3019457 6.637033 -0.02971845 -0.1729574 5.24238 -0.02608889 -0.2663303 6.317625 -0.02763354 -0.2293105 5.940419 -0.02890813 -0.1965222 5.562844 -0.03363704 0.03316593 3.221925 -0.03092873 -0.04047155 4.620792 -0.03295999 0.01475644 3.571642 -0.03228288 -0.003652811 3.921358 -0.03160583 -0.0220623 4.271075 -0.03705382 -0.02653646 1.189157 -0.03485947 -0.04873394 2.58982 -0.03650522 -0.03208589 1.539322 -0.03595662 -0.03763532 1.889488 -0.03540807 -0.04318451 2.239654 0.0366894 -0.2409586 6.641671 0.04447621 -0.09909939 5.248133 0.03905075 -0.2014431 6.322613 0.04135978 -0.160608 5.945744 0.04326492 -0.1246695 5.568436 0.05545419 0.06590557 1.19113 0.05217403 0.03817558 2.59168 0.05463415 0.05897307 1.541267 0.05381411 0.05204057 1.891405 0.05299407 0.04510807 2.241543 0.03363829 0.03316569 3.221925 0.03093028 -0.04047179 4.620792 0.03296124 0.0147562 3.571642 0.03228425 -0.003653049 3.921358 0.03160727 -0.02206254 4.271075 -0.008608043 -0.2222476 6.643018 -0.0104345 -0.0764594 5.249899 -0.009161889 -0.1815423 6.324097 -0.009703457 -0.1395428 5.947353 -0.01015037 -0.1026425 5.570146 -0.0122413 0.06482005 2.592247 -0.01301091 0.09424352 1.191744 -0.0124337 0.07217597 2.242121 -0.01262611 0.0795319 1.891994 -0.01281851 0.08688783 1.541869 -0.01181209 -0.07629966 3.216904 -0.0108596 -0.1411058 4.616181 -0.01157397 -0.09250116 3.566723 -0.01133584 -0.1087028 3.916542 -0.01109772 -0.1249043 4.266362 -0.008605778 -0.308507 6.636511 -0.01043528 -0.1809086 5.241762 -0.009160518 -0.2733131 6.317074 -0.00970304 -0.2367053 5.93984 -0.01015067 -0.2042572 5.562241 -0.01301139 -0.03648805 1.188948 -0.01224064 -0.05808925 2.589619 -0.01281869 -0.04188847 1.539116 -0.01262599 -0.04728865 1.889283 -0.01243329 -0.05268907 2.239451 -0.01086038 -0.03217935 4.621167 -0.01181137 0.04218411 3.222341 -0.01109814 -0.01358842 4.271461 -0.0113359 0.005002498 3.921754 -0.01157367 0.02359342 3.572047 0.02451652 -0.2288188 6.642549 0.02971804 -0.08440947 5.249278 0.0260939 -0.1885311 6.323578 0.02763628 -0.1469402 5.946789 0.0289089 -0.1103775 5.569545 0.03705328 0.08429241 1.191527 0.0348621 0.05546355 2.592048 0.03650552 0.07708525 1.541657 0.03595769 0.0698781 1.891788 0.03540986 0.06267094 2.241918 0.05034333 0.01650166 3.221157 0.0462895 -0.05579376 4.620097 0.04932987 -0.001572132 3.570892 0.04831641 -0.01964616 3.920628 0.04730296 -0.03771996 4.270362 -0.02451455 -0.2288186 6.642549 -0.02971637 -0.08440923 5.249278 -0.02609199 -0.1885311 6.323578 -0.0276345 -0.1469399 5.946789 -0.02890717 -0.1103773 5.569545 -0.03363889 -0.06728005 3.217315 -0.030927 -0.1328151 4.616566 -0.03296089 -0.08366394 3.567127 -0.03228294 -0.1000475 3.916941 -0.03160494 -0.1164314 4.266753 -0.03705245 0.08429288 1.191527 -0.03486096 0.05546379 2.592048 -0.03650462 0.07708549 1.541657 -0.03595674 0.06987833 1.891788 -0.03540885 0.06267118 2.241918 0.008607566 -0.308507 6.636511 0.01043671 -0.1809086 5.241762 0.009162247 -0.2733128 6.317074 0.009704649 -0.2367053 5.93984 0.01015222 -0.2042572 5.562241 0.01301193 -0.03648805 1.188948 0.01224148 -0.05808925 2.589619 0.01281934 -0.04188847 1.539116 0.0126267 -0.04728865 1.889283 0.01243412 -0.05268907 2.239451 0.0593847 -0.005271911 3.220156 0.05460143 -0.07581233 4.619185 0.05818885 -0.02290701 3.569914 0.05699306 -0.04054212 3.919671 0.05579721 -0.05817723 4.269428 0.01043587 -0.0764594 5.249899 0.008609771 -0.2222476 6.643018 0.01015186 -0.1026425 5.570147 0.009705066 -0.1395428 5.947353 0.009163558 -0.1815423 6.324097 -0.0503441 -0.05061411 3.218077 -0.04628634 -0.1174955 4.617272 -0.04932963 -0.06733465 3.567876 -0.04831522 -0.08405494 3.917675 -0.04730081 -0.1007752 4.267474 0.01301139 0.09424352 1.191744 0.01224213 0.06482005 2.592247 0.01281911 0.08688783 1.541869 0.01262676 0.0795319 1.891994 0.01243448 0.07217597 2.242121 -0.03668773 -0.2409586 6.641671 -0.04447489 -0.09909963 5.248133 -0.03904914 -0.2014434 6.322613 -0.04135829 -0.160608 5.945744 -0.04326355 -0.1246697 5.568436 0.05938529 -0.02883982 3.219074 0.05460059 -0.09747886 4.618194 0.05818915 -0.04599952 3.568854 0.05699294 -0.06315946 3.918634 0.05579674 -0.08031916 4.268414 -0.05545377 0.06590533 1.19113 -0.05217331 0.03817534 2.59168 -0.05463367 0.05897283 1.541267 -0.05381357 0.05204033 1.891405 -0.05299341 0.04510784 2.241543 0.02972 -0.1729574 5.24238 0.02451109 -0.3019457 6.637033 0.02890968 -0.1965222 5.562844 0.02763521 -0.2293102 5.940419 0.02609068 -0.2663303 6.317625 -0.05938434 -0.02883958 3.219074 -0.05459928 -0.09747886 4.618194 -0.05818808 -0.04599952 3.568854 -0.05699181 -0.06315922 3.918634 -0.05579555 -0.08031892 4.268414 0.03705447 -0.02653646 1.189157 0.03486037 -0.04873394 2.58982 0.03650593 -0.03208565 1.539322 0.03595745 -0.03763508 1.889488 0.03540891 -0.04318451 2.239654 -0.05246257 -0.1182937 5.246636 -0.04327392 -0.2568157 6.640503 -0.05103325 -0.1433436 5.566984 -0.04878509 -0.1784651 5.94437 -0.04606038 -0.2183113 6.32134 0.04628765 -0.1174957 4.617272 0.05034506 -0.05061435 3.218077 0.047302 -0.1007752 4.267473 0.04831635 -0.08405494 3.917675 0.04933071 -0.06733465 3.567876 -0.06154203 0.01558756 2.591198 -0.0654127 0.04188084 1.190613 -0.06250971 0.02216076 2.241052 -0.06347739 0.0287342 1.890905 -0.06444507 0.03530764 1.540759 -0.03012752 -1.82418 6.977766 -0.03012752 -0.2972691 6.679784 -0.03012752 -1.833683 7.000555 0.03012752 -1.82418 6.977766 0.03012752 -0.2972691 6.679784 0.03012752 -1.833683 7.000555 0.03012752 -0.4169555 7.678843 -0.03012752 -0.4169555 7.678843 0.123169 0.6517804 0.01692485 0.06188225 0.6608689 0.01692485 0.1832686 0.6367235 0.01692485 0.1414163 0.7435155 0.01589965 0.07105004 0.7539506 0.01589965 0.2104195 0.7262282 0.01589965 0.1426101 0.7495175 0.01568412 0.1481251 0.7772431 0.01021194 0.07164984 0.7600405 0.01568365 0.2121959 0.7320843 0.01568365 0.2204018 0.7591357 0.01021099 0.2797398 0.7079196 0.01568412 0.2905578 0.7340365 0.01021194 0.3445875 0.6772459 0.01568365 0.277398 0.702266 0.01589965 0.2416046 0.6158533 0.01692485 0.3417028 0.671849 0.01589965 0.2976121 0.5893612 0.01692485 0.4027194 0.6352801 0.01589965 0.3507556 0.5575109 0.01692485 0.4598546 0.5929024 0.01589965 0.4061193 0.6403685 0.01568412 0.4218245 0.663873 0.01021194 0.4637367 0.5976329 0.01568365 0.4816702 0.6194849 0.01021099 0.5168918 0.5494597 0.01568412 0.5368808 0.5694487 0.01021194 0.5650648 0.4963048 0.01568365 0.5125647 0.5451326 0.01589965 0.4464272 0.4789953 0.01692485 0.5603345 0.4924226 0.01589965 0.4880332 0.4330864 0.01692485 0.6027122 0.4352875 0.01589965 0.5249429 0.3833237 0.01692485 0.6392809 0.3742707 0.01589965 0.6078005 0.4386873 0.01568412 0.6313051 0.4543924 0.01021194 0.6446778 0.3771553 0.01568365 0.6696085 0.3904812 0.01021099 0.6753516 0.3123078 0.01568412 0.7014684 0.3231258 0.01021194 0.6995161 0.2447638 0.01568365 0.6696979 0.3099659 0.01589965 0.5832852 0.2741728 0.01692485 0.6936601 0.2429876 0.01589965 0.6041555 0.2158365 0.01692485 0.7109475 0.1739842 0.01589965 0.6192122 0.1557369 0.01692485 0.7213825 0.1036179 0.01589965 0.7169494 0.175178 0.01568412 0.7446749 0.1806931 0.01021099 0.7274726 0.1042177 0.01568365 0.7556051 0.1069886 0.01021099 0.7309952 0.03256797 0.01568412 0.7592638 0.03256797 0.01021099 0.7274725 -0.03908181 0.01568365 0.7248757 0.03256797 0.01589965 0.6313433 0.03256797 0.01692485 0.7213824 -0.03848195 0.01589965 0.6283007 -0.02931427 0.01692485 0.7109474 -0.108848 0.01589965 0.6192122 -0.09060096 0.01692485 0.69366 -0.1778514 0.01589965 0.7169493 -0.110042 0.01568412 0.7446748 -0.1155569 0.01021099 0.699516 -0.1796278 0.01568365 0.7265673 -0.1878337 0.01021099 0.6753514 -0.2471716 0.01568412 0.7014682 -0.2579897 0.01021099 0.6446776 -0.3120194 0.01568365 0.6696977 -0.2448298 0.01589965 0.5832851 -0.2090365 0.01692485 0.6392807 -0.3091347 0.01589965 0.5567927 -0.265044 0.01692485 0.6027121 -0.3701515 0.01589965 0.5249427 -0.3181875 0.01692485 0.5603343 -0.4272866 0.01589965 0.6078003 -0.3735514 0.01568412 0.6313048 -0.3892565 0.01021099 0.5650647 -0.4311686 0.01568365 0.5869166 -0.4491019 0.01021099 0.5168916 -0.4843235 0.01568412 0.5368806 -0.5043125 0.01021099 0.4637365 -0.5324965 0.01568365 0.5125644 -0.4799967 0.01589965 0.4464271 -0.4138589 0.01692485 0.4598544 -0.5277662 0.01589965 0.4005182 -0.4554648 0.01692485 0.4027192 -0.5701442 0.01589965 0.3507555 -0.4923749 0.01692485 0.3417025 -0.6067128 0.01589965 0.406119 -0.575232 0.01568412 0.4218242 -0.5987368 0.01021194 0.3445872 -0.6121097 0.01568365 0.357913 -0.6370401 0.01021099 0.2797396 -0.6427832 0.01568412 0.2905575 -0.6689 0.01021194 0.2121956 -0.6669479 0.01568365 0.2773978 -0.6371298 0.01589965 0.2416045 -0.5507169 0.01692485 0.2104193 -0.6610918 0.01589965 0.1832684 -0.5715876 0.01692485 0.141416 -0.6783791 0.01589965 0.1231688 -0.5866442 0.01692485 0.0710498 -0.6888142 0.01589965 0.1426099 -0.684381 0.01568412 0.1481248 -0.7121067 0.01021194 0.07164961 -0.6949043 0.01568365 0.07442039 -0.7230368 0.01021099 -1.60187e-7 -0.6984272 0.01568412 -1.64844e-7 -0.726696 0.01021194 -0.0716499 -0.6949043 0.01568365 -1.59256e-7 -0.6923075 0.01589965 -1.43657e-7 -0.5987754 0.01692485 -0.0710501 -0.6888142 0.01589965 -0.06188231 -0.5957327 0.01692485 -0.1414164 -0.6783791 0.01589965 -0.1231691 -0.5866442 0.01692485 -0.2104196 -0.6610918 0.01589965 -0.1426103 -0.6843815 0.01568412 -0.1481252 -0.7121067 0.01021194 -0.212196 -0.6669479 0.01568365 -0.220402 -0.6939993 0.01021099 -0.2797399 -0.6427832 0.01568412 -0.2905579 -0.6689005 0.01021194 -0.3445875 -0.6121097 0.01568365 -0.2773981 -0.6371298 0.01589965 -0.2416048 -0.5507169 0.01692485 -0.3417028 -0.6067128 0.01589965 -0.2976121 -0.5242248 0.01692485 -0.4027196 -0.5701437 0.01589965 -0.3507557 -0.4923744 0.01692485 -0.4598547 -0.5277662 0.01589965 -0.4061193 -0.575232 0.01568412 -0.4218246 -0.5987368 0.01021194 -0.4637368 -0.5324965 0.01568365 -0.4816702 -0.5543485 0.01021146 -0.5168918 -0.4843235 0.01568412 -0.5368807 -0.5043125 0.01021194 -0.5650648 -0.4311686 0.01568365 -0.5125647 -0.4799962 0.01589965 -0.4464272 -0.4138589 0.01692485 -0.5603345 -0.4272862 0.01589965 -0.4880331 -0.3679504 0.01692485 -0.6027122 -0.3701511 0.01589965 -0.5249429 -0.3181872 0.01692485 -0.6392809 -0.3091345 0.01589965 -0.6078004 -0.3735509 0.01568412 -0.631305 -0.389256 0.01021194 -0.6446778 -0.3120191 0.01568365 -0.6696085 -0.3253448 0.01021099 -0.6753516 -0.2471714 0.01568412 -0.7014685 -0.2579894 0.01021194 -0.6995161 -0.1796276 0.01568365 -0.6696979 -0.2448296 0.01589965 -0.5832852 -0.2090363 0.01692485 -0.6936601 -0.1778512 0.01589965 -0.6041555 -0.1507003 0.01692485 -0.7109475 -0.1088478 0.01589965 -0.6192122 -0.09060072 0.01692485 -0.7213825 -0.03848171 0.01589965 -0.7169494 -0.1100418 0.01568412 -0.7446749 -0.1155567 0.01021194 -0.7274725 -0.03908157 0.01568365 -0.7556049 -0.04185223 0.01021099 -0.7309952 0.03256821 0.01568412 -0.7592639 0.03256821 0.01021194 -0.7274725 0.104218 0.01568365 -0.7248758 0.03256821 0.01589965 -0.6313434 0.03256821 0.01692485 -0.7213824 0.1036181 0.01589965 -0.6283007 0.09445047 0.01692485 -0.7109475 0.1739845 0.01589965 -0.6192122 0.1557371 0.01692485 -0.6936601 0.2429876 0.01589965 -0.7169494 0.1751782 0.01568412 -0.7446748 0.1806933 0.01021194 -0.6995161 0.244764 0.01568365 -0.7265675 0.2529702 0.01021146 -0.6753515 0.3123081 0.01568412 -0.7014683 0.3231258 0.01021194 -0.6446776 0.3771558 0.01568365 -0.6696979 0.3099661 0.01589965 -0.5832852 0.2741728 0.01692485 -0.6392807 0.3742709 0.01589965 -0.5567929 0.3301802 0.01692485 -0.6027121 0.4352877 0.01589965 -0.5249428 0.3833237 0.01692485 -0.5603343 0.4924228 0.01589965 -0.6078002 0.4386876 0.01568412 -0.6313048 0.4543927 0.01021194 -0.5650648 0.496305 0.01568365 -0.5869167 0.5142384 0.01021099 -0.5168917 0.5494599 0.01568412 -0.5368807 0.569449 0.01021099 -0.4637367 0.5976329 0.01568365 -0.5125645 0.5451329 0.01589965 -0.446427 0.4789953 0.01692485 -0.4598544 0.5929024 0.01589965 -0.4005183 0.5206013 0.01692485 -0.4027194 0.6352804 0.01589965 -0.3507555 0.5575109 0.01692485 -0.3417027 0.671849 0.01589965 -0.4061192 0.6403685 0.01568412 -0.4218244 0.6638732 0.01021099 -0.3445874 0.6772461 0.01568365 -0.3579131 0.7021766 0.01021099 -0.2797397 0.7079196 0.01568412 -0.2905576 0.7340365 0.01021194 -0.2121958 0.7320843 0.01568365 -0.2773979 0.7022662 0.01589965 -0.2416046 0.6158533 0.01692485 -0.2104194 0.7262285 0.01589965 -0.1832685 0.6367235 0.01692485 -0.1414161 0.7435155 0.01589965 -0.1231689 0.6517804 0.01692485 -0.07104986 0.7539506 0.01589965 -0.14261 0.7495177 0.01568412 -0.1481249 0.7772431 0.01021194 -0.07164967 0.7600408 0.01568365 -0.07442051 0.7881732 0.01021146 0 0.7635634 0.01568412 0 0.791832 0.01021194 0 0.7574439 0.01589965 0 0.6639116 0.01692485 -0.06188213 0.6608689 0.01692485 0.07442063 0.788173 0.01021099 0 0.8173335 -0.003674507 0.07692021 0.8135517 -0.003674507 0 0.8375714 -0.02461528 -0.07692003 0.8135517 -0.003674507 -0.1531 0.8022547 -0.003674507 -0.07890373 0.8336921 -0.02461528 -0.1570482 0.8221035 -0.02461481 -0.08017724 0.8466227 -0.05056095 -0.1595831 0.8348475 -0.05055999 -0.08061611 0.851078 -0.0789709 0 0.8505647 -0.05056047 0.08017742 0.8466227 -0.05056047 0 0.8550418 -0.0789709 0.08061623 0.851078 -0.07897043 0 0.8550289 -1.002315 0 0.8505488 -1.030635 0.08061498 0.8510652 -1.002315 -0.0806148 0.8510652 -1.002315 -0.160454 0.8392253 -1.002315 -0.08017569 0.8466067 -1.030635 -0.15958 0.8348315 -1.030635 -0.07890141 0.8336687 -1.05632 -0.1570437 0.8220806 -1.05632 -0.07691669 0.8135176 -1.076855 0 0.8375483 -1.05632 0.07890158 0.8336687 -1.05632 0 0.8172994 -1.076855 0.07691687 0.8135176 -1.076855 0 0.7917848 -1.09023 0.07441598 0.7881258 -1.09023 0 0.7635014 -1.095135 -0.0744158 0.7881258 -1.09023 -0.1481156 0.7771964 -1.09023 -0.07164359 0.7599788 -1.095135 -0.1425979 0.7494567 -1.095135 -0.0710116 0.7535625 -1.095233 0 0.7570536 -1.095233 -0.0618087 0.6601234 -1.096436 -0.14134 0.7431331 -1.095233 -0.1230227 0.6510456 -1.096436 -0.2103062 0.7258549 -1.095233 -0.1830511 0.6360068 -1.096436 -0.2772486 0.7019057 -1.095233 -0.2121778 0.7320249 -1.095135 -0.2203879 0.7590902 -1.09023 -0.2797159 0.7078624 -1.095135 -0.2905394 0.7339926 -1.09023 -0.3445581 0.6771913 -1.095135 -0.3578907 0.7021346 -1.09023 -0.4060846 0.640317 -1.095135 -0.3415188 0.671505 -1.095233 -0.2972588 0.5887005 -1.096436 -0.4025025 0.6349559 -1.095233 -0.3503393 0.5568881 -1.096436 -0.4596069 0.5926008 -1.095233 -0.4000431 0.5200222 -1.096436 -0.5122886 0.5448568 -1.095233 -0.4636972 0.597585 -1.095135 -0.4816398 0.6194482 -1.09023 -0.5168477 0.5494161 -1.095135 -0.5368469 0.5694153 -1.090229 -0.5650167 0.4962654 -1.095135 -0.5868797 0.5142081 -1.09023 -0.6077488 0.438653 -1.095135 -0.5600327 0.4921751 -1.095233 -0.4874539 0.4326115 -1.096436 -0.6023878 0.435071 -1.095233 -0.5243198 0.3829076 -1.096436 -0.6389366 0.3740871 -1.095233 -0.5561322 0.3298271 -1.096436 -0.6693373 0.3098168 -1.095233 -0.644623 0.3771265 -1.095135 -0.6695664 0.3904591 -1.09023 -0.6752942 0.3122842 -1.095135 -0.7014245 0.3231077 -1.09023 -0.6994567 0.2447462 -1.095135 -0.726522 0.2529564 -1.09023 -0.7168885 0.1751661 -1.095135 -0.6932867 0.2428743 -1.095233 -0.6034386 0.2156193 -1.096436 -0.7105647 0.1739084 -1.095233 -0.6184775 0.155591 -1.096436 -0.7209941 0.1035799 -1.095233 -0.6275553 0.09437704 -1.096436 -0.7244856 0.03256821 -1.095233 -0.7274107 0.104212 -1.095135 -0.7555575 0.1069841 -1.09023 -0.7309332 0.03256821 -1.095135 -0.7592164 0.03256821 -1.09023 -0.7274107 -0.03907537 -1.095135 -0.7555575 -0.0418477 -1.09023 -0.7168886 -0.1100296 -1.095135 -0.7209941 -0.03844356 -1.095233 -0.6275553 -0.0292406 -1.096436 -0.7105648 -0.1087718 -1.095233 -0.6184775 -0.09045457 -1.096436 -0.6932867 -0.1777379 -1.095233 -0.6034386 -0.1504828 -1.096436 -0.6693375 -0.2446804 -1.095233 -0.6994568 -0.1796095 -1.095135 -0.7265219 -0.1878197 -1.09023 -0.6752942 -0.2471475 -1.095135 -0.7014244 -0.2579713 -1.090229 -0.6446231 -0.3119898 -1.095135 -0.6695665 -0.3253224 -1.09023 -0.6077488 -0.3735166 -1.095135 -0.6389368 -0.3089504 -1.095233 -0.5561323 -0.2646906 -1.096436 -0.6023879 -0.3699346 -1.095233 -0.52432 -0.3177712 -1.096436 -0.5600329 -0.4270387 -1.095233 -0.4874541 -0.367475 -1.096436 -0.5122888 -0.4797206 -1.095233 -0.5650169 -0.431129 -1.095135 -0.58688 -0.4490719 -1.09023 -0.5168479 -0.4842796 -1.095135 -0.5368471 -0.5042787 -1.09023 -0.4636974 -0.5324483 -1.095135 -0.4816399 -0.5543118 -1.09023 -0.4060848 -0.5751805 -1.095135 -0.4596071 -0.5274644 -1.095233 -0.4000433 -0.454886 -1.096436 -0.4025028 -0.5698195 -1.095233 -0.3503395 -0.4917517 -1.096436 -0.3415189 -0.6063686 -1.095233 -0.297259 -0.5235639 -1.096436 -0.2772487 -0.6367693 -1.095233 -0.3445582 -0.6120548 -1.095135 -0.3578908 -0.6369982 -1.09023 -0.2797161 -0.642726 -1.095135 -0.2905397 -0.6688562 -1.09023 -0.212178 -0.6668887 -1.095135 -0.2203882 -0.693954 -1.09023 -0.1425981 -0.6843205 -1.095135 -0.2103064 -0.6607185 -1.095233 -0.1830512 -0.5708704 -1.096436 -0.1413403 -0.6779966 -1.095233 -0.1230229 -0.5859094 -1.096436 -0.07101184 -0.688426 -1.095233 -0.06180888 -0.5949869 -1.096436 -1.41561e-7 -0.6919174 -1.095233 -0.07164382 -0.6948423 -1.095135 -0.07441604 -0.7229896 -1.09023 -1.42725e-7 -0.6983652 -1.095135 -1.48313e-7 -0.7266483 -1.09023 0.07164353 -0.6948423 -1.095135 0.07441574 -0.7229896 -1.09023 0.1425978 -0.6843205 -1.095135 0.07101154 -0.688426 -1.095233 0.06180864 -0.5949869 -1.096436 0.14134 -0.6779966 -1.095233 0.1230227 -0.5859094 -1.096436 0.2103061 -0.6607185 -1.095233 0.1830509 -0.5708704 -1.096436 0.2772485 -0.6367693 -1.095233 0.2121777 -0.6668887 -1.095135 0.2203878 -0.693954 -1.09023 0.2797158 -0.642726 -1.095135 0.2905393 -0.6688562 -1.09023 0.3445581 -0.6120548 -1.095135 0.3578906 -0.6369982 -1.09023 0.4060845 -0.5751805 -1.095135 0.3415187 -0.6063686 -1.095233 0.2972587 -0.5235643 -1.096436 0.4025024 -0.5698195 -1.095233 0.3503392 -0.4917517 -1.096436 0.4596069 -0.5274649 -1.095233 0.4000431 -0.454886 -1.096436 0.5122886 -0.4797206 -1.095233 0.4636971 -0.5324488 -1.095135 0.4816397 -0.5543118 -1.09023 0.5168477 -0.4842796 -1.095135 0.5368469 -0.5042791 -1.09023 0.5650167 -0.431129 -1.095135 0.5868798 -0.4490719 -1.09023 0.6077487 -0.3735166 -1.095135 0.5600327 -0.4270392 -1.095233 0.4874539 -0.367475 -1.096436 0.6023878 -0.3699346 -1.095233 0.5243198 -0.3177712 -1.096436 0.6389366 -0.3089507 -1.095233 0.5561322 -0.2646909 -1.096436 0.6693373 -0.2446806 -1.095233 0.6446229 -0.31199 -1.095135 0.6695663 -0.3253226 -1.09023 0.6752941 -0.247148 -1.095135 0.7014243 -0.2579715 -1.09023 0.6994567 -0.1796097 -1.095135 0.726522 -0.1878199 -1.09023 0.7168885 -0.1100299 -1.095135 0.6932867 -0.1777381 -1.095233 0.6034386 -0.1504831 -1.096436 0.7105648 -0.108772 -1.095233 0.6184775 -0.09045481 -1.096436 0.7209941 -0.03844356 -1.095233 0.6275553 -0.02924084 -1.096436 0.7244856 0.03256797 -1.095233 0.7274107 -0.03907561 -1.095135 0.7555576 -0.04184794 -1.09023 0.7309332 0.03256797 -1.095135 0.7592164 0.03256797 -1.09023 0.7274107 0.1042118 -1.095135 0.7555575 0.1069839 -1.09023 0.7168885 0.1751661 -1.095135 0.7209941 0.1035797 -1.095233 0.6275553 0.0943768 -1.096436 0.7105648 0.1739082 -1.095233 0.6184775 0.1555907 -1.096436 0.6932867 0.2428741 -1.095233 0.6034386 0.215619 -1.096436 0.6693375 0.3098166 -1.095233 0.6994568 0.2447459 -1.095135 0.7265219 0.2529559 -1.09023 0.6752942 0.312284 -1.095135 0.7014245 0.3231075 -1.090229 0.6446231 0.3771262 -1.095135 0.6695665 0.3904588 -1.09023 0.6077489 0.4386528 -1.095135 0.6389368 0.3740869 -1.095233 0.5561323 0.3298268 -1.096436 0.6023879 0.4350705 -1.095233 0.52432 0.3829074 -1.096436 0.5600329 0.4921751 -1.095233 0.4874541 0.4326112 -1.096436 0.5122888 0.5448568 -1.095233 0.5650169 0.4962654 -1.095135 0.58688 0.5142081 -1.09023 0.5168479 0.5494158 -1.095135 0.5368471 0.5694151 -1.09023 0.4636974 0.5975847 -1.095135 0.4816401 0.619448 -1.09023 0.4060848 0.6403167 -1.095135 0.4596071 0.5926008 -1.095233 0.4000433 0.5200219 -1.096436 0.4025027 0.6349559 -1.095233 0.3503394 0.5568879 -1.096436 0.3415188 0.6715047 -1.095233 0.2972589 0.5887003 -1.096436 0.2772487 0.7019055 -1.095233 0.3445582 0.677191 -1.095135 0.3578908 0.7021346 -1.09023 0.2797161 0.7078624 -1.095135 0.2905396 0.7339926 -1.09023 0.2121779 0.7320249 -1.095135 0.2203881 0.7590902 -1.09023 0.142598 0.7494567 -1.095135 0.2103063 0.7258549 -1.095233 0.1830511 0.6360068 -1.096436 0.1413401 0.7431331 -1.095233 0.1230229 0.6510456 -1.096436 0.07101178 0.7535622 -1.095233 0.06180882 0.6601234 -1.096436 0.07164376 0.7599788 -1.095135 0 0.6631622 -1.096436 0.2413179 0.6151612 -1.096436 0.1481158 0.7771964 -1.090229 0.1530935 0.8022208 -1.076855 0.1570438 0.8220806 -1.05632 0.2277946 0.7835062 -1.076855 0.2336724 0.8028829 -1.05632 0.3003036 0.757565 -1.076855 0.3080525 0.7762725 -1.05632 0.3699183 0.7246366 -1.076855 0.3794634 0.7424941 -1.05632 0.4359733 0.6850481 -1.076855 0.4217981 0.6638334 -1.09023 0.4472229 0.7018843 -1.05632 0.4978263 0.6391711 -1.076855 0.510672 0.6548236 -1.05632 0.5548888 0.5874567 -1.076855 0.5692068 0.6017747 -1.05632 0.6066031 0.5303943 -1.076855 0.6222556 0.5432401 -1.05632 0.6524802 0.4685412 -1.076855 0.6312655 0.454366 -1.09023 0.6693164 0.4797909 -1.05632 0.6920685 0.4024863 -1.076855 0.7099262 0.4120314 -1.05632 0.7249971 0.3328717 -1.076855 0.7437044 0.3406205 -1.05632 0.7509379 0.2603626 -1.076855 0.7703147 0.2662406 -1.05632 0.7696527 0.1856615 -1.076855 0.7895124 0.1896119 -1.05632 0.7809494 0.1094849 -1.076855 0.7446282 0.1806838 -1.09023 0.8011005 0.1114695 -1.05632 0.7847312 0.03256797 -1.076855 0.80498 0.03256797 -1.05632 0.7809494 -0.04434871 -1.076855 0.8011006 -0.04633355 -1.05632 0.7696527 -0.1205253 -1.076855 0.7446282 -0.1155476 -1.090229 0.7895123 -0.1244757 -1.05632 0.7509379 -0.1952264 -1.076855 0.7703147 -0.2011044 -1.05632 0.7249969 -0.2677355 -1.076855 0.7437043 -0.2754843 -1.05632 0.6920682 -0.3373504 -1.076855 0.7099259 -0.3468952 -1.05632 0.65248 -0.4034052 -1.076855 0.6312652 -0.3892298 -1.09023 0.6693162 -0.4146547 -1.05632 0.6066029 -0.4652581 -1.076855 0.6222553 -0.4781036 -1.05632 0.5548885 -0.5223208 -1.076855 0.5692065 -0.5366387 -1.05632 0.497826 -0.5740347 -1.076855 0.5106716 -0.5896874 -1.05632 0.4359731 -0.6199122 -1.076855 0.4217978 -0.5986972 -1.09023 0.4472227 -0.6367483 -1.05632 0.3699181 -0.6595001 -1.076855 0.3794632 -0.6773582 -1.05632 0.3003034 -0.6924291 -1.076855 0.3080523 -0.7111364 -1.05632 0.2277944 -0.71837 -1.076855 0.2336722 -0.7377467 -1.05632 0.1530932 -0.7370844 -1.076855 0.1481156 -0.71206 -1.090229 0.1570436 -0.7569442 -1.05632 0.07691663 -0.7483811 -1.076855 0.07890135 -0.7685323 -1.05632 -1.53203e-7 -0.7521629 -1.076855 -1.57394e-7 -0.7724118 -1.05632 -0.07691693 -0.7483811 -1.076855 -0.07890164 -0.7685323 -1.05632 -0.1530936 -0.7370844 -1.076855 -0.1481159 -0.71206 -1.09023 -0.1570439 -0.7569442 -1.05632 -0.2277947 -0.71837 -1.076855 -0.2336726 -0.7377467 -1.05632 -0.3003038 -0.6924286 -1.076855 -0.3080526 -0.7111364 -1.05632 -0.3699184 -0.6595001 -1.076855 -0.3794636 -0.6773577 -1.05632 -0.4359734 -0.6199117 -1.076855 -0.4217981 -0.5986972 -1.09023 -0.447223 -0.6367478 -1.05632 -0.4978263 -0.5740347 -1.076855 -0.510672 -0.5896874 -1.05632 -0.5548888 -0.5223203 -1.076855 -0.5692068 -0.5366383 -1.05632 -0.6066032 -0.4652581 -1.076855 -0.6222556 -0.4781036 -1.05632 -0.6524801 -0.4034047 -1.076855 -0.6693163 -0.4146547 -1.05632 -0.6920685 -0.3373499 -1.076855 -0.6312654 -0.3892298 -1.09023 -0.7099261 -0.3468952 -1.05632 -0.724997 -0.2677353 -1.076855 -0.7437044 -0.2754841 -1.05632 -0.7509379 -0.1952261 -1.076855 -0.7703146 -0.2011041 -1.05632 -0.7696527 -0.1205251 -1.076855 -0.7446283 -0.1155474 -1.09023 -0.7895124 -0.1244754 -1.05632 -0.7809494 -0.04434847 -1.076855 -0.8011005 -0.04633331 -1.05632 -0.7847311 0.03256821 -1.076855 -0.8049799 0.03256821 -1.05632 -0.7809494 0.1094851 -1.076855 -0.8011005 0.1114697 -1.05632 -0.7696527 0.1856617 -1.076855 -0.7446282 0.180684 -1.09023 -0.7895124 0.1896121 -1.05632 -0.7509379 0.2603629 -1.076855 -0.7703147 0.2662408 -1.05632 -0.7249971 0.3328719 -1.076855 -0.7437044 0.3406208 -1.05632 -0.6920683 0.4024866 -1.076855 -0.7099261 0.4120317 -1.05632 -0.6524801 0.4685416 -1.076855 -0.6312654 0.4543662 -1.09023 -0.6693163 0.4797912 -1.05632 -0.6066028 0.5303943 -1.076855 -0.6222553 0.5432401 -1.05632 -0.5548886 0.587457 -1.076855 -0.5692066 0.6017749 -1.05632 -0.497826 0.6391711 -1.076855 -0.5106717 0.6548238 -1.05632 -0.4359731 0.6850484 -1.076855 -0.4217979 0.6638336 -1.09023 -0.4472227 0.7018845 -1.05632 -0.3699182 0.7246366 -1.076855 -0.3794633 0.7424941 -1.05632 -0.3003035 0.757565 -1.076855 -0.3080524 0.7762725 -1.05632 -0.2277944 0.7835062 -1.076855 -0.2336723 0.8028829 -1.05632 -0.1530933 0.8022208 -1.076855 -0.2374462 0.8153238 -1.030635 -0.2387467 0.8196108 -1.002315 -0.3130275 0.7882836 -1.030635 -0.3855918 0.7539599 -1.030635 -0.3147419 0.7924225 -1.002315 -0.3877036 0.7579107 -1.002315 -0.3147469 0.7924347 -0.0789709 -0.3130336 0.7882986 -0.05055999 -0.3877098 0.7579224 -0.07897043 -0.2387505 0.8196232 -0.0789709 -0.2374509 0.8153391 -0.05056095 -0.1604565 0.8392382 -0.0789709 -0.2336791 0.8029053 -0.02461528 -0.2278044 0.7835388 -0.003674507 -0.3080613 0.7762942 -0.02461481 -0.3794744 0.7425151 -0.02461528 -0.3003166 0.757597 -0.003674507 -0.3699343 0.7246668 -0.003674507 -0.4359923 0.6850767 -0.003674983 -0.4472358 0.7019041 -0.02461528 -0.4978479 0.6391976 -0.003674983 -0.48167 0.6194849 0.01021099 -0.5549129 0.5874813 -0.003674983 -0.5106866 0.6548417 -0.02461528 -0.5692232 0.6017916 -0.02461528 -0.5189294 0.6648855 -0.05056095 -0.5784109 0.6109793 -0.05056095 -0.5217696 0.6683464 -0.0789709 -0.4544545 0.7127075 -0.05056095 -0.4569417 0.7164302 -0.07897043 -0.3855994 0.753974 -0.05056047 -0.4569345 0.7164192 -1.002315 -0.4544456 0.7126942 -1.030635 -0.5217612 0.6683364 -1.002315 -0.5815673 0.6141358 -1.002315 -0.5189192 0.6648734 -1.030635 -0.5783995 0.6109679 -1.030635 -0.6323049 0.5514875 -1.030635 -0.635768 0.5543296 -1.002315 -0.680126 0.4870138 -1.030635 -0.7213916 0.4181602 -1.030635 -0.6838509 0.4895029 -1.002315 -0.7253426 0.4202719 -1.002315 -0.6838617 0.4895101 -0.0789709 -0.6801393 0.4870229 -0.05056047 -0.725354 0.4202781 -0.0789709 -0.6357782 0.554338 -0.0789709 -0.6323176 0.5514979 -0.05056095 -0.5815766 0.6141451 -0.07897043 -0.6222736 0.5432549 -0.02461528 -0.6066295 0.5304163 -0.003674983 -0.6693357 0.479804 -0.02461528 -0.7099466 0.4120426 -0.02461528 -0.6525084 0.4685607 -0.003674507 -0.6920984 0.4025025 -0.003674507 -0.6696082 0.3904815 0.01021146 -0.7250285 0.332885 -0.003674507 -0.7437259 0.3406296 -0.02461481 -0.7509707 0.2603729 -0.003674507 -0.7696863 0.1856684 -0.003674507 -0.7703371 0.2662475 -0.02461528 -0.7895354 0.1896166 -0.02461481 -0.7827709 0.2700193 -0.05056095 -0.802279 0.1921515 -0.05055999 -0.787055 0.2713189 -0.0789709 -0.7557302 0.345602 -0.05055999 -0.7598664 0.3473153 -0.0789709 -0.7214058 0.4181676 -0.05056095 -0.7598544 0.3473103 -1.002315 -0.7557155 0.3455958 -1.030635 -0.7870426 0.2713151 -1.002315 -0.8066571 0.1930222 -1.002315 -0.7827556 0.2700148 -1.030635 -0.8022633 0.1921484 -1.030635 -0.8140385 0.112744 -1.030635 -0.818497 0.1131832 -1.002315 -0.8179805 0.03256821 -1.030635 -0.8140385 -0.04760742 -1.030635 -0.8224605 0.03256821 -1.002315 -0.818497 -0.04804658 -1.002315 -0.8224735 0.03256821 -0.0789709 -0.8179966 0.03256821 -0.05056047 -0.8185099 -0.04804778 -0.07897043 -0.8185099 0.1131844 -0.07897043 -0.8140545 0.1127457 -0.05056047 -0.80667 0.1930248 -0.0789709 -0.8011238 0.1114721 -0.02461528 -0.7809835 0.1094884 -0.003674507 -0.8050032 0.03256821 -0.02461528 -0.8011238 -0.04633545 -0.02461528 -0.7847654 0.03256821 -0.003674507 -0.7809835 -0.04435181 -0.003674507 -0.7696864 -0.1205317 -0.003674507 -0.7895354 -0.12448 -0.02461528 -0.7509707 -0.1952362 -0.003674507 -0.7265675 -0.1878335 0.01021099 -0.7250286 -0.2677484 -0.003674507 -0.7703371 -0.2011108 -0.02461528 -0.743726 -0.2754932 -0.02461528 -0.7827709 -0.2048826 -0.05056047 -0.7557303 -0.2804654 -0.05056047 -0.7870551 -0.2061822 -0.07897043 -0.802279 -0.1270148 -0.05056047 -0.80667 -0.1278882 -0.0789709 -0.8140545 -0.04760909 -0.05056047 -0.8066572 -0.1278858 -1.002315 -0.8022633 -0.1270117 -1.030635 -0.7870426 -0.2061784 -1.002315 -0.7598544 -0.2821736 -1.002315 -0.7827555 -0.2048778 -1.030635 -0.7557155 -0.2804592 -1.030635 -0.7213917 -0.3530235 -1.030635 -0.7253427 -0.3551355 -1.002315 -0.680126 -0.4218774 -1.030635 -0.683851 -0.4243665 -1.002315 -0.6323052 -0.486351 -1.030635 -0.6357682 -0.489193 -1.002315 -0.5783997 -0.5458312 -1.030635 -0.5189195 -0.5997367 -1.030635 -0.5815675 -0.5489993 -1.002315 -0.5217615 -0.6032 -1.002315 -0.5815768 -0.5490084 -0.0789709 -0.5784111 -0.5458427 -0.05056047 -0.5217698 -0.60321 -0.0789709 -0.6357782 -0.4892016 -0.07897043 -0.6323176 -0.4863615 -0.05056047 -0.6838619 -0.4243736 -0.0789709 -0.6801395 -0.4218865 -0.05056047 -0.7253542 -0.3551416 -0.07897043 -0.721406 -0.3530312 -0.05056047 -0.7598665 -0.2821786 -0.0789709 -0.7099469 -0.3469062 -0.02461528 -0.6920987 -0.3373661 -0.003674507 -0.6693359 -0.4146676 -0.02461528 -0.6525087 -0.4034243 -0.003674507 -0.6222736 -0.4781184 -0.02461528 -0.6066295 -0.4652796 -0.003674507 -0.5692234 -0.536655 -0.02461528 -0.5106868 -0.5897055 -0.02461528 -0.5549131 -0.5223446 -0.003674507 -0.497848 -0.5740614 -0.003674507 -0.4359924 -0.6199403 -0.003674507 -0.447236 -0.6367674 -0.02461481 -0.3699345 -0.6595302 -0.003674507 -0.3579133 -0.6370401 0.01021146 -0.3003169 -0.6924605 -0.003674507 -0.3794746 -0.6773787 -0.02461528 -0.3080616 -0.7111578 -0.02461481 -0.3855996 -0.6888375 -0.05056095 -0.3130339 -0.7231622 -0.05055999 -0.38771 -0.6927857 -0.0789709 -0.4544547 -0.6475711 -0.05055999 -0.456942 -0.6512933 -0.0789709 -0.5189297 -0.5997491 -0.05056095 -0.4569347 -0.6512828 -1.002315 -0.4544457 -0.6475577 -1.030635 -0.3877039 -0.6927743 -1.002315 -0.3147422 -0.7272863 -1.002315 -0.385592 -0.6888232 -1.030635 -0.3130278 -0.7231474 -1.030635 -0.2374464 -0.7501874 -1.030635 -0.2387469 -0.7544746 -1.002315 -0.1595802 -0.7696953 -1.030635 -0.08017593 -0.7814703 -1.030635 -0.1604542 -0.7740889 -1.002315 -0.08061504 -0.7859287 -1.002315 -0.1604568 -0.7741017 -0.0789709 -0.1595834 -0.769711 -0.05056047 -0.08061635 -0.7859416 -0.07897043 -0.2387507 -0.754487 -0.07897043 -0.2374511 -0.7502027 -0.05056047 -0.3147472 -0.7272983 -0.0789709 -0.2336794 -0.7377691 -0.02461528 -0.2278046 -0.7184024 -0.003674507 -0.1570485 -0.7569671 -0.02461528 -0.07890397 -0.7685557 -0.02461528 -0.1531003 -0.7371183 -0.003674507 -0.07692033 -0.7484155 -0.003674507 -0.07442075 -0.7230368 0.01021099 -1.69035e-7 -0.7521973 -0.003674507 -1.72062e-7 -0.7724352 -0.02461528 0.07691997 -0.7484155 -0.003674507 0.1530999 -0.7371183 -0.003674507 0.07890361 -0.7685557 -0.02461528 0.1570481 -0.7569671 -0.02461528 0.08017718 -0.7814865 -0.05056047 0.159583 -0.769711 -0.05056047 0.08061599 -0.7859421 -0.07897043 -1.73924e-7 -0.7854285 -0.05056047 -1.74157e-7 -0.7899056 -0.0789709 -0.08017754 -0.7814865 -0.05056047 -1.61352e-7 -0.7898922 -1.002315 -1.60187e-7 -0.7854123 -1.030635 0.08061474 -0.7859287 -1.002315 0.1604539 -0.7740889 -1.002315 0.08017563 -0.7814703 -1.030635 0.1595799 -0.7696953 -1.030635 0.2374461 -0.7501874 -1.030635 0.2387465 -0.7544746 -1.002315 0.3130274 -0.7231474 -1.030635 0.3855917 -0.6888237 -1.030635 0.3147419 -0.7272863 -1.002315 0.3877035 -0.6927743 -1.002315 0.3147468 -0.7272983 -0.0789709 0.3130335 -0.7231622 -0.05056047 0.3877096 -0.6927862 -0.07897043 0.2387503 -0.754487 -0.07897043 0.2374507 -0.7502027 -0.05056047 0.1604564 -0.7741017 -0.0789709 0.2336789 -0.7377691 -0.02461528 0.2278043 -0.7184024 -0.003674507 0.3080612 -0.7111578 -0.02461528 0.3794742 -0.6773787 -0.02461528 0.3003165 -0.6924605 -0.003674507 0.3699342 -0.6595306 -0.003674507 0.4359921 -0.6199403 -0.003674507 0.4472357 -0.6367674 -0.02461528 0.4978477 -0.5740614 -0.003674507 0.4816699 -0.5543485 0.01021099 0.5549129 -0.5223446 -0.003674983 0.5106865 -0.5897055 -0.02461528 0.5692232 -0.5366554 -0.02461528 0.5189293 -0.5997496 -0.05056047 0.5784109 -0.5458431 -0.05056095 0.5217695 -0.60321 -0.07897043 0.4544544 -0.6475711 -0.05056047 0.4569417 -0.6512938 -0.0789709 0.3855993 -0.6888375 -0.05056047 0.4569344 -0.6512828 -1.002315 0.4544455 -0.6475577 -1.030635 0.5217612 -0.6032 -1.002315 0.5815672 -0.5489993 -1.002315 0.5189192 -0.5997367 -1.030635 0.5783994 -0.5458317 -1.030635 0.6323049 -0.486351 -1.030635 0.635768 -0.4891934 -1.002315 0.6801258 -0.4218774 -1.030635 0.7213914 -0.3530235 -1.030635 0.6838509 -0.4243665 -1.002315 0.7253425 -0.3551355 -1.002315 0.6838617 -0.4243736 -0.07897043 0.6801393 -0.4218865 -0.05056095 0.725354 -0.3551416 -0.0789709 0.6357782 -0.4892016 -0.0789709 0.6323175 -0.4863615 -0.05056095 0.5815766 -0.5490084 -0.07897043 0.6222735 -0.4781184 -0.02461528 0.6066294 -0.4652801 -0.003674983 0.6693357 -0.4146676 -0.02461528 0.7099466 -0.3469062 -0.02461528 0.6525085 -0.4034243 -0.003674983 0.6920984 -0.3373661 -0.003674983 0.6696083 -0.325345 0.01021099 0.7250285 -0.2677486 -0.003674983 0.7437259 -0.2754934 -0.02461528 0.7509706 -0.1952364 -0.003674983 0.7696862 -0.120532 -0.003674983 0.770337 -0.201111 -0.02461528 0.7895353 -0.1244802 -0.02461528 0.7827708 -0.2048828 -0.05056095 0.802279 -0.1270151 -0.05056095 0.787055 -0.2061824 -0.0789709 0.7557302 -0.2804656 -0.05056095 0.7598664 -0.2821789 -0.07897043 0.7214057 -0.3530312 -0.05056095 0.7598543 -0.2821739 -1.002315 0.7557153 -0.2804594 -1.030635 0.7870426 -0.2061786 -1.002315 0.8066571 -0.127886 -1.002315 0.7827556 -0.2048783 -1.030635 0.8022632 -0.127012 -1.030635 0.8140386 -0.04760766 -1.030635 0.818497 -0.04804682 -1.002315 0.8179807 0.03256797 -1.030635 0.8140385 0.1127438 -1.030635 0.8224606 0.03256797 -1.002315 0.818497 0.113183 -1.002315 0.8224735 0.03256797 -0.07897043 0.8179965 0.03256797 -0.05056095 0.81851 0.1131842 -0.0789709 0.8185099 -0.04804801 -0.0789709 0.8140545 -0.04760932 -0.05056095 0.8066699 -0.1278886 -0.07897043 0.8011238 -0.04633569 -0.02461528 0.7809835 -0.04435205 -0.003674983 0.8050032 0.03256797 -0.02461528 0.801124 0.1114718 -0.02461528 0.7847653 0.03256797 -0.003674983 0.7809836 0.1094882 -0.003674983 0.7696863 0.1856682 -0.003674983 0.7895354 0.1896164 -0.02461528 0.7509707 0.2603726 -0.003674507 0.7265675 0.2529698 0.01021099 0.7250286 0.3328848 -0.003674507 0.7703371 0.2662473 -0.02461528 0.743726 0.3406293 -0.02461528 0.7827709 0.2700191 -0.05056047 0.7557303 0.3456018 -0.05056047 0.7870551 0.2713187 -0.07897043 0.8022791 0.1921513 -0.05056095 0.8140547 0.1127455 -0.05056095 0.80667 0.1930246 -0.07897043 0.8066571 0.1930222 -1.002315 0.8022633 0.1921482 -1.030635 0.7870426 0.2713149 -1.002315 0.7598544 0.3473101 -1.002315 0.7827555 0.2700143 -1.030635 0.7557155 0.3455956 -1.030635 0.7213917 0.41816 -1.030635 0.7253427 0.4202719 -1.002315 0.680126 0.4870138 -1.030635 0.6323052 0.5514875 -1.030635 0.683851 0.4895027 -1.002315 0.6357682 0.5543294 -1.002315 0.6838619 0.4895098 -0.0789709 0.6801396 0.4870226 -0.05056047 0.6357782 0.5543377 -0.07897043 0.7253542 0.4202778 -0.07897043 0.721406 0.4181676 -0.05056047 0.7598665 0.3473151 -0.0789709 0.7099469 0.4120424 -0.02461528 0.6920987 0.4025025 -0.003674507 0.669336 0.479804 -0.02461528 0.6222736 0.5432549 -0.02461528 0.6525087 0.4685602 -0.003674507 0.6066295 0.530416 -0.003674507 0.5869167 0.5142381 0.01021099 0.554913 0.587481 -0.003674507 0.5692234 0.6017914 -0.02461528 0.497848 0.6391976 -0.003674507 0.4359923 0.6850767 -0.003674507 0.5106868 0.6548417 -0.02461528 0.4472359 0.7019038 -0.02461528 0.5189297 0.6648855 -0.05056047 0.4544546 0.7127075 -0.05056047 0.5217698 0.6683462 -0.07897043 0.5784111 0.6109791 -0.05056047 0.5815768 0.6141448 -0.0789709 0.6323175 0.5514975 -0.05056047 0.5815675 0.6141355 -1.002315 0.5783997 0.6109676 -1.030635 0.5217615 0.6683362 -1.002315 0.4569346 0.716419 -1.002315 0.5189195 0.6648731 -1.030635 0.4544457 0.7126939 -1.030635 0.3855919 0.7539597 -1.030635 0.3877037 0.7579107 -1.002315 0.3130277 0.7882836 -1.030635 0.2374464 0.8153238 -1.030635 0.3147421 0.7924225 -1.002315 0.2387468 0.8196108 -1.002315 0.314747 0.7924347 -0.0789709 0.3130338 0.7882984 -0.05056047 0.2387506 0.8196232 -0.07897043 0.3877099 0.7579222 -0.07897043 0.3855995 0.753974 -0.05056047 0.4569419 0.71643 -0.0789709 0.3794745 0.7425149 -0.02461528 0.3699344 0.7246666 -0.003674507 0.3080614 0.7762942 -0.02461528 0.2336792 0.8029053 -0.02461528 0.3003168 0.7575967 -0.003674507 0.2278045 0.7835388 -0.003674507 0.1531001 0.8022544 -0.003674507 0.1570484 0.8221035 -0.02461528 0.1595833 0.8348472 -0.05056047 0.07890385 0.8336921 -0.02461528 0.1604567 0.8392382 -0.0789709 0.237451 0.8153391 -0.05056047 0.1604541 0.8392253 -1.002315 0.1595801 0.8348315 -1.030635 0.08017587 0.8466067 -1.030635 0.3579132 0.7021766 0.01021099 0.7556049 -0.04185247 0.01021099 0.2204016 -0.6939993 0.01021099 -0.5869167 -0.4491019 0.01021099 -0.7556049 0.1069889 0.01021099 -0.2204017 0.7591357 0.01021146 0.4458975 0.4784656 -1.096436 0.5825931 0.273886 -1.096436 0.6305942 0.03256797 -1.096436 0.582593 -0.2087497 -1.096436 0.4458974 -0.4133291 -1.096436 0.2413178 -0.550025 -1.096436 -1.24099e-7 -0.5980263 -1.096436 -0.2413181 -0.550025 -1.096436 -0.4458975 -0.4133291 -1.096436 -0.5825931 -0.2087497 -1.096436 -0.6305942 0.03256821 -1.096436 -0.582593 0.2738862 -1.096436 -0.4458974 0.4784656 -1.096436 -0.2413179 0.6151612 -1.096436 -0.297612 0.5893612 0.01692485 -0.488033 0.4330866 0.01692485 -0.6041555 0.2158367 0.01692485 -0.6283008 -0.02931404 0.01692485 -0.556793 -0.2650437 0.01692485 -0.4005185 -0.4554648 0.01692485 -0.1832687 -0.5715876 0.01692485 0.06188207 -0.5957327 0.01692485 0.2976118 -0.5242248 0.01692485 0.488033 -0.3679504 0.01692485 0.6041555 -0.1507005 0.01692485 0.6283007 0.09445023 0.01692485 0.556793 0.3301802 0.01692485 0.4005184 0.520601 0.01692485 0.123169 0.6517801 0.2212276 0.06188225 0.6608689 0.2212276 0.1832686 0.6367235 0.2212276 0.03271192 0.1970221 0.2202234 0.1425992 0.7494626 0.2206935 0.1481313 0.7772741 0.2160673 0.07164436 0.759985 0.2206935 0.2121797 0.7320309 0.2206935 0.2204111 0.7591658 0.2160673 0.2797185 0.7078681 0.2206935 0.29057 0.7340658 0.2160673 0.3445612 0.6771965 0.2206935 0.2416046 0.6158531 0.2212276 0.2976121 0.589361 0.2212276 0.06416672 0.1874804 0.2202234 0.05901741 0.1750488 0.222897 0.04867351 0.1930232 0.2202234 0.07904154 0.1804444 0.2202234 0.09315574 0.1719853 0.2202234 0.07269853 0.1685774 0.222897 0.08568006 0.1607973 0.222897 0.06732118 0.1585171 0.2305097 0.07934248 0.1513125 0.2305097 0.06372815 0.1517951 0.2419033 0.05465203 0.1645097 0.2305097 0.04145616 0.1692306 0.2305097 0.05173516 0.1574678 0.2419033 0.03924357 0.1619367 0.2419033 0.05071091 0.1549952 0.2553425 0.03846663 0.1593756 0.2553425 0.06246644 0.1494345 0.2553425 0.05071091 0.1549952 0.4158387 0.04946422 0.1519854 0.4363823 0.03846663 0.1593756 0.4158387 0.06246644 0.1494345 0.4158387 0.07362085 0.1427495 0.4158387 0.06093078 0.1465616 0.4363823 0.07181096 0.1400408 0.4363823 0.05647408 0.1382236 0.4549146 0.06655848 0.1321799 0.4549146 0.04953265 0.1252372 0.4696217 0.04584628 0.1432509 0.4549146 0.03477656 0.147211 0.4549146 0.0402112 0.1296465 0.4696217 0.03050202 0.13312 0.4696217 0.03311055 0.112504 0.479064 0.02511584 0.115364 0.479064 0.0252394 0.09350109 0.4823175 0.04078596 0.1088733 0.479064 0.04806894 0.1045083 0.479064 0.03109019 0.09073376 0.4823175 0.03664177 0.08740663 0.4823175 0.01783478 0.06593465 0.482317 0.02101933 0.06402611 0.482317 0.01447856 0.06752204 0.482317 0.01098251 0.06877279 0.482317 0.007380902 0.0696752 0.482317 0.01914519 0.09568142 0.4823175 0.01286679 0.09725451 0.4823175 0.01687949 0.1174275 0.479064 0.006464481 0.09820389 0.4823175 0.008480548 0.118673 0.479064 0 0.0985217 0.4823175 0.003708302 0.07021975 0.482317 0 0.07040214 0.482317 -0.003708362 0.07021975 0.482317 -0.007381141 0.0696752 0.482317 -0.00646454 0.09820389 0.4823175 -0.008480608 0.118673 0.479064 -0.01286697 0.09725427 0.4823175 -0.01687967 0.1174275 0.479064 -0.0191453 0.09568142 0.4823175 -0.02511596 0.115364 0.479064 -0.0252394 0.09350132 0.4823175 -0.01098269 0.06877279 0.482317 -0.0144785 0.06752228 0.482317 -0.01783484 0.06593465 0.482317 -0.02101951 0.06402611 0.482317 -0.03109019 0.09073376 0.4823175 -0.04078602 0.1088733 0.479064 -0.03664189 0.08740663 0.4823175 -0.048069 0.1045083 0.479064 -0.04184037 0.08355069 0.4823175 -0.05488872 0.09945011 0.479064 -0.04663628 0.07920432 0.4823175 -0.02400159 0.06181406 0.482317 -0.02675276 0.05932092 0.482317 -0.02924609 0.05656957 0.482317 -0.03145796 0.05358743 0.482317 -0.05098271 0.07440853 0.4823175 -0.06688213 0.0874567 0.479064 -0.05483847 0.06920981 0.4823175 -0.07194042 0.08063697 0.479064 -0.05816572 0.06365823 0.4823175 -0.07630527 0.073354 0.479064 -0.06093329 0.05780744 0.4823175 -0.03336662 0.05040287 0.482317 -0.03495424 0.04704642 0.482317 -0.03620493 0.04355072 0.482317 -0.03710716 0.03994917 0.482317 -0.06311351 0.05171322 0.4823175 -0.08279609 0.05768394 0.479064 -0.06468641 0.04543495 0.4823175 -0.08485954 0.04944777 0.479064 -0.06563585 0.03903269 0.4823175 -0.08610504 0.04104876 0.479064 -0.06595367 0.03256797 0.4823175 -0.03765183 0.03627634 0.482317 -0.03783416 0.03256797 0.482317 -0.03765183 0.02885961 0.482317 -0.03710716 0.02518701 0.482317 -0.06563585 0.02610349 0.4823175 -0.08610504 0.02408742 0.479064 -0.06468641 0.019701 0.4823175 -0.08485954 0.01568841 0.479064 -0.06311351 0.01342272 0.4823175 -0.08279609 0.007452249 0.479064 -0.06093323 0.007328748 0.4823175 -0.03620487 0.02158546 0.482317 -0.03495419 0.01808953 0.482317 -0.03336662 0.01473307 0.482317 -0.03145796 0.01154851 0.482317 -0.05816572 0.001477718 0.4823175 -0.07630532 -0.00821805 0.479064 -0.05483853 -0.004073858 0.4823175 -0.07194048 -0.01550102 0.479064 -0.05098271 -0.009272336 0.4823175 -0.06688219 -0.02232074 0.479064 -0.04663634 -0.01406836 0.4823175 -0.02924615 0.008566379 0.482317 -0.02675276 0.005815267 0.482317 -0.02400171 0.003322124 0.482317 -0.02101963 0.001110076 0.482317 -0.04184049 -0.01841473 0.4823175 -0.05488884 -0.03431415 0.479064 -0.03664195 -0.02227044 0.4823175 -0.04806911 -0.03937244 0.479064 -0.03109019 -0.02559757 0.4823175 -0.04078602 -0.04373717 0.479064 -0.02523946 -0.02836513 0.4823175 -0.01783478 -7.98702e-4 0.482317 -0.01447856 -0.002386093 0.482317 -0.01098269 -0.003636837 0.482317 -0.007381021 -0.004539012 0.482317 -0.0191453 -0.03054547 0.4823175 -0.02511596 -0.05022811 0.479064 -0.01286691 -0.03211832 0.4823175 -0.01687961 -0.05229139 0.479064 -0.0064646 -0.0330677 0.4823175 -0.008480668 -0.05353689 0.479064 0 -0.03338575 0.4823175 -0.003708422 -0.005083799 0.482317 0 -0.005266189 0.482317 0.003708302 -0.005083799 0.482317 0.007381021 -0.004539012 0.482317 0.006464481 -0.0330677 0.4823175 0.008480489 -0.05353689 0.479064 0.01286685 -0.03211832 0.4823175 0.01687949 -0.05229139 0.479064 0.01914525 -0.03054547 0.4823175 0.02511584 -0.05022811 0.479064 0.02523928 -0.02836513 0.4823175 0.01098263 -0.003636837 0.482317 0.01447838 -0.002386093 0.482317 0.01783472 -7.98702e-4 0.482317 0.02101939 0.001110076 0.482317 0.03109014 -0.02559781 0.4823175 0.0407859 -0.04373717 0.479064 0.03664177 -0.02227044 0.4823175 0.04806894 -0.03937244 0.479064 0.04184031 -0.01841473 0.4823175 0.05488866 -0.03431415 0.479064 0.04663622 -0.01406812 0.4823175 0.02400153 0.003321886 0.482317 0.02675276 0.005815267 0.482317 0.02924597 0.008566379 0.482317 0.03145778 0.01154851 0.482317 0.05098259 -0.009272336 0.4823175 0.06688207 -0.02232074 0.479064 0.05483835 -0.004073858 0.4823175 0.0719403 -0.01550102 0.479064 0.0581656 0.001477718 0.4823175 0.07630515 -0.00821805 0.479064 0.06093317 0.007328748 0.4823175 0.0333665 0.01473331 0.482317 0.03495413 0.01808953 0.482317 0.03620481 0.02158546 0.482317 0.03710711 0.02518701 0.482317 0.06311339 0.01342272 0.4823175 0.08279597 0.007452011 0.479064 0.06468629 0.019701 0.4823175 0.08485943 0.01568841 0.479064 0.06563574 0.02610349 0.4823175 0.08610492 0.02408742 0.479064 0.06595361 0.03256797 0.4823175 0.03765171 0.02885961 0.482317 0.03783404 0.03256797 0.482317 0.03765171 0.03627634 0.482317 0.03710705 0.03994917 0.482317 0.06563574 0.03903245 0.4823175 0.08610492 0.04104852 0.479064 0.06468629 0.04543495 0.4823175 0.08485943 0.04944753 0.479064 0.06311339 0.05171322 0.4823175 0.08279597 0.05768394 0.479064 0.06093311 0.05780744 0.4823175 0.03620475 0.04355072 0.482317 0.03495407 0.04704666 0.482317 0.03336656 0.05040287 0.482317 0.0314579 0.05358743 0.482317 0.05816566 0.06365823 0.4823175 0.07630521 0.073354 0.479064 0.05483841 0.06920981 0.4823175 0.07194036 0.08063697 0.479064 0.05098259 0.07440853 0.4823175 0.06688207 0.0874567 0.479064 0.04663622 0.07920432 0.4823175 0.02924597 0.05656957 0.482317 0.02675271 0.05932092 0.482317 0.02400153 0.06181406 0.482317 0.04184031 0.08355069 0.4823175 0.05488866 0.09945011 0.479064 0.06665974 0.1137933 0.4696217 0.06118023 0.09374833 0.479064 0.07430058 0.1068687 0.4696217 0.08471292 0.1172809 0.4549146 0.08122521 0.0992279 0.4696217 0.09260797 0.1085693 0.4549146 0.08736819 0.09094572 0.4696217 0.09961187 0.09912657 0.4549146 0.09266918 0.08210062 0.4696217 0.1056557 0.08904218 0.4549146 0.09707832 0.07277917 0.4696217 0.1106827 0.07841444 0.4549146 0.07993578 0.06567859 0.479064 0.1005519 0.06307005 0.4696217 0.114643 0.06734466 0.4549146 0.1030578 0.05306744 0.4696217 0.1175002 0.05594015 0.4549146 0.1045705 0.04286718 0.4696217 0.1192248 0.04431056 0.4549146 0.1050769 0.03256797 0.4696217 0.1198022 0.03256797 0.4549146 0.08652192 0.03256797 0.479064 0.1045705 0.02226877 0.4696217 0.1192248 0.02082538 0.4549146 0.1030578 0.01206851 0.4696217 0.1175002 0.009195804 0.4549146 0.1005519 0.002065896 0.4696217 0.114643 -0.002208709 0.4549146 0.09707832 -0.007643222 0.4696217 0.1106827 -0.01327824 0.4549146 0.07993578 -5.42402e-4 0.479064 0.09266912 -0.01696467 0.4696217 0.1056556 -0.02390623 0.4549146 0.08736819 -0.02580952 0.4696217 0.09961181 -0.03399062 0.4549146 0.08122515 -0.03409171 0.4696217 0.09260791 -0.04343342 0.4549146 0.07430058 -0.04173254 0.4696217 0.08471292 -0.052145 0.4549146 0.06118023 -0.02861213 0.479064 0.06665974 -0.04865717 0.4696217 0.07600134 -0.06003999 0.4549146 0.0583775 -0.05480027 0.4696217 0.06655848 -0.06704401 0.4549146 0.04953265 -0.06010127 0.4696217 0.05647403 -0.07308769 0.4549146 0.04021108 -0.06451034 0.4696217 0.04584622 -0.07811474 0.4549146 0.03311043 -0.04736781 0.479064 0.03050202 -0.06798386 0.4696217 0.0347765 -0.08207511 0.4549146 0.0204994 -0.07048988 0.4696217 0.02337217 -0.08493232 0.4549146 0.0102992 -0.07200264 0.4696217 0.01174253 -0.0866568 0.4549146 0 -0.07250881 0.4696217 0 -0.08723425 0.4549146 0 -0.05395388 0.479064 -0.01029932 -0.07200264 0.4696217 -0.01174265 -0.0866568 0.4549146 -0.02049952 -0.07048988 0.4696217 -0.02337229 -0.08493232 0.4549146 -0.03050214 -0.06798386 0.4696217 -0.03477668 -0.08207511 0.4549146 -0.04021126 -0.06451034 0.4696217 -0.0458464 -0.07811474 0.4549146 -0.03311055 -0.04736781 0.479064 -0.04953277 -0.06010127 0.4696217 -0.0564742 -0.07308769 0.4549146 -0.05837768 -0.05480027 0.4696217 -0.06655859 -0.06704378 0.4549146 -0.06665992 -0.04865717 0.4696217 -0.07600146 -0.06003999 0.4549146 -0.07430064 -0.04173254 0.4696217 -0.08471304 -0.052145 0.4549146 -0.06118029 -0.02861213 0.479064 -0.08122527 -0.03409171 0.4696217 -0.09260803 -0.04343342 0.4549146 -0.0873683 -0.02580952 0.4696217 -0.09961199 -0.03399038 0.4549146 -0.09266924 -0.01696467 0.4696217 -0.1056557 -0.02390623 0.4549146 -0.09707844 -0.007643222 0.4696217 -0.1106829 -0.01327824 0.4549146 -0.0799359 -5.42402e-4 0.479064 -0.100552 0.002065896 0.4696217 -0.1146432 -0.002208471 0.4549146 -0.1030579 0.01206851 0.4696217 -0.1175003 0.009195804 0.4549146 -0.1045706 0.02226877 0.4696217 -0.1192249 0.02082538 0.4549146 -0.105077 0.03256797 0.4696217 -0.1198022 0.03256797 0.4549146 -0.08652204 0.03256797 0.479064 -0.1045706 0.04286742 0.4696217 -0.1192249 0.04431056 0.4549146 -0.1030579 0.05306744 0.4696217 -0.1175003 0.05594038 0.4549146 -0.100552 0.06307005 0.4696217 -0.1146432 0.06734466 0.4549146 -0.09707844 0.07277917 0.4696217 -0.1106829 0.07841444 0.4549146 -0.0799359 0.06567859 0.479064 -0.09266924 0.08210086 0.4696217 -0.1056557 0.08904218 0.4549146 -0.0873683 0.09094572 0.4696217 -0.09961193 0.09912657 0.4549146 -0.08122527 0.0992279 0.4696217 -0.09260803 0.1085693 0.4549146 -0.07430064 0.1068687 0.4696217 -0.08471298 0.1172809 0.4549146 -0.06118029 0.09374833 0.479064 -0.06665986 0.1137933 0.4696217 -0.07600146 0.1251759 0.4549146 -0.05837762 0.1199362 0.4696217 -0.06655853 0.1321799 0.4549146 -0.04953277 0.1252372 0.4696217 -0.05647414 0.1382236 0.4549146 -0.0402112 0.1296465 0.4696217 -0.04584634 0.1432509 0.4549146 -0.03311055 0.112504 0.479064 -0.03050214 0.13312 0.4696217 -0.03477662 0.147211 0.4549146 -0.02049952 0.1356258 0.4696217 -0.02337229 0.1500682 0.4549146 -0.01029932 0.1371386 0.4696217 -0.01174265 0.151793 0.4549146 0 0.137645 0.4696217 0 0.1523702 0.4549146 0.0102992 0.1371386 0.4696217 0 0.11909 0.479064 0.01174259 0.151793 0.4549146 0.0204994 0.1356258 0.4696217 0.02337217 0.1500682 0.4549146 0.02521663 0.1593408 0.4363823 0.02585214 0.1625359 0.4158387 0.01266926 0.1612014 0.4363823 0.03752094 0.1562581 0.4363823 0.01298856 0.1644434 0.4158387 0 0.1618244 0.4363823 0 0.1650822 0.4158387 -0.01266932 0.1612014 0.4363823 -0.01298862 0.1644434 0.4158387 -0.02521669 0.1593408 0.4363823 -0.02585226 0.1625359 0.4158387 -0.037521 0.1562581 0.4363823 -0.03846669 0.1593756 0.4158387 -0.04946428 0.1519854 0.4363823 -0.05071097 0.1549952 0.4158387 -0.06093084 0.1465616 0.4363823 -0.0624665 0.1494345 0.4158387 -0.07181102 0.1400408 0.4363823 -0.07362091 0.1427495 0.4158387 -0.08199912 0.1324841 0.4363823 -0.08406579 0.1350023 0.4158387 -0.09139811 0.1239662 0.4363823 -0.09370166 0.1262695 0.4158387 -0.09991621 0.114567 0.4363823 -0.1024344 0.1166338 0.4158387 -0.1074728 0.1043791 0.4363823 -0.1101815 0.106189 0.4158387 -0.1139936 0.09349894 0.4363823 -0.1168666 0.09503459 0.4158387 -0.1194174 0.08203244 0.4363823 -0.1224272 0.08327913 0.4158387 -0.1236903 0.0700891 0.4363823 -0.1268077 0.07103466 0.4158387 -0.1267729 0.05778479 0.4363823 -0.129968 0.05842018 0.4158387 -0.1286336 0.0452373 0.4363823 -0.1318756 0.04555654 0.4158387 -0.1292565 0.03256797 0.4363823 -0.1325142 0.03256797 0.4158387 -0.1286336 0.01989865 0.4363823 -0.1318756 0.01957941 0.4158387 -0.1267729 0.007351398 0.4363823 -0.129968 0.006715774 0.4158387 -0.1236903 -0.004952907 0.4363823 -0.1268077 -0.005898714 0.4158387 -0.1194174 -0.01689624 0.4363823 -0.1224272 -0.01814293 0.4158387 -0.1139936 -0.02836275 0.4363823 -0.1168666 -0.0298984 0.4158387 -0.1074728 -0.03924298 0.4363823 -0.1101815 -0.04105281 0.4158387 -0.09991621 -0.04943108 0.4363823 -0.1024345 -0.05149769 0.4158387 -0.09139817 -0.05883002 0.4363823 -0.09370172 -0.06113362 0.4158387 -0.08199918 -0.06734824 0.4363823 -0.08406579 -0.06986641 0.4158387 -0.07181107 -0.07490468 0.4363823 -0.07362097 -0.07761335 0.4158387 -0.06093084 -0.08142542 0.4363823 -0.06246656 -0.08429861 0.4158387 -0.04946434 -0.08684945 0.4363823 -0.05071103 -0.089859 0.4158387 -0.03752106 -0.09112215 0.4363823 -0.03846675 -0.09423947 0.4158387 -0.02521675 -0.0942049 0.4363823 -0.02585226 -0.09739995 0.4158387 -0.01266932 -0.09606552 0.4363823 -0.01298862 -0.09930753 0.4158387 0 -0.0966885 0.4363823 0 -0.09994602 0.4158387 0.0126692 -0.09606552 0.4363823 0.0129885 -0.09930753 0.4158387 0.02521657 -0.0942049 0.4363823 0.02585214 -0.09739995 0.4158387 0.03752094 -0.09112215 0.4363823 0.03846657 -0.09423971 0.4158387 0.04946422 -0.08684945 0.4363823 0.05071085 -0.089859 0.4158387 0.06093072 -0.08142566 0.4363823 0.06246638 -0.08429861 0.4158387 0.07181096 -0.07490491 0.4363823 0.07362085 -0.07761359 0.4158387 0.081999 -0.06734824 0.4363823 0.08406567 -0.06986641 0.4158387 0.09139806 -0.05883002 0.4363823 0.0937016 -0.06113362 0.4158387 0.0999161 -0.04943108 0.4363823 0.1024343 -0.05149769 0.4158387 0.1074727 -0.03924298 0.4363823 0.1101814 -0.04105281 0.4158387 0.1139935 -0.02836275 0.4363823 0.1168665 -0.0298984 0.4158387 0.1194173 -0.01689624 0.4363823 0.122427 -0.01814293 0.4158387 0.1236901 -0.004952907 0.4363823 0.1268075 -0.005898714 0.4158387 0.1267727 0.007351398 0.4363823 0.1299678 0.006715774 0.4158387 0.1286334 0.01989865 0.4363823 0.1318755 0.01957941 0.4158387 0.1292564 0.03256797 0.4363823 0.1325141 0.03256797 0.4158387 0.1286334 0.0452373 0.4363823 0.1318754 0.04555654 0.4158387 0.1267727 0.05778455 0.4363823 0.1299678 0.05842018 0.4158387 0.1236901 0.0700891 0.4363823 0.1268075 0.07103466 0.4158387 0.1194173 0.0820322 0.4363823 0.1224271 0.08327889 0.4158387 0.1139935 0.0934987 0.4363823 0.1168665 0.09503459 0.4158387 0.1074727 0.1043789 0.4363823 0.1101814 0.106189 0.4158387 0.09991616 0.114567 0.4363823 0.1024343 0.1166336 0.4158387 0.09139806 0.1239662 0.4363823 0.0937016 0.1262695 0.4158387 0.081999 0.1324841 0.4363823 0.08406567 0.1350023 0.4158387 0.07600134 0.1251759 0.4549146 0.08406567 0.1350023 0.2553425 0.08576363 0.1370713 0.2419033 0.0937016 0.1262695 0.2553425 0.07362085 0.1427495 0.2553425 0.07510787 0.1449749 0.2419033 0.09559422 0.1281621 0.2419033 0.1024343 0.1166336 0.2553425 0.1045033 0.1183316 0.2419033 0.1101814 0.106189 0.2553425 0.1124069 0.107676 0.2419033 0.1168665 0.09503459 0.2553425 0.119227 0.09629631 0.2419033 0.1224271 0.08327889 0.2553425 0.1248998 0.08430314 0.2419033 0.1268075 0.07103466 0.2553425 0.1293688 0.07181167 0.2419033 0.1299678 0.05842018 0.2553425 0.1325929 0.05894231 0.2419033 0.1318754 0.04555654 0.2553425 0.134539 0.04581904 0.2419033 0.1325141 0.03256797 0.2553425 0.1351906 0.03256797 0.2419033 0.1318755 0.01957941 0.2553425 0.1345391 0.01931715 0.2419033 0.1299678 0.006715774 0.2553425 0.1325929 0.006193637 0.2419033 0.1268075 -0.005898714 0.2553425 0.1293688 -0.00667572 0.2419033 0.122427 -0.01814293 0.2553425 0.1248998 -0.01916718 0.2419033 0.1168665 -0.0298984 0.2553425 0.1192269 -0.03116011 0.2419033 0.1101814 -0.04105281 0.2553425 0.1124069 -0.04253983 0.2419033 0.1024343 -0.05149769 0.2553425 0.1045033 -0.05319571 0.2419033 0.0937016 -0.06113362 0.2553425 0.09559416 -0.06302618 0.2419033 0.08406567 -0.06986641 0.2553425 0.08576363 -0.07193541 0.2419033 0.07362085 -0.07761359 0.2553425 0.07510781 -0.07983899 0.2419033 0.06246638 -0.08429861 0.2553425 0.06372809 -0.08665895 0.2419033 0.05071085 -0.089859 0.2553425 0.05173516 -0.09233188 0.2419033 0.03846657 -0.09423971 0.2553425 0.03924351 -0.0968008 0.2419033 0.02585214 -0.09739995 0.2553425 0.02637428 -0.1000249 0.2419033 0.0129885 -0.09930753 0.2553425 0.01325082 -0.1019711 0.2419033 0 -0.09994602 0.2553425 0 -0.1026227 0.2419033 -0.01298862 -0.09930753 0.2553425 -0.013251 -0.1019711 0.2419033 -0.02585226 -0.09739995 0.2553425 -0.02637445 -0.1000249 0.2419033 -0.03846675 -0.09423947 0.2553425 -0.03924369 -0.0968008 0.2419033 -0.05071103 -0.089859 0.2553425 -0.05173528 -0.09233188 0.2419033 -0.06246656 -0.08429861 0.2553425 -0.06372827 -0.08665895 0.2419033 -0.07362097 -0.07761335 0.2553425 -0.07510793 -0.07983899 0.2419033 -0.08406579 -0.06986641 0.2553425 -0.08576375 -0.07193541 0.2419033 -0.09370172 -0.06113362 0.2553425 -0.09559428 -0.06302618 0.2419033 -0.1024345 -0.05149769 0.2553425 -0.1045035 -0.05319571 0.2419033 -0.1101815 -0.04105281 0.2553425 -0.112407 -0.04253983 0.2419033 -0.1168666 -0.0298984 0.2553425 -0.1192271 -0.03116011 0.2419033 -0.1224272 -0.01814293 0.2553425 -0.1248999 -0.01916718 0.2419033 -0.1268077 -0.005898714 0.2553425 -0.129369 -0.006675481 0.2419033 -0.129968 0.006715774 0.2553425 -0.1325931 0.006193637 0.2419033 -0.1318756 0.01957941 0.2553425 -0.1345392 0.01931715 0.2419033 -0.1325142 0.03256797 0.2553425 -0.1351907 0.03256797 0.2419033 -0.1318756 0.04555654 0.2553425 -0.1345392 0.04581904 0.2419033 -0.129968 0.05842018 0.2553425 -0.1325931 0.05894231 0.2419033 -0.1268077 0.07103466 0.2553425 -0.129369 0.07181167 0.2419033 -0.1224272 0.08327913 0.2553425 -0.1248999 0.08430337 0.2419033 -0.1168666 0.09503459 0.2553425 -0.1192271 0.09629631 0.2419033 -0.1101815 0.106189 0.2553425 -0.112407 0.107676 0.2419033 -0.1024344 0.1166338 0.2553425 -0.1045034 0.1183316 0.2419033 -0.09370166 0.1262695 0.2553425 -0.09559428 0.1281623 0.2419033 -0.08406579 0.1350023 0.2553425 -0.08576375 0.1370713 0.2419033 -0.07362091 0.1427495 0.2553425 -0.07510793 0.1449749 0.2419033 -0.0624665 0.1494345 0.2553425 -0.06372821 0.1517951 0.2419033 -0.05071097 0.1549952 0.2553425 -0.05173522 0.1574678 0.2419033 -0.03846669 0.1593756 0.2553425 -0.03924363 0.1619369 0.2419033 -0.02585226 0.1625359 0.2553425 -0.02637439 0.1651611 0.2419033 -0.01298862 0.1644434 0.2553425 -0.01325094 0.1671071 0.2419033 0 0.1650822 0.2553425 0 0.1677587 0.2419033 0.01298856 0.1644434 0.2553425 0.01325088 0.1671071 0.2419033 0.02585214 0.1625359 0.2553425 0.02637434 0.1651611 0.2419033 0.02786135 0.1726367 0.2305097 0.03008681 0.1838247 0.222897 0.01399797 0.1746926 0.2305097 0.01511609 0.1860449 0.222897 0 0.1753807 0.2305097 0 0.186788 0.222897 -0.01399803 0.1746926 0.2305097 -0.01511615 0.1860449 0.222897 -0.02786141 0.1726367 0.2305097 -0.03008687 0.1838247 0.222897 -0.04145622 0.1692309 0.2305097 -0.04476755 0.1801469 0.222897 -0.05465209 0.1645097 0.2305097 -0.05901747 0.1750488 0.222897 -0.06732124 0.1585171 0.2305097 -0.07269859 0.1685774 0.222897 -0.07934254 0.1513125 0.2305097 -0.08568012 0.1607973 0.222897 -0.09059911 0.1429634 0.2305097 -0.09783583 0.1517813 0.222897 -0.1009839 0.1335518 0.2305097 -0.1090501 0.1416182 0.222897 -0.1103954 0.123167 0.2305097 -0.1192133 0.1304037 0.222897 -0.1187445 0.1119105 0.2305097 -0.1282294 0.1182482 0.222897 -0.1259492 0.09988927 0.2305097 -0.1360095 0.1052665 0.222897 -0.1319419 0.08722019 0.2305097 -0.1424809 0.09158563 0.222897 -0.1366629 0.0740242 0.2305097 -0.1475789 0.07733559 0.222897 -0.1400687 0.06042933 0.2305097 -0.1512569 0.06265497 0.222897 -0.1421246 0.046566 0.2305097 -0.1534769 0.04768419 0.222897 -0.1428129 0.03256797 0.2305097 -0.1542202 0.03256797 0.222897 -0.1421246 0.01856994 0.2305097 -0.1534769 0.017452 0.222897 -0.1400687 0.004706621 0.2305097 -0.1512569 0.002481222 0.222897 -0.1366629 -0.008888244 0.2305097 -0.1475789 -0.0121994 0.222897 -0.1319419 -0.02208399 0.2305097 -0.1424809 -0.02644944 0.222897 -0.1259492 -0.03475308 0.2305097 -0.1360095 -0.04013061 0.222897 -0.1187446 -0.04677438 0.2305097 -0.1282294 -0.05311203 0.222897 -0.1103954 -0.05803108 0.2305097 -0.1192134 -0.0652678 0.222897 -0.1009839 -0.06841588 0.2305097 -0.1090501 -0.07648205 0.222897 -0.09059917 -0.07782745 0.2305097 -0.09783583 -0.08664536 0.222897 -0.0793426 -0.08617639 0.2305097 -0.08568012 -0.09566116 0.222897 -0.0673213 -0.09338116 0.2305097 -0.07269859 -0.1034414 0.222897 -0.05465215 -0.09937381 0.2305097 -0.05901753 -0.1099128 0.222897 -0.04145628 -0.1040947 0.2305097 -0.04476761 -0.1150107 0.222897 -0.02786147 -0.1075005 0.2305097 -0.03008687 -0.1186888 0.222897 -0.01399809 -0.1095564 0.2305097 -0.01511621 -0.1209089 0.222897 0 -0.1102447 0.2305097 0 -0.1216521 0.222897 0.01399791 -0.1095564 0.2305097 0.01511603 -0.1209089 0.222897 0.02786129 -0.1075005 0.2305097 0.03008675 -0.1186888 0.222897 0.0414561 -0.1040947 0.2305097 0.04476743 -0.1150107 0.222897 0.05465197 -0.09937381 0.2305097 0.05901736 -0.1099128 0.222897 0.06732112 -0.09338116 0.2305097 0.07269847 -0.1034414 0.222897 0.07934248 -0.08617639 0.2305097 0.08568 -0.0956614 0.222897 0.090599 -0.07782745 0.2305097 0.09783571 -0.08664536 0.222897 0.1009838 -0.06841588 0.2305097 0.10905 -0.07648205 0.222897 0.1103953 -0.05803108 0.2305097 0.1192132 -0.0652678 0.222897 0.1187444 -0.04677462 0.2305097 0.1282292 -0.05311203 0.222897 0.125949 -0.03475332 0.2305097 0.1360093 -0.04013061 0.222897 0.1319417 -0.02208399 0.2305097 0.1424807 -0.02644944 0.222897 0.1366627 -0.008888244 0.2305097 0.1475787 -0.01219964 0.222897 0.1400686 0.004706621 0.2305097 0.1512567 0.002481222 0.222897 0.1421245 0.01856994 0.2305097 0.1534768 0.01745176 0.222897 0.1428127 0.03256797 0.2305097 0.1542201 0.03256797 0.222897 0.1421244 0.046566 0.2305097 0.1534768 0.04768419 0.222897 0.1400686 0.06042933 0.2305097 0.1512567 0.06265497 0.222897 0.1366627 0.0740242 0.2305097 0.1475787 0.07733559 0.222897 0.1319417 0.08722019 0.2305097 0.1424807 0.09158539 0.222897 0.1259491 0.09988927 0.2305097 0.1360094 0.1052665 0.222897 0.1187444 0.1119105 0.2305097 0.1282293 0.1182479 0.222897 0.1103953 0.123167 0.2305097 0.1192132 0.1304037 0.222897 0.1009839 0.1335518 0.2305097 0.10905 0.141618 0.222897 0.09059906 0.1429634 0.2305097 0.09783571 0.1517813 0.222897 0.106372 0.1621828 0.2202234 0.1185647 0.1511328 0.2202234 0.4005184 0.520601 0.2212276 0.4464272 0.4789951 0.2212276 0.3507556 0.5575109 0.2212276 0.4637014 0.5975895 0.2206935 0.4060882 0.640322 0.2206935 0.4816903 0.6195092 0.2160673 0.5168524 0.5494204 0.2206935 0.5369033 0.5694711 0.2160673 0.5650217 0.4962692 0.2206935 0.5869413 0.5142582 0.2160673 0.6077541 0.4386561 0.2206935 0.4880332 0.4330864 0.2212276 0.5249429 0.3833234 0.2212276 0.1296147 0.13894 0.2202234 0.1394174 0.1257238 0.2202234 0.1478763 0.1116094 0.2202234 0.1549123 0.09673476 0.2202234 0.556793 0.3301799 0.2212276 0.5832852 0.2741726 0.2212276 0.6446287 0.3771291 0.2206935 0.6696364 0.390496 0.2160673 0.6753001 0.3122864 0.2206935 0.7014978 0.3231378 0.2160673 0.6994628 0.2447476 0.2206935 0.7265978 0.252979 0.2160673 0.7168946 0.175167 0.2206935 0.6041555 0.2158365 0.2212276 0.6192122 0.1557369 0.2212276 0.1604551 0.0812416 0.2202234 0.164454 0.06527996 0.2202234 0.1668677 0.04900312 0.2202234 0.1676759 0.03256797 0.2202234 0.6283007 0.09445023 0.2212276 0.6313433 0.03256797 0.2212276 0.7274171 0.1042122 0.2206931 0.7556366 0.1069917 0.2160673 0.7309395 0.03256797 0.2206935 0.7592957 0.03256797 0.2160673 0.727417 -0.03907632 0.2206931 0.7556366 -0.04185581 0.2160673 0.7168946 -0.1100313 0.2206935 0.6283007 -0.02931427 0.2212276 0.6192122 -0.09060096 0.2212276 0.1668678 0.01613283 0.2202234 0.164454 -1.44005e-4 0.2202234 0.1604551 -0.01610565 0.2202234 0.1549122 -0.0315988 0.2202234 0.6041555 -0.1507005 0.2212276 0.5832851 -0.2090365 0.2212276 0.6994627 -0.1796116 0.2206931 0.7265978 -0.187843 0.2160673 0.6752999 -0.2471504 0.2206935 0.7014976 -0.2580018 0.2160673 0.6446285 -0.3119931 0.2206931 0.6696363 -0.3253603 0.2160673 0.6077539 -0.3735204 0.2206935 0.5567927 -0.265044 0.2212276 0.5249427 -0.3181877 0.2212276 0.1478763 -0.0464735 0.2202234 0.1394174 -0.06058788 0.2202234 0.1296147 -0.07380414 0.2202234 0.1185647 -0.08599686 0.2202234 0.488033 -0.3679504 0.2212276 0.4464271 -0.4138594 0.2212276 0.5650216 -0.4311333 0.2206931 0.5869412 -0.4491224 0.2160673 0.5168522 -0.4842844 0.2206935 0.536903 -0.5043349 0.2160673 0.4637011 -0.5324535 0.2206935 0.48169 -0.5543733 0.2160673 0.4060881 -0.5751858 0.2206935 0.4005182 -0.4554653 0.2212276 0.3507555 -0.4923749 0.2212276 0.1063719 -0.09704685 0.2202234 0.09315568 -0.1068494 0.2202234 0.07904148 -0.1153082 0.2202234 0.06416672 -0.1223444 0.2202234 0.2976118 -0.5242252 0.2212276 0.2416045 -0.5507174 0.2212276 0.3445609 -0.6120606 0.2206935 0.3579279 -0.6370683 0.2160673 0.2797182 -0.6427322 0.2206935 0.2905697 -0.6689296 0.2160673 0.2121795 -0.6668949 0.2206935 0.2204108 -0.6940298 0.2160673 0.142599 -0.6843267 0.2206935 0.1832684 -0.5715876 0.2212276 0.1231688 -0.5866442 0.2212276 0.04867345 -0.1278872 0.2202234 0.03271186 -0.131886 0.2202234 0.01643496 -0.1342997 0.2202234 0 -0.1351079 0.2202234 0.06188207 -0.5957327 0.2212276 -1.43657e-7 -0.5987754 0.2212276 0.07164412 -0.694849 0.2206935 0.07442349 -0.7230687 0.2160673 -1.60187e-7 -0.6983714 0.2206935 -1.64844e-7 -0.726728 0.2160673 -0.07164442 -0.694849 0.2206935 -0.07442384 -0.7230682 0.2160673 -0.1425994 -0.6843267 0.2206935 -0.06188231 -0.5957327 0.2212276 -0.1231691 -0.5866442 0.2212276 -0.01643508 -0.1342997 0.2202234 -0.03271198 -0.131886 0.2202234 -0.04867362 -0.1278872 0.2202234 -0.06416684 -0.1223442 0.2202234 -0.1832687 -0.5715876 0.2212276 -0.2416048 -0.5507169 0.2212276 -0.2121798 -0.6668944 0.2206935 -0.2204112 -0.6940298 0.2160673 -0.2797186 -0.6427317 0.2206931 -0.29057 -0.6689296 0.2160673 -0.3445613 -0.6120606 0.2206935 -0.3579282 -0.6370683 0.2160673 -0.4060884 -0.5751858 0.2206931 -0.2976121 -0.5242248 0.2212276 -0.3507557 -0.4923744 0.2212276 -0.07904165 -0.1153082 0.2202234 -0.0931558 -0.1068494 0.2202234 -0.1063721 -0.09704685 0.2202234 -0.1185649 -0.08599662 0.2202234 -0.4005185 -0.4554648 0.2212276 -0.4464272 -0.4138589 0.2212276 -0.4637014 -0.5324535 0.2206935 -0.4816903 -0.5543733 0.2160673 -0.5168523 -0.4842839 0.2206935 -0.5369032 -0.5043349 0.2160673 -0.5650216 -0.4311333 0.2206935 -0.5869413 -0.449122 0.2160673 -0.6077541 -0.3735199 0.2206935 -0.4880331 -0.3679504 0.2212276 -0.5249429 -0.3181875 0.2212276 -0.1296148 -0.07380414 0.2202234 -0.1394175 -0.06058764 0.2202234 -0.1478765 -0.0464735 0.2202234 -0.1549124 -0.0315988 0.2202234 -0.556793 -0.2650437 0.2212276 -0.5832852 -0.2090365 0.2212276 -0.6446287 -0.3119929 0.2206935 -0.6696364 -0.3253598 0.2160673 -0.6753001 -0.2471501 0.2206935 -0.7014978 -0.2580016 0.2160673 -0.6994628 -0.1796114 0.2206935 -0.7265978 -0.1878428 0.2160673 -0.7168946 -0.1100311 0.2206935 -0.6041555 -0.1507003 0.2212276 -0.6192122 -0.09060072 0.2212276 -0.1604553 -0.01610541 0.2202234 -0.1644542 -1.44005e-4 0.2202234 -0.1668679 0.01613306 0.2202234 -0.167676 0.03256797 0.2202234 -0.6283008 -0.02931404 0.2212276 -0.6313434 0.03256821 0.2212276 -0.727417 -0.03907608 0.2206935 -0.7556366 -0.04185557 0.2160673 -0.7309394 0.03256821 0.2206935 -0.7592955 0.03256821 0.2160673 -0.727417 0.1042125 0.2206935 -0.7556366 0.1069917 0.2160673 -0.7168946 0.1751673 0.2206931 -0.6283007 0.09445047 0.2212276 -0.6192122 0.1557371 0.2212276 -0.1668679 0.04900312 0.2202234 -0.1644542 0.06527996 0.2202234 -0.1604553 0.0812416 0.2202234 -0.1549124 0.09673476 0.2202234 -0.6041555 0.2158367 0.2212276 -0.5832852 0.2741728 0.2212276 -0.6994627 0.2447478 0.2206935 -0.7265978 0.2529793 0.2160673 -0.6753 0.3122866 0.2206931 -0.7014977 0.323138 0.2160673 -0.6446285 0.3771293 0.2206935 -0.6696363 0.3904963 0.2160673 -0.6077539 0.4386563 0.2206935 -0.5567929 0.3301802 0.2212276 -0.5249428 0.3833237 0.2212276 -0.1478764 0.1116096 0.2202234 -0.1394175 0.1257238 0.2202234 -0.1296148 0.13894 0.2202234 -0.1185648 0.1511328 0.2202234 -0.488033 0.4330864 0.2212276 -0.446427 0.4789953 0.2212276 -0.5650216 0.4962695 0.2206931 -0.5869412 0.5142584 0.2160673 -0.5168522 0.5494204 0.2206935 -0.5369031 0.5694714 0.2160673 -0.4637012 0.5975897 0.2206931 -0.4816901 0.6195092 0.2160673 -0.4060881 0.6403222 0.2206935 -0.4005183 0.5206013 0.2212276 -0.3507555 0.5575109 0.2212276 -0.1063721 0.1621828 0.2202234 -0.09315574 0.1719856 0.2202234 -0.0790416 0.1804444 0.2202234 -0.06416684 0.1874804 0.2202234 -0.297612 0.589361 0.2212276 -0.2416046 0.6158533 0.2212276 -0.3445611 0.6771968 0.2206935 -0.357928 0.7022045 0.2160673 -0.2797183 0.7078681 0.2206931 -0.2905698 0.7340658 0.2160673 -0.2121796 0.7320309 0.2206935 -0.220411 0.7591658 0.2160673 -0.1425991 0.7494629 0.2206931 -0.1832685 0.6367235 0.2212276 -0.1231689 0.6517804 0.2212276 -0.04867357 0.1930232 0.2202234 -0.03271198 0.1970219 0.2202234 -0.01643502 0.1994359 0.2202234 0 0.2002439 0.2202234 -0.06188213 0.6608689 0.2212276 0 0.6639114 0.2212276 -0.07164424 0.759985 0.2206935 -0.07442361 0.7882047 0.2160673 0 0.7635076 0.2206935 0 0.7918637 0.2160673 0.07442373 0.7882047 0.2160673 0 0.8175845 0.2029457 0.07694482 0.8138015 0.2029461 0 0.8381524 0.1826133 -0.07694464 0.8138015 0.2029457 -0.1531491 0.802501 0.2029461 -0.07896065 0.8342702 0.1826133 -0.1571617 0.8226736 0.1826133 -0.08027422 0.8476071 0.1570601 -0.1597762 0.8358176 0.1570606 -0.08075684 0.8525069 0.1287875 0 0.8515539 0.1570601 0.0802744 0.8476071 0.1570606 0 0.8564773 0.1287875 0.08075696 0.8525069 0.1287879 0 0.8568144 0.1073198 -0.0807898 0.8528421 0.1073198 0 0.8528006 0.07861614 0.08078998 0.8528421 0.1073198 0.08039659 0.8488476 0.07861614 0.1608025 0.8409765 0.1073198 0.1600195 0.83704 0.07861614 0.2392652 0.8213194 0.1073198 0.1607367 0.8406463 0.1287875 0.1597763 0.8358173 0.1570601 0.2391673 0.820997 0.1287879 0.2377382 0.8162856 0.1570606 0.3152965 0.793761 0.1287875 0.3134125 0.7892125 0.1570601 0.3883867 0.7591884 0.1287879 0.3154255 0.7940722 0.1073198 0.3138895 0.790364 0.07861614 0.3885455 0.7594855 0.1073198 0.3866536 0.7559457 0.07861614 0.4579267 0.7179036 0.1073198 0.4556968 0.7145665 0.07861614 0.5228943 0.6697164 0.1073198 0.4577395 0.7176237 0.1287875 0.4550043 0.7135301 0.1570601 0.5226806 0.669456 0.1287879 0.5195572 0.6656504 0.1570606 0.582592 0.6151598 0.1287875 0.5791107 0.6116786 0.1570601 0.6368881 0.5552485 0.1287879 0.5828302 0.6153979 0.1073198 0.5799921 0.6125598 0.07861614 0.6371485 0.5554621 0.1073198 0.634046 0.5529161 0.07861614 0.6853358 0.4904945 0.1073198 0.6819986 0.4882648 0.07861614 0.7269175 0.4211135 0.1073198 0.6850557 0.4903073 0.1287875 0.6809621 0.4875722 0.1570601 0.7266204 0.4209547 0.1287879 0.7222784 0.4186337 0.1570606 0.761193 0.3478644 0.1287875 0.7566444 0.3459804 0.1570601 0.788429 0.2717352 0.1287879 0.7615042 0.3479934 0.1073198 0.7577961 0.3464573 0.07861614 0.7887514 0.271833 0.1073198 0.7849105 0.270668 0.07861614 0.8084086 0.1933703 0.1073198 0.8044721 0.1925873 0.07861614 0.8202741 0.1133577 0.1073198 0.8080781 0.1933045 0.1287879 0.8032493 0.1923441 0.1570606 0.8199388 0.1133248 0.128787 0.8150393 0.1128423 0.1570606 0.8239094 0.03256797 0.1287879 0.818986 0.03256797 0.1570606 0.8199388 -0.04818892 0.128787 0.8242462 0.03256797 0.1073198 0.8202326 0.03256797 0.07861614 0.8202741 -0.04822206 0.1073198 0.8162798 -0.04782867 0.07861614 0.8084084 -0.1282343 0.1073198 0.804472 -0.1274514 0.07861614 0.7887514 -0.2066972 0.1073198 0.8080781 -0.1281688 0.1287879 0.8032493 -0.1272082 0.1570606 0.788429 -0.2065992 0.128787 0.7837176 -0.2051701 0.1570606 0.7611929 -0.2827284 0.1287879 0.7566443 -0.2808445 0.1570606 0.7266203 -0.3558188 0.128787 0.7615041 -0.2828574 0.1073198 0.7577959 -0.2813215 0.07861614 0.7269173 -0.3559775 0.1073198 0.7233777 -0.3540855 0.07861614 0.6853356 -0.4253588 0.1073198 0.6819985 -0.4231291 0.07861614 0.6371484 -0.4903264 0.1073198 0.6850555 -0.4251714 0.1287879 0.680962 -0.4224362 0.1570606 0.636888 -0.4901123 0.128787 0.6330823 -0.486989 0.1570606 0.5825918 -0.550024 0.1287879 0.5791105 -0.5465427 0.1570606 0.5226804 -0.6043201 0.1287879 0.58283 -0.550262 0.1073198 0.5799919 -0.5474238 0.07861614 0.522894 -0.6045804 0.1073198 0.5203478 -0.6014781 0.07861614 0.4579265 -0.6527677 0.1073198 0.4556967 -0.6494303 0.07861614 0.3885452 -0.6943493 0.1073198 0.4577393 -0.6524878 0.1287875 0.455004 -0.6483941 0.1570601 0.3883864 -0.6940522 0.1287879 0.3860656 -0.6897101 0.1570606 0.3152962 -0.7286248 0.1287875 0.3134122 -0.7240763 0.1570601 0.2391671 -0.7558608 0.1287879 0.3154252 -0.7289362 0.1073198 0.3138892 -0.7252278 0.07861614 0.2392649 -0.7561832 0.1073198 0.2380998 -0.7523427 0.07861614 0.1608023 -0.7758408 0.1073198 0.1600192 -0.771904 0.07861614 0.08078974 -0.7877059 0.1073198 0.1607365 -0.7755103 0.1287875 0.159776 -0.7706814 0.1570601 0.08075672 -0.7873707 0.1287879 0.08027416 -0.7824712 0.1570606 -1.75787e-7 -0.7913413 0.1287875 -1.75089e-7 -0.786418 0.1570601 -0.08075708 -0.7873707 0.1287879 -1.7602e-7 -0.7916784 0.1073198 -1.75321e-7 -0.7876644 0.07861614 -0.0807901 -0.7877059 0.1073198 -0.08039671 -0.7837114 0.07861614 -0.1608026 -0.7758408 0.1073198 -0.1600196 -0.771904 0.07861614 -0.2392653 -0.7561832 0.1073198 -0.1607369 -0.7755103 0.1287875 -0.1597764 -0.7706814 0.1570601 -0.2391675 -0.7558608 0.1287879 -0.2377383 -0.7511497 0.1570606 -0.3152966 -0.7286248 0.128787 -0.3134125 -0.7240763 0.1570606 -0.3883869 -0.6940522 0.1287875 -0.3154255 -0.7289362 0.1073198 -0.3138896 -0.7252278 0.07861614 -0.3885456 -0.6943493 0.1073198 -0.3866536 -0.6908097 0.07861614 -0.4579268 -0.6527677 0.1073198 -0.455697 -0.6494303 0.07861614 -0.5228943 -0.6045804 0.1073198 -0.4577397 -0.6524873 0.128787 -0.4550044 -0.6483936 0.1570606 -0.5226806 -0.6043201 0.1287875 -0.5195574 -0.6005144 0.1570601 -0.582592 -0.5500236 0.1287875 -0.5791106 -0.5465422 0.1570601 -0.6368881 -0.4901123 0.1287879 -0.5828302 -0.550262 0.1073198 -0.5799921 -0.5474238 0.07861614 -0.6371486 -0.4903259 0.1073198 -0.634046 -0.4877796 0.07861614 -0.6853358 -0.4253583 0.1073198 -0.6819985 -0.4231286 0.07861614 -0.7269175 -0.3559771 0.1073198 -0.6850557 -0.4251714 0.1287875 -0.6809621 -0.4224362 0.1570601 -0.7266204 -0.3558183 0.1287879 -0.7222784 -0.3534975 0.1570606 -0.761193 -0.2827282 0.1287875 -0.7566444 -0.2808442 0.1570601 -0.788429 -0.2065989 0.1287879 -0.7615042 -0.2828572 0.1073198 -0.7577961 -0.2813213 0.07861614 -0.7887514 -0.2066969 0.1073198 -0.7849105 -0.2055318 0.07861614 -0.8084086 -0.1282341 0.1073198 -0.804472 -0.1274511 0.07861614 -0.8202741 -0.04822182 0.1073198 -0.8080782 -0.1281685 0.1287875 -0.8032494 -0.1272079 0.1570601 -0.8199388 -0.04818868 0.1287879 -0.8150392 -0.04770612 0.1570606 -0.8239094 0.03256821 0.1287875 -0.8189859 0.03256821 0.1570601 -0.8199388 0.1133251 0.1287879 -0.8242462 0.03256821 0.1073198 -0.8202327 0.03256821 0.07861614 -0.8202741 0.1133582 0.1073198 -0.8162797 0.1129646 0.07861614 -0.8084086 0.1933705 0.1073198 -0.8044721 0.1925876 0.07861614 -0.7887513 0.2718334 0.1073198 -0.8080781 0.193305 0.128787 -0.8032494 0.1923444 0.1570606 -0.7884289 0.2717354 0.1287875 -0.7837176 0.2703064 0.1570601 -0.7611929 0.3478646 0.128787 -0.7566443 0.3459807 0.1570606 -0.7266202 0.4209547 0.1287875 -0.7615041 0.3479936 0.1073198 -0.757796 0.3464575 0.07861614 -0.7269173 0.4211135 0.1073198 -0.7233777 0.4192216 0.07861614 -0.6853356 0.4904947 0.1073198 -0.6819984 0.488265 0.07861614 -0.6371484 0.5554624 0.1073198 -0.6850554 0.4903076 0.1287875 -0.6809617 0.4875722 0.1570601 -0.636888 0.5552487 0.128787 -0.6330823 0.5521255 0.1570606 -0.5825918 0.61516 0.1287879 -0.5791105 0.6116786 0.1570606 -0.5226804 0.6694563 0.128787 -0.58283 0.6153984 0.1073198 -0.5799919 0.6125603 0.07861614 -0.5228942 0.6697166 0.1073198 -0.5203479 0.6666141 0.07861614 -0.4579266 0.7179039 0.1073198 -0.4556968 0.7145667 0.07861614 -0.3885454 0.7594855 0.1073198 -0.4577394 0.7176237 0.1287879 -0.4550042 0.7135301 0.1570606 -0.3883866 0.7591884 0.1287879 -0.3860658 0.7548466 0.1570606 -0.3152964 0.793761 0.128787 -0.3134123 0.7892125 0.1570606 -0.2391672 0.820997 0.1287875 -0.3154253 0.7940722 0.1073198 -0.3138893 0.7903643 0.07861614 -0.239265 0.8213194 0.1073198 -0.2380999 0.8174787 0.07861614 -0.1608024 0.8409767 0.1073198 -0.1600193 0.83704 0.07861614 -0.1607366 0.8406463 0.128787 -0.08039641 0.8488479 0.07861614 -0.1575739 0.8247461 0.05181217 -0.07916784 0.8363736 0.05181217 -0.1537056 0.8052988 0.02953195 -0.2344613 0.8054838 0.05181217 -0.3090926 0.7787838 0.05181217 -0.2287054 0.7865093 0.02953195 -0.3015045 0.7604647 0.02953195 -0.2213956 0.7624121 0.01395654 -0.2918679 0.7371998 0.01395654 -0.2132475 0.7355511 0.006609916 -0.1487929 0.780601 0.01395654 -0.07475608 0.7915804 0.01395654 -0.1433169 0.7530708 0.006609916 -0.07200479 0.7636461 0.006609916 -0.1545013 0.8092988 0.01246166 -0.07762402 0.8206992 0.01246166 -0.2298893 0.790412 0.01246166 -0.1224728 0.6482809 0.01246166 -0.06153243 0.6573181 0.01246166 -0.1822328 0.6333094 0.01246166 -0.2402392 0.6125569 0.01246166 -0.2959301 0.5862143 0.01246166 -0.3030652 0.7642324 0.01246166 -0.3733201 0.7310009 0.01246166 -0.2811261 0.711267 0.006609916 -0.3462952 0.6804409 0.006609916 -0.3595272 0.7051962 0.01395654 -0.408132 0.6433809 0.006609916 -0.4237267 0.6667199 0.01395654 -0.4660349 0.6004334 0.006609916 -0.4399825 0.6910486 0.01246166 -0.5024043 0.6447497 0.01246166 -0.3487733 0.5545442 0.01246166 -0.3982549 0.5178433 0.01246166 -0.4439042 0.4764724 0.01246166 -0.4852749 0.4308231 0.01246166 -0.5599915 0.5925598 0.01246166 -0.6121814 0.5349727 0.01246166 -0.5194534 0.5520218 0.006609916 -0.5393016 0.5718699 0.01395654 -0.5678653 0.4986034 0.006609916 -0.5895634 0.5164104 0.01395654 -0.6108126 0.4407001 0.006609916 -0.6341517 0.4562948 0.01395654 -0.6478728 0.3788633 0.006609916 -0.6584804 0.4725509 0.01246166 -0.6984327 0.4058881 0.01246166 -0.5219761 0.3813415 0.01246166 -0.5536462 0.3284981 0.01246166 -0.5799887 0.2728074 0.01246166 -0.6007412 0.214801 0.01246166 -0.7316642 0.3356335 0.01246166 -0.7578437 0.2624576 0.01246166 -0.6786986 0.3136945 0.006609916 -0.7046316 0.3244362 0.01395654 -0.702983 0.2458157 0.006609916 -0.7298439 0.253964 0.01395654 -0.7205027 0.1758852 0.006609916 -0.7480331 0.1813611 0.01395654 -0.731078 0.104573 0.006609916 -0.7767307 0.1870694 0.01246166 -0.7881312 0.1101922 0.01246166 -0.6157129 0.1550409 0.01246166 -0.62475 0.09410071 0.01246166 -0.6277755 0.03256821 0.01246166 -0.62475 -0.02896428 0.01246166 -0.7919479 0.03256821 0.01246166 -0.7881312 -0.04505586 0.01246166 -0.7346183 0.03256821 0.006609916 -0.7626881 0.03256821 0.01395654 -0.731078 -0.03943681 0.006609916 -0.7590124 -0.04218792 0.01395654 -0.7205028 -0.1107487 0.006609916 -0.7480331 -0.1162247 0.01395654 -0.702983 -0.1806793 0.006609916 -0.7767307 -0.1219332 0.01246166 -0.7578437 -0.1973211 0.01246166 -0.6157129 -0.08990478 0.01246166 -0.6007412 -0.1496646 0.01246166 -0.5799888 -0.2076711 0.01246166 -0.5536463 -0.2633619 0.01246166 -0.7316643 -0.2704971 0.01246166 -0.6984329 -0.3407521 0.01246166 -0.6786987 -0.248558 0.006609916 -0.7046317 -0.2592998 0.01395654 -0.6478729 -0.3137272 0.006609916 -0.6726281 -0.3269591 0.01395654 -0.6108128 -0.3755636 0.006609916 -0.6341518 -0.3911586 0.01395654 -0.5678655 -0.4334669 0.006609916 -0.6584805 -0.4074144 0.01246166 -0.6121817 -0.4698362 0.01246166 -0.5219762 -0.316205 0.01246166 -0.4852751 -0.3656869 0.01246166 -0.4439043 -0.411336 0.01246166 -0.3982551 -0.4527068 0.01246166 -0.5599917 -0.5274234 0.01246166 -0.5024045 -0.5796132 0.01246166 -0.5194536 -0.4868856 0.006609916 -0.5393018 -0.5067334 0.01395654 -0.4660352 -0.5352974 0.006609916 -0.4838423 -0.5569954 0.01395654 -0.4081322 -0.5782447 0.006609916 -0.4237269 -0.6015835 0.01395654 -0.3462954 -0.615305 0.006609916 -0.4399828 -0.6259122 0.01246166 -0.3733203 -0.6658645 0.01246166 -0.3487734 -0.489408 0.01246166 -0.2959302 -0.5210781 0.01246166 -0.2402393 -0.5474205 0.01246166 -0.182233 -0.5681729 0.01246166 -0.3030654 -0.6990962 0.01246166 -0.2298896 -0.7252755 0.01246166 -0.2811263 -0.6461306 0.006609916 -0.2918682 -0.6720638 0.01395654 -0.2132478 -0.6704149 0.006609916 -0.2213959 -0.6972756 0.01395654 -0.143317 -0.6879349 0.006609916 -0.1487932 -0.7154651 0.01395654 -0.07200503 -0.6985097 0.006609916 -0.1545014 -0.7441626 0.01246166 -0.07762432 -0.7555633 0.01246166 -0.122473 -0.5831447 0.01246166 -0.06153261 -0.5921822 0.01246166 -1.39e-7 -0.5952072 0.01246166 0.06153231 -0.5921822 0.01246166 -1.69966e-7 -0.7593799 0.01246166 0.07762396 -0.7555633 0.01246166 -1.59489e-7 -0.7020502 0.006609916 -1.64611e-7 -0.7301197 0.01395654 0.07200473 -0.6985097 0.006609916 0.07475602 -0.7264443 0.01395654 0.1433168 -0.6879349 0.006609916 0.1487928 -0.7154651 0.01395654 0.2132474 -0.6704149 0.006609916 0.1545011 -0.7441626 0.01246166 0.2298892 -0.7252755 0.01246166 0.1224728 -0.5831447 0.01246166 0.1822327 -0.5681734 0.01246166 0.240239 -0.5474205 0.01246166 0.29593 -0.5210781 0.01246166 0.3030651 -0.6990962 0.01246166 0.3733199 -0.665865 0.01246166 0.2811262 -0.6461306 0.006609916 0.2918679 -0.6720638 0.01395654 0.3462952 -0.615305 0.006609916 0.359527 -0.64006 0.01395654 0.4081318 -0.5782447 0.006609916 0.4237265 -0.601584 0.01395654 0.4660348 -0.5352974 0.006609916 0.4399824 -0.6259127 0.01246166 0.5024042 -0.5796137 0.01246166 0.3487731 -0.489408 0.01246166 0.3982548 -0.4527068 0.01246166 0.4439041 -0.4113364 0.01246166 0.485275 -0.3656869 0.01246166 0.5599915 -0.5274239 0.01246166 0.6121814 -0.4698362 0.01246166 0.5194534 -0.4868856 0.006609916 0.5393016 -0.5067339 0.01395654 0.5678653 -0.4334669 0.006609916 0.5895634 -0.4512744 0.01395654 0.6108126 -0.3755641 0.006609916 0.6341517 -0.3911586 0.01395654 0.6478729 -0.3137274 0.006609916 0.6584804 -0.4074144 0.01246166 0.6984328 -0.3407521 0.01246166 0.5219761 -0.3162053 0.01246166 0.5536462 -0.2633622 0.01246166 0.5799887 -0.2076711 0.01246166 0.6007413 -0.1496648 0.01246166 0.7316642 -0.2704973 0.01246166 0.7578439 -0.1973214 0.01246166 0.6786987 -0.248558 0.006609916 0.7046316 -0.2593 0.01395654 0.7029831 -0.1806795 0.006609916 0.729844 -0.1888277 0.01395654 0.7205026 -0.110749 0.006609916 0.7480329 -0.116225 0.01395654 0.731078 -0.03943705 0.006609916 0.7767306 -0.1219334 0.01246166 0.7881312 -0.0450561 0.01246166 0.6157128 -0.08990502 0.01246166 0.62475 -0.02896451 0.01246166 0.6277754 0.03256797 0.01246166 0.62475 0.09410047 0.01246166 0.7919477 0.03256797 0.01246166 0.7881312 0.110192 0.01246166 0.7346182 0.03256797 0.006609916 0.7626879 0.03256797 0.01395654 0.731078 0.1045727 0.006609916 0.7590124 0.1073241 0.01395654 0.7205027 0.1758847 0.006609916 0.7480331 0.1813609 0.01395654 0.702983 0.2458157 0.006609916 0.7767307 0.1870691 0.01246166 0.7578437 0.2624574 0.01246166 0.6157129 0.1550407 0.01246166 0.6007412 0.2148008 0.01246166 0.5799888 0.2728071 0.01246166 0.5536463 0.3284981 0.01246166 0.7316643 0.3356333 0.01246166 0.6984329 0.4058881 0.01246166 0.6786987 0.3136942 0.006609916 0.7046317 0.324436 0.01395654 0.6478729 0.3788633 0.006609916 0.6726281 0.3920951 0.01395654 0.6108129 0.4407001 0.006609916 0.6341519 0.4562945 0.01395654 0.5678654 0.4986029 0.006609916 0.6584806 0.4725504 0.01246166 0.6121816 0.5349722 0.01246166 0.5219762 0.3813412 0.01246166 0.4852751 0.4308229 0.01246166 0.4439043 0.4764724 0.01246166 0.398255 0.517843 0.01246166 0.5599917 0.5925596 0.01246166 0.5024045 0.6447494 0.01246166 0.5194536 0.5520215 0.006609916 0.5393018 0.5718696 0.01395654 0.4660351 0.6004334 0.006609916 0.4838423 0.6221314 0.01395654 0.4081321 0.6433807 0.006609916 0.4237267 0.6667199 0.01395654 0.3462954 0.6804409 0.006609916 0.4399827 0.6910484 0.01246166 0.3733202 0.7310009 0.01246166 0.3487734 0.5545442 0.01246166 0.2959302 0.5862143 0.01246166 0.2402392 0.6125569 0.01246166 0.1822329 0.6333094 0.01246166 0.3030654 0.7642324 0.01246166 0.2298894 0.790412 0.01246166 0.2811263 0.7112668 0.006609916 0.291868 0.7371998 0.01395654 0.2132475 0.7355511 0.006609916 0.2213957 0.7624121 0.01395654 0.1433169 0.7530708 0.006609916 0.1487931 0.780601 0.01395654 0.07200497 0.7636461 0.006609916 0.1545014 0.8092985 0.01246166 0.0776242 0.8206992 0.01246166 0.122473 0.6482809 0.01246166 0.06153255 0.6573181 0.01246166 0 0.6603434 0.01246166 0 0.8245158 0.01246166 0 0.7671862 0.006609916 0 0.7952559 0.01395654 0 0.8204374 0.02953195 0.07475626 0.7915802 0.01395654 0.07722449 0.8166404 0.02953195 0.07916802 0.8363736 0.05181217 0.1537057 0.8052988 0.02953195 0.1575741 0.8247464 0.05181217 0.2287055 0.786509 0.02953195 0.2344614 0.8054838 0.05181217 0.3015046 0.7604644 0.02953195 0.3090927 0.7787836 0.05181217 0.3713977 0.7274041 0.02953195 0.3807448 0.7448912 0.05181217 0.3595273 0.7051962 0.01395654 0.4377169 0.6876574 0.02953195 0.448733 0.7041445 0.05181217 0.4998172 0.6415968 0.02953195 0.5123963 0.6569245 0.05181217 0.5571078 0.5896757 0.02953195 0.5711287 0.6036966 0.05181217 0.6090291 0.5323851 0.02953195 0.6243567 0.5449641 0.05181217 0.5895635 0.5164101 0.01395654 0.6550896 0.4702847 0.02953195 0.6715765 0.4813008 0.05181217 0.6948361 0.4039657 0.02953195 0.7123233 0.4133127 0.05181217 0.7278965 0.3340726 0.02953195 0.7462157 0.3416605 0.05181217 0.7539409 0.2612734 0.02953195 0.7729157 0.2670293 0.05181217 0.7298438 0.2539637 0.01395654 0.7727308 0.1862735 0.02953195 0.7921783 0.1901419 0.05181217 0.7840725 0.1097924 0.02953195 0.8038056 0.1117358 0.05181217 0.7878694 0.03256797 0.02953195 0.807698 0.03256797 0.05181217 0.7840725 -0.04465651 0.02953195 0.8038056 -0.0466001 0.05181217 0.7590124 -0.04218816 0.01395654 0.7727307 -0.1211376 0.02953195 0.7921783 -0.1250061 0.05181217 0.7539412 -0.1961376 0.02953195 0.7729158 -0.2018935 0.05181217 0.7278963 -0.2689366 0.02953195 0.7462155 -0.2765246 0.05181217 0.694836 -0.3388295 0.02953195 0.7123232 -0.348177 0.05181217 0.6726279 -0.3269591 0.01395654 0.6550894 -0.405149 0.02953195 0.6715763 -0.4161649 0.05181217 0.6090289 -0.4672489 0.02953195 0.6243565 -0.4798284 0.05181217 0.5571077 -0.52454 0.02953195 0.5711286 -0.5385609 0.05181217 0.499817 -0.5764608 0.02953195 0.512396 -0.5917888 0.05181217 0.483842 -0.5569954 0.01395654 0.4377166 -0.6225214 0.02953195 0.4487328 -0.6390085 0.05181217 0.3713974 -0.6622682 0.02953195 0.3807445 -0.6797552 0.05181217 0.3015044 -0.6953282 0.02953195 0.3090925 -0.7136474 0.05181217 0.2287054 -0.7213731 0.02953195 0.2344612 -0.7403479 0.05181217 0.2213956 -0.6972761 0.01395654 0.1537055 -0.7401629 0.02953195 0.1575739 -0.7596102 0.05181217 0.07722419 -0.7515044 0.02953195 0.07916772 -0.7712374 0.05181217 -1.69268e-7 -0.7553015 0.02953195 -1.72993e-7 -0.7751298 0.05181217 -0.07722455 -0.7515044 0.02953195 -0.07916808 -0.7712374 0.05181217 -0.07475632 -0.7264443 0.01395654 -0.1537058 -0.7401629 0.02953195 -0.1575742 -0.7596102 0.05181217 -0.2287057 -0.7213731 0.02953195 -0.2344616 -0.7403479 0.05181217 -0.3015047 -0.6953282 0.02953195 -0.3090928 -0.7136474 0.05181217 -0.3713978 -0.6622677 0.02953195 -0.3807449 -0.6797552 0.05181217 -0.3595273 -0.64006 0.01395654 -0.437717 -0.6225214 0.02953195 -0.4487331 -0.6390081 0.05181217 -0.4998173 -0.5764608 0.02953195 -0.5123963 -0.5917883 0.05181217 -0.5571079 -0.5245395 0.02953195 -0.5711288 -0.5385604 0.05181217 -0.6090291 -0.4672489 0.02953195 -0.6243567 -0.4798279 0.05181217 -0.5895635 -0.4512739 0.01395654 -0.6550896 -0.4051485 0.02953195 -0.6715764 -0.4161649 0.05181217 -0.6948361 -0.3388295 0.02953195 -0.7123233 -0.3481765 0.05181217 -0.7278965 -0.2689364 0.02953195 -0.7462157 -0.2765243 0.05181217 -0.7539409 -0.1961371 0.02953195 -0.7729157 -0.201893 0.05181217 -0.7298438 -0.1888275 0.01395654 -0.7727308 -0.1211376 0.02953195 -0.7921783 -0.1250059 0.05181217 -0.7840725 -0.04465627 0.02953195 -0.8038056 -0.04659962 0.05181217 -0.7878696 0.03256821 0.02953195 -0.8076981 0.03256821 0.05181217 -0.7840725 0.1097927 0.02953195 -0.8038055 0.111736 0.05181217 -0.7590124 0.1073243 0.01395654 -0.7727308 0.1862738 0.02953195 -0.7921783 0.1901421 0.05181217 -0.7539411 0.2612739 0.02953195 -0.7729157 0.2670298 0.05181217 -0.7278963 0.3340728 0.02953195 -0.7462155 0.3416607 0.05181217 -0.694836 0.4039657 0.02953195 -0.7123232 0.4133129 0.05181217 -0.6726279 0.3920953 0.01395654 -0.6550894 0.4702849 0.02953195 -0.6715763 0.4813011 0.05181217 -0.6090289 0.5323854 0.02953195 -0.6243566 0.5449643 0.05181217 -0.5571077 0.5896759 0.02953195 -0.5711286 0.6036968 0.05181217 -0.499817 0.641597 0.02953195 -0.512396 0.6569247 0.05181217 -0.483842 0.6221314 0.01395654 -0.4377168 0.6876576 0.02953195 -0.4487329 0.7041445 0.05181217 -0.3713976 0.7274041 0.02953195 -0.3807447 0.7448914 0.05181217 -0.3866534 0.7559459 0.07861614 -0.6340459 0.5529161 0.07861614 -0.7849105 0.2706683 0.07861614 -0.8162798 -0.04782843 0.07861614 -0.7233778 -0.3540855 0.07861614 -0.5203481 -0.6014776 0.07861614 -0.2381002 -0.7523422 0.07861614 0.08039635 -0.7837114 0.07861614 0.3866533 -0.6908097 0.07861614 0.6340459 -0.4877801 0.07861614 0.7849107 -0.205532 0.07861614 0.8162798 0.1129643 0.07861614 0.7233778 0.4192214 0.07861614 0.5203481 0.6666138 0.07861614 0.2381 0.8174787 0.07861614 0 0.840266 0.05181217 -0.07722431 0.8166406 0.02953195 -0.2377381 0.8162856 0.1570601 -0.2338479 0.8034613 0.1826133 -0.2278773 0.7837792 0.2029457 -0.3082838 0.7768312 0.1826133 -0.3797484 0.7430275 0.1826138 -0.3004127 0.7578287 0.2029461 -0.3700528 0.7248883 0.2029461 -0.4361318 0.6852856 0.2029461 -0.4475587 0.7023871 0.1826138 -0.4980072 0.6393919 0.2029461 -0.421842 0.6638994 0.2160673 -0.5550904 0.5876589 0.2029461 -0.5110553 0.6552911 0.1826133 -0.5696342 0.6022024 0.1826138 -0.5195571 0.6656504 0.1570606 -0.6227228 0.5436235 0.1826133 -0.6068237 0.5305755 0.2029461 -0.6698188 0.4801269 0.1826133 -0.7104592 0.4123166 0.1826133 -0.6527172 0.4686999 0.2029457 -0.6923201 0.402621 0.2029457 -0.6313311 0.4544101 0.2160673 -0.7252607 0.3329811 0.2029461 -0.7442629 0.340852 0.1826133 -0.7512111 0.2604456 0.2029457 -0.7699326 0.1857173 0.2029461 -0.7708932 0.2664161 0.1826133 -0.7901053 0.1897299 0.1826133 -0.8017023 0.1115288 0.1826138 -0.7812336 0.109513 0.2029461 -0.8055844 0.03256821 0.1826133 -0.8150393 0.1128425 0.1570606 -0.8017023 -0.04639267 0.1826138 -0.7850165 0.03256821 0.2029457 -0.7812335 -0.04437661 0.2029461 -0.7699327 -0.1205809 0.2029457 -0.7901054 -0.1245934 0.1826133 -0.7512111 -0.1953091 0.2029461 -0.744706 -0.1155631 0.2160673 -0.7252608 -0.2678447 0.2029457 -0.7708932 -0.2012796 0.1826138 -0.744263 -0.2757156 0.1826133 -0.7837176 -0.2051699 0.1570606 -0.7104594 -0.3471804 0.1826138 -0.6923202 -0.3374844 0.2029461 -0.6698191 -0.4149904 0.1826133 -0.6527176 -0.4035635 0.2029457 -0.6227229 -0.478487 0.1826138 -0.6068237 -0.4654393 0.2029461 -0.5696343 -0.537066 0.1826133 -0.6330823 -0.486989 0.1570606 -0.5110555 -0.5901547 0.1826133 -0.5550907 -0.5225225 0.2029457 -0.4980074 -0.5742555 0.2029457 -0.436132 -0.6201491 0.2029461 -0.4475589 -0.6372509 0.1826133 -0.3700529 -0.6597519 0.2029457 -0.4218422 -0.598763 0.2160673 -0.300413 -0.6926928 0.2029461 -0.3797486 -0.6778913 0.1826133 -0.308284 -0.7116947 0.1826133 -0.386066 -0.6897101 0.1570601 -0.2338481 -0.7383251 0.1826138 -0.2278776 -0.7186432 0.2029461 -0.1571619 -0.7575374 0.1826133 -0.07896095 -0.7691341 0.1826138 -0.1531493 -0.7373648 0.2029457 -0.07694494 -0.7486653 0.2029461 -0.1481314 -0.7121382 0.2160673 -1.69268e-7 -0.7524486 0.2029457 -1.7276e-7 -0.7730165 0.1826133 0.07694458 -0.7486653 0.2029461 0.1531489 -0.7373648 0.2029457 0.07896059 -0.7691341 0.1826138 0.1571615 -0.7575374 0.1826133 0.2338477 -0.7383251 0.1826138 0.2278771 -0.7186432 0.2029461 0.3082836 -0.7116952 0.1826133 0.237738 -0.7511497 0.1570606 0.3797482 -0.6778913 0.1826138 0.3004127 -0.6926928 0.2029457 0.3700526 -0.6597519 0.2029461 0.4361317 -0.6201496 0.2029457 0.4475585 -0.6372509 0.1826133 0.4980071 -0.5742555 0.2029461 0.4218419 -0.5987635 0.2160673 0.5550904 -0.5225225 0.2029461 0.5110552 -0.5901547 0.1826138 0.5696341 -0.5370665 0.1826138 0.519557 -0.6005144 0.1570606 0.6227228 -0.4784875 0.1826133 0.6068236 -0.4654393 0.2029461 0.669819 -0.4149909 0.1826138 0.7104592 -0.3471804 0.1826133 0.6527174 -0.403564 0.2029461 0.69232 -0.3374848 0.2029461 0.6313313 -0.3892741 0.2160673 0.7252606 -0.2678449 0.2029461 0.7442628 -0.2757158 0.1826138 0.7512111 -0.1953094 0.2029461 0.7699326 -0.1205811 0.2029461 0.7708932 -0.2012798 0.1826133 0.7901054 -0.1245937 0.1826138 0.8017023 -0.04639291 0.1826133 0.7812335 -0.04437685 0.2029461 0.8055844 0.03256797 0.1826138 0.8150392 -0.04770636 0.1570606 0.8017023 0.1115286 0.1826133 0.7850165 0.03256797 0.2029461 0.7812336 0.1095128 0.2029461 0.7699326 0.1857171 0.2029461 0.7447059 0.1806991 0.2160673 0.7901053 0.1897296 0.1826138 0.7512111 0.2604454 0.2029461 0.7252608 0.3329809 0.2029457 0.7708932 0.2664158 0.1826138 0.744263 0.3408518 0.1826133 0.7837176 0.2703061 0.1570606 0.7104594 0.4123163 0.1826138 0.6923202 0.4026208 0.2029461 0.6698191 0.4801266 0.1826133 0.6227228 0.5436232 0.1826138 0.6527176 0.4686999 0.2029457 0.6068237 0.5305753 0.2029461 0.6313314 0.4544101 0.2160673 0.5550907 0.5876584 0.2029457 0.5696344 0.6022022 0.1826133 0.4980074 0.6393917 0.2029461 0.4361319 0.6852856 0.2029457 0.5110555 0.6552906 0.1826138 0.4475588 0.7023871 0.1826133 0.3797485 0.7430272 0.1826138 0.3700529 0.7248881 0.2029461 0.3082839 0.7768312 0.1826133 0.3860659 0.7548463 0.1570606 0.2338479 0.8034613 0.1826138 0.3004129 0.7578287 0.2029457 0.2278774 0.7837792 0.2029461 0.1531492 0.8025007 0.2029457 0.1571618 0.8226733 0.1826133 0.07896083 0.8342702 0.1826138 0.3579282 0.7022045 0.2160673 0.4218421 0.6638994 0.2160673 0.6330823 0.552125 0.1570606 0.744706 -0.1155633 0.2160673 0.7222783 -0.353498 0.1570606 0.148131 -0.7121382 0.2160673 -0.08027452 -0.7824712 0.1570606 -0.6313314 -0.3892741 0.2160673 -0.7447059 0.1806993 0.2160673 -0.7222782 0.4186339 0.1570601 -0.1481311 0.7772741 0.2160673 0.01643502 0.1994359 0.2202234 0.04476749 0.1801466 0.222897 0.0583775 0.1199362 0.4696217 0.9364561 0.2188403 -1.334903 0.9364562 0.2188403 -3.075512 0.9136852 0.309731 -1.334903 0.950201 0.1261544 -1.334903 0.9335708 0.2182664 -1.18462 0.9287269 0.2173027 -1.156903 0.9472734 0.1258659 -1.184621 0.9108701 0.3088772 -1.18462 0.906144 0.3074436 -1.156903 0.8794046 0.3968291 -1.18462 0.8748417 0.394939 -1.156903 0.8394629 0.4812698 -1.18462 0.8821224 0.397955 -1.334903 0.8420573 0.4826567 -1.334903 0.8821224 0.397955 -3.075512 0.8420573 0.4826567 -3.075512 0.9136852 0.309731 -3.075512 0.7938893 0.5630274 -3.075512 0.7938893 0.5630274 -1.334903 0.7380695 0.6382856 -3.075512 0.6751474 0.7077148 -3.075512 0.7380695 0.6382856 -1.334903 0.6751474 0.7077148 -1.334903 0.7357954 0.6364193 -1.18462 0.7319777 0.633286 -1.156903 0.6730672 0.7056348 -1.18462 0.7914433 0.5613933 -1.18462 0.7873368 0.5586493 -1.156903 0.7763217 0.5512891 -1.131899 0.8351073 0.4789417 -1.156903 0.8234238 0.4726968 -1.131899 0.8055561 0.4631462 -1.112055 0.8626024 0.3898692 -1.131899 0.8438845 0.3821161 -1.112055 0.8934667 0.3035979 -1.131899 0.8740792 0.2977166 -1.112055 0.9157336 0.2147183 -1.131899 0.8958628 0.2107658 -1.112055 0.9291744 0.1240832 -1.131899 0.909012 0.1220974 -1.112055 0.9423584 0.1253819 -1.156903 0.9336739 0.03256797 -1.131899 0.9469217 0.03256797 -1.156903 0.913414 0.03256797 -1.112055 0.9291744 -0.05894756 -1.131899 0.9423584 -0.06024599 -1.156903 0.9157336 -0.1495826 -1.131899 0.909012 -0.05696177 -1.112055 0.8958628 -0.1456301 -1.112055 0.8838449 -0.05448293 -1.099315 0.8710598 -0.1406965 -1.099316 0.8561365 -0.05175399 -1.094926 0.8881249 0.03256797 -1.099316 0.8838449 0.1196186 -1.099315 0.8602823 0.03256797 -1.094926 0.8561365 0.1168897 -1.094926 0.8373603 0.03256797 -1.094926 0.7293139 0.03256797 -1.093742 0.8333251 0.114643 -1.094926 0.8333251 -0.04950714 -1.094926 0.8212708 -0.1307928 -1.094926 0.725799 -0.03891682 -1.093742 0.7153002 -0.109714 -1.093742 0.697907 -0.1791396 -1.093742 0.6737982 -0.2465281 -1.093742 0.8013008 -0.2105038 -1.094926 0.7736203 -0.2878757 -1.094926 0.8232356 -0.2171578 -1.094926 0.8498792 -0.2252399 -1.099316 0.7947973 -0.2966476 -1.094926 0.8437522 -0.1352646 -1.094926 0.8205205 -0.3073025 -1.099316 0.7586984 -0.3729644 -1.094926 0.7832533 -0.3860893 -1.099316 0.7152988 -0.4453793 -1.094926 0.7384831 -0.3621593 -1.094926 0.6962398 -0.4326444 -1.094926 0.6431949 -0.3112266 -1.093742 0.6064024 -0.3726168 -1.093742 0.5637652 -0.4301019 -1.093742 0.5157029 -0.4831348 -1.093742 0.6472859 -0.4986458 -1.094926 0.5921034 -0.559535 -1.094926 0.6650046 -0.5131869 -1.094926 0.6865271 -0.5308499 -1.099316 0.6083117 -0.5757432 -1.094926 0.6279993 -0.5954313 -1.099316 0.5457553 -0.6324368 -1.094926 0.5634184 -0.6539593 -1.099316 0.4779473 -0.6827307 -1.094926 0.5312139 -0.614718 -1.094926 0.4652126 -0.6636715 -1.094926 0.4626701 -0.5311966 -1.093742 0.4051851 -0.5738344 -1.093742 0.3437949 -0.6106267 -1.093742 0.2790964 -0.6412301 -1.093742 0.3947275 -0.705915 -1.094926 0.320444 -0.7410522 -1.094926 0.4055328 -0.7261305 -1.094926 0.4186577 -0.7506852 -1.099316 0.3292158 -0.762229 -1.094926 0.3398708 -0.7879524 -1.099316 0.2497258 -0.7906675 -1.094926 0.2578081 -0.8173113 -1.099316 0.1678327 -0.8111844 -1.094926 0.243072 -0.768733 -1.094926 0.1633609 -0.788703 -1.094926 0.2117078 -0.665339 -1.093742 0.1422821 -0.6827321 -1.093742 0.07148504 -0.6932311 -1.093742 0 -0.6967459 -1.093742 0.08207541 -0.8007569 -1.094926 0 -0.8047924 -1.094926 0.08432215 -0.8235684 -1.094926 0.08705121 -0.8512769 -1.099316 0 -0.8277145 -1.094926 0 -0.855557 -1.099316 -0.08432197 -0.8235684 -1.094926 -0.08705097 -0.8512769 -1.099316 -0.1678327 -0.8111844 -1.094926 -0.08207523 -0.8007569 -1.094926 -0.1633608 -0.788703 -1.094926 -0.07148486 -0.6932311 -1.093742 -0.142282 -0.6827321 -1.093742 -0.2117077 -0.665339 -1.093742 -0.2790963 -0.6412301 -1.093742 -0.2430719 -0.768733 -1.094926 -0.3204439 -0.7410522 -1.094926 -0.2497256 -0.7906675 -1.094926 -0.2578079 -0.8173113 -1.099316 -0.3292157 -0.7622295 -1.094926 -0.3398706 -0.7879524 -1.099315 -0.4055327 -0.7261305 -1.094926 -0.4186576 -0.7506852 -1.099316 -0.4779472 -0.6827307 -1.094926 -0.3947274 -0.705915 -1.094926 -0.4652125 -0.663672 -1.094926 -0.3437947 -0.6106267 -1.093742 -0.4051849 -0.5738344 -1.093742 -0.4626699 -0.5311971 -1.093742 -0.5157026 -0.4831348 -1.093742 -0.5312137 -0.614718 -1.094926 -0.5921032 -0.5595355 -1.094926 -0.5457552 -0.6324368 -1.094926 -0.5634183 -0.6539593 -1.099315 -0.6083115 -0.5757437 -1.094926 -0.6279991 -0.5954313 -1.099316 -0.6650046 -0.5131874 -1.094926 -0.6865272 -0.5308504 -1.099315 -0.7152984 -0.4453793 -1.094926 -0.6472858 -0.4986458 -1.094926 -0.6962397 -0.4326449 -1.094926 -0.5637649 -0.4301019 -1.093742 -0.6064023 -0.3726173 -1.093742 -0.6431948 -0.3112269 -1.093742 -0.6737981 -0.2465283 -1.093742 -0.738483 -0.3621597 -1.094926 -0.7736202 -0.2878761 -1.094926 -0.7586982 -0.3729649 -1.094926 -0.7832531 -0.3860898 -1.099316 -0.7947972 -0.296648 -1.094926 -0.8205204 -0.307303 -1.099315 -0.8232356 -0.2171578 -1.094926 -0.8498793 -0.2252402 -1.099316 -0.8437522 -0.1352648 -1.094926 -0.8013008 -0.210504 -1.094926 -0.8212708 -0.130793 -1.094926 -0.697907 -0.1791398 -1.093742 -0.7153003 -0.109714 -1.093742 -0.7257991 -0.03891706 -1.093742 -0.7293139 0.03256797 -1.093742 -0.833325 -0.04950761 -1.094926 -0.8373605 0.03256797 -1.094926 -0.8561366 -0.05175423 -1.094926 -0.8838449 -0.05448317 -1.099316 -0.8602823 0.03256797 -1.094926 -0.8881249 0.03256797 -1.099316 -0.8561366 0.1168899 -1.094926 -0.8838449 0.1196191 -1.099316 -0.8437522 0.2004008 -1.094926 -0.833325 0.114643 -1.094926 -0.7257991 0.104053 -1.093742 -0.8212708 0.195929 -1.094926 -0.7153003 0.1748499 -1.093742 -0.8013008 0.27564 -1.094926 -0.697907 0.2442755 -1.093742 -0.7736202 0.3530121 -1.094926 -0.8232356 0.2822938 -1.094926 -0.8498792 0.290376 -1.099316 -0.7947972 0.3617838 -1.094926 -0.8205204 0.3724387 -1.099315 -0.7586983 0.4381006 -1.094926 -0.7832531 0.4512253 -1.099316 -0.7152984 0.5105152 -1.094926 -0.738483 0.4272952 -1.094926 -0.6431948 0.3763628 -1.093742 -0.6962397 0.4977806 -1.094926 -0.6064023 0.437753 -1.093742 -0.6472858 0.5637817 -1.094926 -0.5637649 0.4952378 -1.093742 -0.5921032 0.624671 -1.094926 -0.6650046 0.5783231 -1.094926 -0.6865271 0.5959864 -1.099315 -0.6083115 0.6408794 -1.094926 -0.6279992 0.6605671 -1.099316 -0.5457552 0.6975725 -1.094926 -0.5634183 0.719095 -1.099315 -0.4779472 0.7478664 -1.094926 -0.5312137 0.6798534 -1.094926 -0.4626699 0.5963328 -1.093742 -0.4652125 0.7288077 -1.094926 -0.4051849 0.6389701 -1.093742 -0.3947274 0.7710509 -1.094926 -0.3437947 0.6757627 -1.093742 -0.3204439 0.8061881 -1.094926 -0.4055327 0.7912662 -1.094926 -0.4186576 0.8158212 -1.099316 -0.3292157 0.8273652 -1.094926 -0.3398706 0.8530884 -1.099315 -0.2497256 0.8558035 -1.094926 -0.257808 0.8824473 -1.099316 -0.1678327 0.8763201 -1.094926 -0.2430719 0.8338688 -1.094926 -0.2117077 0.730475 -1.093742 -0.1633608 0.8538385 -1.094926 -0.142282 0.7478681 -1.093742 -0.08207523 0.8658929 -1.094926 -0.07148486 0.7583671 -1.093742 0 0.8699284 -1.094926 -0.08432197 0.8887043 -1.094926 -0.08705097 0.9164128 -1.099316 0 0.8928504 -1.094926 0 0.9206929 -1.099316 0.08432215 0.8887043 -1.094926 0.08705121 0.9164128 -1.099316 0.1678328 0.8763201 -1.094926 0.08207541 0.8658929 -1.094926 0.07148504 0.7583671 -1.093742 0.1633609 0.8538385 -1.094926 0.1422821 0.7478681 -1.093742 0.243072 0.8338685 -1.094926 0.2117078 0.7304747 -1.093742 0.320444 0.8061879 -1.094926 0.2497258 0.8558035 -1.094926 0.2578082 0.8824473 -1.099316 0.3292159 0.8273649 -1.094926 0.3398708 0.8530884 -1.099316 0.4055328 0.791266 -1.094926 0.4186577 0.8158209 -1.099316 0.4779474 0.7478664 -1.094926 0.3947275 0.7710507 -1.094926 0.3437949 0.6757627 -1.093742 0.4652126 0.7288075 -1.094926 0.4051851 0.6389699 -1.093742 0.5312139 0.6798534 -1.094926 0.4626701 0.5963326 -1.093742 0.5921034 0.6246708 -1.094926 0.5457553 0.6975722 -1.094926 0.5634183 0.7190948 -1.099316 0.6083117 0.6408792 -1.094926 0.6279993 0.6605668 -1.099316 0.6650046 0.5783229 -1.094926 0.6865272 0.5959859 -1.099316 0.7152988 0.510515 -1.094926 0.6472859 0.5637815 -1.094926 0.5637652 0.4952376 -1.093742 0.6962398 0.4977801 -1.094926 0.6064024 0.4377527 -1.093742 0.7384831 0.4272952 -1.094926 0.6431949 0.3763623 -1.093742 0.7736203 0.3530116 -1.094926 0.7586984 0.4381003 -1.094926 0.7832532 0.4512253 -1.099316 0.7947973 0.3617833 -1.094926 0.8205205 0.3724384 -1.099316 0.8232356 0.2822936 -1.094926 0.8498792 0.2903757 -1.099316 0.8437522 0.2004003 -1.094926 0.8013008 0.2756395 -1.094926 0.697907 0.2442755 -1.093742 0.8212708 0.1959285 -1.094926 0.7153002 0.1748495 -1.093742 0.725799 0.1040525 -1.093742 0.6737982 0.3116641 -1.093742 0.8710598 0.2058322 -1.099316 0.738449 0.5259833 -1.099316 0.7594761 0.5400334 -1.112055 0.7060758 0.6120291 -1.112055 0.6458814 0.6784489 -1.112055 0.721737 0.6248818 -1.131899 0.6602073 0.6927748 -1.131899 0.669575 0.7021425 -1.156903 0.5923143 0.7543044 -1.131899 0.5794615 0.7386434 -1.112055 0.5187215 0.8088894 -1.131899 0.6007186 0.7645452 -1.156903 0.5260817 0.8199046 -1.156903 0.6038517 0.768363 -1.18462 0.5288255 0.8240111 -1.18462 0.605718 0.770637 -1.334903 0.53046 0.826457 -1.334903 0.605718 0.770637 -3.075512 0.53046 0.826457 -3.075512 0.4500891 0.874625 -3.075512 0.3653872 0.91469 -3.075512 0.4500891 0.874625 -1.334903 0.3653872 0.91469 -1.334903 0.4487023 0.8720305 -1.18462 0.4463742 0.8676748 -1.156903 0.3642614 0.9119723 -1.18462 0.3623714 0.9074094 -1.156903 0.2763095 0.9434381 -1.18462 0.2748759 0.9387121 -1.156903 0.1856988 0.9661388 -1.18462 0.2771635 0.9462533 -1.334903 0.1862727 0.9690237 -1.334903 0.2771635 0.9462533 -3.075512 0.1862727 0.9690237 -3.075512 0.09358674 0.982769 -3.075512 1.19675e-7 0.98737 -3.075512 0.09358674 0.982769 -1.334903 0 0.98737 -1.334903 0.09329837 0.9798412 -1.18462 0.09281426 0.9749262 -1.156903 0 0.9844284 -1.18462 0 0.9794898 -1.156903 -0.09329813 0.9798412 -1.18462 -0.09281408 0.9749262 -1.156903 -0.1856987 0.9661388 -1.184621 -0.0935865 0.982769 -1.334903 -0.1862726 0.9690237 -1.334903 -0.0935865 0.982769 -3.075512 -0.1862726 0.9690237 -3.075512 -0.2771633 0.9462533 -3.075512 -0.3653869 0.9146905 -3.075512 -0.2771633 0.9462533 -1.334903 -0.365387 0.9146905 -1.334903 -0.2763094 0.9434381 -1.18462 -0.2748757 0.9387119 -1.156903 -0.3642612 0.9119725 -1.184621 -0.3623712 0.9074097 -1.156903 -0.4487022 0.8720307 -1.18462 -0.4463741 0.8676753 -1.156903 -0.5288254 0.8240111 -1.18462 -0.4500889 0.8746252 -1.334903 -0.5304597 0.826457 -1.334903 -0.4500889 0.8746252 -3.075512 -0.5304597 0.8264573 -3.075512 -0.6057177 0.7706375 -3.075512 -0.6751472 0.707715 -3.075512 -0.6057178 0.770637 -1.334903 -0.6751472 0.707715 -1.334903 -0.6038516 0.7683632 -1.184621 -0.6007184 0.7645455 -1.156903 -0.673067 0.7056351 -1.18462 -0.6695748 0.7021427 -1.156903 -0.7357953 0.6364195 -1.184621 -0.7319777 0.6332865 -1.156903 -0.7914431 0.5613933 -1.18462 -0.7380693 0.6382859 -1.334903 -0.7938891 0.5630279 -1.334903 -0.7380693 0.6382856 -3.075512 -0.7938892 0.5630279 -3.075512 -0.8420572 0.482657 -3.075512 -0.8821223 0.397955 -3.075512 -0.8420571 0.482657 -1.334903 -0.8821223 0.397955 -1.334903 -0.8394628 0.4812701 -1.18462 -0.8351072 0.4789419 -1.156903 -0.8794044 0.3968291 -1.184621 -0.8748416 0.3949392 -1.156903 -0.9108702 0.3088775 -1.18462 -0.906144 0.3074436 -1.156903 -0.9335709 0.2182667 -1.184621 -0.9136853 0.3097315 -1.334903 -0.9364562 0.2188405 -1.334903 -0.9136853 0.3097315 -3.075512 -0.9364562 0.2188405 -3.075512 -0.9502012 0.1261544 -3.075512 -0.9548026 0.03256797 -3.075512 -0.9502012 0.1261544 -1.334903 -0.9548026 0.03256797 -1.334903 -0.9472736 0.1258661 -1.18462 -0.9423585 0.1253821 -1.156903 -0.9518607 0.03256797 -1.18462 -0.9469218 0.03256797 -1.156903 -0.9472736 -0.06073045 -1.18462 -0.9423585 -0.06024646 -1.156903 -0.9335709 -0.153131 -1.184621 -0.9502012 -0.06101894 -1.334903 -0.9364562 -0.1537048 -1.334903 -0.9502012 -0.06101894 -3.075512 -0.9364562 -0.1537048 -3.075512 -0.9136853 -0.2445955 -3.075512 -0.8821223 -0.3328195 -3.075512 -0.9136853 -0.2445955 -1.334903 -0.8821223 -0.3328195 -1.334903 -0.9108702 -0.2437417 -1.18462 -0.9061441 -0.2423081 -1.156903 -0.8794044 -0.3316937 -1.184621 -0.8748416 -0.3298035 -1.156903 -0.8394628 -0.4161344 -1.18462 -0.8351071 -0.4138064 -1.156903 -0.7914431 -0.4962573 -1.18462 -0.8420571 -0.417521 -1.334903 -0.7938891 -0.4978919 -1.334903 -0.8420572 -0.417521 -3.075512 -0.7938892 -0.4978919 -3.075512 -0.7380693 -0.5731502 -3.075512 -0.6751472 -0.6425796 -3.075512 -0.7380693 -0.5731502 -1.334903 -0.6751472 -0.6425796 -1.334903 -0.7357953 -0.5712838 -1.184621 -0.7319777 -0.5681505 -1.156903 -0.673067 -0.6404991 -1.18462 -0.6695748 -0.6370072 -1.156903 -0.6038516 -0.7032275 -1.184621 -0.6007184 -0.6994095 -1.156903 -0.5288254 -0.7588754 -1.18462 -0.6057178 -0.7055016 -1.334903 -0.5304597 -0.7613211 -1.334903 -0.6057177 -0.7055016 -3.075512 -0.5304597 -0.7613216 -3.075512 -0.4500889 -0.8094893 -1.334903 -0.365387 -0.8495545 -1.334903 -0.4487022 -0.8068948 -1.18462 -0.4463741 -0.8025394 -1.156903 -0.3642612 -0.8468366 -1.184621 -0.3623712 -0.8422737 -1.156903 -0.2763094 -0.8783021 -1.18462 -0.2748757 -0.8735762 -1.156903 -0.1856987 -0.9010029 -1.184621 -0.2771633 -0.8811174 -1.334903 -0.1862726 -0.9038882 -1.334903 -0.0935865 -0.9176331 -1.334903 0 -0.9222345 -1.334903 -0.09329813 -0.9147053 -1.18462 -0.09281408 -0.9097905 -1.156903 0 -0.9192925 -1.18462 0 -0.9143539 -1.156903 0.09329837 -0.9147053 -1.18462 0.09281426 -0.9097905 -1.156903 0.1856988 -0.9010029 -1.18462 0.09358674 -0.9176331 -1.334903 0.1862727 -0.9038882 -1.334903 0.2771635 -0.8811174 -1.334903 0.3653872 -0.8495545 -1.334903 0.2763095 -0.8783021 -1.18462 0.2748759 -0.8735762 -1.156903 0.3642614 -0.8468366 -1.18462 0.3623714 -0.8422737 -1.156903 0.4487023 -0.8068948 -1.18462 0.4463742 -0.8025394 -1.156903 0.5288255 -0.7588754 -1.18462 0.4500891 -0.8094893 -1.334903 0.53046 -0.7613211 -1.334903 0.605718 -0.7055016 -1.334903 0.53046 -0.7613211 -3.075512 0.605718 -0.7055016 -3.075512 0.6751474 -0.6425791 -3.075512 0.6751474 -0.6425791 -1.334903 0.7380695 -0.5731497 -3.075512 0.7938893 -0.4978919 -3.075512 0.7380695 -0.5731497 -1.334903 0.7938893 -0.4978919 -1.334903 0.7357954 -0.5712834 -1.18462 0.6730672 -0.6404991 -1.18462 0.7319777 -0.5681505 -1.156903 0.7914433 -0.4962573 -1.18462 0.7873368 -0.4935136 -1.156903 0.8394629 -0.4161339 -1.18462 0.8351073 -0.413806 -1.156903 0.8794046 -0.3316932 -1.18462 0.8420573 -0.417521 -1.334903 0.8821224 -0.332819 -1.334903 0.8420573 -0.417521 -3.075512 0.8821224 -0.332819 -3.075512 0.9136852 -0.2445952 -3.075512 0.9364562 -0.1537046 -3.075512 0.9136852 -0.2445952 -1.334903 0.9364561 -0.1537046 -1.334903 0.9108701 -0.2437415 -1.18462 0.906144 -0.2423076 -1.156903 0.9335708 -0.1531307 -1.18462 0.9287269 -0.152167 -1.156903 0.9472734 -0.06073021 -1.184621 0.9518606 0.03256797 -1.18462 0.950201 -0.06101846 -1.334903 0.9548024 0.03256797 -1.334903 0.950201 -0.06101846 -3.075512 0.9548024 0.03256797 -3.075512 0.950201 0.1261544 -3.075512 0.8748417 -0.329803 -1.156903 0.8934667 -0.2384622 -1.131899 0.8626024 -0.3247335 -1.131899 0.8740792 -0.2325809 -1.112055 0.8438845 -0.3169801 -1.112055 0.8055561 -0.3980103 -1.112055 0.8234238 -0.4075608 -1.131899 0.7594761 -0.4748974 -1.112055 0.738449 -0.4608479 -1.099316 0.7060758 -0.5468931 -1.112055 0.7763217 -0.4861536 -1.131899 0.721737 -0.5597458 -1.131899 0.6602073 -0.6276393 -1.131899 0.6458814 -0.6133132 -1.112055 0.5923143 -0.6891689 -1.131899 0.669575 -0.6370068 -1.156903 0.6007186 -0.6994095 -1.156903 0.6038517 -0.7032271 -1.18462 0.5260817 -0.7547689 -1.156903 0.5187215 -0.7437534 -1.131899 0.5074657 -0.7269077 -1.112055 0.4401293 -0.7908559 -1.131899 0.3573017 -0.8300343 -1.131899 0.4305788 -0.7729883 -1.112055 0.3495485 -0.8113165 -1.112055 0.2651491 -0.8415113 -1.112055 0.2710303 -0.860899 -1.131899 0.1781982 -0.8632951 -1.112055 0.1732646 -0.8384919 -1.099316 0.08952993 -0.8764439 -1.112055 0.1821508 -0.8831654 -1.131899 0.09151577 -0.8966065 -1.131899 0.1847353 -0.8961587 -1.156903 0 -0.9011059 -1.131899 0 -0.880846 -1.112055 -0.09151554 -0.8966065 -1.131899 -0.1821507 -0.8831658 -1.131899 -0.08952975 -0.8764439 -1.112055 -0.1781981 -0.8632951 -1.112055 -0.1732645 -0.8384919 -1.099315 -0.2651489 -0.8415113 -1.112055 -0.2710301 -0.860899 -1.131899 -0.3495483 -0.8113165 -1.112055 -0.4305787 -0.7729883 -1.112055 -0.3573015 -0.8300343 -1.131899 -0.4401291 -0.7908559 -1.131899 -0.5187214 -0.7437534 -1.131899 -0.5074656 -0.7269082 -1.112055 -0.5923141 -0.6891689 -1.131899 -0.5260815 -0.7547689 -1.156903 -0.6602072 -0.6276393 -1.131899 -0.5794613 -0.6735077 -1.112055 -0.6458812 -0.6133137 -1.112055 -0.7060759 -0.5468936 -1.112055 -0.721737 -0.5597463 -1.131899 -0.7594758 -0.4748979 -1.112055 -0.7384487 -0.4608479 -1.099316 -0.8055559 -0.3980107 -1.112055 -0.7763215 -0.4861536 -1.131899 -0.8234236 -0.4075613 -1.131899 -0.7873367 -0.4935136 -1.156903 -0.8626022 -0.3247337 -1.131899 -0.8438844 -0.3169806 -1.112055 -0.8934668 -0.2384624 -1.131899 -0.9157336 -0.1495828 -1.131899 -0.8740792 -0.2325811 -1.112055 -0.8958629 -0.1456303 -1.112055 -0.8710598 -0.1406967 -1.099315 -0.9090121 -0.05696201 -1.112055 -0.9291745 -0.0589478 -1.131899 -0.913414 0.03256797 -1.112055 -0.9090121 0.1220977 -1.112055 -0.933674 0.03256797 -1.131899 -0.9291744 0.1240835 -1.131899 -0.9157336 0.2147185 -1.131899 -0.9287269 0.2173032 -1.156903 -0.8958629 0.210766 -1.112055 -0.8934668 0.3035982 -1.131899 -0.8740792 0.2977171 -1.112055 -0.8626022 0.3898695 -1.131899 -0.8438844 0.3821163 -1.112055 -0.8234236 0.472697 -1.131899 -0.805556 0.4631465 -1.112055 -0.7763214 0.5512893 -1.131899 -0.7873366 0.5586495 -1.156903 -0.7594758 0.5400336 -1.112055 -0.721737 0.6248822 -1.131899 -0.7060758 0.6120293 -1.112055 -0.6602072 0.6927753 -1.131899 -0.6458812 0.6784492 -1.112055 -0.5923141 0.7543049 -1.131899 -0.5794614 0.7386437 -1.112055 -0.5187214 0.8088894 -1.131899 -0.5260815 0.8199046 -1.156903 -0.5074656 0.7920437 -1.112055 -0.4401291 0.8559918 -1.131899 -0.4305787 0.838124 -1.112055 -0.3573015 0.8951702 -1.131899 -0.3495483 0.8764525 -1.112055 -0.2710301 0.9260347 -1.131899 -0.2651489 0.9066472 -1.112055 -0.1821507 0.9483018 -1.131899 -0.1847352 0.9612949 -1.156903 -0.1781981 0.928431 -1.112055 -0.0915156 0.9617424 -1.131899 -0.08952975 0.9415798 -1.112055 0 0.9662418 -1.131899 0 0.945982 -1.112055 0.09151577 0.9617424 -1.131899 0.08952993 0.9415798 -1.112055 0.1821508 0.9483018 -1.131899 0.1847354 0.9612949 -1.156903 0.1781983 0.928431 -1.112055 0.2710303 0.9260347 -1.131899 0.2651491 0.9066472 -1.112055 0.3573017 0.8951702 -1.131899 0.3495485 0.8764522 -1.112055 0.4401292 0.8559914 -1.131899 0.4305788 0.8381238 -1.112055 0.5074657 0.7920437 -1.112055 0.4934158 0.7710166 -1.099316 0.1732646 0.9036279 -1.099316 -0.1732645 0.9036279 -1.099315 -0.4934157 0.7710166 -1.099316 -0.7384487 0.5259838 -1.099316 -0.8710598 0.2058324 -1.099315 -0.9287269 -0.1521673 -1.156903 -0.4934157 -0.7058811 -1.099316 -0.1847352 -0.8961592 -1.156903 0.4934158 -0.7058811 -1.099316 0.5794615 -0.6735077 -1.112055 0.5157029 0.5482702 -1.093742 0.2790964 0.7063658 -1.093742 0 0.7618816 -1.093742 -0.2790963 0.7063661 -1.093742 -0.5157026 0.5482707 -1.093742 -0.6737981 0.3116641 -1.093742</float_array>
          <technique_common>
            <accessor source="#Cylinder_055-mesh-positions-array" count="3749" stride="3">
              <param name="X" type="float"/>
              <param name="Y" type="float"/>
              <param name="Z" type="float"/>
            </accessor>
          </technique_common>
        </source>
        <source id="Cylinder_055-mesh-normals">
          <float_array id="Cylinder_055-mesh-normals-array" count="11214">0.07844251 0 0.9969187 0 -0.0665751 0.9977814 0.09435975 -0.04866307 0.9943481 -0.07844257 0 0.9969187 0 0 1 -0.09435945 -0.04866302 0.9943481 -0.3112279 -0.004691421 0.9503238 -0.3304471 -0.05106103 0.9424424 -0.5876618 -0.009082257 0.8090558 -0.5869002 -0.05192273 0.8079927 -0.8077139 -0.007622182 0.5895255 -0.7976159 -0.05696302 0.60047 -0.9501878 -0.003369629 0.3116599 -0.9395013 -0.06708365 0.3359125 -0.9967659 -5.36612e-4 0.08035928 -0.990849 -0.07148659 0.1144902 -0.9999988 0 0.001544833 -0.9948658 -0.09080952 0.04467368 -0.9397217 -0.2740502 0.2044987 -0.9366741 -0.3156969 0.1515823 -0.7979825 -0.518691 0.3068934 -0.7860243 -0.5577828 0.2665411 -0.587491 -0.7092714 0.3896003 -0.5646805 -0.7450681 0.3549782 -0.3316088 -0.8313167 0.4460362 -0.2949154 -0.8631501 0.4098742 -0.09567373 -0.8783819 0.4682862 0 -0.9037001 0.4281661 0 -0.8731898 0.4873805 0.09567368 -0.8783817 0.4682863 0.2949158 -0.8631502 0.4098738 0.3314511 -0.8315044 0.4458035 0.5646808 -0.7450679 0.3549782 0.587705 -0.7092836 0.3892554 0.7860243 -0.5577829 0.266541 0.7980191 -0.518562 0.3070164 0.9366738 -0.3156977 0.1515825 0.9396208 -0.2741354 0.204848 0.9948658 -0.09080958 0.04467403 0.990849 -0.07147961 0.1144941 0.9999988 0 0.001544833 0.996766 -5.36483e-4 0.08035868 0.9396021 -0.06680351 0.3356862 0.9501878 -0.003369629 0.3116599 0.7975799 -0.05679446 0.6005337 0.8077135 -0.007622182 0.589526 0.8767004 -0.2560997 0.4071974 0.7424052 -0.2164493 0.6340222 0.5570775 -0.2048624 0.8047957 0.5866867 -0.05224227 0.8081272 0.5876618 -0.009082078 0.8090558 0.3241829 -0.2143408 0.9213922 0.330605 -0.05135279 0.9423711 0.311228 -0.004691421 0.9503237 0.0925253 -0.2126265 0.972743 0.08725482 -0.4345135 0.8964288 0.2969746 -0.4231392 0.8560138 0.08755052 -0.6240858 0.7764354 0.2972958 -0.5918315 0.7492335 0.4943025 -0.3883874 0.7777019 0.6486818 -0.4063553 0.6434961 0.4943493 -0.5359152 0.6844075 0.5571526 -0.6392303 0.530062 0.3250907 -0.7407926 0.5878286 0.7422386 -0.4793828 0.4682672 0.09283506 -0.7877925 0.6089047 0 -0.7724325 0.6350969 0 -0.6182149 0.7860093 -0.09253484 -0.787948 0.6087492 -0.08726525 -0.6239435 0.776582 -0.3242464 -0.7405694 0.5885757 -0.2972658 -0.4232668 0.8558495 -0.2969866 -0.592023 0.7492048 -0.08755332 -0.4343317 0.8964878 0 -0.44562 0.8952223 -0.3250266 -0.2135665 0.9212747 -0.09282237 -0.2128324 0.9726697 0 -0.2432105 0.9699736 -0.5570154 -0.2045201 0.8049257 -0.742096 -0.2168715 0.63424 -0.4943116 -0.3883466 0.7777166 -0.4943391 -0.5358844 0.684439 -0.6486814 -0.4066621 0.6433028 -0.7425479 -0.4793652 0.4677945 -0.8767005 -0.2571427 0.406539 -0.5572161 -0.6389644 0.5303157 0.5555421 -0.8312959 -0.01789587 0.1950589 -0.9801018 -0.03677982 0.1950466 -0.9805545 -0.02167427 -0.9805243 0.1960582 0.01154667 -0.8307799 0.5563334 0.01726627 -0.9805728 0.1959872 0.00813049 -0.61618 0.3310213 0.7146658 -0.9805046 0.193621 0.03349077 -0.7280025 0.06604999 0.6823855 0.9805727 0.1959881 0.008130311 0.9809396 -0.1942609 -0.004496276 0.9809049 -0.1944804 -0.001765668 0.194969 -0.9744457 -0.111548 0.4143222 -0.6931943 0.5897616 0.1455871 -0.80426 0.5761687 -0.4112902 0.5331587 0.7393119 -0.8306061 0.5513926 0.07784533 0.5545268 0.8246358 0.1116958 0.1442849 0.6423605 0.7526984 0.4111814 0.5331944 0.7393468 -0.194969 -0.9744457 -0.1115477 -0.1455853 -0.8042496 0.5761837 -0.1442899 0.6423832 0.7526782 -0.5545229 0.8246383 0.111696 0.8306052 0.5513938 0.07784557 0.6162331 0.3310087 0.7146258 -0.8306405 0.5561852 0.02635282 -0.5547392 0.8316709 0.02424865 -0.1950456 -0.9805548 -0.02167421 0.9805044 0.1936222 0.03349071 0.7279714 0.06606525 0.6824172 -0.6193042 -0.4884592 0.6147114 -0.5553748 -0.8263676 -0.09314352 -0.4143118 -0.693208 0.5897529 -0.9809307 -0.1943576 3.17149e-4 -0.9806876 0.1955594 0.002914309 -0.9808772 -0.1946232 0.001371562 -0.9809396 -0.194261 -0.004496157 -0.9809052 -0.1944783 -0.00176531 0.9808633 -0.1941477 -0.01462209 0.7293164 -0.2216918 0.6472639 0.8313952 -0.5545136 -0.03601133 0.5555121 -0.8302901 -0.04499644 0.8315941 -0.5546321 -0.02889269 0.9808771 -0.1946235 0.001371324 0.8317442 -0.5551469 -0.003668665 0.8316918 -0.5552375 -4.37002e-5 0.8314654 -0.5524235 -0.05910849 0.6193016 -0.4884473 0.6147234 -0.9805958 0.1959854 0.004644811 -0.831233 0.5559071 0.004351079 -0.7293217 -0.2216924 0.6472576 -0.8314652 -0.5524237 -0.05910831 0.9809319 -0.1941936 -0.007843792 0.9805993 0.1951862 0.01809245 0.9808478 -0.1945173 -0.01002991 0.554525 0.8305439 0.05195128 0.1946964 0.9780246 0.07457345 0.5547142 0.8295863 0.0638653 -0.9808636 -0.1941461 -0.01462173 0.1946434 0.9798967 0.04377782 -0.1947127 0.9804601 0.02802228 -0.1946429 0.9798969 0.04377788 0.5557921 -0.8313206 -0.001121222 0.1951602 -0.9807359 -0.008352518 0.1951856 -0.9807649 -0.001703977 0.8307788 0.556335 0.01726615 0.9805243 0.1960583 0.01154643 0.8312323 0.5559082 0.004350841 0.9805957 0.1959866 0.004644572 0.9806874 0.1955602 0.002914071 -0.1951621 -0.9807355 -0.008352398 -0.5557934 -0.8313198 -0.001120984 -0.1951809 -0.9807658 -0.001703977 -0.8309337 0.5563043 0.008653998 -0.5553318 0.831611 0.005459308 0.1949931 0.9807859 0.006063938 0.5549688 0.8317885 0.01172846 0.5553327 0.8316104 0.005459249 0.1947166 0.9804593 0.02802222 0.5545813 0.8312767 0.03766548 0.5547403 0.8316702 0.02424854 -0.5545806 0.8312771 0.0376656 0.830931 0.5563083 0.008653879 0.1948279 0.980746 0.01339417 -0.19499 0.9807866 0.006063878 -0.1948233 0.980747 0.01339435 0.8306397 0.5561863 0.02635276 -0.1946942 0.9780251 0.07457345 -0.5545213 0.8305463 0.05195152 -0.5547135 0.8295869 0.06386554 0.1950284 -0.9793262 -0.05370485 0.555312 -0.8297628 -0.0558781 0.1949383 -0.9785506 -0.06661748 -0.1946114 0.9722315 0.1299712 0.1946172 0.9722303 0.1299712 -0.1950611 -0.9801012 -0.03677976 -0.5555415 -0.8312963 -0.01789575 -0.1950271 -0.9793264 -0.05370485 -0.1949402 -0.9785503 -0.06661736 0.8306019 0.555707 0.03592151 0.8307932 0.554836 0.04404312 0.1946159 0.9790053 0.06060791 -0.5553112 -0.8297635 -0.05587798 -0.555585 -0.8308946 -0.03065198 -0.8315835 -0.5552927 -0.0109061 -0.8306025 0.555706 0.03592169 -0.8307937 0.5548352 0.0440433 0.9805195 0.1958543 0.01492494 -0.5549671 0.8317897 0.01172876 -0.8313959 -0.5545127 -0.03601109 -0.5555137 -0.8302891 -0.04499632 -0.5557807 -0.8313019 -0.006710052 -0.8316947 -0.5552332 -4.34017e-5 0.831583 -0.5552935 -0.01090639 0.5555827 -0.8308961 -0.0306521 -0.8316438 -0.5549733 -0.01931762 0.9809311 -0.1943556 3.1697e-4 -0.8317446 -0.5551464 -0.003668606 -0.9808482 -0.1945153 -0.01002955 -0.8315941 -0.5546321 -0.02889251 -0.9805994 0.1951861 0.01809275 -0.9809316 -0.1941953 -0.007843554 0.5557787 -0.8313034 -0.006710112 0.5553768 -0.8263661 -0.0931437 -0.98052 0.1958515 0.01492506 -0.9807519 0.1951541 0.006375133 -0.9807416 -0.1953088 -7.37284e-4 -0.9807556 0.1951354 0.006374835 -0.9807499 -0.1952674 -7.36532e-4 -0.9807592 0.1951175 0.006374478 -0.9807578 -0.1952273 -7.35826e-4 -0.9805396 0.1951054 0.02181547 -0.8306744 0.5543078 0.05218529 -0.8307131 0.5533516 0.0609734 -0.9805479 0.1945755 0.02581262 -0.8305853 0.5525041 0.06976717 -0.9804916 0.1942836 0.0298351 0.9807417 -0.1953086 -7.37497e-4 0.8312155 -0.5559027 -0.00729829 0.9807502 -0.1952658 -7.36654e-4 0.8312612 -0.5558341 -0.007297158 0.9807581 -0.1952254 -7.36002e-4 0.8313069 -0.5557658 -0.007295966 -0.9807286 -0.1952763 -0.006225764 -0.980731 0.1949179 0.01318138 -0.9807327 -0.1952559 -0.006224691 -0.9807291 0.1949281 0.01318192 -0.9807366 -0.195236 -0.006223738 -0.9807267 0.1949393 0.01318246 0.8311193 -0.5555699 -0.02414613 0.9807282 -0.1952783 -0.006226003 0.8311329 -0.5555494 -0.02414488 0.9807323 -0.1952576 -0.006224989 0.8311488 -0.5555257 -0.02414387 0.9807366 -0.1952359 -0.006223976 0.8316425 -0.5549754 -0.01931774 -0.8312147 -0.5559036 -0.00729829 -0.8312634 -0.5558309 -0.00729686 -0.8313091 -0.5557625 -0.007295727 0.1950155 -0.9777398 -0.07742059 0.5554433 -0.8282082 -0.07452493 0.1950025 -0.9767465 -0.08910846 0.555508 -0.8272369 -0.0842027 0.1950284 -0.9756057 -0.1007839 0.9807514 0.1951567 0.006375014 0.9807555 0.1951361 0.006374537 0.980759 0.1951181 0.006374299 -0.8311197 -0.5555691 -0.0241459 -0.831133 -0.5555493 -0.02414464 -0.8311482 -0.5555266 -0.02414375 0.9807305 0.1949203 0.01318132 0.9807285 0.1949307 0.01318186 0.9807267 0.1949399 0.01318234 -0.5546066 0.8286918 0.07537686 -0.5546525 0.8274348 0.08781999 -0.5545276 0.8261055 0.1002439 -0.5551971 -0.8316277 -0.01231008 -0.5552631 -0.8315837 -0.01230943 -0.5553315 -0.831538 -0.01230859 0.5546091 0.8286901 0.07537645 0.1946767 0.9755162 0.1023198 0.5546549 0.8274333 0.08781969 0.1946226 0.9739114 0.1166992 0.5545287 0.8261049 0.1002436 0.8312369 0.5557676 0.01295113 0.8312734 0.5557129 0.01295006 0.8313082 0.5556609 0.01294916 -0.5550495 -0.8309562 -0.03784286 -0.5550692 -0.830943 -0.03784239 -0.5550826 -0.8309341 -0.03784173 0.8311244 0.5552163 0.03110128 0.8311246 0.555216 0.03110146 0.8311219 0.5552199 0.03110146 -0.1950159 -0.9777396 -0.07742059 -0.1949959 -0.9767478 -0.0891084 -0.1950252 -0.9756064 -0.1007841 -0.1946552 0.9769248 0.08790439 -0.1946724 0.9755169 0.1023199 -0.1946244 0.973911 0.1166993 -0.1949104 -0.9807062 -0.01501816 -0.194938 -0.9807006 -0.01501834 -0.1949724 -0.9806938 -0.0150181 -0.1948361 -0.9797917 -0.04524546 -0.1948485 -0.9797893 -0.04524588 -0.1948496 -0.979789 -0.04524558 0.8306725 0.5543105 0.05218535 0.8307128 0.5533522 0.06097328 0.8305853 0.552504 0.06976699 0.5552181 0.8315104 0.01798456 0.5552766 0.8314713 0.01798367 0.5553339 0.8314331 0.01798284 0.194657 0.9769244 0.08790475 0.5550615 0.8306021 0.04479807 0.5550638 0.8306006 0.04479813 0.5550644 0.8306002 0.04479801 -0.555481 -0.8289983 -0.06482869 -0.5554417 -0.8282093 -0.07452481 -0.5555171 -0.8272308 -0.08420211 -0.1949141 0.9806017 0.0207079 -0.5552173 0.831511 0.01798468 -0.1949447 0.9805957 0.02070772 -0.5552756 0.831472 0.01798385 -0.1949753 0.9805896 0.0207073 -0.5553328 0.8314337 0.01798307 -0.1946145 0.9790056 0.06060802 -0.5550575 0.8306047 0.04479837 -0.1948415 0.9794448 0.05220115 -0.5550598 0.8306033 0.04479825 -0.1948408 0.9794448 0.05220103 -0.5550639 0.8306006 0.04479813 -0.1948457 0.9794439 0.05220091 0.19491 -0.9807062 -0.0150184 0.1949417 -0.9806999 -0.0150184 0.1949761 -0.9806931 -0.01501798 0.9805396 0.1951063 0.02181535 0.9805476 0.1945767 0.02581238 0.9804913 0.1942853 0.02983498 0.1948347 -0.9797921 -0.04524552 0.194847 -0.9797896 -0.04524594 0.1948493 -0.9797891 -0.04524564 -0.8315501 -0.5538941 -0.04154467 -0.8315119 -0.5534676 -0.04755818 -0.8315872 -0.5528072 -0.05354452 0.1949164 0.9806013 0.0207079 0.194947 0.9805952 0.02070766 0.1949772 0.9805892 0.02070724 0.1948442 0.9794442 0.05220109 0.1948451 0.979444 0.05220097 0.1948482 0.9794433 0.05220085 -0.831239 0.5557646 0.01295119 -0.8312743 0.5557115 0.01295024 -0.8313089 0.5556598 0.0129494 0.9809026 -0.1941818 -0.01110994 0.9808799 -0.1942245 -0.01231271 0.9809103 -0.1939928 -0.01348346 -0.8311246 0.5552158 0.0311014 -0.8311247 0.5552158 0.03110152 -0.8311231 0.5552182 0.03110152 -0.9809027 -0.1941817 -0.0111097 -0.9808802 -0.1942228 -0.01231235 -0.9809099 -0.1939954 -0.0134834 0.5551975 -0.8316275 -0.0123102 0.5552617 -0.8315847 -0.01230973 0.5553303 -0.8315389 -0.01230853 0.5550491 -0.8309565 -0.03784304 0.5550695 -0.8309428 -0.03784251 0.5550834 -0.8309336 -0.03784185 0.8315505 -0.5538933 -0.04154479 0.831509 -0.5534719 -0.04755878 0.8315867 -0.5528078 -0.05354493 0.5554817 -0.8289978 -0.06482863 0 -0.1915404 -0.9814848 -1 0 0 0 -0.9229602 -0.3848956 1 0 0 0 -0.4318296 0.9019551 0 0.9929005 0.1189486 0.002303302 0.02338629 0.9997239 0.002138197 0.01074963 0.99994 0.0045771 0.02301096 0.9997248 0.006821393 0.02248722 0.9997239 0.003181576 0.01048827 0.99994 0.0113123 0.1148556 0.9933178 0.02250748 0.1131536 0.9933226 0.03350192 0.1104413 0.9933179 0.09937745 0.3276025 0.9395748 0.06678807 0.335767 0.9395743 0.03355497 0.3406927 0.9395758 0.04415071 0.1065891 0.9933226 0.1310098 0.3162851 0.9395745 0.008978486 0.02167606 0.9997248 0.1613796 0.3019204 0.9395747 0.05440443 0.1017836 0.9933179 0.01107758 0.02072465 0.9997239 0.004194259 0.01012593 0.99994 0.005166649 0.009666085 0.99994 0.00608915 0.009113073 0.99994 0.01303446 0.0195074 0.9997248 0.06409645 0.09592723 0.9933226 0.01490771 0.01816517 0.9997239 0.00695312 0.008472383 0.99994 0.07321578 0.08921366 0.9933179 0.2171803 0.2646349 0.939575 0.1901964 0.2846494 0.9395745 0.08157992 0.08157968 0.9933224 0.2420747 0.2420744 0.9395743 0.01659023 0.01659011 0.9997248 0.2646341 0.2171797 0.9395753 0.08921402 0.07321619 0.9933179 0.01816523 0.01490783 0.9997239 0.007750034 0.007750034 0.99994 0.008472383 0.00695312 0.99994 0.009113073 0.00608915 0.99994 0.01950758 0.01303452 0.9997248 0.09592735 0.06409674 0.9933226 0.02072453 0.01107752 0.9997239 0.009666085 0.00516659 0.99994 0.1017832 0.05440413 0.993318 0.3019189 0.1613785 0.9395754 0.2846496 0.1901971 0.9395743 0.106589 0.04415047 0.9933226 0.3162859 0.1310095 0.9395743 0.02167576 0.008978366 0.9997248 0.3276032 0.09937322 0.939575 0.1104416 0.03350198 0.9933179 0.02248722 0.006821453 0.9997239 0.01012593 0.004194259 0.99994 0.01048827 0.003181576 0.99994 0.01074963 0.002138197 0.99994 0.0230112 0.004577219 0.9997248 0.1131668 0.0225104 0.993321 0.02338618 0.002303242 0.9997239 0.01090747 0.001074254 0.99994 0.1148551 0.01131224 0.9933179 0.3357774 0.06678956 0.9395705 0.3407047 0.03355652 0.9395713 0.1153841 0 0.993321 0.3423566 -5.17949e-7 0.9395701 0.02346181 0 0.9997248 0.3407039 -0.03355622 0.9395716 0.1148558 -0.01131242 0.9933179 0.02338612 -0.002303302 0.9997239 0.01096022 0 0.99994 0.01090747 -0.001074254 0.99994 0.01074963 -0.002138197 0.99994 0.02301108 -0.004577219 0.9997248 0.1131669 -0.02251034 0.9933211 0.02248728 -0.006821453 0.9997239 0.01048833 -0.003181576 0.99994 0.1104416 -0.03350222 0.9933179 0.3276107 -0.09937989 0.9395716 0.3357782 -0.06679058 0.9395701 0.1066009 -0.04415541 0.993321 0.316296 -0.1310142 0.9395703 0.02167606 -0.008978486 0.9997248 0.3019289 -0.161384 0.9395713 0.1017838 -0.05440437 0.9933178 0.02072459 -0.01107746 0.9997239 0.01012593 -0.004194259 0.99994 0.009666085 -0.00516659 0.99994 0.009113073 -0.00608915 0.99994 0.01950788 -0.01303476 0.9997248 0.09593844 -0.06410402 0.993321 0.0181654 -0.01490801 0.9997239 0.008472383 -0.00695312 0.99994 0.08921426 -0.07321661 0.9933179 0.2646409 -0.2171855 0.9395721 0.2846594 -0.1902028 0.93957 0.08158892 -0.08158904 0.993321 0.2420827 -0.2420817 0.9395704 0.01659047 -0.01659053 0.9997248 0.2171827 -0.2646321 0.9395752 0.07321614 -0.08921426 0.9933178 0.01490813 -0.01816558 0.9997239 0.007750034 -0.007750034 0.99994 0.00695312 -0.008472383 0.99994 0.00608915 -0.009113073 0.99994 0.01303517 -0.0195086 0.9997248 0.06409698 -0.09592783 0.9933225 0.01107746 -0.02072465 0.9997239 0.00516659 -0.009666085 0.99994 0.05440461 -0.1017842 0.9933177 0.1613778 -0.3019176 0.939576 0.1901969 -0.2846496 0.9395743 0.04415076 -0.1065895 0.9933225 0.1310086 -0.3162838 0.9395752 0.008978664 -0.02167659 0.9997248 0.09937763 -0.3276031 0.9395745 0.03350204 -0.1104415 0.9933179 0.006821453 -0.02248746 0.9997239 0.004194259 -0.01012593 0.99994 0.003181636 -0.01048833 0.99994 0.002138197 -0.01074963 0.99994 0.004577159 -0.02301102 0.9997248 0.02250766 -0.1131536 0.9933226 0.002303242 -0.02338552 0.9997239 0.001074314 -0.01090753 0.99994 0.01131248 -0.1148554 0.9933179 0.03355592 -0.3406927 0.9395758 0.06678837 -0.3357657 0.9395748 0 -0.11537 0.9933226 0 -0.3423455 0.9395741 0 -0.02346116 0.9997248 -0.03355568 -0.3406925 0.9395759 -0.01131212 -0.1148551 0.9933179 -0.002303302 -0.0233857 0.9997239 0 -0.01096022 0.99994 -0.001074314 -0.01090753 0.99994 -0.002138197 -0.01074963 0.99994 -0.004576921 -0.02300971 0.9997249 -0.02250766 -0.1131538 0.9933226 -0.006821393 -0.02248722 0.9997239 -0.003181636 -0.01048833 0.99994 -0.03350222 -0.110441 0.993318 -0.09937673 -0.3276023 0.9395749 -0.06678861 -0.3357668 0.9395744 -0.0441488 -0.106588 0.9933227 -0.1310088 -0.3162874 0.9395738 -0.008978664 -0.02167659 0.9997248 -0.1613802 -0.3019207 0.9395746 -0.05440092 -0.1017771 0.9933187 -0.01107764 -0.02072465 0.9997239 -0.004194259 -0.01012593 0.99994 -0.00516659 -0.009666085 0.99994 -0.00608915 -0.009113073 0.99994 -0.01303464 -0.0195077 0.9997248 -0.06409519 -0.09592533 0.9933228 -0.01490807 -0.01816564 0.9997239 -0.00695312 -0.008472383 0.99994 -0.07321089 -0.08920794 0.9933188 -0.2171798 -0.2646341 0.9395753 -0.1901976 -0.2846516 0.9395735 -0.08157974 -0.08157777 0.9933226 -0.2420769 -0.2420738 0.9395739 -0.01658987 -0.01658982 0.9997248 -0.2646354 -0.2171804 0.9395748 -0.08921396 -0.07321614 0.9933179 -0.01816493 -0.01490753 0.9997239 -0.007750034 -0.007750034 0.99994 -0.008472383 -0.00695312 0.99994 -0.009113073 -0.00608915 0.99994 -0.01950782 -0.01303464 0.9997248 -0.09592771 -0.06409674 0.9933224 -0.02072447 -0.01107752 0.9997239 -0.009666085 -0.00516659 0.99994 -0.1017834 -0.05440443 0.9933179 -0.2846482 -0.1901958 0.939575 -0.3019188 -0.1613789 0.9395754 -0.106589 -0.04415053 0.9933226 -0.3162861 -0.1310097 0.9395743 -0.021676 -0.008978486 0.9997248 -0.3276016 -0.09937644 0.9395752 -0.1104414 -0.03350198 0.9933179 -0.02248728 -0.006821393 0.9997239 -0.01012593 -0.004194259 0.99994 -0.01048833 -0.003181576 0.99994 -0.01074963 -0.002138197 0.99994 -0.02301114 -0.004577159 0.9997248 -0.1131544 -0.02250778 0.9933226 -0.02338635 -0.002303302 0.9997239 -0.01090747 -0.001074254 0.99994 -0.114856 -0.01131236 0.9933179 -0.3406938 -0.03355544 0.9395753 -0.3357666 -0.06678813 0.9395745 -0.1153713 0 0.9933224 -0.3423448 0 0.9395745 -0.02346235 0 0.9997248 -0.3406937 0.03355556 0.9395754 -0.1148557 0.01131224 0.9933178 -0.02338606 0.002303302 0.9997239 -0.01096022 0 0.99994 -0.01090747 0.001074254 0.99994 -0.01074963 0.002138197 0.99994 -0.02301126 0.004577219 0.9997248 -0.1131538 0.02250629 0.9933226 -0.02248734 0.006821453 0.9997239 -0.01048833 0.003181576 0.99994 -0.1104332 0.03349959 0.9933189 -0.327602 0.09937703 0.939575 -0.3357678 0.0667864 0.9395743 -0.1065875 0.04415011 0.9933227 -0.3162871 0.1310108 0.9395737 -0.021676 0.008978426 0.9997248 -0.3019204 0.16138 0.9395748 -0.1017761 0.05440062 0.9933188 -0.01012593 0.004194259 0.99994 -0.02072417 0.01107734 0.9997239 -0.009666085 0.005166649 0.99994 -0.009113073 0.00608915 0.99994 -0.01950806 0.01303476 0.9997248 -0.09592646 0.0640974 0.9933226 -0.01816493 0.01490759 0.9997239 -0.008472383 0.00695312 0.99994 -0.0892139 0.07321596 0.9933179 -0.2646386 0.217188 0.9395722 -0.2846488 0.190199 0.9395741 -0.08158868 0.0815888 0.9933211 -0.242082 0.2420824 0.9395704 -0.01659011 0.01659017 0.9997248 -0.2171867 0.264643 0.9395712 -0.07321572 0.08921378 0.9933179 -0.01490759 0.01816505 0.9997239 -0.007750034 0.007750034 0.99994 -0.00695312 0.008472383 0.99994 -0.00608915 0.009113073 0.99994 -0.01303482 0.01950806 0.9997248 -0.06410372 0.09593796 0.993321 -0.01107722 0.02072405 0.9997239 -0.005166649 0.009666085 0.99994 -0.05440443 0.1017838 0.9933178 -0.1613827 0.301919 0.9395747 -0.1902039 0.2846581 0.9395703 -0.04415166 0.1065883 0.9933226 -0.1310111 0.3162842 0.9395745 -0.008978724 0.02167671 0.9997248 -0.09937793 0.3276035 0.9395744 -0.03349983 0.1104338 0.9933188 -0.006821572 0.02248787 0.9997239 -0.004194259 0.01012593 0.99994 -0.003181576 0.01048827 0.99994 -0.002138197 0.01074963 0.99994 -0.00457704 0.02301049 0.9997248 -0.0225073 0.1131518 0.9933228 -0.002303302 0.0233857 0.9997239 -0.001074254 0.01090747 0.99994 -0.01131129 0.1148469 0.9933188 -0.03355515 0.3406962 0.9395745 -0.06678855 0.3357681 0.9395739 1.49853e-6 0.1153705 0.9933226 2.06459e-6 0.3423457 0.9395741 0 0.02346205 0.9997248 0 0.01096022 0.99994 0.001074254 0.01090747 0.99994 0.05965238 0.6056637 0.7934817 0 0.6086011 0.7934764 -0.0596522 0.60567 0.7934768 0.08013749 0.8136513 0.5758035 -4.46549e-7 0.8175854 0.5758075 -0.08013629 0.8136531 0.5758011 -0.1187318 0.5969043 0.7934785 -0.1595021 0.8018719 0.5758131 -0.09337776 0.9481022 0.3039456 -0.1858609 0.9343808 0.3039543 -9.01493e-7 0.952686 0.3039562 -0.09771871 0.992163 0.07786959 -0.1944977 0.9778075 0.07786697 -2.20842e-7 0.9969634 0.07787293 0.09337949 0.9481014 0.3039475 0.09771925 0.9921629 0.07787019 0.09771794 0.9921389 -0.0781778 -0.09771782 0.9921389 -0.07817822 0 0.9969391 -0.07818222 0 0.951952 -0.3062474 -0.1857157 0.9336609 -0.3062466 -0.1944929 0.9777836 -0.07817858 -0.09330832 0.9473703 -0.3062406 -0.1587017 0.797854 -0.5815866 1.42442e-7 0.8134842 -0.581587 -0.07973688 0.8095711 -0.5815814 -0.1167368 0.5868765 -0.8012169 0 0.5983734 -0.8012174 0.09330838 0.9473708 -0.3062389 0.07973778 0.8095711 -0.5815812 0.05865418 0.595495 -0.801215 0 0.3257874 -0.945443 -0.0586521 0.5954957 -0.8012147 0.03193473 0.3242194 -0.9454427 0 0.09576177 -0.9954043 -0.03193318 0.3242185 -0.9454431 -0.06355738 0.3195268 -0.9454433 -0.01868176 0.09392231 -0.9954043 -0.009386181 0.09529942 -0.9954045 -0.002741873 0.01378566 -0.9999013 0 0.01405537 -0.9999013 -0.001377284 0.01398813 -0.9999013 0 0.01280206 -0.9999181 -0.001254796 0.01274043 -0.9999181 -0.002497673 0.01255607 -0.9999181 -0.00407797 0.01345032 -0.9999013 -0.003717064 0.0122509 -0.9999181 -0.02779597 0.09163695 -0.9954045 -0.004898667 0.01182758 -0.9999181 -0.005378723 0.01298582 -0.9999013 -0.03664684 0.08847308 -0.9954043 -0.0945717 0.3117597 -0.9454428 -0.1246734 0.3009878 -0.9454433 -0.1535753 0.2873191 -0.945443 -0.04513812 0.08445328 -0.9954046 -0.00662297 0.01239579 -0.9999013 -0.05320811 0.07962352 -0.995404 -0.1809973 0.2708816 -0.9454435 -0.007815241 0.01168674 -0.9999012 -0.006033241 0.01129049 -0.9999181 -0.007112503 0.01064455 -0.9999181 -0.00891298 0.01086497 -0.9999013 -0.008122205 0.009896159 -0.9999181 -0.06074643 0.0740236 -0.9954047 -0.009052872 0.009052455 -0.9999181 -0.009939014 0.009938716 -0.9999013 -0.06771963 0.06771862 -0.9954037 -0.2066795 0.2518375 -0.9454424 -0.2303712 0.2303713 -0.9454408 -0.2518383 0.2066797 -0.9454423 -0.07401889 0.06074988 -0.9954048 -0.01085901 0.008916795 -0.9999013 -0.07962864 0.05320292 -0.9954039 -0.2708795 0.1809974 -0.9454439 -0.01169145 0.007808923 -0.9999012 -0.009896397 0.008121609 -0.9999181 -0.01064413 0.007112443 -0.9999181 -0.01239049 0.006625711 -0.9999013 -0.01129049 0.006034851 -0.9999181 -0.08444845 0.04514098 -0.9954048 -0.01182746 0.004899144 -0.9999181 -0.0129885 0.005378782 -0.9999012 -0.08847421 0.0366466 -0.9954042 -0.2873184 0.1535755 -0.9454431 -0.3009856 0.1246733 -0.9454441 -0.3117594 0.09457099 -0.945443 -0.09163951 0.02779763 -0.9954043 -0.0134508 0.004080057 -0.9999013 -0.09391903 0.01868218 -0.9954046 -0.3195252 0.06355762 -0.9454439 -0.01378244 0.002742111 -0.9999013 -0.01224946 0.00371623 -0.9999181 -0.01255559 0.002497553 -0.9999181 -0.01399844 0.001377642 -0.9999012 -0.01274114 0.001254796 -0.9999181 -0.09530889 0.009386241 -0.9954036 -0.0128026 0 -0.9999181 -0.01405143 0 -0.9999014 -0.09575939 0 -0.9954046 -0.3242198 0.03193253 -0.9454427 -0.3257886 0 -0.9454427 -0.3242188 -0.03193235 -0.9454431 -0.09530818 -0.009386122 -0.9954037 -0.01399844 -0.001377701 -0.9999012 -0.09391897 -0.0186823 -0.9954046 -0.3195271 -0.06355804 -0.9454433 -0.01378238 -0.002742052 -0.9999013 -0.01274114 -0.001254796 -0.9999181 -0.01255559 -0.002497553 -0.9999182 -0.01345086 -0.004080057 -0.9999013 -0.01224946 -0.00371623 -0.9999181 -0.09163928 -0.02779787 -0.9954043 -0.01182746 -0.004899144 -0.9999181 -0.0129888 -0.005378901 -0.9999012 -0.08848023 -0.03664898 -0.9954036 -0.3117604 -0.09457308 -0.9454425 -0.3009926 -0.1246757 -0.9454414 -0.2873198 -0.1535741 -0.9454429 -0.08444821 -0.04514098 -0.9954048 -0.01238954 -0.006625711 -0.9999013 -0.07963198 -0.0532028 -0.9954037 -0.2708828 -0.1809973 -0.945443 -0.01169484 -0.007808923 -0.9999011 -0.01129049 -0.006034851 -0.9999181 -0.01064407 -0.007112443 -0.9999181 -0.01085895 -0.008916735 -0.9999014 -0.009896397 -0.00812155 -0.9999181 -0.07401746 -0.06074935 -0.995405 -0.009052872 -0.009052455 -0.9999181 -0.009935438 -0.009938836 -0.9999013 -0.06771135 -0.06771457 -0.9954045 -0.2518373 -0.2066779 -0.9454429 -0.2303649 -0.2303661 -0.9454436 -0.2066784 -0.2518372 -0.9454428 -0.06074994 -0.07402324 -0.9954045 -0.008917272 -0.01086521 -0.9999013 -0.05320465 -0.0796234 -0.9954043 -0.1809977 -0.2708823 -0.9454431 -0.007811248 -0.01168674 -0.9999013 -0.008121609 -0.009896218 -0.9999181 -0.007112145 -0.01064455 -0.9999181 -0.006623327 -0.01239585 -0.9999013 -0.006033241 -0.01129043 -0.9999181 -0.04513818 -0.08445352 -0.9954046 -0.004899084 -0.01182758 -0.9999181 -0.005379438 -0.01298588 -0.9999013 -0.03664714 -0.0884729 -0.9954043 -0.1535754 -0.2873191 -0.9454429 -0.1246741 -0.3009876 -0.9454432 -0.09457105 -0.31176 -0.9454428 -0.02779757 -0.09163635 -0.9954046 -0.004079997 -0.0134499 -0.9999013 -0.01868134 -0.09392255 -0.9954043 -0.06355774 -0.3195274 -0.9454431 -0.002741396 -0.01378548 -0.9999013 -0.003717064 -0.0122509 -0.9999181 -0.00249809 -0.01255607 -0.9999181 -0.001377582 -0.01398813 -0.9999013 -0.001254856 -0.01274043 -0.9999181 -0.009386241 -0.09529823 -0.9954046 0 -0.01280206 -0.9999181 0 -0.01405543 -0.9999013 0 -0.09576225 -0.9954043 -0.0319336 -0.3242203 -0.9454424 2.01543e-7 -0.3257876 -0.945443 0.03193527 -0.3242207 -0.9454424 0.009386301 -0.09529846 -0.9954046 0.001377582 -0.01398819 -0.9999013 0.01868224 -0.09392905 -0.9954037 0.06355917 -0.3195349 -0.9454405 0.002741396 -0.01378542 -0.9999013 0.001254856 -0.01274049 -0.9999181 0.00249809 -0.01255607 -0.9999181 0.004079997 -0.0134499 -0.9999013 0.003717064 -0.0122509 -0.9999181 0.02779763 -0.09163641 -0.9954045 0.004899144 -0.01182758 -0.9999181 0.005379378 -0.01298582 -0.9999013 0.03664708 -0.0884729 -0.9954043 0.09456926 -0.311761 -0.9454427 0.1246732 -0.3009849 -0.9454442 0.1535757 -0.2873196 -0.9454427 0.04513823 -0.08445352 -0.9954046 0.006623446 -0.01239591 -0.9999013 0.05320805 -0.07962334 -0.995404 0.1809961 -0.2708804 -0.9454439 0.007815241 -0.0116868 -0.9999012 0.006033897 -0.01129049 -0.9999181 0.007112503 -0.01064455 -0.9999181 0.008913099 -0.01086527 -0.9999013 0.00812155 -0.009896159 -0.9999181 0.06074702 -0.07402437 -0.9954046 0.009052455 -0.009052395 -0.9999181 0.009939134 -0.009938895 -0.9999013 0.0677154 -0.06771391 -0.9954043 0.2066764 -0.2518385 -0.9454429 0.2303658 -0.230366 -0.9454433 0.2518377 -0.2066774 -0.9454429 0.07401871 -0.0607497 -0.9954049 0.01085948 -0.008917033 -0.9999013 0.07962876 -0.05320286 -0.9954039 0.2708815 -0.1809968 -0.9454435 0.01169204 -0.007808923 -0.9999012 0.009895682 -0.00812155 -0.9999181 0.01064419 -0.007112443 -0.9999181 0.01239055 -0.006625771 -0.9999013 0.01128989 -0.00603491 -0.9999181 0.08444875 -0.04514122 -0.9954048 0.01182746 -0.004899144 -0.9999181 0.01298868 -0.005378842 -0.9999012 0.08847451 -0.03664678 -0.9954042 0.2873174 -0.1535748 -0.9454436 0.3009853 -0.1246734 -0.945444 0.3117628 -0.09456986 -0.945442 0.09163957 -0.02779769 -0.9954043 0.01345086 -0.004080057 -0.9999013 0.09392499 -0.01868361 -0.995404 0.3195317 -0.06355929 -0.9454416 0.01378244 -0.002742052 -0.9999013 0.01224946 -0.00371623 -0.9999181 0.01255559 -0.002497553 -0.9999181 0.01399844 -0.001377642 -0.9999012 0.01274114 -0.001254796 -0.9999181 0.09530866 -0.009386122 -0.9954036 0.01280266 0 -0.9999181 0.01405143 0 -0.9999013 0.09575927 0 -0.9954046 0.3242188 -0.03193521 -0.945443 0.325788 1.47438e-7 -0.9454429 0.3242177 0.03193277 -0.9454434 0.09531044 0.009386181 -0.9954034 0.01400113 0.001377642 -0.9999011 0.09391891 0.0186823 -0.9954046 0.3195278 0.06355768 -0.945443 0.01378136 0.002742052 -0.9999013 0.01274114 0.001254796 -0.9999181 0.01255559 0.002497553 -0.9999182 0.0134508 0.004080057 -0.9999013 0.01224946 0.00371623 -0.9999181 0.09163761 0.02779787 -0.9954044 0.01182746 0.004899144 -0.9999181 0.01298862 0.005378842 -0.9999012 0.08848023 0.03664904 -0.9954036 0.3117575 0.09457302 -0.9454434 0.3009929 0.1246753 -0.9454414 0.2873216 0.1535738 -0.9454424 0.08444911 0.04514116 -0.9954048 0.01239055 0.006625711 -0.9999014 0.07962834 0.05320268 -0.995404 0.2708814 0.1809974 -0.9454435 0.01169133 0.007808804 -0.9999012 0.01129049 0.006034851 -0.9999181 0.01064485 0.007112443 -0.9999181 0.01085895 0.008916735 -0.9999013 0.009896337 0.00812155 -0.9999181 0.07401716 0.06074982 -0.995405 0.009052097 0.009052455 -0.9999181 0.009943068 0.009938895 -0.9999012 0.06771856 0.06771409 -0.995404 0.2518366 0.206678 -0.945443 0.2303658 0.2303656 -0.9454435 0.2066771 0.2518368 -0.9454432 0.06074601 0.07402366 -0.9954047 0.008913099 0.01086515 -0.9999013 0.05320906 0.0796234 -0.995404 0.1809982 0.2708811 -0.9454433 0.007814764 0.01168692 -0.9999012 0.008122205 0.009896159 -0.9999181 0.007112026 0.01064455 -0.9999181 0.006623029 0.01239591 -0.9999013 0.006033241 0.01129049 -0.9999181 0.04513788 0.08445286 -0.9954046 0.004898667 0.01182758 -0.9999181 0.005378782 0.01298552 -0.9999013 0.03664678 0.08847296 -0.9954043 0.1535742 0.2873184 -0.9454434 0.1246731 0.3009878 -0.9454433 0.0945701 0.3117607 -0.9454427 0.02779769 0.09163659 -0.9954045 0.004079759 0.01345026 -0.9999013 0.01868331 0.09392869 -0.9954037 0.06355947 0.3195343 -0.9454407 0.002741873 0.01378571 -0.9999013 0.003717064 0.0122509 -0.9999181 0.002497673 0.01255607 -0.9999181 0.001377522 0.01398783 -0.9999013 0.001254856 0.01274049 -0.9999181 0.009386241 0.09529888 -0.9954045 0.1167365 0.5868721 -0.8012202 0.1736981 0.5726121 -0.8012143 0.158701 0.7978491 -0.5815935 0.2361422 0.778458 -0.581584 0.2289873 0.552825 -0.8012174 0.3113071 0.7515607 -0.5815878 0.2820736 0.5277225 -0.8012139 0.3834768 0.7174329 -0.5815803 0.332439 0.4975303 -0.8012165 0.4519479 0.6763881 -0.5815861 0.3796058 0.4625515 -0.801215 0.5160714 0.6288347 -0.5815817 0.4231142 0.4231144 -0.801217 0.5752205 0.5752207 -0.5815863 0.4625506 0.3796057 -0.8012157 0.6288347 0.5160714 -0.5815818 0.4975285 0.3324382 -0.801218 0.6763874 0.4519471 -0.5815874 0.527723 0.2820704 -0.8012146 0.7174336 0.3834738 -0.5815815 0.5528231 0.228986 -0.8012192 0.7515594 0.3113061 -0.5815902 0.5726079 0.1737015 -0.8012167 0.7784593 0.236144 -0.5815818 0.5868765 0.1167366 -0.8012169 0.7978547 0.1587026 -0.5815854 0.8095709 0.07973623 -0.5815817 0.5954939 0.05865144 -0.801216 0.5983747 7.42955e-7 -0.8012165 0.813485 9.82168e-7 -0.5815859 0.5954939 -0.05865448 -0.8012158 0.8095704 -0.07973778 -0.5815821 0.5868711 -0.1167367 -0.8012209 0.7978504 -0.1587029 -0.581591 0.5726134 -0.1736969 -0.8012136 0.7784602 -0.2361421 -0.5815812 0.5528249 -0.2289886 -0.8012171 0.7515606 -0.3113091 -0.5815868 0.5277226 -0.2820737 -0.8012138 0.7174348 -0.3834756 -0.5815787 0.4975304 -0.3324384 -0.8012167 0.6763894 -0.4519479 -0.5815845 0.462551 -0.3796066 -0.801215 0.6288345 -0.5160729 -0.5815806 0.4231142 -0.4231148 -0.8012168 0.575221 -0.5752202 -0.5815863 0.3796049 -0.4625504 -0.8012161 0.5160732 -0.628835 -0.5815798 0.3324373 -0.4975281 -0.8012186 0.4519497 -0.6763889 -0.5815838 0.2820729 -0.5277182 -0.8012169 0.3834746 -0.7174316 -0.5815834 0.2289879 -0.5528236 -0.8012183 0.311307 -0.7515631 -0.5815848 0.1736955 -0.5726119 -0.801215 0.236141 -0.778461 -0.5815806 0.1167358 -0.5868726 -0.8012199 0.1587004 -0.7978484 -0.5815945 0.05865472 -0.5954967 -0.8012137 0.07973772 -0.8095708 -0.5815816 0 -0.5983735 -0.8012173 0 -0.8134856 -0.5815852 -0.0586521 -0.5954967 -0.8012139 -0.0797367 -0.8095707 -0.581582 -0.1167359 -0.5868762 -0.8012173 -0.1587011 -0.7978523 -0.581589 -0.1736997 -0.5726118 -0.8012142 -0.2361431 -0.7784605 -0.5815804 -0.2289888 -0.5528231 -0.8012183 -0.3113083 -0.7515593 -0.5815891 -0.2820742 -0.5277226 -0.8012135 -0.3834765 -0.7174321 -0.5815815 -0.3324392 -0.4975314 -0.8012158 -0.4519471 -0.676388 -0.5815868 -0.3796056 -0.46255 -0.801216 -0.5160722 -0.6288361 -0.5815795 -0.4231126 -0.423114 -0.801218 -0.5752204 -0.5752203 -0.5815868 -0.4625529 -0.379607 -0.8012137 -0.6288356 -0.5160721 -0.5815801 -0.4975298 -0.3324372 -0.8012177 -0.676387 -0.4519473 -0.5815877 -0.7174338 -0.3834741 -0.581581 -0.5277218 -0.2820709 -0.8012152 -0.5528222 -0.2289857 -0.8012199 -0.751559 -0.3113054 -0.581591 -0.5726099 -0.1737021 -0.8012151 -0.7784588 -0.2361442 -0.5815821 -0.5868775 -0.1167371 -0.8012161 -0.7978547 -0.1587027 -0.5815852 -0.5954948 -0.05865103 -0.8012154 -0.8095709 -0.07973569 -0.5815817 -0.5983752 0 -0.8012162 -0.813485 0 -0.581586 -0.595495 0.0586512 -0.8012152 -0.8095707 0.07973533 -0.581582 -0.5868751 0.1167368 -0.801218 -0.7978544 0.1587021 -0.5815859 -0.5726112 0.173699 -0.8012148 -0.77846 0.2361429 -0.5815811 -0.5528255 0.2289882 -0.801217 -0.7515609 0.3113083 -0.5815871 -0.5277213 0.2820729 -0.8012149 -0.7174332 0.3834751 -0.5815811 -0.4975274 0.3324393 -0.8012182 -0.6763892 0.4519485 -0.5815842 -0.4625497 0.3796076 -0.8012154 -0.6288334 0.5160729 -0.5815818 -0.423112 0.4231117 -0.8012195 -0.5752182 0.575218 -0.5815913 -0.3796069 0.4625487 -0.8012161 -0.516071 0.6288334 -0.5815834 -0.3324382 0.4975302 -0.8012169 -0.4519475 0.6763882 -0.5815862 -0.2820738 0.5277236 -0.801213 -0.3834747 0.7174319 -0.581583 -0.2289875 0.5528253 -0.8012172 -0.3113064 0.7515609 -0.5815879 -0.1737005 0.5726103 -0.8012151 -0.2361435 0.7784579 -0.5815838 -0.2763382 0.9109632 -0.3062407 -0.364297 0.8794884 -0.306248 -0.2893964 0.9540116 -0.07817667 -0.3815131 0.9210515 -0.07818025 -0.4487473 0.8395487 -0.3062416 -0.4699532 0.8792226 -0.07817685 -0.3815205 0.9210748 0.07786917 -0.2894023 0.9540347 0.07787281 -0.364576 0.8801677 0.3039559 -0.469965 0.8792433 0.07787334 -0.2765511 0.9116662 0.3039479 -0.3128743 0.7553477 0.5758121 -0.2373337 0.7823846 0.5758014 -0.2328994 0.5622704 0.7934796 -0.4490953 0.8401951 0.3039504 -0.3854098 0.7210477 0.5758034 -0.286892 0.5367298 0.7934823 -0.1766675 0.5823932 0.7934777 -0.3381173 0.5060241 0.7934837 -0.4542261 0.6797949 0.5758103 -0.5186716 0.6320041 0.5758043 -0.3860881 0.4704505 0.7934813 -0.4303383 0.4303391 0.7934842 -0.5781181 0.5781199 0.5758097 -0.6043787 0.7364388 0.3039478 -0.6736502 0.6736521 0.3039546 -0.5292857 0.7921288 0.3039554 -0.6324664 0.7706634 0.07787287 -0.7049591 0.7049597 0.07787519 -0.5538837 0.828944 0.0778771 -0.5538699 0.8289245 -0.07818222 -0.5288764 0.7915183 -0.3062493 -0.6324512 0.7706449 -0.07817876 -0.6731308 0.6731311 -0.3062507 -0.704942 0.7049428 -0.07818228 -0.6039123 0.7358711 -0.3062413 -0.7358699 0.6039133 -0.3062422 -0.7706441 0.632452 -0.07818001 -0.7915194 0.528876 -0.3062472 -0.8289243 0.5538703 -0.07818144 -0.839549 0.4487481 -0.3062399 -0.8792222 0.4699541 -0.07817769 -0.8289455 0.5538824 0.07787108 -0.7706639 0.6324664 0.07786911 -0.7921299 0.5292829 0.3039569 -0.8792436 0.4699645 0.07787203 -0.7364386 0.6043798 0.3039463 -0.6797975 0.4542251 0.5758081 -0.6320026 0.5186712 0.5758064 -0.5060321 0.338121 0.793477 -0.8401958 0.4490952 0.3039484 -0.7210492 0.38541 0.5758015 -0.5367372 0.2868915 0.7934775 -0.4704484 0.3860912 0.7934809 -0.5622704 0.2329011 0.7934791 -0.7553467 0.3128752 0.5758128 -0.7823847 0.2373345 0.5758008 -0.5823938 0.1766675 0.7934773 -0.5969029 0.1187312 0.7934796 -0.8018717 0.1595023 0.5758133 -0.9116671 0.2765517 0.3039448 -0.9343805 0.1858604 0.3039558 -0.8801669 0.3645782 0.3039559 -0.9540346 0.2894033 0.07787001 -0.9778071 0.1944983 0.07787084 -0.9210743 0.381521 0.0778712 -0.9540116 0.2893965 -0.07817691 -0.9210513 0.3815134 -0.07818108 -0.8794879 0.3642975 -0.306249 -0.9336609 0.185716 -0.3062469 -0.9777834 0.194493 -0.07817977 -0.9109637 0.2763381 -0.3062396 -0.9473699 0.09330779 -0.3062417 -0.9921388 0.09771716 -0.07817864 -0.9519515 0 -0.3062493 -0.9969392 0 -0.07818138 -0.9473699 -0.09330785 -0.3062416 -0.9921389 -0.09771668 -0.07817882 -0.9969636 0 0.07786971 -0.9921628 0.09771931 0.07787185 -0.9526861 0 0.3039557 -0.9921627 -0.09771966 0.07787191 -0.9481005 0.09337925 0.3039503 -0.8175844 0 0.5758088 -0.8136512 0.08013671 0.5758037 -0.6086015 0 0.7934762 -0.9481003 -0.09338045 0.3039506 -0.8136513 -0.08013761 0.5758034 -0.605665 -0.05965274 0.7934806 -0.605665 0.0596528 0.7934807 -0.596907 -0.1187321 0.7934764 -0.8018753 -0.1595022 0.5758082 -0.7823827 -0.2373336 0.575804 -0.5823903 -0.1766661 0.7934802 -0.5622745 -0.2329012 0.7934762 -0.7553496 -0.3128752 0.5758091 -0.9116656 -0.2765506 0.30395 -0.8801675 -0.3645759 0.3039566 -0.9343807 -0.185859 0.3039561 -0.9540346 -0.2894029 0.07787138 -0.9210745 -0.3815205 0.07787227 -0.9778072 -0.1944974 0.07787173 -0.9540114 -0.2893962 -0.07817935 -0.9777833 -0.1944931 -0.07818186 -0.93366 -0.1857165 -0.3062489 -0.8794881 -0.3642963 -0.3062496 -0.9210516 -0.3815121 -0.07818275 -0.9109629 -0.2763372 -0.3062424 -0.8395493 -0.4487465 -0.3062411 -0.8792225 -0.469953 -0.07817929 -0.7915186 -0.5288758 -0.3062493 -0.8289245 -0.5538699 -0.07818317 -0.7706446 -0.632452 -0.07817733 -0.7358705 -0.6039144 -0.3062385 -0.6731311 -0.6731303 -0.3062521 -0.7049433 -0.7049412 -0.07818448 -0.6039136 -0.7358699 -0.3062417 -0.6324518 -0.7706442 -0.07818174 -0.6324664 -0.7706635 0.07787156 -0.7049595 -0.7049597 0.07787173 -0.7706629 -0.6324674 0.07786965 -0.6736496 -0.6736517 0.3039565 -0.7921295 -0.5292841 0.3039559 -0.8289446 -0.5538836 0.0778703 -0.8792439 -0.4699643 0.07787066 -0.8401966 -0.4490929 0.3039494 -0.6797967 -0.454226 0.5758084 -0.7210485 -0.385407 0.5758042 -0.5060322 -0.3381209 0.793477 -0.6320024 -0.5186716 0.5758064 -0.7364374 -0.6043795 0.3039497 -0.4303469 -0.4303457 0.793476 -0.5781193 -0.5781202 0.5758082 -0.6043807 -0.7364378 0.3039463 -0.5186751 -0.6320063 0.5757988 -0.3860914 -0.470453 0.793478 -0.4704502 -0.3860887 0.7934811 -0.3381192 -0.506032 0.7934779 -0.4542243 -0.6797941 0.5758127 -0.3854096 -0.7210497 0.5758011 -0.2868914 -0.5367348 0.7934791 -0.232901 -0.5622718 0.7934781 -0.3128759 -0.7553465 0.5758128 -0.4490955 -0.8401968 0.3039451 -0.3645799 -0.8801666 0.3039544 -0.5292843 -0.7921297 0.3039554 -0.381523 -0.9210737 0.07786858 -0.4699653 -0.8792433 0.0778709 -0.5538831 -0.8289453 0.07786691 -0.5538698 -0.8289247 -0.0781815 -0.5288752 -0.7915179 -0.3062527 -0.4699544 -0.8792216 -0.07818013 -0.3642979 -0.879488 -0.3062481 -0.3815146 -0.9210508 -0.07818007 -0.4487484 -0.8395472 -0.306244 -0.2763374 -0.9109628 -0.3062427 -0.2893958 -0.9540116 -0.07817959 -0.1857152 -0.9336608 -0.3062475 -0.1944918 -0.977784 -0.07817608 -0.09330731 -0.9473699 -0.306242 -0.09771656 -0.992139 -0.0781778 -0.1944961 -0.9778077 0.0778681 -0.2894033 -0.9540343 0.07787382 -0.1858596 -0.9343802 0.3039575 -0.0977202 -0.992163 0.07786822 -0.2765502 -0.9116656 0.3039506 -0.1595025 -0.8018742 0.5758097 -0.2373325 -0.782384 0.5758025 -0.1187325 -0.5969074 0.7934761 -0.09337997 -0.9481012 0.3039481 -0.08013832 -0.8136509 0.5758039 -0.05965316 -0.6056665 0.7934795 -0.1766651 -0.5823874 0.7934826 0 -0.6086026 0.7934752 0 -0.8175846 0.5758087 0.08013832 -0.8136509 0.5758038 0.05965316 -0.6056663 0.7934796 0.1187325 -0.5969074 0.793476 0.1595026 -0.8018745 0.5758092 0.09337973 -0.9480988 0.3039556 0.1858608 -0.93438 0.3039571 -1.19777e-6 -0.952686 0.3039566 0.09772014 -0.9921626 0.07787382 0.1944989 -0.9778072 0.07786726 -2.84707e-6 -0.9969634 0.07787275 0.09771651 -0.9921389 -0.07817918 0 -0.9969395 -0.07817786 0 -0.9519534 -0.3062431 0.185715 -0.9336601 -0.3062496 0.1944918 -0.9777839 -0.07817745 0.09330731 -0.9473695 -0.3062431 0.2763371 -0.9109626 -0.3062434 0.2893956 -0.9540116 -0.07818001 0.3642968 -0.8794887 -0.3062477 0.3815147 -0.9210507 -0.0781809 0.4487482 -0.8395505 -0.3062353 0.4699545 -0.8792222 -0.07817387 0.3815206 -0.9210744 0.07787138 0.2894034 -0.9540343 0.07787412 0.3645765 -0.8801667 0.3039584 0.4699645 -0.8792434 0.07787561 0.2765512 -0.9116652 0.3039507 0.3128766 -0.7553501 0.5758077 0.2373334 -0.782384 0.5758023 0.2329005 -0.5622733 0.7934772 0.4490939 -0.8401947 0.3039535 0.3854096 -0.7210499 0.5758008 0.2868898 -0.5367332 0.7934808 0.1766656 -0.5823868 0.7934828 0.3381218 -0.5060346 0.7934752 0.4542252 -0.6797967 0.575809 0.5186703 -0.6320035 0.5758063 0.3860906 -0.4704478 0.7934815 0.4303387 -0.4303372 0.7934851 0.5781169 -0.5781168 0.575814 0.6043773 -0.7364398 0.3039482 0.6736533 -0.6736523 0.3039474 0.5292833 -0.7921286 0.3039597 0.6324669 -0.7706634 0.07786852 0.7049588 -0.7049608 0.0778684 0.5538845 -0.8289439 0.07787394 0.6324507 -0.7706452 -0.07818037 0.5538694 -0.8289247 -0.07818251 0.5288779 -0.7915186 -0.3062458 0.6731312 -0.6731318 -0.3062485 0.7049424 -0.704943 -0.07817786 0.6039128 -0.7358707 -0.3062412 0.7358691 -0.6039131 -0.3062445 0.770644 -0.6324521 -0.07818233 0.7915195 -0.5288746 -0.3062493 0.8289256 -0.5538679 -0.07818311 0.8395492 -0.4487469 -0.306241 0.8792223 -0.4699534 -0.07817995 0.8792433 -0.4699651 0.07787156 0.8289451 -0.5538824 0.07787424 0.7706629 -0.6324675 0.07787054 0.7921305 -0.5292831 0.3039553 0.7364391 -0.6043781 0.3039487 0.6797963 -0.4542244 0.5758101 0.6320031 -0.5186705 0.5758065 0.506026 -0.338115 0.7934834 0.8401967 -0.4490942 0.3039473 0.7210474 -0.3854076 0.5758054 0.5367322 -0.2868886 0.7934819 0.47045 -0.3860893 0.7934809 0.5622642 -0.2328979 0.7934845 0.7553484 -0.3128761 0.5758104 0.7823816 -0.2373332 0.5758057 0.5823882 -0.1766657 0.7934818 0.5968968 -0.1187306 0.7934843 0.8018734 -0.159503 0.5758108 0.9116657 -0.2765523 0.3039485 0.9343813 -0.1858602 0.3039537 0.8801676 -0.3645777 0.3039544 0.9778069 -0.1944977 0.07787364 0.9540343 -0.2894037 0.07787168 0.9210736 -0.3815217 0.07787507 0.9210512 -0.3815135 -0.07818156 0.8794875 -0.3642982 -0.3062494 0.9540114 -0.2893967 -0.07817769 0.9336599 -0.1857165 -0.3062491 0.977783 -0.194494 -0.07818305 0.9109635 -0.2763383 -0.3062398 0.9473702 -0.09330934 -0.3062406 0.9921388 -0.09771806 -0.07817822 0.9519516 3.74843e-7 -0.3062484 0.9969393 7.23429e-7 -0.07817983 0.9473699 0.09330874 -0.3062413 0.9921388 0.09771806 -0.07817918 0.9921628 0.09771996 0.07787013 0.996963 -8.85762e-7 0.0778765 0.9921627 -0.09771984 0.07787197 0.9526863 -1.37668e-6 0.3039554 0.9481015 -0.09337991 0.3039471 0.8175833 -1.10628e-6 0.5758104 0.8136502 -0.08013749 0.575805 0.6085906 -7.87015e-7 0.7934844 0.9481017 0.09337866 0.3039467 0.8136494 0.08013725 0.5758062 0.6056635 0.05965244 0.7934818 0.6056635 -0.05965244 0.7934818 0.5968976 0.1187292 0.7934839 0.8018731 0.1595026 0.5758113 0.5823898 0.1766622 0.7934814 0.7823825 0.2373328 0.5758045 0.5622749 0.2329016 0.7934759 0.7553495 0.3128752 0.5758092 0.9116656 0.2765507 0.3039501 0.8801671 0.3645761 0.3039578 0.9343817 0.1858593 0.3039526 0.9540348 0.2894025 0.0778712 0.9210742 0.381521 0.07787221 0.9778068 0.1944988 0.07787281 0.9777833 0.1944935 -0.07818025 0.9336603 0.1857165 -0.306248 0.9540115 0.289396 -0.07817947 0.8794882 0.3642963 -0.3062498 0.9210516 0.3815121 -0.07818269 0.9109632 0.2763372 -0.3062416 0.8395491 0.4487464 -0.3062418 0.8792224 0.4699533 -0.07817876 0.7915197 0.5288752 -0.306248 0.8289252 0.553869 -0.07818025 0.7358705 0.6039146 -0.3062382 0.7706442 0.6324524 -0.07817625 0.8289447 0.5538836 0.07786965 0.8792438 0.4699647 0.07786899 0.7921296 0.5292851 0.3039539 0.7706634 0.6324666 0.07787227 0.8401967 0.4490933 0.3039486 0.6797957 0.4542257 0.5758098 0.7210479 0.3854065 0.5758053 0.5060325 0.3381201 0.7934772 0.736438 0.6043791 0.3039491 0.6320045 0.5186735 0.5758022 0.4704503 0.3860887 0.793481 0.5367345 0.2868899 0.7934799 0.4303461 0.4303459 0.7934764 0.5781201 0.5781193 0.5758085 0.5186722 0.6320042 0.5758037 0.3860888 0.4704505 0.7934809 0.3381202 0.5060334 0.7934765 0.4542253 0.6797963 0.5758093 0.6043794 0.7364383 0.3039478 0.5292838 0.7921289 0.3039581 0.6736509 0.6736503 0.3039568 0.6324669 0.7706633 0.07787024 0.5538832 0.8289448 0.07787215 0.7049595 0.7049596 0.07787191 0.6324516 0.7706448 -0.0781781 0.7049427 0.7049421 -0.0781818 0.6731314 0.6731314 -0.3062488 0.5288761 0.7915183 -0.3062498 0.5538699 0.8289244 -0.07818233 0.6039133 0.7358705 -0.3062407 0.4487481 0.839548 -0.3062422 0.4699538 0.8792221 -0.07817906 0.3642973 0.8794881 -0.3062487 0.3815132 0.9210513 -0.07818073 0.2763378 0.9109629 -0.3062419 0.2893964 0.9540116 -0.07817703 0.3815219 0.9210738 0.07787388 0.4699652 0.8792433 0.07787072 0.3645774 0.880167 0.3039563 0.2894035 0.9540345 0.07787132 0.4490939 0.8401962 0.3039492 0.3128761 0.7553491 0.5758093 0.3854081 0.7210472 0.5758051 0.2329011 0.5622721 0.793478 0.2765511 0.9116657 0.3039496 0.2373329 0.7823821 0.5758049 0.1766663 0.5823894 0.7934808 0.2868898 0.5367335 0.7934806 0.1187325 0.5969074 0.7934761 0.1595026 0.8018741 0.5758098 0.1858595 0.9343802 0.3039572 0.1944975 0.9778072 0.07787114 0.1944929 0.9777833 -0.07818299 0.1857155 0.9336596 -0.3062509 -0.5367338 -0.2868889 0.7934808 1.68188e-4 0.001707375 0.9999986 0.01829332 0.09196519 0.9955943 3.34846e-4 0.001682877 0.9999986 0.008416295 0.08545166 0.9963068 0.01675182 0.08421719 0.9963067 0.02492547 0.08216899 0.9963067 4.98005e-4 0.00164175 0.9999986 0.02722185 0.08973842 0.9955933 0.09167075 0.3021987 0.9488269 0.06160998 0.3097335 0.9488253 0.03095346 0.3142772 0.9488266 0.0328601 0.07933145 0.9963065 0.1208522 0.291763 0.9488251 6.56687e-4 0.001585245 0.9999986 0.1488658 0.2785088 0.9488266 0.04047673 0.07572638 0.9963068 0.03588235 0.0866301 0.9955942 8.0876e-4 0.001513004 0.9999986 0.0442056 0.08270299 0.9955933 0.1443043 0.3483873 0.9261764 0.1777697 0.3325837 0.9261675 0.2095018 0.3135427 0.9261749 0.05209511 0.07796597 0.995594 9.53272e-4 0.001426696 0.9999986 0.3909115 0.585043 0.7105723 0.2692639 0.6500656 0.7105714 0.3316922 0.6205569 0.7105557 0.5126934 0.7672958 0.385231 0.3531435 0.8525784 0.3852271 0.4350163 0.8138621 0.3852136 0.1094708 0.3608753 0.9261669 0.2042591 0.6733417 0.7105556 0.2678855 0.8830897 0.3852144 0.3808243 0.919393 0.09843534 0.4691082 0.8776376 0.09843754 0.2888711 0.9522948 0.09842818 0.3815081 0.9210381 0.07836151 0.4699478 0.8792092 0.07835972 0.3640857 0.8789955 0.3079103 0.4484935 0.8390741 0.3079097 0.2893887 0.9539989 0.07836109 0.5285796 0.791072 0.3079103 0.5538624 0.8289126 0.07836037 0.5528735 0.8274302 0.0984385 0.4502159 0.6737955 0.5859225 0.3101131 0.7486842 0.5859197 0.382007 0.7146787 0.5859225 0.3280693 0.4909939 0.8070288 0.2259824 0.5455623 0.8070278 0.2783703 0.5207844 0.8070276 0.2761804 0.9104472 0.3079132 0.2352353 0.7754759 0.5859194 0.1714133 0.5650894 0.8070263 0.1198096 0.2892518 0.9497259 0.1475872 0.2761157 0.9497254 0.09088033 0.2996015 0.9497262 0.03091371 0.07463258 0.9967319 0.0380783 0.07124346 0.9967319 0.1739384 0.2603188 0.9497261 0.04487872 0.06716859 0.9967319 -8.82509e-5 -7.27025e-6 1 1.37132e-5 -7.71114e-6 1 -4.61326e-5 -8.07822e-6 1 4.59999e-6 8.36703e-6 1 -1.04583e-5 2.5381e-6 1 -4.95584e-6 -8.36716e-6 1 0.02345198 0.0773018 0.9967319 0 -8.57589e-6 1 0.01576244 0.07923078 0.9967318 0.03068709 0.3115767 0.9497255 0.06108003 0.3070682 0.9497254 0.007917344 0.08039218 0.9967319 0 -8.70116e-6 1 0 0.08078229 0.9967319 0 -8.74386e-6 1 -0.007920265 0.08039295 0.9967319 0 -8.70118e-6 1 0 -8.57592e-6 1 -0.01576274 0.07922911 0.9967319 -0.03068709 0.3115764 0.9497255 0 0.3130838 0.9497255 -0.09088283 0.2996016 0.9497259 -0.06108242 0.3070678 0.9497255 -0.02344715 0.07730263 0.9967319 6.73e-7 -8.36681e-6 1 -0.03091365 0.07463377 0.9967318 4.20952e-5 -8.0784e-6 1 -0.0380783 0.07124227 0.996732 5.03083e-6 -7.71109e-6 1 8.82268e-5 -7.2703e-6 1 -0.04487884 0.06716877 0.9967319 -0.1475884 0.276116 0.9497251 -0.1198126 0.289252 0.9497253 -0.1986163 0.2420172 0.9497259 -0.1739384 0.2603189 0.9497261 -0.05124765 0.06244397 0.9967319 1.34585e-6 -6.75856e-6 1 -0.05712074 0.05712223 0.9967319 1.11754e-6 -6.18293e-6 1 -0.06244552 0.05124753 0.9967319 3.69193e-6 -5.54671e-6 1 -7.45789e-5 -4.85781e-6 1 -0.06716823 0.04487979 0.9967319 -0.2420182 0.1986169 0.9497255 -0.2213824 0.2213832 0.9497259 -0.2761142 0.1475877 0.9497257 -0.260319 0.1739397 0.9497258 -0.071244 0.03808057 0.9967318 2.68584e-5 -4.1217e-6 1 -0.07463455 0.03091412 0.9967318 -7.64597e-5 -3.34609e-6 1 -0.07730197 0.02344918 0.9967319 7.9109e-6 -2.5382e-6 1 9.25162e-5 -1.70579e-6 1 -0.07922983 0.01576 0.9967319 -0.2996038 0.09088426 0.9497251 -0.2892518 0.1198124 0.9497255 -0.311578 0.03068763 0.949725 -0.3070689 0.0610798 0.9497252 -0.08039116 0.007918059 0.996732 1.05555e-5 -8.56988e-7 1 -0.08078253 0 0.9967318 9.12232e-6 0 1 -0.08039265 -0.007917881 0.9967318 8.63445e-6 8.57049e-7 1 8.53473e-6 1.70583e-6 1 -0.07923018 -0.01575982 0.9967318 -0.3115767 -0.0306878 0.9497253 -0.3130837 0 0.9497256 -0.2996032 -0.09088402 0.9497252 -0.3070686 -0.06107938 0.9497253 -0.07730197 -0.02345001 0.9967319 7.86411e-6 2.53807e-6 1 -0.07463401 -0.03091382 0.9967318 -7.44675e-5 3.34604e-6 1 -0.07124495 -0.03807991 0.9967317 7.19635e-6 4.12172e-6 1 -7.47607e-5 4.8578e-6 1 -0.06716924 -0.04488044 0.9967318 -0.2761167 -0.1475864 0.9497252 -0.289251 -0.1198109 0.9497259 -0.2420179 -0.1986212 0.9497247 -0.2603198 -0.1739403 0.9497255 -0.06244385 -0.0512464 0.996732 2.82036e-5 5.54685e-6 1 -0.05712378 -0.05712181 0.9967316 4.88703e-6 6.18288e-6 1 -0.05125021 -0.06244534 0.9967317 5.95064e-6 6.75869e-6 1 8.80628e-5 7.27019e-6 1 -0.04487788 -0.06716901 0.9967319 -0.1986216 -0.2420172 0.9497248 -0.2213851 -0.2213829 0.9497255 -0.1475824 -0.2761145 0.9497264 -0.1739353 -0.260321 0.9497261 -0.03807795 -0.07124209 0.996732 -1.37118e-5 7.71122e-6 1 -0.03091585 -0.0746327 0.9967318 4.9865e-5 8.07818e-6 1 -0.02344959 -0.07730317 0.9967318 2.56101e-7 8.57564e-6 1 -0.0157597 -0.0792303 0.9967318 -0.09088182 -0.2996064 0.9497244 -0.1198145 -0.2892502 0.9497257 -0.03068727 -0.3115746 0.9497261 -0.06107729 -0.3070672 0.9497259 -0.00791794 -0.08039116 0.9967319 0 8.70138e-6 1 0 -0.08078408 0.9967316 0 8.74392e-6 1 0.007917881 -0.0803911 0.996732 -4.90177e-7 8.7016e-6 1 -2.561e-7 8.57566e-6 1 0.0157597 -0.07923036 0.9967318 0.03068703 -0.3115746 0.9497261 0 -0.3130828 0.9497259 0.0908823 -0.2996065 0.9497244 0.06107729 -0.3070674 0.9497259 0.02344989 -0.07730311 0.9967318 -5.27803e-6 8.36707e-6 1 0.03091323 -0.07463258 0.9967319 -4.61508e-5 8.07812e-6 1 0.0380795 -0.07124447 0.9967318 -9.35256e-6 7.71141e-6 1 -9.19103e-5 7.27008e-6 1 0.04488003 -0.06716775 0.9967319 0.147583 -0.2761148 0.9497262 0.1198144 -0.28925 0.9497257 0.1986204 -0.2420173 0.949725 0.1739356 -0.2603206 0.9497262 0.05124938 -0.06244516 0.9967317 -1.05557e-5 6.75883e-6 1 0.057123 -0.05712115 0.9967318 -8.74969e-6 6.1828e-6 1 0.06244486 -0.05124717 0.9967319 2.72173e-6 5.54674e-6 1 -9.40436e-5 4.85769e-6 1 0.06716901 -0.04488021 0.9967317 0.2420184 -0.1986202 0.9497248 0.2213845 -0.221383 0.9497255 0.2761162 -0.1475875 0.9497251 0.2603197 -0.17394 0.9497256 0.07124465 -0.03808021 0.9967317 -1.19425e-5 4.12168e-6 1 0.07463407 -0.03091406 0.9967317 -8.93611e-6 3.34618e-6 1 0.07730168 -0.02344995 0.9967319 -8.53474e-6 1.70585e-6 1 0.07923012 -0.01575988 0.9967318 0.2996043 -0.09088468 0.9497248 0.289251 -0.1198124 0.9497258 0.3115768 -0.0306878 0.9497254 0.3070684 -0.06107902 0.9497254 0.08039277 -0.007917881 0.9967318 -2.89743e-5 8.5703e-7 1 0.0807833 1.92724e-7 0.9967317 -9.21547e-6 0 1 0.08039265 0.007918 0.9967318 -1.05559e-5 -8.5704e-7 1 -9.2419e-5 -1.70584e-6 1 0.07923012 0.01575994 0.9967318 0.3115767 0.0306878 0.9497253 0.3130818 1.67753e-7 0.9497262 0.2996039 0.09088307 0.9497251 0.3070685 0.06107908 0.9497254 0.0773018 0.02344936 0.996732 1.20874e-5 -2.53806e-6 1 0.07463335 0.03091388 0.9967318 -5.16652e-6 -3.34609e-6 1 0.07124334 0.03808027 0.9967318 -5.58424e-6 -4.12179e-6 1 7.45641e-5 -4.85785e-6 1 0.06716823 0.04487991 0.9967319 0.2761158 0.1475877 0.9497252 0.2892519 0.119812 0.9497255 0.2420182 0.1986166 0.9497256 0.2603195 0.1739396 0.9497256 0.06244534 0.05124741 0.9967318 -9.79514e-6 -5.54656e-6 1 0.05712085 0.05712217 0.9967319 -1.11754e-6 -6.18291e-6 1 0.05124753 0.06244409 0.9967319 -6.68005e-7 -6.75867e-6 1 0.198616 0.2420173 0.949726 0.2213825 0.221383 0.9497259 0.374614 0.456477 0.8070273 0.4175552 0.4175551 0.8070287 0.4564728 0.3746165 0.8070287 0.6264246 0.5140926 0.5859192 0.5140917 0.6264234 0.5859212 0.573017 0.5730181 0.5859197 0.4909926 0.3280698 0.8070294 0.6737977 0.4502174 0.5859189 0.7146815 0.3820059 0.5859197 0.5207852 0.2783631 0.8070296 0.5455613 0.2259783 0.8070295 0.7486827 0.3101151 0.5859205 0.7754746 0.2352359 0.5859209 0.5650847 0.1714164 0.807029 0.5791652 0.1152026 0.8070293 0.7947983 0.158093 0.58592 0.8064664 0.07943111 0.5859203 0.5876691 0.05788081 0.8070284 0.5905119 6.1913e-7 0.807029 0.8103684 9.51161e-7 0.5859207 0.8064665 -0.07943111 0.5859205 0.5876693 -0.05788064 0.8070283 0.5791651 -0.1152031 0.8070291 0.7947983 -0.1580948 0.5859196 0.7754754 -0.2352384 0.5859188 0.5650844 -0.1714167 0.8070291 0.5455607 -0.2259801 0.8070295 0.7486835 -0.3101153 0.5859195 0.7146822 -0.3820049 0.5859195 0.5207837 -0.278367 0.8070293 0.4909928 -0.3280701 0.8070292 0.6737967 -0.4502164 0.5859208 0.6264229 -0.5140917 0.5859216 0.4564728 -0.3746153 0.8070291 0.417553 -0.4175541 0.8070306 0.5730171 -0.573017 0.5859205 0.5140925 -0.6264218 0.5859223 0.374616 -0.4564716 0.8070296 0.328073 -0.4909911 0.807029 0.4502158 -0.6737957 0.5859224 0.382 -0.7146822 0.5859227 0.2783646 -0.5207877 0.8070275 0.2259779 -0.5455625 0.807029 0.3101124 -0.7486824 0.5859223 0.2352421 -0.7754732 0.58592 0.1714192 -0.5650836 0.8070292 0.1152083 -0.5791636 0.8070295 0.1580952 -0.7947971 0.5859213 0.07942849 -0.8064655 0.585922 0.05787855 -0.5876719 0.8070266 0 -0.5905117 0.8070292 0 -0.8103666 0.5859231 -0.07942867 -0.8064655 0.585922 -0.05787879 -0.5876719 0.8070265 -0.1152083 -0.5791636 0.8070295 -0.1580953 -0.794797 0.5859213 -0.2352419 -0.7754734 0.5859201 -0.1714189 -0.5650839 0.807029 -0.225978 -0.5455624 0.807029 -0.3101138 -0.7486829 0.585921 -0.3820064 -0.7146828 0.5859178 -0.2783644 -0.5207877 0.8070277 -0.3280734 -0.4909925 0.8070281 -0.4502168 -0.6737982 0.5859189 -0.5140892 -0.6264256 0.5859209 -0.3746169 -0.4564712 0.8070293 -0.4175534 -0.4175532 0.8070307 -0.5730178 -0.5730164 0.5859206 -0.6264253 -0.51409 0.5859205 -0.4564716 -0.3746163 0.8070293 -0.490993 -0.3280714 0.8070287 -0.673797 -0.450217 0.58592 -0.7146815 -0.3820074 0.5859188 -0.5207842 -0.2783655 0.8070294 -0.5455611 -0.2259792 0.8070294 -0.7486842 -0.3101128 0.5859199 -0.7754746 -0.2352377 0.5859202 -0.5650852 -0.1714169 0.8070285 -0.5791655 -0.1152024 0.807029 -0.7947977 -0.1580952 0.5859203 -0.8064663 -0.0794304 0.5859208 -0.5876693 -0.05788004 0.8070284 -0.5905117 0 0.8070291 -0.8103683 4.82516e-7 0.5859208 -0.8064664 0.07942932 0.5859207 -0.5876691 0.05788117 0.8070284 -0.5791653 0.1152028 0.8070291 -0.7947978 0.1580933 0.5859208 -0.775474 0.2352381 0.585921 -0.5650851 0.1714169 0.8070287 -0.5455628 0.2259779 0.8070287 -0.7486817 0.3101156 0.5859216 -0.7146803 0.3820059 0.5859212 -0.520787 0.2783653 0.8070276 -0.4909915 0.3280718 0.8070293 -0.6737961 0.4502183 0.5859202 -0.626424 0.5140933 0.585919 -0.4564722 0.3746172 0.8070285 -0.4175553 0.4175553 0.8070286 -0.5730175 0.5730172 0.58592 -0.5140918 0.6264231 0.5859213 -0.3746145 0.4564768 0.8070273 -0.3280693 0.4909938 0.807029 -0.4502156 0.6737956 0.5859227 -0.3820065 0.7146785 0.585923 -0.2783699 0.5207847 0.8070277 -0.2259826 0.545562 0.8070279 -0.3101132 0.7486839 0.58592 -0.2352357 0.7754758 0.5859194 -0.1714141 0.5650891 0.8070265 -0.1152051 0.5791658 0.8070284 -0.1581006 0.7947965 0.5859205 -0.0794295 0.8064691 0.585917 -0.05788487 0.5876685 0.8070285 0 0.5905117 0.8070291 0 0.8103705 0.5859178 0.07942962 0.806469 0.5859172 0.05788511 0.5876686 0.8070285 0.1152051 0.5791656 0.8070285 0.1581006 0.7947965 0.5859205 0.09325391 0.9468342 0.3079103 0.1856131 0.9331335 0.3079118 0.09771829 0.9921244 0.07836014 0.1944876 0.9777702 0.07835894 0 0.951415 0.3079119 -0.09771865 0.9921244 0.07836002 -1.92203e-7 0.9969251 0.07836139 -0.09325385 0.9468342 0.3079106 -0.1856132 0.9331335 0.3079119 -0.289389 0.9539988 0.07836127 -0.1944879 0.9777701 0.07835894 -0.2761806 0.9104471 0.3079134 -0.3640856 0.8789955 0.3079104 -0.4699485 0.8792089 0.0783599 -0.3815085 0.9210379 0.07836192 -0.4484936 0.8390742 0.3079094 -0.5285792 0.7910724 0.30791 -0.6324449 0.7706319 0.07835835 -0.5538625 0.8289127 0.07836014 -0.6035709 0.7354544 0.3079106 -0.6727526 0.6727513 0.307912 -0.7706309 0.6324459 0.0783596 -0.7049294 0.704936 0.07835698 -0.7354522 0.6035714 0.3079152 -0.7910704 0.5285807 0.307913 -0.8792091 0.4699482 0.07835966 -0.8289139 0.5538609 0.07835936 -0.8390736 0.4484933 0.3079113 -0.8789933 0.3640903 0.3079111 -0.9539986 0.2893899 0.07835954 -0.9210387 0.3815069 0.07836067 -0.9104476 0.2761814 0.3079108 -0.9331341 0.1856109 0.3079113 -0.9921247 0.09771484 0.07835984 -0.9777699 0.1944891 0.07835942 -0.9468338 0.0932548 0.3079113 -0.9514153 7.23293e-7 0.3079107 -0.9921247 -0.09771591 0.0783599 -0.9969252 -6.19585e-7 0.07836031 -0.9468339 -0.09325617 0.3079106 -0.9331337 -0.1856124 0.3079116 -0.9539974 -0.2893936 0.07836049 -0.9777697 -0.1944896 0.07836055 -0.9104471 -0.276181 0.3079124 -0.878993 -0.3640905 0.3079117 -0.8792095 -0.4699474 0.07835978 -0.9210377 -0.3815094 0.07836043 -0.8390738 -0.4484937 0.3079105 -0.7910732 -0.528577 0.307912 -0.7706338 -0.6324424 0.07835972 -0.8289136 -0.5538612 0.07835966 -0.7354536 -0.6035722 0.3079103 -0.6727544 -0.6727507 0.3079092 -0.6324399 -0.7706358 0.07835978 -0.7049337 -0.7049313 0.07836085 -0.6035699 -0.7354558 0.3079096 -0.5285744 -0.7910749 0.3079119 -0.4699491 -0.8792086 0.07835996 -0.5538628 -0.8289124 0.07836008 -0.4484992 -0.8390693 0.3079144 -0.3640921 -0.878992 0.3079125 -0.2893961 -0.9539969 0.07835757 -0.3815011 -0.9210414 0.07835632 -0.2761827 -0.9104476 0.3079099 -0.1856148 -0.9331338 0.30791 -0.09771066 -0.9921254 0.07835817 -0.1944962 -0.9777685 0.078359 -0.09325391 -0.9468337 0.3079119 0 -0.9514154 0.3079104 0.09771102 -0.9921253 0.07835817 1.91009e-7 -0.9969255 0.07835596 0.09325385 -0.9468337 0.3079119 0.185613 -0.9331337 0.3079116 0.2893958 -0.9539968 0.07835948 0.1944879 -0.9777701 0.07835888 0.2761822 -0.9104461 0.3079149 0.3640871 -0.878994 0.3079127 0.469942 -0.8792125 0.07835805 0.3815092 -0.9210381 0.07835656 0.448492 -0.8390744 0.3079108 0.5285794 -0.7910722 0.3079104 0.632446 -0.7706309 0.07835984 0.5538625 -0.8289127 0.07836002 0.6035754 -0.7354512 0.3079098 0.6727535 -0.6727517 0.307909 0.7706346 -0.6324415 0.07835972 0.7049334 -0.7049316 0.07836091 0.735454 -0.6035723 0.3079091 0.7910746 -0.5285762 0.3079094 0.8792092 -0.4699481 0.07835978 0.8289139 -0.5538606 0.07835972 0.8390737 -0.4484939 0.30791 0.8789927 -0.3640914 0.3079114 0.9539978 -0.2893924 0.07836025 0.9210379 -0.381509 0.07836031 0.9104476 -0.2761808 0.3079116 0.9331337 -0.1856132 0.3079111 0.9921246 -0.09771651 0.07835966 0.9777696 -0.1944896 0.07836019 0.946834 -0.09325677 0.3079099 0.9514155 7.48651e-7 0.3079099 0.9921247 0.09771633 0.07835966 0.9969252 1.07323e-6 0.07836031 0.9468342 0.09325593 0.3079099 0.9331347 0.1856095 0.3079106 0.9539981 0.2893915 0.07835972 0.9777698 0.1944892 0.07836019 0.9104483 0.2761808 0.3079096 0.878993 0.3640918 0.3079098 0.8792104 0.4699454 0.07836151 0.9210402 0.3815032 0.07836043 0.8390733 0.4484937 0.3079118 0.7910731 0.5285775 0.3079112 0.7706325 0.632444 0.07835942 0.8289101 0.5538659 0.07836252 0.735457 0.6035682 0.3079102 0.6727526 0.6727519 0.3079107 0.6324445 0.7706322 0.07835865 0.7049331 0.7049323 0.07835698 0.6035707 0.7354546 0.3079109 0.6313161 0.7692534 0.09843462 0.7036731 0.7036719 0.09843844 0.5854369 0.7133522 0.3852172 0.6525325 0.6525319 0.3852318 0.4463858 0.5439188 0.7105576 0.7133524 0.5854379 0.3852154 0.7692545 0.6313146 0.09843552 0.8274291 0.5528753 0.09843903 0.7672951 0.512694 0.3852313 0.8138621 0.435015 0.3852149 0.8776395 0.469105 0.09843462 0.9193936 0.3808219 0.09843832 0.8525757 0.3531447 0.3852316 0.8830903 0.2678818 0.3852154 0.9522932 0.2888745 0.09843456 0.9760221 0.1941414 0.09843868 0.9050883 0.1800325 0.3852318 0.9183827 0.09045487 0.3852158 0.9903515 0.0975424 0.0984348 0.9951431 1.08939e-6 0.09843868 0.9228199 1.69685e-7 0.3852321 0.9183826 -0.09045416 0.3852165 0.9903516 -0.09754228 0.09843403 0.976022 -0.1941419 0.09843808 0.9050886 -0.1800321 0.3852313 0.8830901 -0.2678821 0.3852155 0.952293 -0.2888752 0.09843468 0.9193914 -0.3808274 0.09843844 0.8525741 -0.3531492 0.3852313 0.8138595 -0.435017 0.385218 0.8776378 -0.4691084 0.09843468 0.8274323 -0.5528703 0.09843879 0.7672968 -0.5126898 0.3852338 0.7133554 -0.585434 0.3852158 0.7692579 -0.6313105 0.0984354 0.703673 -0.703672 0.09843862 0.6525326 -0.6525318 0.3852317 0.5854369 -0.7133521 0.3852174 0.6313155 -0.7692538 0.09843474 0.5528715 -0.8274318 0.09843671 0.5126889 -0.7672991 0.3852301 0.4350143 -0.8138614 0.385217 0.469101 -0.8776422 0.09843045 0.3808262 -0.9193919 0.09843713 0.3531472 -0.8525727 0.385236 0.2678817 -0.883091 0.385214 0.2888788 -0.9522925 0.09842824 0.1941412 -0.9760225 0.09843462 0.180035 -0.9050898 0.385227 0.09045577 -0.9183836 0.3852133 0.09753537 -0.9903523 0.09843355 -1.90881e-7 -0.9951429 0.0984413 0 -0.9228184 0.3852355 -0.09045577 -0.9183836 0.3852134 -0.09753572 -0.9903523 0.09843355 -0.1941481 -0.9760209 0.09843677 -0.1800351 -0.9050899 0.3852271 -0.2678815 -0.8830893 0.3852179 -0.2888796 -0.9522914 0.09843653 -0.3808205 -0.9193942 0.09843897 -0.3531472 -0.8525728 0.3852359 -0.4350159 -0.8138599 0.3852187 -0.4691082 -0.8776384 0.09843015 -0.552872 -0.8274312 0.09844011 -0.5126871 -0.7672971 0.3852364 -0.5854352 -0.7133527 0.385219 -0.6313104 -0.769258 0.09843492 -0.7036739 -0.7036711 0.09843862 -0.6525332 -0.6525313 0.3852317 -0.7133546 -0.5854349 0.385216 -0.7692573 -0.631311 0.09843569 -0.827432 -0.5528709 0.09843891 -0.7672978 -0.5126899 0.3852313 -0.8138607 -0.4350176 0.3852152 -0.8776381 -0.4691078 0.09843426 -0.9193921 -0.3808257 0.09843766 -0.8525743 -0.3531484 0.3852317 -0.8830897 -0.2678825 0.3852162 -0.9522931 -0.2888755 0.09843266 -0.976022 -0.1941418 0.09843784 -0.905088 -0.1800333 0.3852323 -0.9183827 -0.09045267 0.3852162 -0.9903518 -0.09754014 0.09843403 -0.9951432 5.17342e-7 0.09843844 -0.9228199 -3.147e-7 0.3852316 -0.9183829 0.09045374 0.3852158 -0.9903517 0.09754061 0.09843486 -0.976022 0.1941421 0.09843879 -0.9050883 0.1800327 0.3852317 -0.8830904 0.2678812 0.3852159 -0.9522935 0.2888731 0.09843504 -0.9193922 0.3808253 0.09843832 -0.8525741 0.3531494 0.3852313 -0.8138602 0.4350184 0.3852149 -0.8776378 0.4691085 0.09843397 -0.8274312 0.5528724 0.09843742 -0.7672951 0.512694 0.3852316 -0.713355 0.5854355 0.3852144 -0.7692534 0.6313167 0.09843033 -0.70367 0.7036747 0.09844017 -0.6525315 0.6525307 0.3852357 -0.5854333 0.7133544 0.3852187 -0.6313157 0.7692537 0.09843528 -0.5528726 0.8274309 0.09843873 -0.5126927 0.767296 0.3852314 -0.4350165 0.8138621 0.3852134 -0.4691082 0.8776375 0.09843736 -0.3808258 0.9193921 0.09843748 -0.3531506 0.8525757 0.3852264 -0.2678848 0.8830881 0.3852184 -0.2888707 0.9522942 0.09843617 -0.1941391 0.9760223 0.0984407 -0.1800282 0.9050869 0.3852372 -0.09045171 0.9183815 0.3852193 -0.09754431 0.9903515 0.09843307 1.91476e-7 0.9951433 0.0984376 0 0.9228202 0.3852311 0.09045171 0.9183815 0.3852197 0.09754472 0.9903514 0.09843373 0.1941416 0.976022 0.09843868 0.1800358 0.9050852 0.3852375 0.06896591 0.7002516 0.7105571 0.1372749 0.6901071 0.7105688 0.03696274 0.3752966 0.9261675 0.07356953 0.3698481 0.926175 0 0.7036285 0.7105681 -0.03696274 0.3752965 0.9261676 0 0.3770925 0.9261757 -0.06896591 0.7002516 0.7105571 -0.1372695 0.6901081 0.7105687 -0.1094704 0.3608752 0.9261671 -0.07356721 0.3698506 0.9261741 -0.2042587 0.6733406 0.7105567 -0.2692694 0.650064 0.7105709 -0.1777696 0.3325834 0.9261676 -0.1443068 0.3483872 0.926176 -0.3316923 0.6205569 0.7105557 -0.3909113 0.5850433 0.7105721 -0.2392372 0.2915121 0.9261675 -0.2095015 0.3135422 0.9261752 -0.4463854 0.5439204 0.7105566 -0.4975413 0.4975382 0.7105691 -0.2915115 0.2392377 0.9261677 -0.2666433 0.2666425 0.9261767 -0.5439217 0.4463859 0.7105554 -0.5850424 0.390915 0.7105709 -0.332583 0.1777702 0.9261676 -0.3135397 0.2095015 0.9261761 -0.6205545 0.331695 0.7105565 -0.6500649 0.2692664 0.7105711 -0.3608746 0.1094699 0.9261674 -0.3483889 0.1443081 0.9261751 -0.6733419 0.2042545 0.7105568 -0.6901057 0.1372692 0.7105711 -0.3752971 0.03696304 0.9261673 -0.3698469 0.07356703 0.9261756 -0.700252 0.06896847 0.7105565 -0.7036259 0 0.7105706 -0.3752975 -0.03696304 0.9261672 -0.377093 -1.42576e-7 0.9261754 -0.7002516 -0.06896877 0.7105568 -0.6901062 -0.1372698 0.7105705 -0.3608754 -0.1094704 0.926167 -0.3698471 -0.07356721 0.9261755 -0.6733415 -0.2042567 0.7105565 -0.6500648 -0.2692666 0.7105711 -0.3325827 -0.1777696 0.9261678 -0.3483895 -0.1443064 0.9261752 -0.6205537 -0.3316934 0.7105579 -0.5850444 -0.3909125 0.7105705 -0.2915108 -0.2392369 0.926168 -0.3135411 -0.2095018 0.9261755 -0.5439221 -0.4463834 0.7105566 -0.4975397 -0.4975367 0.7105712 -0.2392364 -0.2915122 0.9261677 -0.2666464 -0.2666454 0.926175 -0.4463837 -0.5439214 0.710557 -0.3909149 -0.5850473 0.7105668 -0.177772 -0.3325828 0.9261673 -0.2095025 -0.3135439 0.9261744 -0.3316947 -0.6205536 0.7105575 -0.2692638 -0.6500655 0.7105715 -0.1094694 -0.3608747 0.9261673 -0.1443051 -0.3483883 0.9261758 -0.2042534 -0.6733427 0.7105563 -0.1372703 -0.6901053 0.7105712 -0.03696376 -0.3752949 0.9261683 -0.07356876 -0.3698451 0.9261761 -0.06897145 -0.7002506 0.7105576 0 -0.7036256 0.710571 0.0369637 -0.3752948 0.9261683 0 -0.3770932 0.9261754 0.06897139 -0.7002505 0.7105577 0.1372703 -0.6901053 0.7105713 0.1094694 -0.3608748 0.9261673 0.07356876 -0.3698452 0.9261762 0.2042533 -0.673343 0.710556 0.2692638 -0.6500655 0.7105716 0.1777701 -0.3325838 0.9261673 0.1443048 -0.3483875 0.9261762 0.3316947 -0.6205538 0.7105574 0.390914 -0.585046 0.7105684 0.2392377 -0.2915113 0.9261677 0.2094997 -0.3135404 0.9261763 0.4463836 -0.5439214 0.710557 0.4975394 -0.4975371 0.7105712 0.2915112 -0.2392377 0.9261677 0.2666457 -0.2666449 0.9261752 0.5439205 -0.4463846 0.7105571 0.5850414 -0.390914 0.7105723 0.3325846 -0.17777 0.926167 0.3135436 -0.2095023 0.9261745 0.6205541 -0.3316928 0.7105579 0.6500661 -0.2692662 0.7105701 0.360874 -0.10947 0.9261675 0.348389 -0.1443077 0.9261751 0.6733415 -0.2042561 0.7105566 0.6901059 -0.1372709 0.7105707 0.375297 -0.03696423 0.9261673 0.369848 -0.07356745 0.9261751 0.7002516 -0.0689696 0.7105568 0.7036262 6.01048e-7 0.7105704 0.3752973 0.03696358 0.9261672 0.3770927 3.84451e-7 0.9261755 0.7002521 0.06896913 0.7105563 0.6901052 0.1372697 0.7105715 0.3608748 0.1094702 0.9261671 0.3698471 0.07356703 0.9261755 0.6733418 0.2042543 0.7105569 0.6500646 0.2692646 0.710572 0.3325846 0.1777704 0.926167 0.3483908 0.1443078 0.9261746 0.6205549 0.3316938 0.7105567 0.5850436 0.3909156 0.7105695 0.2915111 0.2392375 0.9261678 0.3135434 0.2095029 0.9261745 0.5439205 0.4463858 0.7105563 0.4975395 0.497537 0.7105712 0.2392389 0.2915116 0.9261673 0.2666459 0.266645 0.9261752 0.05949091 0.07249009 0.9955933 0.06630367 0.06630367 0.9955942 0.001088261 0.001326143 0.9999986 0.001213192 0.001213312 0.9999986 0.05447232 0.06637471 0.9963068 0.06071788 0.06071764 0.9963065 0.04770541 0.07139605 0.9963067 0.2003396 0.2441143 0.9488268 0.1754496 0.262579 0.9488255 0.2233061 0.2233057 0.9488251 0.2441148 0.2003397 0.9488266 0.06637501 0.0544725 0.9963067 0.07139641 0.04770541 0.9963065 0.2625786 0.1754493 0.9488257 0.001426696 9.53299e-4 0.9999986 0.001326143 0.00108838 0.9999986 0.07796472 0.0520941 0.9955942 0.07248967 0.05949085 0.9955933 0.08270406 0.04420608 0.9955933 0.001513004 8.08742e-4 0.9999986 0.08662968 0.03588336 0.9955942 0.001585304 6.56644e-4 0.9999986 0.07572686 0.04047691 0.9963067 0.07933115 0.0328601 0.9963067 0.2785082 0.1488655 0.9488269 0.2917621 0.1208516 0.9488255 0.3021994 0.09167104 0.9488266 0.08216834 0.02492541 0.9963067 0.08421671 0.01674985 0.9963067 0.3097276 0.06160897 0.9488273 0.001683831 3.342e-4 0.9999986 0.00164175 4.98021e-4 0.9999986 0.09196645 0.0182932 0.9955942 0.08973866 0.02722197 0.9955933 0.09332513 0.009191751 0.9955933 0.001709878 1.68404e-4 0.9999985 0.0937674 1.2278e-7 0.9955942 0.001717388 0 0.9999986 0.08544504 0.00841552 0.9963074 0.08586496 0 0.9963068 0.3142714 0.0309531 0.9488285 0.3157954 -2.21199e-7 0.9488273 0.3142713 -0.03095287 0.9488285 0.08544498 -0.008415579 0.9963074 0.08421593 -0.01675158 0.9963067 0.3097283 -0.06160897 0.948827 0.001684427 -3.35046e-4 0.9999986 0.001709878 -1.68406e-4 0.9999985 0.09196627 -0.0182932 0.9955941 0.09332501 -0.009191811 0.9955933 0.0897386 -0.02722191 0.9955933 0.001644074 -4.98739e-4 0.9999985 0.0866298 -0.03588372 0.9955942 0.001586616 -6.57217e-4 0.9999986 0.08216094 -0.02492338 0.9963074 0.07932943 -0.03285932 0.9963067 0.3021936 -0.09166979 0.9488287 0.2917572 -0.1208498 0.9488272 0.2785041 -0.148863 0.9488283 0.07572007 -0.04047298 0.9963074 0.07139492 -0.04770433 0.9963067 0.2625748 -0.1754468 0.9488272 0.001428008 -9.54132e-4 0.9999986 0.001515209 -8.09903e-4 0.9999986 0.07796478 -0.05209398 0.9955942 0.08270424 -0.04420614 0.9955933 0.07248973 -0.05949103 0.9955933 0.00132811 -0.00108993 0.9999985 0.06630361 -0.06630361 0.9955942 0.001214265 -0.001213312 0.9999986 0.06636869 -0.05446755 0.9963074 0.06071841 -0.06071597 0.9963067 0.2441107 -0.2003372 0.9488282 0.2233012 -0.2233017 0.9488272 0.2003406 -0.2441157 0.9488263 0.05447202 -0.06637483 0.9963068 0.04770499 -0.07139581 0.9963067 0.1754493 -0.2625793 0.9488254 9.53275e-4 -0.001426696 0.9999986 0.00108838 -0.001326203 0.9999986 0.05209505 -0.07796597 0.995594 0.05949091 -0.07249009 0.9955933 0.04420632 -0.08270448 0.9955933 8.08763e-4 -0.001513004 0.9999986 0.03588259 -0.08662939 0.9955943 6.56745e-4 -0.001585245 0.9999986 0.04047703 -0.07572686 0.9963067 0.03286027 -0.07933193 0.9963066 0.1488656 -0.278509 0.9488266 0.1208522 -0.2917619 0.9488255 0.09167134 -0.3021984 0.9488269 0.02492552 -0.08216893 0.9963067 0.01675194 -0.08421719 0.9963067 0.06160974 -0.3097336 0.9488253 3.34821e-4 -0.001682877 0.9999986 4.98121e-4 -0.00164169 0.9999986 0.01829272 -0.09196722 0.995594 0.02722156 -0.08973836 0.9955933 0.009192049 -0.09332627 0.9955931 1.68139e-4 -0.001707315 0.9999986 0 -0.09376728 0.9955942 0 -0.001715898 0.9999986 0.008416175 -0.08545178 0.9963068 -1.19862e-7 -0.0858668 0.9963067 0.03095388 -0.3142789 0.948826 -3.22632e-7 -0.3158025 0.948825 -0.03095358 -0.3142752 0.9488272 -0.008416473 -0.08545333 0.9963067 -0.01675176 -0.08421736 0.9963067 -0.06160926 -0.3097335 0.9488253 -3.34756e-4 -0.001682877 0.9999986 -1.68148e-4 -0.001707315 0.9999986 -0.01829272 -0.09196728 0.995594 -0.009192049 -0.09332633 0.9955931 -0.02722179 -0.08973819 0.9955933 -4.98087e-4 -0.00164175 0.9999986 -0.03588354 -0.08663153 0.995594 -6.57175e-4 -0.001586139 0.9999986 -0.02492815 -0.08216732 0.9963068 -0.03285831 -0.07932704 0.996307 -0.09167206 -0.3021961 0.9488276 -0.1208482 -0.291749 0.94883 -0.1488685 -0.2785137 0.9488247 -0.04047745 -0.07572823 0.9963067 -0.0477032 -0.07139313 0.996307 -0.1754435 -0.2625699 0.9488291 -9.53795e-4 -0.001427471 0.9999986 -8.08797e-4 -0.001513004 0.9999986 -0.0520938 -0.07796502 0.9955942 -0.04420614 -0.082704 0.9955933 -0.05949056 -0.07248973 0.9955934 -0.001088261 -0.001326143 0.9999986 -0.06630498 -0.06630498 0.9955939 -0.001213192 -0.001213312 0.9999986 -0.05447053 -0.06637686 0.9963067 -0.06071758 -0.06071722 0.9963067 -0.2003433 -0.244121 0.9488242 -0.2233046 -0.2233057 0.9488255 -0.2441139 -0.2003394 0.9488269 -0.06637525 -0.05447286 0.9963067 -0.07139605 -0.04770517 0.9963067 -0.2625799 -0.17545 0.9488251 -0.001426696 -9.53299e-4 0.9999986 -0.001326203 -0.00108838 0.9999986 -0.07796585 -0.05209469 0.9955941 -0.07248932 -0.05949091 0.9955934 -0.08270394 -0.04420608 0.9955933 -0.001513004 -8.08739e-4 0.9999986 -0.08663016 -0.0358833 0.9955941 -0.001585245 -6.56645e-4 0.9999986 -0.07572692 -0.04047691 0.9963067 -0.07933121 -0.0328601 0.9963067 -0.2785089 -0.1488657 0.9488266 -0.291762 -0.1208519 0.9488255 -0.3021989 -0.09167075 0.9488269 -0.08216845 -0.02492541 0.9963067 -0.08421766 -0.01675194 0.9963065 -0.3097333 -0.06161004 0.9488254 -0.001682937 -3.34756e-4 0.9999986 -0.00164175 -4.98018e-4 0.9999986 -0.09196525 -0.0182932 0.9955943 -0.08973872 -0.02722197 0.9955933 -0.09332525 -0.009191632 0.9955933 -0.001707315 -1.68165e-4 0.9999986 -0.09376764 0 0.9955941 -0.001715838 0 0.9999986 -0.08545243 -0.008416175 0.9963067 -0.08586752 0 0.9963067 -0.314277 -0.03095334 0.9488267 -0.3158007 0 0.9488255 -0.3142753 0.03095436 0.9488272 -0.08545297 0.008419096 0.9963067 -0.08421361 0.01675117 0.996307 -0.3097202 0.06160861 0.9488297 -0.00168389 3.34945e-4 0.9999986 -0.001707315 1.68165e-4 0.9999986 -0.09196633 0.0182932 0.9955941 -0.09332513 0.009191632 0.9955933 -0.08973878 0.02722203 0.9955933 -0.00164175 4.9802e-4 0.9999986 -0.08663105 0.03588372 0.995594 -0.001586139 6.57021e-4 0.9999986 -0.08216923 0.02492576 0.9963067 -0.07932734 0.03285855 0.996307 -0.3022046 0.09167283 0.9488249 -0.2917514 0.1208474 0.9488293 -0.2785136 0.1488678 0.9488249 -0.07572847 0.04047465 0.9963067 -0.0713948 0.04770672 0.9963067 -0.2625806 0.175449 0.9488251 -0.001426935 9.5431e-4 0.9999986 -0.001513004 8.08743e-4 0.9999986 -0.07796454 0.05209487 0.9955942 -0.08270317 0.04420584 0.9955933 -0.07248991 0.05949133 0.9955933 -0.00132817 0.00108993 0.9999985 -0.0663051 0.06630456 0.995594 -0.001214265 0.001214325 0.9999986 -0.06636935 0.05446791 0.9963074 -0.06071603 0.06071597 0.9963068 -0.2441104 0.2003355 0.9488288 -0.2233011 0.2233012 0.9488273 -0.2003348 0.2441089 0.9488293 -0.05446797 0.06636941 0.9963074 -0.04770672 0.07139462 0.9963067 -0.1754468 0.2625746 0.9488272 -9.54274e-4 0.001426875 0.9999986 -0.001089811 0.001328051 0.9999985 -0.05209434 0.07796436 0.9955942 -0.05949127 0.07249027 0.9955933 -0.04420542 0.08270311 0.9955934 -8.08716e-4 0.001513004 0.9999986 -0.03588235 0.08663004 0.9955942 -6.57094e-4 0.001586139 0.9999986 -0.04047471 0.07572889 0.9963067 -0.03285849 0.0793277 0.996307 -0.148864 0.2785075 0.9488272 -0.1208459 0.2917519 0.9488294 -0.09167253 0.3022035 0.9488252 -0.02492606 0.08217006 0.9963067 -0.01675117 0.08421391 0.996307 -0.06160748 0.3097214 0.9488295 -3.35039e-4 0.001683831 0.9999986 -4.98158e-4 0.00164169 0.9999986 -0.01829332 0.09196758 0.995594 -0.02722173 0.08973908 0.9955933 -0.00919187 0.09332454 0.9955933 -1.68091e-4 0.001707375 0.9999986 0 0.09376811 0.9955942 0 0.001715838 0.9999986 -0.008418917 0.08545196 0.9963067 0 0.08586776 0.9963065 -0.03095519 0.3142835 0.9488244 -1.21314e-6 0.3158023 0.948825 0.05771046 0.5859483 0.8082908 -2.45413e-6 0.5887843 0.8082903 -0.05770874 0.5859524 0.8082882 0.07895421 0.8016371 0.5925742 -1.74029e-6 0.8055143 0.5925763 -0.07895225 0.8016383 0.5925729 -0.1148655 0.5774685 0.8082922 -0.1571483 0.7900379 0.5925746 -0.09284752 0.9427157 0.3204163 -0.1848044 0.9290735 0.3204216 -9.83153e-7 0.9472759 0.320419 -0.0975846 0.9908083 0.0936827 -0.1942328 0.9764717 0.09368342 -2.55919e-7 0.9956018 0.09368705 0.09284937 0.9427154 0.3204168 0.09758532 0.9908081 0.09368264 0.09783208 0.9933049 -0.06143558 -0.09783178 0.9933052 -0.06143188 0 0.9981114 -0.06143063 7.76554e-7 0.9591338 -0.2829532 -0.09401261 0.9545179 -0.2829438 0.1871176 0.940706 -0.2829478 0.09401214 0.9545176 -0.2829451 0.1942328 0.9764719 0.09368211 0.1947223 0.9789324 -0.0614376 0.2897365 0.9551329 -0.06143277 0.289008 0.952732 0.0936805 0.1848043 0.9290729 0.3204229 0.3625064 0.8751691 0.320419 0.3809998 0.9198167 0.09368264 0.3819602 0.9221346 -0.06143409 0.4693235 0.8780428 0.09368187 0.4705062 0.8802556 -0.06143414 0.3670449 0.8861246 -0.2829512 0.2784229 0.9178369 -0.2829421 0.5328668 0.7974917 -0.2829487 0.4521332 0.8458825 -0.2829459 0.5531281 0.8278123 0.09368067 0.554521 0.8298988 -0.06143689 0.6331952 0.7715505 -0.06143075 0.6316041 0.7696105 0.09367954 0.526278 0.7876304 0.3204216 0.6698257 0.6698244 0.32042 0.7039973 0.7039968 0.09368258 0.7057716 0.7057708 -0.06143355 0.7696111 0.6316034 0.09368097 0.7715502 0.6331955 -0.06143265 0.6782103 0.6782101 -0.282952 0.6084708 0.7414219 -0.2829433 0.7974912 0.5328668 -0.2829504 0.7414218 0.608471 -0.2829431 0.8278124 0.5531275 0.09368395 0.8298991 0.5545215 -0.06142991 0.8802558 0.4705061 -0.06143128 0.8780426 0.4693235 0.09368389 0.7876306 0.5262784 0.3204203 0.8751684 0.3625066 0.3204205 0.9198166 0.3809996 0.09368497 0.922135 0.3819597 -0.06143248 0.9527322 0.2890074 0.09368151 0.9551331 0.2897361 -0.0614317 0.8861247 0.3670437 -0.2829521 0.8458832 0.4521326 -0.2829452 0.940705 0.1871177 -0.282951 0.9178359 0.2784232 -0.2829452 0.9764715 0.1942337 0.09368497 0.9789327 0.1947231 -0.06143122 0.9933052 0.09783148 -0.06143075 0.9908083 0.09758597 0.09367954 0.9290741 0.1848044 0.3204197 0.942716 0.09284853 0.3204151 0.9472754 -3.42203e-7 0.3204207 0.9956021 -4.67957e-7 0.09368306 0.9981111 -3.24231e-7 -0.0614345 0.9908083 -0.09758651 0.09368026 0.9933053 -0.0978325 -0.06142884 0.9591344 0 -0.2829512 0.954518 0.0940116 -0.2829439 0.9407054 -0.1871178 -0.2829493 0.954518 -0.09401172 -0.2829437 0.9789327 -0.1947221 -0.06143391 0.9764717 -0.1942327 0.0936836 0.9551334 -0.2897359 -0.06142765 0.9527317 -0.2890087 0.09368211 0.9290742 -0.1848042 0.3204196 0.9198158 -0.3810019 0.09368348 0.9064879 -0.2749792 0.3204155 0.8751688 -0.3625066 0.3204198 0.9221348 -0.3819602 -0.06143343 0.8780431 -0.4693236 0.09368014 0.8802559 -0.470506 -0.06143057 0.886124 -0.3670459 -0.2829515 0.9178367 -0.2784229 -0.2829427 0.7974908 -0.5328661 -0.2829526 0.8458834 -0.4521332 -0.2829433 0.8298996 -0.554521 -0.06142795 0.8278118 -0.5531284 0.09368461 0.7715497 -0.6331968 -0.06142491 0.7696106 -0.6316034 0.09368437 0.7876318 -0.5262794 0.3204156 0.8354247 -0.4465416 0.3204156 0.6698256 -0.6698242 0.3204206 0.7039983 -0.7039958 0.09368199 0.7057703 -0.7057718 -0.0614373 0.6316033 -0.7696113 0.09367877 0.6331951 -0.7715505 -0.0614317 0.6782105 -0.6782113 -0.2829489 0.7414218 -0.6084703 -0.2829449 0.5328664 -0.7974925 -0.2829476 0.6084703 -0.7414236 -0.2829399 0.5531265 -0.8278134 0.09368234 0.5545203 -0.8298992 -0.06143754 0.4705057 -0.8802561 -0.06143242 0.4693223 -0.8780435 0.09368228 0.5262767 -0.7876308 0.3204225 0.3625077 -0.8751697 0.3204156 0.3809998 -0.9198163 0.09368765 0.3819601 -0.9221349 -0.06143271 0.2890096 -0.9527318 0.09367883 0.2897381 -0.9551326 -0.06142932 0.3670448 -0.8861238 -0.2829537 0.4521328 -0.8458837 -0.2829427 0.1871164 -0.9407044 -0.2829539 0.278424 -0.9178375 -0.2829394 0.1942327 -0.9764712 0.09368938 0.1947222 -0.9789327 -0.0614351 0.09783124 -0.9933049 -0.06143653 0.09758538 -0.9908089 0.09367537 0.1848043 -0.929073 0.3204229 0 -0.9472749 0.3204221 0 -0.9956011 0.09369295 0 -0.9981113 -0.0614326 -0.09758538 -0.9908086 0.09367787 -0.09783118 -0.993305 -0.06143492 0 -0.9591321 -0.2829589 0.09401118 -0.9545179 -0.2829448 -0.1871179 -0.9407037 -0.2829551 -0.09401118 -0.9545178 -0.2829448 -0.1942325 -0.9764713 0.09368902 -0.1947222 -0.9789326 -0.06143587 -0.289738 -0.9551323 -0.06143546 -0.2890095 -0.9527318 0.09367895 -0.1848043 -0.9290734 0.3204219 -0.3625072 -0.875167 0.3204239 -0.381 -0.9198164 0.09368473 -0.38196 -0.9221348 -0.06143331 -0.4693248 -0.8780423 0.09368091 -0.4705068 -0.8802556 -0.06143045 -0.3670433 -0.8861241 -0.2829545 -0.278424 -0.9178365 -0.2829423 -0.5328667 -0.7974898 -0.2829546 -0.4521337 -0.8458834 -0.2829422 -0.5531265 -0.8278126 0.09368813 -0.5545207 -0.8298997 -0.06142854 -0.6331952 -0.7715503 -0.06143474 -0.6316031 -0.7696115 0.0936796 -0.5262774 -0.7876314 0.32042 -0.6698256 -0.6698246 0.3204198 -0.7039974 -0.7039958 0.09368878 -0.7057728 -0.7057698 -0.06143164 -0.7696101 -0.6316044 0.09368115 -0.7715505 -0.6331952 -0.06143283 -0.6782103 -0.678209 -0.2829546 -0.6084694 -0.7414215 -0.2829477 -0.7974916 -0.5328673 -0.2829481 -0.7414223 -0.6084699 -0.2829444 -0.8278138 -0.5531261 0.09367966 -0.8298991 -0.5545209 -0.0614342 -0.8458831 -0.4521329 -0.2829446 -0.8780432 -0.4693226 0.0936824 -0.8802553 -0.4705075 -0.06142866 -0.7876305 -0.5262778 0.3204215 -0.8751685 -0.3625068 0.3204202 -0.9198163 -0.3810004 0.09368532 -0.9221348 -0.3819606 -0.06143093 -0.952732 -0.2890076 0.0936833 -0.955133 -0.2897362 -0.06143128 -0.8861246 -0.367044 -0.2829522 -0.9407051 -0.1871179 -0.2829504 -0.9178357 -0.2784224 -0.2829464 -0.9764716 -0.1942327 0.09368491 -0.9789327 -0.1947218 -0.06143355 -0.9933052 -0.09783262 -0.06143105 -0.9908081 -0.09758621 0.09368181 -0.9290736 -0.1848052 0.3204203 -0.9472752 -4.39371e-7 0.3204214 -0.9956018 -6.56287e-7 0.09368634 -0.9981114 0 -0.06143051 -0.9908083 0.09758603 0.09368026 -0.993305 0.09783256 -0.06143307 -0.9591349 0 -0.2829496 -0.9545179 -0.09401279 -0.2829439 -0.9407048 0.1871179 -0.2829512 -0.9545176 0.09401249 -0.2829452 -0.9764717 0.1942337 0.093683 -0.9789328 0.1947224 -0.06143105 -0.9551327 0.2897374 -0.06143146 -0.9527321 0.289008 0.09368079 -0.9290725 0.1848055 0.3204235 -0.8751673 0.3625075 0.3204227 -0.9198161 0.3810013 0.09368258 -0.9221343 0.3819612 -0.06143248 -0.8780426 0.4693238 0.09368228 -0.8802557 0.4705066 -0.0614292 -0.8861244 0.3670446 -0.2829521 -0.9178361 0.2784239 -0.2829434 -0.7974912 0.5328668 -0.2829504 -0.8458835 0.4521334 -0.2829427 -0.8298997 0.5545203 -0.06143176 -0.8278129 0.553126 0.09368759 -0.7715508 0.6331946 -0.06143212 -0.7696117 0.6316029 0.09367907 -0.7876317 0.5262767 0.3204203 -0.6698252 0.669826 0.3204174 -0.7039975 0.7039958 0.09368783 -0.705771 0.7057716 -0.06143116 -0.6009458 0.7322559 0.3204147 -0.6316033 0.7696111 0.09368157 -0.6331947 0.7715509 -0.06143051 -0.6782097 0.67821 -0.282954 -0.7414222 0.6084696 -0.2829452 -0.5328665 0.7974909 -0.2829515 -0.60847 0.7414223 -0.282944 -0.55452 0.8298998 -0.06143242 -0.5531274 0.8278123 0.09368544 -0.470506 0.8802559 -0.06143075 -0.4693235 0.8780432 0.09367877 -0.5262786 0.78763 0.3204215 -0.3625047 0.8751695 0.32042 -0.3809998 0.9198171 0.09367978 -0.3819602 0.922135 -0.06143003 -0.2890087 0.952732 0.09367871 -0.2897363 0.955133 -0.06143206 -0.3670446 0.8861259 -0.2829475 -0.4521337 0.8458833 -0.2829426 -0.1871178 0.9407031 -0.2829571 -0.2784211 0.9178372 -0.2829427 -0.1947222 0.9789326 -0.0614351 -0.1631997 0.8204609 -0.5479142 -0.2428328 0.8005176 -0.5479087 -0.08199548 0.8325086 -0.5479108 -0.126005 0.6334722 -0.7634367 -0.1874901 0.6180739 -0.7634345 -0.3201273 0.7728573 -0.5479143 -0.2471678 0.5967157 -0.7634386 -0.1522629 0.3675946 -0.9174368 -0.07762265 0.3902368 -0.9174367 -0.1154993 0.3807508 -0.9174361 -0.3761436 0.9080919 0.1840792 -0.1917567 0.9640253 0.1840782 -0.2853494 0.9406735 0.183601 -0.06330758 0.6427741 -0.7634355 -0.03899949 0.3959687 -0.9174354 0.09790211 -0.9940209 -0.04835033 0.1948521 -0.9795918 -0.04932284 0.2899447 -0.9558213 -0.04835069 0 0 -1 0 0 -1 0 0 -1 0.382218 -0.922755 -0.04932314 0.4708455 -0.8808897 -0.04835242 0 0 -1 -0.4633839 0.8669292 0.1836007 -0.1875613 0.3509029 -0.9174355 -0.5460784 0.8172598 0.1840784 -0.2210516 0.3308267 -0.9174365 0.554894 -0.8304579 -0.04932206 -0.2524142 0.3075673 -0.9174364 -0.6236093 0.75987 0.1836009 0.6336513 -0.7721065 -0.04834896 0 0 -1 0 0 -1 0 0 -1 0.7062458 -0.7062464 -0.04932367 0.7721065 -0.6336511 -0.04835122 0 0 -1 -0.6950219 0.6950249 0.1840787 -0.7598699 0.6236093 0.1836011 -0.3075681 0.2524148 -0.9174359 -0.2813447 0.2813455 -0.9174365 -0.8172612 0.5460764 0.1840781 -0.3308266 0.2210509 -0.9174368 0.8304584 -0.5548929 -0.0493226 -0.3509021 0.1875612 -0.9174358 -0.8669295 0.4633833 0.1836009 0.8808899 -0.4708452 -0.04835015 0 0 -1 0 0 -1 0.9227548 -0.3822187 -0.04932177 0.9558207 -0.2899461 -0.04835194 0 0 -1 -0.9080918 0.376144 0.1840789 -0.9406726 0.2853525 0.1836003 -0.3807502 0.1154996 -0.9174361 -0.3675945 0.1522628 -0.9174368 -0.9640251 0.1917566 0.1840786 -0.3902369 0.07762295 -0.9174367 0.9795912 -0.1948546 -0.04932278 -0.3959681 0.03899979 -0.9174358 -0.9782673 0.09635186 0.1836016 0.9940208 -0.09790277 -0.04835158 0 0 -1 0.9987829 0 -0.04932218 0.9940209 0.09790271 -0.04834997 -0.9829117 3.07486e-7 0.184078 -0.9782673 -0.09635233 0.1836014 -0.395968 -0.03899973 -0.9174358 -0.3978817 0 -0.9174368 -0.9640251 -0.191757 0.1840788 -0.3902367 -0.07762318 -0.9174367 0.9795914 0.1948539 -0.0493229 -0.3807515 -0.1154998 -0.9174357 -0.9406729 -0.285351 0.1836009 0.955821 0.2899455 -0.0483523 0 0 -1 0 0 -1 0.9227555 0.3822165 -0.04932367 0.8808898 0.4708455 -0.04835093 0 0 -1 -0.9080925 -0.376143 0.1840777 -0.8669295 -0.4633831 0.183601 -0.3509023 -0.187561 -0.9174358 -0.3675951 -0.152262 -0.9174367 -0.8172612 -0.5460767 0.1840773 -0.3308268 -0.2210514 -0.9174366 0.8304581 0.5548935 -0.04932218 -0.3075686 -0.2524151 -0.9174357 -0.7598716 -0.6236072 0.1836014 0.7721071 0.6336506 -0.04835104 0 0 -1 0.7062459 0.7062464 -0.04932278 0.6336514 0.7721064 -0.04835063 0 0 -1 -0.6950244 -0.6950219 0.1840803 -0.6236092 -0.7598698 0.1836014 -0.2524159 -0.3075692 -0.9174353 -0.2813459 -0.2813453 -0.9174364 -0.5460762 -0.8172612 0.1840792 -0.2210509 -0.3308266 -0.9174368 0.5548937 0.8304578 -0.04932308 -0.1875631 -0.3509048 -0.9174345 -0.4633818 -0.86693 0.183602 0.4708454 0.8808899 -0.04835081 0 0 -1 0 0 -1 0 0 -1 0.3822183 0.9227548 -0.04932302 0.2899462 0.9558208 -0.04835104 0 0 -1 -0.3761423 -0.9080929 0.1840769 -0.2853521 -0.9406725 0.1836013 -0.115499 -0.3807489 -0.9174369 -0.1522635 -0.3675959 -0.9174361 -0.1917569 -0.9640251 0.1840782 -0.07762283 -0.3902366 -0.9174367 0.1948545 0.9795913 -0.04932343 -0.03899896 -0.3959682 -0.9174358 -0.09635001 -0.9782677 0.1836 0.09790259 0.9940209 -0.04834997 0 0 -1 0 0 -1 0 0 -1 0 0.9987829 -0.04932266 -0.09790259 0.9940209 -0.0483483 0 0 -1 0 -0.9829115 0.1840789 0.09634977 -0.9782677 0.1835999 0.0389989 -0.3959678 -0.9174359 0 -0.3978812 -0.917437 0.1917532 -0.9640259 0.1840783 0.07762247 -0.3902373 -0.9174364 -0.1948547 0.9795913 -0.04932343 0.1154996 -0.3807514 -0.9174357 0.2853525 -0.9406729 0.1835993 -0.289946 0.9558209 -0.04835045 0 0 -1 0 0 -1 0 0 -1 -0.3822156 0.9227559 -0.04932326 -0.4708447 0.8808902 -0.04835247 0 0 -1 0.3761468 -0.9080911 0.1840767 0.4633826 -0.8669297 0.1836022 0.1875607 -0.3509014 -0.9174363 0.1522634 -0.367596 -0.9174361 0.5460763 -0.8172617 0.1840766 0.2210519 -0.3308275 -0.9174363 -0.5548933 0.8304581 -0.04932343 0.252415 -0.3075686 -0.9174358 0.6236085 -0.7598704 0.1836013 -0.6336508 0.7721068 -0.04835116 0 0 -1 0 0 -1 0 0 -1 -0.706247 0.7062454 -0.04932194 -0.7721065 0.6336512 -0.04834961 0 0 -1 0.6950223 -0.6950248 0.1840777 0.7598697 -0.6236101 0.1835989 0.3075696 -0.252416 -0.9174352 0.2813448 -0.2813452 -0.9174366 0.817262 -0.5460752 0.1840785 0.3308262 -0.2210507 -0.917437 -0.8304577 0.554894 -0.04932236 0.3509025 -0.1875615 -0.9174357 0.8669299 -0.4633821 0.1836019 -0.8808898 0.4708456 -0.04835087 0 0 -1 0 0 -1 0 0 -1 -0.9227549 0.3822181 -0.04932332 -0.9558212 0.2899448 -0.04835247 0.9080919 -0.3761447 0.1840774 0.9406725 -0.2853522 0.1836013 0.3807509 -0.1154993 -0.917436 0.3675944 -0.1522631 -0.9174369 0.9640254 -0.1917557 0.1840788 0.3902364 -0.07762241 -0.9174369 -0.9795917 0.194853 -0.04932212 0.3959682 -0.03899961 -0.9174357 0.9782674 -0.09635162 0.183601 -0.9940208 0.09790331 -0.04834884 0 0 -1 -0.9987829 0 -0.04932367 -0.9940208 -0.09790265 -0.04835003 0.9829115 0 0.1840789 0.9782675 0.09634989 0.1836012 0.3959681 0.03899931 -0.9174358 0.3978821 0 -0.9174365 0.964025 0.1917573 0.1840788 0.3902367 0.0776233 -0.9174366 -0.9795914 -0.1948537 -0.04932248 0.3807516 0.1154997 -0.9174356 0.9406729 0.2853505 0.1836019 -0.9558211 -0.2899449 -0.04835247 0 0 -1 0 0 -1 0 0 -1 -0.9227553 -0.3822172 -0.04932326 -0.88089 -0.4708449 -0.04835271 0 0 -1 0.9080922 0.3761436 0.1840785 0.8669293 0.4633831 0.1836026 0.350902 0.1875606 -0.9174361 0.3675951 0.1522622 -0.9174367 0.8172615 0.546076 0.1840783 0.330827 0.2210513 -0.9174365 -0.8304576 -0.554894 -0.04932349 0.307568 0.252415 -0.9174359 0.7598707 0.6236086 0.1836004 -0.7721065 -0.6336513 -0.04835063 0 0 -1 0 0 -1 -0.7062464 -0.706246 -0.04932332 -0.633651 -0.7721065 -0.0483523 0 0 -1 0.6950233 0.6950234 0.184079 0.6236079 0.7598708 0.1836014 0.252416 0.307569 -0.9174354 0.2813451 0.2813453 -0.9174366 0.5460775 0.8172605 0.1840782 0.2210521 0.3308272 -0.9174363 -0.5548946 -0.8304573 -0.0493232 0.1875613 0.3509026 -0.9174356 0.4633839 0.866929 0.1836016 -0.4708461 -0.8808894 -0.04835128 0 0 -1 0 0 -1 0 0 -1 -0.3822183 -0.9227549 -0.04932337 -0.2899448 -0.9558213 -0.04834973 0 0 -1 0.3761437 0.9080922 0.1840774 0.2853509 0.9406731 0.1836005 0.1154999 0.3807524 -0.9174354 0.1522629 0.3675957 -0.9174363 0.1917547 0.9640255 0.1840787 0.07762253 0.3902375 -0.9174365 -0.1948521 -0.9795917 -0.0493229 0.03899955 0.3959691 -0.9174353 0.09634971 0.9782674 0.183602 -0.09790271 -0.9940207 -0.0483517 0 0 -1 0 0 -1 0 -0.9987829 -0.04932266 0 0 -1 2.24618e-6 0.9829117 0.1840776 -0.09634989 0.9782673 0.1836025 6.08726e-7 0.397882 -0.9174366 0.0633074 0.6427723 -0.763437 5.10891e-7 0.6458812 -0.7634379 0.08199471 0.8325101 -0.5479086 0.1260047 0.6334701 -0.7634387 5.24605e-7 0.8365337 -0.5479156 0.2428342 0.8005153 -0.5479114 0.1631995 0.8204618 -0.5479128 0.1874901 0.6180718 -0.7634361 0.2471684 0.5967174 -0.763437 0.3943405 0.7377598 -0.5479106 0.3201285 0.772857 -0.5479142 0.3044686 0.5696201 -0.7634342 0.3588325 0.5370302 -0.7634381 0.530694 0.6466507 -0.5479115 0.464753 0.6955526 -0.5479154 0.4097449 0.4992746 -0.7634357 0.4567064 0.4567069 -0.7634385 0.6466518 0.5306943 -0.5479099 0.5915187 0.591519 -0.5479151 0.4992752 0.4097458 -0.7634348 0.5370308 0.358832 -0.763438 0.7377601 0.3943403 -0.5479104 0.6955526 0.4647529 -0.5479155 0.5696189 0.3044674 -0.7634357 0.5967168 0.2471672 -0.7634379 0.8005156 0.2428338 -0.5479112 0.7728576 0.3201271 -0.5479142 0.6180722 0.18749 -0.7634359 0.6334705 0.1260058 -0.7634381 0.8325091 0.08199471 -0.5479102 0.8204602 0.1632001 -0.5479151 0.6427736 0.06330752 -0.7634359 0.6458812 0 -0.763438 0.8325089 -0.08199495 -0.5479104 0.836534 0 -0.547915 0.6427733 -0.06330806 -0.7634361 0.6334699 -0.1260044 -0.7634389 0.8005162 -0.2428343 -0.5479099 0.8204607 -0.1631994 -0.5479145 0.6180726 -0.1874905 -0.7634354 0.5967164 -0.2471685 -0.7634378 0.7377606 -0.394341 -0.5479092 0.7728569 -0.3201282 -0.5479143 0.5696175 -0.3044667 -0.763437 0.5370298 -0.3588322 -0.7634388 0.6466513 -0.5306931 -0.5479116 0.6955524 -0.4647529 -0.5479157 0.4992741 -0.4097434 -0.7634369 0.4567063 -0.4567065 -0.7634387 0.5306928 -0.6466515 -0.5479115 0.5915195 -0.59152 -0.5479131 0.4097437 -0.4992747 -0.7634364 0.358832 -0.5370301 -0.7634385 0.3943396 -0.737761 -0.5479097 0.4647528 -0.695554 -0.5479138 0.3044678 -0.56962 -0.7634347 0.247169 -0.5967183 -0.7634363 0.2428349 -0.8005158 -0.5479105 0.3201285 -0.7728568 -0.5479143 0.1874909 -0.6180722 -0.7634357 0.1260046 -0.6334723 -0.7634367 0.08199483 -0.8325114 -0.5479066 0.1631982 -0.8204622 -0.5479125 0.06330734 -0.6427745 -0.7634351 0 -0.6458813 -0.7634379 -0.08199477 -0.832511 -0.5479074 0 -0.8365349 -0.5479139 -0.06330734 -0.6427747 -0.763435 -0.1260044 -0.6334719 -0.7634371 -0.2428359 -0.8005194 -0.5479047 -0.1631993 -0.8204622 -0.5479122 -0.1874905 -0.6180706 -0.763437 -0.2471698 -0.5967178 -0.7634363 -0.3943397 -0.7377585 -0.5479129 -0.3201277 -0.7728576 -0.5479136 -0.3044672 -0.5696174 -0.7634369 -0.3588321 -0.5370306 -0.7634381 -0.530695 -0.6466527 -0.5479079 -0.4647552 -0.6955528 -0.5479134 -0.4097465 -0.4992762 -0.7634338 -0.4567071 -0.456707 -0.7634379 -0.6466524 -0.5306946 -0.5479089 -0.591519 -0.5915183 -0.5479156 -0.4992751 -0.409745 -0.7634354 -0.5370307 -0.358832 -0.7634381 -0.7377594 -0.39434 -0.5479115 -0.6955525 -0.464754 -0.5479147 -0.5696193 -0.3044679 -0.7634353 -0.5967167 -0.2471672 -0.7634381 -0.8005154 -0.242834 -0.5479114 -0.772857 -0.3201265 -0.5479152 -0.6180721 -0.1874902 -0.7634359 -0.6334702 -0.1260059 -0.7634384 -0.8325088 -0.08199578 -0.5479105 -0.8204607 -0.1632004 -0.5479141 -0.6427733 -0.06330859 -0.7634361 -0.6458815 2.25459e-7 -0.7634378 -0.8325092 0.08199614 -0.5479097 -0.8365349 4.16253e-7 -0.5479136 -0.642774 0.06330877 -0.7634354 -0.6334707 0.1260051 -0.7634381 -0.800517 0.242835 -0.5479085 -0.8204604 0.1631996 -0.5479149 -0.6180721 0.1874903 -0.7634359 -0.5967162 0.2471684 -0.763438 -0.7377602 0.3943408 -0.5479099 -0.7728574 0.3201281 -0.5479138 -0.5696185 0.3044676 -0.763436 -0.5370306 0.358832 -0.7634381 -0.6466522 0.5306943 -0.5479092 -0.6955526 0.4647535 -0.547915 -0.4992752 0.409745 -0.7634354 -0.4567065 0.4567072 -0.7634381 -0.5306941 0.6466518 -0.5479099 -0.5915184 0.5915185 -0.5479162 -0.4097441 0.499274 -0.7634366 -0.3588324 0.5370305 -0.763438 -0.3943409 0.7377597 -0.5479106 -0.4647533 0.695552 -0.5479159 -0.3044677 0.5696187 -0.7634357 -0.2749809 0.9064885 0.3204125 -0.3082546 0.7441992 0.5925763 -0.2338299 0.7708321 0.5925721 -0.225314 0.5439636 0.8082928 -0.4465432 0.835425 0.3204129 -0.3797164 0.7104018 0.5925746 -0.277549 0.5192585 0.8082928 -0.170916 0.5634319 0.8082897 -0.3271087 0.4895515 0.808294 -0.44752 0.6697589 0.5925782 -0.5110145 0.6226742 0.5925716 -0.3735206 0.455137 0.80829 -0.4163299 0.4163305 0.8082936 -0.5695836 0.5695842 0.5925778 -0.7322568 0.6009453 0.3204133 -0.6226745 0.5110114 0.592574 -0.4895569 0.3271094 0.8082905 -0.6697604 0.4475187 0.5925776 -0.8354242 0.4465454 0.320412 -0.7104021 0.3797197 0.5925722 -0.5192618 0.277554 0.8082889 -0.4551402 0.3735204 0.8082884 -0.5439637 0.225317 0.8082919 -0.7441983 0.3082572 0.592576 -0.7708317 0.233829 0.5925728 -0.5634337 0.1709154 0.8082886 -0.5774674 0.1148687 0.8082925 -0.7900359 0.1571507 0.5925765 -0.9064884 0.2749803 0.3204134 -0.9427164 0.09284901 0.3204137 -0.8016377 0.07895326 0.5925736 -0.5887839 0 0.8082906 -0.8055128 0 0.5925785 -0.9427165 -0.09284883 0.3204133 -0.8016371 -0.0789535 0.5925743 -0.585947 -0.05771005 0.8082918 -0.5859465 0.05770879 0.8082923 -0.5774707 -0.1148665 0.8082904 -0.7900353 -0.1571486 0.5925781 -0.7708309 -0.2338287 0.5925738 -0.5634298 -0.1709141 0.8082917 -0.543966 -0.2253178 0.8082902 -0.7441977 -0.3082559 0.5925776 -0.9064881 -0.2749802 0.320414 -0.8354254 -0.4465425 0.3204129 -0.7104019 -0.379718 0.5925737 -0.4895573 -0.3271113 0.8082895 -0.6697589 -0.4475186 0.5925793 -0.6226723 -0.5110135 0.5925745 -0.7322545 -0.6009473 0.3204153 -0.4163319 -0.4163352 0.8082901 -0.5695841 -0.5695852 0.5925763 -0.6009476 -0.7322551 0.320413 -0.5110141 -0.6226705 0.5925759 -0.3735229 -0.4551373 0.8082887 -0.4551358 -0.3735204 0.8082907 -0.3271088 -0.4895525 0.8082934 -0.4475196 -0.6697613 0.5925758 -0.3797179 -0.7104024 0.592573 -0.2775516 -0.5192607 0.8082906 -0.2253202 -0.5439635 0.8082913 -0.3082593 -0.7441987 0.5925745 -0.4465442 -0.8354241 0.3204136 -0.2749807 -0.9064884 0.3204131 -0.2338293 -0.7708314 0.592573 -0.114866 -0.5774729 0.8082889 -0.1571478 -0.7900364 0.5925766 -0.09284949 -0.9427168 0.3204122 -0.07895404 -0.8016352 0.5925768 -0.05771046 -0.5859465 0.8082922 -0.1709136 -0.5634305 0.8082912 0 -0.588786 0.8082891 0 -0.8055121 0.5925793 0.07895416 -0.8016357 0.5925763 0.05771082 -0.5859493 0.8082901 0.1148659 -0.5774724 0.8082892 0.1571478 -0.7900357 0.5925775 0.09284955 -0.942717 0.3204118 0.2749801 -0.906489 0.3204118 0.2338283 -0.7708311 0.5925739 0.2253177 -0.5439635 0.8082918 0.3082572 -0.7441983 0.5925761 0.4465434 -0.8354241 0.3204146 0.3797183 -0.7104013 0.5925741 0.2775487 -0.5192582 0.8082932 0.1709154 -0.563431 0.8082905 0.3271119 -0.489558 0.8082889 0.4475191 -0.6697604 0.5925772 0.5110108 -0.6226719 0.5925773 0.3735182 -0.4551345 0.8082925 0.4163275 -0.4163277 0.8082961 0.5695826 -0.5695825 0.5925804 0.6009449 -0.7322564 0.3204153 0.7322561 -0.6009473 0.3204113 0.622673 -0.5110158 0.5925718 0.4895515 -0.3271077 0.8082944 0.6697592 -0.4475187 0.5925788 0.7104022 -0.3797164 0.5925742 0.5192636 -0.2775512 0.8082889 0.4551371 -0.3735224 0.8082891 0.5439608 -0.2253164 0.808294 0.7441955 -0.3082563 0.5925801 0.7708314 -0.2338294 0.5925731 0.5634329 -0.1709157 0.8082891 0.5774658 -0.1148657 0.8082941 0.7900345 -0.157148 0.592579 0.9427166 -0.09284985 0.3204126 0.8016381 -0.07895439 0.5925729 0.5887792 0 0.808294 0.8055116 -2.41724e-7 0.59258 0.801638 0.07895475 0.5925729 0.5859513 0.05771112 0.8082888 0.5859508 -0.05771076 0.808289 0.5774653 0.1148646 0.8082945 0.7900345 0.157147 0.5925794 0.5634289 0.1709151 0.8082921 0.7708305 0.2338305 0.592574 0.5439662 0.2253178 0.8082901 0.7441974 0.3082562 0.5925777 0.906488 0.2749809 0.3204139 0.8354243 0.4465424 0.3204157 0.7104027 0.3797177 0.5925729 0.4895566 0.3271114 0.8082898 0.6697605 0.4475197 0.5925766 0.7322552 0.6009457 0.3204164 0.6226729 0.5110149 0.5925726 0.4551349 0.3735204 0.8082913 0.5192596 0.2775498 0.8082919 0.4163334 0.4163332 0.8082903 0.5695834 0.5695824 0.5925798 0.5110138 0.6226712 0.5925754 0.3735207 0.4551354 0.8082908 0.3271112 0.4895564 0.8082901 0.4475191 0.6697595 0.5925784 0.6009464 0.7322556 0.3204141 0.4465435 0.8354236 0.3204159 0.3797175 0.7104012 0.5925747 0.225318 0.5439642 0.8082913 0.3082564 0.7441961 0.5925794 0.2749792 0.9064887 0.3204135 0.2338284 0.7708318 0.5925728 0.1709143 0.5634289 0.8082921 0.2775499 0.5192604 0.8082913 0.1148663 0.5774722 0.8082894 0.1571478 0.7900359 0.5925773 -0.5192579 -0.277549 0.8082932 0.00919187 0.0933246 0.9955933 0.9807382 0.1950816 0.009783208 0.9951848 0.09801667 0 0.9807853 0.1950909 0 0.9568948 0.29027 0.009782969 0.9569403 0.2902848 0 0.9761064 0.1941601 0.09756088 0.9904377 0.09755003 0.09755647 0.9951371 0.09801268 0.009783029 0.9523759 0.2888991 0.09755778 0.927796 0.1845498 0.3242469 0.8739646 0.3620077 0.3242471 0.9194726 0.3808571 0.09756106 0.8777142 0.4691483 0.09755861 0.8818792 0.471374 0.00978291 0.9238359 0.3826638 0.009783148 0.9238799 0.3826825 0 0.881921 0.4713973 0 0.8314697 0.5555703 0 0.8314303 0.555543 0.009782612 0.7729734 0.6343631 0.00978285 0.7730101 0.6343938 0 0.7071066 0.7071071 0 0.707073 0.7070729 0.009782612 0.7037334 0.7037339 0.09756052 0.7693229 0.631367 0.09756046 0.8275036 0.5529193 0.09756159 0.7865476 0.5255531 0.3242484 0.6689027 0.6689037 0.3242486 0.7312481 0.6001192 0.3242425 0.6675902 0.4460694 0.5961085 0.834275 0.4459304 0.3242398 0.7417866 0.3072575 0.5961087 0.7081001 0.3784878 0.5961052 0.5403485 0.2238192 0.8111279 0.4863014 0.3249356 0.8111275 0.9052421 0.2746013 0.3242392 0.7683342 0.2330704 0.5961047 0.5736327 0.1141022 0.8111265 0.787477 0.1566385 0.5961079 0.7990399 0.07869911 0.5961054 0.94142 0.09272247 0.3242391 0.5848695 0 0.8111275 0.8029037 0 0.5961089 0.9459725 0 0.3242471 0.9414201 -0.09272205 0.324239 0.7990404 -0.07869917 0.5961048 0.7874765 -0.1566386 0.5961083 0.9277961 -0.1845496 0.3242468 0.5736315 -0.1141024 0.8111274 0.5820604 -0.05732834 0.8111223 0.3048891 -0.06064778 0.9504549 0.3108645 0 0.9504543 0.3093672 -0.03046995 0.9504544 0.07897514 -0.01571017 0.9967528 0.08052104 0 0.996753 0.5820604 0.05732834 0.8111222 0.3093662 0.03046995 0.9504547 0.08012479 0.007891833 0.9967536 0.005297899 0 0.9999861 0.08012723 -0.007891833 0.9967534 0.01096266 0 0.99994 0.005274891 -5.19419e-4 0.9999861 0.00527364 5.1942e-4 0.9999861 0.01075088 -0.002138555 0.99994 0.005197823 -0.001033782 0.9999861 0.005070209 -0.001538276 0.9999861 0.01012754 -0.004194855 0.99994 0.004895806 -0.002027809 0.9999861 0.07705456 -0.02337455 0.9967529 0.07439321 -0.0308147 0.9967528 0.2974758 -0.09023863 0.9504553 0.2871983 -0.1189613 0.9504553 0.2741588 -0.1465393 0.9504542 0.07101655 -0.03795808 0.9967527 0.06695193 -0.04473626 0.9967528 0.2584729 -0.1727063 0.9504549 0.00440669 -0.002943933 0.9999861 0.004675567 -0.00249803 0.9999861 0.009114682 -0.006090044 0.99994 0.004095613 -0.003361821 0.9999861 0.007751047 -0.007751166 0.99994 0.003746807 -0.003746986 0.9999861 0.06224429 -0.05108344 0.9967528 0.05693793 -0.05693763 0.9967529 0.2402983 -0.1972087 0.9504554 0.2198125 -0.2198122 0.9504552 0.1972105 -0.2403011 0.9504544 0.05108404 -0.06224513 0.9967528 0.04473525 -0.0669521 0.9967528 0.1727065 -0.2584736 0.9504545 0.00294274 -0.004405975 0.9999861 0.003362357 -0.004096388 0.9999861 0.006089687 -0.009114444 0.99994 0.002500176 -0.00467354 0.9999861 0.004194915 -0.01012742 0.99994 0.002027392 -0.004895627 0.9999861 0.03796082 -0.07101565 0.9967526 0.03081506 -0.07439273 0.9967528 0.1465395 -0.2741554 0.9504551 0.1189621 -0.2871972 0.9504557 0.09023857 -0.2974768 0.950455 0.02337449 -0.07705521 0.9967528 0.01570934 -0.07897603 0.9967527 0.06064587 -0.3048883 0.9504554 0.001033246 -0.005197167 0.9999861 0.001538276 -0.005071043 0.9999861 0.002138555 -0.01075118 0.99994 5.18894e-4 -0.005273759 0.9999861 -1.49582e-7 -0.01096183 0.99994 0 -0.005298972 0.9999861 0.007892489 -0.08013463 0.9967528 2.84595e-7 -0.08052307 0.9967527 0.03046953 -0.309366 0.9504548 1.57182e-7 -0.3108611 0.9504554 -0.0304684 -0.309367 0.9504546 -0.007892251 -0.08013504 0.9967528 -0.01570856 -0.07896918 0.9967533 -0.06064552 -0.3048864 0.9504559 -0.001033604 -0.005197167 0.9999861 -5.18992e-4 -0.005273759 0.9999861 -0.002138733 -0.01075118 0.99994 -0.001538217 -0.005071043 0.9999861 -0.004194796 -0.01012742 0.99994 -0.002028107 -0.004895627 0.9999861 -0.02337461 -0.07705527 0.9967528 -0.03081262 -0.07438737 0.9967533 -0.09023863 -0.2974761 0.9504551 -0.1189606 -0.2871964 0.950456 -0.1465409 -0.2741544 0.9504553 -0.03795915 -0.07101541 0.9967527 -0.04473584 -0.06695199 0.9967528 -0.1727045 -0.2584728 0.9504552 -0.002944529 -0.004405915 0.9999861 -0.002498328 -0.00467354 0.9999861 -0.006090164 -0.009114444 0.99994 -0.003361582 -0.004096388 0.9999861 -0.007751405 -0.007751166 0.99994 -0.003746569 -0.003746926 0.9999861 -0.05107647 -0.06223851 0.9967535 -0.05693674 -0.05693715 0.996753 -0.1972106 -0.2403021 0.9504541 -0.2198112 -0.2198128 0.9504553 -0.2403017 -0.1972094 0.9504545 -0.06223791 -0.05107778 0.9967536 -0.06695377 -0.04473441 0.9967527 -0.2584739 -0.1727034 0.9504551 -0.004407227 -0.002943933 0.9999861 -0.00409466 -0.003361821 0.9999861 -0.009114682 -0.006090044 0.99994 -0.004673957 -0.00249803 0.9999861 -0.01012682 -0.004194915 0.99994 -0.00489515 -0.002027809 0.9999861 -0.07101368 -0.03795838 0.9967529 -0.07438683 -0.03081208 0.9967533 -0.2741541 -0.1465415 0.9504552 -0.2871975 -0.1189609 0.9504557 -0.2974742 -0.09023857 0.9504559 -0.07705521 -0.02337443 0.9967528 -0.07896906 -0.01570785 0.9967534 -0.3048871 -0.06064552 0.9504557 -0.005197823 -0.001033782 0.9999861 -0.00507164 -0.001538276 0.9999861 -0.01075142 -0.002138555 0.99994 -0.005273818 -5.19424e-4 0.9999861 -0.01096272 0 0.99994 -0.005297839 0 0.9999861 -0.08013433 -0.007892668 0.9967529 -0.08052247 0 0.9967528 -0.3093652 -0.03046816 0.9504551 -0.3108621 0 0.9504551 -0.3093656 0.03046834 0.950455 -0.08013635 0.007892668 0.9967527 -0.07896929 0.01570796 0.9967533 -0.3048861 0.06064552 0.950456 -0.005198001 0.001033782 0.9999861 -0.005274951 5.19423e-4 0.9999861 -0.01090937 0.001074433 0.9999399 -0.01075106 0.002138555 0.99994 -0.005070447 0.001538276 0.9999861 -0.01049077 0.003182053 0.99994 -0.07705628 0.02337461 0.9967528 -0.01012736 0.004194915 0.99994 -0.004895746 0.002027809 0.9999861 -0.07438796 0.03081214 0.9967533 -0.2974759 0.09023803 0.9504553 -0.2871969 0.1189609 0.9504558 -0.2741546 0.146541 0.9504551 -0.0710169 0.03795856 0.9967527 -0.06695103 0.04473441 0.9967529 -0.2584719 0.1727039 0.9504556 -0.004406273 0.002943933 0.9999861 -0.004675209 0.00249803 0.9999861 -0.009667992 0.005167365 0.9999399 -0.009114921 0.006090044 0.99994 -0.004095494 0.003361821 0.9999861 -0.00847429 0.006954133 0.9999399 -0.06223839 0.05107748 0.9967535 -0.007751166 0.007751166 0.99994 -0.003746569 0.003746986 0.9999861 -0.05693691 0.05693715 0.9967529 -0.2403032 0.1972103 0.9504539 -0.2198143 0.2198133 0.9504545 -0.1972097 0.2403015 0.9504545 -0.05107659 0.06223869 0.9967536 -0.04473567 0.06695222 0.9967528 -0.1727043 0.2584729 0.9504551 -0.002944529 0.004405915 0.9999861 -0.003361582 0.004096388 0.9999861 -0.006954133 0.008473634 0.9999399 -0.006089627 0.009114444 0.99994 -0.002497613 0.00467354 0.9999861 -0.005167722 0.009667515 0.9999399 -0.03795814 0.07101488 0.9967528 -0.004195451 0.01012742 0.99994 -0.002027809 0.004895627 0.9999861 -0.03081297 0.07438689 0.9967534 -0.1465417 0.2741552 0.9504549 -0.1189608 0.2871959 0.9504562 -0.09023845 0.2974763 0.9504552 -0.02337419 0.07705515 0.9967528 -0.01570749 0.07896846 0.9967534 -0.06064534 0.3048858 0.9504562 -0.001032829 0.005197167 0.9999861 -0.001537859 0.005071043 0.9999861 -0.003183305 0.01048988 0.9999399 -0.002138733 0.01075124 0.99994 -5.19437e-4 0.005273759 0.9999861 -0.001075685 0.01090914 0.9999399 -0.007892727 0.08013486 0.9967528 0 0.01096183 0.99994 -1.64931e-7 0.005298972 0.9999861 -2.7768e-7 0.08052295 0.9967527 -0.03046834 0.3093661 0.9504548 -1.93773e-7 0.3108622 0.950455 0.03046959 0.309368 0.9504542 0.007892668 0.08013492 0.9967528 0.01570868 0.0789752 0.9967528 0.06064569 0.3048874 0.9504556 0.001032829 0.005197167 0.9999861 5.19693e-4 0.005273759 0.9999861 0.001075685 0.01090908 0.9999399 0.002138733 0.01075124 0.99994 0.001537859 0.005071103 0.9999861 0.003183305 0.01048988 0.9999399 0.02337425 0.07705563 0.9967528 0.004195451 0.01012742 0.99994 0.002027809 0.004895627 0.9999861 0.03081524 0.07439273 0.9967528 0.09023839 0.2974778 0.9504547 0.1189627 0.2871987 0.9504551 0.1465406 0.2741562 0.9504548 0.03795808 0.07101476 0.9967528 0.04473698 0.0669524 0.9967527 0.1727046 0.2584715 0.9504556 0.002944529 0.004405975 0.9999861 0.002497613 0.00467354 0.9999861 0.005167722 0.009667515 0.9999399 0.006089627 0.009114444 0.99994 0.003361821 0.004096388 0.9999861 0.006954073 0.008473634 0.9999399 0.05108326 0.06224519 0.9967528 0.007751524 0.007751166 0.99994 0.003746986 0.003746986 0.9999861 0.05693691 0.0569384 0.9967529 0.1972094 0.2402997 0.950455 0.219812 0.2198119 0.9504554 0.2402994 0.1972091 0.9504551 0.06224268 0.05108326 0.9967529 0.06695377 0.04473638 0.9967527 0.2584721 0.1727049 0.9504553 0.004406809 0.002943933 0.9999861 0.004094481 0.003361821 0.9999861 0.00847429 0.006954133 0.99994 0.009114921 0.006090044 0.99994 0.004673898 0.00249803 0.9999861 0.009667932 0.005167365 0.9999399 0.071015 0.0379582 0.9967528 0.01012736 0.004194915 0.99994 0.004894554 0.002027809 0.9999861 0.07439202 0.03081458 0.9967529 0.2741572 0.14654 0.9504546 0.2871981 0.1189613 0.9504554 0.2974752 0.09023857 0.9504556 0.07705563 0.02337455 0.9967528 0.07897436 0.01571017 0.9967529 0.3048898 0.06064778 0.9504547 0.005197584 0.001033782 0.9999861 0.005071878 0.001538276 0.9999861 0.01049071 0.003182053 0.99994 0.01075106 0.002138495 0.99994 0.01090937 0.001074433 0.9999399 0.5596857 0.1697788 0.811127 0.5158105 0.2757062 0.8111262 0.4521132 0.3710387 0.8111252 0.620656 0.509359 0.5961037 0.4135666 0.4135656 0.8111265 0.5677383 0.5677393 0.5961084 0.6001211 0.7312464 0.324243 0.5093585 0.6206545 0.5961058 0.3249348 0.4863004 0.8111285 0.4460693 0.667589 0.5961101 0.5255543 0.7865468 0.3242482 0.6313679 0.7693225 0.09755897 0.5529196 0.8275033 0.09756129 0.6343641 0.7729726 0.009782731 0.5555703 0.8314696 0 0.555544 0.8314296 0.009783029 0.6343944 0.7730095 0 0.4713735 0.8818795 0.009783029 0.4713957 0.8819219 0 0.3826844 0.9238792 0 0.382666 0.923835 0.00978285 0.3808588 0.919472 0.09755992 0.4691474 0.8777148 0.09755796 0.3620097 0.8739643 0.3242461 0.2889011 0.9523757 0.09755498 0.2902705 0.9568947 0.009782671 0.1845493 0.9277966 0.3242453 0.1941596 0.9761066 0.09755998 0.1950904 0.9807854 0 0.1950812 0.9807384 0.009781837 0.2902842 0.9569405 0 0.09801274 0.9951371 0.009782552 0.09801697 0.9951848 0 1.99524e-7 0.9999523 0.009782075 -4.2265e-7 1 0 0 0.9952301 0.09755587 0.09754902 0.9904375 0.09755969 0 0.9459732 0.3242452 -0.0975492 0.9904377 0.09755772 -0.09801244 0.9951372 0.009782493 -0.1845504 0.9277969 0.324244 -0.1941598 0.9761067 0.09755951 -0.1950904 0.9807854 0 -0.1950812 0.9807384 0.009781837 -0.09801733 0.9951847 0 -0.2902685 0.9568953 0.00978285 -0.2902822 0.9569412 0 -0.382683 0.9238798 0 -0.3826652 0.9238353 0.009783387 -0.3808576 0.9194726 0.09755855 -0.2889 0.9523756 0.09755778 -0.3620068 0.8739653 0.3242467 -0.4691483 0.8777145 0.09755688 -0.4713754 0.8818784 0.009783089 -0.5255541 0.786547 0.324248 -0.5529199 0.8275032 0.097561 -0.5555695 0.8314702 0 -0.5555447 0.8314291 0.00978285 -0.4713963 0.8819215 0 -0.6343942 0.7730098 1.61646e-7 -0.6343631 0.7729735 0.009782373 -0.7071081 0.7071055 0 -0.7070719 0.707074 0.009782671 -0.6313674 0.769323 0.09755682 -0.6689034 0.6689042 0.324246 -0.7037331 0.7037339 0.09756159 -0.7693235 0.6313671 0.0975551 -0.7865481 0.5255534 0.3242465 -0.8275036 0.5529196 0.09755933 -0.8314303 0.555543 0.009783565 -0.7729729 0.6343636 0.009783089 -0.8314691 0.5555711 0 -0.7730097 0.6343943 0 -0.8818792 0.471374 0.009783208 -0.8819221 0.4713954 0 -0.9238351 0.3826658 0.009783089 -0.9238795 0.3826836 0 -0.9194725 0.3808581 0.09755808 -0.8777143 0.4691483 0.0975579 -0.8739653 0.3620082 0.3242451 -0.9523752 0.2889006 0.09755969 -0.9568943 0.2902715 0.009783148 -0.927796 0.1845505 0.3242465 -0.9761067 0.1941602 0.09755879 -0.9807853 0.1950907 0 -0.9807381 0.1950821 0.009783327 -0.9569399 0.290286 0 -0.995137 0.0980134 0.009783327 -0.9951847 0.09801745 0 -1 1.28219e-7 0 -0.9999521 1.4133e-7 0.009783685 -0.9952296 0 0.09756076 -0.9904375 0.09754985 0.09755891 -0.9459726 0 0.3242468 -0.9904375 -0.09754991 0.09755909 -0.995137 -0.09801352 0.009783327 -0.927796 -0.1845503 0.3242467 -0.9761065 -0.1941608 0.09756004 -0.9807381 -0.1950826 0.009783327 -0.9807852 -0.1950912 0 -0.9951847 -0.09801751 0 -0.9568945 -0.2902708 0.009783029 -0.923879 -0.3826849 0 -0.9569402 -0.2902855 0 -0.9194722 -0.3808583 0.09755909 -0.9238352 -0.3826653 0.009783148 -0.9523756 -0.2889002 0.09755796 -0.8739652 -0.3620079 0.3242455 -0.877714 -0.4691491 0.09755665 -0.881879 -0.4713745 0.009783029 -0.7865486 -0.5255542 0.3242442 -0.8275041 -0.5529191 0.09755825 -0.8314307 -0.5555424 0.009783506 -0.83147 -0.5555698 0 -0.881921 -0.4713973 0 -0.772974 -0.6343623 0.009783029 -0.7071068 -0.7071067 0 -0.7730106 -0.6343931 0 -0.7693237 -0.6313665 0.09755682 -0.7070725 -0.7070735 0.009783267 -0.6689034 -0.6689037 0.3242472 -0.7037349 -0.7037329 0.09755605 -0.6313667 -0.7693233 0.09755915 -0.6343615 -0.7729747 0.00978291 -0.5255534 -0.7865465 0.3242504 -0.5529195 -0.8275035 0.09756052 -0.5690786 -0.8221797 0.01304274 -0.6343934 -0.7730104 0 -0.4713069 -0.8817522 0.01957106 -0.3808574 -0.9194726 0.09755921 -0.3826101 -0.9237026 0.01957178 -0.4691478 -0.8777149 0.09755527 -0.3620076 -0.8739647 0.3242473 -0.2889004 -0.9523757 0.09755617 -0.2902289 -0.9567571 0.01957195 -0.1845504 -0.927797 0.3242437 -0.1941598 -0.9761069 0.09755671 -0.1950531 -0.9805974 0.01957184 -0.0979982 -0.9949941 0.01957267 0 -0.99523 0.09755665 0 -0.9998084 0.01957303 -0.0975486 -0.9904381 0.09755384 0 -0.945973 0.3242455 0.09754973 -0.9904379 0.09755557 0.09799832 -0.9949941 0.01957213 0.18455 -0.9277946 0.3242508 0.1941596 -0.9761062 0.09756487 0.1950531 -0.9805974 0.01957166 0.2902287 -0.9567572 0.01957195 0.3808569 -0.9194727 0.09755992 0.3826099 -0.9237027 0.01957225 0.2888993 -0.9523759 0.09755742 0.3620067 -0.8739647 0.3242482 0.4691476 -0.8777151 0.09755492 0.4713069 -0.8817521 0.019571 0.5255545 -0.7865455 0.3242511 0.5529204 -0.8275028 0.09756135 0.5690783 -0.82218 0.01304256 0.5957291 -0.8031854 0 0.6343631 -0.7729734 0.009783089 0.7071078 -0.7071058 0 0.6343935 -0.7730104 0 0.7729732 -0.6343634 0.009783029 0.7070741 -0.7070719 0.009782493 0.831469 -0.5555711 0 0.7730097 -0.6343944 0 0.7037339 -0.7037332 0.09756141 0.8275035 -0.5529199 0.09755951 0.8314298 -0.5555437 0.009783506 0.7693236 -0.6313669 0.09755539 0.6689039 -0.6689038 0.3242457 0.7865486 -0.5255539 0.3242447 0.877715 -0.4691473 0.09755629 0.8818797 -0.471373 0.009783446 0.8739656 -0.3620071 0.3242455 0.9194724 -0.3808574 0.097561 0.9238359 -0.3826639 0.009783267 0.9238801 -0.3826823 0 0.8819215 -0.4713962 0 0.9568947 -0.2902704 0.009782969 0.9807853 -0.1950907 0 0.9569402 -0.2902852 0 0.9761065 -0.1941599 0.09756088 0.9807383 -0.1950814 0.009783208 0.9523758 -0.2888994 0.09755867 0.9904377 -0.09755003 0.09755682 0.9951372 -0.09801244 0.009782969 0.9952296 0 0.09756129 0.9999522 0 0.009783148 0.9951848 -0.0980165 0 1 0 0 0.9052417 -0.2746014 0.3242401 0.7417865 -0.3072575 0.5961088 0.7683342 -0.2330712 0.5961044 0.5403478 -0.223819 0.8111285 0.5596868 -0.1697789 0.8111262 0.5158121 -0.2757064 0.8111251 0.7080993 -0.3784867 0.5961069 0.486301 -0.3249355 0.8111278 0.6675885 -0.4460688 0.5961109 0.4521118 -0.3710386 0.811126 0.6206537 -0.5093565 0.5961083 0.7312486 -0.6001203 0.3242396 0.834276 -0.4459291 0.3242387 0.5677387 -0.5677391 0.5961084 0.4135648 -0.4135653 0.8111277 0.5093569 -0.6206564 0.596105 0.600121 -0.7312493 0.3242365 0.6313679 -0.7693227 0.09755706 0.4460686 -0.6675874 0.5961123 0.4459301 -0.8342767 0.3242359 0.3249367 -0.486302 0.8111268 0.3784887 -0.7081011 0.5961034 0.3072578 -0.7417857 0.5961096 0.22382 -0.5403485 0.8111276 0.275706 -0.515811 0.8111259 0.1697784 -0.559685 0.8111276 0.233071 -0.7683348 0.5961036 0.1141023 -0.5736336 0.8111259 0.1566391 -0.7874785 0.5961057 0.05732697 -0.5820541 0.8111268 0.07869899 -0.799039 0.5961067 0.0927233 -0.9414202 0.3242385 0.2746009 -0.905243 0.3242369 0 -0.8029032 0.5961095 1.78178e-7 -0.5848699 0.8111272 -0.09272056 -0.941421 0.3242369 -0.07869774 -0.7990391 0.5961067 -0.1566388 -0.7874758 0.5961092 -0.1141029 -0.5736362 0.811124 -0.05732667 -0.5820561 0.8111253 -0.169779 -0.5596873 0.8111259 -0.2330719 -0.7683344 0.5961038 -0.2238221 -0.540354 0.8111235 -0.3072581 -0.7417859 0.5961093 -0.2757078 -0.5158115 0.811125 -0.3784886 -0.7081019 0.5961025 -0.4459303 -0.8342767 0.3242357 -0.2746033 -0.9052426 0.3242357 -0.4460697 -0.6675902 0.5961084 -0.3249368 -0.4863026 0.8111263 -0.5093588 -0.6206566 0.5961033 -0.6001191 -0.7312484 0.3242422 -0.5677381 -0.5677393 0.5961088 -0.4135639 -0.4135667 0.8111274 -0.3710412 -0.4521161 0.8111224 -0.4521176 -0.3710415 0.8111215 -0.6206568 -0.509359 0.5961028 -0.4863014 -0.324935 0.8111278 -0.6675904 -0.4460694 0.5961083 -0.5158106 -0.2757079 0.8111255 -0.7080995 -0.3784877 0.5961059 -0.8342751 -0.4459301 0.3242397 -0.7312491 -0.6001196 0.3242396 -0.7417865 -0.3072582 0.5961084 -0.5403545 -0.2238222 0.8111231 -0.7683339 -0.2330713 0.5961047 -0.9052419 -0.2746016 0.3242391 -0.7874773 -0.1566386 0.5961074 -0.5736386 -0.1141034 0.8111222 -0.5596868 -0.1697801 0.8111259 -0.5820556 -0.05732649 0.8111257 -0.7990397 -0.07869911 0.5961058 -0.5848682 0 0.8111284 -0.8029031 0 0.5961095 -0.5820566 0.05732703 0.811125 -0.7990396 0.07869935 0.5961059 -0.941419 0.09272259 0.3242422 -0.9414191 -0.09272271 0.3242416 -0.5736374 0.1141032 0.811123 -0.7874765 0.1566384 0.5961083 -0.9052413 0.2746023 0.3242406 -0.7683348 0.2330727 0.5961031 -0.5403533 0.2238223 0.811124 -0.7417855 0.3072585 0.5961095 -0.8342753 0.4459295 0.3242402 -0.7081001 0.3784881 0.5961048 -0.4863011 0.3249356 0.8111277 -0.6675899 0.4460685 0.5961096 -0.7312498 0.6001205 0.3242365 -0.6206556 0.5093584 0.5961048 -0.4135643 0.4135646 0.8111281 -0.5677378 0.56774 0.5961084 -0.6001206 0.7312485 0.3242391 -0.5093569 0.6206561 0.5961053 -0.3249349 0.4862996 0.811129 -0.4460691 0.6675887 0.5961106 -0.44593 0.8342756 0.3242389 -0.378488 0.7080996 0.5961056 -0.2238218 0.5403541 0.8111236 -0.3072575 0.7417866 0.5961086 -0.2746027 0.9052425 0.3242366 -0.2330729 0.7683361 0.5961012 -0.1141031 0.5736358 0.8111242 -0.1566392 0.7874772 0.5961074 -0.09272152 0.9414205 0.324238 -0.07869786 0.7990403 0.596105 -1.40857e-7 0.5848712 0.8111262 0 0.8029046 0.5961076 0.07869809 0.799041 0.596104 0.0927214 0.9414197 0.3242403 0.1141024 0.5736309 0.8111278 0.1566388 0.7874774 0.5961073 0.274603 0.9052424 0.3242366 0.2330723 0.7683334 0.596105 0.2238205 0.5403476 0.8111281 0.3072584 0.7417845 0.5961108 0.4459289 0.8342757 0.3242399 0.3784881 0.7081015 0.5961032 0.275709 0.5158128 0.8111237 0.3710384 0.4521134 0.8111252 0.1697801 0.5596886 0.8111248 0.05732721 0.5820547 0.8111263 -0.05732637 0.5820546 0.8111265 -0.1697797 0.5596896 0.8111242 -0.2757078 0.5158097 0.8111261 -0.3710404 0.4521162 0.8111227 -0.452117 0.3710411 0.811122 -0.5158106 0.275708 0.8111255 -0.5596882 0.1697802 0.811125 0.3710376 -0.4521125 0.811126 -0.07663112 -0.9009969 0.4270039 0.07663148 -0.9009971 0.4270035 0 -0.1915404 -0.9814848 0 -0.9229637 -0.384887 1 0 0 0 0.9929004 0.1189486 0.01090914 -0.001074433 0.9999399 0.01049077 -0.003182053 0.99994 0.009667932 -0.005167365 0.9999399 0.008473336 -0.006954133 0.9999399 0.006953597 -0.008473634 0.9999399 0.005168676 -0.009667515 0.99994 0.003182113 -0.01048982 0.9999399 0.001075327 -0.01090908 0.9999399 -0.001075863 -0.01090914 0.9999399 -0.003182351 -0.01048982 0.9999399 -0.005168199 -0.009667515 0.9999399 -0.006954073 -0.008473634 0.9999399 -0.008473813 -0.006954133 0.9999399 -0.009666979 -0.005167365 0.9999399 -0.01049023 -0.003182053 0.9999399 -0.01090961 -0.001074433 0.9999399 -0.5957329 -0.8031827 1.8273e-7</float_array>
          <technique_common>
            <accessor source="#Cylinder_055-mesh-normals-array" count="3738" stride="3">
              <param name="X" type="float"/>
              <param name="Y" type="float"/>
              <param name="Z" type="float"/>
            </accessor>
          </technique_common>
        </source>
        <source id="Cylinder_055-mesh-map-0">
          <float_array id="Cylinder_055-mesh-map-0-array" count="42732">0.3336343 0.1148497 0.25 0.102422 0.3336343 0.1148498 0.1663297 0.1146975 0.25 0.102422 0.25 0.102422 0.1663297 0.1146975 0.1570709 0.1160559 0.1570686 0.1160563 0.1570686 0.1160563 0.148714 0.117282 0.148716 0.1172817 0.148716 0.1172817 0.1363829 0.1190904 0.1363833 0.1190903 0.1363833 0.1190903 0.1363883 0.1190891 0.1363885 0.119089 0.1363885 0.119089 0.1363943 0.1190876 0.1363943 0.1190876 0.136609 0.1190362 0.1363943 0.1190876 0.1363943 0.1190876 0.136609 0.1190362 0.1363939 0.1190878 0.1363943 0.1190876 0.136609 0.1190362 0.1363936 0.1190878 0.1363939 0.1190878 0.136609 0.1190362 0.148727 0.1172679 0.1363936 0.1190878 0.1488676 0.1171563 0.1570711 0.1160383 0.148727 0.1172679 0.1571623 0.1158813 0.1663264 0.1146762 0.1570711 0.1160383 0.1663264 0.1146762 0.25 0.1016269 0.25 0.1023628 0.25 0.1016269 0.333644 0.1148113 0.25 0.1023628 0.333644 0.1148113 0.3429054 0.1157602 0.3428959 0.1161885 0.3428959 0.1161885 0.3512056 0.1170256 0.3512368 0.1174321 0.3512368 0.1174321 0.3634737 0.118888 0.363568 0.1192664 0.363568 0.1192664 0.3634737 0.118888 0.3635678 0.1192657 0.3635678 0.1192657 0.3634736 0.118888 0.3635677 0.1192651 0.3635677 0.1192651 0.3634736 0.118888 0.3635677 0.1192651 0.3635702 0.1192752 0.3635677 0.1192651 0.3635702 0.1192756 0.3635724 0.1192843 0.3635702 0.1192756 0.3635726 0.119285 0.3635677 0.1192651 0.3635704 0.1192761 0.3635678 0.1192657 0.3635702 0.1192752 0.3635725 0.1192845 0.3635704 0.1192761 0.3635724 0.1192843 0.3635761 0.1192989 0.3635725 0.1192845 0.3512404 0.1174659 0.3635726 0.119285 0.3512424 0.1174662 0.3431385 0.116262 0.3512404 0.1174659 0.3428913 0.1162253 0.3428913 0.1162253 0.3512424 0.1174662 0.342889 0.116225 0.3336343 0.1148498 0.342889 0.116225 0.3336343 0.1148497 0.3336358 0.1148499 0.3428913 0.1162253 0.3336343 0.1148498 0.3336414 0.1148508 0.3431385 0.116262 0.3336358 0.1148499 0.3428342 0.1162168 0.3508517 0.1174082 0.3431385 0.116262 0.3336506 0.1148521 0.3428342 0.1162168 0.3336414 0.1148508 0.3428657 0.1162215 0.3494918 0.1172061 0.3428342 0.1162168 0.3635725 0.1192845 0.3635761 0.1192989 0.3635722 0.1192836 0.3635722 0.1192836 0.3494918 0.1172061 0.3494862 0.117192 0.3508328 0.1173831 0.3428558 0.1162069 0.3431946 0.1162454 0.363572 0.1192826 0.3494862 0.117192 0.3508328 0.1173831 0.3635695 0.1192727 0.3508328 0.1173831 0.3512368 0.1174321 0.3512368 0.1174321 0.3431946 0.1162454 0.3428959 0.1161885 0.3635704 0.1192761 0.3635722 0.1192836 0.3635704 0.1192764 0.3635678 0.1192657 0.3635704 0.1192764 0.363568 0.1192664 0.3428959 0.1161885 0.3336424 0.1148239 0.333644 0.1148113 0.3431946 0.1162454 0.3336415 0.1148374 0.3336424 0.1148239 0.333644 0.1148113 0.25 0.1023823 0.25 0.1023628 0.3336424 0.1148239 0.25 0.1024024 0.25 0.1023823 0.25 0.1023823 0.1663264 0.1146762 0.25 0.1023628 0.25 0.1024024 0.1663256 0.1146825 0.25 0.1023823 0.1663256 0.1146825 0.1570711 0.1160383 0.1663264 0.1146762 0.1663243 0.1146901 0.156823 0.1160795 0.1663256 0.1146825 0.1663243 0.1146901 0.157102 0.1160514 0.1571299 0.1160397 0.1663226 0.1146986 0.25 0.1024024 0.25 0.102422 0.1567678 0.1161004 0.1663226 0.1146986 0.1663283 0.1146978 0.1663283 0.1146978 0.25 0.102422 0.25 0.102422 0.25 0.1024024 0.3336414 0.1148508 0.25 0.102422 0.25 0.102422 0.3336358 0.1148499 0.25 0.102422 0.25 0.102422 0.3336343 0.1148498 0.25 0.102422 0.1663297 0.1146975 0.25 0.102422 0.25 0.102422 0.1570686 0.1160563 0.1663283 0.1146978 0.1663297 0.1146975 0.148716 0.1172817 0.1567678 0.1161004 0.1570686 0.1160563 0.1491202 0.1172224 0.157102 0.1160514 0.1567678 0.1161004 0.136375 0.1190923 0.1491202 0.1172224 0.148716 0.1172817 0.136375 0.1190923 0.1504653 0.117025 0.1491202 0.1172224 0.157102 0.1160514 0.1504731 0.117017 0.1571299 0.1160397 0.1363838 0.1190902 0.1504731 0.117017 0.1504653 0.117025 0.1363879 0.1190892 0.1363809 0.1190909 0.1363838 0.1190902 0.1363881 0.1190891 0.1363838 0.1190902 0.1363832 0.1190903 0.1363936 0.1190878 0.1363855 0.1190898 0.1363879 0.1190892 0.1363939 0.1190878 0.1363879 0.1190892 0.1363881 0.1190891 0.156823 0.1160795 0.148727 0.1172679 0.1570711 0.1160383 0.1571299 0.1160397 0.1491129 0.1172139 0.156823 0.1160795 0.1363943 0.1190876 0.1363881 0.1190891 0.1363885 0.119089 0.1363885 0.119089 0.1363832 0.1190903 0.1363833 0.1190903 0.2616668 0.2348917 0.2541065 0.232008 0.2541065 0.232008 0.2296211 0.2551104 0.2327618 0.2623214 0.2296211 0.2551103 0.2327618 0.2623214 0.2296211 0.2551103 0.2296211 0.2551103 0.2703788 0.2551104 0.2704424 0.2473595 0.2704424 0.2473595 0.2541065 0.232008 0.2616668 0.2348917 0.2541065 0.232008 0.2384974 0.2678654 0.2327618 0.2623214 0.2327618 0.2623214 0.2615026 0.2678654 0.2540366 0.2708733 0.2615026 0.2678654 0.2458935 0.232008 0.2541065 0.232008 0.2458935 0.232008 0.2459635 0.2708733 0.2384974 0.2678655 0.2384974 0.2678654 0.2672383 0.2623214 0.2615026 0.2678654 0.2672383 0.2623214 0.2327618 0.2623214 0.2384974 0.2678655 0.2327618 0.2623214 0.2541065 0.232008 0.2458935 0.232008 0.2541065 0.232008 0.2703788 0.2551104 0.2672383 0.2623214 0.2703788 0.2551104 0.2326039 0.2402654 0.2383333 0.2348916 0.2383333 0.2348916 0.2295576 0.2473596 0.2296211 0.2551103 0.2295576 0.2473597 0.2295576 0.2473596 0.2296211 0.2551103 0.2295576 0.2473596 0.2704424 0.2473595 0.2703788 0.2551104 0.2704424 0.2473595 0.2673961 0.2402653 0.2616668 0.2348917 0.2673961 0.2402653 0.2704424 0.2473595 0.2673961 0.2402653 0.2673961 0.2402653 0.2673961 0.2402653 0.2704424 0.2473595 0.2673961 0.2402653 0.2296211 0.2551103 0.2327618 0.2623214 0.2296211 0.2551103 0.2295576 0.2473597 0.2326039 0.2402654 0.2326039 0.2402654 0.2704424 0.2473595 0.2703788 0.2551104 0.2704424 0.2473595 0.2615026 0.2678654 0.2540366 0.2708733 0.2615026 0.2678654 0.2296211 0.2551103 0.2295576 0.2473596 0.2295576 0.2473597 0.2540366 0.2708733 0.2459635 0.2708733 0.2459635 0.2708733 0.2616668 0.2348917 0.2541065 0.232008 0.2541065 0.232008 0.2672383 0.2623215 0.2703788 0.2551104 0.2703788 0.2551104 0.2672383 0.2623214 0.2703788 0.2551104 0.2703788 0.2551104 0.2458935 0.232008 0.2383333 0.2348916 0.2458935 0.232008 0.2327618 0.2623214 0.2384974 0.2678654 0.2327618 0.2623214 0.2540366 0.2708733 0.2615026 0.2678654 0.2615026 0.2678654 0.2540366 0.2708733 0.2615026 0.2678654 0.2615026 0.2678654 0.2384974 0.2678655 0.2459635 0.2708733 0.2384974 0.2678655 0.2615026 0.2678654 0.2672383 0.2623214 0.2672383 0.2623214 0.2540366 0.2708733 0.2459635 0.2708733 0.2459635 0.2708733 0.2541065 0.232008 0.2458935 0.232008 0.2541065 0.232008 0.2615026 0.2678654 0.2672383 0.2623214 0.2672383 0.2623214 0.2459635 0.2708733 0.2384974 0.2678655 0.2384974 0.2678655 0.2541065 0.232008 0.2616668 0.2348917 0.2541065 0.232008 0.2459635 0.2708733 0.2540366 0.2708733 0.2540366 0.2708733 0.2458935 0.232008 0.2383333 0.2348916 0.2458935 0.232008 0.2458935 0.232008 0.2541065 0.232008 0.2458935 0.232008 0.2672383 0.2623214 0.2615026 0.2678654 0.2672383 0.2623214 0.2540366 0.2708733 0.2459635 0.2708733 0.2540366 0.2708733 0.2383333 0.2348916 0.2458935 0.232008 0.2458935 0.232008 0.2383333 0.2348916 0.2326039 0.2402654 0.2383333 0.2348916 0.2384974 0.2678655 0.2327618 0.2623214 0.2327618 0.2623214 0.2703788 0.2551104 0.2672383 0.2623214 0.2703788 0.2551104 0.2383333 0.2348916 0.2458935 0.232008 0.2458935 0.232008 0.2384974 0.2678655 0.2459635 0.2708733 0.2384974 0.2678654 0.2326039 0.2402654 0.2383332 0.2348915 0.2383333 0.2348916 0.2383333 0.2348916 0.2326039 0.2402654 0.2383333 0.2348916 0.2673961 0.2402653 0.2616668 0.2348917 0.2616668 0.2348917 0.2326039 0.2402654 0.2295576 0.2473596 0.2326039 0.2402654 0.2703788 0.2551104 0.2704424 0.2473595 0.2704424 0.2473595 0.2326039 0.2402654 0.2295576 0.2473597 0.2326039 0.2402654 0.2295576 0.2473596 0.2326039 0.2402654 0.2326039 0.2402654 0.2296211 0.2551103 0.2295576 0.2473596 0.2295576 0.2473596 0.2673961 0.2402653 0.2704424 0.2473595 0.2673961 0.2402653 0.2673961 0.2402653 0.2616668 0.2348917 0.2616668 0.2348917 0.2673961 0.2402653 0.2616668 0.2348917 0.2673961 0.2402653 0.2296211 0.2551104 0.2327618 0.2623214 0.2327618 0.2623214 0.2383333 0.2348916 0.2673961 0.2402653 0.2615026 0.2678654 0.2295576 0.2473596 0.2293273 0.2536677 0.2298359 0.2459282 0.2298359 0.2459282 0.2296085 0.2535741 0.230116 0.2460594 0.230116 0.2460594 0.2293362 0.2537113 0.2298275 0.2459715 0.2298275 0.2459715 0.2296211 0.2551104 0.2295576 0.2473596 0.2327618 0.2623214 0.2293876 0.2539493 0.2322067 0.2614677 0.2293876 0.2539493 0.2318201 0.2601592 0.2322067 0.2614677 0.2296006 0.2525969 0.2321473 0.2613765 0.2318201 0.2601592 0.2293625 0.2538247 0.2327618 0.2623214 0.2321473 0.2613765 0.2673961 0.2402653 0.2701641 0.2459281 0.2704424 0.2473596 0.2667065 0.2392305 0.2698841 0.2460593 0.2701641 0.2459281 0.2665901 0.2395094 0.2701725 0.2459714 0.2698841 0.2460593 0.2667272 0.2392616 0.2704424 0.2473595 0.2701725 0.2459714 0.2296211 0.2551104 0.229932 0.245412 0.2295576 0.2473596 0.2292176 0.2531487 0.2303076 0.245613 0.229932 0.245412 0.2296042 0.2530445 0.2299165 0.2454923 0.2303076 0.245613 0.2292342 0.2532296 0.2295576 0.2473596 0.2299165 0.2454923 0.2704424 0.2473595 0.266462 0.2388561 0.2700681 0.2454119 0.2700681 0.2454119 0.2663174 0.2392536 0.2696924 0.2456129 0.2696924 0.2456129 0.2665005 0.2389141 0.2700834 0.2454922 0.2700834 0.2454922 0.2673961 0.2402653 0.2704424 0.2473595 0.2326039 0.2402654 0.2298359 0.2459282 0.2332935 0.2392305 0.2332935 0.2392305 0.230116 0.2460594 0.2334099 0.2395094 0.2334099 0.2395094 0.2298275 0.2459715 0.2332729 0.2392616 0.2332729 0.2392616 0.2295576 0.2473597 0.2326039 0.2402654 0.2616668 0.2348917 0.2538729 0.231924 0.2541065 0.232008 0.2538729 0.231924 0.2606996 0.2345228 0.2540533 0.232008 0.2540533 0.232008 0.261045 0.2344594 0.2538478 0.231915 0.2538478 0.231915 0.2616668 0.2348917 0.2541065 0.232008 0.2704424 0.2473595 0.2706726 0.2536677 0.2703788 0.2551104 0.2701641 0.2459281 0.2703914 0.2535741 0.2706726 0.2536677 0.2698841 0.2460593 0.2706637 0.2537112 0.2703914 0.2535741 0.2701725 0.2459714 0.2703788 0.2551104 0.2706637 0.2537112 0.2295576 0.2473596 0.233538 0.2388561 0.2326039 0.2402654 0.229932 0.245412 0.2336826 0.2392536 0.233538 0.2388561 0.2303076 0.245613 0.2334996 0.2389142 0.2336826 0.2392536 0.2299165 0.2454923 0.2326039 0.2402654 0.2334996 0.2389142 0.2703788 0.2551104 0.2700681 0.2454119 0.2707824 0.2531487 0.2707824 0.2531487 0.2696924 0.2456129 0.2703958 0.2530445 0.2703958 0.2530445 0.2700834 0.2454922 0.2707657 0.2532296 0.2707657 0.2532296 0.2704424 0.2473595 0.2703788 0.2551104 0.2384974 0.2678655 0.2322067 0.2614677 0.2379453 0.2674541 0.2322067 0.2614677 0.2371742 0.2665864 0.2379453 0.2674541 0.2318201 0.2601592 0.2378864 0.2674102 0.2371742 0.2665864 0.2321473 0.2613765 0.2384974 0.2678655 0.2378864 0.2674102 0.2383333 0.2348916 0.2332935 0.2392305 0.2390297 0.2344033 0.2390297 0.2344033 0.2334099 0.2395094 0.238915 0.2346698 0.238915 0.2346698 0.2332729 0.2392616 0.239009 0.2344179 0.239009 0.2344179 0.2326039 0.2402654 0.2383333 0.2348916 0.2540366 0.2708733 0.2620548 0.267454 0.2615026 0.2678654 0.2620548 0.267454 0.2549376 0.2704892 0.2628259 0.2665864 0.2628259 0.2665864 0.2542891 0.2707657 0.2621136 0.2674102 0.2621136 0.2674102 0.2540366 0.2708733 0.2615026 0.2678654 0.2703788 0.2551104 0.2679312 0.2612621 0.2672383 0.2623215 0.2706726 0.2536677 0.2678134 0.2610009 0.2679312 0.2612621 0.2703914 0.2535741 0.2679105 0.2612938 0.2678134 0.2610009 0.2706637 0.2537112 0.2672383 0.2623214 0.2679105 0.2612938 0.2326039 0.2402654 0.2392773 0.2342247 0.2383332 0.2348915 0.233538 0.2388561 0.2391027 0.2345981 0.2392773 0.2342247 0.2336826 0.2392536 0.2392386 0.2342521 0.2391027 0.2345981 0.2334996 0.2389142 0.2383333 0.2348916 0.2392386 0.2342521 0.2672383 0.2623214 0.2707824 0.2531487 0.2681841 0.2608826 0.2681841 0.2608826 0.2703958 0.2530445 0.268011 0.2605471 0.268011 0.2605471 0.2707657 0.2532296 0.2681452 0.2609418 0.2681452 0.2609418 0.2703788 0.2551104 0.2672383 0.2623214 0.2541065 0.232008 0.2461272 0.231924 0.2458935 0.232008 0.2538729 0.231924 0.2459467 0.232008 0.2461272 0.231924 0.2459467 0.232008 0.2538478 0.231915 0.2461522 0.231915 0.2461522 0.231915 0.2541065 0.232008 0.2458935 0.232008 0.2459635 0.2708733 0.2379453 0.2674541 0.2457352 0.270776 0.2379453 0.2674541 0.2450624 0.2704892 0.2457352 0.270776 0.2371742 0.2665864 0.245711 0.2707657 0.2450624 0.2704892 0.2378864 0.2674102 0.2459635 0.2708733 0.245711 0.2707657 0.2458935 0.232008 0.2390297 0.2344033 0.2461835 0.2319003 0.2461835 0.2319003 0.238915 0.2346698 0.2459086 0.232008 0.2459086 0.232008 0.239009 0.2344179 0.2461749 0.2319035 0.2461749 0.2319035 0.2383333 0.2348916 0.2458935 0.232008 0.2383333 0.2348916 0.2462868 0.231858 0.2458935 0.232008 0.2392773 0.2342247 0.2458935 0.232008 0.2462868 0.231858 0.2391027 0.2345981 0.2462707 0.2318641 0.2458935 0.232008 0.2392386 0.2342521 0.2458935 0.232008 0.2462707 0.2318641 0.2615026 0.2678654 0.2677933 0.2614678 0.2672383 0.2623214 0.2677933 0.2614678 0.2628259 0.2665864 0.2681799 0.2601593 0.2681799 0.2601593 0.2621136 0.2674102 0.2678527 0.2613765 0.2678527 0.2613765 0.2615026 0.2678654 0.2672383 0.2623214 0.2672383 0.2623214 0.2621912 0.2673567 0.2615026 0.2678654 0.2679312 0.2612621 0.2623081 0.2670868 0.2621912 0.2673567 0.2678134 0.2610009 0.2621708 0.2673717 0.2623081 0.2670868 0.2679105 0.2612938 0.2615026 0.2678654 0.2621708 0.2673717 0.2540366 0.2708733 0.2457352 0.270776 0.2542648 0.270776 0.2542648 0.270776 0.2450624 0.2704892 0.2549376 0.2704892 0.2450624 0.2704892 0.2542891 0.2707657 0.2549376 0.2704892 0.2542891 0.2707657 0.2459635 0.2708733 0.2540366 0.2708733 0.2615026 0.2678654 0.2681841 0.2608826 0.2624412 0.2671768 0.2624412 0.2671768 0.268011 0.2605471 0.2625813 0.2668228 0.2625813 0.2668228 0.2681452 0.2609418 0.2624028 0.267205 0.2624028 0.267205 0.2672383 0.2623214 0.2615026 0.2678654 0.2383333 0.2348916 0.2461272 0.231924 0.2388948 0.2345012 0.2461272 0.231924 0.2393004 0.2345227 0.2388948 0.2345012 0.2459467 0.232008 0.2389551 0.2344593 0.2393004 0.2345227 0.2461522 0.231915 0.2383333 0.2348916 0.2389551 0.2344593 0.2384974 0.2678655 0.245679 0.2707557 0.2378089 0.2673568 0.2378089 0.2673568 0.245405 0.2706423 0.2376919 0.2670869 0.2376919 0.2670869 0.2456873 0.2707591 0.2378292 0.2673718 0.2378292 0.2673718 0.2459635 0.2708733 0.2384974 0.2678655 0.2459635 0.2708733 0.2375589 0.2671769 0.2384974 0.2678655 0.245576 0.2707172 0.2374188 0.2668228 0.2375589 0.2671769 0.2452047 0.2705675 0.2375973 0.2672051 0.2374188 0.2668228 0.2455918 0.2707235 0.2384974 0.2678655 0.2375973 0.2672051 0.2458935 0.232008 0.2538166 0.2319003 0.2541065 0.232008 0.2461835 0.2319003 0.2540915 0.232008 0.2538166 0.2319003 0.2459086 0.232008 0.2538251 0.2319035 0.2540915 0.232008 0.2461749 0.2319035 0.2541065 0.232008 0.2538251 0.2319035 0.2672383 0.2623214 0.2706124 0.2539493 0.2703788 0.2551104 0.2706124 0.2539493 0.2681799 0.2601593 0.2703994 0.2525969 0.2703994 0.2525969 0.2678527 0.2613765 0.2706375 0.2538247 0.2706375 0.2538247 0.2672383 0.2623214 0.2703788 0.2551104 0.2458935 0.232008 0.2537132 0.231858 0.2541065 0.232008 0.2462868 0.231858 0.2541065 0.232008 0.2537132 0.231858 0.2458935 0.232008 0.2537294 0.2318641 0.2541065 0.232008 0.2462707 0.2318641 0.2541065 0.232008 0.2537294 0.2318641 0.2326039 0.2402654 0.2388948 0.2345012 0.233161 0.2394346 0.2388948 0.2345012 0.2339277 0.2390238 0.233161 0.2394346 0.2393004 0.2345227 0.2332207 0.2393453 0.2339277 0.2390238 0.2389551 0.2344593 0.2326039 0.2402654 0.2332207 0.2393453 0.2615026 0.2678654 0.2543211 0.2707557 0.2540366 0.2708733 0.2621912 0.2673567 0.2545951 0.2706423 0.2543211 0.2707557 0.2623081 0.2670868 0.2543127 0.2707591 0.2545951 0.2706423 0.2621708 0.2673717 0.2540366 0.2708733 0.2543127 0.2707591 0.2540366 0.2708733 0.2624412 0.2671768 0.254424 0.2707172 0.254424 0.2707172 0.2625813 0.2668228 0.2547954 0.2705676 0.2547954 0.2705676 0.2624028 0.267205 0.2544082 0.2707236 0.2544082 0.2707236 0.2615026 0.2678654 0.2540366 0.2708733 0.2327618 0.2623214 0.2378089 0.2673568 0.2320688 0.261262 0.2320688 0.261262 0.2376919 0.2670869 0.2321866 0.2610008 0.2321866 0.2610008 0.2378292 0.2673718 0.2320895 0.2612937 0.2320895 0.2612937 0.2384974 0.2678654 0.2327618 0.2623214 0.2703788 0.2551104 0.2702158 0.2462086 0.2704424 0.2473595 0.2702158 0.2462086 0.2703994 0.2525969 0.2695282 0.2452306 0.2695282 0.2452306 0.2706375 0.2538247 0.2701915 0.2460849 0.2701915 0.2460849 0.2703788 0.2551104 0.2704424 0.2473595 0.2459635 0.2708733 0.2543211 0.2707557 0.245679 0.2707557 0.245679 0.2707557 0.2545951 0.2706423 0.245405 0.2706423 0.245405 0.2706423 0.2543127 0.2707591 0.2456873 0.2707591 0.2456873 0.2707591 0.2540366 0.2708733 0.2459635 0.2708733 0.2384974 0.2678655 0.2318159 0.2608826 0.2327618 0.2623214 0.2375589 0.2671769 0.231989 0.2605471 0.2318159 0.2608826 0.2374188 0.2668228 0.2318548 0.2609418 0.231989 0.2605471 0.2375973 0.2672051 0.2327618 0.2623214 0.2318548 0.2609418 0.2295576 0.2473596 0.233161 0.2394346 0.2297842 0.2462087 0.233161 0.2394346 0.2304718 0.2452307 0.2297842 0.2462087 0.2339277 0.2390238 0.2298085 0.2460851 0.2304718 0.2452307 0.2332207 0.2393453 0.2295576 0.2473596 0.2298085 0.2460851 0.2541065 0.232008 0.2609704 0.2344034 0.2616668 0.2348917 0.2538166 0.2319003 0.2610851 0.2346698 0.2609704 0.2344034 0.2540915 0.232008 0.260991 0.2344179 0.2610851 0.2346698 0.2538251 0.2319035 0.2616668 0.2348917 0.260991 0.2344179 0.2540366 0.2708733 0.245576 0.2707172 0.2459635 0.2708733 0.254424 0.2707172 0.2452047 0.2705675 0.245576 0.2707172 0.2452047 0.2705675 0.2544082 0.2707236 0.2455918 0.2707235 0.2455918 0.2707235 0.2540366 0.2708733 0.2459635 0.2708733 0.2616668 0.2348917 0.2537132 0.231858 0.2607227 0.2342248 0.2607227 0.2342248 0.2541065 0.232008 0.2608973 0.2345982 0.2608973 0.2345982 0.2537294 0.2318641 0.2607614 0.2342522 0.2607614 0.2342522 0.2541065 0.232008 0.2616668 0.2348917 0.2704424 0.2473595 0.2668391 0.2394345 0.2673961 0.2402653 0.2668391 0.2394345 0.2695282 0.2452306 0.2660723 0.2390237 0.2660723 0.2390237 0.2701915 0.2460849 0.2667793 0.2393453 0.2667793 0.2393453 0.2704424 0.2473595 0.2673961 0.2402653 0.2296211 0.2551103 0.2320688 0.261262 0.2293273 0.2536677 0.2293273 0.2536677 0.2321866 0.2610008 0.2296085 0.2535741 0.2296085 0.2535741 0.2320895 0.2612937 0.2293362 0.2537113 0.2293362 0.2537113 0.2327618 0.2623214 0.2296211 0.2551103 0.2673961 0.2402653 0.2607227 0.2342248 0.266462 0.2388561 0.266462 0.2388561 0.2608973 0.2345982 0.2663174 0.2392536 0.2663174 0.2392536 0.2607614 0.2342522 0.2665005 0.2389141 0.2665005 0.2389141 0.2616668 0.2348917 0.2673961 0.2402653 0.2296211 0.2551103 0.2297842 0.2462087 0.2293876 0.2539493 0.2297842 0.2462087 0.2296006 0.2525969 0.2293876 0.2539493 0.2304718 0.2452307 0.2293625 0.2538247 0.2296006 0.2525969 0.2298085 0.2460851 0.2296211 0.2551103 0.2293625 0.2538247 0.2616668 0.2348917 0.2667065 0.2392305 0.2673961 0.2402653 0.2609704 0.2344034 0.2665901 0.2395094 0.2667065 0.2392305 0.2610851 0.2346698 0.2667272 0.2392616 0.2665901 0.2395094 0.260991 0.2344179 0.2673961 0.2402653 0.2667272 0.2392616 0.2327618 0.2623214 0.2292176 0.2531487 0.2296211 0.2551104 0.2318159 0.2608826 0.2296042 0.2530445 0.2292176 0.2531487 0.231989 0.2605471 0.2292342 0.2532296 0.2296042 0.2530445 0.2318548 0.2609418 0.2296211 0.2551104 0.2292342 0.2532296 0.2673961 0.2402653 0.2611052 0.2345013 0.2616668 0.2348917 0.2611052 0.2345013 0.2660723 0.2390237 0.2606996 0.2345228 0.2606996 0.2345228 0.2667793 0.2393453 0.261045 0.2344594 0.261045 0.2344594 0.2673961 0.2402653 0.2616668 0.2348917 0.2704424 0.2473596 0.2673961 0.2402653 0.2673961 0.2402653 0.375 0.5 0.125 0.75 0.125 0.5 0.625 0 0.375 0.25 0.375 0 0.625 0.75 0.375 1 0.375 0.75 0.375 0.5 0.625 0.75 0.375 0.75 0.875 0.5 0.625 0.75 0.625 0.5 0.625 0.25 0.375 0.5 0.375 0.25 0.2664043 0.4154265 0.2828523 0.4140281 0.2826594 0.4130561 0.2985822 0.4090108 0.2828523 0.4140281 0.2986471 0.4092254 0.2664043 0.4154251 0.2826594 0.4130561 0.2826594 0.4130561 0.2826594 0.4130561 0.2985822 0.4090108 0.2826594 0.4130561 0.2826594 0.4130561 0.2985822 0.4090108 0.2826594 0.413056 0.2664043 0.4154185 0.2826594 0.4130561 0.2826594 0.413056 0.2985822 0.4090108 0.3140636 0.4035066 0.3140636 0.4035066 0.2985822 0.4090108 0.3140636 0.4035066 0.3140636 0.4035066 0.3140636 0.4035066 0.3288888 0.3964175 0.3140636 0.4035066 0.3140636 0.4035066 0.3288924 0.3964231 0.3140636 0.4035066 0.3288932 0.3964242 0.3144419 0.4044226 0.3289986 0.3966221 0.2985822 0.4090108 0.3144419 0.4044226 0.3140636 0.4035066 0.3288932 0.3964242 0.3435552 0.3888215 0.343006 0.3879964 0.3288924 0.3964231 0.343006 0.3879964 0.3430029 0.3879917 0.3561725 0.3781468 0.3435552 0.3888215 0.3563143 0.3783205 0.343006 0.3879964 0.3561717 0.3781456 0.3430029 0.3879917 0.3430029 0.3879917 0.356168 0.3781401 0.3429883 0.3879697 0.3288888 0.3964175 0.3430029 0.3879917 0.3429883 0.3879697 0.356168 0.3781401 0.3683742 0.3671163 0.3683742 0.3671163 0.3561717 0.3781456 0.3683742 0.3671163 0.3683742 0.3671163 0.3683742 0.3671163 0.3793715 0.3548744 0.3683742 0.3671163 0.3683742 0.3671163 0.3793715 0.3548745 0.3683742 0.3671163 0.3793715 0.3548745 0.3690733 0.3678194 0.3795444 0.3550174 0.3561725 0.3781468 0.3690733 0.3678194 0.3683742 0.3671163 0.3793715 0.3548745 0.3900154 0.3422154 0.3891934 0.3416607 0.3793715 0.3548745 0.3891934 0.3416607 0.3891934 0.3416607 0.3975989 0.3274912 0.3900154 0.3422154 0.3977961 0.3275981 0.3891934 0.3416607 0.3975989 0.3274912 0.3891934 0.3416607 0.3891934 0.3416607 0.3975989 0.3274912 0.3891933 0.3416607 0.3793715 0.3548744 0.3891934 0.3416607 0.3891933 0.3416607 0.3975989 0.3274912 0.4046634 0.3125947 0.4046633 0.3125946 0.3975989 0.3274912 0.4046634 0.3125947 0.4046634 0.3125947 0.4046634 0.3125947 0.4101462 0.2970309 0.4046633 0.3125946 0.4046634 0.3125947 0.4101527 0.2970322 0.4046634 0.3125947 0.4101541 0.2970325 0.4055768 0.3129808 0.4103682 0.2970997 0.3975989 0.3274912 0.4055768 0.3129808 0.4046634 0.3125947 0.4101541 0.2970325 0.4151594 0.2812186 0.4141898 0.2810135 0.4101527 0.2970322 0.4141898 0.2810135 0.4141842 0.2810124 0.4165548 0.2646406 0.4151594 0.2812186 0.4167773 0.2646663 0.4141898 0.2810135 0.416552 0.2646403 0.4141842 0.2810124 0.4101462 0.2970309 0.4141842 0.2810124 0.4141585 0.2810069 0.4141842 0.2810124 0.4165389 0.2646389 0.4141585 0.2810069 0.4165389 0.2646389 0.4174008 0.2480931 0.4173745 0.2480926 0.416552 0.2646403 0.4174064 0.2480933 0.4174008 0.2480931 0.4174008 0.2480931 0.4165389 0.2315101 0.4173745 0.2480926 0.4174064 0.2480933 0.416552 0.2315092 0.4174008 0.2480931 0.4165548 0.231509 0.4183951 0.248114 0.4167773 0.2314939 0.4165548 0.2646406 0.4183951 0.248114 0.4174064 0.2480933 0.4165548 0.231509 0.4151594 0.2148737 0.4141898 0.2150277 0.416552 0.2315092 0.4141898 0.2150277 0.4141842 0.2150285 0.4101541 0.1988085 0.4151594 0.2148737 0.4103682 0.1987574 0.4141898 0.2150277 0.4101514 0.1988091 0.4141842 0.2150286 0.4141842 0.2150286 0.4101389 0.1988121 0.4141585 0.2150326 0.4165389 0.2315101 0.4141842 0.2150285 0.4141585 0.2150326 0.4101389 0.1988121 0.4046582 0.1829384 0.4046339 0.1829463 0.4101514 0.1988091 0.4046634 0.1829367 0.4046582 0.1829384 0.4046582 0.1829384 0.3975849 0.1675716 0.4046339 0.1829463 0.4046634 0.1829367 0.3975964 0.1675673 0.4046582 0.1829384 0.3975989 0.1675664 0.4055768 0.182641 0.3977962 0.1674925 0.4101541 0.1988085 0.4055768 0.182641 0.4046634 0.1829367 0.3975989 0.1675664 0.3900154 0.1523439 0.3891934 0.1526985 0.3975964 0.1675673 0.3891934 0.1526985 0.3891887 0.1527006 0.3796195 0.1386885 0.3900154 0.1523439 0.3795444 0.1383558 0.3891934 0.1526985 0.3796204 0.1386927 0.3891887 0.1527006 0.3891887 0.1527006 0.3796249 0.1387122 0.3891668 0.15271 0.3975849 0.1675716 0.3891887 0.1527006 0.3891668 0.15271 0.3796249 0.1387122 0.370565 0.1269552 0.3706044 0.1270236 0.3796204 0.1386927 0.3705565 0.1269406 0.370565 0.1269552 0.370565 0.1269552 0.3635543 0.1192613 0.3706044 0.1270236 0.3705565 0.1269406 0.3635445 0.1192442 0.370565 0.1269552 0.3635423 0.1192405 0.3690733 0.1243677 0.3634565 0.1187999 0.3796195 0.1386885 0.3690733 0.1243677 0.3705565 0.1269406 0.3635423 0.1192405 0.3578396 0.1132321 0.3571121 0.1145364 0.3635445 0.1192442 0.3571121 0.1145364 0.3571121 0.1145364 0.3492553 0.1120148 0.3578396 0.1132321 0.3498419 0.1119327 0.3571121 0.1145364 0.3492553 0.1120148 0.3571121 0.1145364 0.3571121 0.1145364 0.3492551 0.1120148 0.3571121 0.1145365 0.3635543 0.1192613 0.3571121 0.1145364 0.3571121 0.1145365 0.3492551 0.1120148 0.3374094 0.1100519 0.3374091 0.1100519 0.3492553 0.1120148 0.3374094 0.1100519 0.3374094 0.1100519 0.3374094 0.1100519 0.3187975 0.1074311 0.3374091 0.1100519 0.3374094 0.1100519 0.3187977 0.1074311 0.3374094 0.1100519 0.3187977 0.1074311 0.3418441 0.1106333 0.3193329 0.1074312 0.3492553 0.1120148 0.3418441 0.1106333 0.3374094 0.1100519 0.3187977 0.1074311 0.2968217 0.104229 0.2965468 0.1048099 0.3187977 0.1074311 0.2965468 0.1048099 0.2965468 0.1048099 0.2733796 0.1030843 0.2968217 0.104229 0.2734109 0.1029279 0.2965468 0.1048099 0.2733796 0.1030843 0.2965468 0.1048099 0.2965468 0.1048099 0.2733796 0.1030844 0.2965468 0.1048099 0.3187975 0.1074311 0.2965468 0.1048099 0.2965468 0.1048099 0.2733796 0.1030844 0.25 0.102422 0.25 0.1024221 0.2733796 0.1030843 0.25 0.102422 0.25 0.102422 0.25 0.102422 0.2266204 0.1030844 0.25 0.1024221 0.25 0.102422 0.2266204 0.1030843 0.25 0.102422 0.2266204 0.1030843 0.25 0.1016269 0.2265892 0.102928 0.2733796 0.1030843 0.25 0.1016269 0.25 0.102422 0.2266204 0.1030843 0.2031784 0.104229 0.2034532 0.1048099 0.2266204 0.1030843 0.2034532 0.1048099 0.2034532 0.1048099 0.1811016 0.1074443 0.2031784 0.104229 0.1806672 0.1074312 0.2034532 0.1048099 0.1810763 0.1074476 0.2034532 0.1048099 0.2034532 0.1048099 0.1809589 0.107463 0.2034533 0.1048099 0.2266204 0.1030844 0.2034532 0.1048099 0.2034533 0.1048099 0.1809589 0.107463 0.1619347 0.1101379 0.160761 0.1102918 0.1810763 0.1074476 0.1621875 0.1101047 0.1619347 0.1101379 0.1619347 0.1101379 0.1504614 0.1119751 0.160761 0.1102918 0.1621875 0.1101047 0.1505981 0.1119943 0.1619347 0.1101379 0.1506274 0.1119984 0.158156 0.1106333 0.1501582 0.1119327 0.1811016 0.1074443 0.158156 0.1106333 0.1621875 0.1101047 0.1506274 0.1119984 0.1421604 0.1132321 0.1428218 0.1144178 0.1505981 0.1119943 0.1428218 0.1144178 0.1427803 0.1143435 0.1364411 0.1192108 0.1421604 0.1132321 0.1365436 0.1187999 0.1428218 0.1144178 0.136437 0.1192034 0.1427803 0.1143435 0.1427803 0.1143435 0.1364177 0.119169 0.1425877 0.1139983 0.1504614 0.1119751 0.1427803 0.1143435 0.1425877 0.1139983 0.1364177 0.119169 0.1294435 0.1269406 0.1294434 0.1269408 0.136437 0.1192034 0.1294435 0.1269406 0.1294435 0.1269406 0.1294435 0.1269406 0.1203805 0.1386886 0.1294434 0.1269408 0.1294435 0.1269406 0.1203805 0.1386885 0.1294435 0.1269406 0.1203805 0.1386885 0.1309267 0.1243677 0.1204557 0.1383558 0.1364411 0.1192108 0.1309267 0.1243677 0.1294435 0.1269406 0.1203805 0.1386885 0.1099846 0.1523439 0.1108067 0.1526985 0.1203805 0.1386885 0.1108067 0.1526985 0.1108067 0.1526985 0.1024011 0.1675664 0.1099846 0.1523439 0.1022039 0.1674925 0.1108067 0.1526985 0.1024011 0.1675664 0.1108067 0.1526985 0.1203805 0.1386886 0.1108067 0.1526985 0.1108067 0.1526985 0.1108067 0.1526985 0.1024012 0.1675664 0.1108067 0.1526985 0.1024012 0.1675664 0.09533661 0.1829367 0.09533673 0.1829367 0.1024011 0.1675664 0.09533661 0.1829367 0.09533661 0.1829367 0.09533661 0.1829367 0.08985376 0.1988097 0.09533673 0.1829367 0.09533661 0.1829367 0.08984726 0.1988087 0.09533661 0.1829367 0.08984589 0.1988084 0.09442323 0.1826409 0.08963191 0.1987574 0.1024011 0.1675664 0.09442323 0.1826409 0.09533661 0.1829367 0.08984589 0.1988084 0.08484053 0.2148737 0.08581024 0.2150277 0.08984726 0.1988087 0.08581024 0.2150277 0.08581578 0.2150285 0.08344525 0.231509 0.08484053 0.2148737 0.08322274 0.2314939 0.08581024 0.2150277 0.08344668 0.2315093 0.08581578 0.2150285 0.08581578 0.2150285 0.08345317 0.2315103 0.08584153 0.2150326 0.08985376 0.1988097 0.08581578 0.2150285 0.08584153 0.2150326 0.08345317 0.2315103 0.08259361 0.2480933 0.08259367 0.2480933 0.08344668 0.2315092 0.08259361 0.2480933 0.08259361 0.2480933 0.08259361 0.2480933 0.08339208 0.2646519 0.08259367 0.2480933 0.08259361 0.2480933 0.08341771 0.2646465 0.08259361 0.2480933 0.08342325 0.2646453 0.08160489 0.248114 0.08322274 0.2646663 0.08344525 0.231509 0.08160489 0.248114 0.08259361 0.2480933 0.08342325 0.2646453 0.08484053 0.2812185 0.08572208 0.2810322 0.08341771 0.2646465 0.08572208 0.2810322 0.08566683 0.2810439 0.08980309 0.297046 0.08484053 0.2812185 0.08963191 0.2970998 0.08572208 0.2810322 0.08979237 0.2970494 0.08566683 0.2810439 0.08566683 0.2810439 0.08974254 0.2970651 0.08541017 0.2810981 0.08339208 0.2646519 0.08566683 0.2810439 0.08541017 0.2810981 0.08974254 0.2970651 0.09520155 0.3126519 0.09495985 0.3127541 0.08979237 0.2970494 0.09525364 0.3126299 0.09520155 0.3126519 0.09520155 0.3126519 0.1023576 0.327508 0.09495985 0.3127541 0.09525364 0.3126299 0.1023764 0.3275014 0.09520155 0.3126519 0.08980309 0.297046 0.09442329 0.312981 0.09525364 0.3126299 0.1023803 0.3275 0.09442329 0.312981 0.1022039 0.3275981 0.1023803 0.3275 0.1099846 0.3422152 0.1108067 0.3416606 0.1023764 0.3275014 0.1108067 0.3416606 0.1108114 0.3416575 0.1206285 0.3548744 0.1099846 0.3422152 0.1204556 0.3550174 0.1108067 0.3416606 0.1206306 0.3548726 0.1108114 0.3416575 0.1108114 0.3416575 0.1206408 0.3548642 0.1108332 0.3416427 0.1023576 0.327508 0.1108114 0.3416575 0.1108332 0.3416427 0.1206408 0.3548642 0.1316298 0.3671123 0.1316483 0.3670936 0.1206306 0.3548726 0.1316258 0.3671163 0.1316298 0.3671123 0.1316298 0.3671122 0.1438376 0.3781345 0.1316483 0.3670936 0.1316258 0.3671163 0.1438293 0.3781446 0.1316298 0.3671122 0.1438275 0.3781468 0.1309266 0.3678194 0.1436856 0.3783205 0.1206285 0.3548744 0.1309266 0.3678194 0.1316258 0.3671163 0.1438275 0.3781468 0.1564447 0.3888216 0.1569939 0.3879964 0.1438293 0.3781446 0.1569939 0.3879964 0.156997 0.3879917 0.1710981 0.396445 0.1564447 0.3888216 0.1710013 0.3966221 0.1569939 0.3879964 0.1710968 0.396449 0.1569971 0.3879917 0.1569971 0.3879917 0.1710904 0.3964678 0.1570116 0.3879698 0.1438376 0.3781345 0.156997 0.3879917 0.1570116 0.3879698 0.1710904 0.3964678 0.1858804 0.4036421 0.1857802 0.4038845 0.1710968 0.396449 0.1859019 0.4035899 0.1858804 0.4036421 0.1858804 0.4036421 0.2013864 0.4091144 0.1857802 0.4038845 0.1859019 0.4035899 0.2014015 0.4090645 0.1858804 0.4036421 0.2014048 0.4090537 0.185558 0.4044226 0.2013528 0.4092254 0.1710981 0.396445 0.185558 0.4044226 0.1859019 0.4035899 0.2014048 0.4090537 0.2171477 0.414028 0.2173231 0.4131443 0.2014015 0.4090645 0.2173231 0.4131443 0.2173121 0.4131997 0.2335914 0.4154485 0.2171477 0.414028 0.2335739 0.4156495 0.2173231 0.4131443 0.2335903 0.4154526 0.2173121 0.4131997 0.2173121 0.4131997 0.2335852 0.4154717 0.2172611 0.413457 0.2013864 0.4091144 0.2173121 0.4131997 0.2172611 0.413457 0.2335852 0.4154717 0.2500001 0.4162744 0.2500001 0.4162482 0.2335903 0.4154526 0.2500001 0.4162801 0.2500001 0.4162744 0.2500001 0.4162744 0.2664043 0.4154185 0.2500001 0.4162482 0.2500001 0.4162801 0.2664043 0.4154251 0.2500001 0.4162744 0.2335914 0.4154485 0.25 0.417271 0.2500001 0.4162801 0.2664043 0.4154265 0.25 0.417271 0.2664262 0.4156496 0.2500001 0.4162482 0.2664042 0.4154123 0.2500001 0.416224 0.2335805 0.4154891 0.2500001 0.4162482 0.2500001 0.416224 0.2500001 0.416224 0.2664043 0.4154012 0.2499999 0.4161883 0.2335739 0.4155116 0.2500001 0.416224 0.2499999 0.4161883 0.2172611 0.413457 0.2335805 0.4154891 0.2172145 0.4136916 0.2172145 0.4136916 0.2335739 0.4155116 0.2171511 0.4140104 0.2171511 0.4140104 0.2335739 0.4155158 0.2171486 0.4140235 0.2335739 0.4155158 0.2499999 0.4161883 0.2500001 0.4161983 0.2171486 0.4140235 0.2335739 0.4155181 0.2171478 0.414028 0.2335739 0.4155181 0.2500001 0.4161983 0.2500001 0.4162049 0.2499999 0.4161883 0.2664054 0.4154108 0.2500001 0.4161983 0.2500001 0.4161983 0.2664061 0.4154169 0.2500001 0.4162049 0.2664244 0.4155466 0.2500001 0.4162049 0.2664061 0.4154169 0.2335739 0.4155557 0.2500001 0.4162049 0.2500001 0.4163553 0.2500001 0.4163577 0.2335739 0.4155557 0.2500001 0.4163553 0.2664244 0.4155466 0.2500001 0.4163577 0.2500001 0.4163553 0.2335739 0.4155557 0.2171487 0.4140234 0.2171478 0.414028 0.2171478 0.414028 0.2335739 0.4155181 0.2335739 0.4155557 0.2335739 0.4155558 0.2171514 0.4140099 0.2171487 0.4140234 0.2500001 0.4163556 0.2335739 0.4155558 0.2500001 0.4163577 0.2335739 0.4155541 0.2172148 0.4136899 0.2171514 0.4140099 0.2500001 0.41637 0.2335739 0.4155541 0.2500001 0.4163556 0.2664249 0.4155495 0.2500001 0.4163556 0.2500001 0.4163577 0.2664254 0.4155502 0.2500001 0.41637 0.2500001 0.4163556 0.2664195 0.4155257 0.2500001 0.4163702 0.2500001 0.41637 0.2500001 0.4163702 0.2335806 0.4155256 0.2500001 0.41637 0.2664149 0.4155025 0.2500001 0.4163702 0.2500001 0.4163702 0.2500001 0.4163702 0.2335852 0.4155024 0.2500001 0.4163702 0.2335806 0.4155256 0.2172608 0.4134582 0.2172148 0.4136899 0.2335852 0.4155024 0.2173116 0.4132025 0.2172608 0.4134582 0.2335903 0.4154769 0.2173231 0.4131444 0.2173116 0.4132025 0.2335903 0.4154769 0.2500001 0.4163702 0.2335914 0.4154711 0.2335914 0.4154711 0.25 0.417271 0.2335739 0.4156495 0.2335914 0.4154711 0.2171477 0.414028 0.2173231 0.4131444 0.2014134 0.4090329 0.2171477 0.414028 0.2013528 0.4092253 0.2014128 0.4090374 0.2173231 0.4131444 0.2014134 0.4090329 0.2014134 0.4090329 0.185558 0.4044226 0.1859363 0.4035066 0.2014128 0.4090374 0.1859363 0.4035066 0.1859386 0.4035011 0.2173116 0.4132025 0.2014102 0.4090569 0.2172608 0.4134582 0.2014102 0.4090569 0.1859386 0.4035011 0.1859486 0.403477 0.1859386 0.4035011 0.1711142 0.3964102 0.1859486 0.403477 0.1711081 0.3964216 0.1859363 0.4035066 0.1711068 0.3964242 0.1711142 0.3964102 0.1569972 0.3879916 0.1570117 0.3879698 0.1711081 0.3964216 0.1569939 0.3879964 0.1569972 0.3879916 0.1711068 0.3964242 0.185558 0.4044226 0.1710013 0.3966221 0.1711068 0.3964242 0.1564447 0.3888216 0.1569939 0.3879964 0.1438117 0.3781628 0.1564447 0.3888216 0.1436856 0.3783205 0.1438083 0.3781658 0.1569939 0.3879964 0.1438117 0.3781628 0.1438117 0.3781628 0.1309266 0.3678194 0.1315622 0.3671802 0.1438083 0.3781658 0.1315622 0.3671802 0.1315204 0.3672223 0.1569972 0.3879915 0.1437935 0.3781789 0.1570117 0.3879698 0.1437935 0.3781789 0.1315204 0.3672223 0.1313365 0.3674072 0.1315204 0.3672223 0.1205448 0.3549436 0.1313365 0.3674072 0.1205848 0.3549105 0.1315622 0.3671802 0.1205939 0.354903 0.1205448 0.3549436 0.1106827 0.3417443 0.1104665 0.3418901 0.1205848 0.3549105 0.1107319 0.3417111 0.1106827 0.3417443 0.1205939 0.354903 0.1309266 0.3678194 0.1204556 0.3550173 0.1205939 0.354903 0.1099846 0.3422152 0.1107319 0.3417111 0.1023824 0.3275038 0.1099846 0.3422152 0.1022039 0.3275981 0.1023789 0.3275066 0.1107319 0.3417111 0.1023824 0.3275038 0.1023824 0.3275038 0.09442329 0.312981 0.09533667 0.3125947 0.1023789 0.3275066 0.09533667 0.3125947 0.09534209 0.3125925 0.1106827 0.3417443 0.1023633 0.3275186 0.1104665 0.3418901 0.1023633 0.3275186 0.09534209 0.3125925 0.09536617 0.3125823 0.09534215 0.3125924 0.08979994 0.2970408 0.09536617 0.3125823 0.08981943 0.2970379 0.09533667 0.3125947 0.08982384 0.2970373 0.08979994 0.2970408 0.08566409 0.2810444 0.08540904 0.2810984 0.08981943 0.2970379 0.08572208 0.2810322 0.08566409 0.2810444 0.08982384 0.2970373 0.09442329 0.312981 0.08963191 0.2970998 0.08982384 0.2970373 0.08484053 0.2812185 0.08572208 0.2810322 0.08340078 0.2646458 0.08484053 0.2812185 0.08322274 0.2646663 0.08339494 0.264647 0.08572208 0.2810322 0.08340078 0.2646458 0.08340078 0.2646458 0.08160489 0.248114 0.08250373 0.2480952 0.08339494 0.264647 0.08250373 0.2480952 0.08250373 0.2480951 0.08566409 0.2810444 0.08336949 0.2646524 0.08540904 0.2810984 0.08336949 0.2646524 0.08250373 0.2480951 0.08250373 0.2480951 0.08250373 0.2480951 0.08340078 0.231506 0.08250373 0.2480951 0.08340078 0.231506 0.08250373 0.2480952 0.08340078 0.231506 0.08340078 0.231506 0.08572208 0.2150137 0.08572214 0.2150137 0.08340078 0.231506 0.08572208 0.2150137 0.08572208 0.2150137 0.08340078 0.231506 0.08160489 0.248114 0.08322274 0.2314939 0.08340078 0.231506 0.08484053 0.2148737 0.08572208 0.2150137 0.08980309 0.1987982 0.08484053 0.2148737 0.08963191 0.1987574 0.08979761 0.1987965 0.08572208 0.2150137 0.08980309 0.1987982 0.08980309 0.1987982 0.09442323 0.1826409 0.09525358 0.1829099 0.08979761 0.1987965 0.09525358 0.1829099 0.09519892 0.1828922 0.08572208 0.2150137 0.08977359 0.1987887 0.08572214 0.2150137 0.08977359 0.1987887 0.09519892 0.1828922 0.09495872 0.1828143 0.09519892 0.1828922 0.1023509 0.1675501 0.09495872 0.1828143 0.1023749 0.1675578 0.09525358 0.1829099 0.1023803 0.1675596 0.1023509 0.1675501 0.1108067 0.1526985 0.1108067 0.1526985 0.1108067 0.1526985 0.1023749 0.1675578 0.1023803 0.1675596 0.1023803 0.1675596 0.09442323 0.1826409 0.1022039 0.1674925 0.1023803 0.1675596 0.1099846 0.1523439 0.1108067 0.1526985 0.1203805 0.1386885 0.1099846 0.1523439 0.1204557 0.1383558 0.1203805 0.1386885 0.1108067 0.1526985 0.1203805 0.1386885 0.1203805 0.1386885 0.1309267 0.1243677 0.1294435 0.1269406 0.1203805 0.1386885 0.1294435 0.1269406 0.1294435 0.1269406 0.1108067 0.1526985 0.1203805 0.1386885 0.1108067 0.1526985 0.1203805 0.1386885 0.1294435 0.1269406 0.1294435 0.1269407 0.1294435 0.1269406 0.1364635 0.1192511 0.1294435 0.1269407 0.1364588 0.1192424 0.1294435 0.1269406 0.1364577 0.1192405 0.1364635 0.1192511 0.1428923 0.1145442 0.1429114 0.1145785 0.1364588 0.1192424 0.1428879 0.1145364 0.1428923 0.1145442 0.1364577 0.1192405 0.1309267 0.1243677 0.1365436 0.1187999 0.1364577 0.1192405 0.1421604 0.1132321 0.1428879 0.1145364 0.1507448 0.1120148 0.1421604 0.1132321 0.1501582 0.1119327 0.1507526 0.1120159 0.1428879 0.1145364 0.1507448 0.1120148 0.1507448 0.1120148 0.158156 0.1106333 0.1625906 0.1100519 0.1507525 0.1120159 0.1625906 0.1100519 0.1626172 0.1100484 0.1428923 0.1145442 0.1507866 0.1120207 0.1429114 0.1145785 0.1507866 0.1120207 0.1626172 0.1100484 0.162734 0.1100331 0.1626172 0.1100484 0.1812382 0.1074264 0.162734 0.1100331 0.181209 0.1074302 0.1625906 0.1100519 0.1812024 0.1074311 0.1812382 0.1074264 0.2034533 0.1048099 0.2034533 0.1048099 0.181209 0.1074302 0.2034533 0.1048099 0.2034533 0.1048099 0.1812024 0.1074311 0.158156 0.1106333 0.1806672 0.1074312 0.1812024 0.1074311 0.2031783 0.104229 0.2034533 0.1048099 0.2266204 0.1030843 0.2031783 0.104229 0.2265892 0.102928 0.2266204 0.1030843 0.2034533 0.1048099 0.2266204 0.1030843 0.2266204 0.1030843 0.25 0.1016269 0.25 0.102422 0.2266204 0.1030843 0.25 0.102422 0.25 0.102422 0.2034533 0.1048099 0.2266204 0.1030843 0.2034533 0.1048099 0.2266204 0.1030843 0.25 0.102422 0.25 0.102422 0.25 0.102422 0.2733796 0.1030843 0.25 0.102422 0.2733796 0.1030843 0.25 0.102422 0.2733796 0.1030843 0.2733796 0.1030843 0.2965468 0.1048099 0.2965468 0.1048099 0.2733796 0.1030843 0.2965468 0.1048099 0.2965468 0.1048099 0.2733796 0.1030843 0.25 0.1016269 0.2734109 0.1029279 0.2733796 0.1030843 0.2968217 0.104229 0.2965468 0.1048099 0.3187977 0.1074311 0.2968217 0.104229 0.3193329 0.1074312 0.3187977 0.1074311 0.2965468 0.1048099 0.3187977 0.1074311 0.3187977 0.1074311 0.3418441 0.1106333 0.3374094 0.1100519 0.3187977 0.1074311 0.3374094 0.1100519 0.3374094 0.1100519 0.2965468 0.1048099 0.3187977 0.1074311 0.2965468 0.1048099 0.3187977 0.1074311 0.3374094 0.1100519 0.3374093 0.1100519 0.3374094 0.1100519 0.3492552 0.1120148 0.3374093 0.1100519 0.3492553 0.1120148 0.3374094 0.1100519 0.3492553 0.1120148 0.3492552 0.1120148 0.3571121 0.1145364 0.3571121 0.1145364 0.3492553 0.1120148 0.3571121 0.1145364 0.3571121 0.1145364 0.3492553 0.1120148 0.3418441 0.1106333 0.3498418 0.1119327 0.3492553 0.1120148 0.3578396 0.1132321 0.3571121 0.1145364 0.3635087 0.119182 0.3578396 0.1132321 0.3634565 0.1187999 0.3634998 0.1191666 0.3571121 0.1145364 0.3635087 0.119182 0.3635087 0.119182 0.3690733 0.1243677 0.3704217 0.1267067 0.3634998 0.1191666 0.3704217 0.1267067 0.370333 0.1265528 0.3571121 0.1145364 0.3634608 0.119099 0.3571121 0.1145364 0.3634608 0.119099 0.370333 0.1265528 0.3699429 0.125876 0.370333 0.1265528 0.3795567 0.1385389 0.3699429 0.125876 0.3795956 0.1386066 0.3704217 0.1267067 0.3796045 0.1386219 0.3795567 0.1385389 0.3892681 0.1526663 0.3892681 0.1526663 0.3795956 0.1386066 0.3892681 0.1526663 0.3892681 0.1526663 0.3796045 0.1386219 0.3690733 0.1243677 0.3795444 0.1383559 0.3796045 0.1386219 0.3900154 0.1523439 0.3892681 0.1526663 0.3976384 0.1675516 0.3900154 0.1523439 0.3977961 0.1674925 0.3976384 0.1675516 0.3892681 0.1526663 0.3976384 0.1675516 0.3976384 0.1675516 0.4055768 0.182641 0.4047465 0.1829099 0.3976383 0.1675516 0.4047465 0.1829099 0.4047465 0.1829099 0.3892681 0.1526663 0.3976383 0.1675516 0.3892681 0.1526663 0.3976383 0.1675516 0.4047465 0.1829099 0.4047464 0.1829099 0.4047465 0.1829099 0.4102283 0.1987933 0.4047464 0.1829099 0.4102028 0.1987974 0.4047465 0.1829099 0.410197 0.1987982 0.4102283 0.1987933 0.4143359 0.2150045 0.414591 0.214964 0.4102028 0.1987974 0.4142779 0.2150137 0.4143359 0.2150045 0.410197 0.1987982 0.4055768 0.182641 0.4103682 0.1987574 0.410197 0.1987982 0.4151594 0.2148737 0.4142779 0.2150137 0.4165768 0.2315055 0.4151594 0.2148737 0.4167773 0.2314939 0.4165812 0.2315046 0.4142779 0.2150137 0.4165768 0.2315055 0.4165768 0.2315055 0.4183951 0.248114 0.4174064 0.2480933 0.4165812 0.2315046 0.4174064 0.2480933 0.4174005 0.2480931 0.414336 0.2150045 0.4166001 0.2315004 0.414591 0.214964 0.4166001 0.2315004 0.4174005 0.2480931 0.4173744 0.2480926 0.4174005 0.2480931 0.4165389 0.2646389 0.4173744 0.2480926 0.4165518 0.2646403 0.4174064 0.2480933 0.4165548 0.2646406 0.4165389 0.2646389 0.4141839 0.2810123 0.4141584 0.2810069 0.4141897 0.2810136 0.4165518 0.2646403 0.4165548 0.2646406 0.4165548 0.2646406 0.4183951 0.248114 0.4167773 0.2646663 0.4165548 0.2646406 0.4151594 0.2812186 0.4141897 0.2810136 0.4101542 0.2970325 0.4151594 0.2812186 0.4103682 0.2970997 0.4101527 0.2970322 0.4141897 0.2810136 0.4101542 0.2970325 0.4101542 0.2970325 0.4055768 0.3129808 0.4046634 0.3125947 0.4101527 0.2970322 0.4046634 0.3125947 0.4046634 0.3125947 0.4141839 0.2810123 0.4101462 0.2970309 0.4141584 0.2810069 0.4101462 0.2970309 0.4046634 0.3125947 0.4046633 0.3125946 0.4046634 0.3125947 0.3975989 0.3274912 0.4046633 0.3125946 0.3975989 0.3274912 0.4046634 0.3125947 0.3975989 0.3274912 0.3975989 0.3274912 0.3891934 0.3416607 0.3891934 0.3416607 0.3975989 0.3274912 0.3891934 0.3416607 0.3891934 0.3416607 0.3975989 0.3274912 0.4055768 0.3129808 0.3977962 0.3275981 0.3975989 0.3274912 0.3900154 0.3422154 0.3891934 0.3416607 0.3793874 0.3548904 0.3900154 0.3422154 0.3795444 0.3550174 0.3793916 0.3548946 0.3891934 0.3416607 0.3793874 0.3548904 0.3793874 0.3548904 0.3690733 0.3678194 0.3684378 0.3671802 0.3793916 0.3548946 0.3684378 0.3671802 0.3684797 0.3672223 0.3891934 0.3416607 0.3794099 0.3549132 0.3891934 0.3416607 0.3794099 0.3549132 0.3684797 0.3672223 0.3686635 0.3674073 0.3684797 0.3672223 0.3562412 0.3782309 0.3686635 0.3674073 0.3562083 0.3781907 0.3684378 0.3671802 0.3562008 0.3781815 0.3562412 0.3782309 0.3430888 0.3881207 0.3432333 0.3883378 0.3562083 0.3781907 0.343056 0.3880714 0.3430888 0.3881207 0.3562008 0.3781815 0.3690733 0.3678194 0.3563144 0.3783205 0.3562008 0.3781815 0.3435553 0.3888215 0.343056 0.3880714 0.3289057 0.396443 0.3435553 0.3888215 0.3289986 0.3966221 0.328909 0.3964479 0.343056 0.3880714 0.3289057 0.396443 0.3289057 0.396443 0.3144419 0.4044226 0.3140636 0.4035066 0.328909 0.3964479 0.3140636 0.4035066 0.3140636 0.4035066 0.3430888 0.3881207 0.3289234 0.3964696 0.3432333 0.3883378 0.3289234 0.3964696 0.3140636 0.4035066 0.3140636 0.4035066 0.3140636 0.4035066 0.2985928 0.4090643 0.3140636 0.4035066 0.2985877 0.4090387 0.3140636 0.4035066 0.2985866 0.409033 0.2985928 0.4090643 0.2826885 0.4132027 0.2827393 0.4134583 0.2985877 0.4090387 0.282677 0.4131445 0.2826885 0.4132027 0.2985866 0.409033 0.3144419 0.4044226 0.2986471 0.4092254 0.2985866 0.409033 0.2828523 0.4140281 0.282677 0.4131445 0.2664086 0.4154711 0.2828523 0.4140281 0.2664262 0.4156496 0.2664098 0.4154769 0.282677 0.4131445 0.2664086 0.4154711 0.2664086 0.4154711 0.25 0.417271 0.2500001 0.4163702 0.2500001 0.4163702 0.2664098 0.415477 0.2664086 0.4154711 0.2826886 0.4132027 0.2664149 0.4155025 0.2827393 0.4134583 0.2827393 0.4134583 0.2664195 0.4155257 0.2827852 0.41369 0.2985974 0.4090874 0.2827393 0.4134583 0.2827852 0.41369 0.2827852 0.41369 0.2664254 0.4155502 0.2828423 0.4139778 0.2986018 0.4091136 0.2827852 0.41369 0.2828423 0.4139778 0.3140636 0.4035065 0.2986018 0.4091136 0.3140606 0.4034993 0.3140636 0.4035066 0.2985974 0.4090874 0.3140636 0.4035065 0.3289365 0.3964892 0.3140636 0.4035066 0.3140636 0.4035065 0.3289515 0.3965103 0.3140636 0.4035065 0.3140606 0.4034993 0.3433642 0.3885346 0.3289515 0.3965103 0.3435255 0.3887767 0.3432333 0.3883378 0.3289365 0.3964892 0.3433642 0.3885346 0.3562709 0.3782674 0.3432333 0.3883378 0.3433642 0.3885346 0.3563088 0.3783136 0.3433642 0.3885346 0.3435255 0.3887767 0.3688302 0.3675749 0.3563088 0.3783136 0.3690374 0.3677835 0.3686635 0.3674073 0.3562709 0.3782674 0.3688302 0.3675749 0.3794265 0.3549299 0.3686635 0.3674073 0.3688302 0.3675749 0.3794447 0.3549492 0.3688302 0.3675749 0.3690374 0.3677835 0.3891932 0.3416607 0.3794447 0.3549492 0.3891862 0.3416561 0.3891934 0.3416607 0.3794265 0.3549299 0.3891932 0.3416607 0.3975988 0.3274912 0.3891934 0.3416607 0.3891932 0.3416607 0.3975918 0.3274874 0.3891932 0.3416607 0.3891862 0.3416561 0.4046633 0.3125946 0.3975918 0.3274874 0.4046549 0.3125911 0.4046633 0.3125946 0.3975988 0.3274912 0.4046633 0.3125946 0.4101403 0.2970296 0.4046633 0.3125946 0.4046633 0.3125946 0.4101241 0.2970254 0.4046633 0.3125946 0.4046549 0.3125911 0.4141352 0.281002 0.4101241 0.2970254 0.4140933 0.2809931 0.4141584 0.2810069 0.4101403 0.2970296 0.4141352 0.281002 0.4165017 0.2646346 0.4141352 0.281002 0.4140933 0.2809931 0.4165271 0.2646375 0.4141584 0.2810069 0.4141352 0.281002 0.4173508 0.2480921 0.4165017 0.2646346 0.4173086 0.2480911 0.4173744 0.2480926 0.4165271 0.2646375 0.4173508 0.2480921 0.4166173 0.2314966 0.4173744 0.2480926 0.4173508 0.2480921 0.4166334 0.2314917 0.4173508 0.2480921 0.4173086 0.2480911 0.4148222 0.2149273 0.4166334 0.2314917 0.4151062 0.2148822 0.414591 0.214964 0.4166173 0.2314966 0.4148222 0.2149273 0.4102513 0.1987896 0.414591 0.214964 0.4148222 0.2149273 0.4102755 0.1987866 0.4148222 0.2149273 0.4151062 0.2148822 0.4047464 0.1829099 0.4102755 0.1987866 0.4047325 0.1829144 0.4047464 0.1829099 0.4102513 0.1987896 0.4047464 0.1829099 0.3976383 0.1675516 0.4047464 0.1829099 0.4047464 0.1829099 0.3976289 0.1675551 0.4047464 0.1829099 0.4047325 0.1829144 0.389268 0.1526663 0.3976289 0.1675551 0.3892555 0.1526718 0.3892681 0.1526663 0.3976383 0.1675516 0.389268 0.1526663 0.3795212 0.1384776 0.3892681 0.1526663 0.389268 0.1526663 0.3794723 0.1384025 0.389268 0.1526663 0.3892555 0.1526718 0.3695893 0.1252626 0.3794723 0.1384025 0.3691523 0.124507 0.3699429 0.125876 0.3795212 0.1384776 0.3695893 0.1252626 0.3634254 0.1190377 0.3699429 0.125876 0.3695893 0.1252626 0.3633781 0.1189659 0.3695893 0.1252626 0.3691523 0.124507 0.357112 0.1145365 0.3633781 0.1189659 0.3571037 0.1145465 0.3571121 0.1145364 0.3634254 0.1190377 0.357112 0.1145365 0.3492549 0.1120149 0.3571121 0.1145364 0.357112 0.1145365 0.3492341 0.1120178 0.357112 0.1145365 0.3571037 0.1145465 0.3374089 0.1100519 0.3492341 0.1120178 0.3373734 0.1100484 0.3374093 0.1100519 0.3492549 0.1120149 0.3374089 0.1100519 0.3187974 0.1074311 0.3374093 0.1100519 0.3374089 0.1100519 0.3187784 0.1074311 0.3374089 0.1100519 0.3373734 0.1100484 0.2965468 0.10481 0.3187784 0.1074311 0.2965419 0.1048147 0.2965468 0.1048099 0.3187974 0.1074311 0.2965468 0.10481 0.2733796 0.1030844 0.2965468 0.1048099 0.2965468 0.10481 0.2733785 0.1030899 0.2965468 0.10481 0.2965419 0.1048147 0.25 0.1024221 0.2733785 0.1030899 0.25 0.102429 0.25 0.102422 0.2733796 0.1030844 0.25 0.1024221 0.2266204 0.1030845 0.25 0.102422 0.25 0.1024221 0.2266215 0.10309 0.25 0.1024221 0.25 0.102429 0.2034533 0.10481 0.2266215 0.10309 0.2034584 0.1048147 0.2034533 0.1048099 0.2266204 0.1030845 0.2034533 0.10481 0.1812649 0.107423 0.2034533 0.1048099 0.2034533 0.10481 0.181302 0.1074206 0.2034533 0.10481 0.2034584 0.1048147 0.1628402 0.1100192 0.181302 0.1074206 0.1628654 0.1100172 0.162734 0.1100331 0.1812649 0.107423 0.1628402 0.1100192 0.1508176 0.112025 0.162734 0.1100331 0.1628402 0.1100192 0.1508595 0.1120309 0.1628402 0.1100192 0.1628654 0.1100172 0.1429288 0.1146097 0.1508595 0.1120309 0.142935 0.1146181 0.1429114 0.1145785 0.1508176 0.112025 0.1429288 0.1146097 0.1364678 0.1192591 0.1429114 0.1145785 0.1429288 0.1146097 0.1364678 0.11928 0.1429288 0.1146097 0.142935 0.1146181 0.1294434 0.1269409 0.1364678 0.11928 0.1294327 0.1269622 0.1294435 0.1269407 0.1364678 0.1192591 0.1294434 0.1269409 0.1203805 0.1386887 0.1294435 0.1269407 0.1294434 0.1269409 0.1203778 0.1387005 0.1294434 0.1269409 0.1294327 0.1269622 0.1108068 0.1526986 0.1203778 0.1387005 0.1108124 0.1527029 0.1108067 0.1526985 0.1203805 0.1386887 0.1108068 0.1526986 0.1023044 0.1675354 0.1108068 0.1526986 0.1108124 0.1527029 0.1023291 0.1675431 0.1108067 0.1526985 0.1108068 0.1526986 0.09474092 0.1827439 0.1023044 0.1675354 0.0944705 0.1826562 0.09495872 0.1828143 0.1023291 0.1675431 0.09474092 0.1827439 0.08975189 0.1987817 0.09495872 0.1828143 0.09474092 0.1827439 0.08972901 0.1987734 0.09474092 0.1827439 0.0944705 0.1826562 0.0857222 0.2150137 0.08972901 0.1987734 0.08573693 0.215016 0.08572214 0.2150137 0.08975189 0.1987817 0.0857222 0.2150137 0.0834009 0.231506 0.08572214 0.2150137 0.0857222 0.2150137 0.08341062 0.2315067 0.0857222 0.2150137 0.08573693 0.215016 0.08250385 0.2480952 0.08341062 0.2315067 0.08251577 0.248095 0.08250373 0.2480951 0.0834009 0.231506 0.08250385 0.2480952 0.08334642 0.2646573 0.08250373 0.2480951 0.08250385 0.2480952 0.08331722 0.2646643 0.08250385 0.2480952 0.08251577 0.248095 0.08517783 0.2811473 0.08331722 0.2646643 0.08485853 0.2812147 0.08540904 0.2810984 0.08334642 0.2646573 0.08517783 0.2811473 0.08978229 0.2970433 0.08540904 0.2810984 0.08517783 0.2811473 0.08975601 0.2970473 0.08517783 0.2811473 0.08485853 0.2812147 0.09538805 0.312573 0.08975601 0.2970473 0.09539318 0.3125708 0.09536617 0.3125823 0.08978229 0.2970433 0.09538805 0.312573 0.1023492 0.3275295 0.09536617 0.3125823 0.09538805 0.312573 0.102332 0.327543 0.09538805 0.312573 0.09539318 0.3125708 0.1102705 0.3420223 0.102332 0.327543 0.1100294 0.3421851 0.1104665 0.3418901 0.1023492 0.3275295 0.1102705 0.3420223 0.1205086 0.3549736 0.1104665 0.3418901 0.1102705 0.3420223 0.120463 0.3550112 0.1102705 0.3420223 0.1100294 0.3421851 0.1311698 0.3675748 0.120463 0.3550112 0.1309646 0.3677809 0.1313365 0.3674072 0.1205086 0.3549736 0.1311698 0.3675748 0.1437802 0.3781906 0.1313365 0.3674072 0.1311698 0.3675748 0.1437664 0.378201 0.1311698 0.3675748 0.1309646 0.3677809 0.1570249 0.38795 0.1437664 0.378201 0.1570482 0.3879148 0.1570117 0.3879698 0.1437802 0.3781906 0.1570249 0.38795 0.1711198 0.3963997 0.1570117 0.3879698 0.1570249 0.38795 0.1711301 0.3963816 0.1570249 0.38795 0.1570482 0.3879148 0.1859576 0.4034551 0.1711301 0.3963816 0.1859601 0.4034494 0.1859486 0.403477 0.1711198 0.3963997 0.1859576 0.4034551 0.2014079 0.4090745 0.1859486 0.403477 0.1859576 0.4034551 0.2014042 0.4091009 0.1859576 0.4034551 0.1859601 0.4034494 0.2172148 0.4136899 0.2014042 0.4091009 0.2171514 0.4140099 0.2172608 0.4134582 0.2014079 0.4090745 0.2172148 0.4136899 0.2171514 0.4140099 0.2014019 0.4091066 0.2171487 0.4140234 0.2014019 0.4091066 0.1859601 0.4034494 0.1859481 0.4034783 0.2171487 0.4140234 0.2014002 0.4091108 0.2171478 0.414028 0.2014002 0.4091107 0.1859481 0.4034783 0.1859366 0.4035059 0.1859601 0.4034494 0.1711259 0.39639 0.1859481 0.4034783 0.1859481 0.4034783 0.1711236 0.396395 0.1859366 0.403506 0.1711236 0.396395 0.1855921 0.40434 0.1859366 0.403506 0.1859366 0.4035059 0.2013571 0.409215 0.2014002 0.4091107 0.1855832 0.4043616 0.2013571 0.409215 0.1855921 0.40434 0.1710805 0.3964993 0.1855832 0.4043616 0.1855921 0.40434 0.2171478 0.414028 0.2013558 0.4092181 0.2171486 0.4140235 0.2014002 0.4091108 0.2171478 0.414028 0.2171478 0.414028 0.2013558 0.4092181 0.2171511 0.4140104 0.2171486 0.4140235 0.1855786 0.4043731 0.2013558 0.4092181 0.1855832 0.4043616 0.2013547 0.4092209 0.2172145 0.4136916 0.2171511 0.4140104 0.1856889 0.4041056 0.2013547 0.4092209 0.1855786 0.4043731 0.1710798 0.3965015 0.1855786 0.4043731 0.1855832 0.4043616 0.1710804 0.3965016 0.1856889 0.4041056 0.1855786 0.4043731 0.1710847 0.3964849 0.1857802 0.4038845 0.1856889 0.4041056 0.1857802 0.4038845 0.2013726 0.40916 0.1856889 0.4041056 0.1570116 0.3879698 0.1710847 0.3964849 0.157025 0.3879497 0.157025 0.3879497 0.1710804 0.3965016 0.1570484 0.387915 0.143858 0.3781089 0.157025 0.3879497 0.1570484 0.387915 0.1438453 0.378125 0.1570116 0.3879698 0.157025 0.3879497 0.1316483 0.3670936 0.1438453 0.378125 0.1316654 0.3670765 0.1316654 0.3670765 0.143858 0.3781089 0.1316702 0.3670717 0.1316702 0.3670717 0.1438518 0.378116 0.1316475 0.3670944 0.1438518 0.378116 0.1570484 0.387915 0.157045 0.3879197 0.1316475 0.3670944 0.143848 0.37812 0.1316263 0.3671158 0.143848 0.37812 0.157045 0.3879197 0.1570439 0.3879214 0.157045 0.3879197 0.1710805 0.3964993 0.1570439 0.3879214 0.1570484 0.387915 0.1710798 0.3965015 0.157045 0.3879197 0.1570439 0.3879214 0.143848 0.37812 0.1570439 0.3879214 0.1570439 0.3879215 0.1710805 0.3964993 0.1711236 0.396395 0.1711236 0.396395 0.157045 0.3879197 0.1570439 0.3879215 0.157045 0.3879197 0.1437684 0.3782001 0.1570439 0.3879214 0.1437684 0.3782001 0.1309733 0.3677725 0.1309897 0.367756 0.1309897 0.367756 0.143848 0.37812 0.1437684 0.3782001 0.1437667 0.3782016 0.1309646 0.3677809 0.1309733 0.3677725 0.1570482 0.3879148 0.1437667 0.3782016 0.157045 0.3879197 0.1309646 0.3677809 0.1204676 0.3550074 0.1309733 0.3677725 0.1309733 0.3677725 0.1204727 0.3550031 0.1309897 0.367756 0.1204727 0.3550031 0.1100394 0.3421782 0.1100587 0.3421652 0.1204676 0.3550074 0.1100294 0.3421851 0.1100394 0.3421782 0.1100294 0.3421851 0.1023288 0.3275437 0.1100394 0.3421782 0.1100394 0.3421782 0.1023275 0.3275436 0.1100587 0.3421652 0.1023275 0.3275436 0.1108072 0.3416603 0.1100587 0.3421652 0.1100587 0.3421652 0.1206459 0.35486 0.1204727 0.3550031 0.1108321 0.3416434 0.1206459 0.35486 0.1108072 0.3416602 0.102317 0.3275244 0.1108321 0.3416434 0.1108072 0.3416603 0.1206459 0.35486 0.1316475 0.3670944 0.1316263 0.3671158 0.1204727 0.3550031 0.1316263 0.3671158 0.1309897 0.367756 0.1206528 0.3548543 0.1316702 0.3670717 0.1316475 0.3670944 0.1108582 0.3416257 0.1206528 0.3548543 0.1108321 0.3416434 0.1206623 0.3548464 0.1316654 0.3670765 0.1316702 0.3670717 0.1108533 0.3416292 0.1206623 0.3548464 0.1108582 0.3416257 0.1023176 0.3275232 0.1108582 0.3416257 0.1108321 0.3416434 0.10232 0.3275209 0.1108533 0.3416292 0.1108582 0.3416257 0.1023406 0.3275138 0.1108332 0.3416427 0.1108533 0.3416292 0.1108332 0.3416427 0.1206501 0.3548565 0.1108533 0.3416292 0.09495985 0.3127541 0.1023406 0.3275138 0.09473937 0.3128473 0.09473937 0.3128473 0.10232 0.3275209 0.09447258 0.3129599 0.08963632 0.2970979 0.09473937 0.3128473 0.09447258 0.3129599 0.08969706 0.2970793 0.09495985 0.3127541 0.09473937 0.3128473 0.08541017 0.2810981 0.08969706 0.2970793 0.08517611 0.2811476 0.08517611 0.2811476 0.08963632 0.2970979 0.08485805 0.281215 0.08485805 0.281215 0.08963906 0.2970967 0.08484506 0.2812176 0.08963906 0.2970967 0.09447258 0.3129599 0.09448409 0.3129552 0.08484506 0.2812176 0.08964222 0.2970954 0.08484059 0.2812186 0.08964222 0.2970954 0.09448409 0.3129552 0.09450566 0.3129462 0.1023176 0.3275232 0.09450566 0.3129462 0.09448409 0.3129552 0.09447258 0.3129599 0.1023176 0.3275232 0.09448409 0.3129552 0.08974617 0.2970514 0.09450566 0.3129462 0.09533733 0.3125944 0.09533733 0.3125945 0.102317 0.3275244 0.1023275 0.3275436 0.1023275 0.3275436 0.09536474 0.3125829 0.09533733 0.3125945 0.09536474 0.3125829 0.08974617 0.2970514 0.09533733 0.3125944 0.08974617 0.2970514 0.08484518 0.2812176 0.08484053 0.2812185 0.08484053 0.2812185 0.08964222 0.2970954 0.08974617 0.2970514 0.08975028 0.2970497 0.08485853 0.2812147 0.08484518 0.2812176 0.09539318 0.3125708 0.08975028 0.2970497 0.09536474 0.3125829 0.08485853 0.2812147 0.08331489 0.2646644 0.08484518 0.2812176 0.08484518 0.2812176 0.08331447 0.2646644 0.08484053 0.2812185 0.08331447 0.2646644 0.08251112 0.248095 0.08251112 0.248095 0.08331489 0.2646644 0.08251577 0.248095 0.08251112 0.248095 0.08251577 0.248095 0.0834065 0.2315065 0.08251112 0.248095 0.08251112 0.248095 0.08340626 0.2315065 0.08251112 0.248095 0.08340626 0.2315065 0.08258616 0.2480934 0.08251112 0.248095 0.08331447 0.2646644 0.08258616 0.2480934 0.08333325 0.2646639 0.08259069 0.2480934 0.08333325 0.2646639 0.08258616 0.2480934 0.08346182 0.231512 0.08259069 0.2480934 0.08258616 0.2480934 0.08333325 0.2646639 0.08484506 0.2812176 0.08484053 0.2812185 0.08331447 0.2646644 0.08484053 0.2812185 0.08484053 0.2812185 0.08333486 0.2646639 0.08485805 0.281215 0.08484506 0.2812176 0.08259916 0.2480933 0.08333486 0.2646639 0.08259069 0.2480934 0.08333837 0.2646639 0.08517611 0.2811476 0.08485805 0.281215 0.08259391 0.2480933 0.08333837 0.2646639 0.08259916 0.2480933 0.08346563 0.2315123 0.08259916 0.2480933 0.08259069 0.2480934 0.08347332 0.2315129 0.08259391 0.2480933 0.08259916 0.2480933 0.08345925 0.2315112 0.08259367 0.2480933 0.08259391 0.2480933 0.08259367 0.2480933 0.08336877 0.2646569 0.08259391 0.2480933 0.08584153 0.2150326 0.08345925 0.2315112 0.08586519 0.2150364 0.08586519 0.2150364 0.08347332 0.2315129 0.08590072 0.215042 0.08987069 0.1988124 0.08586519 0.2150364 0.08590072 0.215042 0.08985984 0.1988107 0.08584153 0.2150326 0.08586519 0.2150364 0.09533673 0.1829367 0.08985984 0.1988107 0.09533691 0.1829368 0.09533691 0.1829368 0.08987069 0.1988124 0.09531497 0.1829296 0.09531497 0.1829296 0.08986145 0.1988101 0.0952869 0.1829206 0.08986145 0.1988101 0.08590072 0.215042 0.08589047 0.2150404 0.0952869 0.1829206 0.08985573 0.1988086 0.09526115 0.1829122 0.08985573 0.1988086 0.08589047 0.2150404 0.08588379 0.2150393 0.08589047 0.2150404 0.08346182 0.231512 0.08588385 0.2150393 0.08590072 0.215042 0.08346563 0.2315123 0.08589047 0.2150404 0.08973228 0.1987747 0.08588379 0.2150393 0.08573669 0.215016 0.08340626 0.2315065 0.08588385 0.2150393 0.08346182 0.231512 0.08340626 0.2315065 0.08573442 0.2150156 0.08573669 0.215016 0.08573442 0.2150156 0.08973228 0.1987747 0.08573669 0.215016 0.08973228 0.1987747 0.0944795 0.1826592 0.09449869 0.1826654 0.08973228 0.1987747 0.09526115 0.1829122 0.08985573 0.1988086 0.08972954 0.1987739 0.0944705 0.1826562 0.0944795 0.1826592 0.08573693 0.215016 0.08972954 0.1987739 0.08573442 0.2150156 0.0944705 0.1826562 0.1023042 0.1675351 0.0944795 0.1826592 0.0944795 0.1826592 0.1023059 0.1675355 0.09449869 0.1826654 0.1023059 0.1675355 0.1108081 0.1526996 0.1108067 0.1526985 0.1023042 0.1675351 0.1108124 0.1527029 0.1108081 0.1526996 0.1108081 0.1526996 0.1203805 0.1386885 0.1108067 0.1526985 0.1108124 0.1527029 0.1203798 0.1386916 0.1108081 0.1526996 0.1203805 0.1386885 0.1294407 0.1269461 0.1294435 0.1269406 0.1203798 0.1386916 0.1294327 0.1269622 0.1294407 0.1269461 0.1294327 0.1269622 0.1364678 0.119264 0.1294407 0.1269461 0.1294407 0.1269461 0.136466 0.1192554 0.1294435 0.1269406 0.1294435 0.1269406 0.1363832 0.119107 0.1294435 0.1269406 0.1203805 0.1386885 0.1294435 0.1269406 0.1203805 0.1386885 0.1294406 0.1269459 0.1203805 0.1386885 0.1294435 0.1269406 0.1363832 0.119107 0.1294406 0.1269459 0.1294435 0.1269406 0.1203805 0.1386885 0.1108083 0.1526997 0.1108067 0.1526985 0.1203805 0.1386885 0.1108067 0.1526985 0.1108067 0.1526985 0.1108083 0.1526997 0.1023926 0.1675636 0.1108067 0.1526985 0.1023059 0.1675355 0.1108067 0.1526985 0.1023926 0.1675636 0.1023926 0.1675636 0.0952869 0.1829206 0.09526115 0.1829122 0.1023059 0.1675355 0.09526115 0.1829122 0.09449869 0.1826654 0.102397 0.1675651 0.09531497 0.1829296 0.0952869 0.1829206 0.1108129 0.1527031 0.102397 0.1675651 0.1108083 0.1526997 0.1024045 0.1675679 0.09533691 0.1829368 0.09531497 0.1829296 0.1108069 0.1526986 0.1024045 0.1675679 0.1108129 0.1527031 0.1203778 0.1387005 0.1108069 0.1526986 0.1108129 0.1527031 0.1203798 0.1386916 0.1108129 0.1527031 0.1108083 0.1526997 0.1294431 0.1269414 0.1203778 0.1387005 0.1294322 0.1269614 0.1294322 0.1269614 0.1203798 0.1386916 0.1294406 0.1269459 0.1363791 0.1191052 0.1294322 0.1269614 0.1294406 0.1269459 0.1363725 0.1191091 0.1294431 0.1269414 0.1294322 0.1269614 0.1363999 0.1191378 0.1294434 0.1269408 0.1294431 0.1269414 0.1294434 0.1269408 0.1203804 0.1386889 0.1294431 0.1269414 0.1425877 0.1139983 0.1363999 0.1191378 0.1424121 0.1136835 0.1424121 0.1136835 0.1363725 0.1191091 0.1421985 0.1133033 0.150183 0.1119362 0.1424121 0.1136835 0.1421985 0.1133033 0.1503369 0.1119577 0.1425877 0.1139983 0.1424121 0.1136835 0.160761 0.1102918 0.1503369 0.1119577 0.1596904 0.1104322 0.1596904 0.1104322 0.150183 0.1119362 0.158393 0.1106026 0.158393 0.1106026 0.1501987 0.1119384 0.1584506 0.1105948 0.1501987 0.1119384 0.1421985 0.1133033 0.1422085 0.1133192 0.1501987 0.1119384 0.1585558 0.1105809 0.1584506 0.1105948 0.1502164 0.1119409 0.1422085 0.1133192 0.142226 0.1133497 0.1422085 0.1133192 0.1363832 0.119107 0.142226 0.1133497 0.1421985 0.1133033 0.1363791 0.1191052 0.1422085 0.1133192 0.1428884 0.1145373 0.1502164 0.1119409 0.142226 0.1133497 0.1428884 0.1145373 0.1363832 0.119107 0.136466 0.1192554 0.136466 0.1192554 0.1429108 0.1145767 0.1428884 0.1145373 0.1429108 0.1145767 0.1508039 0.1120231 0.1428884 0.1145373 0.1508039 0.1120231 0.1627271 0.1100344 0.162594 0.1100515 0.162594 0.1100515 0.1502164 0.1119409 0.1508039 0.1120231 0.1508273 0.1120264 0.1628654 0.1100172 0.1627271 0.1100344 0.142935 0.1146181 0.1508273 0.1120264 0.1429108 0.1145767 0.1628654 0.1100172 0.1812735 0.1074224 0.1627271 0.1100344 0.1627271 0.1100344 0.1812531 0.1074244 0.162594 0.1100515 0.1812531 0.1074244 0.2034545 0.1048111 0.2034532 0.1048099 0.1812735 0.1074224 0.2034584 0.1048147 0.2034545 0.1048111 0.2034584 0.1048147 0.2266207 0.1030858 0.2034545 0.1048111 0.2034545 0.1048111 0.2266204 0.1030843 0.2034533 0.1048099 0.2266204 0.1030843 0.2034533 0.1048099 0.2034533 0.1048099 0.1812531 0.1074244 0.2034533 0.1048099 0.1807484 0.1074906 0.2034538 0.1048112 0.1807484 0.1074906 0.2034533 0.1048099 0.2266204 0.1030843 0.2034538 0.1048112 0.2034533 0.1048099 0.1807484 0.1074906 0.1584506 0.1105948 0.1585558 0.1105809 0.1812531 0.1074244 0.1585558 0.1105809 0.162594 0.1100515 0.1807335 0.1074932 0.158393 0.1106026 0.1584506 0.1105948 0.2034556 0.104815 0.1807335 0.1074932 0.2034538 0.1048112 0.1807209 0.1074967 0.1596904 0.1104322 0.158393 0.1106026 0.2034534 0.1048101 0.1807209 0.1074967 0.2034556 0.104815 0.2266207 0.1030858 0.2034556 0.104815 0.2034538 0.1048112 0.2266215 0.10309 0.2034534 0.1048101 0.2034556 0.104815 0.2266204 0.1030845 0.2034533 0.1048099 0.2034534 0.1048101 0.2034533 0.1048099 0.1808519 0.1074771 0.2034534 0.1048101 0.25 0.1024221 0.2266204 0.1030845 0.25 0.1024222 0.25 0.1024222 0.2266215 0.10309 0.25 0.102429 0.2733785 0.1030899 0.25 0.1024222 0.25 0.102429 0.2733796 0.1030845 0.25 0.1024221 0.25 0.1024222 0.2965468 0.1048099 0.2733796 0.1030845 0.2965466 0.1048101 0.2965466 0.1048101 0.2733785 0.1030899 0.2965419 0.1048147 0.2965419 0.1048147 0.2733793 0.1030858 0.2965456 0.1048111 0.2733793 0.1030858 0.25 0.102429 0.25 0.1024238 0.2965456 0.1048111 0.2733796 0.1030843 0.2965468 0.1048099 0.2733796 0.1030843 0.25 0.1024238 0.25 0.1024219 0.25 0.1024238 0.2266204 0.1030843 0.25 0.102422 0.25 0.102429 0.2266207 0.1030858 0.25 0.1024238 0.2733796 0.1030843 0.25 0.1024219 0.25 0.102422 0.2266204 0.1030843 0.25 0.102422 0.2266204 0.1030843 0.2266204 0.1030843 0.2500001 0.1024238 0.25 0.102422 0.2500001 0.1024238 0.2733796 0.1030843 0.25 0.102422 0.2733796 0.1030843 0.2965456 0.1048111 0.2965468 0.1048099 0.2733796 0.1030843 0.2965468 0.1048099 0.2733796 0.1030843 0.2733793 0.1030858 0.2965419 0.1048147 0.2965456 0.1048111 0.25 0.102429 0.2733793 0.1030858 0.2500001 0.1024238 0.2965419 0.1048147 0.3187928 0.1074311 0.2965456 0.1048111 0.2965456 0.1048111 0.3187977 0.1074311 0.2965468 0.1048099 0.3187977 0.1074311 0.3374002 0.110051 0.3374094 0.1100519 0.3187928 0.1074311 0.3373734 0.1100484 0.3374002 0.110051 0.3373734 0.1100484 0.3492498 0.1120156 0.3374002 0.110051 0.3374002 0.110051 0.3492553 0.1120148 0.3374094 0.1100519 0.3492553 0.1120148 0.3374094 0.1100519 0.3374094 0.1100519 0.3187977 0.1074311 0.3374094 0.1100519 0.3187977 0.1074311 0.3374002 0.110051 0.3187977 0.1074311 0.3374094 0.1100519 0.3492553 0.1120148 0.3374002 0.110051 0.3374094 0.1100519 0.3187977 0.1074311 0.2965456 0.1048111 0.2965468 0.1048099 0.3187977 0.1074311 0.2965468 0.1048099 0.2965468 0.1048099 0.3187928 0.1074311 0.2965419 0.1048147 0.2965456 0.1048111 0.3373734 0.1100484 0.3187928 0.1074311 0.3374002 0.110051 0.3187784 0.1074311 0.2965466 0.1048101 0.2965419 0.1048147 0.3374081 0.1100518 0.3187784 0.1074311 0.3373734 0.1100484 0.3492498 0.1120156 0.3373734 0.1100484 0.3374002 0.110051 0.3492341 0.1120178 0.3374081 0.1100518 0.3373734 0.1100484 0.3492544 0.112015 0.3374091 0.1100519 0.3374081 0.1100518 0.3374091 0.1100519 0.318797 0.1074311 0.3374081 0.1100518 0.3571121 0.1145365 0.3492544 0.112015 0.3571118 0.1145368 0.3571118 0.1145368 0.3492341 0.1120178 0.3571047 0.1145482 0.3635724 0.1193031 0.3571118 0.1145368 0.3571047 0.1145482 0.3635634 0.1192773 0.3571121 0.1145365 0.3571118 0.1145368 0.3706044 0.1270236 0.3635634 0.1192773 0.3706405 0.1270864 0.3706405 0.1270864 0.3635724 0.1193031 0.3706477 0.1271015 0.3706477 0.1271015 0.3635653 0.119283 0.370602 0.1270201 0.3635653 0.119283 0.3571047 0.1145482 0.3571102 0.1145394 0.370602 0.1270201 0.3635594 0.11927 0.3705577 0.1269425 0.3635594 0.11927 0.3571102 0.1145394 0.3571121 0.1145364 0.3571102 0.1145394 0.3492553 0.1120148 0.3571121 0.1145364 0.3571047 0.1145482 0.3492498 0.1120156 0.3571102 0.1145394 0.3633906 0.1189771 0.3571121 0.1145364 0.3571121 0.1145364 0.3492552 0.1120148 0.3571121 0.1145364 0.3492553 0.1120148 0.3492552 0.1120148 0.35711 0.114539 0.3571121 0.1145364 0.35711 0.114539 0.3633906 0.1189771 0.3571121 0.1145364 0.3633905 0.1189771 0.3691718 0.1245391 0.3692071 0.1245997 0.3692071 0.1245997 0.3635594 0.11927 0.3633905 0.1189771 0.3633848 0.1189697 0.3691523 0.124507 0.3691718 0.1245391 0.3571037 0.1145465 0.3633848 0.1189697 0.35711 0.114539 0.3691523 0.124507 0.3794783 0.1384096 0.3691718 0.1245391 0.3691718 0.1245391 0.3794833 0.1384184 0.3692071 0.1245997 0.3794833 0.1384184 0.3892577 0.1526708 0.3892558 0.1526716 0.3794783 0.1384096 0.3892555 0.1526718 0.3892577 0.1526708 0.3892555 0.1526718 0.3976321 0.1675539 0.3892577 0.1526708 0.3892577 0.1526708 0.3976318 0.167554 0.3892557 0.1526716 0.3892557 0.1526716 0.397566 0.1675787 0.389131 0.1527254 0.3892558 0.1526716 0.3796209 0.1387247 0.3794833 0.1384184 0.3891257 0.1527283 0.3796209 0.1387247 0.389131 0.1527255 0.397566 0.1675787 0.3891257 0.1527283 0.389131 0.1527254 0.3705577 0.1269425 0.3796257 0.1387372 0.370602 0.1270201 0.3692071 0.1245997 0.3796209 0.1387247 0.3705577 0.1269425 0.3796257 0.1387372 0.3706477 0.1271015 0.370602 0.1270201 0.389118 0.1527332 0.3796257 0.1387372 0.3891257 0.1527283 0.3796315 0.1387549 0.3706405 0.1270864 0.3706477 0.1271015 0.3891468 0.1527187 0.3796315 0.1387549 0.389118 0.1527332 0.397562 0.1675802 0.389118 0.1527332 0.3891257 0.1527283 0.3975546 0.167583 0.3891468 0.1527187 0.389118 0.1527332 0.3975741 0.1675757 0.3891668 0.15271 0.3891468 0.1527187 0.3891668 0.15271 0.3796289 0.1387302 0.3891468 0.1527187 0.4046339 0.1829463 0.3975741 0.1675757 0.4046116 0.1829535 0.4046116 0.1829535 0.3975546 0.167583 0.404578 0.1829643 0.4101092 0.1988195 0.4046116 0.1829535 0.404578 0.1829643 0.4101272 0.1988149 0.4046339 0.1829463 0.4046116 0.1829535 0.4141585 0.2150326 0.4101272 0.1988149 0.4141348 0.2150364 0.4141348 0.2150364 0.4101092 0.1988195 0.4141281 0.2150375 0.4141281 0.2150375 0.4101192 0.1988172 0.4141595 0.2150325 0.4101192 0.1988172 0.404578 0.1829643 0.4045878 0.1829612 0.4101192 0.1988172 0.4141891 0.2150278 0.4141595 0.2150325 0.4101257 0.1988159 0.4045878 0.1829612 0.4045941 0.1829591 0.4045878 0.1829612 0.397566 0.1675788 0.4045941 0.1829591 0.404578 0.1829643 0.397562 0.1675802 0.4045878 0.1829612 0.4047328 0.1829143 0.4101257 0.1988159 0.4045941 0.1829591 0.4047327 0.1829143 0.397566 0.1675788 0.3976318 0.167554 0.3976318 0.167554 0.4047349 0.1829136 0.4047327 0.1829143 0.4047349 0.1829136 0.4102708 0.1987871 0.4047328 0.1829143 0.4102708 0.1987871 0.4150947 0.2148841 0.415072 0.2148877 0.415072 0.2148877 0.4101257 0.1988158 0.4102708 0.1987871 0.4102742 0.1987865 0.4151062 0.2148822 0.4150947 0.2148841 0.4047325 0.1829144 0.4102742 0.1987865 0.4047349 0.1829136 0.4151062 0.2148822 0.4166337 0.2314922 0.4150947 0.2148841 0.4150947 0.2148841 0.4166315 0.2314928 0.415072 0.2148877 0.4166315 0.2314928 0.4173145 0.2480913 0.4173166 0.2480914 0.4166337 0.2314922 0.4173086 0.2480911 0.4173145 0.2480913 0.4173086 0.2480911 0.416508 0.2646353 0.4173145 0.2480913 0.4173145 0.2480913 0.4165102 0.2646355 0.4173166 0.2480914 0.4173166 0.2480914 0.4165102 0.2646355 0.4173166 0.2480914 0.4173166 0.2480914 0.4165211 0.2315103 0.4166315 0.2314928 0.4173144 0.2480913 0.4165211 0.2315103 0.4173166 0.2480914 0.4165102 0.2646355 0.4173144 0.2480913 0.4173166 0.2480914 0.4165211 0.2315104 0.4141595 0.2150325 0.4141891 0.2150278 0.4166315 0.2314928 0.4141891 0.2150278 0.415072 0.2148877 0.4165157 0.231511 0.4141281 0.2150375 0.4141595 0.2150325 0.417308 0.2480912 0.4165157 0.231511 0.4173144 0.2480913 0.4165064 0.2315119 0.4141348 0.2150364 0.4141281 0.2150375 0.4173504 0.2480921 0.4165064 0.2315119 0.417308 0.2480912 0.416508 0.2646353 0.417308 0.2480912 0.4173144 0.2480913 0.4165017 0.2646346 0.4173504 0.2480921 0.417308 0.2480912 0.4165269 0.2646374 0.4173745 0.2480926 0.4173504 0.2480921 0.4173745 0.2480926 0.4165268 0.2315109 0.4173504 0.2480921 0.4141585 0.2810069 0.4165269 0.2646374 0.4141348 0.2810019 0.4141348 0.2810019 0.4165017 0.2646346 0.4140933 0.2809932 0.4101401 0.2970296 0.4141585 0.2810069 0.4141348 0.2810019 0.4101241 0.2970255 0.4141348 0.2810019 0.4140933 0.2809932 0.4046633 0.3125946 0.4101401 0.2970296 0.404663 0.3125945 0.404663 0.3125945 0.4101241 0.2970255 0.4046549 0.3125911 0.4046549 0.3125911 0.41013 0.2970272 0.4046612 0.3125938 0.41013 0.2970272 0.4140933 0.2809932 0.4140995 0.2809944 0.4046612 0.3125938 0.4101321 0.2970279 0.4046633 0.3125947 0.4101321 0.2970279 0.4140995 0.2809944 0.4141016 0.2809949 0.4140933 0.2809932 0.416508 0.2646353 0.4140995 0.2809944 0.416508 0.2646353 0.4141016 0.2809949 0.4140995 0.2809944 0.4141016 0.2809949 0.4165102 0.2646355 0.4165102 0.2646355 0.4141016 0.2809949 0.4101321 0.2970279 0.4141016 0.2809949 0.4140995 0.2809944 0.4101321 0.2970279 0.4141016 0.2809949 0.4165102 0.2646355 0.4140995 0.2809944 0.4141016 0.2809949 0.4101321 0.2970279 0.4046612 0.3125938 0.4046634 0.3125947 0.4101321 0.2970279 0.4046633 0.3125947 0.4101321 0.2970279 0.41013 0.2970272 0.4046549 0.3125911 0.4046612 0.3125938 0.4140933 0.2809931 0.41013 0.2970272 0.4140995 0.2809944 0.4046549 0.3125911 0.3975971 0.3274902 0.4046612 0.3125938 0.4046612 0.3125938 0.3975989 0.3274912 0.4046634 0.3125947 0.3975989 0.3274912 0.3891915 0.3416596 0.3891934 0.3416607 0.3975971 0.3274902 0.3891862 0.3416561 0.3891915 0.3416596 0.3891862 0.3416561 0.3794455 0.3549492 0.3891915 0.3416596 0.3891915 0.3416596 0.3794444 0.3549478 0.3891934 0.3416607 0.3794444 0.3549478 0.3891934 0.3416607 0.3891934 0.3416607 0.3975989 0.3274912 0.3891934 0.3416607 0.3975989 0.3274912 0.3891915 0.3416594 0.3975989 0.3274912 0.3891934 0.3416607 0.3793781 0.3548811 0.3891915 0.3416594 0.3891934 0.3416607 0.3975989 0.3274912 0.4046612 0.3125938 0.4046633 0.3125947 0.3975989 0.3274912 0.4046633 0.3125947 0.4046634 0.3125947 0.3975971 0.3274902 0.4046549 0.3125911 0.4046612 0.3125938 0.3891859 0.3416556 0.3975971 0.3274902 0.3891915 0.3416594 0.3975918 0.3274874 0.404663 0.3125945 0.4046549 0.3125911 0.3891931 0.3416605 0.3975918 0.3274874 0.3891859 0.3416556 0.3793745 0.3548778 0.3891859 0.3416556 0.3891915 0.3416594 0.3793682 0.3548722 0.3891931 0.3416605 0.3891859 0.3416556 0.3793714 0.3548743 0.3891933 0.3416607 0.3891931 0.3416605 0.3891933 0.3416607 0.3975986 0.3274911 0.3891931 0.3416605 0.3683742 0.3671163 0.3793714 0.3548743 0.368374 0.3671161 0.368374 0.3671161 0.3793682 0.3548722 0.3683909 0.367133 0.3561602 0.3781284 0.368374 0.3671161 0.3683909 0.367133 0.3561645 0.3781349 0.3683742 0.3671163 0.368374 0.3671161 0.3429883 0.3879697 0.3561645 0.3781349 0.3429749 0.3879496 0.3429749 0.3879496 0.3561602 0.3781284 0.3429712 0.3879442 0.3429712 0.3879442 0.3561675 0.3781375 0.3429889 0.3879708 0.3561675 0.3781375 0.3683909 0.367133 0.3684123 0.3671546 0.3429889 0.3879708 0.3561728 0.378144 0.3430056 0.3879958 0.3561728 0.378144 0.3684123 0.3671546 0.3684321 0.3671745 0.3684123 0.3671546 0.3793781 0.3548811 0.3684321 0.3671745 0.3683909 0.367133 0.3793745 0.3548778 0.3684123 0.3671546 0.3563016 0.3783046 0.3684321 0.3671745 0.3690156 0.3677614 0.3794444 0.3549478 0.3684321 0.3671745 0.3793781 0.3548811 0.3794444 0.3549478 0.3690303 0.3677763 0.3690156 0.3677614 0.3690303 0.3677763 0.3563016 0.3783046 0.3690156 0.3677614 0.3563016 0.3783046 0.3435187 0.3887666 0.3435057 0.3887472 0.3563016 0.3783046 0.3430056 0.3879958 0.3561728 0.378144 0.3563054 0.3783094 0.3435255 0.3887767 0.3435187 0.3887666 0.3690374 0.3677835 0.3563054 0.3783094 0.3690303 0.3677763 0.3435255 0.3887767 0.328951 0.3965105 0.3435187 0.3887666 0.3435187 0.3887666 0.3289495 0.3965086 0.3435057 0.3887472 0.3289495 0.3965087 0.3140629 0.4035047 0.3140636 0.4035066 0.328951 0.3965105 0.3140606 0.4034993 0.3140629 0.4035047 0.3140606 0.4034993 0.2986025 0.409114 0.3140629 0.4035047 0.3140629 0.4035047 0.2986024 0.4091122 0.3140636 0.4035066 0.2986024 0.4091122 0.3140636 0.4035066 0.3140636 0.4035066 0.3289495 0.3965087 0.3140636 0.4035066 0.3288869 0.3964148 0.3140627 0.4035045 0.3288869 0.3964148 0.3140636 0.4035066 0.298584 0.40902 0.3140627 0.4035045 0.3140636 0.4035066 0.3288869 0.3964148 0.3429889 0.3879708 0.3430056 0.3879957 0.3289495 0.3965086 0.3430056 0.3879957 0.3435057 0.3887472 0.3288841 0.3964101 0.3429712 0.3879442 0.3429889 0.3879708 0.3140601 0.4034982 0.3288841 0.3964101 0.3140627 0.4035045 0.3288795 0.3964021 0.3429749 0.3879496 0.3429712 0.3879442 0.3140635 0.4035063 0.3288795 0.3964021 0.3140601 0.4034982 0.2985829 0.4090152 0.3140601 0.4034982 0.3140627 0.4035045 0.2985807 0.409007 0.3140635 0.4035063 0.3140601 0.4034982 0.2985821 0.4090106 0.3140636 0.4035066 0.3140635 0.4035063 0.3140636 0.4035066 0.3288853 0.3964123 0.3140635 0.4035063 0.2826594 0.413056 0.2985821 0.4090106 0.2826594 0.4130558 0.2826594 0.4130558 0.2985807 0.409007 0.282664 0.4130792 0.2664043 0.4154012 0.2826594 0.4130558 0.282664 0.4130792 0.2664042 0.4154123 0.2826594 0.413056 0.2826594 0.4130558 0.282664 0.4130792 0.2985829 0.4090152 0.2826699 0.413109 0.2664054 0.4154108 0.282664 0.4130792 0.2826699 0.413109 0.2826699 0.413109 0.298584 0.40902 0.2826754 0.4131364 0.2664061 0.4154169 0.2826699 0.413109 0.2826754 0.4131365 0.2664244 0.4155467 0.2826754 0.4131365 0.2828364 0.4139478 0.2986024 0.4091122 0.2826754 0.4131364 0.298584 0.40902 0.2986024 0.4091122 0.2828404 0.4139683 0.2828364 0.4139478 0.2828404 0.4139683 0.2664244 0.4155467 0.2828364 0.4139478 0.2986025 0.409114 0.2828423 0.4139778 0.2828404 0.4139683 0.2828423 0.4139778 0.2664249 0.4155495 0.2828404 0.4139683 0.3288853 0.3964123 0.3429883 0.3879697 0.3429749 0.3879496 0.3794455 0.3549492 0.3690374 0.3677835 0.3690303 0.3677763 0.3975986 0.3274911 0.4046633 0.3125946 0.404663 0.3125945 0.416508 0.2646353 0.4140933 0.2809931 0.4140995 0.2809944 0.4165268 0.2315109 0.4141585 0.2150326 0.4141348 0.2150364 0.3976321 0.1675539 0.4047325 0.1829144 0.4047349 0.1829136 0.3796289 0.1387302 0.3706044 0.1270236 0.3706405 0.1270864 0.3492498 0.1120156 0.3571037 0.1145465 0.35711 0.114539 0.318797 0.1074311 0.2965468 0.1048099 0.2965466 0.1048101 0.2266207 0.1030858 0.25 0.102429 0.2500001 0.1024238 0.1808519 0.1074771 0.160761 0.1102918 0.1596904 0.1104322 0.1364678 0.119264 0.142935 0.1146181 0.1429108 0.1145767 0.1203804 0.1386889 0.1108067 0.1526985 0.1108069 0.1526986 0.1108067 0.1526985 0.1024014 0.1675664 0.1108069 0.1526986 0.1024014 0.1675664 0.09533673 0.1829367 0.09533691 0.1829368 0.0834065 0.2315065 0.08573693 0.215016 0.08573442 0.2150156 0.08336877 0.2646569 0.08541017 0.2810981 0.08517611 0.2811476 0.1023288 0.3275437 0.09539318 0.3125708 0.09536474 0.3125829 0.1206501 0.3548565 0.1316483 0.3670936 0.1316654 0.3670765 0.1711259 0.39639 0.1570482 0.3879148 0.157045 0.3879197 0.2013726 0.40916 0.2172611 0.413457 0.2172145 0.4136916 0.2664262 0.4156496 0.2828523 0.4140281 0.2828523 0.4140281 0.2664148 0.4155216 0.2828523 0.4140281 0.2827518 0.4135217 0.2828523 0.4140281 0.2986133 0.4091136 0.2827518 0.4135217 0.2986471 0.4092254 0.2828523 0.4140281 0.2986471 0.4092254 0.2827518 0.4135217 0.2986037 0.4090817 0.2827232 0.4133773 0.2664115 0.4154852 0.2827518 0.4135217 0.2827232 0.4133773 0.2986037 0.4090817 0.3142448 0.4039453 0.3141886 0.4038093 0.2986133 0.4091136 0.3144419 0.4044226 0.3142448 0.4039453 0.3142448 0.4039453 0.3289197 0.3964771 0.3141886 0.4038093 0.3144419 0.4044226 0.3289372 0.3965092 0.3142448 0.4039453 0.2986471 0.4092254 0.3144419 0.4044226 0.3144419 0.4044226 0.3289986 0.3966221 0.3144419 0.4044226 0.3289986 0.3966221 0.3289986 0.3966221 0.3144419 0.4044226 0.3289986 0.3966221 0.2986471 0.4092254 0.3144419 0.4044226 0.3144419 0.4044226 0.3289986 0.3966221 0.3435552 0.3888215 0.3435552 0.3888215 0.3289986 0.3966221 0.3435552 0.3888215 0.3435552 0.3888215 0.3289986 0.3966221 0.3435552 0.3888215 0.3435552 0.3888215 0.3289986 0.3966221 0.3144419 0.4044226 0.3289986 0.3966221 0.3289986 0.3966221 0.3435643 0.3888351 0.3435552 0.3888215 0.3289986 0.3966221 0.3144482 0.4044377 0.3289986 0.3966221 0.2986471 0.4092254 0.3144419 0.4044226 0.3144419 0.4044226 0.2986471 0.4092254 0.3144482 0.4044377 0.3144419 0.4044226 0.2986471 0.4092254 0.3144419 0.4044226 0.3144482 0.4044377 0.3289986 0.3966221 0.3144419 0.4044226 0.3289986 0.3966221 0.2986471 0.4092254 0.3144419 0.4044226 0.3144419 0.4044226 0.3144419 0.4044226 0.3289986 0.3966221 0.3289986 0.3966221 0.3289986 0.3966221 0.3144344 0.4044042 0.3289986 0.3966221 0.2986471 0.4092254 0.3144344 0.4044042 0.3144419 0.4044226 0.3289986 0.3966221 0.3435441 0.3888048 0.3435552 0.3888214 0.3289986 0.3966221 0.3435552 0.3888214 0.3435552 0.3888215 0.3289986 0.3966221 0.3435121 0.3887566 0.3435441 0.3888048 0.3289986 0.3966221 0.3144122 0.4043506 0.3289986 0.3966221 0.3289986 0.3966221 0.3257318 0.3624504 0.3435121 0.3887566 0.3289986 0.3966221 0.3021628 0.37506 0.3139848 0.3688254 0.2986471 0.4092254 0.3144122 0.4043506 0.3144344 0.4044042 0.2986471 0.4092254 0.3021628 0.37506 0.3144122 0.4043506 0.2894003 0.3790184 0.2938588 0.3552029 0.3021628 0.37506 0.3139848 0.3688254 0.2938588 0.3552029 0.3038314 0.3500273 0.283147 0.3585903 0.2846537 0.3331912 0.2938588 0.3552029 0.3038314 0.3500273 0.2846537 0.3331912 0.2925763 0.3291895 0.3139848 0.3688254 0.3136783 0.3446165 0.3257318 0.3624504 0.3038314 0.3500273 0.3003169 0.3248475 0.3136783 0.3446165 0.2820503 0.2978208 0.2925763 0.3291895 0.2771891 0.3007015 0.2720692 0.3030984 0.2925763 0.3291895 0.2846537 0.3331912 0.2323756 0.1990332 0.305889 0.2344092 0.2667383 0.3049873 0.2720692 0.3030984 0.2762151 0.3359456 0.2667383 0.3049873 0.2612483 0.3063503 0.2762151 0.3359455 0.2676646 0.3383301 0.283147 0.3585903 0.2676646 0.3383301 0.2762151 0.3359455 0.261192 0.3629556 0.2676646 0.3383301 0.2723578 0.3617221 0.2612483 0.3063503 0.2588512 0.3393901 0.2556511 0.3071731 0.261192 0.3629556 0.25 0.3400653 0.2588512 0.3393901 0.25 0.3074485 0.2588512 0.3393901 0.25 0.3400653 0.25 0.3074485 0.2411488 0.3393901 0.244349 0.3071731 0.2387515 0.3063503 0.2411488 0.33939 0.2323353 0.3383301 0.238808 0.3629555 0.2323353 0.3383301 0.2411488 0.33939 0.238808 0.3629555 0.25 0.3400653 0.25 0.3639231 0.216853 0.3585903 0.2323353 0.3383301 0.2276421 0.361722 0.2387515 0.3063503 0.2237848 0.3359456 0.2332616 0.3049874 0.216853 0.3585903 0.2153465 0.3331913 0.2237848 0.3359456 0.2279311 0.3030985 0.2237848 0.3359456 0.2153465 0.3331913 0.2279311 0.3030985 0.2074238 0.3291895 0.2228111 0.3007015 0.2179497 0.2978206 0.2074238 0.3291895 0.199683 0.3248475 0.1961686 0.3500273 0.199683 0.3248475 0.2074238 0.3291895 0.1961686 0.3500273 0.2153465 0.3331913 0.2061413 0.355203 0.1775473 0.3375955 0.199683 0.3248475 0.1863216 0.3446166 0.2179497 0.2978206 0.1926907 0.3193827 0.2133936 0.2944836 0.1775473 0.3375955 0.1859428 0.3136208 0.1926907 0.3193827 0.2091853 0.2907238 0.1926907 0.3193827 0.1859428 0.3136208 0.2091853 0.2907238 0.1801475 0.3069041 0.2053652 0.286578 0.2019684 0.2820879 0.1801475 0.3069041 0.1746497 0.2999454 0.1617017 0.321772 0.1746497 0.2999454 0.1801475 0.3069041 0.1617017 0.321772 0.1859428 0.3136208 0.1689419 0.3303691 0.1492372 0.303164 0.1746497 0.2999454 0.154667 0.3130075 0.2019684 0.2820879 0.1702711 0.2922366 0.1990271 0.2772976 0.1492372 0.303164 0.1662314 0.2843509 0.1702711 0.2922366 0.1965678 0.2722557 0.1702711 0.2922366 0.1662314 0.2843509 0.1965678 0.2722557 0.1634346 0.2759483 0.1946137 0.2670125 0.1931814 0.2616214 0.1634346 0.2759482 0.1610046 0.2674416 0.1406283 0.2824845 0.1610046 0.2674416 0.1634346 0.2759482 0.1406283 0.2824845 0.1662314 0.2843509 0.1440414 0.2931981 0.1362008 0.2605232 0.1610047 0.2674416 0.1374686 0.271699 0.1931814 0.2616214 0.1598933 0.2586703 0.192284 0.2561372 0.1362008 0.2605232 0.1591626 0.2498733 0.1598933 0.2586703 0.191928 0.2506166 0.1598933 0.2586703 0.1591626 0.2498733 0.191928 0.2506166 0.1597756 0.2410708 0.1921165 0.2451168 0.1928462 0.2396954 0.1597756 0.2410708 0.1607691 0.2323235 0.1361194 0.2381114 0.1607691 0.2323235 0.1597756 0.2410708 0.1361194 0.2381114 0.1591625 0.2498733 0.1351959 0.2493297 0.1403841 0.2160757 0.1607691 0.2323235 0.1373059 0.2269312 0.1928462 0.2396954 0.1630812 0.2238208 0.1941111 0.2344092 0.1403841 0.2160757 0.1657616 0.2154519 0.1630812 0.2238208 0.1958996 0.2293134 0.1630812 0.2238208 0.1657616 0.2154519 0.1958996 0.2293134 0.1696885 0.2075417 0.1981984 0.2244612 0.2009902 0.219901 0.1696885 0.2075417 0.1739619 0.1998369 0.1488346 0.1951658 0.1739619 0.1998369 0.1696885 0.2075417 0.1488346 0.1951658 0.1657616 0.2154519 0.1437168 0.2053127 0.1611632 0.1759158 0.1739619 0.1998369 0.1541919 0.1851608 0.2009902 0.219901 0.1793682 0.1927132 0.2042567 0.2156773 0.1611632 0.1759158 0.1850931 0.185852 0.1793682 0.1927132 0.2079765 0.211827 0.1793682 0.1927132 0.1850931 0.185852 0.2079765 0.211827 0.1896785 0.1817765 0.2121263 0.2083819 0.2166779 0.2053652 0.1896785 0.1817765 0.1945465 0.1780021 0.1732589 0.1623156 0.1945465 0.1780021 0.1896785 0.1817765 0.1732589 0.1623156 0.1850931 0.185852 0.1683548 0.1668523 0.1848616 0.1560701 0.1945465 0.1780021 0.1783583 0.1579871 0.2166779 0.2053652 0.2003813 0.175809 0.2215989 0.2027946 0.1848616 0.1560701 0.2064466 0.1739375 0.2003813 0.175809 0.2268478 0.2006814 0.2003813 0.175809 0.2064466 0.1739375 0.2268478 0.2006814 0.2170184 0.1718279 0.2323756 0.1990332 0.2381231 0.1978535 0.2170184 0.1718279 0.2277446 0.1700475 0.2057853 0.1519282 0.2277446 0.1700475 0.2170184 0.1718279 0.2057853 0.1519282 0.2064466 0.1739375 0.191524 0.1543754 0.2350577 0.1486954 0.2277446 0.1700475 0.2201532 0.1497085 0.2381231 0.1978535 0.2388449 0.1691632 0.2440225 0.1971454 0.2350577 0.1486954 0.25 0.1686107 0.2388449 0.1691632 0.2500001 0.1969091 0.2388449 0.1691632 0.25 0.1686107 0.2500001 0.1969091 0.2611551 0.1691632 0.2559774 0.1971454 0.2618771 0.1978536 0.2611551 0.1691632 0.2722555 0.1700475 0.2649424 0.1486954 0.2722555 0.1700475 0.2611551 0.1691632 0.2649424 0.1486954 0.25 0.1686107 0.25 0.1479116 0.2942149 0.1519282 0.2722555 0.1700475 0.2798469 0.1497085 0.2618771 0.1978536 0.2829818 0.1718279 0.2676246 0.1990333 0.2942149 0.1519282 0.2935535 0.1739374 0.2829817 0.1718279 0.2731524 0.2006813 0.2829817 0.1718279 0.2935535 0.1739374 0.2731524 0.2006813 0.2996187 0.175809 0.2784011 0.2027946 0.283322 0.2053651 0.2996187 0.175809 0.3054534 0.178002 0.3151385 0.1560702 0.3054534 0.178002 0.2996187 0.175809 0.3151385 0.1560702 0.2935535 0.1739374 0.3084761 0.1543754 0.326741 0.1623156 0.3054534 0.178002 0.3216416 0.157987 0.283322 0.2053651 0.3103214 0.1817764 0.2878736 0.2083818 0.326741 0.1623156 0.314907 0.185852 0.3103214 0.1817764 0.2920236 0.211827 0.3103214 0.1817764 0.314907 0.185852 0.2920236 0.211827 0.3206319 0.1927131 0.2957433 0.2156772 0.2990098 0.2199009 0.3206318 0.1927131 0.326038 0.1998368 0.3388368 0.1759158 0.326038 0.1998368 0.3206318 0.1927131 0.3388368 0.1759158 0.314907 0.185852 0.3316453 0.1668523 0.3511654 0.1951658 0.326038 0.1998368 0.3458081 0.1851607 0.2990098 0.2199009 0.3303115 0.2075417 0.3018016 0.2244611 0.3511654 0.1951658 0.3342384 0.215452 0.3303115 0.2075417 0.3041004 0.2293135 0.3303115 0.2075417 0.3342384 0.215452 0.3041004 0.2293135 0.3369188 0.2238208 0.305889 0.2344092 0.3071538 0.2396954 0.3369188 0.2238208 0.339231 0.2323235 0.3596159 0.2160757 0.339231 0.2323235 0.3369188 0.2238208 0.3596159 0.2160757 0.3342384 0.215452 0.3562832 0.2053128 0.3638806 0.2381114 0.339231 0.2323235 0.3626942 0.2269312 0.3071538 0.2396954 0.3402245 0.2410709 0.3078836 0.2451169 0.3638806 0.2381114 0.3408375 0.2498732 0.3402246 0.2410709 0.3080721 0.2506164 0.3402246 0.2410709 0.3408375 0.2498732 0.3080721 0.2506164 0.3401067 0.2586702 0.307716 0.256137 0.3068186 0.2616214 0.3401067 0.2586702 0.3389953 0.2674416 0.3637992 0.2605231 0.3389953 0.2674416 0.3401067 0.2586702 0.3637992 0.2605231 0.3408375 0.2498732 0.3648042 0.2493296 0.3593717 0.2824845 0.3389953 0.2674416 0.3625313 0.271699 0.3068186 0.2616214 0.3365653 0.2759483 0.3053862 0.2670125 0.3593717 0.2824845 0.3337686 0.284351 0.3365654 0.2759483 0.3034321 0.2722558 0.3365654 0.2759483 0.3337686 0.284351 0.3034321 0.2722558 0.3297289 0.2922366 0.3009728 0.2772976 0.2980318 0.2820879 0.3297289 0.2922366 0.3253505 0.2999455 0.3507629 0.3031639 0.3253505 0.2999455 0.3297289 0.2922366 0.3507629 0.3031639 0.3337686 0.284351 0.3559585 0.2931981 0.3382983 0.321772 0.3253505 0.2999455 0.345333 0.3130076 0.2980318 0.2820879 0.3198525 0.3069042 0.2946348 0.2865781 0.3382983 0.321772 0.3140571 0.3136208 0.3198525 0.3069042 0.2908146 0.2907238 0.3198525 0.3069042 0.3140571 0.3136208 0.2908146 0.2907238 0.3073093 0.3193827 0.2866064 0.2944836 0.2820503 0.2978208 0.3073093 0.3193827 0.3003169 0.3248475 0.3224527 0.3375955 0.3003169 0.3248475 0.3073093 0.3193827 0.3224527 0.3375955 0.3140571 0.3136208 0.3310581 0.3303691 0.3361138 0.3540255 0.3136783 0.3446165 0.3224527 0.3375955 0.3361138 0.3540255 0.3310581 0.3303691 0.3463948 0.345478 0.3549385 0.3351845 0.3310581 0.3303691 0.3382983 0.321772 0.3795444 0.3550174 0.3463948 0.345478 0.3549385 0.3351845 0.3563144 0.3783205 0.3463948 0.345478 0.3690184 0.3677642 0.3795444 0.3550174 0.3633595 0.3247911 0.3899508 0.3421718 0.3549385 0.3351845 0.345333 0.3130076 0.3633595 0.3247911 0.3977962 0.3275981 0.3633595 0.3247911 0.3697378 0.3130216 0.3697378 0.3130216 0.345333 0.3130076 0.3507629 0.3031639 0.3977962 0.3275981 0.3759764 0.3011792 0.405505 0.3129504 0.3697378 0.3130216 0.3559585 0.2931981 0.3759764 0.3011792 0.4103682 0.2970997 0.3759764 0.3011792 0.3799455 0.2883808 0.3799455 0.2883808 0.3559585 0.2931981 0.3593717 0.2824845 0.4103682 0.2970997 0.3837634 0.2755395 0.4150832 0.2812025 0.3799455 0.2883808 0.3625313 0.271699 0.3837634 0.2755395 0.4167773 0.2646663 0.3837634 0.2755395 0.3851726 0.2621946 0.3851726 0.2621946 0.3625313 0.271699 0.3637992 0.2605231 0.4167773 0.2646663 0.3864247 0.2488391 0.4183174 0.2481123 0.3851726 0.2621946 0.3648042 0.2493296 0.3864247 0.2488391 0.4167773 0.2314939 0.3864247 0.2488391 0.3852211 0.2354417 0.3852211 0.2354417 0.3648042 0.2493296 0.3638806 0.2381114 0.4167773 0.2314939 0.3838606 0.2220668 0.4150832 0.2148858 0.3852211 0.2354417 0.3626942 0.2269312 0.3838606 0.2220668 0.4103682 0.1987574 0.3838606 0.2220668 0.3800912 0.2090889 0.3800912 0.2090889 0.3626942 0.2269312 0.3596159 0.2160757 0.4103682 0.1987574 0.37617 0.1961662 0.405505 0.1826642 0.3800912 0.2090889 0.3562832 0.2053128 0.37617 0.1961662 0.3977962 0.1674925 0.37617 0.1961662 0.369978 0.1840014 0.369978 0.1840014 0.3562832 0.2053128 0.3511654 0.1951658 0.3977962 0.1674925 0.3636429 0.1719212 0.3899508 0.1523718 0.369978 0.1840014 0.3458081 0.1851607 0.3636429 0.1719212 0.3795444 0.1383558 0.3636429 0.1719212 0.3552598 0.1607627 0.3552598 0.1607627 0.3458081 0.1851607 0.3388368 0.1759158 0.3795444 0.1383558 0.3467452 0.1497124 0.3691898 0.1245698 0.3552598 0.1607627 0.3316453 0.1668523 0.3467452 0.1497124 0.3634565 0.1187999 0.3467452 0.1497124 0.3415535 0.1447597 0.3415535 0.1447597 0.3316453 0.1668523 0.326741 0.1623156 0.3634565 0.1187999 0.3362452 0.1399312 0.3577824 0.1133345 0.3415535 0.1447597 0.3216416 0.157987 0.3362452 0.1399312 0.3498419 0.1119327 0.3362452 0.1399312 0.3291392 0.1382635 0.3291392 0.1382635 0.3216416 0.157987 0.3151385 0.1560702 0.3498419 0.1119327 0.321938 0.1367282 0.3414957 0.1105876 0.3291392 0.1382635 0.3084761 0.1543754 0.321938 0.1367282 0.319333 0.1074312 0.321938 0.1367282 0.3043484 0.1339764 0.3043484 0.1339764 0.3084761 0.1543754 0.2942149 0.1519282 0.319333 0.1074312 0.2866951 0.1313604 0.2968001 0.1042746 0.3043484 0.1339764 0.2798469 0.1497085 0.2866951 0.1313604 0.2734109 0.1029279 0.2866951 0.1313604 0.2683588 0.1302311 0.2683588 0.1302311 0.2798469 0.1497085 0.2649424 0.1486954 0.2734109 0.1029279 0.25 0.1292386 0.25 0.1016893 0.2683588 0.1302311 0.25 0.1479116 0.25 0.1292386 0.2265892 0.102928 0.25 0.1292386 0.2316411 0.1302312 0.2316411 0.1302312 0.25 0.1479116 0.2350577 0.1486954 0.2265892 0.102928 0.2133049 0.1313604 0.2031999 0.1042747 0.2316411 0.1302312 0.2201532 0.1497085 0.2133049 0.1313604 0.1806672 0.1074312 0.2133049 0.1313604 0.1956517 0.1339764 0.1956517 0.1339764 0.2201532 0.1497085 0.2057853 0.1519282 0.1806672 0.1074312 0.1780621 0.1367282 0.1585043 0.1105876 0.1956517 0.1339764 0.191524 0.1543754 0.1780621 0.1367282 0.1501582 0.1119327 0.1780621 0.1367282 0.170861 0.1382635 0.170861 0.1382635 0.191524 0.1543754 0.1848616 0.1560701 0.1501582 0.1119327 0.1637547 0.1399313 0.1422175 0.1133345 0.170861 0.1382635 0.1783583 0.1579871 0.1637547 0.1399313 0.1365436 0.1187999 0.1637547 0.1399313 0.1584466 0.1447598 0.1584466 0.1447598 0.1783583 0.1579871 0.1732589 0.1623156 0.1365436 0.1187999 0.1532549 0.1497124 0.1308102 0.1245698 0.1584466 0.1447598 0.1683548 0.1668523 0.1532549 0.1497124 0.1204557 0.1383558 0.1532549 0.1497124 0.1447403 0.1607627 0.1447403 0.1607627 0.1683548 0.1668523 0.1611632 0.1759158 0.1204557 0.1383558 0.136357 0.1719212 0.1100492 0.1523718 0.1447403 0.1607627 0.1541919 0.1851608 0.136357 0.1719212 0.1022039 0.1674925 0.136357 0.1719212 0.1300221 0.1840013 0.1300221 0.1840013 0.1541919 0.1851608 0.1488346 0.1951658 0.1022039 0.1674925 0.1238299 0.1961661 0.09449493 0.1826642 0.1300221 0.1840013 0.1437168 0.2053127 0.1238299 0.1961661 0.08963185 0.1987574 0.1238299 0.1961661 0.1199088 0.2090889 0.1199088 0.2090889 0.1437168 0.2053127 0.1403841 0.2160757 0.08963185 0.1987574 0.1161394 0.2220668 0.08491671 0.2148858 0.1199088 0.2090889 0.1373059 0.2269312 0.1161394 0.2220668 0.08322274 0.2314939 0.1161394 0.2220668 0.1147789 0.2354416 0.1147789 0.2354416 0.1373059 0.2269312 0.1361194 0.2381114 0.08322274 0.2314939 0.1135753 0.2488392 0.08168256 0.2481124 0.1147789 0.2354416 0.1351959 0.2493297 0.1135753 0.2488392 0.08322274 0.2646663 0.1135753 0.2488392 0.1148275 0.2621946 0.1148275 0.2621946 0.1351959 0.2493297 0.1362008 0.2605232 0.08322274 0.2646663 0.1162365 0.2755395 0.08491671 0.2812024 0.1148275 0.2621946 0.1374686 0.271699 0.1162365 0.2755395 0.08963191 0.2970998 0.1162365 0.2755395 0.1200545 0.2883808 0.1200545 0.2883808 0.1374686 0.271699 0.1406283 0.2824845 0.08963191 0.2970998 0.1240236 0.3011792 0.09449499 0.3129506 0.1200545 0.2883808 0.1440414 0.2931981 0.1240236 0.3011792 0.1022039 0.3275981 0.1240236 0.3011792 0.1302622 0.3130216 0.1302622 0.3130216 0.1440414 0.2931981 0.1492372 0.303164 0.1022039 0.3275981 0.1366404 0.324791 0.1100491 0.3421717 0.1302622 0.3130216 0.154667 0.3130075 0.1366404 0.324791 0.1204556 0.3550174 0.1366404 0.324791 0.1450615 0.3351844 0.1450615 0.3351844 0.154667 0.3130075 0.1617017 0.321772 0.1204556 0.3550174 0.1536051 0.3454779 0.1309816 0.3677641 0.1450615 0.3351844 0.1689419 0.3303691 0.1536051 0.3454779 0.1436856 0.3783205 0.1536051 0.3454779 0.1638863 0.3540255 0.1638863 0.3540255 0.1689419 0.3303691 0.1775473 0.3375955 0.1436856 0.3783205 0.1742681 0.3624505 0.1564878 0.3887568 0.1638863 0.3540255 0.1863216 0.3446166 0.1742681 0.3624505 0.1710013 0.3966221 0.1742681 0.3624505 0.1860152 0.3688254 0.1860152 0.3688254 0.1863216 0.3446166 0.1961686 0.3500273 0.1710013 0.3966221 0.1978372 0.37506 0.1855877 0.4043506 0.1860152 0.3688254 0.2061413 0.355203 0.1978372 0.37506 0.2013528 0.4092254 0.1978372 0.37506 0.2105997 0.3790183 0.2105997 0.3790183 0.2061413 0.355203 0.216853 0.3585903 0.2013528 0.4092254 0.2234082 0.3828242 0.2171629 0.4139516 0.2105997 0.3790183 0.2276421 0.361722 0.2234082 0.3828242 0.2335739 0.4156495 0.2234082 0.3828242 0.2366964 0.3842142 0.2366964 0.3842142 0.2276421 0.361722 0.238808 0.3629555 0.2335739 0.4156495 0.25 0.3854457 0.2500001 0.4171931 0.2366964 0.3842142 0.25 0.3639231 0.25 0.3854457 0.2664262 0.4156496 0.25 0.3854457 0.2633037 0.3842143 0.2633037 0.3842143 0.25 0.3639231 0.261192 0.3629556 0.2664262 0.4156496 0.2765917 0.3828243 0.2828372 0.4139517 0.2633037 0.3842143 0.2723578 0.3617221 0.2765917 0.3828243 0.2986471 0.4092254 0.2765917 0.3828243 0.2894003 0.3790184 0.2894003 0.3790184 0.2723578 0.3617221 0.283147 0.3585903 0.2986471 0.4092254 0.2828372 0.4139517 0.2986471 0.4092254 0.2664262 0.4156496 0.2828372 0.4139517 0.2828484 0.4140085 0.2986471 0.4092254 0.2828484 0.4140085 0.2986471 0.4092254 0.2664262 0.4156496 0.2828484 0.4140085 0.2828523 0.4140281 0.2664262 0.4156496 0.25 0.417251 0.2664262 0.4156496 0.2664262 0.4156496 0.2500001 0.4171931 0.2664262 0.4156496 0.2335739 0.4156495 0.25 0.417251 0.25 0.417271 0.2335739 0.4156495 0.2500001 0.4171931 0.25 0.417251 0.2335739 0.4156495 0.2171516 0.4140084 0.2335739 0.4156495 0.2335739 0.4156495 0.2171629 0.4139516 0.2335739 0.4156495 0.2013528 0.4092254 0.2171516 0.4140084 0.2171477 0.414028 0.2013528 0.4092254 0.2171629 0.4139516 0.2171516 0.4140084 0.2013528 0.4092254 0.1855656 0.4044041 0.2013528 0.4092254 0.2013528 0.4092254 0.1855877 0.4043506 0.2013528 0.4092254 0.1710013 0.3966221 0.1855656 0.4044041 0.185558 0.4044226 0.1710013 0.3966221 0.1855877 0.4043506 0.1855656 0.4044041 0.1710013 0.3966221 0.1564557 0.388805 0.1710013 0.3966221 0.1710013 0.3966221 0.1564878 0.3887568 0.1710013 0.3966221 0.1436856 0.3783205 0.1564557 0.388805 0.1564446 0.3888216 0.1436856 0.3783205 0.1564878 0.3887568 0.1564557 0.388805 0.1436856 0.3783205 0.1309407 0.3678052 0.1436856 0.3783205 0.1436856 0.3783205 0.1309816 0.3677641 0.1436856 0.3783205 0.1204556 0.3550174 0.1309407 0.3678052 0.1309266 0.3678193 0.1204556 0.3550174 0.1309816 0.3677641 0.1309407 0.3678052 0.1204556 0.3550174 0.1100011 0.342204 0.1204556 0.3550174 0.1204556 0.3550174 0.1100491 0.3421717 0.1204556 0.3550174 0.1022039 0.3275981 0.1100011 0.342204 0.1099846 0.3422152 0.1022039 0.3275981 0.1100491 0.3421717 0.1100011 0.342204 0.1022039 0.3275981 0.09444165 0.3129732 0.1022039 0.3275981 0.1022039 0.3275981 0.09449499 0.3129506 0.1022039 0.3275981 0.08963191 0.2970998 0.09444165 0.3129732 0.09442329 0.312981 0.08963191 0.2970998 0.09449499 0.3129506 0.09444165 0.3129732 0.08963191 0.2970998 0.08486008 0.2812144 0.08963191 0.2970998 0.08963191 0.2970998 0.08491671 0.2812024 0.08963191 0.2970998 0.08322274 0.2646663 0.08486008 0.2812144 0.08484053 0.2812185 0.08322274 0.2646663 0.08491671 0.2812024 0.08486008 0.2812144 0.08322274 0.2646663 0.0816248 0.2481136 0.08322274 0.2646663 0.08322274 0.2646663 0.08168256 0.2481124 0.08322274 0.2646663 0.08322274 0.2314939 0.0816248 0.2481136 0.08160489 0.248114 0.08322274 0.2314939 0.08168256 0.2481124 0.0816248 0.2481136 0.08322274 0.2314939 0.08486008 0.2148768 0.08322274 0.2314939 0.08322274 0.2314939 0.08491671 0.2148858 0.08322274 0.2314939 0.08963185 0.1987574 0.08486008 0.2148768 0.08484053 0.2148737 0.08963185 0.1987574 0.08491671 0.2148858 0.08486008 0.2148768 0.08963185 0.1987574 0.09444159 0.1826469 0.08963185 0.1987574 0.08963185 0.1987574 0.09449493 0.1826642 0.08963185 0.1987574 0.1022039 0.1674925 0.09444159 0.1826469 0.09442323 0.1826409 0.1022039 0.1674925 0.09449493 0.1826642 0.09444159 0.1826469 0.1022039 0.1674925 0.1100012 0.152351 0.1022039 0.1674925 0.1022039 0.1674925 0.1100492 0.1523718 0.1022039 0.1674925 0.1204557 0.1383558 0.1100012 0.152351 0.1099846 0.1523439 0.1204556 0.1383558 0.1100492 0.1523718 0.1100012 0.152351 0.1204556 0.1383558 0.1308968 0.1244195 0.1204556 0.1383558 0.1204556 0.1383558 0.1308102 0.1245698 0.1204557 0.1383558 0.1365436 0.1187999 0.1308968 0.1244195 0.1309267 0.1243677 0.1365435 0.1187999 0.1308102 0.1245698 0.1308968 0.1244195 0.1365436 0.1187999 0.142175 0.1132584 0.1365435 0.1187999 0.1365435 0.1187999 0.1422175 0.1133345 0.1365436 0.1187999 0.1501582 0.1119327 0.142175 0.1132584 0.1421604 0.1132321 0.1501582 0.1119327 0.1422175 0.1133345 0.142175 0.1132584 0.1501582 0.1119327 0.1582453 0.1106216 0.1501582 0.1119327 0.1501582 0.1119327 0.1585043 0.1105876 0.1501582 0.1119327 0.1806672 0.1074312 0.1582453 0.1106216 0.158156 0.1106333 0.1806672 0.1074312 0.1585043 0.1105876 0.1582453 0.1106216 0.1806672 0.1074312 0.2031838 0.1042407 0.1806672 0.1074312 0.1806672 0.1074312 0.2031999 0.1042747 0.1806672 0.1074312 0.2265892 0.102928 0.2031838 0.1042407 0.2031783 0.104229 0.2265892 0.102928 0.2031999 0.1042747 0.2031838 0.1042407 0.2265892 0.102928 0.25 0.1016429 0.2265892 0.102928 0.2265892 0.102928 0.25 0.1016893 0.2265892 0.102928 0.2734109 0.1029279 0.25 0.1016429 0.25 0.1016269 0.2734109 0.1029279 0.25 0.1016893 0.25 0.1016429 0.2734109 0.1029279 0.2968162 0.1042407 0.2734109 0.1029279 0.2734109 0.1029279 0.2968001 0.1042746 0.2734109 0.1029279 0.3193329 0.1074312 0.2968162 0.1042407 0.2968217 0.104229 0.3193329 0.1074312 0.2968001 0.1042746 0.2968162 0.1042407 0.3193329 0.1074312 0.3417548 0.1106216 0.3193329 0.1074312 0.3193329 0.1074312 0.3414957 0.1105876 0.319333 0.1074312 0.3498419 0.1119327 0.3417548 0.1106216 0.3418441 0.1106333 0.3498419 0.1119327 0.3414957 0.1105876 0.3417548 0.1106216 0.3498419 0.1119327 0.3578249 0.1132584 0.3498419 0.1119327 0.3498419 0.1119327 0.3577824 0.1133345 0.3498419 0.1119327 0.3634565 0.1187999 0.3578249 0.1132584 0.3578396 0.1132321 0.3634565 0.1187999 0.3577824 0.1133345 0.3578249 0.1132584 0.3634565 0.1187999 0.3691031 0.1244195 0.3634565 0.1187999 0.3634565 0.1187999 0.3691898 0.1245698 0.3634565 0.1187999 0.3795444 0.1383558 0.3691031 0.1244195 0.3690733 0.1243677 0.3795444 0.1383558 0.3691898 0.1245698 0.3691031 0.1244195 0.3795444 0.1383558 0.3899988 0.1523511 0.3795444 0.1383558 0.3795444 0.1383558 0.3899508 0.1523718 0.3795444 0.1383558 0.3977962 0.1674925 0.3899988 0.1523511 0.3900154 0.1523439 0.3977962 0.1674925 0.3899508 0.1523718 0.3899988 0.1523511 0.3977962 0.1674925 0.4055584 0.1826469 0.3977962 0.1674925 0.3977962 0.1674925 0.405505 0.1826642 0.3977962 0.1674925 0.4103682 0.1987574 0.4055584 0.1826469 0.4055768 0.182641 0.4103682 0.1987574 0.405505 0.1826642 0.4055584 0.1826469 0.4103682 0.1987574 0.4151398 0.2148768 0.4103682 0.1987574 0.4103682 0.1987574 0.4150832 0.2148858 0.4103682 0.1987574 0.4167773 0.2314939 0.4151398 0.2148768 0.4151594 0.2148737 0.4167773 0.2314939 0.4150832 0.2148858 0.4151398 0.2148768 0.4167773 0.2314939 0.4183752 0.2481136 0.4167773 0.2314939 0.4167773 0.2314939 0.4183174 0.2481123 0.4167773 0.2314939 0.4167773 0.2646663 0.4183752 0.2481136 0.4183951 0.248114 0.4167773 0.2646663 0.4183174 0.2481123 0.4183752 0.2481136 0.4167773 0.2646663 0.4151398 0.2812144 0.4167773 0.2646663 0.4167773 0.2646663 0.4150832 0.2812025 0.4167773 0.2646663 0.4103682 0.2970998 0.4151398 0.2812144 0.4151594 0.2812186 0.4103682 0.2970998 0.4150832 0.2812025 0.4151398 0.2812144 0.4103682 0.2970997 0.4055584 0.312973 0.4103682 0.2970998 0.4103682 0.2970998 0.405505 0.3129504 0.4103682 0.2970997 0.3977962 0.3275981 0.4055584 0.312973 0.4055768 0.3129808 0.3977961 0.3275981 0.405505 0.3129504 0.4055584 0.312973 0.3977961 0.3275981 0.3899988 0.3422042 0.3977961 0.3275981 0.3977961 0.3275981 0.3899508 0.3421718 0.3977962 0.3275981 0.3795444 0.3550174 0.3899988 0.3422042 0.3900154 0.3422154 0.3795444 0.3550174 0.3899508 0.3421718 0.3899988 0.3422042 0.3795444 0.3550174 0.3690592 0.3678053 0.3795444 0.3550174 0.3795444 0.3550174 0.3690184 0.3677642 0.3795444 0.3550174 0.3563144 0.3783205 0.3690592 0.3678053 0.3690733 0.3678194 0.3563144 0.3783205 0.3690184 0.3677642 0.3690592 0.3678053 0.3563144 0.3783205 0.3435441 0.3888048 0.3563144 0.3783205 0.3563144 0.3783205 0.3435121 0.3887566 0.3563144 0.3783205 0.3563144 0.3783205 0.3257318 0.3624504 0.3361138 0.3540255 0.3563144 0.3783205 0.3690733 0.3678194 0.3690733 0.3678194 0.3435552 0.3888215 0.3563144 0.3783205 0.3563143 0.3783205 0.3563143 0.3783205 0.3435552 0.3888215 0.3563143 0.3783205 0.3563143 0.3783205 0.3690733 0.3678194 0.3690849 0.3678311 0.3289986 0.3966221 0.3435552 0.3888215 0.3435643 0.3888351 0.3563143 0.3783205 0.3435643 0.3888351 0.3563143 0.3783205 0.3795444 0.3550174 0.3690733 0.3678194 0.3795444 0.3550174 0.3690733 0.3678194 0.3795444 0.3550174 0.3795444 0.3550174 0.3795444 0.3550174 0.3900154 0.3422154 0.390029 0.3422245 0.3795444 0.3550175 0.3900154 0.3422154 0.3900154 0.3422154 0.3977961 0.3275981 0.3900154 0.3422154 0.3977961 0.3275981 0.3900154 0.3422154 0.3977961 0.3275981 0.3977961 0.3275981 0.3977961 0.3275981 0.4055768 0.3129808 0.4055919 0.3129872 0.3977962 0.3275981 0.4055768 0.3129808 0.4055768 0.3129808 0.4103682 0.2970998 0.4055768 0.3129808 0.4103682 0.2970998 0.4055768 0.3129808 0.4103682 0.2970997 0.4103682 0.2970998 0.4103682 0.2970998 0.4151594 0.2812186 0.4151754 0.281222 0.4103682 0.2970998 0.4151594 0.2812186 0.4151594 0.2812186 0.4167773 0.2646663 0.4151594 0.2812186 0.4167773 0.2646663 0.4151594 0.2812186 0.4167773 0.2646663 0.4167773 0.2646663 0.4167773 0.2646663 0.4183951 0.248114 0.4184114 0.2481144 0.4167773 0.2646663 0.4183951 0.248114 0.4183951 0.248114 0.4167773 0.2314939 0.4183951 0.248114 0.4167773 0.2314939 0.4183951 0.248114 0.4167773 0.2314939 0.4167773 0.2314939 0.4167773 0.2314939 0.4151594 0.2148737 0.4151754 0.2148712 0.4167773 0.2314939 0.4151594 0.2148737 0.4151594 0.2148737 0.4103682 0.1987574 0.4151594 0.2148737 0.4103682 0.1987574 0.4151594 0.2148737 0.4103682 0.1987574 0.4103682 0.1987574 0.4103682 0.1987574 0.4055768 0.182641 0.4055919 0.1826361 0.4103682 0.1987574 0.4055768 0.182641 0.4055768 0.182641 0.3977962 0.1674925 0.4055768 0.182641 0.3977962 0.1674925 0.4055768 0.182641 0.3977962 0.1674925 0.3977962 0.1674925 0.3977962 0.1674925 0.3900154 0.1523439 0.390029 0.1523381 0.3977962 0.1674925 0.3900154 0.1523439 0.3900154 0.1523439 0.3795444 0.1383558 0.3900154 0.1523439 0.3795444 0.1383558 0.3900154 0.1523439 0.3795444 0.1383558 0.3795444 0.1383558 0.3795444 0.1383558 0.3690733 0.1243677 0.3690488 0.1243251 0.3795444 0.1383558 0.3690733 0.1243677 0.3690733 0.1243677 0.3634565 0.1187999 0.3690733 0.1243677 0.3634565 0.1187999 0.3690733 0.1243677 0.3634565 0.1187999 0.3634565 0.1187999 0.3634565 0.1187999 0.3578396 0.1132321 0.3578516 0.1132106 0.3634565 0.1187999 0.3578396 0.1132321 0.3578396 0.1132321 0.3498419 0.1119327 0.3578396 0.1132321 0.3498419 0.1119327 0.3578396 0.1132321 0.3498419 0.1119327 0.3498419 0.1119327 0.3498419 0.1119327 0.3418441 0.1106333 0.3419174 0.1106429 0.3498419 0.1119327 0.3418441 0.1106333 0.3418441 0.1106333 0.3193329 0.1074312 0.3418441 0.1106333 0.3193329 0.1074312 0.3418441 0.1106333 0.3193329 0.1074312 0.3193329 0.1074312 0.3193329 0.1074312 0.2968217 0.104229 0.2968263 0.1042194 0.3193329 0.1074312 0.2968217 0.104229 0.2968217 0.104229 0.2734109 0.1029279 0.2968217 0.104229 0.2734109 0.1029279 0.2968217 0.104229 0.2734109 0.1029279 0.2734109 0.1029279 0.2734109 0.1029279 0.25 0.1016269 0.25 0.1016137 0.2734109 0.102928 0.25 0.1016269 0.25 0.1016269 0.2265892 0.102928 0.25 0.1016269 0.2265892 0.102928 0.25 0.1016269 0.2265892 0.102928 0.2265892 0.102928 0.2265892 0.102928 0.2031784 0.104229 0.2031738 0.1042194 0.2265892 0.102928 0.2031783 0.104229 0.2031784 0.104229 0.1806672 0.1074312 0.2031784 0.104229 0.1806672 0.1074312 0.2031784 0.104229 0.1806672 0.1074312 0.1806672 0.1074312 0.1806672 0.1074312 0.158156 0.1106333 0.1580826 0.1106429 0.1806672 0.1074312 0.158156 0.1106333 0.158156 0.1106333 0.1501582 0.1119327 0.158156 0.1106333 0.1501582 0.1119327 0.158156 0.1106333 0.1501582 0.1119327 0.1501582 0.1119327 0.1501582 0.1119327 0.1421604 0.1132321 0.1421483 0.1132106 0.1501582 0.1119327 0.1421604 0.1132321 0.1421604 0.1132321 0.1365436 0.1187999 0.1421604 0.1132321 0.1365436 0.1187999 0.1421604 0.1132321 0.1365436 0.1187999 0.1365436 0.1187999 0.1365436 0.1187999 0.1309267 0.1243677 0.1309512 0.1243252 0.1365436 0.1187999 0.1309267 0.1243677 0.1309267 0.1243677 0.1204557 0.1383558 0.1309267 0.1243677 0.1204557 0.1383558 0.1309267 0.1243677 0.1204556 0.1383558 0.1204557 0.1383558 0.1204557 0.1383558 0.1099846 0.1523439 0.109971 0.152338 0.1204557 0.1383558 0.1099846 0.1523439 0.1099846 0.1523439 0.1022039 0.1674925 0.1099846 0.1523439 0.1022039 0.1674925 0.1099846 0.1523439 0.1022039 0.1674925 0.1022039 0.1674925 0.1022039 0.1674925 0.09442323 0.1826409 0.09440809 0.182636 0.1022039 0.1674925 0.09442323 0.1826409 0.09442323 0.1826409 0.08963185 0.1987574 0.09442323 0.1826409 0.08963185 0.1987574 0.09442323 0.1826409 0.08963185 0.1987574 0.08963185 0.1987574 0.08963185 0.1987574 0.08484053 0.2148737 0.0848245 0.2148712 0.08963191 0.1987574 0.08484053 0.2148737 0.08484053 0.2148737 0.08322274 0.2314939 0.08484053 0.2148737 0.08322274 0.2314939 0.08484053 0.2148737 0.08322274 0.2314939 0.08322274 0.2314939 0.08322274 0.2314939 0.08160489 0.248114 0.08158856 0.2481143 0.08322274 0.2314939 0.08160489 0.248114 0.08160489 0.248114 0.08322274 0.2646663 0.08160489 0.248114 0.08322274 0.2646663 0.08160489 0.248114 0.08322274 0.2646663 0.08322274 0.2646663 0.08322274 0.2646663 0.08484053 0.2812185 0.0848245 0.2812219 0.08322274 0.2646663 0.08484053 0.2812185 0.08484053 0.2812185 0.08963191 0.2970998 0.08484053 0.2812185 0.08963191 0.2970998 0.08484053 0.2812185 0.08963191 0.2970998 0.08963191 0.2970998 0.08963191 0.2970998 0.09442329 0.312981 0.09440815 0.3129873 0.08963191 0.2970998 0.09442329 0.312981 0.09442329 0.312981 0.1022039 0.3275981 0.09442329 0.312981 0.1022039 0.3275981 0.09442329 0.312981 0.1022039 0.3275981 0.1022039 0.3275981 0.1022039 0.3275981 0.1099846 0.3422152 0.109971 0.3422244 0.1022039 0.3275981 0.1099846 0.3422152 0.1099846 0.3422152 0.1204556 0.3550174 0.1099846 0.3422152 0.1204556 0.3550174 0.1099846 0.3422152 0.1204556 0.3550174 0.1204556 0.3550174 0.1204556 0.3550174 0.1309266 0.3678194 0.1309151 0.367831 0.1204556 0.3550174 0.1309266 0.3678193 0.1309266 0.3678194 0.1436856 0.3783205 0.1309266 0.3678194 0.1436856 0.3783205 0.1309266 0.3678194 0.1436856 0.3783205 0.1436856 0.3783205 0.1436856 0.3783205 0.1564446 0.3888216 0.1564356 0.3888352 0.1436856 0.3783205 0.1564446 0.3888216 0.1564446 0.3888216 0.1710013 0.3966221 0.1564447 0.3888216 0.1710013 0.3966221 0.1564447 0.3888216 0.1710013 0.3966221 0.1710013 0.3966221 0.1710013 0.3966221 0.185558 0.4044226 0.1855517 0.4044377 0.1710013 0.3966221 0.185558 0.4044226 0.185558 0.4044226 0.2013528 0.4092254 0.185558 0.4044226 0.2013528 0.4092254 0.185558 0.4044226 0.2013528 0.4092254 0.2013528 0.4092254 0.2013528 0.4092254 0.2171477 0.414028 0.2171446 0.4140441 0.2013528 0.4092254 0.2171477 0.414028 0.2171477 0.414028 0.2335739 0.4156495 0.2171477 0.414028 0.2335739 0.4156495 0.2171477 0.414028 0.2335739 0.4156495 0.2335739 0.4156495 0.2335739 0.4156495 0.25 0.417271 0.2500001 0.4172874 0.2335739 0.4156495 0.25 0.417271 0.25 0.417271 0.2664262 0.4156496 0.25 0.417271 0.2664262 0.4156496 0.25 0.417271 0.2664262 0.4156496 0.2664262 0.4156496 0.2664262 0.4156496 0.2828523 0.4140281 0.2828555 0.4140442 0.2664262 0.4156496 0.2828523 0.4140281 0.2828523 0.4140281 0.2986471 0.4092254 0.2828523 0.4140281 0.2986471 0.4092254 0.2828523 0.4140281 0.2986471 0.4092254 0.2986471 0.4092254 0.2986471 0.4092254 0.2828555 0.4140442 0.2986471 0.4092254 0.2664262 0.4156496 0.2828555 0.4140442 0.2828523 0.4140281 0.2986471 0.4092254 0.2828523 0.4140281 0.2986471 0.4092254 0.2664262 0.4156496 0.2828523 0.4140281 0.2828523 0.4140281 0.2664262 0.4156496 0.25 0.417271 0.2664262 0.4156496 0.2664262 0.4156496 0.2500001 0.4172874 0.2664262 0.4156496 0.2335739 0.4156495 0.25 0.417271 0.25 0.417271 0.2335739 0.4156495 0.2500001 0.4172874 0.25 0.417271 0.2335739 0.4156495 0.2171477 0.414028 0.2335739 0.4156495 0.2335739 0.4156495 0.2171446 0.4140441 0.2335739 0.4156495 0.2013528 0.4092254 0.2171477 0.414028 0.2171477 0.414028 0.2013528 0.4092254 0.2171446 0.4140441 0.2171477 0.414028 0.2013528 0.4092254 0.185558 0.4044226 0.2013528 0.4092254 0.2013528 0.4092254 0.1855517 0.4044377 0.2013528 0.4092254 0.1710013 0.3966221 0.185558 0.4044226 0.185558 0.4044226 0.1710013 0.3966221 0.1855517 0.4044377 0.185558 0.4044226 0.1710013 0.3966221 0.1564447 0.3888216 0.1710013 0.3966221 0.1710013 0.3966221 0.1564356 0.3888352 0.1710013 0.3966221 0.1436856 0.3783205 0.1564447 0.3888216 0.1564446 0.3888216 0.1436856 0.3783205 0.1564356 0.3888352 0.1564447 0.3888216 0.1436856 0.3783205 0.1309266 0.3678194 0.1436856 0.3783205 0.1436856 0.3783205 0.1309151 0.367831 0.1436856 0.3783205 0.1204556 0.3550174 0.1309266 0.3678194 0.1309266 0.3678194 0.1204556 0.3550174 0.1309151 0.367831 0.1309266 0.3678194 0.1204556 0.3550174 0.1099846 0.3422152 0.1204556 0.3550174 0.1204556 0.3550174 0.109971 0.3422244 0.1204556 0.3550174 0.1022039 0.3275982 0.1099846 0.3422152 0.1099846 0.3422152 0.1022039 0.3275981 0.109971 0.3422244 0.1099846 0.3422152 0.1022039 0.3275982 0.09442329 0.312981 0.1022039 0.3275981 0.1022039 0.3275981 0.09440815 0.3129873 0.1022039 0.3275981 0.08963191 0.2970998 0.09442329 0.312981 0.09442329 0.312981 0.08963191 0.2970998 0.09440815 0.3129873 0.09442329 0.312981 0.08963191 0.2970998 0.08484053 0.2812185 0.08963191 0.2970998 0.08963191 0.2970998 0.0848245 0.2812219 0.08963191 0.2970998 0.08322274 0.2646663 0.08484053 0.2812185 0.08484053 0.2812185 0.08322274 0.2646663 0.0848245 0.2812219 0.08484053 0.2812185 0.08322274 0.2646663 0.08160489 0.248114 0.08322274 0.2646663 0.08322274 0.2646663 0.08158856 0.2481143 0.08322274 0.2646663 0.08322274 0.2314939 0.08160489 0.248114 0.08160489 0.2481139 0.08322274 0.2314939 0.08158856 0.2481143 0.08160489 0.248114 0.08322274 0.2314939 0.08484053 0.2148737 0.08322274 0.2314939 0.08322274 0.2314939 0.0848245 0.2148712 0.08322274 0.2314939 0.08963185 0.1987574 0.08484053 0.2148737 0.08484053 0.2148737 0.08963191 0.1987574 0.0848245 0.2148712 0.08484053 0.2148737 0.08963185 0.1987574 0.09442323 0.1826409 0.08963191 0.1987574 0.08963191 0.1987574 0.09440809 0.182636 0.08963185 0.1987574 0.1022039 0.1674925 0.09442323 0.1826409 0.09442323 0.1826409 0.1022039 0.1674925 0.09440809 0.182636 0.09442323 0.1826409 0.1022039 0.1674925 0.1099846 0.1523439 0.1022039 0.1674925 0.1022039 0.1674925 0.109971 0.152338 0.1022039 0.1674925 0.1204557 0.1383558 0.1099846 0.1523439 0.1099846 0.1523439 0.1204557 0.1383558 0.109971 0.152338 0.1099846 0.1523439 0.1204557 0.1383558 0.1309267 0.1243677 0.1204557 0.1383558 0.1204557 0.1383558 0.1309512 0.1243252 0.1204557 0.1383558 0.1365435 0.1187999 0.1309267 0.1243677 0.1309267 0.1243677 0.1365436 0.1187999 0.1309512 0.1243252 0.1309267 0.1243677 0.1365435 0.1187999 0.1421604 0.1132321 0.1365436 0.1187999 0.1365436 0.1187999 0.1421483 0.1132106 0.1365436 0.1187999 0.1501582 0.1119327 0.1421604 0.1132321 0.1421604 0.1132321 0.1501582 0.1119327 0.1421483 0.1132106 0.1421604 0.1132321 0.1501582 0.1119327 0.158156 0.1106333 0.1501582 0.1119327 0.1501582 0.1119327 0.1580826 0.1106429 0.1501582 0.1119327 0.1806672 0.1074312 0.158156 0.1106333 0.158156 0.1106333 0.1806672 0.1074312 0.1580826 0.1106429 0.158156 0.1106333 0.1806672 0.1074312 0.2031784 0.104229 0.1806672 0.1074312 0.1806672 0.1074312 0.2031738 0.1042194 0.1806672 0.1074312 0.2265892 0.102928 0.2031784 0.104229 0.2031784 0.104229 0.2265892 0.102928 0.2031738 0.1042194 0.2031784 0.104229 0.2265892 0.102928 0.25 0.1016269 0.2265892 0.102928 0.2265892 0.102928 0.25 0.1016137 0.2265892 0.102928 0.2734109 0.1029279 0.25 0.1016269 0.25 0.1016269 0.2734109 0.1029279 0.25 0.1016137 0.25 0.1016269 0.2734109 0.1029279 0.2968217 0.104229 0.2734109 0.1029279 0.2734109 0.1029279 0.2968263 0.1042194 0.2734109 0.1029279 0.3193329 0.1074312 0.2968217 0.104229 0.2968217 0.104229 0.3193329 0.1074312 0.2968263 0.1042194 0.2968217 0.104229 0.3193329 0.1074312 0.3418441 0.1106333 0.3193329 0.1074312 0.3193329 0.1074312 0.3419174 0.1106429 0.3193329 0.1074312 0.3498419 0.1119327 0.3418441 0.1106333 0.3418441 0.1106333 0.3498419 0.1119327 0.3419174 0.1106429 0.3418441 0.1106333 0.3498419 0.1119327 0.3578396 0.1132321 0.3498419 0.1119327 0.3498419 0.1119327 0.3578516 0.1132106 0.3498419 0.1119327 0.3634565 0.1187999 0.3578396 0.1132321 0.3578396 0.1132321 0.3634565 0.1187999 0.3578516 0.1132106 0.3578396 0.1132321 0.3634565 0.1187999 0.3690733 0.1243677 0.3634565 0.1187999 0.3634565 0.1187999 0.3690488 0.1243251 0.3634565 0.1187999 0.3795444 0.1383558 0.3690733 0.1243677 0.3690733 0.1243677 0.3795444 0.1383558 0.3690488 0.1243251 0.3690733 0.1243677 0.3795444 0.1383558 0.3900154 0.1523439 0.3795444 0.1383558 0.3795444 0.1383558 0.390029 0.1523381 0.3795444 0.1383558 0.3977962 0.1674925 0.3900154 0.1523439 0.3900154 0.1523439 0.3977962 0.1674925 0.390029 0.1523381 0.3900154 0.1523439 0.3977962 0.1674925 0.4055768 0.182641 0.3977962 0.1674925 0.3977962 0.1674925 0.4055919 0.1826361 0.3977962 0.1674925 0.4103682 0.1987574 0.4055768 0.182641 0.4055768 0.182641 0.4103682 0.1987574 0.4055919 0.1826361 0.4055768 0.182641 0.4103682 0.1987574 0.4151594 0.2148737 0.4103682 0.1987574 0.4103682 0.1987574 0.4151754 0.2148712 0.4103682 0.1987574 0.4167773 0.2314939 0.4151594 0.2148737 0.4151594 0.2148737 0.4167773 0.2314939 0.4151754 0.2148712 0.4151594 0.2148737 0.4167773 0.2314939 0.4183951 0.248114 0.4167773 0.2314939 0.4167773 0.2314939 0.4184114 0.2481144 0.4167773 0.2314939 0.4167773 0.2646663 0.4183951 0.248114 0.4183951 0.248114 0.4167773 0.2646663 0.4184114 0.2481144 0.4183951 0.248114 0.4167773 0.2646663 0.4151594 0.2812186 0.4167773 0.2646663 0.4167773 0.2646663 0.4151754 0.281222 0.4167773 0.2646663 0.4103682 0.2970998 0.4151594 0.2812186 0.4151594 0.2812186 0.4103682 0.2970997 0.4151754 0.281222 0.4151594 0.2812186 0.4103682 0.2970998 0.4055768 0.3129808 0.4103682 0.2970997 0.4103682 0.2970997 0.4055919 0.3129872 0.4103682 0.2970998 0.3977961 0.3275981 0.4055768 0.3129808 0.4055768 0.3129808 0.3977961 0.3275981 0.4055919 0.3129872 0.4055768 0.3129808 0.3977961 0.3275981 0.3900154 0.3422154 0.3977961 0.3275981 0.3977961 0.3275981 0.390029 0.3422245 0.3977961 0.3275981 0.3795444 0.3550174 0.3900154 0.3422154 0.3900154 0.3422154 0.3795444 0.3550174 0.390029 0.3422245 0.3900154 0.3422154 0.3795444 0.3550174 0.3690733 0.3678194 0.3795444 0.3550174 0.3795444 0.3550174 0.3690849 0.3678311 0.3795444 0.3550174 0.3563144 0.3783205 0.3690733 0.3678194 0.3690733 0.3678194 0.3563143 0.3783205 0.3690849 0.3678311 0.3690733 0.3678194 0.3563144 0.3783205 0.3435552 0.3888215 0.3563143 0.3783205 0.3563143 0.3783205 0.3435552 0.3888215 0.3563144 0.3783205 0.3563143 0.3783205 0.3690733 0.3678194 0.3690733 0.3678194 0.3563143 0.3783205 0.3690733 0.3678194 0.3690733 0.3678194 0.3563143 0.3783205 0.3435552 0.3888215 0.3563143 0.3783205 0.3562339 0.3782202 0.3690733 0.3678194 0.368709 0.367453 0.3435552 0.3888215 0.3562339 0.3782203 0.343243 0.3883525 0.343243 0.3883525 0.356211 0.3781917 0.3431541 0.3882188 0.356211 0.3781917 0.368709 0.367453 0.3686053 0.3673486 0.368709 0.367453 0.3794286 0.3549217 0.3686053 0.3673486 0.3690733 0.3678194 0.3794543 0.354943 0.368709 0.367453 0.3794286 0.3549217 0.3895871 0.3419263 0.3894649 0.341844 0.3794543 0.354943 0.3900154 0.3422154 0.3895871 0.3419263 0.3795444 0.3550174 0.3900153 0.3422154 0.3900154 0.3422154 0.3795444 0.3550174 0.3690733 0.3678194 0.3795443 0.3550174 0.3795444 0.3550174 0.3900154 0.3422154 0.3900153 0.3422154 0.3795443 0.3550174 0.3690733 0.3678194 0.3795444 0.3550174 0.3977961 0.3275981 0.3900154 0.3422154 0.3977961 0.3275981 0.3977961 0.3275981 0.3900154 0.3422154 0.3977961 0.3275981 0.3977961 0.3275981 0.4055768 0.3129808 0.4055768 0.3129808 0.3977961 0.3275981 0.4055768 0.3129808 0.4055768 0.3129808 0.3976933 0.3275424 0.4055768 0.3129808 0.4051008 0.3127796 0.3900154 0.3422154 0.3976933 0.3275424 0.3895871 0.3419263 0.3895871 0.3419263 0.3976641 0.3275265 0.3894649 0.341844 0.3976641 0.3275265 0.4051008 0.3127796 0.4049652 0.3127223 0.4051008 0.3127796 0.4102101 0.2970516 0.4049652 0.3127223 0.4055768 0.3129808 0.4102451 0.2970623 0.4051008 0.3127796 0.4102101 0.2970516 0.4146081 0.281102 0.4144511 0.2810688 0.4102451 0.2970623 0.4151594 0.2812186 0.4146081 0.281102 0.4103682 0.2970997 0.4151594 0.2812186 0.4151594 0.2812186 0.4103682 0.2970997 0.4055768 0.3129808 0.4103682 0.2970997 0.4103682 0.2970997 0.4151594 0.2812186 0.4151594 0.2812186 0.4103682 0.2970997 0.4055768 0.3129808 0.4103682 0.2970998 0.4167773 0.2646663 0.4151594 0.2812186 0.4167773 0.2646663 0.4167773 0.2646663 0.4151594 0.2812186 0.4167773 0.2646663 0.4167773 0.2646663 0.4183951 0.248114 0.4183951 0.248114 0.4167773 0.2646663 0.4183951 0.248114 0.4183951 0.248114 0.4166381 0.2646503 0.4183951 0.248114 0.4178331 0.2481022 0.4151594 0.2812186 0.4166381 0.2646503 0.4146082 0.281102 0.4146082 0.281102 0.4165985 0.2646457 0.4144511 0.2810688 0.4165985 0.2646457 0.4178331 0.2481022 0.4176729 0.2480989 0.4178331 0.2481022 0.4165985 0.2315061 0.4176729 0.2480989 0.4183951 0.248114 0.4166381 0.2315034 0.4178331 0.2481022 0.4165985 0.2315061 0.4146082 0.2149613 0.4144511 0.2149862 0.4166381 0.2315034 0.4151594 0.2148737 0.4146082 0.2149613 0.4167773 0.2314939 0.4151594 0.2148737 0.4151594 0.2148737 0.4167773 0.2314939 0.4183951 0.248114 0.4167773 0.2314939 0.4167773 0.2314939 0.4151594 0.2148737 0.4151594 0.2148737 0.4167773 0.2314939 0.4183951 0.248114 0.4167773 0.2314939 0.4103682 0.1987574 0.4151594 0.2148737 0.4103682 0.1987574 0.4103682 0.1987574 0.4151594 0.2148737 0.4103682 0.1987574 0.4103682 0.1987574 0.4055768 0.182641 0.4055768 0.182641 0.4103682 0.1987574 0.4055768 0.182641 0.4055768 0.182641 0.4102343 0.1987894 0.4055768 0.182641 0.4050576 0.1828091 0.4151594 0.2148737 0.4102343 0.1987894 0.4146082 0.2149613 0.4146082 0.2149613 0.4101962 0.1987984 0.4144511 0.2149862 0.4101962 0.1987984 0.4050576 0.1828091 0.4049096 0.182857 0.4050576 0.1828091 0.3976377 0.1675519 0.4049096 0.182857 0.4055768 0.182641 0.3976728 0.1675387 0.4050576 0.1828091 0.3976377 0.1675519 0.3895481 0.1525455 0.3894149 0.152603 0.3976728 0.1675387 0.3900154 0.1523439 0.3895481 0.1525455 0.3977962 0.1674925 0.3900154 0.1523439 0.3900154 0.1523439 0.3977962 0.1674925 0.4055768 0.182641 0.3977962 0.1674925 0.3977962 0.1674925 0.3900154 0.1523439 0.3900154 0.1523439 0.3977962 0.1674925 0.4055768 0.182641 0.3977962 0.1674925 0.3795444 0.1383558 0.3900154 0.1523439 0.3795444 0.1383558 0.3795444 0.1383558 0.3900154 0.1523439 0.3795444 0.1383558 0.3795444 0.1383558 0.3690733 0.1243677 0.3690733 0.1243677 0.3795444 0.1383558 0.3690733 0.1243677 0.3690733 0.1243677 0.3795914 0.1385639 0.3690733 0.1243677 0.3699165 0.1258302 0.3900154 0.1523439 0.3795914 0.1385638 0.3895481 0.1525455 0.3895481 0.1525455 0.3796047 0.1386231 0.3894149 0.152603 0.3796047 0.1386231 0.3699165 0.1258302 0.3701568 0.1262471 0.3699164 0.1258302 0.3635365 0.1191341 0.3701568 0.1262471 0.3690733 0.1243677 0.3635188 0.11906 0.3699164 0.1258302 0.3635365 0.1191341 0.3574605 0.1139118 0.3573524 0.1141054 0.3635188 0.11906 0.3578396 0.1132321 0.3574605 0.1139118 0.3634565 0.1187999 0.3578396 0.1132321 0.3578396 0.1132321 0.3634565 0.1187999 0.3690733 0.1243677 0.3634565 0.1187999 0.3634565 0.1187999 0.3578396 0.1132321 0.3578396 0.1132321 0.3634565 0.1187999 0.3690733 0.1243677 0.3634565 0.1187999 0.3498419 0.1119327 0.3578396 0.1132321 0.3498419 0.1119327 0.3498419 0.1119327 0.3578396 0.1132321 0.3498419 0.1119327 0.3498419 0.1119327 0.3418441 0.1106333 0.3418441 0.1106333 0.3498419 0.1119327 0.3418441 0.1106333 0.3418441 0.1106333 0.3495362 0.1119755 0.3418441 0.1106333 0.3395333 0.1103304 0.3578396 0.1132321 0.3495362 0.1119755 0.3574605 0.1139118 0.3574605 0.1139118 0.3494491 0.1119877 0.3573524 0.1141054 0.3494491 0.1119877 0.3395333 0.1103304 0.3388746 0.110244 0.3395333 0.1103304 0.3189745 0.1074311 0.3388746 0.110244 0.3418441 0.1106333 0.319054 0.1074311 0.3395333 0.1103304 0.3189745 0.1074311 0.2966785 0.1045317 0.2966377 0.104618 0.319054 0.1074311 0.2968217 0.104229 0.2966785 0.1045317 0.3193329 0.1074312 0.2968217 0.104229 0.2968217 0.104229 0.3193329 0.1074312 0.3418441 0.1106333 0.3193329 0.1074312 0.3193329 0.1074312 0.2968217 0.104229 0.2968217 0.104229 0.3193329 0.1074312 0.3418441 0.1106333 0.3193329 0.1074312 0.2734109 0.1029279 0.2968217 0.104229 0.2734109 0.1029279 0.2734109 0.1029279 0.2968217 0.104229 0.2734109 0.1029279 0.2734109 0.1029279 0.25 0.1016269 0.25 0.1016269 0.2734109 0.1029279 0.25 0.1016269 0.25 0.1016269 0.2733946 0.1030094 0.25 0.1016269 0.25 0.1020412 0.2968217 0.104229 0.2733946 0.1030094 0.2966785 0.1045317 0.2966785 0.1045317 0.2733899 0.1030327 0.2966377 0.104618 0.2733899 0.1030327 0.25 0.1020412 0.25 0.1021593 0.25 0.1020412 0.2266101 0.1030327 0.25 0.1021593 0.25 0.1016269 0.2266054 0.1030095 0.25 0.1020412 0.2266101 0.1030327 0.2033216 0.1045317 0.2033624 0.104618 0.2266054 0.1030095 0.2031784 0.104229 0.2033216 0.1045317 0.2265892 0.102928 0.2031784 0.104229 0.2031784 0.104229 0.2265892 0.102928 0.25 0.1016269 0.2265892 0.102928 0.2265892 0.102928 0.2031784 0.104229 0.2031784 0.104229 0.2265892 0.102928 0.25 0.1016269 0.2265892 0.102928 0.1806672 0.1074312 0.2031784 0.104229 0.1806672 0.1074312 0.1806672 0.1074312 0.2031784 0.104229 0.1806672 0.1074312 0.1806672 0.1074312 0.158156 0.1106333 0.158156 0.1106333 0.1806672 0.1074312 0.158156 0.1106333 0.158156 0.1106333 0.1806834 0.1074656 0.158156 0.1106333 0.158156 0.1106333 0.2031784 0.104229 0.1806834 0.1074656 0.2033216 0.1045317 0.2033216 0.1045317 0.1806881 0.1074753 0.2033624 0.104618 0.1806881 0.1074753 0.158156 0.1106333 0.1581561 0.1106333 0.158156 0.1106333 0.1501582 0.1119327 0.1581561 0.1106333 0.158156 0.1106333 0.1501582 0.1119327 0.158156 0.1106333 0.1501582 0.1119327 0.1421604 0.1132321 0.1421604 0.1132321 0.1501582 0.1119327 0.1421604 0.1132321 0.1421604 0.1132321 0.1501582 0.1119327 0.1421604 0.1132321 0.1421604 0.1132321 0.1501582 0.1119327 0.158156 0.1106333 0.1501582 0.1119327 0.1501582 0.1119327 0.1421604 0.1132321 0.1421604 0.1132321 0.1501582 0.1119327 0.158156 0.1106333 0.1501582 0.1119327 0.1365436 0.1187999 0.1421604 0.1132321 0.1365435 0.1187999 0.1365436 0.1187999 0.1421604 0.1132321 0.1365436 0.1187999 0.1365436 0.1187999 0.1309267 0.1243677 0.1309267 0.1243677 0.1365436 0.1187999 0.1309267 0.1243677 0.1309267 0.1243677 0.1364557 0.1189523 0.1309267 0.1243677 0.1301538 0.1257084 0.1421604 0.1132321 0.1364557 0.1189523 0.1421604 0.1132321 0.1421604 0.1132321 0.1364307 0.1189957 0.1421604 0.1132321 0.1364307 0.1189957 0.1301538 0.1257084 0.1299335 0.1260905 0.1301538 0.1257084 0.1204053 0.1385785 0.1299335 0.1260905 0.1309267 0.1243677 0.1204165 0.1385291 0.1301538 0.1257084 0.1204053 0.1385785 0.110413 0.1525287 0.110535 0.1525813 0.1204165 0.1385291 0.1099846 0.1523439 0.110413 0.1525287 0.1204557 0.1383558 0.1099846 0.1523439 0.1099846 0.1523439 0.1204557 0.1383558 0.1309267 0.1243677 0.1204557 0.1383558 0.1204557 0.1383558 0.1099846 0.1523439 0.1099846 0.1523439 0.1204557 0.1383558 0.1309267 0.1243677 0.1204557 0.1383558 0.1022039 0.1674925 0.1099846 0.1523439 0.1022039 0.1674925 0.1022039 0.1674925 0.1099846 0.1523439 0.1022039 0.1674925 0.1022039 0.1674925 0.09442323 0.1826409 0.09442317 0.1826409 0.1022039 0.1674925 0.09442317 0.1826409 0.09442323 0.1826409 0.1023067 0.167531 0.09442323 0.1826409 0.09489917 0.1827951 0.1099846 0.1523439 0.1023067 0.167531 0.110413 0.1525287 0.110413 0.1525287 0.1023359 0.1675419 0.110535 0.1525813 0.1023359 0.1675419 0.09489917 0.1827951 0.09503483 0.182839 0.09489917 0.1827951 0.08978992 0.1987939 0.09503483 0.182839 0.09442323 0.1826409 0.08975487 0.1987858 0.09489917 0.1827951 0.08978992 0.1987939 0.08539175 0.2149612 0.08554887 0.2149862 0.08975487 0.1987858 0.08484053 0.2148737 0.08539175 0.2149612 0.08963191 0.1987574 0.08484053 0.2148737 0.08484053 0.2148737 0.08963191 0.1987574 0.09442323 0.1826409 0.08963191 0.1987574 0.08963191 0.1987574 0.08484053 0.2148737 0.08484053 0.2148737 0.08963191 0.1987574 0.09442323 0.1826409 0.08963185 0.1987574 0.08322274 0.2314939 0.08484053 0.2148737 0.08322274 0.2314939 0.08322274 0.2314939 0.08484053 0.2148737 0.08322274 0.2314939 0.08322274 0.2314939 0.08160489 0.2481139 0.08160489 0.248114 0.08322274 0.2314939 0.08160489 0.248114 0.08160489 0.248114 0.08335018 0.2315036 0.08160489 0.248114 0.08212012 0.2481032 0.08484053 0.2148737 0.08335018 0.2315036 0.08539175 0.2149612 0.08539175 0.2149612 0.08338654 0.2315064 0.08554887 0.2149862 0.08338654 0.2315064 0.08212012 0.2481032 0.08226692 0.2481001 0.08212012 0.2481032 0.08329796 0.2646647 0.08226692 0.2481001 0.08160489 0.248114 0.08328127 0.2646651 0.08212012 0.2481032 0.08329796 0.2646647 0.08484053 0.2812186 0.08484059 0.2812186 0.08328127 0.2646651 0.08484053 0.2812185 0.08484053 0.2812186 0.08322274 0.2646663 0.08484053 0.2812185 0.08484053 0.2812185 0.08322274 0.2646663 0.08160489 0.248114 0.08322274 0.2646663 0.08322274 0.2646663 0.08484053 0.2812185 0.08484053 0.2812185 0.08322274 0.2646663 0.08160489 0.2481139 0.08322274 0.2646663 0.08963191 0.2970998 0.08484053 0.2812185 0.08963191 0.2970998 0.08963191 0.2970998 0.08484053 0.2812185 0.08963191 0.2970998 0.08963191 0.2970998 0.09442329 0.312981 0.09442329 0.312981 0.08963191 0.2970998 0.09442329 0.312981 0.09442329 0.312981 0.08963191 0.2970998 0.09442329 0.312981 0.09442329 0.312981 0.08484053 0.2812185 0.08963191 0.2970998 0.08484053 0.2812186 0.08484053 0.2812186 0.08963191 0.2970998 0.08484059 0.2812186 0.08963191 0.2970998 0.09442329 0.312981 0.09442329 0.312981 0.09442329 0.312981 0.102279 0.3275475 0.09442329 0.312981 0.09442329 0.312981 0.1022623 0.3275587 0.09442329 0.312981 0.102279 0.3275475 0.1104519 0.3419 0.110585 0.3418101 0.1022623 0.3275587 0.1099846 0.3422152 0.1104519 0.3419 0.1022039 0.3275981 0.1099846 0.3422152 0.1099846 0.3422152 0.1022039 0.3275981 0.09442329 0.312981 0.1022039 0.3275981 0.1022039 0.3275981 0.1099846 0.3422152 0.1099846 0.3422152 0.1022039 0.3275981 0.09442329 0.312981 0.1022039 0.3275982 0.1204556 0.3550174 0.1099846 0.3422152 0.1204556 0.3550174 0.1204556 0.3550174 0.1099846 0.3422152 0.1204556 0.3550174 0.1204556 0.3550174 0.1309266 0.3678194 0.1309266 0.3678194 0.1204556 0.3550174 0.1309266 0.3678194 0.1309266 0.3678194 0.1205637 0.354928 0.1309266 0.3678194 0.1313241 0.3674197 0.1099846 0.3422152 0.1205637 0.354928 0.1104519 0.3419 0.1104519 0.3419 0.1205945 0.3549025 0.110585 0.3418101 0.1205945 0.3549025 0.1313241 0.3674197 0.1314373 0.3673058 0.1313241 0.3674197 0.1437997 0.378181 0.1314373 0.3673058 0.1309266 0.3678194 0.1437743 0.3782119 0.1313241 0.3674197 0.1437997 0.378181 0.1567569 0.3883525 0.1568459 0.3882188 0.1437743 0.3782119 0.1564447 0.3888216 0.1567569 0.3883525 0.1436856 0.3783205 0.1564447 0.3888216 0.1564447 0.3888216 0.1436856 0.3783205 0.1309266 0.3678194 0.1436856 0.3783205 0.1436856 0.3783205 0.1564446 0.3888216 0.1564447 0.3888216 0.1436856 0.3783205 0.1309266 0.3678194 0.1436856 0.3783205 0.1710013 0.3966221 0.1564446 0.3888216 0.1710013 0.3966221 0.1710013 0.3966221 0.1564447 0.3888216 0.1710013 0.3966221 0.1710013 0.3966221 0.185558 0.4044226 0.185558 0.4044226 0.1710013 0.3966221 0.185558 0.4044226 0.185558 0.4044226 0.1710404 0.3965635 0.185558 0.4044226 0.185558 0.4044226 0.1564447 0.3888216 0.1710404 0.3965635 0.1567569 0.3883525 0.1567569 0.3883525 0.1710515 0.3965468 0.1568459 0.3882188 0.1710515 0.3965468 0.185558 0.4044226 0.185558 0.4044226 0.185558 0.4044226 0.2013528 0.4092254 0.185558 0.4044226 0.185558 0.4044226 0.2013528 0.4092254 0.185558 0.4044226 0.2013528 0.4092254 0.2171478 0.414028 0.2171478 0.4140279 0.2013528 0.4092254 0.2171477 0.414028 0.2171478 0.414028 0.2013528 0.4092254 0.2171477 0.414028 0.2171477 0.414028 0.2013528 0.4092254 0.185558 0.4044226 0.2013528 0.4092254 0.2013528 0.4092254 0.2171477 0.414028 0.2171477 0.414028 0.2013528 0.4092254 0.185558 0.4044226 0.2013528 0.4092254 0.2335739 0.4156495 0.2171477 0.414028 0.2335739 0.4156495 0.2335739 0.4156495 0.2171477 0.414028 0.2335739 0.4156495 0.2335739 0.4156495 0.25 0.417271 0.25 0.417271 0.2335739 0.4156495 0.25 0.417271 0.25 0.417271 0.2335739 0.4155791 0.25 0.417271 0.2500001 0.4167077 0.2171477 0.414028 0.2335739 0.4155791 0.2171477 0.414028 0.2171477 0.414028 0.2335739 0.4155591 0.2171478 0.4140279 0.2335739 0.4155591 0.2500001 0.4167077 0.2500001 0.4165472 0.2500001 0.4167077 0.2664115 0.4154852 0.2500001 0.4165472 0.25 0.417271 0.2664148 0.4155216 0.2500001 0.4167077 0.2500001 0.4165472 0.2664086 0.415452 0.2500001 0.4164013 0.2335739 0.4155408 0.2500001 0.4165472 0.2500001 0.4164013 0.2500001 0.4164013 0.2664062 0.4154093 0.25 0.4161823 0.2335745 0.415507 0.2500001 0.4164013 0.25 0.4161823 0.2171478 0.4140279 0.2335739 0.4155408 0.2171478 0.4140279 0.2171478 0.4140279 0.2335745 0.415507 0.2171511 0.4140104 0.2171511 0.4140104 0.233575 0.415508 0.2171486 0.4140235 0.233575 0.415508 0.25 0.4161823 0.25 0.4161881 0.2171486 0.4140235 0.2335754 0.4155066 0.2171478 0.414028 0.2335754 0.4155066 0.25 0.4161881 0.2500001 0.4161901 0.25 0.4161823 0.2664084 0.4154238 0.25 0.4161881 0.25 0.4161881 0.2664104 0.4154352 0.2500001 0.4161901 0.2664119 0.4154425 0.2500001 0.4161901 0.2664104 0.4154352 0.2335758 0.4155048 0.2500001 0.4161901 0.2500001 0.41619 0.2335758 0.4155048 0.25 0.4161881 0.2335763 0.4155013 0.2664119 0.4154425 0.25 0.4161881 0.2500001 0.4161901 0.2664119 0.4154425 0.2827641 0.4135835 0.2664138 0.4154508 0.2664119 0.4154425 0.2827275 0.413399 0.2827435 0.4134795 0.2986105 0.4091043 0.2827641 0.4135835 0.2827435 0.4134796 0.2986105 0.4091043 0.2827274 0.413399 0.2986051 0.4090865 0.2827058 0.4132898 0.2986051 0.4090865 0.2827274 0.413399 0.2664105 0.4154352 0.2827058 0.4132898 0.2827275 0.413399 0.2986052 0.4090865 0.3141546 0.4037268 0.3141971 0.4038298 0.2986105 0.4091043 0.3141971 0.4038298 0.3142284 0.4039056 0.3141546 0.4037268 0.3288928 0.3964349 0.3141971 0.4038298 0.3288957 0.3964418 0.3141971 0.4038298 0.3288928 0.3964349 0.2986105 0.4091043 0.3142688 0.4040036 0.2986174 0.4091271 0.3288957 0.3964418 0.3142688 0.4040036 0.3142284 0.4039056 0.3288957 0.3964418 0.3429549 0.3879197 0.3288987 0.3964496 0.3288957 0.3964418 0.3429561 0.3879214 0.3429561 0.3879214 0.3561877 0.3781559 0.3429549 0.3879197 0.3429561 0.3879214 0.3429561 0.3879214 0.3561824 0.3781507 0.3561877 0.3781559 0.3429549 0.3879196 0.3561824 0.3781507 0.3429561 0.3879214 0.3288928 0.3964349 0.3429549 0.3879196 0.3429561 0.3879214 0.3561824 0.3781507 0.3685423 0.3672853 0.3686209 0.3673644 0.3561877 0.3781559 0.3686209 0.3673644 0.3686788 0.3674226 0.3685423 0.3672853 0.3794325 0.3549249 0.3686208 0.3673644 0.3794468 0.3549368 0.3686208 0.3673644 0.3794325 0.3549249 0.3561877 0.3781559 0.3687536 0.3674978 0.3561938 0.3781617 0.3794468 0.3549368 0.3687536 0.3674978 0.3686788 0.3674226 0.3794468 0.3549368 0.3896394 0.3419617 0.3794652 0.3549519 0.3794468 0.3549368 0.3894833 0.3418564 0.3895514 0.3419023 0.3976848 0.3275378 0.3896394 0.3419617 0.3895514 0.3419023 0.3976848 0.3275378 0.3894833 0.3418564 0.3976685 0.327529 0.389391 0.3417941 0.3976685 0.327529 0.3894833 0.3418564 0.3794325 0.3549249 0.389391 0.3417941 0.3894833 0.3418564 0.3976685 0.327529 0.4048829 0.3126875 0.4049856 0.3127309 0.3976848 0.3275378 0.4049856 0.3127309 0.4050613 0.3127629 0.4048829 0.3126875 0.4101614 0.2970402 0.4049856 0.3127309 0.4101682 0.2970432 0.4049856 0.3127309 0.4101614 0.2970402 0.3976848 0.3275378 0.4051589 0.3128042 0.3977057 0.3275491 0.4101682 0.2970432 0.4051589 0.3128042 0.4050613 0.3127629 0.4101682 0.2970432 0.4140995 0.2809945 0.4101759 0.2970467 0.4101682 0.2970432 0.4141016 0.2809948 0.4141016 0.2809949 0.4165102 0.2646355 0.4140995 0.2809945 0.4141016 0.2809949 0.4141016 0.2809949 0.4165102 0.2646355 0.4165102 0.2646355 0.4101614 0.2970403 0.4140995 0.2809945 0.4141016 0.2809948 0.416508 0.2646353 0.4141016 0.2809949 0.4140995 0.2809945 0.4165102 0.2646355 0.4173144 0.2480913 0.4173166 0.2480914 0.4173166 0.2480914 0.4165102 0.2646355 0.4173166 0.2480914 0.4173144 0.2480913 0.4165102 0.2315121 0.4173166 0.2480914 0.4173166 0.2480914 0.4165102 0.2315121 0.4165102 0.231512 0.4165102 0.2646355 0.4173144 0.2480913 0.416508 0.2646353 0.4165102 0.231512 0.4173144 0.2480913 0.4173166 0.2480914 0.4165102 0.231512 0.4140995 0.2150421 0.4165081 0.2315122 0.4141016 0.2150417 0.4165102 0.2315121 0.4141016 0.2150417 0.4101113 0.1988187 0.4140995 0.2150421 0.4141016 0.2150417 0.4141016 0.2150417 0.4101113 0.1988187 0.4101113 0.1988187 0.4140995 0.215042 0.4101113 0.1988187 0.4141016 0.2150417 0.4165102 0.2315121 0.4140995 0.215042 0.4141016 0.2150417 0.4045804 0.1829636 0.4101092 0.1988192 0.4045783 0.1829643 0.4101113 0.1988187 0.4045804 0.1829636 0.4045804 0.1829636 0.4045783 0.1829643 0.3975595 0.1675812 0.4045804 0.1829636 0.4045804 0.1829636 0.3975595 0.1675812 0.3975595 0.1675812 0.4101113 0.1988187 0.4045783 0.1829643 0.4101092 0.1988192 0.3975595 0.1675812 0.4045783 0.1829643 0.4045804 0.1829636 0.3975595 0.1675812 0.3891172 0.152732 0.3975576 0.1675819 0.3891186 0.1527308 0.3975595 0.1675812 0.3891186 0.1527308 0.3796345 0.138755 0.3891172 0.152732 0.3891186 0.1527308 0.3891186 0.1527308 0.3796345 0.138755 0.3796345 0.138755 0.3891172 0.152732 0.3796345 0.138755 0.3891186 0.1527308 0.3891186 0.1527308 0.3975576 0.1675819 0.3891172 0.152732 0.3796345 0.138755 0.3706939 0.1271795 0.3706914 0.1271744 0.3706914 0.1271744 0.3796345 0.138755 0.3706914 0.1271744 0.3706939 0.1271795 0.3635994 0.1192572 0.3706914 0.1271744 0.3636049 0.1192473 0.3706914 0.1271744 0.3635994 0.1192572 0.3796345 0.138755 0.3706939 0.1271794 0.3796352 0.1387583 0.3636049 0.1192473 0.3706939 0.1271794 0.3706914 0.1271744 0.3636049 0.1192473 0.3575069 0.1138288 0.3636135 0.1192377 0.3636049 0.1192473 0.3573687 0.1140763 0.357429 0.1139683 0.3495108 0.1119791 0.3575069 0.1138288 0.357429 0.1139683 0.3495108 0.1119791 0.3573687 0.1140763 0.3494622 0.1119859 0.3572869 0.1142229 0.3494622 0.1119859 0.3573687 0.1140763 0.3635994 0.1192572 0.3572869 0.1142229 0.3573687 0.1140763 0.3494622 0.1119859 0.3384766 0.1101921 0.3389737 0.110257 0.3495108 0.1119791 0.3389737 0.110257 0.3393411 0.1103051 0.3384766 0.1101921 0.3189865 0.1074311 0.3389737 0.110257 0.3190308 0.1074311 0.3389737 0.110257 0.3189865 0.1074311 0.3495108 0.1119791 0.3398165 0.1103676 0.349573 0.1119704 0.3190308 0.1074311 0.3398165 0.1103676 0.3393411 0.1103051 0.3190308 0.1074311 0.2966957 0.1044946 0.3190876 0.1074311 0.3190308 0.1074311 0.2966438 0.104605 0.2966666 0.1045569 0.2733932 0.1030162 0.2966957 0.1044946 0.2966666 0.1045569 0.2733932 0.1030162 0.2966438 0.104605 0.2733907 0.1030291 0.2966125 0.1046701 0.2733907 0.1030291 0.2966438 0.104605 0.3189865 0.1074311 0.2966125 0.1046701 0.2966438 0.104605 0.2733907 0.1030291 0.25 0.1022307 0.25 0.1021415 0.2733932 0.1030162 0.25 0.1021415 0.25 0.1020756 0.25 0.1022307 0.2266094 0.1030292 0.25 0.1021415 0.2266068 0.1030162 0.25 0.1021415 0.2266094 0.1030292 0.2733932 0.1030162 0.25 0.1019905 0.2733966 0.1029996 0.2266068 0.1030162 0.25 0.1019905 0.25 0.1020756 0.2266068 0.1030162 0.2033041 0.1044947 0.2266035 0.1029996 0.2266068 0.1030162 0.2033563 0.104605 0.2033335 0.1045569 0.1807314 0.1074684 0.2033041 0.1044947 0.2033335 0.1045569 0.1807314 0.1074684 0.2033563 0.104605 0.1807252 0.1074739 0.2033871 0.1046702 0.1807252 0.1074739 0.2033563 0.104605 0.2266094 0.1030292 0.2033871 0.1046702 0.2033563 0.104605 0.1807252 0.1074739 0.1581758 0.1106308 0.158156 0.1106333 0.1807314 0.1074684 0.158156 0.1106333 0.158156 0.1106333 0.1581758 0.1106308 0.1501582 0.1119327 0.158156 0.1106333 0.1501582 0.1119327 0.158156 0.1106333 0.1501582 0.1119327 0.1807314 0.1074684 0.1581757 0.1106307 0.1807398 0.1074614 0.1501582 0.1119327 0.1581757 0.1106307 0.158156 0.1106333 0.1501582 0.1119327 0.1421635 0.1132382 0.1501582 0.1119327 0.1501582 0.1119327 0.1421604 0.1132321 0.1421604 0.1132321 0.1364409 0.1190033 0.1421635 0.1132382 0.1421604 0.1132321 0.1364409 0.1190033 0.1421604 0.1132321 0.1364284 0.1190202 0.1421635 0.1132383 0.1364284 0.1190202 0.1421604 0.1132321 0.1501582 0.1119327 0.1421635 0.1132383 0.1421604 0.1132321 0.1364284 0.1190202 0.1298005 0.1263214 0.1299667 0.126033 0.1300895 0.1258199 0.1364284 0.1190202 0.1299667 0.126033 0.1298005 0.1263214 0.1204071 0.1385712 0.1299667 0.126033 0.1204133 0.1385436 0.1299667 0.126033 0.1204071 0.1385712 0.1364409 0.1190033 0.1302486 0.1255441 0.136457 0.118982 0.1204133 0.1385436 0.1302486 0.1255441 0.1300895 0.1258199 0.1204133 0.1385436 0.1103604 0.1525062 0.1204212 0.1385083 0.1204133 0.1385436 0.1105167 0.1525734 0.1104486 0.152544 0.1104485 0.152544 0.1022943 0.1675263 0.1103604 0.1525062 0.1104485 0.152544 0.1023316 0.1675403 0.1023152 0.1675342 0.1204071 0.1385712 0.1106088 0.1526135 0.1105167 0.1525734 0.1106088 0.1526135 0.1023316 0.1675403 0.1105167 0.1525734 0.1023315 0.1675403 0.09511709 0.1828656 0.09501439 0.1828324 0.1023152 0.1675342 0.09501439 0.1828324 0.09493875 0.1828079 0.09511709 0.1828656 0.08983862 0.1988025 0.09501439 0.1828324 0.08983176 0.1988002 0.09501439 0.1828324 0.08983862 0.1988025 0.1023152 0.1675342 0.09484106 0.1827762 0.1022943 0.1675263 0.08983176 0.1988002 0.09484106 0.1827762 0.09493875 0.1828079 0.08983176 0.1988002 0.08590036 0.2150419 0.08982408 0.1987976 0.08983176 0.1988002 0.08589839 0.2150416 0.08589839 0.2150416 0.0834282 0.2315133 0.08590036 0.2150419 0.08589839 0.2150416 0.0834282 0.2315133 0.08589839 0.2150416 0.08343559 0.2315132 0.08590042 0.215042 0.08343559 0.2315132 0.08589839 0.2150416 0.08983862 0.1988025 0.08590042 0.215042 0.08589839 0.2150416 0.08343559 0.2315132 0.08235585 0.2480983 0.08224481 0.2481006 0.08342814 0.2315133 0.08224481 0.2481006 0.08216291 0.2481023 0.08235585 0.2480983 0.08329546 0.2646648 0.08224481 0.2481006 0.08328616 0.264665 0.08224481 0.2481006 0.08329546 0.2646648 0.08342814 0.2315133 0.08205711 0.2481045 0.08341979 0.2315137 0.08328616 0.264665 0.08205711 0.2481045 0.08216291 0.2481023 0.08328616 0.264665 0.08484494 0.2812177 0.08327424 0.2646653 0.08328616 0.264665 0.08484053 0.2812186 0.08484053 0.2812186 0.08963191 0.2970998 0.08484494 0.2812177 0.08484053 0.2812186 0.08963191 0.2970998 0.08484053 0.2812186 0.08963191 0.2970998 0.084845 0.2812176 0.08963191 0.2970998 0.08484053 0.2812186 0.08329546 0.2646648 0.084845 0.2812176 0.08484053 0.2812186 0.08963191 0.2970998 0.09442752 0.3129791 0.09442329 0.312981 0.08963191 0.2970998 0.09442329 0.312981 0.09442329 0.312981 0.09442752 0.3129791 0.1023234 0.3275194 0.09442329 0.312981 0.1023251 0.3275187 0.09442329 0.312981 0.1023234 0.3275194 0.08963191 0.2970998 0.09442746 0.3129792 0.08963191 0.2970998 0.1023251 0.3275187 0.09442746 0.3129792 0.09442329 0.312981 0.1023251 0.3275187 0.110883 0.3416091 0.1023283 0.3275171 0.1108814 0.3416103 0.1023234 0.3275194 0.1108814 0.3416103 0.1206631 0.3548458 0.110883 0.3416091 0.1108814 0.3416103 0.1108814 0.3416103 0.1206631 0.3548458 0.1206631 0.3548458 0.110883 0.3416091 0.1206631 0.3548458 0.1108814 0.3416103 0.1023234 0.3275194 0.110883 0.3416091 0.1108814 0.3416103 0.1206631 0.3548458 0.1316909 0.3670508 0.1316893 0.3670524 0.1316893 0.3670524 0.1206631 0.3548458 0.1316893 0.3670524 0.1438573 0.3781104 0.1316893 0.3670524 0.1316909 0.3670508 0.1316893 0.3670524 0.1438559 0.3781121 0.1438559 0.3781121 0.1206631 0.3548458 0.1316909 0.3670509 0.1206647 0.3548445 0.1438559 0.3781121 0.1316909 0.3670509 0.1316893 0.3670524 0.1438559 0.3781121 0.157045 0.3879197 0.1438573 0.3781104 0.1570439 0.3879214 0.1438559 0.3781121 0.1570439 0.3879214 0.1710799 0.3965005 0.157045 0.3879197 0.1570439 0.3879215 0.1710799 0.3965005 0.1570439 0.3879214 0.1710793 0.3965023 0.157045 0.3879197 0.1710793 0.3965023 0.1570439 0.3879214 0.1438559 0.3781121 0.157045 0.3879197 0.1570439 0.3879214 0.1710792 0.3965023 0.1855598 0.4044184 0.185558 0.4044226 0.1710799 0.3965005 0.185558 0.4044226 0.185558 0.4044226 0.1855598 0.4044184 0.2013528 0.4092254 0.185558 0.4044226 0.2013528 0.4092254 0.185558 0.4044226 0.2013528 0.4092254 0.1710799 0.3965005 0.1855598 0.4044184 0.1710816 0.3964973 0.2013528 0.4092254 0.1855598 0.4044184 0.185558 0.4044227 0.2013528 0.4092253 0.2171486 0.4140235 0.2013529 0.4092254 0.2013528 0.4092253 0.2171478 0.4140281 0.2171478 0.4140281 0.2335758 0.4155048 0.2171486 0.4140235 0.2171478 0.414028 0.2335758 0.4155048 0.2171478 0.414028 0.2335754 0.4155066 0.2013528 0.4092254 0.2171486 0.4140235 0.2171478 0.4140281 0.2335763 0.4155013 0.2171511 0.4140104 0.2171486 0.4140235 0.2013529 0.4092254 0.2171511 0.4140104 0.2013529 0.4092254 0.2335767 0.4154959 0.2171484 0.4140245 0.2171511 0.4140104 0.2013529 0.4092254 0.2171484 0.4140245 0.2013529 0.4092254 0.2013529 0.4092254 0.1855649 0.4044061 0.1855598 0.4044184 0.2013529 0.4092254 0.1855594 0.4044193 0.1855649 0.4044061 0.2013529 0.4092254 0.1855694 0.4043956 0.1855594 0.4044193 0.2013529 0.4092254 0.2171533 0.4139992 0.2013529 0.4092254 0.2013529 0.4092254 0.1861247 0.404595 0.1855694 0.4043956 0.2013529 0.4092254 0.2165811 0.4138557 0.2019196 0.4093976 0.2335783 0.4154913 0.2171533 0.4139992 0.2171484 0.4140245 0.2335786 0.4154837 0.217738 0.4140766 0.2171533 0.4139992 0.217738 0.4140766 0.2335783 0.4154923 0.2171477 0.414028 0.2165811 0.4138557 0.2013529 0.4092254 0.2019196 0.4093976 0.2335783 0.4154923 0.2171477 0.414028 0.2171477 0.414028 0.2013529 0.4092254 0.2171478 0.4140281 0.2013529 0.4092254 0.2013529 0.4092254 0.185558 0.4044227 0.185558 0.4044227 0.1710848 0.3964887 0.185558 0.4044226 0.1710848 0.3964887 0.1861247 0.404595 0.2013529 0.4092254 0.185558 0.4044227 0.1850402 0.4041342 0.1710848 0.3964887 0.1716057 0.3967696 0.1710893 0.3964813 0.1850402 0.4041342 0.1716057 0.3967696 0.1710893 0.3964813 0.1575493 0.3882251 0.1570514 0.3879101 0.1575493 0.3882251 0.1710848 0.3964887 0.1570439 0.3879214 0.1438644 0.3781017 0.1565707 0.3875694 0.1443291 0.3784641 0.1565707 0.3875694 0.1438559 0.3781121 0.1443291 0.3784641 0.1710848 0.3964887 0.1570439 0.3879214 0.1570439 0.3879214 0.1438559 0.3781121 0.1570439 0.3879214 0.1438559 0.3781121 0.1438559 0.3781121 0.1316893 0.3670524 0.1316893 0.3670524 0.1206631 0.3548458 0.1316893 0.3670524 0.1206631 0.3548458 0.1321259 0.3674492 0.1438559 0.3781121 0.1316893 0.3670524 0.1312937 0.3666144 0.1206631 0.3548458 0.1210587 0.3552837 0.1206735 0.3548374 0.1312937 0.3666144 0.1210587 0.3552837 0.1438644 0.3781017 0.1321259 0.3674492 0.1316989 0.3670428 0.1206735 0.3548374 0.1112323 0.3420852 0.1108926 0.3416027 0.1112323 0.3420852 0.1206631 0.3548458 0.1108814 0.3416103 0.1023441 0.3275092 0.1105785 0.3411028 0.1026471 0.328018 0.1105785 0.3411028 0.1023368 0.3275138 0.1026471 0.328018 0.1206631 0.3548458 0.1108814 0.3416103 0.1108814 0.3416103 0.1023368 0.3275138 0.1108814 0.3416103 0.1023368 0.3275138 0.1023368 0.3275138 0.09442329 0.312981 0.09442329 0.312981 0.08963191 0.2970998 0.09442329 0.312981 0.08963191 0.2970998 0.09471094 0.3135009 0.1023368 0.3275138 0.09442329 0.312981 0.09425133 0.3124112 0.08963191 0.2970998 0.08980387 0.2976697 0.08963191 0.2970998 0.09425133 0.3124112 0.08980387 0.2976697 0.1023441 0.3275092 0.09471094 0.3135009 0.09445023 0.3129694 0.08963191 0.2970998 0.08501249 0.2817884 0.08486253 0.2812131 0.08501249 0.2817884 0.08963191 0.2970998 0.08484053 0.2812186 0.08317124 0.2646674 0.08476245 0.2806251 0.08326041 0.2652606 0.08476245 0.2806251 0.08322274 0.2646663 0.08326041 0.2652606 0.08963191 0.2970998 0.08484053 0.2812186 0.08484053 0.2812186 0.08322274 0.2646663 0.08484053 0.2812186 0.08322274 0.2646663 0.08322274 0.2646663 0.08160489 0.248114 0.08160489 0.248114 0.08337742 0.2315144 0.08160489 0.248114 0.08337742 0.2315144 0.08146357 0.2487121 0.08322274 0.2646663 0.08160489 0.248114 0.08147311 0.2475224 0.08337742 0.2315144 0.08312124 0.232114 0.08333438 0.2315165 0.08147311 0.2475224 0.08312124 0.232114 0.08317124 0.2646674 0.08146357 0.2487121 0.08152705 0.2481158 0.08333438 0.2315165 0.08579188 0.215633 0.08590275 0.2150424 0.08579188 0.215633 0.08337742 0.2315144 0.08589839 0.2150416 0.08974564 0.1987712 0.08602303 0.2144535 0.08963036 0.1993635 0.08602303 0.2144535 0.08978486 0.1987851 0.08963036 0.1993635 0.08337742 0.2315144 0.08589839 0.2150416 0.08589839 0.2150416 0.08978486 0.1987851 0.08589839 0.2150416 0.08978486 0.1987851 0.08978486 0.1987851 0.09442323 0.1826409 0.09442323 0.1826409 0.1022039 0.1674925 0.09442323 0.1826409 0.1022039 0.1674925 0.09407627 0.1831617 0.08978486 0.1987851 0.09442323 0.1826409 0.09450143 0.1820306 0.1022039 0.1674925 0.1017261 0.1679699 0.1021135 0.1674586 0.09450143 0.1820306 0.1017261 0.1679699 0.08974564 0.1987712 0.09407627 0.1831617 0.09434753 0.1826158 0.1021135 0.1674586 0.1095211 0.1528099 0.1099206 0.1523019 0.1095211 0.1528099 0.1022039 0.1674925 0.1099846 0.1523439 0.1204901 0.1382033 0.1102246 0.1517184 0.119947 0.1387341 0.1102246 0.1517184 0.1204557 0.1383558 0.119947 0.1387341 0.1204557 0.1383558 0.1099846 0.1523439 0.1204557 0.1383558 0.1022039 0.1674925 0.1099846 0.1523439 0.1099846 0.1523439 0.1204556 0.1383558 0.1309267 0.1243677 0.1309267 0.1243677 0.1365264 0.118888 0.1309267 0.1243677 0.1365264 0.118888 0.1308335 0.1243435 0.1204556 0.1383558 0.1309267 0.1243677 0.1314237 0.1236678 0.1365264 0.118888 0.1366174 0.1185888 0.1366022 0.1187613 0.1314237 0.1236678 0.1366174 0.1185888 0.1204901 0.1382033 0.1308335 0.1243435 0.1310422 0.124162 0.1366022 0.1187613 0.1419852 0.1133986 0.1421864 0.1132602 0.1419852 0.1133986 0.1365264 0.118888 0.1421604 0.1132321 0.1501582 0.1119327 0.1424474 0.1131855 0.1498712 0.1119793 0.1424474 0.1131855 0.1501582 0.1119327 0.1498712 0.1119793 0.1365264 0.118888 0.1421604 0.1132321 0.1421604 0.1132321 0.1501582 0.1119327 0.1421604 0.1132321 0.1501582 0.1119327 0.1501582 0.1119327 0.158156 0.1106333 0.158156 0.1106333 0.1807742 0.1074311 0.158156 0.1106333 0.1807742 0.1074311 0.157869 0.1106799 0.1501582 0.1119327 0.158156 0.1106333 0.158981 0.1105066 0.1807742 0.1074311 0.1799764 0.1075341 0.1807687 0.1074009 0.158981 0.1105066 0.1799764 0.1075341 0.1501582 0.1119327 0.157869 0.1106799 0.1582813 0.1106147 0.1807687 0.1074009 0.2023381 0.1042268 0.2031613 0.1041783 0.2023381 0.1042268 0.1807742 0.1074311 0.2031784 0.104229 0.2265748 0.1028563 0.2039629 0.1040491 0.2256945 0.1028428 0.2039629 0.1040491 0.2265892 0.102928 0.2256945 0.1028428 0.1807742 0.1074311 0.2031784 0.104229 0.2031784 0.104229 0.2265892 0.102928 0.2031784 0.104229 0.2265892 0.102928 0.2265892 0.102928 0.25 0.1016269 0.25 0.1016269 0.2734109 0.1029279 0.25 0.1016269 0.2734109 0.1029279 0.2491544 0.1015014 0.2265892 0.102928 0.25 0.1016269 0.2508456 0.1015014 0.2734109 0.1029279 0.2725766 0.1027112 0.2734252 0.1028563 0.2508456 0.1015014 0.2725766 0.1027112 0.2265748 0.1028563 0.2491544 0.1015014 0.25 0.1015571 0.2734252 0.1028563 0.2960371 0.104049 0.2968645 0.104181 0.2960371 0.104049 0.2734109 0.1029279 0.2968217 0.104229 0.3195783 0.1074312 0.2977747 0.1042386 0.3186713 0.1072127 0.2977747 0.1042386 0.3193329 0.1074312 0.3186713 0.1072127 0.2734109 0.1029279 0.2968217 0.104229 0.2968217 0.104229 0.3193329 0.1074312 0.2968217 0.104229 0.3193329 0.1074312 0.319333 0.1074312 0.3418441 0.1106333 0.3418441 0.1106333 0.3498419 0.1119327 0.3418441 0.1106333 0.3498419 0.1119327 0.3419364 0.1106238 0.319333 0.1074312 0.3418441 0.1106333 0.3430402 0.1107707 0.3498419 0.1119327 0.3504521 0.1119748 0.3501108 0.111895 0.3430402 0.1107707 0.3504521 0.1119748 0.3195783 0.1074312 0.3419364 0.1106238 0.342208 0.1106716 0.3501108 0.111895 0.3577892 0.1129342 0.3579199 0.1131336 0.3577892 0.1129342 0.3498419 0.1119327 0.3578396 0.1132321 0.3636888 0.1191325 0.3581916 0.1131878 0.3635756 0.1187129 0.3581916 0.1131878 0.3636422 0.1191804 0.3635756 0.1187129 0.3498419 0.1119327 0.3578396 0.1132321 0.3578396 0.1132321 0.3636422 0.1191804 0.3578396 0.1132321 0.3636422 0.1191804 0.3636422 0.1191804 0.3706914 0.1271744 0.3706914 0.1271744 0.3796345 0.138755 0.3706914 0.1271744 0.3796345 0.138755 0.3704503 0.1268665 0.3636422 0.1191804 0.3706914 0.1271744 0.3710123 0.12759 0.3796345 0.138755 0.3793136 0.1383395 0.379639 0.1387751 0.3710123 0.12759 0.3793136 0.1383395 0.3636888 0.1191325 0.3704503 0.1268665 0.3707099 0.1271996 0.379639 0.1387751 0.3887783 0.1522293 0.3891099 0.152738 0.3887783 0.1522293 0.3796345 0.138755 0.3891186 0.1527308 0.3975476 0.1675856 0.3894215 0.1532636 0.3972566 0.1670483 0.3894215 0.1532636 0.3975595 0.1675812 0.3972566 0.1670483 0.3796345 0.138755 0.3891186 0.1527308 0.3891186 0.1527308 0.3975595 0.1675812 0.3891186 0.1527308 0.3975595 0.1675812 0.3975595 0.1675812 0.4045804 0.1829636 0.4045804 0.1829636 0.4101113 0.1988187 0.4045804 0.1829636 0.4101113 0.1988187 0.4043284 0.1824117 0.3975595 0.1675812 0.4045804 0.1829636 0.4047788 0.1835325 0.4101113 0.1988187 0.4099128 0.1982498 0.4100984 0.1988217 0.4047788 0.1835325 0.4099128 0.1982498 0.3975476 0.1675856 0.4043284 0.1824117 0.4045679 0.1829676 0.4100984 0.1988217 0.4139584 0.2144595 0.4140884 0.2150437 0.4139584 0.2144595 0.4101113 0.1988187 0.4141016 0.2150417 0.4164968 0.231513 0.4141881 0.2156327 0.4164238 0.2309211 0.4141881 0.2156327 0.4165102 0.2315121 0.4164238 0.2309211 0.4101113 0.1988187 0.4141016 0.2150417 0.4141016 0.2150417 0.4165102 0.2315121 0.4141016 0.2150417 0.4165102 0.2315121 0.4165102 0.2315121 0.4173166 0.2480914 0.4173166 0.2480914 0.4165102 0.2646355 0.4173166 0.2480914 0.4165102 0.2646355 0.4172877 0.2474966 0.4165102 0.2315121 0.4173166 0.2480914 0.4172876 0.248685 0.4165102 0.2646355 0.4165391 0.2640419 0.4164968 0.264634 0.4172876 0.248685 0.4165391 0.2640419 0.4164968 0.231513 0.4172877 0.2474966 0.4173031 0.2480911 0.4164968 0.264634 0.414188 0.2804079 0.4140926 0.2809938 0.414188 0.2804079 0.4165102 0.2646355 0.4141016 0.2809948 0.4102544 0.297081 0.4139769 0.2815777 0.4103696 0.2964929 0.4139769 0.2815777 0.4102151 0.297063 0.4103696 0.2964929 0.4102151 0.297063 0.4141016 0.2809948 0.4102151 0.297063 0.4165102 0.2646355 0.4141016 0.2809948 0.4141016 0.2809948 0.4102151 0.297063 0.4055768 0.3129808 0.4055768 0.3129808 0.3977962 0.3275982 0.4055768 0.3129808 0.3977961 0.3275982 0.4059237 0.3124861 0.4102151 0.297063 0.4055768 0.3129808 0.4054985 0.3135945 0.3977962 0.3275982 0.398274 0.3271619 0.3978865 0.3276472 0.4054985 0.3135945 0.398274 0.3271619 0.4102544 0.297081 0.4059237 0.3124861 0.4056525 0.313014 0.3978865 0.3276472 0.390479 0.3418107 0.3900894 0.3422653 0.390479 0.3418107 0.3977961 0.3275982 0.3900154 0.3422154 0.3796237 0.355083 0.3898196 0.3428008 0.3800981 0.3546829 0.3898196 0.3428008 0.3795444 0.3550174 0.3800981 0.3546829 0.3977961 0.3275982 0.3900154 0.3422154 0.3900154 0.3422154 0.3795444 0.3550174 0.3900154 0.3422154 0.3795444 0.3550174 0.3795444 0.3550175 0.3690733 0.3678194 0.3690733 0.3678194 0.3562235 0.378192 0.3690733 0.3678194 0.3562235 0.378192 0.3696067 0.3675132 0.3795444 0.3550175 0.3690733 0.3678194 0.3687505 0.3683306 0.3562235 0.378192 0.3568207 0.3779568 0.3562549 0.3782216 0.3687505 0.3683306 0.3568207 0.3779568 0.3796237 0.355083 0.3696067 0.3675132 0.3691323 0.3678773 0.3562549 0.3782216 0.3434435 0.3875837 0.3429536 0.3879177 0.3434435 0.3875837 0.3562235 0.378192 0.3429561 0.3879214 0.3289303 0.3965291 0.3424584 0.3882436 0.3294251 0.3961964 0.3424584 0.3882436 0.3289151 0.3964887 0.3294251 0.3961964 0.3562235 0.378192 0.3429561 0.3879214 0.3429561 0.3879214 0.3289151 0.3964887 0.3429561 0.3879214 0.3289151 0.3964887 0.3289151 0.3964887 0.3144419 0.4044226 0.3144419 0.4044226 0.2986471 0.4092254 0.3144419 0.4044226 0.2986471 0.4092254 0.3150359 0.4043189 0.3289151 0.3964887 0.3144419 0.4044226 0.3139554 0.4047995 0.2986471 0.4092254 0.2992931 0.4092554 0.2986769 0.4093239 0.3139554 0.4047995 0.2992931 0.4092554 0.3289303 0.3965291 0.3150359 0.4043189 0.3144724 0.4044993 0.2986769 0.4093239 0.2834656 0.4140704 0.2828695 0.4141089 0.2834656 0.4140704 0.2986471 0.4092254 0.2828523 0.4140281 0.2664315 0.4155345 0.2823008 0.4142728 0.2670488 0.4156292 0.2823008 0.4142728 0.2664218 0.4154924 0.2670488 0.4156292 0.2986471 0.4092254 0.2828523 0.4140281 0.2828523 0.4140281 0.2664218 0.4154924 0.2828523 0.4140281 0.2664218 0.4154924 0.2664218 0.4154924 0.2500001 0.41619 0.2500001 0.4161901 0.2335783 0.4154923 0.2500001 0.41619 0.2335783 0.4154923 0.2494116 0.4161611 0.2335783 0.4154923 0.2341683 0.4155133 0.2505924 0.4161808 0.2664218 0.4154924 0.2500001 0.4161901 0.2664315 0.4155345 0.2505924 0.4161808 0.250001 0.4161811 0.2335786 0.4154837 0.2494116 0.4161611 0.2341683 0.4155133 0.2664225 0.4154949 0.250001 0.4161811 0.2500001 0.4161887 0.2335783 0.4154913 0.250001 0.4161811 0.2335786 0.4154837 0.2664225 0.4154949 0.2828695 0.4141089 0.2664315 0.4155345 0.2664154 0.4154556 0.2828537 0.4140346 0.2664225 0.4154949 0.2664154 0.4154556 0.2500001 0.4161887 0.25 0.4161826 0.2986233 0.4091469 0.2828537 0.4140346 0.2827818 0.4136727 0.2986492 0.4092322 0.2828695 0.4141089 0.2828537 0.4140346 0.2986233 0.4091469 0.3144443 0.4044287 0.2986492 0.4092322 0.2986492 0.4092322 0.3144724 0.4044993 0.2986769 0.4093239 0.3289001 0.3964545 0.3144443 0.4044287 0.3143035 0.4040877 0.3289159 0.3964912 0.3144724 0.4044993 0.3144443 0.4044287 0.3289001 0.3964545 0.3429555 0.3879205 0.3289159 0.3964912 0.3289159 0.3964912 0.3429536 0.3879177 0.3289303 0.3965291 0.3561978 0.3781649 0.3429555 0.3879205 0.3429518 0.387915 0.3562254 0.3781937 0.3429536 0.3879177 0.3429555 0.3879205 0.3561978 0.3781649 0.369078 0.367824 0.3562254 0.3781937 0.3562254 0.3781937 0.3691323 0.3678773 0.3562549 0.3782216 0.3794811 0.3549651 0.369078 0.367824 0.3688178 0.3675622 0.3795499 0.355022 0.3691323 0.3678773 0.369078 0.367824 0.3794811 0.3549651 0.3900213 0.3422193 0.3795499 0.355022 0.3795499 0.355022 0.3900894 0.3422653 0.3796237 0.355083 0.3977239 0.327559 0.3900213 0.3422193 0.3897152 0.3420128 0.3978024 0.3276015 0.3900894 0.3422653 0.3900213 0.3422193 0.3977239 0.327559 0.4055828 0.3129835 0.3978024 0.3276015 0.3978024 0.3276015 0.4056525 0.313014 0.3978865 0.3276472 0.4101804 0.2970492 0.4055828 0.3129835 0.4052427 0.3128397 0.4102174 0.2970641 0.4056525 0.313014 0.4055828 0.3129835 0.4101804 0.2970492 0.4141002 0.2809947 0.4102174 0.2970641 0.4102174 0.2970641 0.4140926 0.2809938 0.4102544 0.297081 0.4165018 0.2646346 0.4141002 0.2809947 0.4140936 0.2809932 0.4165086 0.2646353 0.4140926 0.2809938 0.4141002 0.2809947 0.4165018 0.2646346 0.4173148 0.2480913 0.4165086 0.2646353 0.4165086 0.2646353 0.4173031 0.2480911 0.4164968 0.264634 0.4165018 0.2315126 0.4173148 0.2480913 0.417308 0.2480912 0.4165085 0.2315121 0.4173031 0.2480911 0.4173148 0.2480913 0.4165018 0.2315126 0.4140999 0.2150419 0.4165085 0.2315121 0.4165085 0.2315121 0.4140884 0.2150437 0.4164968 0.231513 0.4101032 0.1988207 0.4140999 0.2150419 0.4140933 0.215043 0.4101097 0.1988191 0.4140884 0.2150437 0.4140999 0.2150419 0.4101032 0.1988207 0.4045788 0.1829642 0.4101097 0.1988191 0.4101097 0.1988191 0.4045679 0.1829676 0.4100984 0.1988217 0.397552 0.167584 0.4045788 0.1829642 0.4045725 0.1829661 0.3975579 0.1675817 0.4045679 0.1829676 0.4045788 0.1829642 0.397552 0.167584 0.3891175 0.1527317 0.3975579 0.1675817 0.3975579 0.1675817 0.3891099 0.152738 0.3975476 0.1675856 0.3796374 0.1387677 0.3891175 0.1527317 0.3891131 0.1527354 0.379635 0.1387575 0.3891099 0.152738 0.3891175 0.1527317 0.3796374 0.1387677 0.3706936 0.127178 0.379635 0.1387575 0.379635 0.1387575 0.3707099 0.1271996 0.379639 0.1387751 0.3636242 0.1192352 0.3706936 0.127178 0.3707013 0.1271936 0.3636459 0.1191782 0.3707099 0.1271996 0.3706936 0.127178 0.3636242 0.1192352 0.3578458 0.1132242 0.3636459 0.1191782 0.3636459 0.1191782 0.3579199 0.1131336 0.3636888 0.1191325 0.3496271 0.1119628 0.3578458 0.1132242 0.3575742 0.1137095 0.3498604 0.1119301 0.3579199 0.1131336 0.3578458 0.1132242 0.3496271 0.1119628 0.3418735 0.1106366 0.3498604 0.1119301 0.3498604 0.1119301 0.342208 0.1106716 0.3501108 0.111895 0.319137 0.1074311 0.3418735 0.1106366 0.3402266 0.1104217 0.3193498 0.1074312 0.342208 0.1106716 0.3418735 0.1106366 0.319137 0.1074311 0.2968248 0.1042252 0.3193498 0.1074312 0.3193498 0.1074312 0.2968645 0.104181 0.3195783 0.1074312 0.2733994 0.1029852 0.2968248 0.1042252 0.2967204 0.1044409 0.2734119 0.102923 0.2968645 0.104181 0.2968248 0.1042252 0.2733994 0.1029852 0.25 0.1016213 0.2734119 0.102923 0.2734119 0.102923 0.25 0.1015571 0.2734252 0.1028563 0.2266006 0.1029852 0.25 0.1016213 0.25 0.1019171 0.2265882 0.102923 0.25 0.1015571 0.25 0.1016213 0.2266006 0.1029852 0.2031769 0.104225 0.2265882 0.102923 0.2265882 0.102923 0.2031613 0.1041783 0.2265748 0.1028563 0.1807474 0.1074553 0.2031769 0.104225 0.2032789 0.1044411 0.180774 0.107429 0.2031613 0.1041783 0.2031769 0.104225 0.1807474 0.1074553 0.1581717 0.1106311 0.180774 0.107429 0.180774 0.107429 0.1582813 0.1106147 0.1807687 0.1074009 0.1501582 0.1119327 0.1581717 0.1106311 0.1582331 0.1106234 0.1501582 0.1119327 0.1582813 0.1106147 0.1581717 0.1106311 0.1501582 0.1119327 0.1421633 0.1132363 0.1501582 0.1119327 0.1501582 0.1119327 0.1421864 0.1132602 0.1501582 0.1119327 0.1364708 0.1189635 0.1421633 0.1132363 0.1421725 0.1132556 0.1365315 0.1188794 0.1421864 0.1132602 0.1421633 0.1132363 0.1364708 0.1189635 0.1309362 0.124351 0.1365315 0.1188794 0.1365315 0.1188794 0.1310422 0.124162 0.1366022 0.1187613 0.1204282 0.1384776 0.1309362 0.124351 0.1303859 0.1253063 0.120458 0.1383454 0.1310422 0.124162 0.1309362 0.124351 0.1204282 0.1384776 0.1099793 0.1523408 0.120458 0.1383454 0.120458 0.1383454 0.1099206 0.1523019 0.1204901 0.1382033 0.1022761 0.1675195 0.1099793 0.1523408 0.1102843 0.1524739 0.1021977 0.1674901 0.1099206 0.1523019 0.1099793 0.1523408 0.1022761 0.1675195 0.09441715 0.182639 0.1021977 0.1674901 0.1021977 0.1674901 0.09434753 0.1826158 0.1021135 0.1674586 0.08981961 0.1987956 0.09441715 0.182639 0.09475725 0.182749 0.08978259 0.1987842 0.09434753 0.1826158 0.09441715 0.182639 0.08981961 0.1987956 0.08589941 0.2150418 0.08978259 0.1987842 0.08978259 0.1987842 0.08590275 0.2150424 0.08974564 0.1987712 0.08341473 0.2315143 0.08589941 0.2150418 0.08590596 0.2150428 0.08337491 0.2315146 0.08590275 0.2150424 0.08589941 0.2150418 0.08341473 0.2315143 0.08159863 0.2481141 0.08337491 0.2315146 0.08337491 0.2315146 0.08152705 0.2481158 0.08333438 0.2315165 0.08326387 0.2646654 0.08159863 0.2481141 0.08196622 0.2481065 0.08321923 0.2646664 0.08152705 0.2481158 0.08159863 0.2481141 0.08326387 0.2646654 0.08484363 0.2812179 0.08321923 0.2646664 0.08321923 0.2646664 0.08486253 0.2812131 0.08317124 0.2646674 0.08963191 0.2970998 0.08484363 0.2812179 0.08485758 0.2812151 0.08963191 0.2970998 0.08486253 0.2812131 0.08484363 0.2812179 0.08963191 0.2970998 0.09442663 0.3129795 0.08963191 0.2970998 0.08963191 0.2970998 0.09445023 0.3129694 0.08963191 0.2970998 0.1023329 0.3275145 0.09442663 0.3129795 0.09443974 0.3129739 0.1023377 0.3275132 0.09445023 0.3129694 0.09442663 0.3129795 0.1023329 0.3275145 0.1108827 0.3416093 0.1023377 0.3275132 0.1023377 0.3275132 0.1108926 0.3416027 0.1023441 0.3275092 0.1206696 0.3548404 0.1108827 0.3416093 0.1108878 0.3416057 0.1206644 0.3548448 0.1108926 0.3416027 0.1108827 0.3416093 0.1206696 0.3548404 0.1316905 0.3670513 0.1206644 0.3548448 0.1206644 0.3548448 0.1316989 0.3670428 0.1206735 0.3548374 0.1438612 0.3781055 0.1316905 0.3670513 0.1316953 0.3670464 0.143857 0.3781108 0.1316989 0.3670428 0.1316905 0.3670513 0.1438612 0.3781055 0.1570448 0.38792 0.143857 0.3781108 0.143857 0.3781108 0.1570514 0.3879101 0.1438644 0.3781017 0.1710841 0.3964927 0.1570448 0.38792 0.1570484 0.3879149 0.1710854 0.3964879 0.1570514 0.3879101 0.1570448 0.38792 0.1710841 0.3964927 0.1855594 0.4044193 0.1710854 0.3964879 0.1710854 0.3964879 0.1855694 0.4043956 0.1710893 0.3964813 0.1710816 0.3964973 0.1855649 0.4044061 0.1710841 0.3964927 0.1710816 0.3964973 0.1570484 0.3879149 0.157045 0.3879197 0.1438573 0.3781104 0.1570484 0.3879149 0.1438612 0.3781055 0.1438573 0.3781104 0.1316953 0.3670464 0.1316909 0.3670509 0.1206647 0.3548445 0.1316953 0.3670464 0.1206696 0.3548404 0.1206647 0.3548445 0.1108878 0.3416057 0.110883 0.3416091 0.1023283 0.3275171 0.1108878 0.3416057 0.1023329 0.3275145 0.1023283 0.3275171 0.09443974 0.3129739 0.09442746 0.3129792 0.08963191 0.2970998 0.09443974 0.3129739 0.08963191 0.2970998 0.08963191 0.2970998 0.08485758 0.2812151 0.08484494 0.2812177 0.08327424 0.2646653 0.08485758 0.2812151 0.08326387 0.2646654 0.08327424 0.2646653 0.08196622 0.2481065 0.08205711 0.2481045 0.08341979 0.2315137 0.08196622 0.2481065 0.08341473 0.2315143 0.08341979 0.2315137 0.08590596 0.2150428 0.08590036 0.2150419 0.08982408 0.1987976 0.08590596 0.2150428 0.08981961 0.1987956 0.08982408 0.1987976 0.09475725 0.182749 0.09484106 0.1827762 0.1022943 0.1675263 0.09475725 0.182749 0.1022761 0.1675195 0.1022943 0.1675263 0.1102843 0.1524739 0.1103604 0.1525062 0.1204212 0.1385083 0.1102843 0.1524739 0.1204282 0.1384776 0.1204212 0.1385083 0.1303859 0.1253063 0.1302486 0.1255441 0.136457 0.118982 0.1303859 0.1253063 0.1364708 0.1189635 0.136457 0.118982 0.1421725 0.1132556 0.1421635 0.1132382 0.1501582 0.1119327 0.1421725 0.1132556 0.1501582 0.1119327 0.1501582 0.1119327 0.1582331 0.1106234 0.1581757 0.1106307 0.1807398 0.1074614 0.1582331 0.1106234 0.1807474 0.1074553 0.1807398 0.1074614 0.2032789 0.1044411 0.2033041 0.1044947 0.2266035 0.1029996 0.2032789 0.1044411 0.2266006 0.1029852 0.2266035 0.1029996 0.25 0.1019171 0.25 0.1019905 0.2733966 0.1029996 0.25 0.1019171 0.2733994 0.1029852 0.2733966 0.1029996 0.2967204 0.1044409 0.2966957 0.1044946 0.3190876 0.1074311 0.2967204 0.1044409 0.319137 0.1074311 0.3190876 0.1074311 0.3402266 0.1104217 0.3398165 0.1103676 0.349573 0.1119704 0.3402266 0.1104217 0.3496271 0.1119628 0.349573 0.1119704 0.3575742 0.1137095 0.3575069 0.1138288 0.3636135 0.1192377 0.3575742 0.1137095 0.3636242 0.1192352 0.3636135 0.1192377 0.3707013 0.1271936 0.3706939 0.1271794 0.3796352 0.1387583 0.3707013 0.1271936 0.3796374 0.1387677 0.3796352 0.1387583 0.3891131 0.1527354 0.3891172 0.152732 0.3975576 0.1675819 0.3891131 0.1527354 0.397552 0.167584 0.3975576 0.1675819 0.4045725 0.1829661 0.4045783 0.1829643 0.4101092 0.1988192 0.4045725 0.1829661 0.4101032 0.1988207 0.4101092 0.1988192 0.4140933 0.215043 0.4140995 0.2150421 0.4165081 0.2315122 0.4140933 0.215043 0.4165018 0.2315126 0.4165081 0.2315122 0.417308 0.2480912 0.4173144 0.2480913 0.416508 0.2646353 0.417308 0.2480912 0.4165018 0.2646346 0.416508 0.2646353 0.4140936 0.2809932 0.4140995 0.2809945 0.4101759 0.2970467 0.4140936 0.2809932 0.4101804 0.2970492 0.4101759 0.2970467 0.4052427 0.3128397 0.4051589 0.3128042 0.3977057 0.3275491 0.4052427 0.3128397 0.3977239 0.327559 0.3977057 0.3275491 0.3897152 0.3420128 0.3896394 0.3419617 0.3794652 0.3549519 0.3897152 0.3420128 0.3794811 0.3549651 0.3794652 0.3549519 0.3688178 0.3675622 0.3687536 0.3674978 0.3561938 0.3781617 0.3688178 0.3675622 0.3561978 0.3781649 0.3561938 0.3781617 0.3429518 0.387915 0.3429549 0.3879197 0.3288987 0.3964496 0.3429518 0.387915 0.3289001 0.3964545 0.3288987 0.3964496 0.3143035 0.4040877 0.3142688 0.4040036 0.2986174 0.4091271 0.3143035 0.4040877 0.2986233 0.4091469 0.2986174 0.4091271 0.2827818 0.4136727 0.2827641 0.4135835 0.2664138 0.4154508 0.2827818 0.4136727 0.2664154 0.4154556 0.2664138 0.4154508 0.25 0.4161826 0.25 0.4161881 0.2335763 0.4155013 0.25 0.4161826 0.2335767 0.4154959 0.2335767 0.4154959 0.2500001 0.4161887 0.2335783 0.4154913 0.2013528 0.4092254 0.2171511 0.4140104 0.2171486 0.4140235 0.1855649 0.4044061 0.2013528 0.4092254 0.1855598 0.4044184 0.2013529 0.4092254 0.2171478 0.4140279 0.2171511 0.4140104 0.185558 0.4044225 0.2013529 0.4092254 0.1855649 0.4044061 0.1710789 0.3965037 0.1855649 0.4044061 0.1855598 0.4044184 0.1710798 0.3965031 0.185558 0.4044225 0.1855649 0.4044061 0.1710616 0.3965316 0.185558 0.4044226 0.185558 0.4044225 0.185558 0.4044226 0.2013529 0.4092254 0.185558 0.4044225 0.1568459 0.3882188 0.1710616 0.3965316 0.1569268 0.3880974 0.1569268 0.3880974 0.1710798 0.3965031 0.1570484 0.3879149 0.1438613 0.3781055 0.1569268 0.3880974 0.1570484 0.3879149 0.1438227 0.3781528 0.1568459 0.3882188 0.1569268 0.3880974 0.1314373 0.3673058 0.1438227 0.3781528 0.1315402 0.3672024 0.1315402 0.3672024 0.1438613 0.3781055 0.1316953 0.3670464 0.1316953 0.3670464 0.1438573 0.3781104 0.1316909 0.3670508 0.1438573 0.3781104 0.1570484 0.3879149 0.157045 0.3879197 0.1206647 0.3548445 0.1316953 0.3670464 0.1316909 0.3670508 0.1206697 0.3548403 0.1315402 0.3672024 0.1316953 0.3670464 0.1107061 0.3417285 0.1206697 0.3548403 0.1108878 0.3416057 0.1108878 0.3416057 0.1206647 0.3548445 0.110883 0.3416091 0.102322 0.3275198 0.1108878 0.3416057 0.110883 0.3416091 0.1023225 0.3275189 0.1107061 0.3417285 0.1108878 0.3416057 0.1022942 0.3275373 0.110585 0.3418101 0.1107061 0.3417285 0.110585 0.3418101 0.1206225 0.3548793 0.1107061 0.3417285 0.09442329 0.312981 0.1022942 0.3275373 0.09442335 0.3129809 0.09442335 0.3129809 0.1023225 0.3275189 0.0944398 0.3129739 0.08963191 0.2970998 0.09442335 0.3129809 0.0944398 0.3129739 0.08963191 0.2970998 0.09442329 0.312981 0.09442335 0.3129809 0.08484059 0.2812186 0.08963191 0.2970998 0.08484065 0.2812186 0.08484065 0.2812186 0.08963191 0.2970998 0.08485788 0.281215 0.08485788 0.281215 0.08963191 0.2970998 0.084845 0.2812176 0.08963191 0.2970998 0.0944398 0.3129739 0.09442752 0.3129791 0.08330851 0.2646645 0.08485788 0.281215 0.084845 0.2812176 0.0833221 0.2646642 0.08484065 0.2812186 0.08485788 0.281215 0.08240038 0.2480973 0.0833221 0.2646642 0.08246177 0.2480961 0.08246177 0.2480961 0.08330851 0.2646645 0.08235585 0.2480983 0.08344727 0.2315131 0.08246177 0.2480961 0.08235585 0.2480983 0.08346176 0.2315133 0.08240038 0.2480973 0.08246177 0.2480961 0.08341956 0.2315089 0.08226692 0.2481001 0.08240038 0.2480973 0.08226692 0.2481001 0.08331316 0.2646644 0.08240038 0.2480973 0.08554887 0.2149862 0.08341956 0.2315089 0.08569163 0.2150089 0.08569163 0.2150089 0.08346176 0.2315133 0.08590638 0.2150429 0.08986312 0.1988097 0.08569163 0.2150089 0.08590638 0.2150429 0.08982181 0.1988013 0.08554887 0.2149862 0.08569163 0.2150089 0.09503483 0.182839 0.08982181 0.1988013 0.0951581 0.1828789 0.0951581 0.1828789 0.08986312 0.1988097 0.09521526 0.1828973 0.09521526 0.1828973 0.08984947 0.1988058 0.09511709 0.1828656 0.08984947 0.1988058 0.08590638 0.2150429 0.08590042 0.215042 0.1023544 0.1675488 0.09521526 0.1828973 0.09511709 0.1828656 0.1023784 0.1675578 0.0951581 0.1828789 0.09521526 0.1828973 0.110646 0.1526292 0.1023784 0.1675578 0.1106961 0.1526523 0.1106961 0.1526523 0.1023544 0.1675488 0.1106088 0.1526135 0.1203892 0.1386501 0.110646 0.1526292 0.1106961 0.1526523 0.1203983 0.1386097 0.1106961 0.1526523 0.1106088 0.1526135 0.1297333 0.1264377 0.1203892 0.1386501 0.1296427 0.1265959 0.1296427 0.1265959 0.1203983 0.1386097 0.1298005 0.1263214 0.1364107 0.1190445 0.1296427 0.1265959 0.1298005 0.1263214 0.136392 0.1190711 0.1297333 0.1264377 0.1296427 0.1265959 0.1364079 0.1190352 0.1299335 0.1260905 0.1297333 0.1264377 0.1299335 0.1260905 0.1203952 0.1386235 0.1297333 0.1264377 0.1421604 0.1132321 0.1364079 0.1190352 0.1421605 0.1132323 0.1421605 0.1132323 0.136392 0.1190711 0.1421723 0.1132561 0.1501582 0.1119327 0.1421605 0.1132323 0.1421723 0.1132561 0.1501582 0.1119327 0.1421604 0.1132321 0.1421605 0.1132323 0.1581561 0.1106333 0.1501582 0.1119327 0.1581564 0.1106332 0.1581564 0.1106332 0.1501582 0.1119327 0.1582333 0.1106234 0.1582333 0.1106234 0.1501582 0.1119327 0.1581758 0.1106308 0.1501582 0.1119327 0.1421723 0.1132561 0.1421635 0.1132383 0.180717 0.1074815 0.1582333 0.1106234 0.1581758 0.1106308 0.18071 0.1074895 0.1581564 0.1106332 0.1582333 0.1106234 0.2033995 0.1046964 0.18071 0.1074895 0.2034165 0.1047324 0.2034165 0.1047324 0.180717 0.1074815 0.2033871 0.1046702 0.226613 0.1030473 0.2034165 0.1047324 0.2033871 0.1046702 0.2266168 0.1030663 0.2033995 0.1046964 0.2034165 0.1047324 0.2266143 0.1030538 0.2033624 0.104618 0.2033995 0.1046964 0.2033624 0.104618 0.1806923 0.1074843 0.2033995 0.1046964 0.25 0.1021593 0.2266143 0.1030538 0.25 0.1022666 0.25 0.1022666 0.2266168 0.1030663 0.25 0.1023159 0.2733833 0.1030663 0.25 0.1022666 0.25 0.1023159 0.2733857 0.1030538 0.25 0.1021593 0.25 0.1022666 0.2966377 0.104618 0.2733857 0.1030538 0.2966005 0.1046964 0.2966005 0.1046964 0.2733833 0.1030663 0.2965816 0.1047321 0.2965816 0.1047321 0.273387 0.1030473 0.2966125 0.1046701 0.273387 0.1030473 0.25 0.1023159 0.25 0.1022307 0.3189244 0.1074311 0.2965816 0.1047321 0.2966125 0.1046701 0.3188595 0.1074311 0.2966005 0.1046964 0.2965816 0.1047321 0.3382761 0.1101655 0.3188595 0.1074311 0.3380035 0.1101307 0.3380035 0.1101307 0.3189244 0.1074311 0.3384766 0.1101921 0.3493942 0.1119954 0.3380035 0.1101307 0.3384766 0.1101921 0.3493229 0.1120054 0.3382761 0.1101655 0.3380035 0.1101307 0.3493699 0.1119988 0.3388746 0.110244 0.3382761 0.1101655 0.3388746 0.110244 0.3189023 0.1074311 0.3382761 0.1101655 0.3573524 0.1141054 0.3493699 0.1119988 0.3572543 0.1142815 0.3572543 0.1142815 0.3493229 0.1120054 0.3572086 0.1143631 0.3635897 0.1192972 0.3572543 0.1142815 0.3572086 0.1143631 0.3635528 0.1192015 0.3573524 0.1141054 0.3572543 0.1142815 0.3701568 0.1262471 0.3635528 0.1192015 0.3703752 0.1266259 0.3703752 0.1266259 0.3635897 0.1192972 0.3707012 0.127194 0.3707012 0.127194 0.3635933 0.1192739 0.3706939 0.1271795 0.3635933 0.1192739 0.3572086 0.1143631 0.3572869 0.1142229 0.3796353 0.1387583 0.3707012 0.127194 0.3706939 0.1271795 0.3796373 0.1387677 0.3703752 0.1266259 0.3707012 0.127194 0.3892939 0.1526552 0.3796373 0.1387677 0.3891131 0.1527354 0.3891131 0.1527354 0.3796353 0.1387583 0.3891172 0.152732 0.3975576 0.1675819 0.3891131 0.1527354 0.3891172 0.152732 0.397552 0.167584 0.3892939 0.1526552 0.3891131 0.1527354 0.3976057 0.1675639 0.3894149 0.152603 0.3892939 0.1526552 0.3894149 0.152603 0.3796169 0.1386771 0.3892939 0.1526552 0.4049096 0.182857 0.3976057 0.1675639 0.4047751 0.1829006 0.4047751 0.1829006 0.397552 0.167584 0.4045724 0.1829661 0.4101032 0.1988207 0.4047751 0.1829006 0.4045724 0.1829661 0.4101615 0.1988067 0.4049096 0.182857 0.4047751 0.1829006 0.4144511 0.2149862 0.4101615 0.1988067 0.4143084 0.2150089 0.4143084 0.2150089 0.4101032 0.1988207 0.4140933 0.215043 0.4140933 0.215043 0.4101092 0.1988192 0.4140995 0.215042 0.4101092 0.1988192 0.4045724 0.1829661 0.4045783 0.1829643 0.4165081 0.2315122 0.4140933 0.215043 0.4140995 0.215042 0.4165018 0.2315126 0.4143084 0.2150089 0.4140933 0.215043 0.4175274 0.2480958 0.4165018 0.2315126 0.417308 0.2480912 0.417308 0.2480912 0.4165081 0.2315122 0.4173144 0.2480913 0.416508 0.2646353 0.417308 0.2480912 0.4173144 0.2480913 0.4165017 0.2646346 0.4175274 0.2480958 0.417308 0.2480912 0.4165624 0.2646415 0.4176729 0.2480989 0.4175274 0.2480958 0.4176729 0.2480989 0.4165624 0.2315085 0.4175274 0.2480958 0.4144511 0.2810688 0.4165624 0.2646415 0.4143083 0.2810386 0.4143083 0.2810386 0.4165017 0.2646346 0.4140934 0.2809932 0.4101782 0.297042 0.4144511 0.2810688 0.4143083 0.2810386 0.4101369 0.2970308 0.4143083 0.2810386 0.4140934 0.2809932 0.4049652 0.3127223 0.4101782 0.297042 0.4048418 0.3126701 0.4048418 0.3126701 0.4101369 0.2970308 0.4047847 0.312646 0.4047847 0.312646 0.4101505 0.2970359 0.4048829 0.3126875 0.4101505 0.2970359 0.4140934 0.2809932 0.4140995 0.2809945 0.3976457 0.3275166 0.4047847 0.312646 0.4048829 0.3126875 0.3976216 0.3275036 0.4048418 0.3126701 0.4047847 0.312646 0.389354 0.3417691 0.3976216 0.3275036 0.3893028 0.3417345 0.3893028 0.3417345 0.3976457 0.3275166 0.389391 0.3417941 0.3794125 0.3549084 0.3893028 0.3417345 0.389391 0.3417941 0.3793915 0.354891 0.389354 0.3417691 0.3893028 0.3417345 0.3794053 0.3549025 0.3894649 0.341844 0.389354 0.3417691 0.3894649 0.341844 0.3976374 0.3275121 0.389354 0.3417691 0.3686053 0.3673486 0.3794053 0.3549025 0.3685109 0.3672537 0.3685109 0.3672537 0.3793915 0.354891 0.3684672 0.3672097 0.3561645 0.3781315 0.3685109 0.3672537 0.3684672 0.3672097 0.3561902 0.3781657 0.3686053 0.3673486 0.3685109 0.3672537 0.3431541 0.3882188 0.3561902 0.3781657 0.3430732 0.3880972 0.3430732 0.3880972 0.3561645 0.3781315 0.3429515 0.3879146 0.3429515 0.3879146 0.3561743 0.3781422 0.3429549 0.3879196 0.3561743 0.3781422 0.3684672 0.3672097 0.3685423 0.3672853 0.3288882 0.3964242 0.3429515 0.3879146 0.3429549 0.3879196 0.3288821 0.396411 0.3430732 0.3880972 0.3429515 0.3879146 0.3141376 0.4036857 0.3288821 0.396411 0.3141139 0.4036284 0.3141139 0.4036284 0.3288882 0.3964242 0.3141546 0.4037268 0.2985976 0.4090616 0.3141139 0.4036284 0.3141546 0.4037268 0.2985898 0.4090356 0.3141376 0.4036857 0.3141139 0.4036284 0.2985949 0.4090527 0.3141886 0.4038093 0.3141376 0.4036857 0.3141886 0.4038093 0.3289037 0.3964478 0.3141376 0.4036857 0.2827232 0.4133773 0.2985949 0.4090527 0.2826972 0.4132461 0.2826972 0.4132461 0.2985898 0.4090356 0.2826851 0.4131852 0.2664062 0.4154093 0.2826972 0.4132461 0.2826851 0.4131852 0.2664086 0.415452 0.2827232 0.4133773 0.2826972 0.4132461 0.2826851 0.4131852 0.2985976 0.4090616 0.2827058 0.4132898 0.2664084 0.4154238 0.2826851 0.4131852 0.2827058 0.4132898 0.3289037 0.3964478 0.3431541 0.3882188 0.3430732 0.3880972 0.3289197 0.3964771 0.343243 0.3883525 0.3431541 0.3882188 0.3684672 0.3672097 0.3794125 0.3549084 0.3685423 0.3672853 0.3976374 0.3275121 0.4049652 0.3127223 0.4048418 0.3126701 0.4140934 0.2809932 0.416508 0.2646353 0.4140995 0.2809945 0.4165624 0.2315085 0.4144511 0.2149862 0.4143084 0.2150089 0.4045724 0.1829661 0.3975576 0.1675819 0.4045783 0.1829643 0.3796169 0.1386771 0.3701568 0.1262471 0.3703752 0.1266259 0.3572086 0.1143631 0.3493942 0.1119954 0.3572869 0.1142229 0.3189023 0.1074311 0.2966377 0.104618 0.2966005 0.1046964 0.25 0.1023159 0.226613 0.1030473 0.25 0.1022307 0.1806923 0.1074843 0.1581561 0.1106333 0.1581564 0.1106332 0.1421723 0.1132561 0.1364107 0.1190445 0.1421635 0.1132383 0.1203952 0.1386235 0.110535 0.1525813 0.110646 0.1526292 0.110535 0.1525813 0.1023626 0.1675519 0.110646 0.1526292 0.1023626 0.1675519 0.09503483 0.182839 0.0951581 0.1828789 0.08590638 0.2150429 0.08344727 0.2315131 0.08590042 0.215042 0.08331316 0.2646644 0.08484059 0.2812186 0.08484065 0.2812186 0.0944398 0.3129739 0.102322 0.3275198 0.09442752 0.3129791 0.1206225 0.3548793 0.1314373 0.3673058 0.1315402 0.3672024 0.1570484 0.3879149 0.1710789 0.3965037 0.157045 0.3879197 0.2013529 0.4092254 0.2171478 0.4140279 0.2171478 0.4140279 0.2664262 0.4156496 0.25 0.417271 0.2664262 0.4156496 0.2664262 0.4156496 0.25 0.417271 0.2664262 0.4156496 0.2664262 0.4156496 0.2828523 0.4140281 0.2828523 0.4140281 0.3289372 0.3965092 0.3435552 0.3888215 0.343243 0.3883525 0.2986471 0.4092254 0.2828523 0.4140281 0.2986471 0.4092254 0.4141016 0.2809948 0.4165102 0.2646355 0.4141016 0.2809948 0.4102151 0.297063 0.4141016 0.2809948 0.4102152 0.297063 0.4102151 0.297063 0.4141016 0.2809949 0.4141016 0.2809948 0.4141016 0.2809948 0.4165102 0.2646355 0.4165102 0.2646355 0.4101631 0.297041 0.4140998 0.2809945 0.4141016 0.2809949 0.4140998 0.2809945 0.4165102 0.2646355 0.4141016 0.2809949 0.4048965 0.3126933 0.4101631 0.297041 0.4050048 0.312739 0.4102151 0.297063 0.4050048 0.312739 0.4101631 0.297041 0.3976727 0.3275312 0.4048965 0.3126933 0.4050048 0.312739 0.3977961 0.3275982 0.4050048 0.312739 0.4055768 0.3129808 0.4102151 0.297063 0.4055768 0.3129808 0.4055768 0.3129808 0.3977961 0.3275982 0.4055768 0.3129808 0.3977961 0.3275981 0.3977961 0.3275982 0.3900154 0.3422154 0.3900154 0.3422154 0.3795444 0.3550174 0.3900154 0.3422154 0.3795444 0.3550174 0.3795444 0.3550174 0.3690733 0.3678194 0.3690733 0.3678194 0.3795444 0.3550174 0.3686355 0.3673791 0.3794361 0.3549279 0.3795444 0.3550174 0.3895006 0.3418681 0.3900154 0.3422154 0.3794361 0.3549279 0.3894033 0.3418024 0.3895006 0.3418681 0.3685528 0.3672959 0.3794361 0.3549279 0.3686355 0.3673791 0.3894033 0.3418024 0.3976727 0.3275312 0.3895006 0.341868 0.3977961 0.3275982 0.3895006 0.341868 0.3976727 0.3275312 0.3794152 0.3549106 0.3893111 0.3417401 0.3894033 0.3418024 0.3893111 0.3417401 0.3976488 0.3275182 0.3894033 0.3418024 0.3976488 0.3275182 0.4047939 0.3126499 0.4048965 0.3126933 0.3976244 0.3275051 0.4046634 0.3125947 0.4047939 0.3126499 0.3891934 0.3416607 0.3976244 0.3275051 0.3893111 0.3417401 0.4047939 0.3126499 0.410152 0.2970365 0.4048965 0.3126933 0.4046634 0.3125947 0.4101388 0.2970315 0.4047939 0.3126499 0.4101388 0.2970315 0.4141303 0.281001 0.4140946 0.2809935 0.410152 0.2970365 0.4140946 0.2809935 0.4140998 0.2809945 0.4141303 0.281001 0.416503 0.2646347 0.4140946 0.2809935 0.4140946 0.2809935 0.4165084 0.2646353 0.4140998 0.2809945 0.416503 0.2646347 0.4173458 0.248092 0.4173093 0.2482407 0.4165084 0.2646353 0.4173093 0.2482407 0.4173147 0.2481296 0.4173093 0.2482407 0.4165084 0.2646353 0.4173147 0.2481296 0.4173458 0.248092 0.416503 0.2646347 0.4173093 0.2482407 0.4165084 0.2646353 0.4140946 0.2809935 0.4140998 0.2809945 0.416503 0.2646347 0.4141303 0.2810009 0.4140946 0.2809935 0.4165247 0.2646372 0.4141501 0.2810052 0.4141303 0.2810009 0.417366 0.2480924 0.4165247 0.2646372 0.4173458 0.248092 0.4165347 0.2646384 0.4141718 0.2810097 0.4141501 0.2810052 0.4173882 0.2480929 0.4165347 0.2646384 0.417366 0.2480924 0.4165247 0.2646372 0.417366 0.2480924 0.4173458 0.248092 0.4165347 0.2646384 0.4173882 0.2480929 0.417366 0.2480924 0.4165457 0.2646396 0.4174064 0.2480933 0.4173882 0.2480929 0.4174064 0.2480933 0.4165457 0.2646396 0.4173882 0.2480929 0.4183951 0.248114 0.4165548 0.2646406 0.4174064 0.2480933 0.4165548 0.2646406 0.4183951 0.248114 0.4174064 0.2480933 0.4165548 0.2646406 0.4151594 0.2812186 0.4141898 0.2810135 0.4165457 0.2646396 0.4141898 0.2810135 0.4141718 0.2810097 0.4151594 0.2812186 0.4101541 0.2970325 0.4141898 0.2810135 0.4101541 0.2970325 0.4055768 0.3129808 0.4046634 0.3125947 0.4101496 0.2970316 0.4046634 0.3125947 0.4046634 0.3125947 0.4141898 0.2810135 0.4101496 0.2970316 0.4141718 0.2810097 0.4141718 0.2810097 0.4101442 0.2970305 0.4141501 0.2810052 0.4101442 0.2970305 0.4046634 0.3125947 0.4046634 0.3125947 0.4046634 0.3125947 0.3975989 0.3274912 0.4046634 0.3125947 0.4046634 0.3125947 0.3975989 0.3274912 0.4046634 0.3125947 0.3975989 0.3274912 0.3891934 0.3416607 0.3891934 0.3416607 0.3975989 0.3274912 0.3891934 0.3416607 0.3891934 0.3416607 0.3975989 0.3274912 0.3900154 0.3422154 0.3891934 0.3416607 0.4055768 0.3129808 0.3975989 0.3274912 0.4046634 0.3125947 0.3900154 0.3422154 0.3793715 0.3548745 0.3891934 0.3416607 0.3793715 0.3548745 0.3690733 0.3678194 0.3683742 0.3671163 0.3793715 0.3548745 0.3683742 0.3671163 0.3683742 0.3671163 0.3891934 0.3416607 0.3793715 0.3548745 0.3891934 0.3416607 0.3891934 0.3416607 0.3793715 0.3548745 0.3891934 0.3416607 0.3793715 0.3548745 0.3683742 0.3671163 0.3683742 0.3671163 0.3683742 0.3671163 0.3561668 0.3781384 0.3683742 0.3671163 0.3683742 0.3671163 0.3561699 0.378143 0.3683742 0.3671163 0.3561668 0.3781384 0.3429958 0.3879811 0.3429835 0.3879626 0.3561699 0.378143 0.343006 0.3879964 0.3429958 0.3879811 0.3561725 0.3781468 0.3435552 0.3888215 0.343006 0.3879964 0.3690733 0.3678194 0.3561725 0.3781468 0.3683742 0.3671163 0.3435552 0.3888215 0.3288932 0.3964242 0.343006 0.3879964 0.3288932 0.3964242 0.3144419 0.4044226 0.3140636 0.4035066 0.3288907 0.3964204 0.3140636 0.4035066 0.3140636 0.4035066 0.343006 0.3879964 0.3288907 0.3964204 0.3429958 0.3879811 0.3429958 0.3879811 0.3288876 0.3964158 0.3429835 0.3879626 0.3288876 0.3964158 0.3140636 0.4035066 0.3140636 0.4035066 0.3140636 0.4035066 0.2985822 0.4090108 0.3140636 0.4035066 0.3140636 0.4035066 0.2985822 0.4090108 0.3140636 0.4035066 0.2985822 0.4090108 0.2826594 0.4130561 0.2826594 0.4130561 0.2985822 0.4090108 0.2826594 0.4130561 0.2826594 0.4130561 0.2985822 0.4090108 0.2828523 0.4140281 0.2826594 0.4130561 0.3144419 0.4044226 0.2985822 0.4090108 0.3140636 0.4035066 0.2828523 0.4140281 0.2664043 0.4154265 0.2826594 0.4130561 0.2664043 0.4154265 0.25 0.417271 0.2500001 0.4162801 0.2664043 0.4154219 0.2500001 0.4162801 0.2500001 0.4162618 0.2826594 0.4130561 0.2664043 0.4154219 0.2826594 0.4130561 0.2826594 0.4130561 0.2664043 0.4154164 0.2826594 0.4130561 0.2664043 0.4154164 0.2500001 0.4162618 0.2500001 0.4162396 0.2500001 0.4162618 0.2335835 0.4154782 0.2500001 0.4162396 0.2500001 0.4162801 0.2335879 0.4154618 0.2500001 0.4162618 0.2335835 0.4154782 0.2172874 0.413324 0.2172442 0.4135422 0.2335879 0.4154619 0.2173231 0.4131443 0.2172874 0.413324 0.2335914 0.4154485 0.2171477 0.414028 0.2173231 0.4131443 0.25 0.417271 0.2335914 0.4154485 0.2500001 0.4162801 0.2171477 0.414028 0.2014048 0.4090537 0.2173231 0.4131443 0.2014048 0.4090537 0.185558 0.4044226 0.1859019 0.4035899 0.2013942 0.4090886 0.1859019 0.4035899 0.185832 0.4037592 0.2173231 0.4131443 0.2013942 0.4090886 0.2172874 0.413324 0.2172874 0.413324 0.2013814 0.409131 0.2172442 0.4135422 0.2013814 0.409131 0.185832 0.4037592 0.185747 0.4039648 0.185832 0.4037592 0.1710883 0.3964741 0.185747 0.4039648 0.1859019 0.4035899 0.1710937 0.3964581 0.185832 0.4037592 0.1710883 0.3964741 0.1570041 0.3879811 0.1570164 0.3879626 0.1710937 0.3964582 0.1569939 0.3879964 0.1570041 0.3879811 0.1710981 0.396445 0.1564447 0.3888216 0.1569939 0.3879964 0.185558 0.4044226 0.1710981 0.396445 0.1859019 0.4035899 0.1564447 0.3888216 0.1438275 0.3781468 0.1569939 0.3879964 0.1438275 0.3781468 0.1309266 0.3678194 0.1316258 0.3671163 0.1438333 0.3781397 0.1316258 0.3671163 0.1316387 0.3671033 0.1569939 0.3879964 0.1438333 0.3781397 0.1570041 0.3879811 0.1570041 0.3879811 0.1438403 0.3781312 0.1570164 0.3879626 0.1438403 0.3781312 0.1316387 0.3671033 0.1316544 0.3670875 0.1316387 0.3671033 0.120644 0.3548616 0.1316544 0.3670875 0.1316258 0.3671163 0.1206355 0.3548686 0.1316387 0.3671033 0.120644 0.3548616 0.1108219 0.3416504 0.1108403 0.341638 0.1206355 0.3548686 0.1108067 0.3416606 0.1108219 0.3416504 0.1206285 0.3548744 0.1099846 0.3422152 0.1108067 0.3416606 0.1309266 0.3678194 0.1206285 0.3548744 0.1316258 0.3671163 0.1099846 0.3422152 0.1023803 0.3275 0.1108067 0.3416606 0.1023803 0.3275 0.09442329 0.312981 0.09525364 0.3126299 0.1023673 0.3275046 0.09525364 0.3126299 0.09508478 0.3127012 0.1108067 0.3416606 0.1023673 0.3275046 0.1108219 0.3416504 0.1108219 0.3416504 0.1023514 0.3275101 0.1108403 0.341638 0.1023514 0.3275101 0.09508478 0.3127012 0.09487974 0.312788 0.09508478 0.3127012 0.08972603 0.2970702 0.09487974 0.312788 0.09525364 0.3126299 0.08976829 0.297057 0.09508478 0.3127012 0.08972603 0.2970702 0.08554285 0.2810701 0.08532518 0.2811161 0.08976829 0.297057 0.08572208 0.2810322 0.08554285 0.2810701 0.08980309 0.297046 0.08484053 0.2812185 0.08572208 0.2810322 0.09442329 0.312981 0.08980309 0.297046 0.09525364 0.3126299 0.08484053 0.2812185 0.08342325 0.2646453 0.08572208 0.2810322 0.08342325 0.2646453 0.08160489 0.248114 0.08259361 0.2480933 0.08340531 0.2646491 0.08259361 0.2480933 0.08259361 0.2480933 0.08572208 0.2810322 0.08340531 0.2646491 0.08554285 0.2810701 0.08554285 0.2810701 0.08338356 0.2646537 0.08532518 0.2811161 0.08338356 0.2646537 0.08259361 0.2480933 0.08259361 0.2480933 0.08259361 0.2480933 0.08338356 0.2646537 0.08259361 0.2480933 0.08259361 0.2480933 0.08340531 0.2646491 0.08259361 0.2480933 0.08338356 0.2646537 0.08554285 0.2810701 0.08532518 0.2811161 0.08340531 0.2646491 0.08572208 0.2810322 0.08554285 0.2810701 0.08342325 0.2646453 0.08160489 0.248114 0.08322274 0.2646663 0.08342325 0.2646453 0.08484053 0.2812185 0.08572208 0.2810322 0.08980309 0.297046 0.08484053 0.2812185 0.08963191 0.2970998 0.08572208 0.2810322 0.08976829 0.2970569 0.08554285 0.2810701 0.08980309 0.297046 0.09442329 0.312981 0.09525364 0.3126299 0.08976829 0.2970569 0.09525364 0.3126299 0.09508478 0.3127012 0.08554285 0.2810701 0.08972603 0.2970703 0.08532518 0.2811161 0.08972603 0.2970703 0.09508478 0.3127012 0.09487974 0.312788 0.09508478 0.3127012 0.1023514 0.3275101 0.09487974 0.312788 0.09525364 0.3126299 0.1023673 0.3275046 0.09508478 0.3127012 0.1023514 0.3275101 0.1108219 0.3416504 0.1108403 0.341638 0.1023673 0.3275046 0.1108067 0.3416606 0.1108219 0.3416504 0.1023803 0.3275 0.09442329 0.312981 0.1022039 0.3275981 0.1023803 0.3275 0.1099846 0.3422152 0.1108067 0.3416606 0.1206285 0.3548744 0.1099846 0.3422152 0.1204556 0.3550174 0.1108067 0.3416606 0.1206355 0.3548686 0.1108219 0.3416504 0.1206285 0.3548744 0.1309266 0.3678194 0.1316258 0.3671163 0.1206355 0.3548686 0.1316258 0.3671163 0.1316387 0.3671033 0.1108219 0.3416504 0.120644 0.3548616 0.1108403 0.341638 0.120644 0.3548616 0.1316387 0.3671033 0.1316544 0.3670876 0.1316387 0.3671033 0.1438403 0.3781312 0.1316544 0.3670876 0.1316258 0.3671163 0.1438333 0.3781397 0.1316387 0.3671033 0.1438403 0.3781312 0.1570041 0.3879812 0.1570164 0.3879626 0.1438333 0.3781397 0.1569939 0.3879964 0.1570041 0.3879812 0.1438275 0.3781468 0.1309266 0.3678194 0.1436856 0.3783205 0.1438275 0.3781468 0.1564447 0.3888216 0.1569939 0.3879964 0.1710981 0.396445 0.1564447 0.3888216 0.1710013 0.3966221 0.1569939 0.3879964 0.1710937 0.3964581 0.1570041 0.3879812 0.1710981 0.396445 0.185558 0.4044226 0.1859019 0.4035899 0.1710937 0.3964582 0.1859019 0.4035899 0.185832 0.4037592 0.1570041 0.3879812 0.1710883 0.3964741 0.1570164 0.3879626 0.1710883 0.3964741 0.185832 0.4037592 0.185747 0.4039648 0.185832 0.4037592 0.2013814 0.409131 0.185747 0.4039648 0.1859019 0.4035899 0.2013942 0.4090886 0.185832 0.4037592 0.2013814 0.409131 0.2172874 0.4133239 0.2172442 0.4135422 0.2013942 0.4090886 0.2173231 0.4131443 0.2172874 0.4133239 0.2014048 0.4090537 0.185558 0.4044226 0.2013528 0.4092254 0.2014048 0.4090537 0.2171477 0.414028 0.2173231 0.4131443 0.2335914 0.4154485 0.2171477 0.414028 0.2335739 0.4156495 0.2173231 0.4131443 0.2335879 0.4154618 0.2172874 0.4133239 0.2335914 0.4154485 0.25 0.417271 0.2500001 0.4162801 0.2335879 0.4154619 0.2500001 0.4162801 0.2500001 0.4162618 0.2172874 0.4133239 0.2335835 0.4154782 0.2172442 0.4135422 0.2335835 0.4154782 0.2500001 0.4162618 0.2500001 0.4162396 0.2500001 0.4162618 0.2664043 0.4154164 0.2500001 0.4162396 0.2500001 0.4162801 0.2664043 0.4154219 0.2500001 0.4162618 0.2664043 0.4154164 0.2826594 0.4130561 0.2826594 0.4130561 0.2664043 0.4154219 0.2826594 0.4130561 0.2826594 0.4130561 0.2664043 0.4154265 0.25 0.417271 0.2664262 0.4156496 0.2664043 0.4154265 0.2828523 0.4140281 0.2826594 0.4130561 0.2985822 0.4090108 0.2828523 0.4140281 0.2986471 0.4092254 0.2826594 0.4130561 0.2985822 0.4090108 0.2826594 0.4130561 0.2985822 0.4090108 0.3144419 0.4044226 0.3140636 0.4035066 0.2985822 0.4090108 0.3140636 0.4035066 0.3140636 0.4035066 0.2826594 0.4130561 0.2985822 0.4090108 0.2826594 0.4130561 0.2985822 0.4090108 0.3140636 0.4035066 0.3140636 0.4035066 0.3140636 0.4035066 0.3288876 0.3964158 0.3140636 0.4035066 0.3140636 0.4035066 0.3288907 0.3964204 0.3140636 0.4035066 0.3288876 0.3964158 0.3429958 0.3879811 0.3429835 0.3879626 0.3288907 0.3964204 0.343006 0.3879964 0.3429958 0.3879811 0.3288932 0.3964242 0.3144419 0.4044226 0.3289986 0.3966221 0.3288932 0.3964242 0.3435552 0.3888215 0.343006 0.3879964 0.3561725 0.3781468 0.3435552 0.3888215 0.3563143 0.3783205 0.343006 0.3879964 0.3561699 0.378143 0.3429958 0.3879811 0.3561725 0.3781468 0.3690733 0.3678194 0.3683742 0.3671163 0.3561699 0.378143 0.3683742 0.3671163 0.3683742 0.3671163 0.3429958 0.3879811 0.3561668 0.3781384 0.3429835 0.3879626 0.3561668 0.3781384 0.3683742 0.3671163 0.3683742 0.3671163 0.3683742 0.3671163 0.3793715 0.3548745 0.3683742 0.3671163 0.3683742 0.3671163 0.3793715 0.3548745 0.3683742 0.3671163 0.3793715 0.3548745 0.3891934 0.3416607 0.3891934 0.3416607 0.3793715 0.3548745 0.3891934 0.3416607 0.3891934 0.3416607 0.3793715 0.3548745 0.3690733 0.3678194 0.3795444 0.3550174 0.3793715 0.3548745 0.3900154 0.3422154 0.3891934 0.3416607 0.3975989 0.3274912 0.3900154 0.3422154 0.3977961 0.3275981 0.3891934 0.3416607 0.3975989 0.3274912 0.3891934 0.3416607 0.3975989 0.3274912 0.4055768 0.3129808 0.4046634 0.3125947 0.3975989 0.3274912 0.4046634 0.3125947 0.4046634 0.3125947 0.3891934 0.3416607 0.3975989 0.3274912 0.3891934 0.3416607 0.3975989 0.3274912 0.4046634 0.3125947 0.4046634 0.3125947 0.4046634 0.3125947 0.4101442 0.2970305 0.4046634 0.3125947 0.4046634 0.3125947 0.4101496 0.2970316 0.4046634 0.3125947 0.4101442 0.2970305 0.4141718 0.2810097 0.4141501 0.2810052 0.4101496 0.2970316 0.4141898 0.2810135 0.4141718 0.2810097 0.4101541 0.2970325 0.4055768 0.3129808 0.4103682 0.2970997 0.4101541 0.2970325 0.4151594 0.2812186 0.4141898 0.2810135 0.4165548 0.2646406 0.4151594 0.2812186 0.4167773 0.2646663 0.4141898 0.2810135 0.4165457 0.2646396 0.4141718 0.2810097 0.4141718 0.2810097 0.4165347 0.2646384 0.4141501 0.2810052 0.4141501 0.2810052 0.4165247 0.2646372 0.4141303 0.281001 0.4101392 0.2970294 0.4141501 0.2810052 0.4141303 0.281001 0.4046634 0.3125947 0.4101392 0.2970294 0.4046634 0.3125947 0.3975989 0.3274912 0.4046634 0.3125947 0.4046634 0.3125947 0.3891934 0.3416607 0.3975989 0.3274912 0.3891934 0.3416607 0.3793715 0.3548745 0.3891934 0.3416607 0.3891934 0.3416607 0.3793939 0.354893 0.3891934 0.3416607 0.3893111 0.3417401 0.3683742 0.3671163 0.3793715 0.3548745 0.3683742 0.3671163 0.3683742 0.3671163 0.3793939 0.354893 0.3684743 0.3672168 0.3684743 0.3672168 0.3794152 0.3549106 0.3685528 0.3672959 0.3561755 0.3781434 0.3684743 0.3672168 0.3685528 0.3672959 0.3561658 0.378133 0.3683742 0.3671163 0.3684743 0.3672168 0.3429723 0.3879458 0.3561658 0.378133 0.3429523 0.3879156 0.3429523 0.3879156 0.3561755 0.3781434 0.3429551 0.3879199 0.3429551 0.3879199 0.3561838 0.378152 0.3429561 0.3879214 0.3561837 0.378152 0.3685528 0.3672959 0.3686355 0.3673791 0.3562235 0.378192 0.3429561 0.3879214 0.3561838 0.378152 0.3562235 0.378192 0.3686355 0.3673791 0.3690733 0.3678194 0.3562235 0.378192 0.3435553 0.3888216 0.3429561 0.3879214 0.3562235 0.378192 0.3690733 0.3678194 0.3563144 0.3783205 0.3289151 0.3964887 0.3435553 0.3888216 0.3289775 0.3965826 0.3289151 0.3964887 0.3144419 0.4044226 0.3144419 0.4044226 0.3289151 0.3964887 0.314205 0.403849 0.3288936 0.3964366 0.3289151 0.3964887 0.3429561 0.3879214 0.3429561 0.3879214 0.3288936 0.3964366 0.3429551 0.3879199 0.3429561 0.3879214 0.3141602 0.4037405 0.3288936 0.3964366 0.314205 0.403849 0.2986065 0.4090911 0.3141602 0.4037405 0.314205 0.403849 0.2986471 0.4092254 0.314205 0.403849 0.3144419 0.4044226 0.2827087 0.4133043 0.2986065 0.4090911 0.2827315 0.4134194 0.2986471 0.4092254 0.2827315 0.4134194 0.2986065 0.4090911 0.2986471 0.4092254 0.2828523 0.4140282 0.2828523 0.4140282 0.2986471 0.4092254 0.3144419 0.4044227 0.2986471 0.4092254 0.2664218 0.4154924 0.2828523 0.4140282 0.2664262 0.4156496 0.2500001 0.41619 0.2664262 0.4156496 0.2500001 0.417271 0.2664218 0.4154924 0.2500001 0.4161901 0.2664108 0.4154371 0.2664218 0.4154924 0.2827315 0.4134194 0.2828523 0.4140281 0.2664108 0.4154371 0.2827087 0.4133043 0.2827315 0.4134194 0.2500001 0.4161884 0.2664108 0.4154371 0.2500001 0.4161901 0.2335755 0.4155061 0.2500001 0.4161884 0.2500001 0.41619 0.2335783 0.4154923 0.2500001 0.41619 0.2500001 0.41619 0.2171485 0.4140241 0.2335755 0.4155061 0.2171478 0.414028 0.2335783 0.4154923 0.2171478 0.414028 0.2335755 0.4155061 0.2335783 0.4154923 0.2171478 0.414028 0.2171477 0.414028 0.2335783 0.4154923 0.2500001 0.417271 0.2335739 0.4156496 0.2013529 0.4092254 0.2171478 0.414028 0.2014089 0.4090784 0.2013529 0.4092254 0.1859707 0.4034234 0.185558 0.4044226 0.2013529 0.4092254 0.185558 0.4044227 0.2013528 0.4092253 0.2013529 0.4092254 0.2171478 0.4140281 0.2171478 0.4140281 0.2013528 0.4092254 0.2171485 0.4140241 0.2171478 0.4140281 0.1855595 0.404419 0.2013528 0.4092253 0.185558 0.4044227 0.1710794 0.3965018 0.1855595 0.404419 0.185558 0.4044226 0.1710848 0.3964887 0.185558 0.4044226 0.185558 0.4044226 0.1570448 0.38792 0.1710795 0.3965018 0.1570439 0.3879214 0.1710848 0.3964887 0.1570439 0.3879214 0.1710795 0.3965018 0.1710848 0.3964887 0.1570439 0.3879214 0.1570439 0.3879214 0.1711278 0.3963847 0.185558 0.4044226 0.1859707 0.4034234 0.1437765 0.378192 0.1570439 0.3879214 0.1570439 0.3879214 0.1438559 0.3781121 0.1309266 0.3678194 0.1316893 0.3670524 0.1316893 0.3670524 0.1438559 0.3781121 0.1438559 0.3781121 0.1570439 0.3879214 0.1438559 0.3781121 0.1570439 0.3879214 0.1438559 0.3781121 0.1570448 0.38792 0.1570439 0.3879214 0.1316906 0.3670511 0.1438559 0.3781121 0.1316893 0.3670524 0.1206631 0.3548458 0.1316906 0.3670511 0.1316893 0.3670524 0.1316893 0.3670524 0.1206631 0.3548458 0.1316893 0.3670524 0.1108828 0.3416092 0.1206631 0.3548458 0.1108814 0.3416103 0.1108814 0.3416103 0.1206631 0.3548458 0.1206631 0.3548458 0.1206631 0.3548458 0.1099846 0.3422152 0.1108814 0.3416103 0.1206631 0.3548458 0.1309266 0.3678194 0.1204556 0.3550174 0.1023368 0.3275138 0.1099846 0.3422152 0.1023471 0.3275328 0.09442329 0.312981 0.1023471 0.3275328 0.0954197 0.3125596 0.1023368 0.3275138 0.09442329 0.312981 0.1023238 0.3275192 0.1023368 0.3275138 0.1108814 0.3416103 0.1108814 0.3416103 0.1023238 0.3275192 0.1108828 0.3416092 0.1108814 0.3416103 0.09442687 0.3129794 0.1023238 0.3275192 0.09442329 0.312981 0.08963191 0.2970998 0.09442687 0.3129794 0.09442329 0.312981 0.08963191 0.2970998 0.09442329 0.312981 0.09442329 0.312981 0.08484435 0.2812178 0.08963191 0.2970998 0.08484059 0.2812186 0.08963191 0.2970998 0.08484059 0.2812186 0.08963191 0.2970998 0.08963191 0.2970998 0.08484053 0.2812185 0.08484053 0.2812186 0.08963191 0.2970998 0.0954197 0.3125596 0.08975648 0.2970471 0.08322274 0.2646663 0.08484053 0.2812185 0.08324521 0.2646658 0.08322274 0.2646663 0.08160489 0.2481139 0.08160489 0.248114 0.08322274 0.2646663 0.08222407 0.248101 0.08329308 0.2646648 0.08322274 0.2646663 0.08484059 0.2812186 0.08484053 0.2812186 0.08329308 0.2646648 0.08484435 0.2812178 0.08484059 0.2812186 0.08234095 0.2481369 0.08329308 0.2646648 0.08222407 0.248101 0.08329308 0.2646648 0.08234095 0.2481369 0.08222407 0.248101 0.08322274 0.2646663 0.08222407 0.248101 0.08160489 0.248114 0.08484435 0.2812178 0.08329308 0.2646648 0.08484053 0.2812186 0.08484053 0.2812186 0.08322274 0.2646663 0.08484053 0.2812186 0.08160489 0.2481139 0.08322274 0.2646663 0.08160489 0.248114 0.08484053 0.2812185 0.08322274 0.2646663 0.08324521 0.2646658 0.08484053 0.2812185 0.08963191 0.2970998 0.08484053 0.2812186 0.0954197 0.3125596 0.08963191 0.2970998 0.08975648 0.2970471 0.08963191 0.2970998 0.08484059 0.2812186 0.08484053 0.2812186 0.09442329 0.312981 0.08963191 0.2970998 0.09442329 0.312981 0.08963191 0.2970998 0.08484435 0.2812178 0.08484059 0.2812186 0.09442687 0.3129794 0.08963191 0.2970998 0.09442329 0.312981 0.1023238 0.3275192 0.09442687 0.3129794 0.09442329 0.312981 0.1023368 0.3275138 0.09442329 0.312981 0.09442329 0.312981 0.1108828 0.3416092 0.1023238 0.3275192 0.1108814 0.3416103 0.1108814 0.3416103 0.1023368 0.3275138 0.1108814 0.3416103 0.0954197 0.3125596 0.1023368 0.3275138 0.09442329 0.312981 0.1099846 0.3422152 0.1023368 0.3275138 0.1023471 0.3275328 0.1099846 0.3422152 0.1206631 0.3548458 0.1108814 0.3416103 0.1309266 0.3678194 0.1206631 0.3548458 0.1204556 0.3550174 0.1206631 0.3548458 0.1108814 0.3416103 0.1206631 0.3548458 0.1316893 0.3670524 0.1206631 0.3548458 0.1206631 0.3548458 0.1206631 0.3548458 0.1108828 0.3416092 0.1108814 0.3416103 0.1316906 0.3670511 0.1206631 0.3548458 0.1316893 0.3670524 0.1438559 0.3781121 0.1316906 0.3670511 0.1316893 0.3670524 0.1438559 0.3781121 0.1316893 0.3670524 0.1438559 0.3781121 0.1570448 0.38792 0.1438559 0.3781121 0.1570439 0.3879214 0.1570439 0.3879214 0.1438559 0.3781121 0.1438559 0.3781121 0.1309266 0.3678194 0.1438559 0.3781121 0.1316893 0.3670524 0.1437765 0.378192 0.1570439 0.3879214 0.1438559 0.3781121 0.1710848 0.3964887 0.1570439 0.3879214 0.1570439 0.3879214 0.185558 0.4044226 0.1710848 0.3964887 0.185558 0.4044226 0.1710794 0.3965018 0.1570448 0.38792 0.1570439 0.3879214 0.1855595 0.404419 0.1710795 0.3965018 0.185558 0.4044226 0.2013528 0.4092254 0.1855595 0.404419 0.185558 0.4044226 0.2013529 0.4092254 0.185558 0.4044226 0.185558 0.4044227 0.2171485 0.4140242 0.2013528 0.4092254 0.2171478 0.4140281 0.2171478 0.4140281 0.2013529 0.4092254 0.2171478 0.4140281 0.2335783 0.4154923 0.2171478 0.414028 0.2171477 0.414028 0.2500001 0.41619 0.2335783 0.4154923 0.2500001 0.41619 0.2335755 0.4155061 0.2171485 0.4140242 0.2171478 0.414028 0.2500001 0.4161884 0.2335755 0.4155061 0.2500001 0.41619 0.2664108 0.4154371 0.2500001 0.4161884 0.2500001 0.41619 0.2664218 0.4154924 0.2500001 0.41619 0.2500001 0.41619 0.2827087 0.4133043 0.2664108 0.4154371 0.2827315 0.4134194 0.2827315 0.4134194 0.2664218 0.4154924 0.2828523 0.4140281 0.2986471 0.4092254 0.2827315 0.4134194 0.2828523 0.4140281 0.314205 0.403849 0.2986471 0.4092254 0.3144419 0.4044226 0.2986065 0.4090911 0.2827087 0.4133043 0.2827315 0.4134194 0.3141602 0.4037405 0.2986065 0.4090911 0.314205 0.403849 0.3288936 0.3964366 0.3141602 0.4037405 0.3142051 0.403849 0.3289151 0.3964887 0.3142051 0.403849 0.3144419 0.4044226 0.3429551 0.38792 0.3288936 0.3964366 0.3429561 0.3879214 0.3429561 0.3879214 0.3289151 0.3964887 0.3429561 0.3879214 0.3435553 0.3888216 0.3562235 0.378192 0.3429561 0.3879214 0.3562235 0.378192 0.3429561 0.3879214 0.3429561 0.3879214 0.3690733 0.3678194 0.3562235 0.378192 0.3563144 0.3783205 0.3690733 0.3678194 0.3795444 0.3550174 0.3690733 0.3678194 0.3900154 0.3422154 0.3795444 0.3550174 0.3795444 0.3550174 0.3795444 0.3550174 0.3686355 0.3673791 0.3690733 0.3678194 0.3895006 0.3418681 0.3795444 0.3550174 0.3900154 0.3422154 0.3794361 0.3549279 0.3685528 0.3672958 0.3686355 0.3673791 0.3894032 0.3418024 0.3794361 0.3549279 0.3895006 0.3418681 0.3976726 0.3275312 0.3894032 0.3418024 0.3895006 0.3418681 0.3977961 0.3275982 0.3895006 0.3418681 0.3900154 0.3422154 0.4048966 0.3126933 0.3976727 0.3275312 0.4050047 0.312739 0.4055768 0.3129808 0.3976727 0.3275312 0.3977961 0.3275982 0.3900154 0.3422154 0.3977961 0.3275982 0.3900154 0.3422154 0.4055768 0.3129808 0.3977961 0.3275982 0.3977961 0.3275981 0.4055768 0.3129808 0.4102151 0.297063 0.4055768 0.3129808 0.4141016 0.2809948 0.4102151 0.297063 0.4102152 0.297063 0.4102151 0.297063 0.4050048 0.312739 0.4055768 0.3129808 0.4141016 0.2809949 0.4102151 0.297063 0.4141016 0.2809948 0.4101631 0.297041 0.4048966 0.3126933 0.4050048 0.312739 0.4140998 0.2809945 0.4101631 0.297041 0.4141016 0.2809949 0.4165102 0.2646355 0.4140998 0.2809945 0.4141016 0.2809949 0.4165102 0.2646355 0.4141016 0.2809948 0.4165102 0.2646355 0.4173147 0.2481296 0.4165102 0.2646355 0.4173166 0.2480914 0.4173166 0.2480914 0.4165102 0.2646355 0.4165102 0.2646355 0.4165102 0.2646355 0.4141016 0.2809948 0.4141016 0.2809948 0.4173166 0.2480913 0.4165102 0.2646355 0.4165102 0.2646355 0.4165102 0.2646355 0.4173166 0.2480913 0.4165102 0.2646355 0.4173166 0.2480914 0.4165102 0.2646355 0.4173166 0.2480914 0.4165102 0.2646355 0.4173147 0.2481296 0.4173166 0.2480914 0.4140946 0.2809935 0.410152 0.2970365 0.4140998 0.2809945 0.410152 0.2970365 0.4047939 0.31265 0.4048966 0.3126933 0.4101388 0.2970315 0.4046634 0.3125947 0.4047939 0.31265 0.4141303 0.2810009 0.4101388 0.2970315 0.4140946 0.2809935 0.4101392 0.2970294 0.4046634 0.3125947 0.4046634 0.3125947 0.4141501 0.2810052 0.4101392 0.2970294 0.4141303 0.2810009 0.4046634 0.3125947 0.3975989 0.3274912 0.4046634 0.3125947 0.4046634 0.3125947 0.3976244 0.3275051 0.4047939 0.31265 0.3976244 0.3275051 0.3891934 0.3416607 0.3893111 0.3417401 0.3975989 0.3274912 0.3891934 0.3416607 0.3891934 0.3416607 0.3891934 0.3416607 0.3793715 0.3548745 0.3891934 0.3416607 0.3891934 0.3416607 0.3793939 0.354893 0.3893111 0.3417401 0.3893111 0.3417401 0.3794152 0.3549106 0.3894032 0.3418024 0.3976487 0.3275182 0.3893111 0.3417401 0.3894032 0.3418024 0.3794152 0.3549106 0.3684742 0.3672168 0.3685528 0.3672958 0.3793939 0.354893 0.3683742 0.3671163 0.3684742 0.3672168 0.3683742 0.3671163 0.3561658 0.3781329 0.3684742 0.3672168 0.3684742 0.3672168 0.3561754 0.3781434 0.3685528 0.3672958 0.3685528 0.3672958 0.3561837 0.378152 0.3686355 0.3673791 0.3561837 0.378152 0.3429551 0.38792 0.3429561 0.3879214 0.3561754 0.3781434 0.3429523 0.3879156 0.3429551 0.38792 0.3429523 0.3879156 0.3288888 0.3964257 0.3429551 0.38792 0.3561658 0.3781329 0.3429723 0.3879458 0.3429523 0.3879156 0.3429723 0.3879458 0.328883 0.3964128 0.3429523 0.3879156 0.3288888 0.3964257 0.3141177 0.4036377 0.3141602 0.4037405 0.328883 0.3964128 0.3140636 0.4035066 0.3141177 0.4036377 0.3288848 0.3964116 0.3140636 0.4035066 0.3140636 0.4035066 0.3429835 0.3879626 0.3288848 0.3964116 0.3429723 0.3879458 0.3140636 0.4035066 0.2985822 0.4090108 0.3140636 0.4035066 0.3140636 0.4035066 0.2985906 0.4090387 0.3141177 0.4036377 0.2985906 0.4090387 0.2826594 0.4130561 0.2826871 0.4131951 0.2985822 0.4090108 0.2826594 0.4130561 0.2826594 0.4130561 0.2826594 0.4130561 0.2664043 0.4154114 0.2826594 0.4130561 0.2826594 0.4130561 0.2664064 0.4154114 0.2826871 0.4131951 0.2826871 0.4131951 0.2664087 0.4154253 0.2827087 0.4133043 0.2985987 0.4090651 0.2826871 0.4131951 0.2827087 0.4133043 0.2664087 0.4154253 0.25 0.4161835 0.2500001 0.4161884 0.2664064 0.4154114 0.2500001 0.4162194 0.25 0.4161835 0.25 0.4161835 0.233575 0.4155078 0.2500001 0.4161884 0.2500001 0.4162194 0.2335745 0.4155074 0.25 0.4161835 0.233575 0.4155078 0.2171506 0.414013 0.2171485 0.4140242 0.2335745 0.4155074 0.2172048 0.4137405 0.2171506 0.414013 0.2335796 0.415493 0.2172442 0.4135422 0.2172048 0.4137405 0.2500001 0.4162396 0.2335796 0.415493 0.2500001 0.4162194 0.2172442 0.4135422 0.2013698 0.4091695 0.2172048 0.4137405 0.2172048 0.4137405 0.2013528 0.4092254 0.2171506 0.414013 0.2013528 0.4092254 0.1856699 0.4041516 0.1855639 0.4044085 0.2013698 0.4091695 0.185747 0.4039648 0.1856699 0.4041516 0.185747 0.4039648 0.1710833 0.3964886 0.1856699 0.4041516 0.1856699 0.4041516 0.1710795 0.3965034 0.1855639 0.4044085 0.1855639 0.4044085 0.171079 0.3965035 0.1855595 0.404419 0.2013528 0.4092254 0.1855639 0.4044085 0.1855595 0.404419 0.171079 0.3965035 0.1570477 0.3879159 0.1570448 0.38792 0.1710795 0.3965034 0.1570276 0.3879458 0.1570477 0.3879159 0.1570276 0.3879458 0.1438605 0.3781065 0.1570477 0.3879159 0.1570477 0.3879159 0.1438571 0.3781107 0.1570448 0.38792 0.1438571 0.3781107 0.1316944 0.3670473 0.1316906 0.3670511 0.1438605 0.3781065 0.1316686 0.3670732 0.1316944 0.3670473 0.1438466 0.3781234 0.1316544 0.3670875 0.1316686 0.3670732 0.1570164 0.3879626 0.1438466 0.3781234 0.1570276 0.3879458 0.1316544 0.3670875 0.1206518 0.3548551 0.1316686 0.3670732 0.1316686 0.3670732 0.1206687 0.3548412 0.1316944 0.3670473 0.1206687 0.3548412 0.1108571 0.3416267 0.1108869 0.3416064 0.1206518 0.3548551 0.1108403 0.341638 0.1108571 0.3416267 0.1108403 0.341638 0.102337 0.3275152 0.1108571 0.3416267 0.1108571 0.3416267 0.1023222 0.3275192 0.1108869 0.3416064 0.1108869 0.3416064 0.1023222 0.3275197 0.1108828 0.3416092 0.1206645 0.3548446 0.1108869 0.3416064 0.1108828 0.3416092 0.1023222 0.3275197 0.0944373 0.3129749 0.09442687 0.3129794 0.1023222 0.3275192 0.09469348 0.3128667 0.0944373 0.3129749 0.09469348 0.3128667 0.08963191 0.2970998 0.0944373 0.3129749 0.0944373 0.3129749 0.08963191 0.2970998 0.09442687 0.3129794 0.08963191 0.2970998 0.08485525 0.2812156 0.08484435 0.2812178 0.08963191 0.2970998 0.08512747 0.2811579 0.08485525 0.2812156 0.08968764 0.2970823 0.08532518 0.2811161 0.08512747 0.2811579 0.09487974 0.312788 0.08968764 0.2970823 0.09469348 0.3128667 0.08532518 0.2811161 0.08336377 0.2646579 0.08512747 0.2811579 0.08512747 0.2811579 0.08332055 0.2646642 0.08485525 0.2812156 0.08332055 0.2646642 0.08259361 0.2480933 0.08245122 0.2482459 0.08336377 0.2646579 0.08259361 0.2480933 0.08259361 0.2480933 0.08259361 0.2480933 0.08336377 0.2646579 0.08259361 0.2480933 0.08259361 0.2480933 0.08332055 0.2646642 0.08245122 0.2482459 0.08245122 0.2482459 0.08330672 0.2646645 0.08234095 0.2481369 0.08330672 0.2646645 0.08245122 0.2482459 0.08234095 0.2481369 0.08332055 0.2646642 0.08512747 0.2811579 0.08485525 0.2812156 0.08330672 0.2646645 0.08485525 0.2812156 0.08484435 0.2812178 0.08485525 0.2812156 0.08963191 0.2970998 0.08484435 0.2812178 0.08512747 0.2811579 0.08963191 0.2970998 0.08485525 0.2812156 0.08963191 0.2970998 0.09469348 0.3128667 0.0944373 0.3129749 0.08963191 0.2970998 0.0944373 0.3129749 0.09442687 0.3129794 0.0944373 0.3129749 0.1023221 0.3275197 0.09442687 0.3129794 0.09469348 0.3128667 0.1023222 0.3275192 0.0944373 0.3129749 0.1023222 0.3275192 0.1108571 0.3416267 0.1108869 0.3416064 0.1023221 0.3275197 0.1108869 0.3416064 0.1108828 0.3416092 0.1108869 0.3416064 0.1206645 0.3548446 0.1108828 0.3416092 0.1108571 0.3416267 0.1206687 0.3548412 0.1108869 0.3416064 0.1206687 0.3548412 0.1316686 0.3670732 0.1316944 0.3670473 0.1206645 0.3548446 0.1316944 0.3670473 0.1316906 0.3670511 0.1316944 0.3670473 0.1438571 0.3781107 0.1316906 0.3670511 0.1316686 0.3670732 0.1438605 0.3781065 0.1316944 0.3670473 0.1438605 0.3781065 0.1570276 0.3879458 0.1570477 0.3879159 0.1438571 0.3781107 0.1570477 0.3879159 0.1570448 0.38792 0.1570477 0.3879159 0.1710789 0.3965035 0.1570448 0.38792 0.1570276 0.3879458 0.1710795 0.3965035 0.1570477 0.3879159 0.1710795 0.3965035 0.1856699 0.4041516 0.1855639 0.4044085 0.1710789 0.3965035 0.1855639 0.4044085 0.1855595 0.404419 0.1855639 0.4044085 0.2013528 0.4092254 0.1855595 0.404419 0.1856699 0.4041516 0.2013528 0.4092254 0.1855639 0.4044085 0.2013528 0.4092254 0.2172048 0.4137405 0.2171506 0.414013 0.2013528 0.4092254 0.2171506 0.414013 0.2171485 0.4140241 0.2171506 0.414013 0.233575 0.4155078 0.2171485 0.4140241 0.2172048 0.4137405 0.2335746 0.4155074 0.2171506 0.414013 0.2335746 0.4155074 0.2500001 0.4162194 0.25 0.4161835 0.233575 0.4155078 0.25 0.4161835 0.2500001 0.4161884 0.2500001 0.4162194 0.2664064 0.4154114 0.25 0.4161835 0.25 0.4161835 0.2664087 0.4154254 0.2500001 0.4161884 0.2664064 0.4154114 0.2826594 0.4130561 0.2826871 0.4131951 0.2664087 0.4154254 0.2826871 0.4131951 0.2827087 0.4133043 0.2826871 0.4131951 0.2985986 0.409065 0.2827087 0.4133043 0.2826594 0.4130561 0.2985907 0.4090386 0.2826871 0.4131951 0.2985907 0.4090386 0.3140636 0.4035066 0.3141177 0.4036377 0.2985986 0.409065 0.3141177 0.4036377 0.3141602 0.4037405 0.3141177 0.4036377 0.3288889 0.3964257 0.3141602 0.4037405 0.3140636 0.4035066 0.328883 0.3964127 0.3141177 0.4036377 0.328883 0.3964127 0.3429723 0.3879458 0.3429523 0.3879156 0.3288889 0.3964257 0.3429523 0.3879156 0.3429551 0.3879199 0.3288848 0.3964116 0.3429835 0.3879626 0.3429723 0.3879458 0.3140636 0.4035066 0.3288848 0.3964116 0.3140636 0.4035066 0.3429835 0.3879626 0.356164 0.3781342 0.3429723 0.3879458 0.2985823 0.4090109 0.3140636 0.4035066 0.3140636 0.4035066 0.2826594 0.4130561 0.2985823 0.4090109 0.2826594 0.4130561 0.2664043 0.4154114 0.2826594 0.4130561 0.2826594 0.4130561 0.2500001 0.4162396 0.2664043 0.4154114 0.2500001 0.4162194 0.2335796 0.415493 0.2500001 0.4162396 0.2500001 0.4162194 0.2172442 0.4135422 0.2335796 0.415493 0.2172048 0.4137405 0.2013698 0.4091695 0.2172442 0.4135422 0.2172048 0.4137405 0.185747 0.4039648 0.2013698 0.4091695 0.1856699 0.4041516 0.1710833 0.3964886 0.185747 0.4039648 0.1856699 0.4041516 0.1570164 0.3879626 0.1710833 0.3964886 0.1570276 0.3879458 0.1438466 0.3781234 0.1570164 0.3879626 0.1570276 0.3879458 0.1316544 0.3670876 0.1438466 0.3781234 0.1316686 0.3670732 0.1206518 0.3548551 0.1316544 0.3670876 0.1316686 0.3670732 0.1108403 0.341638 0.1206518 0.3548551 0.1108571 0.3416267 0.102337 0.3275152 0.1108403 0.341638 0.1108571 0.3416267 0.09487974 0.312788 0.102337 0.3275152 0.09469348 0.3128667 0.08968764 0.2970823 0.09487974 0.312788 0.09469348 0.3128667 0.08532518 0.2811161 0.08968764 0.2970823 0.08512747 0.2811579 0.08336377 0.2646579 0.08532518 0.2811161 0.08512747 0.2811579 0.08485525 0.2812156 0.08330672 0.2646645 0.08484435 0.2812178 0.102337 0.3275152 0.09487974 0.312788 0.09469348 0.3128667 0.1316944 0.3670473 0.1206645 0.3548446 0.1316906 0.3670511 0.1710833 0.3964886 0.1570164 0.3879626 0.1570276 0.3879458 0.2171506 0.414013 0.2013528 0.4092254 0.2171485 0.4140242 0.2664043 0.4154114 0.2500001 0.4162396 0.2500001 0.4162194 0.3141177 0.4036377 0.2985987 0.4090651 0.3141602 0.4037405 0.356164 0.3781342 0.3429835 0.3879626 0.3429723 0.3879458 0.3683742 0.3671163 0.356164 0.3781342 0.3683742 0.3671163 0.3686355 0.3673791 0.3562235 0.378192 0.3690733 0.3678194 0.3793715 0.3548745 0.3683742 0.3671163 0.3683742 0.3671163 0.4047939 0.31265 0.3976487 0.3275182 0.4048966 0.3126933 0.356164 0.3781342 0.3683742 0.3671163 0.3683742 0.3671163 0.3336343 0.1148497 0.25 0.102422 0.25 0.102422 0.1663297 0.1146975 0.1663297 0.1146975 0.25 0.102422 0.1663297 0.1146975 0.1663297 0.1146975 0.1570709 0.1160559 0.1570686 0.1160563 0.1570709 0.1160559 0.148714 0.117282 0.148716 0.1172817 0.148714 0.117282 0.1363829 0.1190904 0.1363833 0.1190903 0.1363829 0.1190904 0.1363883 0.1190891 0.1363885 0.119089 0.1363883 0.1190891 0.1363943 0.1190876 0.136609 0.1190362 0.136609 0.1190362 0.1363943 0.1190876 0.136609 0.1190362 0.136609 0.1190362 0.1363939 0.1190878 0.136609 0.1190362 0.136609 0.1190362 0.1363936 0.1190878 0.136609 0.1190362 0.1488676 0.1171563 0.148727 0.1172679 0.1488676 0.1171563 0.1571623 0.1158813 0.1570711 0.1160383 0.1571623 0.1158813 0.166355 0.1144692 0.1663264 0.1146762 0.1663264 0.1146762 0.166355 0.1144692 0.25 0.1016269 0.25 0.1016269 0.333706 0.1143599 0.333644 0.1148113 0.333644 0.1148113 0.333706 0.1143599 0.3429054 0.1157602 0.3428959 0.1161885 0.3429054 0.1157602 0.3512056 0.1170256 0.3512368 0.1174321 0.3512056 0.1170256 0.3634737 0.118888 0.363568 0.1192664 0.3634737 0.118888 0.3634737 0.118888 0.3635678 0.1192657 0.3634737 0.118888 0.3634736 0.118888 0.3635677 0.1192651 0.3634736 0.118888 0.3634736 0.118888 0.3635702 0.1192752 0.3635677 0.1192651 0.3635677 0.1192651 0.3635724 0.1192843 0.3635702 0.1192752 0.3635702 0.1192756 0.3635677 0.1192651 0.3635702 0.1192752 0.3635704 0.1192761 0.3635702 0.1192752 0.3635724 0.1192843 0.3635725 0.1192845 0.3635724 0.1192843 0.3635761 0.1192989 0.3635761 0.1192989 0.3512404 0.1174659 0.3635724 0.1192843 0.3635726 0.119285 0.3431385 0.116262 0.3508517 0.1174082 0.3512404 0.1174659 0.3428913 0.1162253 0.3512404 0.1174659 0.3512424 0.1174662 0.3336343 0.1148498 0.3428913 0.1162253 0.342889 0.116225 0.3336358 0.1148499 0.3431385 0.116262 0.3428913 0.1162253 0.3336414 0.1148508 0.3428342 0.1162168 0.3431385 0.116262 0.3428342 0.1162168 0.3494918 0.1172061 0.3508517 0.1174082 0.3336506 0.1148521 0.3428657 0.1162215 0.3428342 0.1162168 0.3428657 0.1162215 0.3494974 0.1172069 0.3494918 0.1172061 0.3635725 0.1192845 0.3635761 0.1192989 0.3635761 0.1192989 0.3508328 0.1173831 0.3494862 0.117192 0.3428558 0.1162069 0.363572 0.1192826 0.3635739 0.1192902 0.3494862 0.117192 0.3635695 0.1192727 0.363572 0.1192826 0.3508328 0.1173831 0.3512368 0.1174321 0.3508328 0.1173831 0.3431946 0.1162454 0.3635704 0.1192761 0.3635725 0.1192845 0.3635722 0.1192836 0.3635678 0.1192657 0.3635704 0.1192761 0.3635704 0.1192764 0.3428959 0.1161885 0.3431946 0.1162454 0.3336424 0.1148239 0.3431946 0.1162454 0.3428558 0.1162069 0.3336415 0.1148374 0.333644 0.1148113 0.3336424 0.1148239 0.25 0.1023823 0.3336424 0.1148239 0.3336415 0.1148374 0.25 0.1024024 0.25 0.1023823 0.1663256 0.1146825 0.1663264 0.1146762 0.25 0.1024024 0.1663243 0.1146901 0.1663256 0.1146825 0.1663256 0.1146825 0.156823 0.1160795 0.1570711 0.1160383 0.1663243 0.1146901 0.1571299 0.1160397 0.156823 0.1160795 0.1663243 0.1146901 0.1663226 0.1146986 0.157102 0.1160514 0.1663226 0.1146986 0.1663243 0.1146901 0.25 0.1024024 0.1567678 0.1161004 0.157102 0.1160514 0.1663226 0.1146986 0.1663283 0.1146978 0.1663226 0.1146986 0.25 0.102422 0.25 0.1024024 0.3336415 0.1148374 0.3336414 0.1148508 0.25 0.102422 0.3336414 0.1148508 0.3336358 0.1148499 0.25 0.102422 0.3336358 0.1148499 0.3336343 0.1148498 0.1663297 0.1146975 0.1663283 0.1146978 0.25 0.102422 0.1570686 0.1160563 0.1567678 0.1161004 0.1663283 0.1146978 0.148716 0.1172817 0.1491202 0.1172224 0.1567678 0.1161004 0.1491202 0.1172224 0.1504653 0.117025 0.157102 0.1160514 0.136375 0.1190923 0.136375 0.1190923 0.1491202 0.1172224 0.136375 0.1190923 0.136375 0.1190923 0.1504653 0.117025 0.157102 0.1160514 0.1504653 0.117025 0.1504731 0.117017 0.1363879 0.1190892 0.1363855 0.1190898 0.1363809 0.1190909 0.1363881 0.1190891 0.1363879 0.1190892 0.1363838 0.1190902 0.1363936 0.1190878 0.1363914 0.1190884 0.1363855 0.1190898 0.1363939 0.1190878 0.1363936 0.1190878 0.1363879 0.1190892 0.156823 0.1160795 0.1491129 0.1172139 0.148727 0.1172679 0.1571299 0.1160397 0.1504731 0.117017 0.1491129 0.1172139 0.1363943 0.1190876 0.1363939 0.1190878 0.1363881 0.1190891 0.1363885 0.119089 0.1363881 0.1190891 0.1363832 0.1190903 0.2616668 0.2348917 0.2616668 0.2348917 0.2541065 0.232008 0.2296211 0.2551104 0.2327618 0.2623214 0.2327618 0.2623214 0.2327618 0.2623214 0.2327618 0.2623214 0.2296211 0.2551103 0.2703788 0.2551104 0.2703788 0.2551104 0.2704424 0.2473595 0.2541065 0.232008 0.2616668 0.2348917 0.2616668 0.2348917 0.2384974 0.2678654 0.2384974 0.2678655 0.2327618 0.2623214 0.2615026 0.2678654 0.2540366 0.2708733 0.2540366 0.2708733 0.2458935 0.232008 0.2541065 0.232008 0.2541065 0.232008 0.2459635 0.2708733 0.2459635 0.2708733 0.2384974 0.2678655 0.2672383 0.2623214 0.2615026 0.2678654 0.2615026 0.2678654 0.2327618 0.2623214 0.2384974 0.2678655 0.2384974 0.2678655 0.2541065 0.232008 0.2458935 0.232008 0.2458935 0.232008 0.2703788 0.2551104 0.2672383 0.2623214 0.2672383 0.2623214 0.2326039 0.2402654 0.2326039 0.2402654 0.2383333 0.2348916 0.2295576 0.2473596 0.2296211 0.2551104 0.2296211 0.2551103 0.2295576 0.2473596 0.2296211 0.2551104 0.2296211 0.2551103 0.2704424 0.2473595 0.2703788 0.2551104 0.2703788 0.2551104 0.2673961 0.2402653 0.2616668 0.2348917 0.2616668 0.2348917 0.2704424 0.2473595 0.2704424 0.2473595 0.2673961 0.2402653 0.2673961 0.2402653 0.2704424 0.2473595 0.2704424 0.2473595 0.2296211 0.2551103 0.2327618 0.2623214 0.2327618 0.2623214 0.2295576 0.2473597 0.2295576 0.2473596 0.2326039 0.2402654 0.2704424 0.2473595 0.2703788 0.2551104 0.2703788 0.2551104 0.2615026 0.2678654 0.2540366 0.2708733 0.2540366 0.2708733 0.2296211 0.2551103 0.2296211 0.2551103 0.2295576 0.2473596 0.2540366 0.2708733 0.2540366 0.2708733 0.2459635 0.2708733 0.2616668 0.2348917 0.2616668 0.2348917 0.2541065 0.232008 0.2672383 0.2623215 0.2672383 0.2623214 0.2703788 0.2551104 0.2672383 0.2623214 0.2672383 0.2623214 0.2703788 0.2551104 0.2458935 0.232008 0.2383333 0.2348916 0.2383333 0.2348916 0.2327618 0.2623214 0.2384974 0.2678654 0.2384974 0.2678654 0.2540366 0.2708733 0.2540366 0.2708733 0.2615026 0.2678654 0.2540366 0.2708733 0.2540366 0.2708733 0.2615026 0.2678654 0.2384974 0.2678655 0.2459635 0.2708733 0.2459635 0.2708733 0.2615026 0.2678654 0.2615026 0.2678654 0.2672383 0.2623214 0.2540366 0.2708733 0.2540366 0.2708733 0.2459635 0.2708733 0.2541065 0.232008 0.2458935 0.232008 0.2458935 0.232008 0.2615026 0.2678654 0.2615026 0.2678654 0.2672383 0.2623214 0.2459635 0.2708733 0.2459635 0.2708733 0.2384974 0.2678655 0.2541065 0.232008 0.2616668 0.2348917 0.2616668 0.2348917 0.2459635 0.2708733 0.2459635 0.2708733 0.2540366 0.2708733 0.2458935 0.232008 0.2383333 0.2348916 0.2383333 0.2348916 0.2458935 0.232008 0.2541065 0.232008 0.2541065 0.232008 0.2672383 0.2623214 0.2615026 0.2678654 0.2615026 0.2678654 0.2540366 0.2708733 0.2459635 0.2708733 0.2459635 0.2708733 0.2383333 0.2348916 0.2383333 0.2348916 0.2458935 0.232008 0.2383333 0.2348916 0.2326039 0.2402654 0.2326039 0.2402654 0.2384974 0.2678655 0.2384974 0.2678655 0.2327618 0.2623214 0.2703788 0.2551104 0.2672383 0.2623214 0.2672383 0.2623214 0.2383333 0.2348916 0.2383333 0.2348916 0.2458935 0.232008 0.2384974 0.2678655 0.2459635 0.2708733 0.2459635 0.2708733 0.2326039 0.2402654 0.2326039 0.2402654 0.2383332 0.2348915 0.2383333 0.2348916 0.2326039 0.2402654 0.2326039 0.2402654 0.2673961 0.2402653 0.2673961 0.2402653 0.2616668 0.2348917 0.2326039 0.2402654 0.2295576 0.2473596 0.2295576 0.2473596 0.2703788 0.2551104 0.2703788 0.2551104 0.2704424 0.2473595 0.2326039 0.2402654 0.2295576 0.2473597 0.2295576 0.2473597 0.2295576 0.2473596 0.2295576 0.2473596 0.2326039 0.2402654 0.2296211 0.2551103 0.2296211 0.2551104 0.2295576 0.2473596 0.2673961 0.2402653 0.2704424 0.2473595 0.2704424 0.2473595 0.2673961 0.2402653 0.2673961 0.2402653 0.2616668 0.2348917 0.2673961 0.2402653 0.2616668 0.2348917 0.2616668 0.2348917 0.2296211 0.2551104 0.2296211 0.2551103 0.2327618 0.2623214 0.2615026 0.2678654 0.2540366 0.2708733 0.2459635 0.2708733 0.2459635 0.2708733 0.2384974 0.2678654 0.2327618 0.2623214 0.2327618 0.2623214 0.2296211 0.2551103 0.2295576 0.2473597 0.2295576 0.2473597 0.2326039 0.2402654 0.2327618 0.2623214 0.2326039 0.2402654 0.2383333 0.2348916 0.2327618 0.2623214 0.2383333 0.2348916 0.2458935 0.232008 0.2541065 0.232008 0.2541065 0.232008 0.2616668 0.2348917 0.2383333 0.2348916 0.2616668 0.2348917 0.2673961 0.2402653 0.2383333 0.2348916 0.2673961 0.2402653 0.2704424 0.2473595 0.2615026 0.2678654 0.2704424 0.2473595 0.2703788 0.2551104 0.2615026 0.2678654 0.2703788 0.2551104 0.2672383 0.2623214 0.2615026 0.2678654 0.2615026 0.2678654 0.2459635 0.2708733 0.2327618 0.2623214 0.2615026 0.2678654 0.2327618 0.2623214 0.2383333 0.2348916 0.2295576 0.2473596 0.2296211 0.2551103 0.2293273 0.2536677 0.2298359 0.2459282 0.2293273 0.2536677 0.2296085 0.2535741 0.230116 0.2460594 0.2296085 0.2535741 0.2293362 0.2537113 0.2298275 0.2459715 0.2293362 0.2537113 0.2296211 0.2551104 0.2327618 0.2623214 0.2296211 0.2551103 0.2293876 0.2539493 0.2293876 0.2539493 0.2296006 0.2525969 0.2318201 0.2601592 0.2296006 0.2525969 0.2293625 0.2538247 0.2321473 0.2613765 0.2293625 0.2538247 0.2296211 0.2551103 0.2327618 0.2623214 0.2673961 0.2402653 0.2667065 0.2392305 0.2701641 0.2459281 0.2667065 0.2392305 0.2665901 0.2395094 0.2698841 0.2460593 0.2665901 0.2395094 0.2667272 0.2392616 0.2701725 0.2459714 0.2667272 0.2392616 0.2673961 0.2402653 0.2704424 0.2473595 0.2296211 0.2551104 0.2292176 0.2531487 0.229932 0.245412 0.2292176 0.2531487 0.2296042 0.2530445 0.2303076 0.245613 0.2296042 0.2530445 0.2292342 0.2532296 0.2299165 0.2454923 0.2292342 0.2532296 0.2296211 0.2551104 0.2295576 0.2473596 0.2704424 0.2473595 0.2673961 0.2402653 0.266462 0.2388561 0.2700681 0.2454119 0.266462 0.2388561 0.2663174 0.2392536 0.2696924 0.2456129 0.2663174 0.2392536 0.2665005 0.2389141 0.2700834 0.2454922 0.2665005 0.2389141 0.2673961 0.2402653 0.2326039 0.2402654 0.2295576 0.2473596 0.2298359 0.2459282 0.2332935 0.2392305 0.2298359 0.2459282 0.230116 0.2460594 0.2334099 0.2395094 0.230116 0.2460594 0.2298275 0.2459715 0.2332729 0.2392616 0.2298275 0.2459715 0.2295576 0.2473597 0.2616668 0.2348917 0.2611052 0.2345013 0.2538729 0.231924 0.2538729 0.231924 0.2611052 0.2345013 0.2606996 0.2345228 0.2540533 0.232008 0.2606996 0.2345228 0.261045 0.2344594 0.2538478 0.231915 0.261045 0.2344594 0.2616668 0.2348917 0.2704424 0.2473595 0.2701641 0.2459281 0.2706726 0.2536677 0.2701641 0.2459281 0.2698841 0.2460593 0.2703914 0.2535741 0.2698841 0.2460593 0.2701725 0.2459714 0.2706637 0.2537112 0.2701725 0.2459714 0.2704424 0.2473595 0.2703788 0.2551104 0.2295576 0.2473596 0.229932 0.245412 0.233538 0.2388561 0.229932 0.245412 0.2303076 0.245613 0.2336826 0.2392536 0.2303076 0.245613 0.2299165 0.2454923 0.2334996 0.2389142 0.2299165 0.2454923 0.2295576 0.2473596 0.2326039 0.2402654 0.2703788 0.2551104 0.2704424 0.2473595 0.2700681 0.2454119 0.2707824 0.2531487 0.2700681 0.2454119 0.2696924 0.2456129 0.2703958 0.2530445 0.2696924 0.2456129 0.2700834 0.2454922 0.2707657 0.2532296 0.2700834 0.2454922 0.2704424 0.2473595 0.2384974 0.2678655 0.2327618 0.2623214 0.2322067 0.2614677 0.2322067 0.2614677 0.2318201 0.2601592 0.2371742 0.2665864 0.2318201 0.2601592 0.2321473 0.2613765 0.2378864 0.2674102 0.2321473 0.2613765 0.2327618 0.2623214 0.2384974 0.2678655 0.2383333 0.2348916 0.2326039 0.2402654 0.2332935 0.2392305 0.2390297 0.2344033 0.2332935 0.2392305 0.2334099 0.2395094 0.238915 0.2346698 0.2334099 0.2395094 0.2332729 0.2392616 0.239009 0.2344179 0.2332729 0.2392616 0.2326039 0.2402654 0.2540366 0.2708733 0.2542648 0.270776 0.2620548 0.267454 0.2620548 0.267454 0.2542648 0.270776 0.2549376 0.2704892 0.2628259 0.2665864 0.2549376 0.2704892 0.2542891 0.2707657 0.2621136 0.2674102 0.2542891 0.2707657 0.2540366 0.2708733 0.2703788 0.2551104 0.2706726 0.2536677 0.2679312 0.2612621 0.2706726 0.2536677 0.2703914 0.2535741 0.2678134 0.2610009 0.2703914 0.2535741 0.2706637 0.2537112 0.2679105 0.2612938 0.2706637 0.2537112 0.2703788 0.2551104 0.2672383 0.2623214 0.2326039 0.2402654 0.233538 0.2388561 0.2392773 0.2342247 0.233538 0.2388561 0.2336826 0.2392536 0.2391027 0.2345981 0.2336826 0.2392536 0.2334996 0.2389142 0.2392386 0.2342521 0.2334996 0.2389142 0.2326039 0.2402654 0.2383333 0.2348916 0.2672383 0.2623214 0.2703788 0.2551104 0.2707824 0.2531487 0.2681841 0.2608826 0.2707824 0.2531487 0.2703958 0.2530445 0.268011 0.2605471 0.2703958 0.2530445 0.2707657 0.2532296 0.2681452 0.2609418 0.2707657 0.2532296 0.2703788 0.2551104 0.2541065 0.232008 0.2538729 0.231924 0.2461272 0.231924 0.2538729 0.231924 0.2540533 0.232008 0.2459467 0.232008 0.2459467 0.232008 0.2540533 0.232008 0.2538478 0.231915 0.2461522 0.231915 0.2538478 0.231915 0.2541065 0.232008 0.2459635 0.2708733 0.2384974 0.2678655 0.2379453 0.2674541 0.2379453 0.2674541 0.2371742 0.2665864 0.2450624 0.2704892 0.2371742 0.2665864 0.2378864 0.2674102 0.245711 0.2707657 0.2378864 0.2674102 0.2384974 0.2678655 0.2459635 0.2708733 0.2458935 0.232008 0.2383333 0.2348916 0.2390297 0.2344033 0.2461835 0.2319003 0.2390297 0.2344033 0.238915 0.2346698 0.2459086 0.232008 0.238915 0.2346698 0.239009 0.2344179 0.2461749 0.2319035 0.239009 0.2344179 0.2383333 0.2348916 0.2383333 0.2348916 0.2392773 0.2342247 0.2462868 0.231858 0.2392773 0.2342247 0.2391027 0.2345981 0.2458935 0.232008 0.2391027 0.2345981 0.2392386 0.2342521 0.2462707 0.2318641 0.2392386 0.2342521 0.2383333 0.2348916 0.2458935 0.232008 0.2615026 0.2678654 0.2620548 0.267454 0.2677933 0.2614678 0.2677933 0.2614678 0.2620548 0.267454 0.2628259 0.2665864 0.2681799 0.2601593 0.2628259 0.2665864 0.2621136 0.2674102 0.2678527 0.2613765 0.2621136 0.2674102 0.2615026 0.2678654 0.2672383 0.2623214 0.2679312 0.2612621 0.2621912 0.2673567 0.2679312 0.2612621 0.2678134 0.2610009 0.2623081 0.2670868 0.2678134 0.2610009 0.2679105 0.2612938 0.2621708 0.2673717 0.2679105 0.2612938 0.2672383 0.2623214 0.2615026 0.2678654 0.2540366 0.2708733 0.2459635 0.2708733 0.2457352 0.270776 0.2542648 0.270776 0.2457352 0.270776 0.2450624 0.2704892 0.2450624 0.2704892 0.245711 0.2707657 0.2542891 0.2707657 0.2542891 0.2707657 0.245711 0.2707657 0.2459635 0.2708733 0.2615026 0.2678654 0.2672383 0.2623214 0.2681841 0.2608826 0.2624412 0.2671768 0.2681841 0.2608826 0.268011 0.2605471 0.2625813 0.2668228 0.268011 0.2605471 0.2681452 0.2609418 0.2624028 0.267205 0.2681452 0.2609418 0.2672383 0.2623214 0.2383333 0.2348916 0.2458935 0.232008 0.2461272 0.231924 0.2461272 0.231924 0.2459467 0.232008 0.2393004 0.2345227 0.2459467 0.232008 0.2461522 0.231915 0.2389551 0.2344593 0.2461522 0.231915 0.2458935 0.232008 0.2383333 0.2348916 0.2384974 0.2678655 0.2459635 0.2708733 0.245679 0.2707557 0.2378089 0.2673568 0.245679 0.2707557 0.245405 0.2706423 0.2376919 0.2670869 0.245405 0.2706423 0.2456873 0.2707591 0.2378292 0.2673718 0.2456873 0.2707591 0.2459635 0.2708733 0.2459635 0.2708733 0.245576 0.2707172 0.2375589 0.2671769 0.245576 0.2707172 0.2452047 0.2705675 0.2374188 0.2668228 0.2452047 0.2705675 0.2455918 0.2707235 0.2375973 0.2672051 0.2455918 0.2707235 0.2459635 0.2708733 0.2384974 0.2678655 0.2458935 0.232008 0.2461835 0.2319003 0.2538166 0.2319003 0.2461835 0.2319003 0.2459086 0.232008 0.2540915 0.232008 0.2459086 0.232008 0.2461749 0.2319035 0.2538251 0.2319035 0.2461749 0.2319035 0.2458935 0.232008 0.2541065 0.232008 0.2672383 0.2623214 0.2677933 0.2614678 0.2706124 0.2539493 0.2706124 0.2539493 0.2677933 0.2614678 0.2681799 0.2601593 0.2703994 0.2525969 0.2681799 0.2601593 0.2678527 0.2613765 0.2706375 0.2538247 0.2678527 0.2613765 0.2672383 0.2623214 0.2458935 0.232008 0.2462868 0.231858 0.2537132 0.231858 0.2462868 0.231858 0.2458935 0.232008 0.2541065 0.232008 0.2458935 0.232008 0.2462707 0.2318641 0.2537294 0.2318641 0.2462707 0.2318641 0.2458935 0.232008 0.2541065 0.232008 0.2326039 0.2402654 0.2383333 0.2348916 0.2388948 0.2345012 0.2388948 0.2345012 0.2393004 0.2345227 0.2339277 0.2390238 0.2393004 0.2345227 0.2389551 0.2344593 0.2332207 0.2393453 0.2389551 0.2344593 0.2383333 0.2348916 0.2326039 0.2402654 0.2615026 0.2678654 0.2621912 0.2673567 0.2543211 0.2707557 0.2621912 0.2673567 0.2623081 0.2670868 0.2545951 0.2706423 0.2623081 0.2670868 0.2621708 0.2673717 0.2543127 0.2707591 0.2621708 0.2673717 0.2615026 0.2678654 0.2540366 0.2708733 0.2540366 0.2708733 0.2615026 0.2678654 0.2624412 0.2671768 0.254424 0.2707172 0.2624412 0.2671768 0.2625813 0.2668228 0.2547954 0.2705676 0.2625813 0.2668228 0.2624028 0.267205 0.2544082 0.2707236 0.2624028 0.267205 0.2615026 0.2678654 0.2327618 0.2623214 0.2384974 0.2678655 0.2378089 0.2673568 0.2320688 0.261262 0.2378089 0.2673568 0.2376919 0.2670869 0.2321866 0.2610008 0.2376919 0.2670869 0.2378292 0.2673718 0.2320895 0.2612937 0.2378292 0.2673718 0.2384974 0.2678654 0.2703788 0.2551104 0.2706124 0.2539493 0.2702158 0.2462086 0.2702158 0.2462086 0.2706124 0.2539493 0.2703994 0.2525969 0.2695282 0.2452306 0.2703994 0.2525969 0.2706375 0.2538247 0.2701915 0.2460849 0.2706375 0.2538247 0.2703788 0.2551104 0.2459635 0.2708733 0.2540366 0.2708733 0.2543211 0.2707557 0.245679 0.2707557 0.2543211 0.2707557 0.2545951 0.2706423 0.245405 0.2706423 0.2545951 0.2706423 0.2543127 0.2707591 0.2456873 0.2707591 0.2543127 0.2707591 0.2540366 0.2708733 0.2384974 0.2678655 0.2375589 0.2671769 0.2318159 0.2608826 0.2375589 0.2671769 0.2374188 0.2668228 0.231989 0.2605471 0.2374188 0.2668228 0.2375973 0.2672051 0.2318548 0.2609418 0.2375973 0.2672051 0.2384974 0.2678655 0.2327618 0.2623214 0.2295576 0.2473596 0.2326039 0.2402654 0.233161 0.2394346 0.233161 0.2394346 0.2339277 0.2390238 0.2304718 0.2452307 0.2339277 0.2390238 0.2332207 0.2393453 0.2298085 0.2460851 0.2332207 0.2393453 0.2326039 0.2402654 0.2295576 0.2473596 0.2541065 0.232008 0.2538166 0.2319003 0.2609704 0.2344034 0.2538166 0.2319003 0.2540915 0.232008 0.2610851 0.2346698 0.2540915 0.232008 0.2538251 0.2319035 0.260991 0.2344179 0.2538251 0.2319035 0.2541065 0.232008 0.2616668 0.2348917 0.2540366 0.2708733 0.254424 0.2707172 0.245576 0.2707172 0.254424 0.2707172 0.2547954 0.2705676 0.2452047 0.2705675 0.2452047 0.2705675 0.2547954 0.2705676 0.2544082 0.2707236 0.2455918 0.2707235 0.2544082 0.2707236 0.2540366 0.2708733 0.2616668 0.2348917 0.2541065 0.232008 0.2537132 0.231858 0.2607227 0.2342248 0.2537132 0.231858 0.2541065 0.232008 0.2608973 0.2345982 0.2541065 0.232008 0.2537294 0.2318641 0.2607614 0.2342522 0.2537294 0.2318641 0.2541065 0.232008 0.2704424 0.2473595 0.2702158 0.2462086 0.2668391 0.2394345 0.2668391 0.2394345 0.2702158 0.2462086 0.2695282 0.2452306 0.2660723 0.2390237 0.2695282 0.2452306 0.2701915 0.2460849 0.2667793 0.2393453 0.2701915 0.2460849 0.2704424 0.2473595 0.2296211 0.2551103 0.2327618 0.2623214 0.2320688 0.261262 0.2293273 0.2536677 0.2320688 0.261262 0.2321866 0.2610008 0.2296085 0.2535741 0.2321866 0.2610008 0.2320895 0.2612937 0.2293362 0.2537113 0.2320895 0.2612937 0.2327618 0.2623214 0.2673961 0.2402653 0.2616668 0.2348917 0.2607227 0.2342248 0.266462 0.2388561 0.2607227 0.2342248 0.2608973 0.2345982 0.2663174 0.2392536 0.2608973 0.2345982 0.2607614 0.2342522 0.2665005 0.2389141 0.2607614 0.2342522 0.2616668 0.2348917 0.2296211 0.2551103 0.2295576 0.2473596 0.2297842 0.2462087 0.2297842 0.2462087 0.2304718 0.2452307 0.2296006 0.2525969 0.2304718 0.2452307 0.2298085 0.2460851 0.2293625 0.2538247 0.2298085 0.2460851 0.2295576 0.2473596 0.2296211 0.2551103 0.2616668 0.2348917 0.2609704 0.2344034 0.2667065 0.2392305 0.2609704 0.2344034 0.2610851 0.2346698 0.2665901 0.2395094 0.2610851 0.2346698 0.260991 0.2344179 0.2667272 0.2392616 0.260991 0.2344179 0.2616668 0.2348917 0.2673961 0.2402653 0.2327618 0.2623214 0.2318159 0.2608826 0.2292176 0.2531487 0.2318159 0.2608826 0.231989 0.2605471 0.2296042 0.2530445 0.231989 0.2605471 0.2318548 0.2609418 0.2292342 0.2532296 0.2318548 0.2609418 0.2327618 0.2623214 0.2296211 0.2551104 0.2673961 0.2402653 0.2668391 0.2394345 0.2611052 0.2345013 0.2611052 0.2345013 0.2668391 0.2394345 0.2660723 0.2390237 0.2606996 0.2345228 0.2660723 0.2390237 0.2667793 0.2393453 0.261045 0.2344594 0.2667793 0.2393453 0.2673961 0.2402653 0.2704424 0.2473596 0.2704424 0.2473595 0.2673961 0.2402653 0.375 0.5 0.375 0.75 0.125 0.75 0.625 0 0.625 0.25 0.375 0.25 0.625 0.75 0.625 1 0.375 1 0.375 0.5 0.625 0.5 0.625 0.75 0.875 0.5 0.875 0.75 0.625 0.75 0.625 0.25 0.625 0.5 0.375 0.5 0.2664043 0.4154265 0.2664262 0.4156496 0.2828523 0.4140281 0.2985822 0.4090108 0.2826594 0.4130561 0.2828523 0.4140281 0.2664043 0.4154251 0.2664043 0.4154265 0.2826594 0.4130561 0.2826594 0.4130561 0.2985822 0.4090108 0.2985822 0.4090108 0.2826594 0.4130561 0.2985822 0.4090108 0.2985822 0.4090108 0.2664043 0.4154185 0.2664043 0.4154251 0.2826594 0.4130561 0.2985822 0.4090108 0.2985822 0.4090108 0.3140636 0.4035066 0.2985822 0.4090108 0.2985822 0.4090108 0.3140636 0.4035066 0.3140636 0.4035066 0.3288924 0.3964231 0.3288888 0.3964175 0.3140636 0.4035066 0.3288932 0.3964242 0.3288924 0.3964231 0.3288932 0.3964242 0.3140636 0.4035066 0.3144419 0.4044226 0.2985822 0.4090108 0.2986471 0.4092254 0.3144419 0.4044226 0.3288932 0.3964242 0.3289986 0.3966221 0.3435552 0.3888215 0.3288924 0.3964231 0.3288932 0.3964242 0.343006 0.3879964 0.3561725 0.3781468 0.343006 0.3879964 0.3435552 0.3888215 0.343006 0.3879964 0.3561725 0.3781468 0.3561717 0.3781456 0.3430029 0.3879917 0.3561717 0.3781456 0.356168 0.3781401 0.3288888 0.3964175 0.3288924 0.3964231 0.3430029 0.3879917 0.356168 0.3781401 0.3561717 0.3781456 0.3683742 0.3671163 0.3561717 0.3781456 0.3561725 0.3781468 0.3683742 0.3671163 0.3683742 0.3671163 0.3793715 0.3548745 0.3793715 0.3548744 0.3683742 0.3671163 0.3793715 0.3548745 0.3793715 0.3548745 0.3793715 0.3548745 0.3683742 0.3671163 0.3690733 0.3678194 0.3561725 0.3781468 0.3563143 0.3783205 0.3690733 0.3678194 0.3793715 0.3548745 0.3795444 0.3550174 0.3900154 0.3422154 0.3793715 0.3548745 0.3793715 0.3548745 0.3891934 0.3416607 0.3975989 0.3274912 0.3891934 0.3416607 0.3900154 0.3422154 0.3891934 0.3416607 0.3975989 0.3274912 0.3975989 0.3274912 0.3891934 0.3416607 0.3975989 0.3274912 0.3975989 0.3274912 0.3793715 0.3548744 0.3793715 0.3548745 0.3891934 0.3416607 0.3975989 0.3274912 0.3975989 0.3274912 0.4046634 0.3125947 0.3975989 0.3274912 0.3975989 0.3274912 0.4046634 0.3125947 0.4046634 0.3125947 0.4101527 0.2970322 0.4101462 0.2970309 0.4046634 0.3125947 0.4101541 0.2970325 0.4101527 0.2970322 0.4101541 0.2970325 0.4046634 0.3125947 0.4055768 0.3129808 0.3975989 0.3274912 0.3977961 0.3275981 0.4055768 0.3129808 0.4101541 0.2970325 0.4103682 0.2970997 0.4151594 0.2812186 0.4101527 0.2970322 0.4101541 0.2970325 0.4141898 0.2810135 0.4165548 0.2646406 0.4141898 0.2810135 0.4151594 0.2812186 0.4141898 0.2810135 0.4165548 0.2646406 0.416552 0.2646403 0.4101462 0.2970309 0.4101527 0.2970322 0.4141842 0.2810124 0.4141842 0.2810124 0.416552 0.2646403 0.4165389 0.2646389 0.4165389 0.2646389 0.416552 0.2646403 0.4174008 0.2480931 0.416552 0.2646403 0.4165548 0.2646406 0.4174064 0.2480933 0.4174008 0.2480931 0.416552 0.2315092 0.4165389 0.2315101 0.4174064 0.2480933 0.4165548 0.231509 0.416552 0.2315092 0.4165548 0.231509 0.4174064 0.2480933 0.4183951 0.248114 0.4165548 0.2646406 0.4167773 0.2646663 0.4183951 0.248114 0.4165548 0.231509 0.4167773 0.2314939 0.4151594 0.2148737 0.416552 0.2315092 0.4165548 0.231509 0.4141898 0.2150277 0.4101541 0.1988085 0.4141898 0.2150277 0.4151594 0.2148737 0.4141898 0.2150277 0.4101541 0.1988085 0.4101514 0.1988091 0.4141842 0.2150286 0.4101514 0.1988091 0.4101389 0.1988121 0.4165389 0.2315101 0.416552 0.2315092 0.4141842 0.2150285 0.4101389 0.1988121 0.4101514 0.1988091 0.4046582 0.1829384 0.4101514 0.1988091 0.4101541 0.1988085 0.4046634 0.1829367 0.4046582 0.1829384 0.3975964 0.1675673 0.3975849 0.1675716 0.4046634 0.1829367 0.3975989 0.1675664 0.3975964 0.1675673 0.3975989 0.1675664 0.4046634 0.1829367 0.4055768 0.182641 0.4101541 0.1988085 0.4103682 0.1987574 0.4055768 0.182641 0.3975989 0.1675664 0.3977962 0.1674925 0.3900154 0.1523439 0.3975964 0.1675673 0.3975989 0.1675664 0.3891934 0.1526985 0.3796195 0.1386885 0.3891934 0.1526985 0.3900154 0.1523439 0.3891934 0.1526985 0.3796195 0.1386885 0.3796204 0.1386927 0.3891887 0.1527006 0.3796204 0.1386927 0.3796249 0.1387122 0.3975849 0.1675716 0.3975964 0.1675673 0.3891887 0.1527006 0.3796249 0.1387122 0.3796204 0.1386927 0.370565 0.1269552 0.3796204 0.1386927 0.3796195 0.1386885 0.3705565 0.1269406 0.370565 0.1269552 0.3635445 0.1192442 0.3635543 0.1192613 0.3705565 0.1269406 0.3635423 0.1192405 0.3635445 0.1192442 0.3635423 0.1192405 0.3705565 0.1269406 0.3690733 0.1243677 0.3796195 0.1386885 0.3795444 0.1383558 0.3690733 0.1243677 0.3635423 0.1192405 0.3634565 0.1187999 0.3578396 0.1132321 0.3635445 0.1192442 0.3635423 0.1192405 0.3571121 0.1145364 0.3492553 0.1120148 0.3571121 0.1145364 0.3578396 0.1132321 0.3571121 0.1145364 0.3492553 0.1120148 0.3492553 0.1120148 0.3571121 0.1145364 0.3492553 0.1120148 0.3492551 0.1120148 0.3635543 0.1192613 0.3635445 0.1192442 0.3571121 0.1145364 0.3492551 0.1120148 0.3492553 0.1120148 0.3374094 0.1100519 0.3492553 0.1120148 0.3492553 0.1120148 0.3374094 0.1100519 0.3374094 0.1100519 0.3187977 0.1074311 0.3187975 0.1074311 0.3374094 0.1100519 0.3187977 0.1074311 0.3187977 0.1074311 0.3187977 0.1074311 0.3374094 0.1100519 0.3418441 0.1106333 0.3492553 0.1120148 0.3498419 0.1119327 0.3418441 0.1106333 0.3187977 0.1074311 0.3193329 0.1074312 0.2968217 0.104229 0.3187977 0.1074311 0.3187977 0.1074311 0.2965468 0.1048099 0.2733796 0.1030843 0.2965468 0.1048099 0.2968217 0.104229 0.2965468 0.1048099 0.2733796 0.1030843 0.2733796 0.1030843 0.2965468 0.1048099 0.2733796 0.1030843 0.2733796 0.1030844 0.3187975 0.1074311 0.3187977 0.1074311 0.2965468 0.1048099 0.2733796 0.1030844 0.2733796 0.1030843 0.25 0.102422 0.2733796 0.1030843 0.2733796 0.1030843 0.25 0.102422 0.25 0.102422 0.2266204 0.1030843 0.2266204 0.1030844 0.25 0.102422 0.2266204 0.1030843 0.2266204 0.1030843 0.2266204 0.1030843 0.25 0.102422 0.25 0.1016269 0.2733796 0.1030843 0.2734109 0.1029279 0.25 0.1016269 0.2266204 0.1030843 0.2265892 0.102928 0.2031784 0.104229 0.2266204 0.1030843 0.2266204 0.1030843 0.2034532 0.1048099 0.1811016 0.1074443 0.2034532 0.1048099 0.2031784 0.104229 0.2034532 0.1048099 0.1811016 0.1074443 0.1810763 0.1074476 0.2034532 0.1048099 0.1810763 0.1074476 0.1809589 0.107463 0.2266204 0.1030844 0.2266204 0.1030843 0.2034532 0.1048099 0.1809589 0.107463 0.1810763 0.1074476 0.1619347 0.1101379 0.1810763 0.1074476 0.1811016 0.1074443 0.1621875 0.1101047 0.1619347 0.1101379 0.1505981 0.1119943 0.1504614 0.1119751 0.1621875 0.1101047 0.1506274 0.1119984 0.1505981 0.1119943 0.1506274 0.1119984 0.1621875 0.1101047 0.158156 0.1106333 0.1811016 0.1074443 0.1806672 0.1074312 0.158156 0.1106333 0.1506274 0.1119984 0.1501582 0.1119327 0.1421604 0.1132321 0.1505981 0.1119943 0.1506274 0.1119984 0.1428218 0.1144178 0.1364411 0.1192108 0.1428218 0.1144178 0.1421604 0.1132321 0.1428218 0.1144178 0.1364411 0.1192108 0.136437 0.1192034 0.1427803 0.1143435 0.136437 0.1192034 0.1364177 0.119169 0.1504614 0.1119751 0.1505981 0.1119943 0.1427803 0.1143435 0.1364177 0.119169 0.136437 0.1192034 0.1294435 0.1269406 0.136437 0.1192034 0.1364411 0.1192108 0.1294435 0.1269406 0.1294435 0.1269406 0.1203805 0.1386885 0.1203805 0.1386886 0.1294435 0.1269406 0.1203805 0.1386885 0.1203805 0.1386885 0.1203805 0.1386885 0.1294435 0.1269406 0.1309267 0.1243677 0.1364411 0.1192108 0.1365436 0.1187999 0.1309267 0.1243677 0.1203805 0.1386885 0.1204557 0.1383558 0.1099846 0.1523439 0.1203805 0.1386885 0.1203805 0.1386885 0.1108067 0.1526985 0.1024011 0.1675664 0.1108067 0.1526985 0.1099846 0.1523439 0.1108067 0.1526985 0.1024011 0.1675664 0.1024011 0.1675664 0.1203805 0.1386886 0.1203805 0.1386885 0.1108067 0.1526985 0.1108067 0.1526985 0.1024011 0.1675664 0.1024012 0.1675664 0.1024012 0.1675664 0.1024011 0.1675664 0.09533661 0.1829367 0.1024011 0.1675664 0.1024011 0.1675664 0.09533661 0.1829367 0.09533661 0.1829367 0.08984726 0.1988087 0.08985376 0.1988097 0.09533661 0.1829367 0.08984589 0.1988084 0.08984726 0.1988087 0.08984589 0.1988084 0.09533661 0.1829367 0.09442323 0.1826409 0.1024011 0.1675664 0.1022039 0.1674925 0.09442323 0.1826409 0.08984589 0.1988084 0.08963191 0.1987574 0.08484053 0.2148737 0.08984726 0.1988087 0.08984589 0.1988084 0.08581024 0.2150277 0.08344525 0.231509 0.08581024 0.2150277 0.08484053 0.2148737 0.08581024 0.2150277 0.08344525 0.231509 0.08344668 0.2315093 0.08581578 0.2150285 0.08344668 0.2315093 0.08345317 0.2315103 0.08985376 0.1988097 0.08984726 0.1988087 0.08581578 0.2150285 0.08345317 0.2315103 0.08344668 0.2315092 0.08259361 0.2480933 0.08344668 0.2315092 0.08344525 0.231509 0.08259361 0.2480933 0.08259361 0.2480933 0.08341771 0.2646465 0.08339208 0.2646519 0.08259361 0.2480933 0.08342325 0.2646453 0.08341771 0.2646465 0.08342325 0.2646453 0.08259361 0.2480933 0.08160489 0.248114 0.08344525 0.231509 0.08322274 0.2314939 0.08160489 0.248114 0.08342325 0.2646453 0.08322274 0.2646663 0.08484053 0.2812185 0.08341771 0.2646465 0.08342325 0.2646453 0.08572208 0.2810322 0.08980309 0.297046 0.08572208 0.2810322 0.08484053 0.2812185 0.08572208 0.2810322 0.08980309 0.297046 0.08979237 0.2970494 0.08566683 0.2810439 0.08979237 0.2970494 0.08974254 0.2970651 0.08339208 0.2646519 0.08341771 0.2646465 0.08566683 0.2810439 0.08974254 0.2970651 0.08979237 0.2970494 0.09520155 0.3126519 0.08979237 0.2970494 0.08980309 0.297046 0.09525364 0.3126299 0.09520155 0.3126519 0.1023764 0.3275014 0.1023576 0.327508 0.09525364 0.3126299 0.1023803 0.3275 0.1023764 0.3275014 0.08980309 0.297046 0.08963191 0.2970998 0.09442329 0.312981 0.1023803 0.3275 0.09525364 0.3126299 0.09442329 0.312981 0.1023803 0.3275 0.1022039 0.3275981 0.1099846 0.3422152 0.1023764 0.3275014 0.1023803 0.3275 0.1108067 0.3416606 0.1206285 0.3548744 0.1108067 0.3416606 0.1099846 0.3422152 0.1108067 0.3416606 0.1206285 0.3548744 0.1206306 0.3548726 0.1108114 0.3416575 0.1206306 0.3548726 0.1206408 0.3548642 0.1023576 0.327508 0.1023764 0.3275014 0.1108114 0.3416575 0.1206408 0.3548642 0.1206306 0.3548726 0.1316298 0.3671123 0.1206306 0.3548726 0.1206285 0.3548744 0.1316258 0.3671163 0.1316298 0.3671122 0.1438293 0.3781446 0.1438376 0.3781345 0.1316258 0.3671163 0.1438275 0.3781468 0.1438293 0.3781446 0.1438275 0.3781468 0.1316258 0.3671163 0.1309266 0.3678194 0.1206285 0.3548744 0.1204556 0.3550174 0.1309266 0.3678194 0.1438275 0.3781468 0.1436856 0.3783205 0.1564447 0.3888216 0.1438293 0.3781446 0.1438275 0.3781468 0.1569939 0.3879964 0.1710981 0.396445 0.1569939 0.3879964 0.1564447 0.3888216 0.1569939 0.3879964 0.1710981 0.396445 0.1710968 0.396449 0.1569971 0.3879917 0.1710968 0.396449 0.1710904 0.3964678 0.1438376 0.3781345 0.1438293 0.3781446 0.156997 0.3879917 0.1710904 0.3964678 0.1710968 0.396449 0.1858804 0.4036421 0.1710968 0.396449 0.1710981 0.396445 0.1859019 0.4035899 0.1858804 0.4036421 0.2014015 0.4090645 0.2013864 0.4091144 0.1859019 0.4035899 0.2014048 0.4090537 0.2014015 0.4090645 0.2014048 0.4090537 0.1859019 0.4035899 0.185558 0.4044226 0.1710981 0.396445 0.1710013 0.3966221 0.185558 0.4044226 0.2014048 0.4090537 0.2013528 0.4092254 0.2171477 0.414028 0.2014015 0.4090645 0.2014048 0.4090537 0.2173231 0.4131443 0.2335914 0.4154485 0.2173231 0.4131443 0.2171477 0.414028 0.2173231 0.4131443 0.2335914 0.4154485 0.2335903 0.4154526 0.2173121 0.4131997 0.2335903 0.4154526 0.2335852 0.4154717 0.2013864 0.4091144 0.2014015 0.4090645 0.2173121 0.4131997 0.2335852 0.4154717 0.2335903 0.4154526 0.2500001 0.4162744 0.2335903 0.4154526 0.2335914 0.4154485 0.2500001 0.4162801 0.2500001 0.4162744 0.2664043 0.4154251 0.2664043 0.4154185 0.2500001 0.4162801 0.2664043 0.4154265 0.2664043 0.4154251 0.2335914 0.4154485 0.2335739 0.4156495 0.25 0.417271 0.2664043 0.4154265 0.2500001 0.4162801 0.25 0.417271 0.2500001 0.4162482 0.2664043 0.4154185 0.2664042 0.4154123 0.2335805 0.4154891 0.2335852 0.4154717 0.2500001 0.4162482 0.2500001 0.416224 0.2664042 0.4154123 0.2664043 0.4154012 0.2335739 0.4155116 0.2335805 0.4154891 0.2500001 0.416224 0.2172611 0.413457 0.2335852 0.4154717 0.2335805 0.4154891 0.2172145 0.4136916 0.2335805 0.4154891 0.2335739 0.4155116 0.2171511 0.4140104 0.2335739 0.4155116 0.2335739 0.4155158 0.2335739 0.4155158 0.2335739 0.4155116 0.2499999 0.4161883 0.2171486 0.4140235 0.2335739 0.4155158 0.2335739 0.4155181 0.2335739 0.4155181 0.2335739 0.4155158 0.2500001 0.4161983 0.2499999 0.4161883 0.2664043 0.4154012 0.2664054 0.4154108 0.2500001 0.4161983 0.2664054 0.4154108 0.2664061 0.4154169 0.2664244 0.4155466 0.2500001 0.4163553 0.2500001 0.4162049 0.2335739 0.4155557 0.2335739 0.4155181 0.2500001 0.4162049 0.2500001 0.4163577 0.2335739 0.4155558 0.2335739 0.4155557 0.2664244 0.4155466 0.2664249 0.4155495 0.2500001 0.4163577 0.2335739 0.4155557 0.2335739 0.4155558 0.2171487 0.4140234 0.2171478 0.414028 0.2171478 0.414028 0.2335739 0.4155181 0.2335739 0.4155558 0.2335739 0.4155541 0.2171514 0.4140099 0.2500001 0.4163556 0.2335739 0.4155541 0.2335739 0.4155558 0.2335739 0.4155541 0.2335806 0.4155256 0.2172148 0.4136899 0.2500001 0.41637 0.2335806 0.4155256 0.2335739 0.4155541 0.2664249 0.4155495 0.2664254 0.4155502 0.2500001 0.4163556 0.2664254 0.4155502 0.2664195 0.4155257 0.2500001 0.41637 0.2664195 0.4155257 0.2664149 0.4155025 0.2500001 0.4163702 0.2500001 0.4163702 0.2335852 0.4155024 0.2335806 0.4155256 0.2664149 0.4155025 0.2664098 0.415477 0.2500001 0.4163702 0.2500001 0.4163702 0.2335903 0.4154769 0.2335852 0.4155024 0.2335806 0.4155256 0.2335852 0.4155024 0.2172608 0.4134582 0.2335852 0.4155024 0.2335903 0.4154769 0.2173116 0.4132025 0.2335903 0.4154769 0.2335914 0.4154711 0.2173231 0.4131444 0.2335903 0.4154769 0.2500001 0.4163702 0.2500001 0.4163702 0.2335914 0.4154711 0.2500001 0.4163702 0.25 0.417271 0.2335914 0.4154711 0.2335739 0.4156495 0.2171477 0.414028 0.2014134 0.4090329 0.2173231 0.4131444 0.2171477 0.414028 0.2014128 0.4090374 0.2173116 0.4132025 0.2173231 0.4131444 0.2014134 0.4090329 0.2013528 0.4092253 0.185558 0.4044226 0.2014128 0.4090374 0.2014134 0.4090329 0.1859363 0.4035066 0.2173116 0.4132025 0.2014128 0.4090374 0.2014102 0.4090569 0.2014102 0.4090569 0.2014128 0.4090374 0.1859386 0.4035011 0.1859386 0.4035011 0.1711081 0.3964216 0.1711142 0.3964102 0.1711081 0.3964216 0.1859386 0.4035011 0.1859363 0.4035066 0.1711142 0.3964102 0.1711081 0.3964216 0.1569972 0.3879916 0.1711081 0.3964216 0.1711068 0.3964242 0.1569939 0.3879964 0.1711068 0.3964242 0.1859363 0.4035066 0.185558 0.4044226 0.1711068 0.3964242 0.1710013 0.3966221 0.1564447 0.3888216 0.1438117 0.3781628 0.1569939 0.3879964 0.1564447 0.3888216 0.1438083 0.3781658 0.1569972 0.3879915 0.1569939 0.3879964 0.1438117 0.3781628 0.1436856 0.3783205 0.1309266 0.3678194 0.1438083 0.3781658 0.1438117 0.3781628 0.1315622 0.3671802 0.1569972 0.3879915 0.1438083 0.3781658 0.1437935 0.3781789 0.1437935 0.3781789 0.1438083 0.3781658 0.1315204 0.3672223 0.1315204 0.3672223 0.1205848 0.3549105 0.1205448 0.3549436 0.1205848 0.3549105 0.1315204 0.3672223 0.1315622 0.3671802 0.1205448 0.3549436 0.1205848 0.3549105 0.1106827 0.3417443 0.1205848 0.3549105 0.1205939 0.354903 0.1107319 0.3417111 0.1205939 0.354903 0.1315622 0.3671802 0.1309266 0.3678194 0.1205939 0.354903 0.1204556 0.3550173 0.1099846 0.3422152 0.1023824 0.3275038 0.1107319 0.3417111 0.1099846 0.3422152 0.1023789 0.3275066 0.1106827 0.3417443 0.1107319 0.3417111 0.1023824 0.3275038 0.1022039 0.3275981 0.09442329 0.312981 0.1023789 0.3275066 0.1023824 0.3275038 0.09533667 0.3125947 0.1106827 0.3417443 0.1023789 0.3275066 0.1023633 0.3275186 0.1023633 0.3275186 0.1023789 0.3275066 0.09534209 0.3125925 0.09534215 0.3125924 0.08981943 0.2970379 0.08979994 0.2970408 0.08981943 0.2970379 0.09534215 0.3125924 0.09533667 0.3125947 0.08979994 0.2970408 0.08981943 0.2970379 0.08566409 0.2810444 0.08981943 0.2970379 0.08982384 0.2970373 0.08572208 0.2810322 0.08982384 0.2970373 0.09533667 0.3125947 0.09442329 0.312981 0.08982384 0.2970373 0.08963191 0.2970998 0.08484053 0.2812185 0.08340078 0.2646458 0.08572208 0.2810322 0.08484053 0.2812185 0.08339494 0.264647 0.08566409 0.2810444 0.08572208 0.2810322 0.08340078 0.2646458 0.08322274 0.2646663 0.08160489 0.248114 0.08339494 0.264647 0.08340078 0.2646458 0.08250373 0.2480952 0.08566409 0.2810444 0.08339494 0.264647 0.08336949 0.2646524 0.08336949 0.2646524 0.08339494 0.264647 0.08250373 0.2480951 0.08250373 0.2480951 0.08340078 0.231506 0.08340078 0.231506 0.08340078 0.231506 0.08250373 0.2480951 0.08250373 0.2480952 0.08340078 0.231506 0.08340078 0.231506 0.08572208 0.2150137 0.08340078 0.231506 0.08340078 0.231506 0.08572208 0.2150137 0.08340078 0.231506 0.08250373 0.2480952 0.08160489 0.248114 0.08340078 0.231506 0.08322274 0.2314939 0.08484053 0.2148737 0.08980309 0.1987982 0.08572208 0.2150137 0.08484053 0.2148737 0.08979761 0.1987965 0.08572208 0.2150137 0.08572208 0.2150137 0.08980309 0.1987982 0.08963191 0.1987574 0.09442323 0.1826409 0.08979761 0.1987965 0.08980309 0.1987982 0.09525358 0.1829099 0.08572208 0.2150137 0.08979761 0.1987965 0.08977359 0.1987887 0.08977359 0.1987887 0.08979761 0.1987965 0.09519892 0.1828922 0.09519892 0.1828922 0.1023749 0.1675578 0.1023509 0.1675501 0.1023749 0.1675578 0.09519892 0.1828922 0.09525358 0.1829099 0.1023509 0.1675501 0.1023749 0.1675578 0.1108067 0.1526985 0.1108067 0.1526985 0.1108067 0.1526985 0.1023749 0.1675578 0.1023803 0.1675596 0.09525358 0.1829099 0.09442323 0.1826409 0.1023803 0.1675596 0.1022039 0.1674925 0.1099846 0.1523439 0.1203805 0.1386885 0.1108067 0.1526985 0.1099846 0.1523439 0.1203805 0.1386885 0.1108067 0.1526985 0.1108067 0.1526985 0.1203805 0.1386885 0.1204557 0.1383558 0.1309267 0.1243677 0.1203805 0.1386885 0.1203805 0.1386885 0.1294435 0.1269406 0.1108067 0.1526985 0.1203805 0.1386885 0.1203805 0.1386885 0.1203805 0.1386885 0.1203805 0.1386885 0.1294435 0.1269406 0.1294435 0.1269406 0.1364588 0.1192424 0.1364635 0.1192511 0.1364588 0.1192424 0.1294435 0.1269406 0.1294435 0.1269406 0.1364635 0.1192511 0.1364588 0.1192424 0.1428923 0.1145442 0.1364588 0.1192424 0.1364577 0.1192405 0.1428879 0.1145364 0.1364577 0.1192405 0.1294435 0.1269406 0.1309267 0.1243677 0.1364577 0.1192405 0.1365436 0.1187999 0.1421604 0.1132321 0.1507448 0.1120148 0.1428879 0.1145364 0.1421604 0.1132321 0.1507526 0.1120159 0.1428923 0.1145442 0.1428879 0.1145364 0.1507448 0.1120148 0.1501582 0.1119327 0.158156 0.1106333 0.1507525 0.1120159 0.1507448 0.1120148 0.1625906 0.1100519 0.1428923 0.1145442 0.1507526 0.1120159 0.1507866 0.1120207 0.1507866 0.1120207 0.1507525 0.1120159 0.1626172 0.1100484 0.1626172 0.1100484 0.181209 0.1074302 0.1812382 0.1074264 0.181209 0.1074302 0.1626172 0.1100484 0.1625906 0.1100519 0.1812382 0.1074264 0.181209 0.1074302 0.2034533 0.1048099 0.181209 0.1074302 0.1812024 0.1074311 0.2034533 0.1048099 0.1812024 0.1074311 0.1625906 0.1100519 0.158156 0.1106333 0.1812024 0.1074311 0.1806672 0.1074312 0.2031783 0.104229 0.2266204 0.1030843 0.2034533 0.1048099 0.2031783 0.104229 0.2266204 0.1030843 0.2034533 0.1048099 0.2034533 0.1048099 0.2266204 0.1030843 0.2265892 0.102928 0.25 0.1016269 0.2266204 0.1030843 0.2266204 0.1030843 0.25 0.102422 0.2034533 0.1048099 0.2266204 0.1030843 0.2266204 0.1030843 0.2266204 0.1030843 0.2266204 0.1030843 0.25 0.102422 0.25 0.102422 0.2733796 0.1030843 0.2733796 0.1030843 0.2733796 0.1030843 0.25 0.102422 0.25 0.102422 0.2733796 0.1030843 0.2733796 0.1030843 0.2965468 0.1048099 0.2733796 0.1030843 0.2733796 0.1030843 0.2965468 0.1048099 0.2733796 0.1030843 0.25 0.102422 0.25 0.1016269 0.2733796 0.1030843 0.2734109 0.1029279 0.2968217 0.104229 0.3187977 0.1074311 0.2965468 0.1048099 0.2968217 0.104229 0.3187977 0.1074311 0.2965468 0.1048099 0.2965468 0.1048099 0.3187977 0.1074311 0.3193329 0.1074312 0.3418441 0.1106333 0.3187977 0.1074311 0.3187977 0.1074311 0.3374094 0.1100519 0.2965468 0.1048099 0.3187977 0.1074311 0.3187977 0.1074311 0.3187977 0.1074311 0.3187977 0.1074311 0.3374094 0.1100519 0.3374094 0.1100519 0.3492553 0.1120148 0.3492552 0.1120148 0.3492553 0.1120148 0.3374094 0.1100519 0.3374094 0.1100519 0.3492552 0.1120148 0.3492553 0.1120148 0.3571121 0.1145364 0.3492553 0.1120148 0.3492553 0.1120148 0.3571121 0.1145364 0.3492553 0.1120148 0.3374094 0.1100519 0.3418441 0.1106333 0.3492553 0.1120148 0.3498418 0.1119327 0.3578396 0.1132321 0.3635087 0.119182 0.3571121 0.1145364 0.3578396 0.1132321 0.3634998 0.1191666 0.3571121 0.1145364 0.3571121 0.1145364 0.3635087 0.119182 0.3634565 0.1187999 0.3690733 0.1243677 0.3634998 0.1191666 0.3635087 0.119182 0.3704217 0.1267067 0.3571121 0.1145364 0.3634998 0.1191666 0.3634608 0.119099 0.3634608 0.119099 0.3634998 0.1191666 0.370333 0.1265528 0.370333 0.1265528 0.3795956 0.1386066 0.3795567 0.1385389 0.3795956 0.1386066 0.370333 0.1265528 0.3704217 0.1267067 0.3795567 0.1385389 0.3795956 0.1386066 0.3892681 0.1526663 0.3795956 0.1386066 0.3796045 0.1386219 0.3892681 0.1526663 0.3796045 0.1386219 0.3704217 0.1267067 0.3690733 0.1243677 0.3796045 0.1386219 0.3795444 0.1383559 0.3900154 0.1523439 0.3976384 0.1675516 0.3892681 0.1526663 0.3900154 0.1523439 0.3976384 0.1675516 0.3892681 0.1526663 0.3892681 0.1526663 0.3976384 0.1675516 0.3977961 0.1674925 0.4055768 0.182641 0.3976383 0.1675516 0.3976384 0.1675516 0.4047465 0.1829099 0.3892681 0.1526663 0.3976384 0.1675516 0.3976383 0.1675516 0.3976383 0.1675516 0.3976383 0.1675516 0.4047465 0.1829099 0.4047465 0.1829099 0.4102028 0.1987974 0.4102283 0.1987933 0.4102028 0.1987974 0.4047465 0.1829099 0.4047465 0.1829099 0.4102283 0.1987933 0.4102028 0.1987974 0.4143359 0.2150045 0.4102028 0.1987974 0.410197 0.1987982 0.4142779 0.2150137 0.410197 0.1987982 0.4047465 0.1829099 0.4055768 0.182641 0.410197 0.1987982 0.4103682 0.1987574 0.4151594 0.2148737 0.4165768 0.2315055 0.4142779 0.2150137 0.4151594 0.2148737 0.4165812 0.2315046 0.414336 0.2150045 0.4142779 0.2150137 0.4165768 0.2315055 0.4167773 0.2314939 0.4183951 0.248114 0.4165812 0.2315046 0.4165768 0.2315055 0.4174064 0.2480933 0.414336 0.2150045 0.4165812 0.2315046 0.4166001 0.2315004 0.4166001 0.2315004 0.4165812 0.2315046 0.4174005 0.2480931 0.4174005 0.2480931 0.4165518 0.2646403 0.4165389 0.2646389 0.4165518 0.2646403 0.4174005 0.2480931 0.4174064 0.2480933 0.4165389 0.2646389 0.4165518 0.2646403 0.4141839 0.2810123 0.4141897 0.2810136 0.4141839 0.2810123 0.4165518 0.2646403 0.4165548 0.2646406 0.4174064 0.2480933 0.4183951 0.248114 0.4165548 0.2646406 0.4167773 0.2646663 0.4151594 0.2812186 0.4101542 0.2970325 0.4141897 0.2810136 0.4151594 0.2812186 0.4101527 0.2970322 0.4141839 0.2810123 0.4141897 0.2810136 0.4101542 0.2970325 0.4103682 0.2970997 0.4055768 0.3129808 0.4101527 0.2970322 0.4101542 0.2970325 0.4046634 0.3125947 0.4141839 0.2810123 0.4101527 0.2970322 0.4101462 0.2970309 0.4101462 0.2970309 0.4101527 0.2970322 0.4046634 0.3125947 0.4046634 0.3125947 0.3975989 0.3274912 0.3975989 0.3274912 0.3975989 0.3274912 0.4046634 0.3125947 0.4046634 0.3125947 0.3975989 0.3274912 0.3975989 0.3274912 0.3891934 0.3416607 0.3975989 0.3274912 0.3975989 0.3274912 0.3891934 0.3416607 0.3975989 0.3274912 0.4046634 0.3125947 0.4055768 0.3129808 0.3975989 0.3274912 0.3977962 0.3275981 0.3900154 0.3422154 0.3793874 0.3548904 0.3891934 0.3416607 0.3900154 0.3422154 0.3793916 0.3548946 0.3891934 0.3416607 0.3891934 0.3416607 0.3793874 0.3548904 0.3795444 0.3550174 0.3690733 0.3678194 0.3793916 0.3548946 0.3793874 0.3548904 0.3684378 0.3671802 0.3891934 0.3416607 0.3793916 0.3548946 0.3794099 0.3549132 0.3794099 0.3549132 0.3793916 0.3548946 0.3684797 0.3672223 0.3684797 0.3672223 0.3562083 0.3781907 0.3562412 0.3782309 0.3562083 0.3781907 0.3684797 0.3672223 0.3684378 0.3671802 0.3562412 0.3782309 0.3562083 0.3781907 0.3430888 0.3881207 0.3562083 0.3781907 0.3562008 0.3781815 0.343056 0.3880714 0.3562008 0.3781815 0.3684378 0.3671802 0.3690733 0.3678194 0.3562008 0.3781815 0.3563144 0.3783205 0.3435553 0.3888215 0.3289057 0.396443 0.343056 0.3880714 0.3435553 0.3888215 0.328909 0.3964479 0.3430888 0.3881207 0.343056 0.3880714 0.3289057 0.396443 0.3289986 0.3966221 0.3144419 0.4044226 0.328909 0.3964479 0.3289057 0.396443 0.3140636 0.4035066 0.3430888 0.3881207 0.328909 0.3964479 0.3289234 0.3964696 0.3289234 0.3964696 0.328909 0.3964479 0.3140636 0.4035066 0.3140636 0.4035066 0.2985877 0.4090387 0.2985928 0.4090643 0.2985877 0.4090387 0.3140636 0.4035066 0.3140636 0.4035066 0.2985928 0.4090643 0.2985877 0.4090387 0.2826885 0.4132027 0.2985877 0.4090387 0.2985866 0.409033 0.282677 0.4131445 0.2985866 0.409033 0.3140636 0.4035066 0.3144419 0.4044226 0.2985866 0.409033 0.2986471 0.4092254 0.2828523 0.4140281 0.2664086 0.4154711 0.282677 0.4131445 0.2828523 0.4140281 0.2664098 0.4154769 0.2826886 0.4132027 0.282677 0.4131445 0.2664086 0.4154711 0.2664262 0.4156496 0.25 0.417271 0.2500001 0.4163702 0.2500001 0.4163702 0.2664098 0.415477 0.2826886 0.4132027 0.2664098 0.4154769 0.2664149 0.4155025 0.2827393 0.4134583 0.2664149 0.4155025 0.2664195 0.4155257 0.2985974 0.4090874 0.2985928 0.4090643 0.2827393 0.4134583 0.2827852 0.41369 0.2664195 0.4155257 0.2664254 0.4155502 0.2986018 0.4091136 0.2985974 0.4090874 0.2827852 0.41369 0.3140636 0.4035065 0.2985974 0.4090874 0.2986018 0.4091136 0.3140636 0.4035066 0.2985928 0.4090643 0.2985974 0.4090874 0.3289365 0.3964892 0.3289234 0.3964696 0.3140636 0.4035066 0.3289515 0.3965103 0.3289365 0.3964892 0.3140636 0.4035065 0.3433642 0.3885346 0.3289365 0.3964892 0.3289515 0.3965103 0.3432333 0.3883378 0.3289234 0.3964696 0.3289365 0.3964892 0.3562709 0.3782674 0.3562412 0.3782309 0.3432333 0.3883378 0.3563088 0.3783136 0.3562709 0.3782674 0.3433642 0.3885346 0.3688302 0.3675749 0.3562709 0.3782674 0.3563088 0.3783136 0.3686635 0.3674073 0.3562412 0.3782309 0.3562709 0.3782674 0.3794265 0.3549299 0.3794099 0.3549132 0.3686635 0.3674073 0.3794447 0.3549492 0.3794265 0.3549299 0.3688302 0.3675749 0.3891932 0.3416607 0.3794265 0.3549299 0.3794447 0.3549492 0.3891934 0.3416607 0.3794099 0.3549132 0.3794265 0.3549299 0.3975988 0.3274912 0.3975989 0.3274912 0.3891934 0.3416607 0.3975918 0.3274874 0.3975988 0.3274912 0.3891932 0.3416607 0.4046633 0.3125946 0.3975988 0.3274912 0.3975918 0.3274874 0.4046633 0.3125946 0.3975989 0.3274912 0.3975988 0.3274912 0.4101403 0.2970296 0.4101462 0.2970309 0.4046633 0.3125946 0.4101241 0.2970254 0.4101403 0.2970296 0.4046633 0.3125946 0.4141352 0.281002 0.4101403 0.2970296 0.4101241 0.2970254 0.4141584 0.2810069 0.4101462 0.2970309 0.4101403 0.2970296 0.4165017 0.2646346 0.4165271 0.2646375 0.4141352 0.281002 0.4165271 0.2646375 0.4165389 0.2646389 0.4141584 0.2810069 0.4173508 0.2480921 0.4165271 0.2646375 0.4165017 0.2646346 0.4173744 0.2480926 0.4165389 0.2646389 0.4165271 0.2646375 0.4166173 0.2314966 0.4166001 0.2315004 0.4173744 0.2480926 0.4166334 0.2314917 0.4166173 0.2314966 0.4173508 0.2480921 0.4148222 0.2149273 0.4166173 0.2314966 0.4166334 0.2314917 0.414591 0.214964 0.4166001 0.2315004 0.4166173 0.2314966 0.4102513 0.1987896 0.4102283 0.1987933 0.414591 0.214964 0.4102755 0.1987866 0.4102513 0.1987896 0.4148222 0.2149273 0.4047464 0.1829099 0.4102513 0.1987896 0.4102755 0.1987866 0.4047464 0.1829099 0.4102283 0.1987933 0.4102513 0.1987896 0.3976383 0.1675516 0.3976383 0.1675516 0.4047464 0.1829099 0.3976289 0.1675551 0.3976383 0.1675516 0.4047464 0.1829099 0.389268 0.1526663 0.3976383 0.1675516 0.3976289 0.1675551 0.3892681 0.1526663 0.3976383 0.1675516 0.3976383 0.1675516 0.3795212 0.1384776 0.3795567 0.1385389 0.3892681 0.1526663 0.3794723 0.1384025 0.3795212 0.1384776 0.389268 0.1526663 0.3695893 0.1252626 0.3795212 0.1384776 0.3794723 0.1384025 0.3699429 0.125876 0.3795567 0.1385389 0.3795212 0.1384776 0.3634254 0.1190377 0.3634608 0.119099 0.3699429 0.125876 0.3633781 0.1189659 0.3634254 0.1190377 0.3695893 0.1252626 0.357112 0.1145365 0.3634254 0.1190377 0.3633781 0.1189659 0.3571121 0.1145364 0.3634608 0.119099 0.3634254 0.1190377 0.3492549 0.1120149 0.3492552 0.1120148 0.3571121 0.1145364 0.3492341 0.1120178 0.3492549 0.1120149 0.357112 0.1145365 0.3374089 0.1100519 0.3492549 0.1120149 0.3492341 0.1120178 0.3374093 0.1100519 0.3492552 0.1120148 0.3492549 0.1120149 0.3187974 0.1074311 0.3187977 0.1074311 0.3374093 0.1100519 0.3187784 0.1074311 0.3187974 0.1074311 0.3374089 0.1100519 0.2965468 0.10481 0.3187974 0.1074311 0.3187784 0.1074311 0.2965468 0.1048099 0.3187977 0.1074311 0.3187974 0.1074311 0.2733796 0.1030844 0.2733796 0.1030843 0.2965468 0.1048099 0.2733785 0.1030899 0.2733796 0.1030844 0.2965468 0.10481 0.25 0.1024221 0.2733796 0.1030844 0.2733785 0.1030899 0.25 0.102422 0.2733796 0.1030843 0.2733796 0.1030844 0.2266204 0.1030845 0.2266204 0.1030843 0.25 0.102422 0.2266215 0.10309 0.2266204 0.1030845 0.25 0.1024221 0.2034533 0.10481 0.2266204 0.1030845 0.2266215 0.10309 0.2034533 0.1048099 0.2266204 0.1030843 0.2266204 0.1030845 0.1812649 0.107423 0.1812382 0.1074264 0.2034533 0.1048099 0.181302 0.1074206 0.1812649 0.107423 0.2034533 0.10481 0.1628402 0.1100192 0.1812649 0.107423 0.181302 0.1074206 0.162734 0.1100331 0.1812382 0.1074264 0.1812649 0.107423 0.1508176 0.112025 0.1507866 0.1120207 0.162734 0.1100331 0.1508595 0.1120309 0.1508176 0.112025 0.1628402 0.1100192 0.1429288 0.1146097 0.1508176 0.112025 0.1508595 0.1120309 0.1429114 0.1145785 0.1507866 0.1120207 0.1508176 0.112025 0.1364678 0.1192591 0.1364635 0.1192511 0.1429114 0.1145785 0.1364678 0.11928 0.1364678 0.1192591 0.1429288 0.1146097 0.1294434 0.1269409 0.1364678 0.1192591 0.1364678 0.11928 0.1294435 0.1269407 0.1364635 0.1192511 0.1364678 0.1192591 0.1203805 0.1386887 0.1203805 0.1386885 0.1294435 0.1269407 0.1203778 0.1387005 0.1203805 0.1386887 0.1294434 0.1269409 0.1108068 0.1526986 0.1203805 0.1386887 0.1203778 0.1387005 0.1108067 0.1526985 0.1203805 0.1386885 0.1203805 0.1386887 0.1023044 0.1675354 0.1023291 0.1675431 0.1108068 0.1526986 0.1023291 0.1675431 0.1023509 0.1675501 0.1108067 0.1526985 0.09474092 0.1827439 0.1023291 0.1675431 0.1023044 0.1675354 0.09495872 0.1828143 0.1023509 0.1675501 0.1023291 0.1675431 0.08975189 0.1987817 0.08977359 0.1987887 0.09495872 0.1828143 0.08972901 0.1987734 0.08975189 0.1987817 0.09474092 0.1827439 0.0857222 0.2150137 0.08975189 0.1987817 0.08972901 0.1987734 0.08572214 0.2150137 0.08977359 0.1987887 0.08975189 0.1987817 0.0834009 0.231506 0.08340078 0.231506 0.08572214 0.2150137 0.08341062 0.2315067 0.0834009 0.231506 0.0857222 0.2150137 0.08250385 0.2480952 0.0834009 0.231506 0.08341062 0.2315067 0.08250373 0.2480951 0.08340078 0.231506 0.0834009 0.231506 0.08334642 0.2646573 0.08336949 0.2646524 0.08250373 0.2480951 0.08331722 0.2646643 0.08334642 0.2646573 0.08250385 0.2480952 0.08517783 0.2811473 0.08334642 0.2646573 0.08331722 0.2646643 0.08540904 0.2810984 0.08336949 0.2646524 0.08334642 0.2646573 0.08978229 0.2970433 0.08979994 0.2970408 0.08540904 0.2810984 0.08975601 0.2970473 0.08978229 0.2970433 0.08517783 0.2811473 0.09538805 0.312573 0.08978229 0.2970433 0.08975601 0.2970473 0.09536617 0.3125823 0.08979994 0.2970408 0.08978229 0.2970433 0.1023492 0.3275295 0.1023633 0.3275186 0.09536617 0.3125823 0.102332 0.327543 0.1023492 0.3275295 0.09538805 0.312573 0.1102705 0.3420223 0.1023492 0.3275295 0.102332 0.327543 0.1104665 0.3418901 0.1023633 0.3275186 0.1023492 0.3275295 0.1205086 0.3549736 0.1205448 0.3549436 0.1104665 0.3418901 0.120463 0.3550112 0.1205086 0.3549736 0.1102705 0.3420223 0.1311698 0.3675748 0.1205086 0.3549736 0.120463 0.3550112 0.1313365 0.3674072 0.1205448 0.3549436 0.1205086 0.3549736 0.1437802 0.3781906 0.1437935 0.3781789 0.1313365 0.3674072 0.1437664 0.378201 0.1437802 0.3781906 0.1311698 0.3675748 0.1570249 0.38795 0.1437802 0.3781906 0.1437664 0.378201 0.1570117 0.3879698 0.1437935 0.3781789 0.1437802 0.3781906 0.1711198 0.3963997 0.1711142 0.3964102 0.1570117 0.3879698 0.1711301 0.3963816 0.1711198 0.3963997 0.1570249 0.38795 0.1859576 0.4034551 0.1711198 0.3963997 0.1711301 0.3963816 0.1859486 0.403477 0.1711142 0.3964102 0.1711198 0.3963997 0.2014079 0.4090745 0.2014102 0.4090569 0.1859486 0.403477 0.2014042 0.4091009 0.2014079 0.4090745 0.1859576 0.4034551 0.2172148 0.4136899 0.2014079 0.4090745 0.2014042 0.4091009 0.2172608 0.4134582 0.2014102 0.4090569 0.2014079 0.4090745 0.2171514 0.4140099 0.2014042 0.4091009 0.2014019 0.4091066 0.2014019 0.4091066 0.2014042 0.4091009 0.1859601 0.4034494 0.2171487 0.4140234 0.2014019 0.4091066 0.2014002 0.4091108 0.2014002 0.4091107 0.2014019 0.4091066 0.1859481 0.4034783 0.1859601 0.4034494 0.1711301 0.3963816 0.1711259 0.39639 0.1859481 0.4034783 0.1711259 0.39639 0.1711236 0.396395 0.1711236 0.396395 0.1710805 0.3964993 0.1855921 0.40434 0.1859366 0.4035059 0.1855921 0.40434 0.2013571 0.409215 0.1855832 0.4043616 0.2013558 0.4092181 0.2013571 0.409215 0.1710805 0.3964993 0.1710798 0.3965015 0.1855832 0.4043616 0.2171478 0.414028 0.2013571 0.409215 0.2013558 0.4092181 0.2014002 0.4091108 0.2013571 0.409215 0.2171478 0.414028 0.2013558 0.4092181 0.2013547 0.4092209 0.2171511 0.4140104 0.1855786 0.4043731 0.2013547 0.4092209 0.2013558 0.4092181 0.2013547 0.4092209 0.2013726 0.40916 0.2172145 0.4136916 0.1856889 0.4041056 0.2013726 0.40916 0.2013547 0.4092209 0.1710798 0.3965015 0.1710804 0.3965016 0.1855786 0.4043731 0.1710804 0.3965016 0.1710847 0.3964849 0.1856889 0.4041056 0.1710847 0.3964849 0.1710904 0.3964678 0.1857802 0.4038845 0.1857802 0.4038845 0.2013864 0.4091144 0.2013726 0.40916 0.1570116 0.3879698 0.1710904 0.3964678 0.1710847 0.3964849 0.157025 0.3879497 0.1710847 0.3964849 0.1710804 0.3965016 0.143858 0.3781089 0.1438453 0.378125 0.157025 0.3879497 0.1438453 0.378125 0.1438376 0.3781345 0.1570116 0.3879698 0.1316483 0.3670936 0.1438376 0.3781345 0.1438453 0.378125 0.1316654 0.3670765 0.1438453 0.378125 0.143858 0.3781089 0.1316702 0.3670717 0.143858 0.3781089 0.1438518 0.378116 0.1438518 0.378116 0.143858 0.3781089 0.1570484 0.387915 0.1316475 0.3670944 0.1438518 0.378116 0.143848 0.37812 0.143848 0.37812 0.1438518 0.378116 0.157045 0.3879197 0.157045 0.3879197 0.1710798 0.3965015 0.1710805 0.3964993 0.1570484 0.387915 0.1710804 0.3965016 0.1710798 0.3965015 0.1570439 0.3879214 0.1437684 0.3782001 0.143848 0.37812 0.1570439 0.3879215 0.1570439 0.3879214 0.1710805 0.3964993 0.1711236 0.396395 0.1711259 0.39639 0.157045 0.3879197 0.157045 0.3879197 0.1437667 0.3782016 0.1437684 0.3782001 0.1437684 0.3782001 0.1437667 0.3782016 0.1309733 0.3677725 0.1309897 0.367756 0.1316263 0.3671158 0.143848 0.37812 0.1437667 0.3782016 0.1437664 0.378201 0.1309646 0.3677809 0.1570482 0.3879148 0.1437664 0.378201 0.1437667 0.3782016 0.1309646 0.3677809 0.120463 0.3550112 0.1204676 0.3550074 0.1309733 0.3677725 0.1204676 0.3550074 0.1204727 0.3550031 0.1204727 0.3550031 0.1204676 0.3550074 0.1100394 0.3421782 0.1204676 0.3550074 0.120463 0.3550112 0.1100294 0.3421851 0.1100294 0.3421851 0.102332 0.327543 0.1023288 0.3275437 0.1100394 0.3421782 0.1023288 0.3275437 0.1023275 0.3275436 0.1023275 0.3275436 0.102317 0.3275244 0.1108072 0.3416603 0.1100587 0.3421652 0.1108072 0.3416602 0.1206459 0.35486 0.1108321 0.3416434 0.1206528 0.3548543 0.1206459 0.35486 0.102317 0.3275244 0.1023176 0.3275232 0.1108321 0.3416434 0.1206459 0.35486 0.1206528 0.3548543 0.1316475 0.3670944 0.1204727 0.3550031 0.1206459 0.35486 0.1316263 0.3671158 0.1206528 0.3548543 0.1206623 0.3548464 0.1316702 0.3670717 0.1108582 0.3416257 0.1206623 0.3548464 0.1206528 0.3548543 0.1206623 0.3548464 0.1206501 0.3548565 0.1316654 0.3670765 0.1108533 0.3416292 0.1206501 0.3548565 0.1206623 0.3548464 0.1023176 0.3275232 0.10232 0.3275209 0.1108582 0.3416257 0.10232 0.3275209 0.1023406 0.3275138 0.1108533 0.3416292 0.1023406 0.3275138 0.1023576 0.327508 0.1108332 0.3416427 0.1108332 0.3416427 0.1206408 0.3548642 0.1206501 0.3548565 0.09495985 0.3127541 0.1023576 0.327508 0.1023406 0.3275138 0.09473937 0.3128473 0.1023406 0.3275138 0.10232 0.3275209 0.08963632 0.2970979 0.08969706 0.2970793 0.09473937 0.3128473 0.08969706 0.2970793 0.08974254 0.2970651 0.09495985 0.3127541 0.08541017 0.2810981 0.08974254 0.2970651 0.08969706 0.2970793 0.08517611 0.2811476 0.08969706 0.2970793 0.08963632 0.2970979 0.08485805 0.281215 0.08963632 0.2970979 0.08963906 0.2970967 0.08963906 0.2970967 0.08963632 0.2970979 0.09447258 0.3129599 0.08484506 0.2812176 0.08963906 0.2970967 0.08964222 0.2970954 0.08964222 0.2970954 0.08963906 0.2970967 0.09448409 0.3129552 0.1023176 0.3275232 0.102317 0.3275244 0.09450566 0.3129462 0.09447258 0.3129599 0.10232 0.3275209 0.1023176 0.3275232 0.08974617 0.2970514 0.08964222 0.2970954 0.09450566 0.3129462 0.09533733 0.3125945 0.09450566 0.3129462 0.102317 0.3275244 0.1023275 0.3275436 0.1023288 0.3275437 0.09536474 0.3125829 0.09536474 0.3125829 0.08975028 0.2970497 0.08974617 0.2970514 0.08974617 0.2970514 0.08975028 0.2970497 0.08484518 0.2812176 0.08484053 0.2812185 0.08484059 0.2812186 0.08964222 0.2970954 0.08975028 0.2970497 0.08975601 0.2970473 0.08485853 0.2812147 0.09539318 0.3125708 0.08975601 0.2970473 0.08975028 0.2970497 0.08485853 0.2812147 0.08331722 0.2646643 0.08331489 0.2646644 0.08484518 0.2812176 0.08331489 0.2646644 0.08331447 0.2646644 0.08331447 0.2646644 0.08331489 0.2646644 0.08251112 0.248095 0.08331489 0.2646644 0.08331722 0.2646643 0.08251577 0.248095 0.08251577 0.248095 0.08341062 0.2315067 0.0834065 0.2315065 0.08251112 0.248095 0.0834065 0.2315065 0.08340626 0.2315065 0.08340626 0.2315065 0.08346182 0.231512 0.08258616 0.2480934 0.08331447 0.2646644 0.08251112 0.248095 0.08258616 0.2480934 0.08259069 0.2480934 0.08333486 0.2646639 0.08333325 0.2646639 0.08346182 0.231512 0.08346563 0.2315123 0.08259069 0.2480934 0.08333325 0.2646639 0.08333486 0.2646639 0.08484506 0.2812176 0.08331447 0.2646644 0.08333325 0.2646639 0.08484053 0.2812185 0.08333486 0.2646639 0.08333837 0.2646639 0.08485805 0.281215 0.08259916 0.2480933 0.08333837 0.2646639 0.08333486 0.2646639 0.08333837 0.2646639 0.08336877 0.2646569 0.08517611 0.2811476 0.08259391 0.2480933 0.08336877 0.2646569 0.08333837 0.2646639 0.08346563 0.2315123 0.08347332 0.2315129 0.08259916 0.2480933 0.08347332 0.2315129 0.08345925 0.2315112 0.08259391 0.2480933 0.08345925 0.2315112 0.08345317 0.2315103 0.08259367 0.2480933 0.08259367 0.2480933 0.08339208 0.2646519 0.08336877 0.2646569 0.08584153 0.2150326 0.08345317 0.2315103 0.08345925 0.2315112 0.08586519 0.2150364 0.08345925 0.2315112 0.08347332 0.2315129 0.08987069 0.1988124 0.08985984 0.1988107 0.08586519 0.2150364 0.08985984 0.1988107 0.08985376 0.1988097 0.08584153 0.2150326 0.09533673 0.1829367 0.08985376 0.1988097 0.08985984 0.1988107 0.09533691 0.1829368 0.08985984 0.1988107 0.08987069 0.1988124 0.09531497 0.1829296 0.08987069 0.1988124 0.08986145 0.1988101 0.08986145 0.1988101 0.08987069 0.1988124 0.08590072 0.215042 0.0952869 0.1829206 0.08986145 0.1988101 0.08985573 0.1988086 0.08985573 0.1988086 0.08986145 0.1988101 0.08589047 0.2150404 0.08589047 0.2150404 0.08346563 0.2315123 0.08346182 0.231512 0.08590072 0.215042 0.08347332 0.2315129 0.08346563 0.2315123 0.08973228 0.1987747 0.08985573 0.1988086 0.08588379 0.2150393 0.08340626 0.2315065 0.08573669 0.215016 0.08588385 0.2150393 0.08340626 0.2315065 0.0834065 0.2315065 0.08573442 0.2150156 0.08573442 0.2150156 0.08972954 0.1987739 0.08973228 0.1987747 0.08973228 0.1987747 0.08972954 0.1987739 0.0944795 0.1826592 0.08973228 0.1987747 0.09449869 0.1826654 0.09526115 0.1829122 0.08972954 0.1987739 0.08972901 0.1987734 0.0944705 0.1826562 0.08573693 0.215016 0.08972901 0.1987734 0.08972954 0.1987739 0.0944705 0.1826562 0.1023044 0.1675354 0.1023042 0.1675351 0.0944795 0.1826592 0.1023042 0.1675351 0.1023059 0.1675355 0.1023059 0.1675355 0.1023042 0.1675351 0.1108081 0.1526996 0.1023042 0.1675351 0.1023044 0.1675354 0.1108124 0.1527029 0.1108081 0.1526996 0.1203798 0.1386916 0.1203805 0.1386885 0.1108124 0.1527029 0.1203778 0.1387005 0.1203798 0.1386916 0.1203805 0.1386885 0.1203798 0.1386916 0.1294407 0.1269461 0.1203798 0.1386916 0.1203778 0.1387005 0.1294327 0.1269622 0.1294327 0.1269622 0.1364678 0.11928 0.1364678 0.119264 0.1294407 0.1269461 0.1364678 0.119264 0.136466 0.1192554 0.1294435 0.1269406 0.136466 0.1192554 0.1363832 0.119107 0.1203805 0.1386885 0.1294435 0.1269406 0.1294435 0.1269406 0.1294406 0.1269459 0.1203798 0.1386916 0.1203805 0.1386885 0.1363832 0.119107 0.1363791 0.1191052 0.1294406 0.1269459 0.1203805 0.1386885 0.1203798 0.1386916 0.1108083 0.1526997 0.1203805 0.1386885 0.1203805 0.1386885 0.1108067 0.1526985 0.1108083 0.1526997 0.102397 0.1675651 0.1023926 0.1675636 0.1023059 0.1675355 0.1108067 0.1526985 0.1108067 0.1526985 0.1023926 0.1675636 0.102397 0.1675651 0.0952869 0.1829206 0.1023059 0.1675355 0.1023926 0.1675636 0.09526115 0.1829122 0.102397 0.1675651 0.1024045 0.1675679 0.09531497 0.1829296 0.1108129 0.1527031 0.1024045 0.1675679 0.102397 0.1675651 0.1024045 0.1675679 0.1024014 0.1675664 0.09533691 0.1829368 0.1108069 0.1526986 0.1024014 0.1675664 0.1024045 0.1675679 0.1203778 0.1387005 0.1203804 0.1386889 0.1108069 0.1526986 0.1203798 0.1386916 0.1203778 0.1387005 0.1108129 0.1527031 0.1294431 0.1269414 0.1203804 0.1386889 0.1203778 0.1387005 0.1294322 0.1269614 0.1203778 0.1387005 0.1203798 0.1386916 0.1363791 0.1191052 0.1363725 0.1191091 0.1294322 0.1269614 0.1363725 0.1191091 0.1363999 0.1191378 0.1294431 0.1269414 0.1363999 0.1191378 0.1364177 0.119169 0.1294434 0.1269408 0.1294434 0.1269408 0.1203805 0.1386886 0.1203804 0.1386889 0.1425877 0.1139983 0.1364177 0.119169 0.1363999 0.1191378 0.1424121 0.1136835 0.1363999 0.1191378 0.1363725 0.1191091 0.150183 0.1119362 0.1503369 0.1119577 0.1424121 0.1136835 0.1503369 0.1119577 0.1504614 0.1119751 0.1425877 0.1139983 0.160761 0.1102918 0.1504614 0.1119751 0.1503369 0.1119577 0.1596904 0.1104322 0.1503369 0.1119577 0.150183 0.1119362 0.158393 0.1106026 0.150183 0.1119362 0.1501987 0.1119384 0.1501987 0.1119384 0.150183 0.1119362 0.1421985 0.1133033 0.1501987 0.1119384 0.1502164 0.1119409 0.1585558 0.1105809 0.1502164 0.1119409 0.1501987 0.1119384 0.1422085 0.1133192 0.1422085 0.1133192 0.1363791 0.1191052 0.1363832 0.119107 0.1421985 0.1133033 0.1363725 0.1191091 0.1363791 0.1191052 0.1428884 0.1145373 0.1508039 0.1120231 0.1502164 0.1119409 0.1428884 0.1145373 0.142226 0.1133497 0.1363832 0.119107 0.136466 0.1192554 0.1364678 0.119264 0.1429108 0.1145767 0.1429108 0.1145767 0.1508273 0.1120264 0.1508039 0.1120231 0.1508039 0.1120231 0.1508273 0.1120264 0.1627271 0.1100344 0.162594 0.1100515 0.1585558 0.1105809 0.1502164 0.1119409 0.1508273 0.1120264 0.1508595 0.1120309 0.1628654 0.1100172 0.142935 0.1146181 0.1508595 0.1120309 0.1508273 0.1120264 0.1628654 0.1100172 0.181302 0.1074206 0.1812735 0.1074224 0.1627271 0.1100344 0.1812735 0.1074224 0.1812531 0.1074244 0.1812531 0.1074244 0.1812735 0.1074224 0.2034545 0.1048111 0.1812735 0.1074224 0.181302 0.1074206 0.2034584 0.1048147 0.2034584 0.1048147 0.2266215 0.10309 0.2266207 0.1030858 0.2034545 0.1048111 0.2266207 0.1030858 0.2266204 0.1030843 0.2266204 0.1030843 0.2266204 0.1030843 0.2034533 0.1048099 0.1812531 0.1074244 0.2034532 0.1048099 0.2034533 0.1048099 0.2034538 0.1048112 0.1807335 0.1074932 0.1807484 0.1074906 0.2266204 0.1030843 0.2266207 0.1030858 0.2034538 0.1048112 0.1807484 0.1074906 0.1807335 0.1074932 0.1584506 0.1105948 0.1812531 0.1074244 0.1807484 0.1074906 0.1585558 0.1105809 0.1807335 0.1074932 0.1807209 0.1074967 0.158393 0.1106026 0.2034556 0.104815 0.1807209 0.1074967 0.1807335 0.1074932 0.1807209 0.1074967 0.1808519 0.1074771 0.1596904 0.1104322 0.2034534 0.1048101 0.1808519 0.1074771 0.1807209 0.1074967 0.2266207 0.1030858 0.2266215 0.10309 0.2034556 0.104815 0.2266215 0.10309 0.2266204 0.1030845 0.2034534 0.1048101 0.2266204 0.1030845 0.2266204 0.1030844 0.2034533 0.1048099 0.2034533 0.1048099 0.1809589 0.107463 0.1808519 0.1074771 0.25 0.1024221 0.2266204 0.1030844 0.2266204 0.1030845 0.25 0.1024222 0.2266204 0.1030845 0.2266215 0.10309 0.2733785 0.1030899 0.2733796 0.1030845 0.25 0.1024222 0.2733796 0.1030845 0.2733796 0.1030844 0.25 0.1024221 0.2965468 0.1048099 0.2733796 0.1030844 0.2733796 0.1030845 0.2965466 0.1048101 0.2733796 0.1030845 0.2733785 0.1030899 0.2965419 0.1048147 0.2733785 0.1030899 0.2733793 0.1030858 0.2733793 0.1030858 0.2733785 0.1030899 0.25 0.102429 0.2965456 0.1048111 0.2733793 0.1030858 0.2733796 0.1030843 0.2733796 0.1030843 0.2733793 0.1030858 0.25 0.1024238 0.25 0.1024238 0.2266207 0.1030858 0.2266204 0.1030843 0.25 0.102429 0.2266215 0.10309 0.2266207 0.1030858 0.2733796 0.1030843 0.2733796 0.1030843 0.25 0.1024219 0.2266204 0.1030843 0.25 0.102422 0.25 0.102422 0.2266204 0.1030843 0.2266207 0.1030858 0.2500001 0.1024238 0.2500001 0.1024238 0.2733793 0.1030858 0.2733796 0.1030843 0.2733796 0.1030843 0.2733793 0.1030858 0.2965456 0.1048111 0.2733796 0.1030843 0.2965468 0.1048099 0.2965468 0.1048099 0.2733793 0.1030858 0.2733785 0.1030899 0.2965419 0.1048147 0.25 0.102429 0.2733785 0.1030899 0.2733793 0.1030858 0.2965419 0.1048147 0.3187784 0.1074311 0.3187928 0.1074311 0.2965456 0.1048111 0.3187928 0.1074311 0.3187977 0.1074311 0.3187977 0.1074311 0.3187928 0.1074311 0.3374002 0.110051 0.3187928 0.1074311 0.3187784 0.1074311 0.3373734 0.1100484 0.3373734 0.1100484 0.3492341 0.1120178 0.3492498 0.1120156 0.3374002 0.110051 0.3492498 0.1120156 0.3492553 0.1120148 0.3492553 0.1120148 0.3492553 0.1120148 0.3374094 0.1100519 0.3187977 0.1074311 0.3374094 0.1100519 0.3374094 0.1100519 0.3374002 0.110051 0.3187928 0.1074311 0.3187977 0.1074311 0.3492553 0.1120148 0.3492498 0.1120156 0.3374002 0.110051 0.3187977 0.1074311 0.3187928 0.1074311 0.2965456 0.1048111 0.3187977 0.1074311 0.3187977 0.1074311 0.2965468 0.1048099 0.3187928 0.1074311 0.3187784 0.1074311 0.2965419 0.1048147 0.3373734 0.1100484 0.3187784 0.1074311 0.3187928 0.1074311 0.3187784 0.1074311 0.318797 0.1074311 0.2965466 0.1048101 0.3374081 0.1100518 0.318797 0.1074311 0.3187784 0.1074311 0.3492498 0.1120156 0.3492341 0.1120178 0.3373734 0.1100484 0.3492341 0.1120178 0.3492544 0.112015 0.3374081 0.1100518 0.3492544 0.112015 0.3492551 0.1120148 0.3374091 0.1100519 0.3374091 0.1100519 0.3187975 0.1074311 0.318797 0.1074311 0.3571121 0.1145365 0.3492551 0.1120148 0.3492544 0.112015 0.3571118 0.1145368 0.3492544 0.112015 0.3492341 0.1120178 0.3635724 0.1193031 0.3635634 0.1192773 0.3571118 0.1145368 0.3635634 0.1192773 0.3635543 0.1192613 0.3571121 0.1145365 0.3706044 0.1270236 0.3635543 0.1192613 0.3635634 0.1192773 0.3706405 0.1270864 0.3635634 0.1192773 0.3635724 0.1193031 0.3706477 0.1271015 0.3635724 0.1193031 0.3635653 0.119283 0.3635653 0.119283 0.3635724 0.1193031 0.3571047 0.1145482 0.370602 0.1270201 0.3635653 0.119283 0.3635594 0.11927 0.3635594 0.11927 0.3635653 0.119283 0.3571102 0.1145394 0.3571102 0.1145394 0.3492498 0.1120156 0.3492553 0.1120148 0.3571047 0.1145482 0.3492341 0.1120178 0.3492498 0.1120156 0.3633906 0.1189771 0.3635594 0.11927 0.3571121 0.1145364 0.3492552 0.1120148 0.3571121 0.1145364 0.3571121 0.1145364 0.3492552 0.1120148 0.3492498 0.1120156 0.35711 0.114539 0.35711 0.114539 0.3633848 0.1189697 0.3633906 0.1189771 0.3633905 0.1189771 0.3633848 0.1189697 0.3691718 0.1245391 0.3692071 0.1245997 0.3705577 0.1269425 0.3635594 0.11927 0.3633848 0.1189697 0.3633781 0.1189659 0.3691523 0.124507 0.3571037 0.1145465 0.3633781 0.1189659 0.3633848 0.1189697 0.3691523 0.124507 0.3794723 0.1384025 0.3794783 0.1384096 0.3691718 0.1245391 0.3794783 0.1384096 0.3794833 0.1384184 0.3794833 0.1384184 0.3794783 0.1384096 0.3892577 0.1526708 0.3794783 0.1384096 0.3794723 0.1384025 0.3892555 0.1526718 0.3892555 0.1526718 0.3976289 0.1675551 0.3976321 0.1675539 0.3892577 0.1526708 0.3976321 0.1675539 0.3976318 0.167554 0.3892557 0.1526716 0.3976318 0.167554 0.397566 0.1675787 0.3892558 0.1526716 0.389131 0.1527255 0.3796209 0.1387247 0.3891257 0.1527283 0.3796257 0.1387372 0.3796209 0.1387247 0.397566 0.1675787 0.397562 0.1675802 0.3891257 0.1527283 0.3705577 0.1269425 0.3796209 0.1387247 0.3796257 0.1387372 0.3692071 0.1245997 0.3794833 0.1384184 0.3796209 0.1387247 0.3796257 0.1387372 0.3796315 0.1387549 0.3706477 0.1271015 0.389118 0.1527332 0.3796315 0.1387549 0.3796257 0.1387372 0.3796315 0.1387549 0.3796289 0.1387302 0.3706405 0.1270864 0.3891468 0.1527187 0.3796289 0.1387302 0.3796315 0.1387549 0.397562 0.1675802 0.3975546 0.167583 0.389118 0.1527332 0.3975546 0.167583 0.3975741 0.1675757 0.3891468 0.1527187 0.3975741 0.1675757 0.3975849 0.1675716 0.3891668 0.15271 0.3891668 0.15271 0.3796249 0.1387122 0.3796289 0.1387302 0.4046339 0.1829463 0.3975849 0.1675716 0.3975741 0.1675757 0.4046116 0.1829535 0.3975741 0.1675757 0.3975546 0.167583 0.4101092 0.1988195 0.4101272 0.1988149 0.4046116 0.1829535 0.4101272 0.1988149 0.4101389 0.1988121 0.4046339 0.1829463 0.4141585 0.2150326 0.4101389 0.1988121 0.4101272 0.1988149 0.4141348 0.2150364 0.4101272 0.1988149 0.4101092 0.1988195 0.4141281 0.2150375 0.4101092 0.1988195 0.4101192 0.1988172 0.4101192 0.1988172 0.4101092 0.1988195 0.404578 0.1829643 0.4101192 0.1988172 0.4101257 0.1988158 0.4141891 0.2150278 0.4101257 0.1988159 0.4101192 0.1988172 0.4045878 0.1829612 0.4045878 0.1829612 0.397562 0.1675802 0.397566 0.1675788 0.404578 0.1829643 0.3975546 0.167583 0.397562 0.1675802 0.4047328 0.1829143 0.4102708 0.1987871 0.4101257 0.1988159 0.4047327 0.1829143 0.4045941 0.1829591 0.397566 0.1675788 0.3976318 0.167554 0.3976321 0.1675539 0.4047349 0.1829136 0.4047349 0.1829136 0.4102742 0.1987865 0.4102708 0.1987871 0.4102708 0.1987871 0.4102742 0.1987865 0.4150947 0.2148841 0.415072 0.2148877 0.4141891 0.2150278 0.4101257 0.1988158 0.4102742 0.1987865 0.4102755 0.1987866 0.4151062 0.2148822 0.4047325 0.1829144 0.4102755 0.1987866 0.4102742 0.1987865 0.4151062 0.2148822 0.4166334 0.2314917 0.4166337 0.2314922 0.4150947 0.2148841 0.4166337 0.2314922 0.4166315 0.2314928 0.4166315 0.2314928 0.4166337 0.2314922 0.4173145 0.2480913 0.4166337 0.2314922 0.4166334 0.2314917 0.4173086 0.2480911 0.4173086 0.2480911 0.4165017 0.2646346 0.416508 0.2646353 0.4173145 0.2480913 0.416508 0.2646353 0.4165102 0.2646355 0.4173166 0.2480914 0.4165102 0.2646355 0.4165102 0.2646355 0.4173166 0.2480914 0.4173166 0.2480914 0.4165211 0.2315103 0.4173144 0.2480913 0.4165157 0.231511 0.4165211 0.2315103 0.4165102 0.2646355 0.416508 0.2646353 0.4173144 0.2480913 0.4165211 0.2315104 0.4165157 0.231511 0.4141595 0.2150325 0.4166315 0.2314928 0.4165211 0.2315104 0.4141891 0.2150278 0.4165157 0.231511 0.4165064 0.2315119 0.4141281 0.2150375 0.417308 0.2480912 0.4165064 0.2315119 0.4165157 0.231511 0.4165064 0.2315119 0.4165268 0.2315109 0.4141348 0.2150364 0.4173504 0.2480921 0.4165268 0.2315109 0.4165064 0.2315119 0.416508 0.2646353 0.4165017 0.2646346 0.417308 0.2480912 0.4165017 0.2646346 0.4165269 0.2646374 0.4173504 0.2480921 0.4165269 0.2646374 0.4165389 0.2646389 0.4173745 0.2480926 0.4173745 0.2480926 0.4165389 0.2315101 0.4165268 0.2315109 0.4141585 0.2810069 0.4165389 0.2646389 0.4165269 0.2646374 0.4141348 0.2810019 0.4165269 0.2646374 0.4165017 0.2646346 0.4101401 0.2970296 0.4101462 0.2970309 0.4141585 0.2810069 0.4101241 0.2970255 0.4101401 0.2970296 0.4141348 0.2810019 0.4046633 0.3125946 0.4101462 0.2970309 0.4101401 0.2970296 0.404663 0.3125945 0.4101401 0.2970296 0.4101241 0.2970255 0.4046549 0.3125911 0.4101241 0.2970255 0.41013 0.2970272 0.41013 0.2970272 0.4101241 0.2970255 0.4140933 0.2809932 0.4046612 0.3125938 0.41013 0.2970272 0.4101321 0.2970279 0.4101321 0.2970279 0.41013 0.2970272 0.4140995 0.2809944 0.4140933 0.2809932 0.4165017 0.2646346 0.416508 0.2646353 0.416508 0.2646353 0.4165102 0.2646355 0.4141016 0.2809949 0.4141016 0.2809949 0.4141016 0.2809949 0.4165102 0.2646355 0.4141016 0.2809949 0.4101321 0.2970279 0.4101321 0.2970279 0.4140995 0.2809944 0.41013 0.2970272 0.4101321 0.2970279 0.4165102 0.2646355 0.416508 0.2646353 0.4140995 0.2809944 0.4101321 0.2970279 0.41013 0.2970272 0.4046612 0.3125938 0.4101321 0.2970279 0.4046634 0.3125947 0.4046633 0.3125947 0.41013 0.2970272 0.4101241 0.2970254 0.4046549 0.3125911 0.4140933 0.2809931 0.4101241 0.2970254 0.41013 0.2970272 0.4046549 0.3125911 0.3975918 0.3274874 0.3975971 0.3274902 0.4046612 0.3125938 0.3975971 0.3274902 0.3975989 0.3274912 0.3975989 0.3274912 0.3975971 0.3274902 0.3891915 0.3416596 0.3975971 0.3274902 0.3975918 0.3274874 0.3891862 0.3416561 0.3891862 0.3416561 0.3794447 0.3549492 0.3794455 0.3549492 0.3891915 0.3416596 0.3794455 0.3549492 0.3794444 0.3549478 0.3794444 0.3549478 0.3793781 0.3548811 0.3891934 0.3416607 0.3975989 0.3274912 0.3891934 0.3416607 0.3891934 0.3416607 0.3891915 0.3416594 0.3975971 0.3274902 0.3975989 0.3274912 0.3793781 0.3548811 0.3793745 0.3548778 0.3891915 0.3416594 0.3975989 0.3274912 0.3975971 0.3274902 0.4046612 0.3125938 0.3975989 0.3274912 0.3975989 0.3274912 0.4046633 0.3125947 0.3975971 0.3274902 0.3975918 0.3274874 0.4046549 0.3125911 0.3891859 0.3416556 0.3975918 0.3274874 0.3975971 0.3274902 0.3975918 0.3274874 0.3975986 0.3274911 0.404663 0.3125945 0.3891931 0.3416605 0.3975986 0.3274911 0.3975918 0.3274874 0.3793745 0.3548778 0.3793682 0.3548722 0.3891859 0.3416556 0.3793682 0.3548722 0.3793714 0.3548743 0.3891931 0.3416605 0.3793714 0.3548743 0.3793715 0.3548744 0.3891933 0.3416607 0.3891933 0.3416607 0.3975989 0.3274912 0.3975986 0.3274911 0.3683742 0.3671163 0.3793715 0.3548744 0.3793714 0.3548743 0.368374 0.3671161 0.3793714 0.3548743 0.3793682 0.3548722 0.3561602 0.3781284 0.3561645 0.3781349 0.368374 0.3671161 0.3561645 0.3781349 0.356168 0.3781401 0.3683742 0.3671163 0.3429883 0.3879697 0.356168 0.3781401 0.3561645 0.3781349 0.3429749 0.3879496 0.3561645 0.3781349 0.3561602 0.3781284 0.3429712 0.3879442 0.3561602 0.3781284 0.3561675 0.3781375 0.3561675 0.3781375 0.3561602 0.3781284 0.3683909 0.367133 0.3429889 0.3879708 0.3561675 0.3781375 0.3561728 0.378144 0.3561728 0.378144 0.3561675 0.3781375 0.3684123 0.3671546 0.3684123 0.3671546 0.3793745 0.3548778 0.3793781 0.3548811 0.3683909 0.367133 0.3793682 0.3548722 0.3793745 0.3548778 0.3563016 0.3783046 0.3561728 0.378144 0.3684321 0.3671745 0.3794444 0.3549478 0.3690156 0.3677614 0.3684321 0.3671745 0.3794444 0.3549478 0.3794455 0.3549492 0.3690303 0.3677763 0.3690303 0.3677763 0.3563054 0.3783094 0.3563016 0.3783046 0.3563016 0.3783046 0.3563054 0.3783094 0.3435187 0.3887666 0.3563016 0.3783046 0.3435057 0.3887472 0.3430056 0.3879958 0.3563054 0.3783094 0.3563088 0.3783136 0.3435255 0.3887767 0.3690374 0.3677835 0.3563088 0.3783136 0.3563054 0.3783094 0.3435255 0.3887767 0.3289515 0.3965103 0.328951 0.3965105 0.3435187 0.3887666 0.328951 0.3965105 0.3289495 0.3965086 0.3289495 0.3965087 0.328951 0.3965105 0.3140629 0.4035047 0.328951 0.3965105 0.3289515 0.3965103 0.3140606 0.4034993 0.3140606 0.4034993 0.2986018 0.4091136 0.2986025 0.409114 0.3140629 0.4035047 0.2986025 0.409114 0.2986024 0.4091122 0.2986024 0.4091122 0.298584 0.40902 0.3140636 0.4035066 0.3289495 0.3965087 0.3140636 0.4035066 0.3140636 0.4035066 0.3140627 0.4035045 0.3288841 0.3964101 0.3288869 0.3964148 0.298584 0.40902 0.2985829 0.4090152 0.3140627 0.4035045 0.3288869 0.3964148 0.3288841 0.3964101 0.3429889 0.3879708 0.3289495 0.3965086 0.3288869 0.3964148 0.3430056 0.3879957 0.3288841 0.3964101 0.3288795 0.3964021 0.3429712 0.3879442 0.3140601 0.4034982 0.3288795 0.3964021 0.3288841 0.3964101 0.3288795 0.3964021 0.3288853 0.3964123 0.3429749 0.3879496 0.3140635 0.4035063 0.3288853 0.3964123 0.3288795 0.3964021 0.2985829 0.4090152 0.2985807 0.409007 0.3140601 0.4034982 0.2985807 0.409007 0.2985821 0.4090106 0.3140635 0.4035063 0.2985821 0.4090106 0.2985822 0.4090108 0.3140636 0.4035066 0.3140636 0.4035066 0.3288888 0.3964175 0.3288853 0.3964123 0.2826594 0.413056 0.2985822 0.4090108 0.2985821 0.4090106 0.2826594 0.4130558 0.2985821 0.4090106 0.2985807 0.409007 0.2664043 0.4154012 0.2664042 0.4154123 0.2826594 0.4130558 0.2664042 0.4154123 0.2664043 0.4154185 0.2826594 0.413056 0.282664 0.4130792 0.2985807 0.409007 0.2985829 0.4090152 0.2664054 0.4154108 0.2664043 0.4154012 0.282664 0.4130792 0.2826699 0.413109 0.2985829 0.4090152 0.298584 0.40902 0.2664061 0.4154169 0.2664054 0.4154108 0.2826699 0.413109 0.2664244 0.4155467 0.2664061 0.4154169 0.2826754 0.4131365 0.2986024 0.4091122 0.2828364 0.4139478 0.2826754 0.4131364 0.2986024 0.4091122 0.2986025 0.409114 0.2828404 0.4139683 0.2828404 0.4139683 0.2664249 0.4155495 0.2664244 0.4155467 0.2986025 0.409114 0.2986018 0.4091136 0.2828423 0.4139778 0.2828423 0.4139778 0.2664254 0.4155502 0.2664249 0.4155495 0.3288853 0.3964123 0.3288888 0.3964175 0.3429883 0.3879697 0.3794455 0.3549492 0.3794447 0.3549492 0.3690374 0.3677835 0.3975986 0.3274911 0.3975989 0.3274912 0.4046633 0.3125946 0.416508 0.2646353 0.4165017 0.2646346 0.4140933 0.2809931 0.4165268 0.2315109 0.4165389 0.2315101 0.4141585 0.2150326 0.3976321 0.1675539 0.3976289 0.1675551 0.4047325 0.1829144 0.3796289 0.1387302 0.3796249 0.1387122 0.3706044 0.1270236 0.3492498 0.1120156 0.3492341 0.1120178 0.3571037 0.1145465 0.318797 0.1074311 0.3187975 0.1074311 0.2965468 0.1048099 0.2266207 0.1030858 0.2266215 0.10309 0.25 0.102429 0.1808519 0.1074771 0.1809589 0.107463 0.160761 0.1102918 0.1364678 0.119264 0.1364678 0.11928 0.142935 0.1146181 0.1203804 0.1386889 0.1203805 0.1386886 0.1108067 0.1526985 0.1108067 0.1526985 0.1024012 0.1675664 0.1024014 0.1675664 0.1024014 0.1675664 0.1024012 0.1675664 0.09533673 0.1829367 0.0834065 0.2315065 0.08341062 0.2315067 0.08573693 0.215016 0.08336877 0.2646569 0.08339208 0.2646519 0.08541017 0.2810981 0.1023288 0.3275437 0.102332 0.327543 0.09539318 0.3125708 0.1206501 0.3548565 0.1206408 0.3548642 0.1316483 0.3670936 0.1711259 0.39639 0.1711301 0.3963816 0.1570482 0.3879148 0.2013726 0.40916 0.2013864 0.4091144 0.2172611 0.413457 0.2664262 0.4156496 0.2664262 0.4156496 0.2828523 0.4140281 0.2664148 0.4155216 0.2664262 0.4156496 0.2828523 0.4140281 0.2828523 0.4140281 0.2986471 0.4092254 0.2986133 0.4091136 0.2986471 0.4092254 0.2828523 0.4140281 0.2828523 0.4140281 0.2827518 0.4135217 0.2986133 0.4091136 0.2986037 0.4090817 0.2664115 0.4154852 0.2664148 0.4155216 0.2827518 0.4135217 0.2986037 0.4090817 0.2986133 0.4091136 0.3142448 0.4039453 0.2986133 0.4091136 0.2986471 0.4092254 0.3144419 0.4044226 0.3142448 0.4039453 0.3289372 0.3965092 0.3289197 0.3964771 0.3144419 0.4044226 0.3289986 0.3966221 0.3289372 0.3965092 0.2986471 0.4092254 0.2986471 0.4092254 0.3144419 0.4044226 0.3289986 0.3966221 0.3144419 0.4044226 0.3144419 0.4044226 0.3289986 0.3966221 0.3144419 0.4044226 0.3144419 0.4044226 0.2986471 0.4092254 0.2986471 0.4092254 0.3144419 0.4044226 0.3289986 0.3966221 0.3289986 0.3966221 0.3435552 0.3888215 0.3289986 0.3966221 0.3289986 0.3966221 0.3435552 0.3888215 0.3289986 0.3966221 0.3289986 0.3966221 0.3435552 0.3888215 0.3289986 0.3966221 0.3144419 0.4044226 0.3144419 0.4044226 0.3289986 0.3966221 0.3289986 0.3966221 0.3435643 0.3888351 0.3289986 0.3966221 0.3144419 0.4044226 0.3144482 0.4044377 0.2986471 0.4092254 0.2986471 0.4092254 0.3144419 0.4044226 0.2986471 0.4092254 0.2986471 0.4092254 0.3144482 0.4044377 0.2986471 0.4092254 0.2986471 0.4092254 0.3144419 0.4044226 0.3289986 0.3966221 0.3144482 0.4044377 0.3144419 0.4044226 0.2986471 0.4092254 0.2986471 0.4092254 0.3144419 0.4044226 0.3144419 0.4044226 0.3144419 0.4044226 0.3289986 0.3966221 0.3289986 0.3966221 0.3144419 0.4044226 0.3144344 0.4044042 0.2986471 0.4092254 0.2986471 0.4092254 0.3144344 0.4044042 0.3289986 0.3966221 0.3289986 0.3966221 0.3435441 0.3888048 0.3289986 0.3966221 0.3289986 0.3966221 0.3435552 0.3888214 0.3289986 0.3966221 0.3289986 0.3966221 0.3435121 0.3887566 0.3289986 0.3966221 0.3144344 0.4044042 0.3144122 0.4043506 0.3289986 0.3966221 0.3139848 0.3688254 0.3257318 0.3624504 0.3289986 0.3966221 0.3144122 0.4043506 0.3021628 0.37506 0.2986471 0.4092254 0.2986471 0.4092254 0.3144122 0.4043506 0.2986471 0.4092254 0.2894003 0.3790184 0.3021628 0.37506 0.2894003 0.3790184 0.283147 0.3585903 0.2938588 0.3552029 0.3139848 0.3688254 0.3021628 0.37506 0.2938588 0.3552029 0.283147 0.3585903 0.2762151 0.3359456 0.2846537 0.3331912 0.3038314 0.3500273 0.2938588 0.3552029 0.2846537 0.3331912 0.3139848 0.3688254 0.3038314 0.3500273 0.3136783 0.3446165 0.3038314 0.3500273 0.2925763 0.3291895 0.3003169 0.3248475 0.2820503 0.2978208 0.3003169 0.3248475 0.2925763 0.3291895 0.2720692 0.3030984 0.2771891 0.3007015 0.2925763 0.3291895 0.2667383 0.3049873 0.2612483 0.3063503 0.2556511 0.3071731 0.2556511 0.3071731 0.25 0.3074485 0.244349 0.3071731 0.244349 0.3071731 0.2387515 0.3063503 0.2332616 0.3049874 0.2332616 0.3049874 0.2279311 0.3030985 0.2228111 0.3007015 0.2228111 0.3007015 0.2179497 0.2978206 0.2133936 0.2944836 0.2133936 0.2944836 0.2091853 0.2907238 0.2053652 0.286578 0.2053652 0.286578 0.2019684 0.2820879 0.1990271 0.2772976 0.1990271 0.2772976 0.1965678 0.2722557 0.1946137 0.2670125 0.1946137 0.2670125 0.1931814 0.2616214 0.192284 0.2561372 0.192284 0.2561372 0.191928 0.2506166 0.1921165 0.2451168 0.1921165 0.2451168 0.1928462 0.2396954 0.1941111 0.2344092 0.1941111 0.2344092 0.1958996 0.2293134 0.1981984 0.2244612 0.1981984 0.2244612 0.2009902 0.219901 0.2042567 0.2156773 0.2042567 0.2156773 0.2079765 0.211827 0.2121263 0.2083819 0.2121263 0.2083819 0.2166779 0.2053652 0.2215989 0.2027946 0.2215989 0.2027946 0.2268478 0.2006814 0.2323756 0.1990332 0.2323756 0.1990332 0.2381231 0.1978535 0.2559774 0.1971454 0.2381231 0.1978535 0.2440225 0.1971454 0.2559774 0.1971454 0.2440225 0.1971454 0.2500001 0.1969091 0.2559774 0.1971454 0.2559774 0.1971454 0.2618771 0.1978536 0.2676246 0.1990333 0.2676246 0.1990333 0.2731524 0.2006813 0.2784011 0.2027946 0.2784011 0.2027946 0.283322 0.2053651 0.2878736 0.2083818 0.2878736 0.2083818 0.2920236 0.211827 0.2957433 0.2156772 0.2957433 0.2156772 0.2990098 0.2199009 0.3018016 0.2244611 0.3018016 0.2244611 0.3041004 0.2293135 0.305889 0.2344092 0.305889 0.2344092 0.3071538 0.2396954 0.3078836 0.2451169 0.3078836 0.2451169 0.3080721 0.2506164 0.307716 0.256137 0.307716 0.256137 0.3068186 0.2616214 0.3053862 0.2670125 0.3053862 0.2670125 0.3034321 0.2722558 0.3009728 0.2772976 0.3009728 0.2772976 0.2980318 0.2820879 0.2946348 0.2865781 0.2946348 0.2865781 0.2908146 0.2907238 0.2866064 0.2944836 0.2866064 0.2944836 0.2820503 0.2978208 0.2771891 0.3007015 0.2771891 0.3007015 0.2720692 0.3030984 0.2667383 0.3049873 0.2667383 0.3049873 0.2556511 0.3071731 0.244349 0.3071731 0.244349 0.3071731 0.2332616 0.3049874 0.2667383 0.3049873 0.2332616 0.3049874 0.2228111 0.3007015 0.2667383 0.3049873 0.2228111 0.3007015 0.2133936 0.2944836 0.2053652 0.286578 0.2053652 0.286578 0.1990271 0.2772976 0.1946137 0.2670125 0.1946137 0.2670125 0.192284 0.2561372 0.1921165 0.2451168 0.1921165 0.2451168 0.1941111 0.2344092 0.1946137 0.2670125 0.1941111 0.2344092 0.1981984 0.2244612 0.1946137 0.2670125 0.1981984 0.2244612 0.2042567 0.2156773 0.2121263 0.2083819 0.2121263 0.2083819 0.2215989 0.2027946 0.2323756 0.1990332 0.2559774 0.1971454 0.2676246 0.1990333 0.2784011 0.2027946 0.2784011 0.2027946 0.2878736 0.2083818 0.2957433 0.2156772 0.2957433 0.2156772 0.3018016 0.2244611 0.2784011 0.2027946 0.3018016 0.2244611 0.305889 0.2344092 0.2784011 0.2027946 0.305889 0.2344092 0.3078836 0.2451169 0.307716 0.256137 0.307716 0.256137 0.3053862 0.2670125 0.3009728 0.2772976 0.3009728 0.2772976 0.2946348 0.2865781 0.2667383 0.3049873 0.2946348 0.2865781 0.2866064 0.2944836 0.2667383 0.3049873 0.2866064 0.2944836 0.2771891 0.3007015 0.2667383 0.3049873 0.2228111 0.3007015 0.2053652 0.286578 0.2667383 0.3049873 0.2053652 0.286578 0.1946137 0.2670125 0.2667383 0.3049873 0.1981984 0.2244612 0.2121263 0.2083819 0.1946137 0.2670125 0.2121263 0.2083819 0.2323756 0.1990332 0.1946137 0.2670125 0.2323756 0.1990332 0.2559774 0.1971454 0.305889 0.2344092 0.2559774 0.1971454 0.2784011 0.2027946 0.305889 0.2344092 0.305889 0.2344092 0.307716 0.256137 0.2667383 0.3049873 0.307716 0.256137 0.3009728 0.2772976 0.2667383 0.3049873 0.2667383 0.3049873 0.1946137 0.2670125 0.2323756 0.1990332 0.2720692 0.3030984 0.2846537 0.3331912 0.2762151 0.3359456 0.2612483 0.3063503 0.2667383 0.3049873 0.2762151 0.3359455 0.283147 0.3585903 0.2723578 0.3617221 0.2676646 0.3383301 0.261192 0.3629556 0.2588512 0.3393901 0.2676646 0.3383301 0.2612483 0.3063503 0.2676646 0.3383301 0.2588512 0.3393901 0.261192 0.3629556 0.25 0.3639231 0.25 0.3400653 0.25 0.3074485 0.2556511 0.3071731 0.2588512 0.3393901 0.25 0.3074485 0.25 0.3400653 0.2411488 0.3393901 0.2387515 0.3063503 0.244349 0.3071731 0.2411488 0.33939 0.238808 0.3629555 0.2276421 0.361722 0.2323353 0.3383301 0.238808 0.3629555 0.2411488 0.3393901 0.25 0.3400653 0.216853 0.3585903 0.2237848 0.3359456 0.2323353 0.3383301 0.2387515 0.3063503 0.2323353 0.3383301 0.2237848 0.3359456 0.216853 0.3585903 0.2061413 0.355203 0.2153465 0.3331913 0.2279311 0.3030985 0.2332616 0.3049874 0.2237848 0.3359456 0.2279311 0.3030985 0.2153465 0.3331913 0.2074238 0.3291895 0.2179497 0.2978206 0.2228111 0.3007015 0.2074238 0.3291895 0.1961686 0.3500273 0.1863216 0.3446166 0.199683 0.3248475 0.1961686 0.3500273 0.2074238 0.3291895 0.2153465 0.3331913 0.1775473 0.3375955 0.1926907 0.3193827 0.199683 0.3248475 0.2179497 0.2978206 0.199683 0.3248475 0.1926907 0.3193827 0.1775473 0.3375955 0.1689419 0.3303691 0.1859428 0.3136208 0.2091853 0.2907238 0.2133936 0.2944836 0.1926907 0.3193827 0.2091853 0.2907238 0.1859428 0.3136208 0.1801475 0.3069041 0.2019684 0.2820879 0.2053652 0.286578 0.1801475 0.3069041 0.1617017 0.321772 0.154667 0.3130075 0.1746497 0.2999454 0.1617017 0.321772 0.1801475 0.3069041 0.1859428 0.3136208 0.1492372 0.303164 0.1702711 0.2922366 0.1746497 0.2999454 0.2019684 0.2820879 0.1746497 0.2999454 0.1702711 0.2922366 0.1492372 0.303164 0.1440414 0.2931981 0.1662314 0.2843509 0.1965678 0.2722557 0.1990271 0.2772976 0.1702711 0.2922366 0.1965678 0.2722557 0.1662314 0.2843509 0.1634346 0.2759483 0.1931814 0.2616214 0.1946137 0.2670125 0.1634346 0.2759482 0.1406283 0.2824845 0.1374686 0.271699 0.1610046 0.2674416 0.1406283 0.2824845 0.1634346 0.2759483 0.1662314 0.2843509 0.1362008 0.2605232 0.1598933 0.2586703 0.1610047 0.2674416 0.1931814 0.2616214 0.1610047 0.2674416 0.1598933 0.2586703 0.1362008 0.2605232 0.1351959 0.2493297 0.1591626 0.2498733 0.191928 0.2506166 0.192284 0.2561372 0.1598933 0.2586703 0.191928 0.2506166 0.1591625 0.2498733 0.1597756 0.2410708 0.1928462 0.2396954 0.1921165 0.2451168 0.1597756 0.2410708 0.1361194 0.2381114 0.1373059 0.2269312 0.1607691 0.2323235 0.1361194 0.2381114 0.1597756 0.2410708 0.1591625 0.2498733 0.1403841 0.2160757 0.1630812 0.2238208 0.1607691 0.2323235 0.1928462 0.2396954 0.1607691 0.2323235 0.1630812 0.2238208 0.1403841 0.2160757 0.1437168 0.2053127 0.1657616 0.2154519 0.1958996 0.2293134 0.1941111 0.2344092 0.1630812 0.2238208 0.1958996 0.2293134 0.1657616 0.2154519 0.1696885 0.2075417 0.2009902 0.219901 0.1981984 0.2244612 0.1696885 0.2075417 0.1488346 0.1951658 0.1541919 0.1851608 0.1739619 0.1998369 0.1488346 0.1951658 0.1696885 0.2075417 0.1657616 0.2154519 0.1611632 0.1759158 0.1793682 0.1927132 0.1739619 0.1998369 0.2009902 0.219901 0.1739619 0.1998369 0.1793682 0.1927132 0.1611632 0.1759158 0.1683548 0.1668523 0.1850931 0.185852 0.2079765 0.211827 0.2042567 0.2156773 0.1793682 0.1927132 0.2079765 0.211827 0.1850931 0.185852 0.1896785 0.1817765 0.2166779 0.2053652 0.2121263 0.2083819 0.1896785 0.1817765 0.1732589 0.1623156 0.1783583 0.1579871 0.1945465 0.1780021 0.1732589 0.1623156 0.1896785 0.1817765 0.1850931 0.185852 0.1848616 0.1560701 0.2003813 0.175809 0.1945465 0.1780021 0.2166779 0.2053652 0.1945465 0.1780021 0.2003813 0.175809 0.1848616 0.1560701 0.191524 0.1543754 0.2064466 0.1739375 0.2268478 0.2006814 0.2215989 0.2027946 0.2003813 0.175809 0.2268478 0.2006814 0.2064466 0.1739375 0.2170184 0.1718279 0.2381231 0.1978535 0.2323756 0.1990332 0.2170184 0.1718279 0.2057853 0.1519282 0.2201532 0.1497085 0.2277446 0.1700475 0.2057853 0.1519282 0.2170184 0.1718279 0.2064466 0.1739375 0.2350577 0.1486954 0.2388449 0.1691632 0.2277446 0.1700475 0.2381231 0.1978535 0.2277446 0.1700475 0.2388449 0.1691632 0.2350577 0.1486954 0.25 0.1479116 0.25 0.1686107 0.2500001 0.1969091 0.2440225 0.1971454 0.2388449 0.1691632 0.2500001 0.1969091 0.25 0.1686107 0.2611551 0.1691632 0.2618771 0.1978536 0.2559774 0.1971454 0.2611551 0.1691632 0.2649424 0.1486954 0.2798469 0.1497085 0.2722555 0.1700475 0.2649424 0.1486954 0.2611551 0.1691632 0.25 0.1686107 0.2942149 0.1519282 0.2829818 0.1718279 0.2722555 0.1700475 0.2618771 0.1978536 0.2722555 0.1700475 0.2829818 0.1718279 0.2942149 0.1519282 0.3084761 0.1543754 0.2935535 0.1739374 0.2731524 0.2006813 0.2676246 0.1990333 0.2829817 0.1718279 0.2731524 0.2006813 0.2935535 0.1739374 0.2996187 0.175809 0.283322 0.2053651 0.2784011 0.2027946 0.2996187 0.175809 0.3151385 0.1560702 0.3216416 0.157987 0.3054534 0.178002 0.3151385 0.1560702 0.2996187 0.175809 0.2935535 0.1739374 0.326741 0.1623156 0.3103214 0.1817764 0.3054534 0.178002 0.283322 0.2053651 0.3054534 0.178002 0.3103214 0.1817764 0.326741 0.1623156 0.3316453 0.1668523 0.314907 0.185852 0.2920236 0.211827 0.2878736 0.2083818 0.3103214 0.1817764 0.2920236 0.211827 0.314907 0.185852 0.3206319 0.1927131 0.2990098 0.2199009 0.2957433 0.2156772 0.3206318 0.1927131 0.3388368 0.1759158 0.3458081 0.1851607 0.326038 0.1998368 0.3388368 0.1759158 0.3206319 0.1927131 0.314907 0.185852 0.3511654 0.1951658 0.3303115 0.2075417 0.326038 0.1998368 0.2990098 0.2199009 0.326038 0.1998368 0.3303115 0.2075417 0.3511654 0.1951658 0.3562832 0.2053128 0.3342384 0.215452 0.3041004 0.2293135 0.3018016 0.2244611 0.3303115 0.2075417 0.3041004 0.2293135 0.3342384 0.215452 0.3369188 0.2238208 0.3071538 0.2396954 0.305889 0.2344092 0.3369188 0.2238208 0.3596159 0.2160757 0.3626942 0.2269312 0.339231 0.2323235 0.3596159 0.2160757 0.3369188 0.2238208 0.3342384 0.215452 0.3638806 0.2381114 0.3402245 0.2410709 0.339231 0.2323235 0.3071538 0.2396954 0.339231 0.2323235 0.3402245 0.2410709 0.3638806 0.2381114 0.3648042 0.2493296 0.3408375 0.2498732 0.3080721 0.2506164 0.3078836 0.2451169 0.3402246 0.2410709 0.3080721 0.2506164 0.3408375 0.2498732 0.3401067 0.2586702 0.3068186 0.2616214 0.307716 0.256137 0.3401067 0.2586702 0.3637992 0.2605231 0.3625313 0.271699 0.3389953 0.2674416 0.3637992 0.2605231 0.3401067 0.2586702 0.3408375 0.2498732 0.3593717 0.2824845 0.3365653 0.2759483 0.3389953 0.2674416 0.3068186 0.2616214 0.3389953 0.2674416 0.3365653 0.2759483 0.3593717 0.2824845 0.3559585 0.2931981 0.3337686 0.284351 0.3034321 0.2722558 0.3053862 0.2670125 0.3365654 0.2759483 0.3034321 0.2722558 0.3337686 0.284351 0.3297289 0.2922366 0.2980318 0.2820879 0.3009728 0.2772976 0.3297289 0.2922366 0.3507629 0.3031639 0.345333 0.3130076 0.3253505 0.2999455 0.3507629 0.3031639 0.3297289 0.2922366 0.3337686 0.284351 0.3382983 0.321772 0.3198525 0.3069042 0.3253505 0.2999455 0.2980318 0.2820879 0.3253505 0.2999455 0.3198525 0.3069042 0.3382983 0.321772 0.3310581 0.3303691 0.3140571 0.3136208 0.2908146 0.2907238 0.2946348 0.2865781 0.3198525 0.3069042 0.2908146 0.2907238 0.3140571 0.3136208 0.3073093 0.3193827 0.2820503 0.2978208 0.2866064 0.2944836 0.3073093 0.3193827 0.3224527 0.3375955 0.3136783 0.3446165 0.3003169 0.3248475 0.3224527 0.3375955 0.3073093 0.3193827 0.3140571 0.3136208 0.3361138 0.3540255 0.3257318 0.3624504 0.3136783 0.3446165 0.3361138 0.3540255 0.3224527 0.3375955 0.3310581 0.3303691 0.3549385 0.3351845 0.3463948 0.345478 0.3310581 0.3303691 0.3795444 0.3550174 0.3690184 0.3677642 0.3463948 0.345478 0.3563144 0.3783205 0.3361138 0.3540255 0.3463948 0.345478 0.3795444 0.3550174 0.3549385 0.3351845 0.3633595 0.3247911 0.3549385 0.3351845 0.3382983 0.321772 0.345333 0.3130076 0.3977962 0.3275981 0.3899508 0.3421718 0.3633595 0.3247911 0.3697378 0.3130216 0.3633595 0.3247911 0.345333 0.3130076 0.3977962 0.3275981 0.3697378 0.3130216 0.3759764 0.3011792 0.3697378 0.3130216 0.3507629 0.3031639 0.3559585 0.2931981 0.4103682 0.2970997 0.405505 0.3129504 0.3759764 0.3011792 0.3799455 0.2883808 0.3759764 0.3011792 0.3559585 0.2931981 0.4103682 0.2970997 0.3799455 0.2883808 0.3837634 0.2755395 0.3799455 0.2883808 0.3593717 0.2824845 0.3625313 0.271699 0.4167773 0.2646663 0.4150832 0.2812025 0.3837634 0.2755395 0.3851726 0.2621946 0.3837634 0.2755395 0.3625313 0.271699 0.4167773 0.2646663 0.3851726 0.2621946 0.3864247 0.2488391 0.3851726 0.2621946 0.3637992 0.2605231 0.3648042 0.2493296 0.4167773 0.2314939 0.4183174 0.2481123 0.3864247 0.2488391 0.3852211 0.2354417 0.3864247 0.2488391 0.3648042 0.2493296 0.4167773 0.2314939 0.3852211 0.2354417 0.3838606 0.2220668 0.3852211 0.2354417 0.3638806 0.2381114 0.3626942 0.2269312 0.4103682 0.1987574 0.4150832 0.2148858 0.3838606 0.2220668 0.3800912 0.2090889 0.3838606 0.2220668 0.3626942 0.2269312 0.4103682 0.1987574 0.3800912 0.2090889 0.37617 0.1961662 0.3800912 0.2090889 0.3596159 0.2160757 0.3562832 0.2053128 0.3977962 0.1674925 0.405505 0.1826642 0.37617 0.1961662 0.369978 0.1840014 0.37617 0.1961662 0.3562832 0.2053128 0.3977962 0.1674925 0.369978 0.1840014 0.3636429 0.1719212 0.369978 0.1840014 0.3511654 0.1951658 0.3458081 0.1851607 0.3795444 0.1383558 0.3899508 0.1523718 0.3636429 0.1719212 0.3552598 0.1607627 0.3636429 0.1719212 0.3458081 0.1851607 0.3795444 0.1383558 0.3552598 0.1607627 0.3467452 0.1497124 0.3552598 0.1607627 0.3388368 0.1759158 0.3316453 0.1668523 0.3634565 0.1187999 0.3691898 0.1245698 0.3467452 0.1497124 0.3415535 0.1447597 0.3467452 0.1497124 0.3316453 0.1668523 0.3634565 0.1187999 0.3415535 0.1447597 0.3362452 0.1399312 0.3415535 0.1447597 0.326741 0.1623156 0.3216416 0.157987 0.3498419 0.1119327 0.3577824 0.1133345 0.3362452 0.1399312 0.3291392 0.1382635 0.3362452 0.1399312 0.3216416 0.157987 0.3498419 0.1119327 0.3291392 0.1382635 0.321938 0.1367282 0.3291392 0.1382635 0.3151385 0.1560702 0.3084761 0.1543754 0.319333 0.1074312 0.3414957 0.1105876 0.321938 0.1367282 0.3043484 0.1339764 0.321938 0.1367282 0.3084761 0.1543754 0.319333 0.1074312 0.3043484 0.1339764 0.2866951 0.1313604 0.3043484 0.1339764 0.2942149 0.1519282 0.2798469 0.1497085 0.2734109 0.1029279 0.2968001 0.1042746 0.2866951 0.1313604 0.2683588 0.1302311 0.2866951 0.1313604 0.2798469 0.1497085 0.2734109 0.1029279 0.2683588 0.1302311 0.25 0.1292386 0.2683588 0.1302311 0.2649424 0.1486954 0.25 0.1479116 0.2265892 0.102928 0.25 0.1016893 0.25 0.1292386 0.2316411 0.1302312 0.25 0.1292386 0.25 0.1479116 0.2265892 0.102928 0.2316411 0.1302312 0.2133049 0.1313604 0.2316411 0.1302312 0.2350577 0.1486954 0.2201532 0.1497085 0.1806672 0.1074312 0.2031999 0.1042747 0.2133049 0.1313604 0.1956517 0.1339764 0.2133049 0.1313604 0.2201532 0.1497085 0.1806672 0.1074312 0.1956517 0.1339764 0.1780621 0.1367282 0.1956517 0.1339764 0.2057853 0.1519282 0.191524 0.1543754 0.1501582 0.1119327 0.1585043 0.1105876 0.1780621 0.1367282 0.170861 0.1382635 0.1780621 0.1367282 0.191524 0.1543754 0.1501582 0.1119327 0.170861 0.1382635 0.1637547 0.1399313 0.170861 0.1382635 0.1848616 0.1560701 0.1783583 0.1579871 0.1365436 0.1187999 0.1422175 0.1133345 0.1637547 0.1399313 0.1584466 0.1447598 0.1637547 0.1399313 0.1783583 0.1579871 0.1365436 0.1187999 0.1584466 0.1447598 0.1532549 0.1497124 0.1584466 0.1447598 0.1732589 0.1623156 0.1683548 0.1668523 0.1204557 0.1383558 0.1308102 0.1245698 0.1532549 0.1497124 0.1447403 0.1607627 0.1532549 0.1497124 0.1683548 0.1668523 0.1204557 0.1383558 0.1447403 0.1607627 0.136357 0.1719212 0.1447403 0.1607627 0.1611632 0.1759158 0.1541919 0.1851608 0.1022039 0.1674925 0.1100492 0.1523718 0.136357 0.1719212 0.1300221 0.1840013 0.136357 0.1719212 0.1541919 0.1851608 0.1022039 0.1674925 0.1300221 0.1840013 0.1238299 0.1961661 0.1300221 0.1840013 0.1488346 0.1951658 0.1437168 0.2053127 0.08963185 0.1987574 0.09449493 0.1826642 0.1238299 0.1961661 0.1199088 0.2090889 0.1238299 0.1961661 0.1437168 0.2053127 0.08963185 0.1987574 0.1199088 0.2090889 0.1161394 0.2220668 0.1199088 0.2090889 0.1403841 0.2160757 0.1373059 0.2269312 0.08322274 0.2314939 0.08491671 0.2148858 0.1161394 0.2220668 0.1147789 0.2354416 0.1161394 0.2220668 0.1373059 0.2269312 0.08322274 0.2314939 0.1147789 0.2354416 0.1135753 0.2488392 0.1147789 0.2354416 0.1361194 0.2381114 0.1351959 0.2493297 0.08322274 0.2646663 0.08168256 0.2481124 0.1135753 0.2488392 0.1148275 0.2621946 0.1135753 0.2488392 0.1351959 0.2493297 0.08322274 0.2646663 0.1148275 0.2621946 0.1162365 0.2755395 0.1148275 0.2621946 0.1362008 0.2605232 0.1374686 0.271699 0.08963191 0.2970998 0.08491671 0.2812024 0.1162365 0.2755395 0.1200545 0.2883808 0.1162365 0.2755395 0.1374686 0.271699 0.08963191 0.2970998 0.1200545 0.2883808 0.1240236 0.3011792 0.1200545 0.2883808 0.1406283 0.2824845 0.1440414 0.2931981 0.1022039 0.3275981 0.09449499 0.3129506 0.1240236 0.3011792 0.1302622 0.3130216 0.1240236 0.3011792 0.1440414 0.2931981 0.1022039 0.3275981 0.1302622 0.3130216 0.1366404 0.324791 0.1302622 0.3130216 0.1492372 0.303164 0.154667 0.3130075 0.1204556 0.3550174 0.1100491 0.3421717 0.1366404 0.324791 0.1450615 0.3351844 0.1366404 0.324791 0.154667 0.3130075 0.1204556 0.3550174 0.1450615 0.3351844 0.1536051 0.3454779 0.1450615 0.3351844 0.1617017 0.321772 0.1689419 0.3303691 0.1436856 0.3783205 0.1309816 0.3677641 0.1536051 0.3454779 0.1638863 0.3540255 0.1536051 0.3454779 0.1689419 0.3303691 0.1436856 0.3783205 0.1638863 0.3540255 0.1742681 0.3624505 0.1638863 0.3540255 0.1775473 0.3375955 0.1863216 0.3446166 0.1710013 0.3966221 0.1564878 0.3887568 0.1742681 0.3624505 0.1860152 0.3688254 0.1742681 0.3624505 0.1863216 0.3446166 0.1710013 0.3966221 0.1860152 0.3688254 0.1978372 0.37506 0.1860152 0.3688254 0.1961686 0.3500273 0.2061413 0.355203 0.2013528 0.4092254 0.1855877 0.4043506 0.1978372 0.37506 0.2105997 0.3790183 0.1978372 0.37506 0.2061413 0.355203 0.2013528 0.4092254 0.2105997 0.3790183 0.2234082 0.3828242 0.2105997 0.3790183 0.216853 0.3585903 0.2276421 0.361722 0.2335739 0.4156495 0.2171629 0.4139516 0.2234082 0.3828242 0.2366964 0.3842142 0.2234082 0.3828242 0.2276421 0.361722 0.2335739 0.4156495 0.2366964 0.3842142 0.25 0.3854457 0.2366964 0.3842142 0.238808 0.3629555 0.25 0.3639231 0.2664262 0.4156496 0.2500001 0.4171931 0.25 0.3854457 0.2633037 0.3842143 0.25 0.3854457 0.25 0.3639231 0.2664262 0.4156496 0.2633037 0.3842143 0.2765917 0.3828243 0.2633037 0.3842143 0.261192 0.3629556 0.2723578 0.3617221 0.2986471 0.4092254 0.2828372 0.4139517 0.2765917 0.3828243 0.2894003 0.3790184 0.2765917 0.3828243 0.2723578 0.3617221 0.2986471 0.4092254 0.2828484 0.4140085 0.2828372 0.4139517 0.2664262 0.4156496 0.2664262 0.4156496 0.2828372 0.4139517 0.2986471 0.4092254 0.2828523 0.4140281 0.2828484 0.4140085 0.2664262 0.4156496 0.2664262 0.4156496 0.2828484 0.4140085 0.2664262 0.4156496 0.25 0.417271 0.25 0.417251 0.2664262 0.4156496 0.25 0.417251 0.2500001 0.4171931 0.2335739 0.4156495 0.2335739 0.4156495 0.25 0.417251 0.2335739 0.4156495 0.2335739 0.4156495 0.2500001 0.4171931 0.2335739 0.4156495 0.2171477 0.414028 0.2171516 0.4140084 0.2335739 0.4156495 0.2171516 0.4140084 0.2171629 0.4139516 0.2013528 0.4092254 0.2013528 0.4092254 0.2171516 0.4140084 0.2013528 0.4092254 0.2013528 0.4092254 0.2171629 0.4139516 0.2013528 0.4092254 0.185558 0.4044226 0.1855656 0.4044041 0.2013528 0.4092254 0.1855656 0.4044041 0.1855877 0.4043506 0.1710013 0.3966221 0.1710013 0.3966221 0.1855656 0.4044041 0.1710013 0.3966221 0.1710013 0.3966221 0.1855877 0.4043506 0.1710013 0.3966221 0.1564447 0.3888216 0.1564557 0.388805 0.1710013 0.3966221 0.1564557 0.388805 0.1564878 0.3887568 0.1436856 0.3783205 0.1436856 0.3783205 0.1564557 0.388805 0.1436856 0.3783205 0.1436856 0.3783205 0.1564878 0.3887568 0.1436856 0.3783205 0.1309266 0.3678194 0.1309407 0.3678052 0.1436856 0.3783205 0.1309407 0.3678052 0.1309816 0.3677641 0.1204556 0.3550174 0.1204556 0.3550174 0.1309407 0.3678052 0.1204556 0.3550174 0.1204556 0.3550174 0.1309816 0.3677641 0.1204556 0.3550174 0.1099846 0.3422152 0.1100011 0.342204 0.1204556 0.3550174 0.1100011 0.342204 0.1100491 0.3421717 0.1022039 0.3275981 0.1022039 0.3275981 0.1100011 0.342204 0.1022039 0.3275981 0.1022039 0.3275981 0.1100491 0.3421717 0.1022039 0.3275981 0.09442329 0.312981 0.09444165 0.3129732 0.1022039 0.3275981 0.09444165 0.3129732 0.09449499 0.3129506 0.08963191 0.2970998 0.08963191 0.2970998 0.09444165 0.3129732 0.08963191 0.2970998 0.08963191 0.2970998 0.09449499 0.3129506 0.08963191 0.2970998 0.08484053 0.2812185 0.08486008 0.2812144 0.08963191 0.2970998 0.08486008 0.2812144 0.08491671 0.2812024 0.08322274 0.2646663 0.08322274 0.2646663 0.08486008 0.2812144 0.08322274 0.2646663 0.08322274 0.2646663 0.08491671 0.2812024 0.08322274 0.2646663 0.08160489 0.248114 0.0816248 0.2481136 0.08322274 0.2646663 0.0816248 0.2481136 0.08168256 0.2481124 0.08322274 0.2314939 0.08322274 0.2314939 0.0816248 0.2481136 0.08322274 0.2314939 0.08322274 0.2314939 0.08168256 0.2481124 0.08322274 0.2314939 0.08484053 0.2148737 0.08486008 0.2148768 0.08322274 0.2314939 0.08486008 0.2148768 0.08491671 0.2148858 0.08963185 0.1987574 0.08963185 0.1987574 0.08486008 0.2148768 0.08963185 0.1987574 0.08963185 0.1987574 0.08491671 0.2148858 0.08963185 0.1987574 0.09442323 0.1826409 0.09444159 0.1826469 0.08963185 0.1987574 0.09444159 0.1826469 0.09449493 0.1826642 0.1022039 0.1674925 0.1022039 0.1674925 0.09444159 0.1826469 0.1022039 0.1674925 0.1022039 0.1674925 0.09449493 0.1826642 0.1022039 0.1674925 0.1099846 0.1523439 0.1100012 0.152351 0.1022039 0.1674925 0.1100012 0.152351 0.1100492 0.1523718 0.1204557 0.1383558 0.1204556 0.1383558 0.1100012 0.152351 0.1204556 0.1383558 0.1204557 0.1383558 0.1100492 0.1523718 0.1204556 0.1383558 0.1309267 0.1243677 0.1308968 0.1244195 0.1204556 0.1383558 0.1308968 0.1244195 0.1308102 0.1245698 0.1365436 0.1187999 0.1365435 0.1187999 0.1308968 0.1244195 0.1365435 0.1187999 0.1365436 0.1187999 0.1308102 0.1245698 0.1365436 0.1187999 0.1421604 0.1132321 0.142175 0.1132584 0.1365435 0.1187999 0.142175 0.1132584 0.1422175 0.1133345 0.1501582 0.1119327 0.1501582 0.1119327 0.142175 0.1132584 0.1501582 0.1119327 0.1501582 0.1119327 0.1422175 0.1133345 0.1501582 0.1119327 0.158156 0.1106333 0.1582453 0.1106216 0.1501582 0.1119327 0.1582453 0.1106216 0.1585043 0.1105876 0.1806672 0.1074312 0.1806672 0.1074312 0.1582453 0.1106216 0.1806672 0.1074312 0.1806672 0.1074312 0.1585043 0.1105876 0.1806672 0.1074312 0.2031784 0.104229 0.2031838 0.1042407 0.1806672 0.1074312 0.2031838 0.1042407 0.2031999 0.1042747 0.2265892 0.102928 0.2265892 0.102928 0.2031838 0.1042407 0.2265892 0.102928 0.2265892 0.102928 0.2031999 0.1042747 0.2265892 0.102928 0.25 0.1016269 0.25 0.1016429 0.2265892 0.102928 0.25 0.1016429 0.25 0.1016893 0.2734109 0.1029279 0.2734109 0.1029279 0.25 0.1016429 0.2734109 0.1029279 0.2734109 0.1029279 0.25 0.1016893 0.2734109 0.1029279 0.2968217 0.104229 0.2968162 0.1042407 0.2734109 0.1029279 0.2968162 0.1042407 0.2968001 0.1042746 0.3193329 0.1074312 0.3193329 0.1074312 0.2968162 0.1042407 0.3193329 0.1074312 0.319333 0.1074312 0.2968001 0.1042746 0.3193329 0.1074312 0.3418441 0.1106333 0.3417548 0.1106216 0.3193329 0.1074312 0.3417548 0.1106216 0.3414957 0.1105876 0.3498419 0.1119327 0.3498419 0.1119327 0.3417548 0.1106216 0.3498419 0.1119327 0.3498419 0.1119327 0.3414957 0.1105876 0.3498419 0.1119327 0.3578396 0.1132321 0.3578249 0.1132584 0.3498419 0.1119327 0.3578249 0.1132584 0.3577824 0.1133345 0.3634565 0.1187999 0.3634565 0.1187999 0.3578249 0.1132584 0.3634565 0.1187999 0.3634565 0.1187999 0.3577824 0.1133345 0.3634565 0.1187999 0.3690733 0.1243677 0.3691031 0.1244195 0.3634565 0.1187999 0.3691031 0.1244195 0.3691898 0.1245698 0.3795444 0.1383558 0.3795444 0.1383558 0.3691031 0.1244195 0.3795444 0.1383558 0.3795444 0.1383558 0.3691898 0.1245698 0.3795444 0.1383558 0.3900154 0.1523439 0.3899988 0.1523511 0.3795444 0.1383558 0.3899988 0.1523511 0.3899508 0.1523718 0.3977962 0.1674925 0.3977962 0.1674925 0.3899988 0.1523511 0.3977962 0.1674925 0.3977962 0.1674925 0.3899508 0.1523718 0.3977962 0.1674925 0.4055768 0.182641 0.4055584 0.1826469 0.3977962 0.1674925 0.4055584 0.1826469 0.405505 0.1826642 0.4103682 0.1987574 0.4103682 0.1987574 0.4055584 0.1826469 0.4103682 0.1987574 0.4103682 0.1987574 0.405505 0.1826642 0.4103682 0.1987574 0.4151594 0.2148737 0.4151398 0.2148768 0.4103682 0.1987574 0.4151398 0.2148768 0.4150832 0.2148858 0.4167773 0.2314939 0.4167773 0.2314939 0.4151398 0.2148768 0.4167773 0.2314939 0.4167773 0.2314939 0.4150832 0.2148858 0.4167773 0.2314939 0.4183951 0.248114 0.4183752 0.2481136 0.4167773 0.2314939 0.4183752 0.2481136 0.4183174 0.2481123 0.4167773 0.2646663 0.4167773 0.2646663 0.4183752 0.2481136 0.4167773 0.2646663 0.4167773 0.2646663 0.4183174 0.2481123 0.4167773 0.2646663 0.4151594 0.2812186 0.4151398 0.2812144 0.4167773 0.2646663 0.4151398 0.2812144 0.4150832 0.2812025 0.4103682 0.2970998 0.4103682 0.2970998 0.4151398 0.2812144 0.4103682 0.2970998 0.4103682 0.2970997 0.4150832 0.2812025 0.4103682 0.2970997 0.4055768 0.3129808 0.4055584 0.312973 0.4103682 0.2970998 0.4055584 0.312973 0.405505 0.3129504 0.3977962 0.3275981 0.3977961 0.3275981 0.4055584 0.312973 0.3977961 0.3275981 0.3977962 0.3275981 0.405505 0.3129504 0.3977961 0.3275981 0.3900154 0.3422154 0.3899988 0.3422042 0.3977961 0.3275981 0.3899988 0.3422042 0.3899508 0.3421718 0.3795444 0.3550174 0.3795444 0.3550174 0.3899988 0.3422042 0.3795444 0.3550174 0.3795444 0.3550174 0.3899508 0.3421718 0.3795444 0.3550174 0.3690733 0.3678194 0.3690592 0.3678053 0.3795444 0.3550174 0.3690592 0.3678053 0.3690184 0.3677642 0.3563144 0.3783205 0.3563144 0.3783205 0.3690592 0.3678053 0.3563144 0.3783205 0.3563144 0.3783205 0.3690184 0.3677642 0.3563144 0.3783205 0.3435552 0.3888215 0.3435441 0.3888048 0.3563144 0.3783205 0.3435441 0.3888048 0.3435121 0.3887566 0.3563144 0.3783205 0.3435121 0.3887566 0.3257318 0.3624504 0.3563144 0.3783205 0.3563144 0.3783205 0.3690733 0.3678194 0.3435552 0.3888215 0.3435552 0.3888215 0.3563144 0.3783205 0.3563143 0.3783205 0.3435643 0.3888351 0.3435552 0.3888215 0.3563143 0.3783205 0.3563144 0.3783205 0.3690733 0.3678194 0.3289986 0.3966221 0.3289986 0.3966221 0.3435552 0.3888215 0.3563143 0.3783205 0.3435552 0.3888215 0.3435643 0.3888351 0.3795444 0.3550174 0.3690849 0.3678311 0.3690733 0.3678194 0.3690733 0.3678194 0.3690733 0.3678194 0.3795444 0.3550174 0.3795444 0.3550174 0.3795444 0.3550175 0.3900154 0.3422154 0.3795444 0.3550175 0.3795444 0.3550174 0.3900154 0.3422154 0.3977961 0.3275981 0.390029 0.3422245 0.3900154 0.3422154 0.3900154 0.3422154 0.3900154 0.3422154 0.3977961 0.3275981 0.3977961 0.3275981 0.3977962 0.3275981 0.4055768 0.3129808 0.3977962 0.3275981 0.3977962 0.3275981 0.4055768 0.3129808 0.4103682 0.2970998 0.4055919 0.3129872 0.4055768 0.3129808 0.4055768 0.3129808 0.4055768 0.3129808 0.4103682 0.2970997 0.4103682 0.2970998 0.4103682 0.2970998 0.4151594 0.2812186 0.4103682 0.2970998 0.4103682 0.2970998 0.4151594 0.2812186 0.4167773 0.2646663 0.4151754 0.281222 0.4151594 0.2812186 0.4151594 0.2812186 0.4151594 0.2812186 0.4167773 0.2646663 0.4167773 0.2646663 0.4167773 0.2646663 0.4183951 0.248114 0.4167773 0.2646663 0.4167773 0.2646663 0.4183951 0.248114 0.4167773 0.2314939 0.4184114 0.2481144 0.4183951 0.248114 0.4183951 0.248114 0.4183951 0.248114 0.4167773 0.2314939 0.4167773 0.2314939 0.4167773 0.2314939 0.4151594 0.2148737 0.4167773 0.2314939 0.4167773 0.2314939 0.4151594 0.2148737 0.4103682 0.1987574 0.4151754 0.2148712 0.4151594 0.2148737 0.4151594 0.2148737 0.4151594 0.2148737 0.4103682 0.1987574 0.4103682 0.1987574 0.4103682 0.1987574 0.4055768 0.182641 0.4103682 0.1987574 0.4103682 0.1987574 0.4055768 0.182641 0.3977962 0.1674925 0.4055919 0.1826361 0.4055768 0.182641 0.4055768 0.182641 0.4055768 0.182641 0.3977962 0.1674925 0.3977962 0.1674925 0.3977962 0.1674925 0.3900154 0.1523439 0.3977962 0.1674925 0.3977962 0.1674925 0.3900154 0.1523439 0.3795444 0.1383558 0.390029 0.1523381 0.3900154 0.1523439 0.3900154 0.1523439 0.3900154 0.1523439 0.3795444 0.1383558 0.3795444 0.1383558 0.3795444 0.1383558 0.3690733 0.1243677 0.3795444 0.1383558 0.3795444 0.1383558 0.3690733 0.1243677 0.3634565 0.1187999 0.3690488 0.1243251 0.3690733 0.1243677 0.3690733 0.1243677 0.3690733 0.1243677 0.3634565 0.1187999 0.3634565 0.1187999 0.3634565 0.1187999 0.3578396 0.1132321 0.3634565 0.1187999 0.3634565 0.1187999 0.3578396 0.1132321 0.3498419 0.1119327 0.3578516 0.1132106 0.3578396 0.1132321 0.3578396 0.1132321 0.3578396 0.1132321 0.3498419 0.1119327 0.3498419 0.1119327 0.3498419 0.1119327 0.3418441 0.1106333 0.3498419 0.1119327 0.3498419 0.1119327 0.3418441 0.1106333 0.3193329 0.1074312 0.3419174 0.1106429 0.3418441 0.1106333 0.3418441 0.1106333 0.3418441 0.1106333 0.3193329 0.1074312 0.3193329 0.1074312 0.3193329 0.1074312 0.2968217 0.104229 0.3193329 0.1074312 0.3193329 0.1074312 0.2968217 0.104229 0.2734109 0.1029279 0.2968263 0.1042194 0.2968217 0.104229 0.2968217 0.104229 0.2968217 0.104229 0.2734109 0.1029279 0.2734109 0.1029279 0.2734109 0.102928 0.25 0.1016269 0.2734109 0.102928 0.2734109 0.1029279 0.25 0.1016269 0.2265892 0.102928 0.25 0.1016137 0.25 0.1016269 0.25 0.1016269 0.25 0.1016269 0.2265892 0.102928 0.2265892 0.102928 0.2265892 0.102928 0.2031784 0.104229 0.2265892 0.102928 0.2265892 0.102928 0.2031783 0.104229 0.1806672 0.1074312 0.2031738 0.1042194 0.2031784 0.104229 0.2031784 0.104229 0.2031784 0.104229 0.1806672 0.1074312 0.1806672 0.1074312 0.1806672 0.1074312 0.158156 0.1106333 0.1806672 0.1074312 0.1806672 0.1074312 0.158156 0.1106333 0.1501582 0.1119327 0.1580826 0.1106429 0.158156 0.1106333 0.158156 0.1106333 0.158156 0.1106333 0.1501582 0.1119327 0.1501582 0.1119327 0.1501582 0.1119327 0.1421604 0.1132321 0.1501582 0.1119327 0.1501582 0.1119327 0.1421604 0.1132321 0.1365436 0.1187999 0.1421483 0.1132106 0.1421604 0.1132321 0.1421604 0.1132321 0.1421604 0.1132321 0.1365436 0.1187999 0.1365436 0.1187999 0.1365436 0.1187999 0.1309267 0.1243677 0.1365436 0.1187999 0.1365436 0.1187999 0.1309267 0.1243677 0.1204557 0.1383558 0.1309512 0.1243252 0.1309267 0.1243677 0.1309267 0.1243677 0.1309267 0.1243677 0.1204556 0.1383558 0.1204557 0.1383558 0.1204557 0.1383558 0.1099846 0.1523439 0.1204557 0.1383558 0.1204557 0.1383558 0.1099846 0.1523439 0.1022039 0.1674925 0.109971 0.152338 0.1099846 0.1523439 0.1099846 0.1523439 0.1099846 0.1523439 0.1022039 0.1674925 0.1022039 0.1674925 0.1022039 0.1674925 0.09442323 0.1826409 0.1022039 0.1674925 0.1022039 0.1674925 0.09442323 0.1826409 0.08963185 0.1987574 0.09440809 0.182636 0.09442323 0.1826409 0.09442323 0.1826409 0.09442323 0.1826409 0.08963185 0.1987574 0.08963185 0.1987574 0.08963191 0.1987574 0.08484053 0.2148737 0.08963191 0.1987574 0.08963185 0.1987574 0.08484053 0.2148737 0.08322274 0.2314939 0.0848245 0.2148712 0.08484053 0.2148737 0.08484053 0.2148737 0.08484053 0.2148737 0.08322274 0.2314939 0.08322274 0.2314939 0.08322274 0.2314939 0.08160489 0.248114 0.08322274 0.2314939 0.08322274 0.2314939 0.08160489 0.248114 0.08322274 0.2646663 0.08158856 0.2481143 0.08160489 0.248114 0.08160489 0.248114 0.08160489 0.248114 0.08322274 0.2646663 0.08322274 0.2646663 0.08322274 0.2646663 0.08484053 0.2812185 0.08322274 0.2646663 0.08322274 0.2646663 0.08484053 0.2812185 0.08963191 0.2970998 0.0848245 0.2812219 0.08484053 0.2812185 0.08484053 0.2812185 0.08484053 0.2812185 0.08963191 0.2970998 0.08963191 0.2970998 0.08963191 0.2970998 0.09442329 0.312981 0.08963191 0.2970998 0.08963191 0.2970998 0.09442329 0.312981 0.1022039 0.3275981 0.09440815 0.3129873 0.09442329 0.312981 0.09442329 0.312981 0.09442329 0.312981 0.1022039 0.3275981 0.1022039 0.3275981 0.1022039 0.3275981 0.1099846 0.3422152 0.1022039 0.3275981 0.1022039 0.3275981 0.1099846 0.3422152 0.1204556 0.3550174 0.109971 0.3422244 0.1099846 0.3422152 0.1099846 0.3422152 0.1099846 0.3422152 0.1204556 0.3550174 0.1204556 0.3550174 0.1204556 0.3550174 0.1309266 0.3678194 0.1204556 0.3550174 0.1204556 0.3550174 0.1309266 0.3678193 0.1436856 0.3783205 0.1309151 0.367831 0.1309266 0.3678194 0.1309266 0.3678194 0.1309266 0.3678194 0.1436856 0.3783205 0.1436856 0.3783205 0.1436856 0.3783205 0.1564446 0.3888216 0.1436856 0.3783205 0.1436856 0.3783205 0.1564446 0.3888216 0.1710013 0.3966221 0.1564356 0.3888352 0.1564447 0.3888216 0.1564447 0.3888216 0.1564447 0.3888216 0.1710013 0.3966221 0.1710013 0.3966221 0.1710013 0.3966221 0.185558 0.4044226 0.1710013 0.3966221 0.1710013 0.3966221 0.185558 0.4044226 0.2013528 0.4092254 0.1855517 0.4044377 0.185558 0.4044226 0.185558 0.4044226 0.185558 0.4044226 0.2013528 0.4092254 0.2013528 0.4092254 0.2013528 0.4092254 0.2171477 0.414028 0.2013528 0.4092254 0.2013528 0.4092254 0.2171477 0.414028 0.2335739 0.4156495 0.2171446 0.4140441 0.2171477 0.414028 0.2171477 0.414028 0.2171477 0.414028 0.2335739 0.4156495 0.2335739 0.4156495 0.2335739 0.4156495 0.25 0.417271 0.2335739 0.4156495 0.2335739 0.4156495 0.25 0.417271 0.2664262 0.4156496 0.2500001 0.4172874 0.25 0.417271 0.25 0.417271 0.25 0.417271 0.2664262 0.4156496 0.2664262 0.4156496 0.2664262 0.4156496 0.2828523 0.4140281 0.2664262 0.4156496 0.2664262 0.4156496 0.2828523 0.4140281 0.2986471 0.4092254 0.2828555 0.4140442 0.2828523 0.4140281 0.2828523 0.4140281 0.2828523 0.4140281 0.2986471 0.4092254 0.2986471 0.4092254 0.2828523 0.4140281 0.2828555 0.4140442 0.2664262 0.4156496 0.2664262 0.4156496 0.2828555 0.4140442 0.2986471 0.4092254 0.2828523 0.4140281 0.2828523 0.4140281 0.2664262 0.4156496 0.2664262 0.4156496 0.2828523 0.4140281 0.2664262 0.4156496 0.25 0.417271 0.25 0.417271 0.2664262 0.4156496 0.25 0.417271 0.2500001 0.4172874 0.2335739 0.4156495 0.2335739 0.4156495 0.25 0.417271 0.2335739 0.4156495 0.2335739 0.4156495 0.2500001 0.4172874 0.2335739 0.4156495 0.2171477 0.414028 0.2171477 0.414028 0.2335739 0.4156495 0.2171477 0.414028 0.2171446 0.4140441 0.2013528 0.4092254 0.2013528 0.4092254 0.2171477 0.414028 0.2013528 0.4092254 0.2013528 0.4092254 0.2171446 0.4140441 0.2013528 0.4092254 0.185558 0.4044226 0.185558 0.4044226 0.2013528 0.4092254 0.185558 0.4044226 0.1855517 0.4044377 0.1710013 0.3966221 0.1710013 0.3966221 0.185558 0.4044226 0.1710013 0.3966221 0.1710013 0.3966221 0.1855517 0.4044377 0.1710013 0.3966221 0.1564446 0.3888216 0.1564447 0.3888216 0.1710013 0.3966221 0.1564447 0.3888216 0.1564356 0.3888352 0.1436856 0.3783205 0.1436856 0.3783205 0.1564447 0.3888216 0.1436856 0.3783205 0.1436856 0.3783205 0.1564356 0.3888352 0.1436856 0.3783205 0.1309266 0.3678194 0.1309266 0.3678194 0.1436856 0.3783205 0.1309266 0.3678194 0.1309151 0.367831 0.1204556 0.3550174 0.1204556 0.3550174 0.1309266 0.3678194 0.1204556 0.3550174 0.1204556 0.3550174 0.1309151 0.367831 0.1204556 0.3550174 0.1099846 0.3422152 0.1099846 0.3422152 0.1204556 0.3550174 0.1099846 0.3422152 0.109971 0.3422244 0.1022039 0.3275982 0.1022039 0.3275981 0.1099846 0.3422152 0.1022039 0.3275981 0.1022039 0.3275981 0.109971 0.3422244 0.1022039 0.3275982 0.09442329 0.312981 0.09442329 0.312981 0.1022039 0.3275981 0.09442329 0.312981 0.09440815 0.3129873 0.08963191 0.2970998 0.08963191 0.2970998 0.09442329 0.312981 0.08963191 0.2970998 0.08963191 0.2970998 0.09440815 0.3129873 0.08963191 0.2970998 0.08484053 0.2812185 0.08484053 0.2812185 0.08963191 0.2970998 0.08484053 0.2812185 0.0848245 0.2812219 0.08322274 0.2646663 0.08322274 0.2646663 0.08484053 0.2812185 0.08322274 0.2646663 0.08322274 0.2646663 0.0848245 0.2812219 0.08322274 0.2646663 0.08160489 0.2481139 0.08160489 0.248114 0.08322274 0.2646663 0.08160489 0.248114 0.08158856 0.2481143 0.08322274 0.2314939 0.08322274 0.2314939 0.08160489 0.248114 0.08322274 0.2314939 0.08322274 0.2314939 0.08158856 0.2481143 0.08322274 0.2314939 0.08484053 0.2148737 0.08484053 0.2148737 0.08322274 0.2314939 0.08484053 0.2148737 0.0848245 0.2148712 0.08963185 0.1987574 0.08963191 0.1987574 0.08484053 0.2148737 0.08963191 0.1987574 0.08963185 0.1987574 0.0848245 0.2148712 0.08963185 0.1987574 0.09442323 0.1826409 0.09442323 0.1826409 0.08963191 0.1987574 0.09442323 0.1826409 0.09440809 0.182636 0.1022039 0.1674925 0.1022039 0.1674925 0.09442323 0.1826409 0.1022039 0.1674925 0.1022039 0.1674925 0.09440809 0.182636 0.1022039 0.1674925 0.1099846 0.1523439 0.1099846 0.1523439 0.1022039 0.1674925 0.1099846 0.1523439 0.109971 0.152338 0.1204557 0.1383558 0.1204557 0.1383558 0.1099846 0.1523439 0.1204557 0.1383558 0.1204557 0.1383558 0.109971 0.152338 0.1204557 0.1383558 0.1309267 0.1243677 0.1309267 0.1243677 0.1204557 0.1383558 0.1309267 0.1243677 0.1309512 0.1243252 0.1365435 0.1187999 0.1365436 0.1187999 0.1309267 0.1243677 0.1365436 0.1187999 0.1365436 0.1187999 0.1309512 0.1243252 0.1365435 0.1187999 0.1421604 0.1132321 0.1421604 0.1132321 0.1365436 0.1187999 0.1421604 0.1132321 0.1421483 0.1132106 0.1501582 0.1119327 0.1501582 0.1119327 0.1421604 0.1132321 0.1501582 0.1119327 0.1501582 0.1119327 0.1421483 0.1132106 0.1501582 0.1119327 0.158156 0.1106333 0.158156 0.1106333 0.1501582 0.1119327 0.158156 0.1106333 0.1580826 0.1106429 0.1806672 0.1074312 0.1806672 0.1074312 0.158156 0.1106333 0.1806672 0.1074312 0.1806672 0.1074312 0.1580826 0.1106429 0.1806672 0.1074312 0.2031784 0.104229 0.2031784 0.104229 0.1806672 0.1074312 0.2031784 0.104229 0.2031738 0.1042194 0.2265892 0.102928 0.2265892 0.102928 0.2031784 0.104229 0.2265892 0.102928 0.2265892 0.102928 0.2031738 0.1042194 0.2265892 0.102928 0.25 0.1016269 0.25 0.1016269 0.2265892 0.102928 0.25 0.1016269 0.25 0.1016137 0.2734109 0.1029279 0.2734109 0.1029279 0.25 0.1016269 0.2734109 0.1029279 0.2734109 0.1029279 0.25 0.1016137 0.2734109 0.1029279 0.2968217 0.104229 0.2968217 0.104229 0.2734109 0.1029279 0.2968217 0.104229 0.2968263 0.1042194 0.3193329 0.1074312 0.3193329 0.1074312 0.2968217 0.104229 0.3193329 0.1074312 0.3193329 0.1074312 0.2968263 0.1042194 0.3193329 0.1074312 0.3418441 0.1106333 0.3418441 0.1106333 0.3193329 0.1074312 0.3418441 0.1106333 0.3419174 0.1106429 0.3498419 0.1119327 0.3498419 0.1119327 0.3418441 0.1106333 0.3498419 0.1119327 0.3498419 0.1119327 0.3419174 0.1106429 0.3498419 0.1119327 0.3578396 0.1132321 0.3578396 0.1132321 0.3498419 0.1119327 0.3578396 0.1132321 0.3578516 0.1132106 0.3634565 0.1187999 0.3634565 0.1187999 0.3578396 0.1132321 0.3634565 0.1187999 0.3634565 0.1187999 0.3578516 0.1132106 0.3634565 0.1187999 0.3690733 0.1243677 0.3690733 0.1243677 0.3634565 0.1187999 0.3690733 0.1243677 0.3690488 0.1243251 0.3795444 0.1383558 0.3795444 0.1383558 0.3690733 0.1243677 0.3795444 0.1383558 0.3795444 0.1383558 0.3690488 0.1243251 0.3795444 0.1383558 0.3900154 0.1523439 0.3900154 0.1523439 0.3795444 0.1383558 0.3900154 0.1523439 0.390029 0.1523381 0.3977962 0.1674925 0.3977962 0.1674925 0.3900154 0.1523439 0.3977962 0.1674925 0.3977962 0.1674925 0.390029 0.1523381 0.3977962 0.1674925 0.4055768 0.182641 0.4055768 0.182641 0.3977962 0.1674925 0.4055768 0.182641 0.4055919 0.1826361 0.4103682 0.1987574 0.4103682 0.1987574 0.4055768 0.182641 0.4103682 0.1987574 0.4103682 0.1987574 0.4055919 0.1826361 0.4103682 0.1987574 0.4151594 0.2148737 0.4151594 0.2148737 0.4103682 0.1987574 0.4151594 0.2148737 0.4151754 0.2148712 0.4167773 0.2314939 0.4167773 0.2314939 0.4151594 0.2148737 0.4167773 0.2314939 0.4167773 0.2314939 0.4151754 0.2148712 0.4167773 0.2314939 0.4183951 0.248114 0.4183951 0.248114 0.4167773 0.2314939 0.4183951 0.248114 0.4184114 0.2481144 0.4167773 0.2646663 0.4167773 0.2646663 0.4183951 0.248114 0.4167773 0.2646663 0.4167773 0.2646663 0.4184114 0.2481144 0.4167773 0.2646663 0.4151594 0.2812186 0.4151594 0.2812186 0.4167773 0.2646663 0.4151594 0.2812186 0.4151754 0.281222 0.4103682 0.2970998 0.4103682 0.2970997 0.4151594 0.2812186 0.4103682 0.2970997 0.4103682 0.2970998 0.4151754 0.281222 0.4103682 0.2970998 0.4055768 0.3129808 0.4055768 0.3129808 0.4103682 0.2970997 0.4055768 0.3129808 0.4055919 0.3129872 0.3977961 0.3275981 0.3977961 0.3275981 0.4055768 0.3129808 0.3977961 0.3275981 0.3977961 0.3275981 0.4055919 0.3129872 0.3977961 0.3275981 0.3900154 0.3422154 0.3900154 0.3422154 0.3977961 0.3275981 0.3900154 0.3422154 0.390029 0.3422245 0.3795444 0.3550174 0.3795444 0.3550174 0.3900154 0.3422154 0.3795444 0.3550174 0.3795444 0.3550174 0.390029 0.3422245 0.3795444 0.3550174 0.3690733 0.3678194 0.3690733 0.3678194 0.3795444 0.3550174 0.3690733 0.3678194 0.3690849 0.3678311 0.3563144 0.3783205 0.3563143 0.3783205 0.3690733 0.3678194 0.3563143 0.3783205 0.3563143 0.3783205 0.3690849 0.3678311 0.3563144 0.3783205 0.3435552 0.3888215 0.3435552 0.3888215 0.3563143 0.3783205 0.3435552 0.3888215 0.3435552 0.3888215 0.3563143 0.3783205 0.3563144 0.3783205 0.3690733 0.3678194 0.3563143 0.3783205 0.3563143 0.3783205 0.3690733 0.3678194 0.3563143 0.3783205 0.3435552 0.3888215 0.3435552 0.3888215 0.3562339 0.3782202 0.3563143 0.3783205 0.3690733 0.3678194 0.3435552 0.3888215 0.3563143 0.3783205 0.3562339 0.3782203 0.343243 0.3883525 0.3562339 0.3782203 0.356211 0.3781917 0.356211 0.3781917 0.3562339 0.3782202 0.368709 0.367453 0.368709 0.367453 0.3794543 0.354943 0.3794286 0.3549217 0.3690733 0.3678194 0.3795444 0.3550174 0.3794543 0.354943 0.3794286 0.3549217 0.3794543 0.354943 0.3895871 0.3419263 0.3794543 0.354943 0.3795444 0.3550174 0.3900154 0.3422154 0.3795444 0.3550174 0.3795444 0.3550174 0.3900153 0.3422154 0.3795444 0.3550174 0.3690733 0.3678194 0.3690733 0.3678194 0.3795444 0.3550174 0.3795444 0.3550174 0.3900154 0.3422154 0.3795443 0.3550174 0.3690733 0.3678194 0.3690733 0.3678194 0.3977961 0.3275981 0.3900154 0.3422154 0.3900154 0.3422154 0.3977961 0.3275981 0.3900154 0.3422154 0.3900154 0.3422154 0.3977961 0.3275981 0.3977961 0.3275981 0.4055768 0.3129808 0.3977961 0.3275981 0.3977961 0.3275981 0.4055768 0.3129808 0.3976933 0.3275424 0.3977961 0.3275981 0.4055768 0.3129808 0.3900154 0.3422154 0.3977961 0.3275981 0.3976933 0.3275424 0.3895871 0.3419263 0.3976933 0.3275424 0.3976641 0.3275265 0.3976641 0.3275265 0.3976933 0.3275424 0.4051008 0.3127796 0.4051008 0.3127796 0.4102451 0.2970623 0.4102101 0.2970516 0.4055768 0.3129808 0.4103682 0.2970997 0.4102451 0.2970623 0.4102101 0.2970516 0.4102451 0.2970623 0.4146081 0.281102 0.4102451 0.2970623 0.4103682 0.2970997 0.4151594 0.2812186 0.4103682 0.2970997 0.4103682 0.2970997 0.4151594 0.2812186 0.4103682 0.2970997 0.4055768 0.3129808 0.4055768 0.3129808 0.4103682 0.2970997 0.4103682 0.2970998 0.4151594 0.2812186 0.4103682 0.2970997 0.4055768 0.3129808 0.4055768 0.3129808 0.4167773 0.2646663 0.4151594 0.2812186 0.4151594 0.2812186 0.4167773 0.2646663 0.4151594 0.2812186 0.4151594 0.2812186 0.4167773 0.2646663 0.4167773 0.2646663 0.4183951 0.248114 0.4167773 0.2646663 0.4167773 0.2646663 0.4183951 0.248114 0.4166381 0.2646503 0.4167773 0.2646663 0.4183951 0.248114 0.4151594 0.2812186 0.4167773 0.2646663 0.4166381 0.2646503 0.4146082 0.281102 0.4166381 0.2646503 0.4165985 0.2646457 0.4165985 0.2646457 0.4166381 0.2646503 0.4178331 0.2481022 0.4178331 0.2481022 0.4166381 0.2315034 0.4165985 0.2315061 0.4183951 0.248114 0.4167773 0.2314939 0.4166381 0.2315034 0.4165985 0.2315061 0.4166381 0.2315034 0.4146082 0.2149613 0.4166381 0.2315034 0.4167773 0.2314939 0.4151594 0.2148737 0.4167773 0.2314939 0.4167773 0.2314939 0.4151594 0.2148737 0.4167773 0.2314939 0.4183951 0.248114 0.4183951 0.248114 0.4167773 0.2314939 0.4167773 0.2314939 0.4151594 0.2148737 0.4167773 0.2314939 0.4183951 0.248114 0.4183951 0.248114 0.4103682 0.1987574 0.4151594 0.2148737 0.4151594 0.2148737 0.4103682 0.1987574 0.4151594 0.2148737 0.4151594 0.2148737 0.4103682 0.1987574 0.4103682 0.1987574 0.4055768 0.182641 0.4103682 0.1987574 0.4103682 0.1987574 0.4055768 0.182641 0.4102343 0.1987894 0.4103682 0.1987574 0.4055768 0.182641 0.4151594 0.2148737 0.4103682 0.1987574 0.4102343 0.1987894 0.4146082 0.2149613 0.4102343 0.1987894 0.4101962 0.1987984 0.4101962 0.1987984 0.4102343 0.1987894 0.4050576 0.1828091 0.4050576 0.1828091 0.3976728 0.1675387 0.3976377 0.1675519 0.4055768 0.182641 0.3977962 0.1674925 0.3976728 0.1675387 0.3976377 0.1675519 0.3976728 0.1675387 0.3895481 0.1525455 0.3976728 0.1675387 0.3977962 0.1674925 0.3900154 0.1523439 0.3977962 0.1674925 0.3977962 0.1674925 0.3900154 0.1523439 0.3977962 0.1674925 0.4055768 0.182641 0.4055768 0.182641 0.3977962 0.1674925 0.3977962 0.1674925 0.3900154 0.1523439 0.3977962 0.1674925 0.4055768 0.182641 0.4055768 0.182641 0.3795444 0.1383558 0.3900154 0.1523439 0.3900154 0.1523439 0.3795444 0.1383558 0.3900154 0.1523439 0.3900154 0.1523439 0.3795444 0.1383558 0.3795444 0.1383558 0.3690733 0.1243677 0.3795444 0.1383558 0.3795444 0.1383558 0.3690733 0.1243677 0.3795914 0.1385639 0.3795444 0.1383558 0.3690733 0.1243677 0.3900154 0.1523439 0.3795444 0.1383558 0.3795914 0.1385638 0.3895481 0.1525455 0.3795914 0.1385638 0.3796047 0.1386231 0.3796047 0.1386231 0.3795914 0.1385639 0.3699165 0.1258302 0.3699164 0.1258302 0.3635188 0.11906 0.3635365 0.1191341 0.3690733 0.1243677 0.3634565 0.1187999 0.3635188 0.11906 0.3635365 0.1191341 0.3635188 0.11906 0.3574605 0.1139118 0.3635188 0.11906 0.3634565 0.1187999 0.3578396 0.1132321 0.3634565 0.1187999 0.3634565 0.1187999 0.3578396 0.1132321 0.3634565 0.1187999 0.3690733 0.1243677 0.3690733 0.1243677 0.3634565 0.1187999 0.3634565 0.1187999 0.3578396 0.1132321 0.3634565 0.1187999 0.3690733 0.1243677 0.3690733 0.1243677 0.3498419 0.1119327 0.3578396 0.1132321 0.3578396 0.1132321 0.3498419 0.1119327 0.3578396 0.1132321 0.3578396 0.1132321 0.3498419 0.1119327 0.3498419 0.1119327 0.3418441 0.1106333 0.3498419 0.1119327 0.3498419 0.1119327 0.3418441 0.1106333 0.3495362 0.1119755 0.3498419 0.1119327 0.3418441 0.1106333 0.3578396 0.1132321 0.3498419 0.1119327 0.3495362 0.1119755 0.3574605 0.1139118 0.3495362 0.1119755 0.3494491 0.1119877 0.3494491 0.1119877 0.3495362 0.1119755 0.3395333 0.1103304 0.3395333 0.1103304 0.319054 0.1074311 0.3189745 0.1074311 0.3418441 0.1106333 0.3193329 0.1074312 0.319054 0.1074311 0.3189745 0.1074311 0.319054 0.1074311 0.2966785 0.1045317 0.319054 0.1074311 0.3193329 0.1074312 0.2968217 0.104229 0.3193329 0.1074312 0.3193329 0.1074312 0.2968217 0.104229 0.3193329 0.1074312 0.3418441 0.1106333 0.3418441 0.1106333 0.3193329 0.1074312 0.3193329 0.1074312 0.2968217 0.104229 0.3193329 0.1074312 0.3418441 0.1106333 0.3418441 0.1106333 0.2734109 0.1029279 0.2968217 0.104229 0.2968217 0.104229 0.2734109 0.1029279 0.2968217 0.104229 0.2968217 0.104229 0.2734109 0.1029279 0.2734109 0.1029279 0.25 0.1016269 0.2734109 0.1029279 0.2734109 0.1029279 0.25 0.1016269 0.2733946 0.1030094 0.2734109 0.1029279 0.25 0.1016269 0.2968217 0.104229 0.2734109 0.1029279 0.2733946 0.1030094 0.2966785 0.1045317 0.2733946 0.1030094 0.2733899 0.1030327 0.2733899 0.1030327 0.2733946 0.1030094 0.25 0.1020412 0.25 0.1020412 0.2266054 0.1030095 0.2266101 0.1030327 0.25 0.1016269 0.2265892 0.102928 0.2266054 0.1030095 0.2266101 0.1030327 0.2266054 0.1030095 0.2033216 0.1045317 0.2266054 0.1030095 0.2265892 0.102928 0.2031784 0.104229 0.2265892 0.102928 0.2265892 0.102928 0.2031784 0.104229 0.2265892 0.102928 0.25 0.1016269 0.25 0.1016269 0.2265892 0.102928 0.2265892 0.102928 0.2031784 0.104229 0.2265892 0.102928 0.25 0.1016269 0.25 0.1016269 0.1806672 0.1074312 0.2031784 0.104229 0.2031784 0.104229 0.1806672 0.1074312 0.2031784 0.104229 0.2031784 0.104229 0.1806672 0.1074312 0.1806672 0.1074312 0.158156 0.1106333 0.1806672 0.1074312 0.1806672 0.1074312 0.158156 0.1106333 0.1806834 0.1074656 0.1806672 0.1074312 0.158156 0.1106333 0.2031784 0.104229 0.1806672 0.1074312 0.1806834 0.1074656 0.2033216 0.1045317 0.1806834 0.1074656 0.1806881 0.1074753 0.1806881 0.1074753 0.1806834 0.1074656 0.158156 0.1106333 0.158156 0.1106333 0.1501582 0.1119327 0.1501582 0.1119327 0.158156 0.1106333 0.1501582 0.1119327 0.1501582 0.1119327 0.1501582 0.1119327 0.1501582 0.1119327 0.1421604 0.1132321 0.1501582 0.1119327 0.1501582 0.1119327 0.1421604 0.1132321 0.1501582 0.1119327 0.1501582 0.1119327 0.1421604 0.1132321 0.1501582 0.1119327 0.158156 0.1106333 0.158156 0.1106333 0.1501582 0.1119327 0.1501582 0.1119327 0.1421604 0.1132321 0.1501582 0.1119327 0.158156 0.1106333 0.158156 0.1106333 0.1365436 0.1187999 0.1421604 0.1132321 0.1421604 0.1132321 0.1365436 0.1187999 0.1421604 0.1132321 0.1421604 0.1132321 0.1365436 0.1187999 0.1365435 0.1187999 0.1309267 0.1243677 0.1365436 0.1187999 0.1365436 0.1187999 0.1309267 0.1243677 0.1364557 0.1189523 0.1365436 0.1187999 0.1309267 0.1243677 0.1421604 0.1132321 0.1365436 0.1187999 0.1364557 0.1189523 0.1421604 0.1132321 0.1364557 0.1189523 0.1364307 0.1189957 0.1364307 0.1189957 0.1364557 0.1189523 0.1301538 0.1257084 0.1301538 0.1257084 0.1204165 0.1385291 0.1204053 0.1385785 0.1309267 0.1243677 0.1204557 0.1383558 0.1204165 0.1385291 0.1204053 0.1385785 0.1204165 0.1385291 0.110413 0.1525287 0.1204165 0.1385291 0.1204557 0.1383558 0.1099846 0.1523439 0.1204557 0.1383558 0.1204557 0.1383558 0.1099846 0.1523439 0.1204557 0.1383558 0.1309267 0.1243677 0.1309267 0.1243677 0.1204557 0.1383558 0.1204557 0.1383558 0.1099846 0.1523439 0.1204557 0.1383558 0.1309267 0.1243677 0.1309267 0.1243677 0.1022039 0.1674925 0.1099846 0.1523439 0.1099846 0.1523439 0.1022039 0.1674925 0.1099846 0.1523439 0.1099846 0.1523439 0.1022039 0.1674925 0.1022039 0.1674925 0.09442323 0.1826409 0.1022039 0.1674925 0.1022039 0.1674925 0.09442317 0.1826409 0.1023067 0.167531 0.1022039 0.1674925 0.09442323 0.1826409 0.1099846 0.1523439 0.1022039 0.1674925 0.1023067 0.167531 0.110413 0.1525287 0.1023067 0.167531 0.1023359 0.1675419 0.1023359 0.1675419 0.1023067 0.167531 0.09489917 0.1827951 0.09489917 0.1827951 0.08975487 0.1987858 0.08978992 0.1987939 0.09442323 0.1826409 0.08963191 0.1987574 0.08975487 0.1987858 0.08978992 0.1987939 0.08975487 0.1987858 0.08539175 0.2149612 0.08975487 0.1987858 0.08963191 0.1987574 0.08484053 0.2148737 0.08963191 0.1987574 0.08963191 0.1987574 0.08484053 0.2148737 0.08963191 0.1987574 0.09442323 0.1826409 0.09442323 0.1826409 0.08963191 0.1987574 0.08963185 0.1987574 0.08484053 0.2148737 0.08963191 0.1987574 0.09442323 0.1826409 0.09442323 0.1826409 0.08322274 0.2314939 0.08484053 0.2148737 0.08484053 0.2148737 0.08322274 0.2314939 0.08484053 0.2148737 0.08484053 0.2148737 0.08322274 0.2314939 0.08322274 0.2314939 0.08160489 0.2481139 0.08322274 0.2314939 0.08322274 0.2314939 0.08160489 0.248114 0.08335018 0.2315036 0.08322274 0.2314939 0.08160489 0.248114 0.08484053 0.2148737 0.08322274 0.2314939 0.08335018 0.2315036 0.08539175 0.2149612 0.08335018 0.2315036 0.08338654 0.2315064 0.08338654 0.2315064 0.08335018 0.2315036 0.08212012 0.2481032 0.08212012 0.2481032 0.08328127 0.2646651 0.08329796 0.2646647 0.08160489 0.248114 0.08322274 0.2646663 0.08328127 0.2646651 0.08329796 0.2646647 0.08328127 0.2646651 0.08484053 0.2812186 0.08328127 0.2646651 0.08322274 0.2646663 0.08484053 0.2812185 0.08322274 0.2646663 0.08322274 0.2646663 0.08484053 0.2812185 0.08322274 0.2646663 0.08160489 0.248114 0.08160489 0.248114 0.08322274 0.2646663 0.08322274 0.2646663 0.08484053 0.2812185 0.08322274 0.2646663 0.08160489 0.248114 0.08160489 0.2481139 0.08963191 0.2970998 0.08484053 0.2812185 0.08484053 0.2812185 0.08963191 0.2970998 0.08484053 0.2812185 0.08484053 0.2812185 0.08963191 0.2970998 0.08963191 0.2970998 0.09442329 0.312981 0.08963191 0.2970998 0.08963191 0.2970998 0.09442329 0.312981 0.08963191 0.2970998 0.08963191 0.2970998 0.09442329 0.312981 0.08484053 0.2812185 0.08963191 0.2970998 0.08963191 0.2970998 0.08484053 0.2812186 0.08963191 0.2970998 0.08963191 0.2970998 0.08963191 0.2970998 0.08963191 0.2970998 0.09442329 0.312981 0.09442329 0.312981 0.1022623 0.3275587 0.102279 0.3275475 0.09442329 0.312981 0.1022039 0.3275981 0.1022623 0.3275587 0.102279 0.3275475 0.1022623 0.3275587 0.1104519 0.3419 0.1022623 0.3275587 0.1022039 0.3275981 0.1099846 0.3422152 0.1022039 0.3275981 0.1022039 0.3275981 0.1099846 0.3422152 0.1022039 0.3275981 0.09442329 0.312981 0.09442329 0.312981 0.1022039 0.3275981 0.1022039 0.3275982 0.1099846 0.3422152 0.1022039 0.3275981 0.09442329 0.312981 0.09442329 0.312981 0.1204556 0.3550174 0.1099846 0.3422152 0.1099846 0.3422152 0.1204556 0.3550174 0.1099846 0.3422152 0.1099846 0.3422152 0.1204556 0.3550174 0.1204556 0.3550174 0.1309266 0.3678194 0.1204556 0.3550174 0.1204556 0.3550174 0.1309266 0.3678194 0.1205637 0.354928 0.1204556 0.3550174 0.1309266 0.3678194 0.1099846 0.3422152 0.1204556 0.3550174 0.1205637 0.354928 0.1104519 0.3419 0.1205637 0.354928 0.1205945 0.3549025 0.1205945 0.3549025 0.1205637 0.354928 0.1313241 0.3674197 0.1313241 0.3674197 0.1437743 0.3782119 0.1437997 0.378181 0.1309266 0.3678194 0.1436856 0.3783205 0.1437743 0.3782119 0.1437997 0.378181 0.1437743 0.3782119 0.1567569 0.3883525 0.1437743 0.3782119 0.1436856 0.3783205 0.1564447 0.3888216 0.1436856 0.3783205 0.1436856 0.3783205 0.1564447 0.3888216 0.1436856 0.3783205 0.1309266 0.3678194 0.1309266 0.3678194 0.1436856 0.3783205 0.1436856 0.3783205 0.1564446 0.3888216 0.1436856 0.3783205 0.1309266 0.3678194 0.1309266 0.3678194 0.1710013 0.3966221 0.1564447 0.3888216 0.1564446 0.3888216 0.1710013 0.3966221 0.1564447 0.3888216 0.1564447 0.3888216 0.1710013 0.3966221 0.1710013 0.3966221 0.185558 0.4044226 0.1710013 0.3966221 0.1710013 0.3966221 0.185558 0.4044226 0.1710404 0.3965635 0.1710013 0.3966221 0.185558 0.4044226 0.1564447 0.3888216 0.1710013 0.3966221 0.1710404 0.3965635 0.1567569 0.3883525 0.1710404 0.3965635 0.1710515 0.3965468 0.1710515 0.3965468 0.1710404 0.3965635 0.185558 0.4044226 0.185558 0.4044226 0.2013528 0.4092254 0.2013528 0.4092254 0.185558 0.4044226 0.2013528 0.4092254 0.2013528 0.4092254 0.2013528 0.4092254 0.2013528 0.4092254 0.2171478 0.414028 0.2013528 0.4092254 0.2013528 0.4092254 0.2171477 0.414028 0.2013528 0.4092254 0.2013528 0.4092254 0.2171477 0.414028 0.2013528 0.4092254 0.185558 0.4044226 0.185558 0.4044226 0.2013528 0.4092254 0.2013528 0.4092254 0.2171477 0.414028 0.2013528 0.4092254 0.185558 0.4044226 0.185558 0.4044226 0.2335739 0.4156495 0.2171477 0.414028 0.2171477 0.414028 0.2335739 0.4156495 0.2171477 0.414028 0.2171477 0.414028 0.2335739 0.4156495 0.2335739 0.4156495 0.25 0.417271 0.2335739 0.4156495 0.2335739 0.4156495 0.25 0.417271 0.2335739 0.4155791 0.2335739 0.4156495 0.25 0.417271 0.2171477 0.414028 0.2335739 0.4156495 0.2335739 0.4155791 0.2171477 0.414028 0.2335739 0.4155791 0.2335739 0.4155591 0.2335739 0.4155591 0.2335739 0.4155791 0.2500001 0.4167077 0.2500001 0.4167077 0.2664148 0.4155216 0.2664115 0.4154852 0.25 0.417271 0.2664262 0.4156496 0.2664148 0.4155216 0.2500001 0.4165472 0.2664115 0.4154852 0.2664086 0.415452 0.2335739 0.4155408 0.2335739 0.4155591 0.2500001 0.4165472 0.2500001 0.4164013 0.2664086 0.415452 0.2664062 0.4154093 0.2335745 0.415507 0.2335739 0.4155408 0.2500001 0.4164013 0.2171478 0.4140279 0.2335739 0.4155591 0.2335739 0.4155408 0.2171478 0.4140279 0.2335739 0.4155408 0.2335745 0.415507 0.2171511 0.4140104 0.2335745 0.415507 0.233575 0.415508 0.233575 0.415508 0.2335745 0.415507 0.25 0.4161823 0.2171486 0.4140235 0.233575 0.415508 0.2335754 0.4155066 0.2335754 0.4155066 0.233575 0.415508 0.25 0.4161881 0.25 0.4161823 0.2664062 0.4154093 0.2664084 0.4154238 0.25 0.4161881 0.2664084 0.4154238 0.2664104 0.4154352 0.2664119 0.4154425 0.2500001 0.4161901 0.2500001 0.4161901 0.2335758 0.4155048 0.2335754 0.4155066 0.2500001 0.4161901 0.2335758 0.4155048 0.2500001 0.41619 0.25 0.4161881 0.2664119 0.4154425 0.2664138 0.4154508 0.25 0.4161881 0.2664119 0.4154425 0.2827435 0.4134795 0.2827641 0.4135835 0.2664119 0.4154425 0.2664105 0.4154352 0.2827275 0.413399 0.2986105 0.4091043 0.2986174 0.4091271 0.2827641 0.4135835 0.2986105 0.4091043 0.2827435 0.4134796 0.2827274 0.413399 0.2827058 0.4132898 0.2985976 0.4090616 0.2986051 0.4090865 0.2664105 0.4154352 0.2664084 0.4154238 0.2827058 0.4132898 0.2986052 0.4090865 0.2985976 0.4090616 0.3141546 0.4037268 0.2986105 0.4091043 0.2986052 0.4090865 0.3141971 0.4038298 0.3141546 0.4037268 0.3288882 0.3964242 0.3288928 0.3964349 0.3288957 0.3964418 0.3142284 0.4039056 0.3141971 0.4038298 0.2986105 0.4091043 0.3142284 0.4039056 0.3142688 0.4040036 0.3288957 0.3964418 0.3288987 0.3964496 0.3142688 0.4040036 0.3288957 0.3964418 0.3429561 0.3879214 0.3429549 0.3879197 0.3288957 0.3964418 0.3288928 0.3964349 0.3429561 0.3879214 0.3561877 0.3781559 0.3561938 0.3781617 0.3429549 0.3879197 0.3429561 0.3879214 0.3429561 0.3879214 0.3561824 0.3781507 0.3429549 0.3879196 0.3561743 0.3781422 0.3561824 0.3781507 0.3288928 0.3964349 0.3288882 0.3964242 0.3429549 0.3879196 0.3561824 0.3781507 0.3561743 0.3781422 0.3685423 0.3672853 0.3561877 0.3781559 0.3561824 0.3781507 0.3686209 0.3673644 0.3685423 0.3672853 0.3794125 0.3549084 0.3794325 0.3549249 0.3794468 0.3549368 0.3686788 0.3674226 0.3686208 0.3673644 0.3561877 0.3781559 0.3686788 0.3674226 0.3687536 0.3674978 0.3794468 0.3549368 0.3794652 0.3549519 0.3687536 0.3674978 0.3794468 0.3549368 0.3895514 0.3419023 0.3896394 0.3419617 0.3794468 0.3549368 0.3794325 0.3549249 0.3894833 0.3418564 0.3976848 0.3275378 0.3977057 0.3275491 0.3896394 0.3419617 0.3976848 0.3275378 0.3895514 0.3419023 0.3894833 0.3418564 0.389391 0.3417941 0.3976457 0.3275166 0.3976685 0.327529 0.3794325 0.3549249 0.3794125 0.3549084 0.389391 0.3417941 0.3976685 0.327529 0.3976457 0.3275166 0.4048829 0.3126875 0.3976848 0.3275378 0.3976685 0.327529 0.4049856 0.3127309 0.4048829 0.3126875 0.4101505 0.2970359 0.4101614 0.2970402 0.4101682 0.2970432 0.4050613 0.3127629 0.4049856 0.3127309 0.3976848 0.3275378 0.4050613 0.3127629 0.4051589 0.3128042 0.4101682 0.2970432 0.4101759 0.2970467 0.4051589 0.3128042 0.4101682 0.2970432 0.4141016 0.2809949 0.4140995 0.2809945 0.4101682 0.2970432 0.4101614 0.2970403 0.4141016 0.2809948 0.4165102 0.2646355 0.416508 0.2646353 0.4140995 0.2809945 0.4141016 0.2809949 0.4141016 0.2809949 0.4165102 0.2646355 0.4101614 0.2970403 0.4101505 0.2970359 0.4140995 0.2809945 0.416508 0.2646353 0.4165102 0.2646355 0.4141016 0.2809949 0.4165102 0.2646355 0.416508 0.2646353 0.4173144 0.2480913 0.4173166 0.2480914 0.4165102 0.2646355 0.4165102 0.2646355 0.4173144 0.2480913 0.4165081 0.2315122 0.4165102 0.2315121 0.4173166 0.2480914 0.4173166 0.2480914 0.4165102 0.2315121 0.4165102 0.2646355 0.4173166 0.2480914 0.4173144 0.2480913 0.4165102 0.231512 0.4165081 0.2315122 0.4173144 0.2480913 0.4165102 0.231512 0.4141016 0.2150417 0.4140995 0.2150421 0.4141016 0.2150417 0.4165102 0.231512 0.4165102 0.2315121 0.4101113 0.1988187 0.4101092 0.1988192 0.4140995 0.2150421 0.4141016 0.2150417 0.4141016 0.2150417 0.4101113 0.1988187 0.4140995 0.215042 0.4101092 0.1988192 0.4101113 0.1988187 0.4165102 0.2315121 0.4165081 0.2315122 0.4140995 0.215042 0.4045804 0.1829636 0.4101113 0.1988187 0.4101092 0.1988192 0.4101113 0.1988187 0.4101113 0.1988187 0.4045804 0.1829636 0.4045783 0.1829643 0.3975576 0.1675819 0.3975595 0.1675812 0.4045804 0.1829636 0.4045804 0.1829636 0.3975595 0.1675812 0.4101113 0.1988187 0.4045804 0.1829636 0.4045783 0.1829643 0.3975595 0.1675812 0.3975576 0.1675819 0.4045783 0.1829643 0.3975595 0.1675812 0.3891186 0.1527308 0.3891172 0.152732 0.3891186 0.1527308 0.3975595 0.1675812 0.3975595 0.1675812 0.3796345 0.138755 0.3796352 0.1387583 0.3891172 0.152732 0.3891186 0.1527308 0.3891186 0.1527308 0.3796345 0.138755 0.3891172 0.152732 0.3796353 0.1387583 0.3796345 0.138755 0.3891186 0.1527308 0.3975595 0.1675812 0.3975576 0.1675819 0.3796345 0.138755 0.3796353 0.1387583 0.3706939 0.1271795 0.3706914 0.1271744 0.3796345 0.138755 0.3796345 0.138755 0.3706939 0.1271795 0.3635933 0.1192739 0.3635994 0.1192572 0.3636049 0.1192473 0.3706914 0.1271744 0.3706914 0.1271744 0.3796345 0.138755 0.3706914 0.1271744 0.3706939 0.1271794 0.3636049 0.1192473 0.3636135 0.1192377 0.3706939 0.1271794 0.3636049 0.1192473 0.357429 0.1139683 0.3575069 0.1138288 0.3636049 0.1192473 0.3635994 0.1192572 0.3573687 0.1140763 0.3495108 0.1119791 0.349573 0.1119704 0.3575069 0.1138288 0.3495108 0.1119791 0.357429 0.1139683 0.3573687 0.1140763 0.3572869 0.1142229 0.3493942 0.1119954 0.3494622 0.1119859 0.3635994 0.1192572 0.3635933 0.1192739 0.3572869 0.1142229 0.3494622 0.1119859 0.3493942 0.1119954 0.3384766 0.1101921 0.3495108 0.1119791 0.3494622 0.1119859 0.3389737 0.110257 0.3384766 0.1101921 0.3189244 0.1074311 0.3189865 0.1074311 0.3190308 0.1074311 0.3393411 0.1103051 0.3389737 0.110257 0.3495108 0.1119791 0.3393411 0.1103051 0.3398165 0.1103676 0.3190308 0.1074311 0.3190876 0.1074311 0.3398165 0.1103676 0.3190308 0.1074311 0.2966666 0.1045569 0.2966957 0.1044946 0.3190308 0.1074311 0.3189865 0.1074311 0.2966438 0.104605 0.2733932 0.1030162 0.2733966 0.1029996 0.2966957 0.1044946 0.2733932 0.1030162 0.2966666 0.1045569 0.2966438 0.104605 0.2966125 0.1046701 0.273387 0.1030473 0.2733907 0.1030291 0.3189865 0.1074311 0.3189244 0.1074311 0.2966125 0.1046701 0.2733907 0.1030291 0.273387 0.1030473 0.25 0.1022307 0.2733932 0.1030162 0.2733907 0.1030291 0.25 0.1021415 0.25 0.1022307 0.226613 0.1030473 0.2266094 0.1030292 0.2266068 0.1030162 0.25 0.1020756 0.25 0.1021415 0.2733932 0.1030162 0.25 0.1020756 0.25 0.1019905 0.2266068 0.1030162 0.2266035 0.1029996 0.25 0.1019905 0.2266068 0.1030162 0.2033335 0.1045569 0.2033041 0.1044947 0.2266068 0.1030162 0.2266094 0.1030292 0.2033563 0.104605 0.1807314 0.1074684 0.1807398 0.1074614 0.2033041 0.1044947 0.1807314 0.1074684 0.2033335 0.1045569 0.2033563 0.104605 0.2033871 0.1046702 0.180717 0.1074815 0.1807252 0.1074739 0.2266094 0.1030292 0.226613 0.1030473 0.2033871 0.1046702 0.1807252 0.1074739 0.180717 0.1074815 0.1581758 0.1106308 0.1807314 0.1074684 0.1807252 0.1074739 0.158156 0.1106333 0.1581758 0.1106308 0.1501582 0.1119327 0.1501582 0.1119327 0.1501582 0.1119327 0.158156 0.1106333 0.158156 0.1106333 0.1807314 0.1074684 0.158156 0.1106333 0.1581757 0.1106307 0.1501582 0.1119327 0.1501582 0.1119327 0.1581757 0.1106307 0.1501582 0.1119327 0.1421604 0.1132321 0.1421635 0.1132382 0.1501582 0.1119327 0.1501582 0.1119327 0.1421604 0.1132321 0.1364409 0.1190033 0.136457 0.118982 0.1421635 0.1132382 0.1364409 0.1190033 0.1421604 0.1132321 0.1421604 0.1132321 0.1421635 0.1132383 0.1364107 0.1190445 0.1364284 0.1190202 0.1501582 0.1119327 0.1501582 0.1119327 0.1421635 0.1132383 0.1364284 0.1190202 0.1364107 0.1190445 0.1298005 0.1263214 0.1300895 0.1258199 0.1364409 0.1190033 0.1364284 0.1190202 0.1298005 0.1263214 0.1203983 0.1386097 0.1204071 0.1385712 0.1204133 0.1385436 0.1300895 0.1258199 0.1299667 0.126033 0.1364409 0.1190033 0.1300895 0.1258199 0.1302486 0.1255441 0.1204133 0.1385436 0.1204212 0.1385083 0.1302486 0.1255441 0.1204133 0.1385436 0.1104486 0.152544 0.1103604 0.1525062 0.1204133 0.1385436 0.1204071 0.1385712 0.1105167 0.1525734 0.1104485 0.152544 0.1023152 0.1675342 0.1022943 0.1675263 0.1104485 0.152544 0.1105167 0.1525734 0.1023316 0.1675403 0.1204071 0.1385712 0.1203983 0.1386097 0.1106088 0.1526135 0.1106088 0.1526135 0.1023544 0.1675488 0.1023316 0.1675403 0.1023315 0.1675403 0.1023544 0.1675488 0.09511709 0.1828656 0.1023152 0.1675342 0.1023315 0.1675403 0.09501439 0.1828324 0.09511709 0.1828656 0.08984947 0.1988058 0.08983862 0.1988025 0.08983176 0.1988002 0.09493875 0.1828079 0.09501439 0.1828324 0.1023152 0.1675342 0.09493875 0.1828079 0.09484106 0.1827762 0.08983176 0.1988002 0.08982408 0.1987976 0.09484106 0.1827762 0.08983176 0.1988002 0.08589839 0.2150416 0.08590036 0.2150419 0.08983176 0.1988002 0.08983862 0.1988025 0.08589839 0.2150416 0.0834282 0.2315133 0.08341979 0.2315137 0.08590036 0.2150419 0.0834282 0.2315133 0.08589839 0.2150416 0.08589839 0.2150416 0.08590042 0.215042 0.08344727 0.2315131 0.08343559 0.2315132 0.08983862 0.1988025 0.08984947 0.1988058 0.08590042 0.215042 0.08343559 0.2315132 0.08344727 0.2315131 0.08235585 0.2480983 0.08342814 0.2315133 0.08343559 0.2315132 0.08224481 0.2481006 0.08235585 0.2480983 0.08330851 0.2646645 0.08329546 0.2646648 0.08328616 0.264665 0.08216291 0.2481023 0.08224481 0.2481006 0.08342814 0.2315133 0.08216291 0.2481023 0.08205711 0.2481045 0.08328616 0.264665 0.08327424 0.2646653 0.08205711 0.2481045 0.08328616 0.264665 0.08484053 0.2812186 0.08484494 0.2812177 0.08328616 0.264665 0.08329546 0.2646648 0.08484053 0.2812186 0.08963191 0.2970998 0.08963191 0.2970998 0.08484494 0.2812177 0.08963191 0.2970998 0.08484053 0.2812186 0.08484053 0.2812186 0.084845 0.2812176 0.08963191 0.2970998 0.08963191 0.2970998 0.08329546 0.2646648 0.08330851 0.2646645 0.084845 0.2812176 0.08963191 0.2970998 0.08963191 0.2970998 0.09442752 0.3129791 0.08963191 0.2970998 0.08963191 0.2970998 0.09442329 0.312981 0.09442752 0.3129791 0.102322 0.3275198 0.1023234 0.3275194 0.1023251 0.3275187 0.09442329 0.312981 0.09442329 0.312981 0.08963191 0.2970998 0.09442329 0.312981 0.09442746 0.3129792 0.1023251 0.3275187 0.1023283 0.3275171 0.09442746 0.3129792 0.1023251 0.3275187 0.1108814 0.3416103 0.110883 0.3416091 0.1108814 0.3416103 0.1023251 0.3275187 0.1023234 0.3275194 0.1206631 0.3548458 0.1206647 0.3548445 0.110883 0.3416091 0.1108814 0.3416103 0.1108814 0.3416103 0.1206631 0.3548458 0.110883 0.3416091 0.1206647 0.3548445 0.1206631 0.3548458 0.1023234 0.3275194 0.102322 0.3275198 0.110883 0.3416091 0.1206631 0.3548458 0.1206647 0.3548445 0.1316909 0.3670508 0.1316893 0.3670524 0.1206631 0.3548458 0.1206631 0.3548458 0.1438573 0.3781104 0.1438559 0.3781121 0.1316893 0.3670524 0.1316893 0.3670524 0.1316893 0.3670524 0.1438559 0.3781121 0.1206631 0.3548458 0.1316893 0.3670524 0.1316909 0.3670509 0.1438559 0.3781121 0.1438573 0.3781104 0.1316909 0.3670509 0.1438559 0.3781121 0.1570439 0.3879214 0.157045 0.3879197 0.1570439 0.3879214 0.1438559 0.3781121 0.1438559 0.3781121 0.1710799 0.3965005 0.1710816 0.3964973 0.157045 0.3879197 0.1710799 0.3965005 0.1570439 0.3879215 0.1570439 0.3879214 0.157045 0.3879197 0.1710789 0.3965037 0.1710793 0.3965023 0.1438559 0.3781121 0.1438573 0.3781104 0.157045 0.3879197 0.1710792 0.3965023 0.1710789 0.3965037 0.1855598 0.4044184 0.1710799 0.3965005 0.1710792 0.3965023 0.185558 0.4044226 0.1855598 0.4044184 0.2013528 0.4092254 0.2013528 0.4092254 0.2013528 0.4092254 0.185558 0.4044227 0.185558 0.4044226 0.1710799 0.3965005 0.185558 0.4044226 0.1855598 0.4044184 0.2013528 0.4092254 0.2013529 0.4092254 0.1855598 0.4044184 0.2013528 0.4092253 0.2171478 0.4140281 0.2171486 0.4140235 0.2013528 0.4092253 0.2013528 0.4092254 0.2171478 0.4140281 0.2335758 0.4155048 0.2335763 0.4155013 0.2171486 0.4140235 0.2335758 0.4155048 0.2171478 0.414028 0.2171478 0.414028 0.2013528 0.4092254 0.2013528 0.4092254 0.2171486 0.4140235 0.2335763 0.4155013 0.2335767 0.4154959 0.2171511 0.4140104 0.2013529 0.4092254 0.2171486 0.4140235 0.2171511 0.4140104 0.2335767 0.4154959 0.2335783 0.4154913 0.2171484 0.4140245 0.2013529 0.4092254 0.2171511 0.4140104 0.2171484 0.4140245 0.2013529 0.4092254 0.2013529 0.4092254 0.1855649 0.4044061 0.2013529 0.4092254 0.2013529 0.4092254 0.1855594 0.4044193 0.2013529 0.4092254 0.2013529 0.4092254 0.1855694 0.4043956 0.2013529 0.4092254 0.2171484 0.4140245 0.2171533 0.4139992 0.2013529 0.4092254 0.2007861 0.4090531 0.1861247 0.404595 0.2013529 0.4092254 0.2171533 0.4139992 0.2165811 0.4138557 0.2335783 0.4154913 0.2335786 0.4154837 0.2171533 0.4139992 0.2335786 0.4154837 0.2329896 0.4154357 0.217738 0.4140766 0.217738 0.4140766 0.2329896 0.4154357 0.2335783 0.4154923 0.2165811 0.4138557 0.2171478 0.4140281 0.2013529 0.4092254 0.2335783 0.4154923 0.2335783 0.4154923 0.2171477 0.414028 0.2013529 0.4092254 0.2171478 0.4140281 0.2171478 0.4140281 0.2013529 0.4092254 0.2013529 0.4092254 0.185558 0.4044227 0.1710848 0.3964887 0.185558 0.4044226 0.185558 0.4044226 0.1861247 0.404595 0.2007861 0.4090531 0.2013529 0.4092254 0.1850402 0.4041342 0.185558 0.4044226 0.1710848 0.3964887 0.1710893 0.3964813 0.1855694 0.4043956 0.1850402 0.4041342 0.1710893 0.3964813 0.1705827 0.3961775 0.1575493 0.3882251 0.1575493 0.3882251 0.1705827 0.3961775 0.1710848 0.3964887 0.1438644 0.3781017 0.1570514 0.3879101 0.1565707 0.3875694 0.1565707 0.3875694 0.1570439 0.3879214 0.1438559 0.3781121 0.1710848 0.3964887 0.1710848 0.3964887 0.1570439 0.3879214 0.1438559 0.3781121 0.1570439 0.3879214 0.1570439 0.3879214 0.1438559 0.3781121 0.1438559 0.3781121 0.1316893 0.3670524 0.1206631 0.3548458 0.1316893 0.3670524 0.1316893 0.3670524 0.1321259 0.3674492 0.1434193 0.3777154 0.1438559 0.3781121 0.1312937 0.3666144 0.1316893 0.3670524 0.1206631 0.3548458 0.1206735 0.3548374 0.1316989 0.3670428 0.1312937 0.3666144 0.1438644 0.3781017 0.1434193 0.3777154 0.1321259 0.3674492 0.1206735 0.3548374 0.1203121 0.354371 0.1112323 0.3420852 0.1112323 0.3420852 0.1203121 0.354371 0.1206631 0.3548458 0.1023441 0.3275092 0.1108926 0.3416027 0.1105785 0.3411028 0.1105785 0.3411028 0.1108814 0.3416103 0.1023368 0.3275138 0.1206631 0.3548458 0.1206631 0.3548458 0.1108814 0.3416103 0.1023368 0.3275138 0.1108814 0.3416103 0.1108814 0.3416103 0.1023368 0.3275138 0.1023368 0.3275138 0.09442329 0.312981 0.08963191 0.2970998 0.09442329 0.312981 0.09442329 0.312981 0.09471094 0.3135009 0.1020566 0.3269908 0.1023368 0.3275138 0.09425133 0.3124112 0.09442329 0.312981 0.08963191 0.2970998 0.08963191 0.2970998 0.09445023 0.3129694 0.09425133 0.3124112 0.1023441 0.3275092 0.1020566 0.3269908 0.09471094 0.3135009 0.08963191 0.2970998 0.08946001 0.29653 0.08501249 0.2817884 0.08501249 0.2817884 0.08946001 0.29653 0.08963191 0.2970998 0.08317124 0.2646674 0.08486253 0.2812131 0.08476245 0.2806251 0.08476245 0.2806251 0.08484053 0.2812186 0.08322274 0.2646663 0.08963191 0.2970998 0.08963191 0.2970998 0.08484053 0.2812186 0.08322274 0.2646663 0.08484053 0.2812186 0.08484053 0.2812186 0.08322274 0.2646663 0.08322274 0.2646663 0.08160489 0.248114 0.08337742 0.2315144 0.08160489 0.2481139 0.08160489 0.248114 0.08146357 0.2487121 0.08296805 0.2640765 0.08322274 0.2646663 0.08147311 0.2475224 0.08160489 0.2481139 0.08337742 0.2315144 0.08333438 0.2315165 0.08152705 0.2481158 0.08147311 0.2475224 0.08317124 0.2646674 0.08296805 0.2640765 0.08146357 0.2487121 0.08333438 0.2315165 0.08345156 0.2309237 0.08579188 0.215633 0.08579188 0.215633 0.08345156 0.2309237 0.08337742 0.2315144 0.08974564 0.1987712 0.08590275 0.2150424 0.08602303 0.2144535 0.08602303 0.2144535 0.08589839 0.2150416 0.08978486 0.1987851 0.08337742 0.2315144 0.08337742 0.2315144 0.08589839 0.2150416 0.08978486 0.1987851 0.08589839 0.2150416 0.08589839 0.2150416 0.08978486 0.1987851 0.08978486 0.1987851 0.09442323 0.1826409 0.1022039 0.1674925 0.09442317 0.1826409 0.09442323 0.1826409 0.09407627 0.1831617 0.08977335 0.1981483 0.08978486 0.1987851 0.09450143 0.1820306 0.09442317 0.1826409 0.1022039 0.1674925 0.1021135 0.1674586 0.09434753 0.1826158 0.09450143 0.1820306 0.08974564 0.1987712 0.08977335 0.1981483 0.09407627 0.1831617 0.1021135 0.1674586 0.1023007 0.1668723 0.1095211 0.1528099 0.1095211 0.1528099 0.1023007 0.1668723 0.1022039 0.1674925 0.1204901 0.1382033 0.1099206 0.1523019 0.1102246 0.1517184 0.1102246 0.1517184 0.1099846 0.1523439 0.1204557 0.1383558 0.1204557 0.1383558 0.1099846 0.1523439 0.1099846 0.1523439 0.1022039 0.1674925 0.1022039 0.1674925 0.1099846 0.1523439 0.1204556 0.1383558 0.1204557 0.1383558 0.1309267 0.1243677 0.1365264 0.118888 0.1309267 0.1243677 0.1309267 0.1243677 0.1308335 0.1243435 0.1211094 0.1373348 0.1204556 0.1383558 0.1314237 0.1236678 0.1309267 0.1243677 0.1365264 0.118888 0.1366022 0.1187613 0.1310422 0.124162 0.1314237 0.1236678 0.1204901 0.1382033 0.1211094 0.1373348 0.1308335 0.1243435 0.1366022 0.1187613 0.136756 0.118648 0.1419852 0.1133986 0.1419852 0.1133986 0.136756 0.118648 0.1365264 0.118888 0.1501582 0.1119327 0.1421864 0.1132602 0.1424474 0.1131855 0.1424474 0.1131855 0.1421604 0.1132321 0.1501582 0.1119327 0.1365264 0.118888 0.1365264 0.118888 0.1421604 0.1132321 0.1501582 0.1119327 0.1421604 0.1132321 0.1421604 0.1132321 0.1501582 0.1119327 0.1501582 0.1119327 0.158156 0.1106333 0.1807742 0.1074311 0.158156 0.1106333 0.158156 0.1106333 0.157869 0.1106799 0.1504452 0.1118861 0.1501582 0.1119327 0.158981 0.1105066 0.158156 0.1106333 0.1807742 0.1074311 0.1807687 0.1074009 0.1582813 0.1106147 0.158981 0.1105066 0.1501582 0.1119327 0.1504452 0.1118861 0.157869 0.1106799 0.1807687 0.1074009 0.1815428 0.1072007 0.2023381 0.1042268 0.2023381 0.1042268 0.1815428 0.1072007 0.1807742 0.1074311 0.2265748 0.1028563 0.2031613 0.1041783 0.2039629 0.1040491 0.2039629 0.1040491 0.2031783 0.104229 0.2265892 0.102928 0.1807742 0.1074311 0.1807742 0.1074311 0.2031784 0.104229 0.2265892 0.102928 0.2031783 0.104229 0.2031784 0.104229 0.2265892 0.102928 0.2265892 0.102928 0.25 0.1016269 0.2734109 0.1029279 0.25 0.1016269 0.25 0.1016269 0.2491544 0.1015014 0.2274234 0.1027112 0.2265892 0.102928 0.2508456 0.1015014 0.25 0.1016269 0.2734109 0.1029279 0.2734252 0.1028563 0.25 0.1015571 0.2508456 0.1015014 0.2265748 0.1028563 0.2274234 0.1027112 0.2491544 0.1015014 0.2734252 0.1028563 0.2743055 0.1028427 0.2960371 0.104049 0.2960371 0.104049 0.2743055 0.1028427 0.2734109 0.1029279 0.3195783 0.1074312 0.2968645 0.104181 0.2977747 0.1042386 0.2977747 0.1042386 0.2968217 0.104229 0.3193329 0.1074312 0.2734109 0.1029279 0.2734109 0.1029279 0.2968217 0.104229 0.3193329 0.1074312 0.2968217 0.104229 0.2968217 0.104229 0.319333 0.1074312 0.3193329 0.1074312 0.3418441 0.1106333 0.3498419 0.1119327 0.341844 0.1106333 0.3418441 0.1106333 0.3419364 0.1106238 0.3210285 0.1076498 0.319333 0.1074312 0.3430402 0.1107707 0.341844 0.1106333 0.3498419 0.1119327 0.3501108 0.111895 0.342208 0.1106716 0.3430402 0.1107707 0.3195783 0.1074312 0.3210285 0.1076498 0.3419364 0.1106238 0.3501108 0.111895 0.3503651 0.1117319 0.3577892 0.1129342 0.3577892 0.1129342 0.3503651 0.1117319 0.3498419 0.1119327 0.3636888 0.1191325 0.3579199 0.1131336 0.3581916 0.1131878 0.3581916 0.1131878 0.3578396 0.1132321 0.3636422 0.1191804 0.3498419 0.1119327 0.3498419 0.1119327 0.3578396 0.1132321 0.3636422 0.1191804 0.3578396 0.1132321 0.3578396 0.1132321 0.3636422 0.1191804 0.3636422 0.1191804 0.3706914 0.1271744 0.3796345 0.138755 0.3706914 0.1271744 0.3706914 0.1271744 0.3704503 0.1268665 0.3639071 0.1194457 0.3636422 0.1191804 0.3710123 0.12759 0.3706914 0.1271744 0.3796345 0.138755 0.379639 0.1387751 0.3707099 0.1271996 0.3710123 0.12759 0.3636888 0.1191325 0.3639071 0.1194457 0.3704503 0.1268665 0.379639 0.1387751 0.3799748 0.1392565 0.3887783 0.1522293 0.3887783 0.1522293 0.3799748 0.1392565 0.3796345 0.138755 0.3975476 0.1675856 0.3891099 0.152738 0.3894215 0.1532636 0.3894215 0.1532636 0.3891186 0.1527308 0.3975595 0.1675812 0.3796345 0.138755 0.3796345 0.138755 0.3891186 0.1527308 0.3975595 0.1675812 0.3891186 0.1527308 0.3891186 0.1527308 0.3975595 0.1675812 0.3975595 0.1675812 0.4045804 0.1829636 0.4101113 0.1988187 0.4045804 0.1829636 0.4045804 0.1829636 0.4043284 0.1824117 0.3978114 0.1681331 0.3975595 0.1675812 0.4047788 0.1835325 0.4045804 0.1829636 0.4101113 0.1988187 0.4100984 0.1988217 0.4045679 0.1829676 0.4047788 0.1835325 0.3975476 0.1675856 0.3978114 0.1681331 0.4043284 0.1824117 0.4100984 0.1988217 0.4102545 0.1994008 0.4139584 0.2144595 0.4139584 0.2144595 0.4102545 0.1994008 0.4101113 0.1988187 0.4164968 0.231513 0.4140884 0.2150437 0.4141881 0.2156327 0.4141881 0.2156327 0.4141016 0.2150417 0.4165102 0.2315121 0.4101113 0.1988187 0.4101113 0.1988187 0.4141016 0.2150417 0.4165102 0.2315121 0.4141016 0.2150417 0.4141016 0.2150417 0.4165102 0.2315121 0.4165102 0.2315121 0.4173166 0.2480914 0.4165102 0.2646355 0.4173166 0.2480913 0.4173166 0.2480914 0.4172877 0.2474966 0.4165391 0.2321069 0.4165102 0.2315121 0.4172876 0.248685 0.4173166 0.2480913 0.4165102 0.2646355 0.4164968 0.264634 0.4173031 0.2480911 0.4172876 0.248685 0.4164968 0.231513 0.4165391 0.2321069 0.4172877 0.2474966 0.4164968 0.264634 0.4164238 0.2652225 0.414188 0.2804079 0.414188 0.2804079 0.4164238 0.2652225 0.4165102 0.2646355 0.4102544 0.297081 0.4140926 0.2809938 0.4139769 0.2815777 0.4139769 0.2815777 0.4141016 0.2809948 0.4102151 0.297063 0.4102151 0.297063 0.4141016 0.2809948 0.4141016 0.2809948 0.4165102 0.2646355 0.4165102 0.2646355 0.4141016 0.2809948 0.4102151 0.297063 0.4102151 0.297063 0.4055768 0.3129808 0.3977962 0.3275982 0.4055768 0.3129808 0.4055768 0.3129808 0.4059237 0.3124861 0.4102267 0.2977094 0.4102151 0.297063 0.4054985 0.3135945 0.4055768 0.3129808 0.3977962 0.3275982 0.3978865 0.3276472 0.4056525 0.313014 0.4054985 0.3135945 0.4102544 0.297081 0.4102267 0.2977094 0.4059237 0.3124861 0.3978865 0.3276472 0.3976993 0.3282408 0.390479 0.3418107 0.390479 0.3418107 0.3976993 0.3282408 0.3977961 0.3275982 0.3796237 0.355083 0.3900894 0.3422653 0.3898196 0.3428008 0.3898196 0.3428008 0.3900154 0.3422154 0.3795444 0.3550174 0.3977961 0.3275982 0.3977961 0.3275982 0.3900154 0.3422154 0.3795444 0.3550174 0.3900154 0.3422154 0.3900154 0.3422154 0.3795444 0.3550175 0.3795444 0.3550174 0.3690733 0.3678194 0.3562235 0.378192 0.3690733 0.3678194 0.3690733 0.3678194 0.3696067 0.3675132 0.3793246 0.3556281 0.3795444 0.3550175 0.3687505 0.3683306 0.3690733 0.3678194 0.3562235 0.378192 0.3562549 0.3782216 0.3691323 0.3678773 0.3687505 0.3683306 0.3796237 0.355083 0.3793246 0.3556281 0.3696067 0.3675132 0.3562549 0.3782216 0.355759 0.3785526 0.3434435 0.3875837 0.3434435 0.3875837 0.355759 0.3785526 0.3562235 0.378192 0.3289303 0.3965291 0.3429536 0.3879177 0.3424584 0.3882436 0.3424584 0.3882436 0.3429561 0.3879214 0.3289151 0.3964887 0.3562235 0.378192 0.3562235 0.378192 0.3429561 0.3879214 0.3289151 0.3964887 0.3429561 0.3879214 0.3429561 0.3879214 0.3289151 0.3964887 0.3289151 0.3964887 0.3144419 0.4044226 0.2986471 0.4092254 0.3144419 0.4044227 0.3144419 0.4044226 0.3150359 0.4043189 0.3284695 0.3969518 0.3289151 0.3964887 0.3139554 0.4047995 0.3144419 0.4044227 0.2986471 0.4092254 0.2986769 0.4093239 0.3144724 0.4044993 0.3139554 0.4047995 0.3289303 0.3965291 0.3284695 0.3969518 0.3150359 0.4043189 0.2986769 0.4093239 0.2981266 0.40961 0.2834656 0.4140704 0.2834656 0.4140704 0.2981266 0.40961 0.2986471 0.4092254 0.2664315 0.4155345 0.2828695 0.4141089 0.2823008 0.4142728 0.2823008 0.4142728 0.2828523 0.4140281 0.2664218 0.4154924 0.2986471 0.4092254 0.2986471 0.4092254 0.2828523 0.4140281 0.2664218 0.4154924 0.2828523 0.4140281 0.2828523 0.4140281 0.2664218 0.4154924 0.2664218 0.4154924 0.2500001 0.41619 0.2335783 0.4154923 0.2500001 0.41619 0.2500001 0.41619 0.2494116 0.4161611 0.2500001 0.41619 0.2335783 0.4154923 0.2505924 0.4161808 0.2658358 0.4155334 0.2664218 0.4154924 0.2664315 0.4155345 0.2658358 0.4155334 0.2505924 0.4161808 0.2335786 0.4154837 0.250001 0.4161811 0.2494116 0.4161611 0.2664225 0.4154949 0.2664315 0.4155345 0.250001 0.4161811 0.2335783 0.4154913 0.2500001 0.4161887 0.250001 0.4161811 0.2664225 0.4154949 0.2828537 0.4140346 0.2828695 0.4141089 0.2664154 0.4154556 0.2827818 0.4136727 0.2828537 0.4140346 0.2664154 0.4154556 0.2664225 0.4154949 0.2500001 0.4161887 0.2986233 0.4091469 0.2986492 0.4092322 0.2828537 0.4140346 0.2986492 0.4092322 0.2986769 0.4093239 0.2828695 0.4141089 0.2986233 0.4091469 0.3143035 0.4040877 0.3144443 0.4044287 0.2986492 0.4092322 0.3144443 0.4044287 0.3144724 0.4044993 0.3289001 0.3964545 0.3289159 0.3964912 0.3144443 0.4044287 0.3289159 0.3964912 0.3289303 0.3965291 0.3144724 0.4044993 0.3289001 0.3964545 0.3429518 0.387915 0.3429555 0.3879205 0.3289159 0.3964912 0.3429555 0.3879205 0.3429536 0.3879177 0.3561978 0.3781649 0.3562254 0.3781937 0.3429555 0.3879205 0.3562254 0.3781937 0.3562549 0.3782216 0.3429536 0.3879177 0.3561978 0.3781649 0.3688178 0.3675622 0.369078 0.367824 0.3562254 0.3781937 0.369078 0.367824 0.3691323 0.3678773 0.3794811 0.3549651 0.3795499 0.355022 0.369078 0.367824 0.3795499 0.355022 0.3796237 0.355083 0.3691323 0.3678773 0.3794811 0.3549651 0.3897152 0.3420128 0.3900213 0.3422193 0.3795499 0.355022 0.3900213 0.3422193 0.3900894 0.3422653 0.3977239 0.327559 0.3978024 0.3276015 0.3900213 0.3422193 0.3978024 0.3276015 0.3978865 0.3276472 0.3900894 0.3422653 0.3977239 0.327559 0.4052427 0.3128397 0.4055828 0.3129835 0.3978024 0.3276015 0.4055828 0.3129835 0.4056525 0.313014 0.4101804 0.2970492 0.4102174 0.2970641 0.4055828 0.3129835 0.4102174 0.2970641 0.4102544 0.297081 0.4056525 0.313014 0.4101804 0.2970492 0.4140936 0.2809932 0.4141002 0.2809947 0.4102174 0.2970641 0.4141002 0.2809947 0.4140926 0.2809938 0.4165018 0.2646346 0.4165086 0.2646353 0.4141002 0.2809947 0.4165086 0.2646353 0.4164968 0.264634 0.4140926 0.2809938 0.4165018 0.2646346 0.417308 0.2480912 0.4173148 0.2480913 0.4165086 0.2646353 0.4173148 0.2480913 0.4173031 0.2480911 0.4165018 0.2315126 0.4165085 0.2315121 0.4173148 0.2480913 0.4165085 0.2315121 0.4164968 0.231513 0.4173031 0.2480911 0.4165018 0.2315126 0.4140933 0.215043 0.4140999 0.2150419 0.4165085 0.2315121 0.4140999 0.2150419 0.4140884 0.2150437 0.4101032 0.1988207 0.4101097 0.1988191 0.4140999 0.2150419 0.4101097 0.1988191 0.4100984 0.1988217 0.4140884 0.2150437 0.4101032 0.1988207 0.4045725 0.1829661 0.4045788 0.1829642 0.4101097 0.1988191 0.4045788 0.1829642 0.4045679 0.1829676 0.397552 0.167584 0.3975579 0.1675817 0.4045788 0.1829642 0.3975579 0.1675817 0.3975476 0.1675856 0.4045679 0.1829676 0.397552 0.167584 0.3891131 0.1527354 0.3891175 0.1527317 0.3975579 0.1675817 0.3891175 0.1527317 0.3891099 0.152738 0.3796374 0.1387677 0.379635 0.1387575 0.3891175 0.1527317 0.379635 0.1387575 0.379639 0.1387751 0.3891099 0.152738 0.3796374 0.1387677 0.3707013 0.1271936 0.3706936 0.127178 0.379635 0.1387575 0.3706936 0.127178 0.3707099 0.1271996 0.3636242 0.1192352 0.3636459 0.1191782 0.3706936 0.127178 0.3636459 0.1191782 0.3636888 0.1191325 0.3707099 0.1271996 0.3636242 0.1192352 0.3575742 0.1137095 0.3578458 0.1132242 0.3636459 0.1191782 0.3578458 0.1132242 0.3579199 0.1131336 0.3496271 0.1119628 0.3498604 0.1119301 0.3578458 0.1132242 0.3498604 0.1119301 0.3501108 0.111895 0.3579199 0.1131336 0.3496271 0.1119628 0.3402266 0.1104217 0.3418735 0.1106366 0.3498604 0.1119301 0.3418735 0.1106366 0.342208 0.1106716 0.319137 0.1074311 0.3193498 0.1074312 0.3418735 0.1106366 0.3193498 0.1074312 0.3195783 0.1074312 0.342208 0.1106716 0.319137 0.1074311 0.2967204 0.1044409 0.2968248 0.1042252 0.3193498 0.1074312 0.2968248 0.1042252 0.2968645 0.104181 0.2733994 0.1029852 0.2734119 0.102923 0.2968248 0.1042252 0.2734119 0.102923 0.2734252 0.1028563 0.2968645 0.104181 0.2733994 0.1029852 0.25 0.1019171 0.25 0.1016213 0.2734119 0.102923 0.25 0.1016213 0.25 0.1015571 0.2266006 0.1029852 0.2265882 0.102923 0.25 0.1016213 0.2265882 0.102923 0.2265748 0.1028563 0.25 0.1015571 0.2266006 0.1029852 0.2032789 0.1044411 0.2031769 0.104225 0.2265882 0.102923 0.2031769 0.104225 0.2031613 0.1041783 0.1807474 0.1074553 0.180774 0.107429 0.2031769 0.104225 0.180774 0.107429 0.1807687 0.1074009 0.2031613 0.1041783 0.1807474 0.1074553 0.1582331 0.1106234 0.1581717 0.1106311 0.180774 0.107429 0.1581717 0.1106311 0.1582813 0.1106147 0.1501582 0.1119327 0.1501582 0.1119327 0.1581717 0.1106311 0.1501582 0.1119327 0.1501582 0.1119327 0.1582813 0.1106147 0.1501582 0.1119327 0.1421725 0.1132556 0.1421633 0.1132363 0.1501582 0.1119327 0.1421633 0.1132363 0.1421864 0.1132602 0.1364708 0.1189635 0.1365315 0.1188794 0.1421633 0.1132363 0.1365315 0.1188794 0.1366022 0.1187613 0.1421864 0.1132602 0.1364708 0.1189635 0.1303859 0.1253063 0.1309362 0.124351 0.1365315 0.1188794 0.1309362 0.124351 0.1310422 0.124162 0.1204282 0.1384776 0.120458 0.1383454 0.1309362 0.124351 0.120458 0.1383454 0.1204901 0.1382033 0.1310422 0.124162 0.1204282 0.1384776 0.1102843 0.1524739 0.1099793 0.1523408 0.120458 0.1383454 0.1099793 0.1523408 0.1099206 0.1523019 0.1022761 0.1675195 0.1021977 0.1674901 0.1099793 0.1523408 0.1021977 0.1674901 0.1021135 0.1674586 0.1099206 0.1523019 0.1022761 0.1675195 0.09475725 0.182749 0.09441715 0.182639 0.1021977 0.1674901 0.09441715 0.182639 0.09434753 0.1826158 0.08981961 0.1987956 0.08978259 0.1987842 0.09441715 0.182639 0.08978259 0.1987842 0.08974564 0.1987712 0.09434753 0.1826158 0.08981961 0.1987956 0.08590596 0.2150428 0.08589941 0.2150418 0.08978259 0.1987842 0.08589941 0.2150418 0.08590275 0.2150424 0.08341473 0.2315143 0.08337491 0.2315146 0.08589941 0.2150418 0.08337491 0.2315146 0.08333438 0.2315165 0.08590275 0.2150424 0.08341473 0.2315143 0.08196622 0.2481065 0.08159863 0.2481141 0.08337491 0.2315146 0.08159863 0.2481141 0.08152705 0.2481158 0.08326387 0.2646654 0.08321923 0.2646664 0.08159863 0.2481141 0.08321923 0.2646664 0.08317124 0.2646674 0.08152705 0.2481158 0.08326387 0.2646654 0.08485758 0.2812151 0.08484363 0.2812179 0.08321923 0.2646664 0.08484363 0.2812179 0.08486253 0.2812131 0.08963191 0.2970998 0.08963191 0.2970998 0.08484363 0.2812179 0.08963191 0.2970998 0.08963191 0.2970998 0.08486253 0.2812131 0.08963191 0.2970998 0.09443974 0.3129739 0.09442663 0.3129795 0.08963191 0.2970998 0.09442663 0.3129795 0.09445023 0.3129694 0.1023329 0.3275145 0.1023377 0.3275132 0.09442663 0.3129795 0.1023377 0.3275132 0.1023441 0.3275092 0.09445023 0.3129694 0.1023329 0.3275145 0.1108878 0.3416057 0.1108827 0.3416093 0.1023377 0.3275132 0.1108827 0.3416093 0.1108926 0.3416027 0.1206696 0.3548404 0.1206644 0.3548448 0.1108827 0.3416093 0.1206644 0.3548448 0.1206735 0.3548374 0.1108926 0.3416027 0.1206696 0.3548404 0.1316953 0.3670464 0.1316905 0.3670513 0.1206644 0.3548448 0.1316905 0.3670513 0.1316989 0.3670428 0.1438612 0.3781055 0.143857 0.3781108 0.1316905 0.3670513 0.143857 0.3781108 0.1438644 0.3781017 0.1316989 0.3670428 0.1438612 0.3781055 0.1570484 0.3879149 0.1570448 0.38792 0.143857 0.3781108 0.1570448 0.38792 0.1570514 0.3879101 0.1710841 0.3964927 0.1710854 0.3964879 0.1570448 0.38792 0.1710854 0.3964879 0.1710893 0.3964813 0.1570514 0.3879101 0.1710841 0.3964927 0.1855649 0.4044061 0.1855594 0.4044193 0.1710854 0.3964879 0.1855594 0.4044193 0.1855694 0.4043956 0.1710816 0.3964973 0.1855598 0.4044184 0.1855649 0.4044061 0.1710816 0.3964973 0.1710841 0.3964927 0.1570484 0.3879149 0.1438573 0.3781104 0.157045 0.3879197 0.1570484 0.3879149 0.1438573 0.3781104 0.1438612 0.3781055 0.1316953 0.3670464 0.1206647 0.3548445 0.1316909 0.3670509 0.1316953 0.3670464 0.1206647 0.3548445 0.1206696 0.3548404 0.1108878 0.3416057 0.1023283 0.3275171 0.110883 0.3416091 0.1108878 0.3416057 0.1023283 0.3275171 0.1023329 0.3275145 0.09443974 0.3129739 0.08963191 0.2970998 0.09442746 0.3129792 0.09443974 0.3129739 0.08963191 0.2970998 0.08963191 0.2970998 0.08485758 0.2812151 0.08327424 0.2646653 0.08484494 0.2812177 0.08485758 0.2812151 0.08327424 0.2646653 0.08326387 0.2646654 0.08196622 0.2481065 0.08341979 0.2315137 0.08205711 0.2481045 0.08196622 0.2481065 0.08341979 0.2315137 0.08341473 0.2315143 0.08590596 0.2150428 0.08982408 0.1987976 0.08590036 0.2150419 0.08590596 0.2150428 0.08982408 0.1987976 0.08981961 0.1987956 0.09475725 0.182749 0.1022943 0.1675263 0.09484106 0.1827762 0.09475725 0.182749 0.1022943 0.1675263 0.1022761 0.1675195 0.1102843 0.1524739 0.1204212 0.1385083 0.1103604 0.1525062 0.1102843 0.1524739 0.1204212 0.1385083 0.1204282 0.1384776 0.1303859 0.1253063 0.136457 0.118982 0.1302486 0.1255441 0.1303859 0.1253063 0.136457 0.118982 0.1364708 0.1189635 0.1421725 0.1132556 0.1501582 0.1119327 0.1421635 0.1132382 0.1421725 0.1132556 0.1501582 0.1119327 0.1501582 0.1119327 0.1582331 0.1106234 0.1807398 0.1074614 0.1581757 0.1106307 0.1582331 0.1106234 0.1807398 0.1074614 0.1807474 0.1074553 0.2032789 0.1044411 0.2266035 0.1029996 0.2033041 0.1044947 0.2032789 0.1044411 0.2266035 0.1029996 0.2266006 0.1029852 0.25 0.1019171 0.2733966 0.1029996 0.25 0.1019905 0.25 0.1019171 0.2733966 0.1029996 0.2733994 0.1029852 0.2967204 0.1044409 0.3190876 0.1074311 0.2966957 0.1044946 0.2967204 0.1044409 0.3190876 0.1074311 0.319137 0.1074311 0.3402266 0.1104217 0.349573 0.1119704 0.3398165 0.1103676 0.3402266 0.1104217 0.349573 0.1119704 0.3496271 0.1119628 0.3575742 0.1137095 0.3636135 0.1192377 0.3575069 0.1138288 0.3575742 0.1137095 0.3636135 0.1192377 0.3636242 0.1192352 0.3707013 0.1271936 0.3796352 0.1387583 0.3706939 0.1271794 0.3707013 0.1271936 0.3796352 0.1387583 0.3796374 0.1387677 0.3891131 0.1527354 0.3975576 0.1675819 0.3891172 0.152732 0.3891131 0.1527354 0.3975576 0.1675819 0.397552 0.167584 0.4045725 0.1829661 0.4101092 0.1988192 0.4045783 0.1829643 0.4045725 0.1829661 0.4101092 0.1988192 0.4101032 0.1988207 0.4140933 0.215043 0.4165081 0.2315122 0.4140995 0.2150421 0.4140933 0.215043 0.4165081 0.2315122 0.4165018 0.2315126 0.417308 0.2480912 0.416508 0.2646353 0.4173144 0.2480913 0.417308 0.2480912 0.416508 0.2646353 0.4165018 0.2646346 0.4140936 0.2809932 0.4101759 0.2970467 0.4140995 0.2809945 0.4140936 0.2809932 0.4101759 0.2970467 0.4101804 0.2970492 0.4052427 0.3128397 0.3977057 0.3275491 0.4051589 0.3128042 0.4052427 0.3128397 0.3977057 0.3275491 0.3977239 0.327559 0.3897152 0.3420128 0.3794652 0.3549519 0.3896394 0.3419617 0.3897152 0.3420128 0.3794652 0.3549519 0.3794811 0.3549651 0.3688178 0.3675622 0.3561938 0.3781617 0.3687536 0.3674978 0.3688178 0.3675622 0.3561938 0.3781617 0.3561978 0.3781649 0.3429518 0.387915 0.3288987 0.3964496 0.3429549 0.3879197 0.3429518 0.387915 0.3288987 0.3964496 0.3289001 0.3964545 0.3143035 0.4040877 0.2986174 0.4091271 0.3142688 0.4040036 0.3143035 0.4040877 0.2986174 0.4091271 0.2986233 0.4091469 0.2827818 0.4136727 0.2664138 0.4154508 0.2827641 0.4135835 0.2827818 0.4136727 0.2664138 0.4154508 0.2664154 0.4154556 0.25 0.4161826 0.2335763 0.4155013 0.25 0.4161881 0.25 0.4161826 0.2335767 0.4154959 0.25 0.4161826 0.2500001 0.4161887 0.2013528 0.4092254 0.2013529 0.4092254 0.2171511 0.4140104 0.1855649 0.4044061 0.2013529 0.4092254 0.2013528 0.4092254 0.2013529 0.4092254 0.2013529 0.4092254 0.2171478 0.4140279 0.185558 0.4044225 0.2013529 0.4092254 0.2013529 0.4092254 0.1710789 0.3965037 0.1710798 0.3965031 0.1855649 0.4044061 0.1710798 0.3965031 0.1710616 0.3965316 0.185558 0.4044225 0.1710616 0.3965316 0.1710515 0.3965468 0.185558 0.4044226 0.185558 0.4044226 0.2013528 0.4092254 0.2013529 0.4092254 0.1568459 0.3882188 0.1710515 0.3965468 0.1710616 0.3965316 0.1569268 0.3880974 0.1710616 0.3965316 0.1710798 0.3965031 0.1438613 0.3781055 0.1438227 0.3781528 0.1569268 0.3880974 0.1438227 0.3781528 0.1437997 0.378181 0.1568459 0.3882188 0.1314373 0.3673058 0.1437997 0.378181 0.1438227 0.3781528 0.1315402 0.3672024 0.1438227 0.3781528 0.1438613 0.3781055 0.1316953 0.3670464 0.1438613 0.3781055 0.1438573 0.3781104 0.1438573 0.3781104 0.1438613 0.3781055 0.1570484 0.3879149 0.1206647 0.3548445 0.1206697 0.3548403 0.1316953 0.3670464 0.1206697 0.3548403 0.1206225 0.3548793 0.1315402 0.3672024 0.1107061 0.3417285 0.1206225 0.3548793 0.1206697 0.3548403 0.1108878 0.3416057 0.1206697 0.3548403 0.1206647 0.3548445 0.102322 0.3275198 0.1023225 0.3275189 0.1108878 0.3416057 0.1023225 0.3275189 0.1022942 0.3275373 0.1107061 0.3417285 0.1022942 0.3275373 0.102279 0.3275475 0.110585 0.3418101 0.110585 0.3418101 0.1205945 0.3549025 0.1206225 0.3548793 0.09442329 0.312981 0.102279 0.3275475 0.1022942 0.3275373 0.09442335 0.3129809 0.1022942 0.3275373 0.1023225 0.3275189 0.08963191 0.2970998 0.08963191 0.2970998 0.09442335 0.3129809 0.08963191 0.2970998 0.08963191 0.2970998 0.09442329 0.312981 0.08484059 0.2812186 0.08963191 0.2970998 0.08963191 0.2970998 0.08484065 0.2812186 0.08963191 0.2970998 0.08963191 0.2970998 0.08485788 0.281215 0.08963191 0.2970998 0.08963191 0.2970998 0.08963191 0.2970998 0.08963191 0.2970998 0.0944398 0.3129739 0.08330851 0.2646645 0.0833221 0.2646642 0.08485788 0.281215 0.0833221 0.2646642 0.08331316 0.2646644 0.08484065 0.2812186 0.08240038 0.2480973 0.08331316 0.2646644 0.0833221 0.2646642 0.08246177 0.2480961 0.0833221 0.2646642 0.08330851 0.2646645 0.08344727 0.2315131 0.08346176 0.2315133 0.08246177 0.2480961 0.08346176 0.2315133 0.08341956 0.2315089 0.08240038 0.2480973 0.08341956 0.2315089 0.08338654 0.2315064 0.08226692 0.2481001 0.08226692 0.2481001 0.08329796 0.2646647 0.08331316 0.2646644 0.08554887 0.2149862 0.08338654 0.2315064 0.08341956 0.2315089 0.08569163 0.2150089 0.08341956 0.2315089 0.08346176 0.2315133 0.08986312 0.1988097 0.08982181 0.1988013 0.08569163 0.2150089 0.08982181 0.1988013 0.08978992 0.1987939 0.08554887 0.2149862 0.09503483 0.182839 0.08978992 0.1987939 0.08982181 0.1988013 0.0951581 0.1828789 0.08982181 0.1988013 0.08986312 0.1988097 0.09521526 0.1828973 0.08986312 0.1988097 0.08984947 0.1988058 0.08984947 0.1988058 0.08986312 0.1988097 0.08590638 0.2150429 0.1023544 0.1675488 0.1023784 0.1675578 0.09521526 0.1828973 0.1023784 0.1675578 0.1023626 0.1675519 0.0951581 0.1828789 0.110646 0.1526292 0.1023626 0.1675519 0.1023784 0.1675578 0.1106961 0.1526523 0.1023784 0.1675578 0.1023544 0.1675488 0.1203892 0.1386501 0.1203952 0.1386235 0.110646 0.1526292 0.1203983 0.1386097 0.1203892 0.1386501 0.1106961 0.1526523 0.1297333 0.1264377 0.1203952 0.1386235 0.1203892 0.1386501 0.1296427 0.1265959 0.1203892 0.1386501 0.1203983 0.1386097 0.1364107 0.1190445 0.136392 0.1190711 0.1296427 0.1265959 0.136392 0.1190711 0.1364079 0.1190352 0.1297333 0.1264377 0.1364079 0.1190352 0.1364307 0.1189957 0.1299335 0.1260905 0.1299335 0.1260905 0.1204053 0.1385785 0.1203952 0.1386235 0.1421604 0.1132321 0.1364307 0.1189957 0.1364079 0.1190352 0.1421605 0.1132323 0.1364079 0.1190352 0.136392 0.1190711 0.1501582 0.1119327 0.1501582 0.1119327 0.1421605 0.1132323 0.1501582 0.1119327 0.1501582 0.1119327 0.1421604 0.1132321 0.1581561 0.1106333 0.1501582 0.1119327 0.1501582 0.1119327 0.1581564 0.1106332 0.1501582 0.1119327 0.1501582 0.1119327 0.1582333 0.1106234 0.1501582 0.1119327 0.1501582 0.1119327 0.1501582 0.1119327 0.1501582 0.1119327 0.1421723 0.1132561 0.180717 0.1074815 0.18071 0.1074895 0.1582333 0.1106234 0.18071 0.1074895 0.1806923 0.1074843 0.1581564 0.1106332 0.2033995 0.1046964 0.1806923 0.1074843 0.18071 0.1074895 0.2034165 0.1047324 0.18071 0.1074895 0.180717 0.1074815 0.226613 0.1030473 0.2266168 0.1030663 0.2034165 0.1047324 0.2266168 0.1030663 0.2266143 0.1030538 0.2033995 0.1046964 0.2266143 0.1030538 0.2266101 0.1030327 0.2033624 0.104618 0.2033624 0.104618 0.1806881 0.1074753 0.1806923 0.1074843 0.25 0.1021593 0.2266101 0.1030327 0.2266143 0.1030538 0.25 0.1022666 0.2266143 0.1030538 0.2266168 0.1030663 0.2733833 0.1030663 0.2733857 0.1030538 0.25 0.1022666 0.2733857 0.1030538 0.2733899 0.1030327 0.25 0.1021593 0.2966377 0.104618 0.2733899 0.1030327 0.2733857 0.1030538 0.2966005 0.1046964 0.2733857 0.1030538 0.2733833 0.1030663 0.2965816 0.1047321 0.2733833 0.1030663 0.273387 0.1030473 0.273387 0.1030473 0.2733833 0.1030663 0.25 0.1023159 0.3189244 0.1074311 0.3188595 0.1074311 0.2965816 0.1047321 0.3188595 0.1074311 0.3189023 0.1074311 0.2966005 0.1046964 0.3382761 0.1101655 0.3189023 0.1074311 0.3188595 0.1074311 0.3380035 0.1101307 0.3188595 0.1074311 0.3189244 0.1074311 0.3493942 0.1119954 0.3493229 0.1120054 0.3380035 0.1101307 0.3493229 0.1120054 0.3493699 0.1119988 0.3382761 0.1101655 0.3493699 0.1119988 0.3494491 0.1119877 0.3388746 0.110244 0.3388746 0.110244 0.3189745 0.1074311 0.3189023 0.1074311 0.3573524 0.1141054 0.3494491 0.1119877 0.3493699 0.1119988 0.3572543 0.1142815 0.3493699 0.1119988 0.3493229 0.1120054 0.3635897 0.1192972 0.3635528 0.1192015 0.3572543 0.1142815 0.3635528 0.1192015 0.3635365 0.1191341 0.3573524 0.1141054 0.3701568 0.1262471 0.3635365 0.1191341 0.3635528 0.1192015 0.3703752 0.1266259 0.3635528 0.1192015 0.3635897 0.1192972 0.3707012 0.127194 0.3635897 0.1192972 0.3635933 0.1192739 0.3635933 0.1192739 0.3635897 0.1192972 0.3572086 0.1143631 0.3796353 0.1387583 0.3796373 0.1387677 0.3707012 0.127194 0.3796373 0.1387677 0.3796169 0.1386771 0.3703752 0.1266259 0.3892939 0.1526552 0.3796169 0.1386771 0.3796373 0.1387677 0.3891131 0.1527354 0.3796373 0.1387677 0.3796353 0.1387583 0.3975576 0.1675819 0.397552 0.167584 0.3891131 0.1527354 0.397552 0.167584 0.3976057 0.1675639 0.3892939 0.1526552 0.3976057 0.1675639 0.3976377 0.1675519 0.3894149 0.152603 0.3894149 0.152603 0.3796047 0.1386231 0.3796169 0.1386771 0.4049096 0.182857 0.3976377 0.1675519 0.3976057 0.1675639 0.4047751 0.1829006 0.3976057 0.1675639 0.397552 0.167584 0.4101032 0.1988207 0.4101615 0.1988067 0.4047751 0.1829006 0.4101615 0.1988067 0.4101962 0.1987984 0.4049096 0.182857 0.4144511 0.2149862 0.4101962 0.1987984 0.4101615 0.1988067 0.4143084 0.2150089 0.4101615 0.1988067 0.4101032 0.1988207 0.4140933 0.215043 0.4101032 0.1988207 0.4101092 0.1988192 0.4101092 0.1988192 0.4101032 0.1988207 0.4045724 0.1829661 0.4165081 0.2315122 0.4165018 0.2315126 0.4140933 0.215043 0.4165018 0.2315126 0.4165624 0.2315085 0.4143084 0.2150089 0.4175274 0.2480958 0.4165624 0.2315085 0.4165018 0.2315126 0.417308 0.2480912 0.4165018 0.2315126 0.4165081 0.2315122 0.416508 0.2646353 0.4165017 0.2646346 0.417308 0.2480912 0.4165017 0.2646346 0.4165624 0.2646415 0.4175274 0.2480958 0.4165624 0.2646415 0.4165985 0.2646457 0.4176729 0.2480989 0.4176729 0.2480989 0.4165985 0.2315061 0.4165624 0.2315085 0.4144511 0.2810688 0.4165985 0.2646457 0.4165624 0.2646415 0.4143083 0.2810386 0.4165624 0.2646415 0.4165017 0.2646346 0.4101782 0.297042 0.4102101 0.2970516 0.4144511 0.2810688 0.4101369 0.2970308 0.4101782 0.297042 0.4143083 0.2810386 0.4049652 0.3127223 0.4102101 0.2970516 0.4101782 0.297042 0.4048418 0.3126701 0.4101782 0.297042 0.4101369 0.2970308 0.4047847 0.312646 0.4101369 0.2970308 0.4101505 0.2970359 0.4101505 0.2970359 0.4101369 0.2970308 0.4140934 0.2809932 0.3976457 0.3275166 0.3976216 0.3275036 0.4047847 0.312646 0.3976216 0.3275036 0.3976374 0.3275121 0.4048418 0.3126701 0.389354 0.3417691 0.3976374 0.3275121 0.3976216 0.3275036 0.3893028 0.3417345 0.3976216 0.3275036 0.3976457 0.3275166 0.3794125 0.3549084 0.3793915 0.354891 0.3893028 0.3417345 0.3793915 0.354891 0.3794053 0.3549025 0.389354 0.3417691 0.3794053 0.3549025 0.3794286 0.3549217 0.3894649 0.341844 0.3894649 0.341844 0.3976641 0.3275265 0.3976374 0.3275121 0.3686053 0.3673486 0.3794286 0.3549217 0.3794053 0.3549025 0.3685109 0.3672537 0.3794053 0.3549025 0.3793915 0.354891 0.3561645 0.3781315 0.3561902 0.3781657 0.3685109 0.3672537 0.3561902 0.3781657 0.356211 0.3781917 0.3686053 0.3673486 0.3431541 0.3882188 0.356211 0.3781917 0.3561902 0.3781657 0.3430732 0.3880972 0.3561902 0.3781657 0.3561645 0.3781315 0.3429515 0.3879146 0.3561645 0.3781315 0.3561743 0.3781422 0.3561743 0.3781422 0.3561645 0.3781315 0.3684672 0.3672097 0.3288882 0.3964242 0.3288821 0.396411 0.3429515 0.3879146 0.3288821 0.396411 0.3289037 0.3964478 0.3430732 0.3880972 0.3141376 0.4036857 0.3289037 0.3964478 0.3288821 0.396411 0.3141139 0.4036284 0.3288821 0.396411 0.3288882 0.3964242 0.2985976 0.4090616 0.2985898 0.4090356 0.3141139 0.4036284 0.2985898 0.4090356 0.2985949 0.4090527 0.3141376 0.4036857 0.2985949 0.4090527 0.2986037 0.4090817 0.3141886 0.4038093 0.3141886 0.4038093 0.3289197 0.3964771 0.3289037 0.3964478 0.2827232 0.4133773 0.2986037 0.4090817 0.2985949 0.4090527 0.2826972 0.4132461 0.2985949 0.4090527 0.2985898 0.4090356 0.2664062 0.4154093 0.2664086 0.415452 0.2826972 0.4132461 0.2664086 0.415452 0.2664115 0.4154852 0.2827232 0.4133773 0.2826851 0.4131852 0.2985898 0.4090356 0.2985976 0.4090616 0.2664084 0.4154238 0.2664062 0.4154093 0.2826851 0.4131852 0.3289037 0.3964478 0.3289197 0.3964771 0.3431541 0.3882188 0.3289197 0.3964771 0.3289372 0.3965092 0.343243 0.3883525 0.3684672 0.3672097 0.3793915 0.354891 0.3794125 0.3549084 0.3976374 0.3275121 0.3976641 0.3275265 0.4049652 0.3127223 0.4140934 0.2809932 0.4165017 0.2646346 0.416508 0.2646353 0.4165624 0.2315085 0.4165985 0.2315061 0.4144511 0.2149862 0.4045724 0.1829661 0.397552 0.167584 0.3975576 0.1675819 0.3796169 0.1386771 0.3796047 0.1386231 0.3701568 0.1262471 0.3572086 0.1143631 0.3493229 0.1120054 0.3493942 0.1119954 0.3189023 0.1074311 0.3189745 0.1074311 0.2966377 0.104618 0.25 0.1023159 0.2266168 0.1030663 0.226613 0.1030473 0.1806923 0.1074843 0.1806881 0.1074753 0.1581561 0.1106333 0.1421723 0.1132561 0.136392 0.1190711 0.1364107 0.1190445 0.1203952 0.1386235 0.1204053 0.1385785 0.110535 0.1525813 0.110535 0.1525813 0.1023359 0.1675419 0.1023626 0.1675519 0.1023626 0.1675519 0.1023359 0.1675419 0.09503483 0.182839 0.08590638 0.2150429 0.08346176 0.2315133 0.08344727 0.2315131 0.08331316 0.2646644 0.08329796 0.2646647 0.08484059 0.2812186 0.0944398 0.3129739 0.1023225 0.3275189 0.102322 0.3275198 0.1206225 0.3548793 0.1205945 0.3549025 0.1314373 0.3673058 0.1570484 0.3879149 0.1710798 0.3965031 0.1710789 0.3965037 0.2013529 0.4092254 0.2013528 0.4092254 0.2171478 0.4140279 0.2664262 0.4156496 0.25 0.417271 0.25 0.417271 0.2664262 0.4156496 0.25 0.417271 0.25 0.417271 0.2664262 0.4156496 0.2664262 0.4156496 0.2828523 0.4140281 0.3289372 0.3965092 0.3289986 0.3966221 0.3435552 0.3888215 0.2986471 0.4092254 0.2828523 0.4140281 0.2828523 0.4140281 0.4141016 0.2809948 0.4165102 0.2646355 0.4165102 0.2646355 0.4102151 0.297063 0.4141016 0.2809948 0.4141016 0.2809948 0.4102151 0.297063 0.4101631 0.297041 0.4141016 0.2809949 0.4141016 0.2809948 0.4141016 0.2809949 0.4165102 0.2646355 0.4101631 0.297041 0.410152 0.2970365 0.4140998 0.2809945 0.4140998 0.2809945 0.4165084 0.2646353 0.4165102 0.2646355 0.4048965 0.3126933 0.410152 0.2970365 0.4101631 0.297041 0.4102151 0.297063 0.4055768 0.3129808 0.4050048 0.312739 0.3976727 0.3275312 0.3976488 0.3275182 0.4048965 0.3126933 0.3977961 0.3275982 0.3976727 0.3275312 0.4050048 0.312739 0.4102151 0.297063 0.4102152 0.297063 0.4055768 0.3129808 0.3977961 0.3275982 0.4055768 0.3129808 0.4055768 0.3129808 0.3977961 0.3275982 0.3977961 0.3275981 0.3900154 0.3422154 0.3795444 0.3550174 0.3900154 0.3422154 0.3900154 0.3422154 0.3795444 0.3550174 0.3795444 0.3550174 0.3690733 0.3678194 0.3795444 0.3550174 0.3690733 0.3678194 0.3686355 0.3673791 0.3795444 0.3550174 0.3794361 0.3549279 0.3895006 0.3418681 0.3794361 0.3549279 0.3794152 0.3549106 0.3894033 0.3418024 0.3685528 0.3672959 0.3794152 0.3549106 0.3794361 0.3549279 0.3894033 0.3418024 0.3976488 0.3275182 0.3976727 0.3275312 0.3977961 0.3275982 0.3900154 0.3422154 0.3895006 0.341868 0.3794152 0.3549106 0.3793939 0.354893 0.3893111 0.3417401 0.3893111 0.3417401 0.3976244 0.3275051 0.3976488 0.3275182 0.3976488 0.3275182 0.3976244 0.3275051 0.4047939 0.3126499 0.3976244 0.3275051 0.3975989 0.3274912 0.4046634 0.3125947 0.3891934 0.3416607 0.3975989 0.3274912 0.3976244 0.3275051 0.4047939 0.3126499 0.4101388 0.2970315 0.410152 0.2970365 0.4046634 0.3125947 0.4101392 0.2970294 0.4101388 0.2970315 0.4101388 0.2970315 0.4101392 0.2970294 0.4141303 0.281001 0.410152 0.2970365 0.4101388 0.2970315 0.4140946 0.2809935 0.4141303 0.281001 0.4165247 0.2646372 0.416503 0.2646347 0.4140946 0.2809935 0.416503 0.2646347 0.4165084 0.2646353 0.416503 0.2646347 0.4165247 0.2646372 0.4173458 0.248092 0.4165084 0.2646353 0.416503 0.2646347 0.4173093 0.2482407 0.4173093 0.2482407 0.416503 0.2646347 0.4165084 0.2646353 0.4173458 0.248092 0.4165247 0.2646372 0.416503 0.2646347 0.4165084 0.2646353 0.416503 0.2646347 0.4140946 0.2809935 0.416503 0.2646347 0.4165247 0.2646372 0.4141303 0.2810009 0.4165247 0.2646372 0.4165347 0.2646384 0.4141501 0.2810052 0.417366 0.2480924 0.4165347 0.2646384 0.4165247 0.2646372 0.4165347 0.2646384 0.4165457 0.2646396 0.4141718 0.2810097 0.4173882 0.2480929 0.4165457 0.2646396 0.4165347 0.2646384 0.4165247 0.2646372 0.4165347 0.2646384 0.417366 0.2480924 0.4165347 0.2646384 0.4165457 0.2646396 0.4173882 0.2480929 0.4165457 0.2646396 0.4165548 0.2646406 0.4174064 0.2480933 0.4174064 0.2480933 0.4165548 0.2646406 0.4165457 0.2646396 0.4183951 0.248114 0.4167773 0.2646663 0.4165548 0.2646406 0.4165548 0.2646406 0.4167773 0.2646663 0.4183951 0.248114 0.4165548 0.2646406 0.4167773 0.2646663 0.4151594 0.2812186 0.4165457 0.2646396 0.4165548 0.2646406 0.4141898 0.2810135 0.4151594 0.2812186 0.4103682 0.2970997 0.4101541 0.2970325 0.4101541 0.2970325 0.4103682 0.2970997 0.4055768 0.3129808 0.4101496 0.2970316 0.4101541 0.2970325 0.4046634 0.3125947 0.4141898 0.2810135 0.4101541 0.2970325 0.4101496 0.2970316 0.4141718 0.2810097 0.4101496 0.2970316 0.4101442 0.2970305 0.4101442 0.2970305 0.4101496 0.2970316 0.4046634 0.3125947 0.4046634 0.3125947 0.3975989 0.3274912 0.3975989 0.3274912 0.4046634 0.3125947 0.3975989 0.3274912 0.3975989 0.3274912 0.3975989 0.3274912 0.3975989 0.3274912 0.3891934 0.3416607 0.3975989 0.3274912 0.3975989 0.3274912 0.3891934 0.3416607 0.3975989 0.3274912 0.3977961 0.3275981 0.3900154 0.3422154 0.4055768 0.3129808 0.3977961 0.3275981 0.3975989 0.3274912 0.3900154 0.3422154 0.3795444 0.3550174 0.3793715 0.3548745 0.3793715 0.3548745 0.3795444 0.3550174 0.3690733 0.3678194 0.3793715 0.3548745 0.3793715 0.3548745 0.3683742 0.3671163 0.3891934 0.3416607 0.3793715 0.3548745 0.3793715 0.3548745 0.3891934 0.3416607 0.3793715 0.3548745 0.3793715 0.3548745 0.3793715 0.3548745 0.3793715 0.3548745 0.3683742 0.3671163 0.3683742 0.3671163 0.3561699 0.378143 0.3561668 0.3781384 0.3683742 0.3671163 0.3561725 0.3781468 0.3561699 0.378143 0.3561668 0.3781384 0.3561699 0.378143 0.3429958 0.3879811 0.3561699 0.378143 0.3561725 0.3781468 0.343006 0.3879964 0.3561725 0.3781468 0.3563143 0.3783205 0.3435552 0.3888215 0.3690733 0.3678194 0.3563143 0.3783205 0.3561725 0.3781468 0.3435552 0.3888215 0.3289986 0.3966221 0.3288932 0.3964242 0.3288932 0.3964242 0.3289986 0.3966221 0.3144419 0.4044226 0.3288907 0.3964204 0.3288932 0.3964242 0.3140636 0.4035066 0.343006 0.3879964 0.3288932 0.3964242 0.3288907 0.3964204 0.3429958 0.3879811 0.3288907 0.3964204 0.3288876 0.3964158 0.3288876 0.3964158 0.3288907 0.3964204 0.3140636 0.4035066 0.3140636 0.4035066 0.2985822 0.4090108 0.2985822 0.4090108 0.3140636 0.4035066 0.2985822 0.4090108 0.2985822 0.4090108 0.2985822 0.4090108 0.2985822 0.4090108 0.2826594 0.4130561 0.2985822 0.4090108 0.2985822 0.4090108 0.2826594 0.4130561 0.2985822 0.4090108 0.2986471 0.4092254 0.2828523 0.4140281 0.3144419 0.4044226 0.2986471 0.4092254 0.2985822 0.4090108 0.2828523 0.4140281 0.2664262 0.4156496 0.2664043 0.4154265 0.2664043 0.4154265 0.2664262 0.4156496 0.25 0.417271 0.2664043 0.4154219 0.2664043 0.4154265 0.2500001 0.4162801 0.2826594 0.4130561 0.2664043 0.4154265 0.2664043 0.4154219 0.2826594 0.4130561 0.2664043 0.4154219 0.2664043 0.4154164 0.2664043 0.4154164 0.2664043 0.4154219 0.2500001 0.4162618 0.2500001 0.4162618 0.2335879 0.4154618 0.2335835 0.4154782 0.2500001 0.4162801 0.2335914 0.4154485 0.2335879 0.4154618 0.2335835 0.4154782 0.2335879 0.4154619 0.2172874 0.413324 0.2335879 0.4154619 0.2335914 0.4154485 0.2173231 0.4131443 0.2335914 0.4154485 0.2335739 0.4156495 0.2171477 0.414028 0.25 0.417271 0.2335739 0.4156495 0.2335914 0.4154485 0.2171477 0.414028 0.2013528 0.4092254 0.2014048 0.4090537 0.2014048 0.4090537 0.2013528 0.4092254 0.185558 0.4044226 0.2013942 0.4090886 0.2014048 0.4090537 0.1859019 0.4035899 0.2173231 0.4131443 0.2014048 0.4090537 0.2013942 0.4090886 0.2172874 0.413324 0.2013942 0.4090886 0.2013814 0.409131 0.2013814 0.409131 0.2013942 0.4090886 0.185832 0.4037592 0.185832 0.4037592 0.1710937 0.3964581 0.1710883 0.3964741 0.1859019 0.4035899 0.1710981 0.396445 0.1710937 0.3964581 0.1710883 0.3964741 0.1710937 0.3964582 0.1570041 0.3879811 0.1710937 0.3964582 0.1710981 0.396445 0.1569939 0.3879964 0.1710981 0.396445 0.1710013 0.3966221 0.1564447 0.3888216 0.185558 0.4044226 0.1710013 0.3966221 0.1710981 0.396445 0.1564447 0.3888216 0.1436856 0.3783205 0.1438275 0.3781468 0.1438275 0.3781468 0.1436856 0.3783205 0.1309266 0.3678194 0.1438333 0.3781397 0.1438275 0.3781468 0.1316258 0.3671163 0.1569939 0.3879964 0.1438275 0.3781468 0.1438333 0.3781397 0.1570041 0.3879811 0.1438333 0.3781397 0.1438403 0.3781312 0.1438403 0.3781312 0.1438333 0.3781397 0.1316387 0.3671033 0.1316387 0.3671033 0.1206355 0.3548686 0.120644 0.3548616 0.1316258 0.3671163 0.1206285 0.3548744 0.1206355 0.3548686 0.120644 0.3548616 0.1206355 0.3548686 0.1108219 0.3416504 0.1206355 0.3548686 0.1206285 0.3548744 0.1108067 0.3416606 0.1206285 0.3548744 0.1204556 0.3550174 0.1099846 0.3422152 0.1309266 0.3678194 0.1204556 0.3550174 0.1206285 0.3548744 0.1099846 0.3422152 0.1022039 0.3275981 0.1023803 0.3275 0.1023803 0.3275 0.1022039 0.3275981 0.09442329 0.312981 0.1023673 0.3275046 0.1023803 0.3275 0.09525364 0.3126299 0.1108067 0.3416606 0.1023803 0.3275 0.1023673 0.3275046 0.1108219 0.3416504 0.1023673 0.3275046 0.1023514 0.3275101 0.1023514 0.3275101 0.1023673 0.3275046 0.09508478 0.3127012 0.09508478 0.3127012 0.08976829 0.297057 0.08972603 0.2970702 0.09525364 0.3126299 0.08980309 0.297046 0.08976829 0.297057 0.08972603 0.2970702 0.08976829 0.297057 0.08554285 0.2810701 0.08976829 0.297057 0.08980309 0.297046 0.08572208 0.2810322 0.08980309 0.297046 0.08963191 0.2970998 0.08484053 0.2812185 0.09442329 0.312981 0.08963191 0.2970998 0.08980309 0.297046 0.08484053 0.2812185 0.08322274 0.2646663 0.08342325 0.2646453 0.08342325 0.2646453 0.08322274 0.2646663 0.08160489 0.248114 0.08340531 0.2646491 0.08342325 0.2646453 0.08259361 0.2480933 0.08572208 0.2810322 0.08342325 0.2646453 0.08340531 0.2646491 0.08554285 0.2810701 0.08340531 0.2646491 0.08338356 0.2646537 0.08338356 0.2646537 0.08340531 0.2646491 0.08259361 0.2480933 0.08259361 0.2480933 0.08340531 0.2646491 0.08338356 0.2646537 0.08259361 0.2480933 0.08342325 0.2646453 0.08340531 0.2646491 0.08338356 0.2646537 0.08340531 0.2646491 0.08554285 0.2810701 0.08340531 0.2646491 0.08342325 0.2646453 0.08572208 0.2810322 0.08342325 0.2646453 0.08259361 0.2480933 0.08160489 0.248114 0.08342325 0.2646453 0.08322274 0.2646663 0.08484053 0.2812185 0.08980309 0.297046 0.08572208 0.2810322 0.08484053 0.2812185 0.08572208 0.2810322 0.08980309 0.297046 0.08976829 0.2970569 0.08980309 0.297046 0.08963191 0.2970998 0.09442329 0.312981 0.08976829 0.2970569 0.08980309 0.297046 0.09525364 0.3126299 0.08554285 0.2810701 0.08976829 0.2970569 0.08972603 0.2970703 0.08972603 0.2970703 0.08976829 0.2970569 0.09508478 0.3127012 0.09508478 0.3127012 0.1023673 0.3275046 0.1023514 0.3275101 0.09525364 0.3126299 0.1023803 0.3275 0.1023673 0.3275046 0.1023514 0.3275101 0.1023673 0.3275046 0.1108219 0.3416504 0.1023673 0.3275046 0.1023803 0.3275 0.1108067 0.3416606 0.1023803 0.3275 0.09525364 0.3126299 0.09442329 0.312981 0.1023803 0.3275 0.1022039 0.3275981 0.1099846 0.3422152 0.1206285 0.3548744 0.1108067 0.3416606 0.1099846 0.3422152 0.1108067 0.3416606 0.1206285 0.3548744 0.1206355 0.3548686 0.1206285 0.3548744 0.1204556 0.3550174 0.1309266 0.3678194 0.1206355 0.3548686 0.1206285 0.3548744 0.1316258 0.3671163 0.1108219 0.3416504 0.1206355 0.3548686 0.120644 0.3548616 0.120644 0.3548616 0.1206355 0.3548686 0.1316387 0.3671033 0.1316387 0.3671033 0.1438333 0.3781397 0.1438403 0.3781312 0.1316258 0.3671163 0.1438275 0.3781468 0.1438333 0.3781397 0.1438403 0.3781312 0.1438333 0.3781397 0.1570041 0.3879812 0.1438333 0.3781397 0.1438275 0.3781468 0.1569939 0.3879964 0.1438275 0.3781468 0.1316258 0.3671163 0.1309266 0.3678194 0.1438275 0.3781468 0.1436856 0.3783205 0.1564447 0.3888216 0.1710981 0.396445 0.1569939 0.3879964 0.1564447 0.3888216 0.1569939 0.3879964 0.1710981 0.396445 0.1710937 0.3964581 0.1710981 0.396445 0.1710013 0.3966221 0.185558 0.4044226 0.1710937 0.3964582 0.1710981 0.396445 0.1859019 0.4035899 0.1570041 0.3879812 0.1710937 0.3964581 0.1710883 0.3964741 0.1710883 0.3964741 0.1710937 0.3964582 0.185832 0.4037592 0.185832 0.4037592 0.2013942 0.4090886 0.2013814 0.409131 0.1859019 0.4035899 0.2014048 0.4090537 0.2013942 0.4090886 0.2013814 0.409131 0.2013942 0.4090886 0.2172874 0.4133239 0.2013942 0.4090886 0.2014048 0.4090537 0.2173231 0.4131443 0.2014048 0.4090537 0.1859019 0.4035899 0.185558 0.4044226 0.2014048 0.4090537 0.2013528 0.4092254 0.2171477 0.414028 0.2335914 0.4154485 0.2173231 0.4131443 0.2171477 0.414028 0.2173231 0.4131443 0.2335914 0.4154485 0.2335879 0.4154618 0.2335914 0.4154485 0.2335739 0.4156495 0.25 0.417271 0.2335879 0.4154619 0.2335914 0.4154485 0.2500001 0.4162801 0.2172874 0.4133239 0.2335879 0.4154618 0.2335835 0.4154782 0.2335835 0.4154782 0.2335879 0.4154619 0.2500001 0.4162618 0.2500001 0.4162618 0.2664043 0.4154219 0.2664043 0.4154164 0.2500001 0.4162801 0.2664043 0.4154265 0.2664043 0.4154219 0.2664043 0.4154164 0.2664043 0.4154219 0.2826594 0.4130561 0.2664043 0.4154219 0.2664043 0.4154265 0.2826594 0.4130561 0.2664043 0.4154265 0.2500001 0.4162801 0.25 0.417271 0.2664043 0.4154265 0.2664262 0.4156496 0.2828523 0.4140281 0.2985822 0.4090108 0.2826594 0.4130561 0.2828523 0.4140281 0.2826594 0.4130561 0.2985822 0.4090108 0.2985822 0.4090108 0.2985822 0.4090108 0.2986471 0.4092254 0.3144419 0.4044226 0.2985822 0.4090108 0.2985822 0.4090108 0.3140636 0.4035066 0.2826594 0.4130561 0.2985822 0.4090108 0.2985822 0.4090108 0.2985822 0.4090108 0.2985822 0.4090108 0.3140636 0.4035066 0.3140636 0.4035066 0.3288907 0.3964204 0.3288876 0.3964158 0.3140636 0.4035066 0.3288932 0.3964242 0.3288907 0.3964204 0.3288876 0.3964158 0.3288907 0.3964204 0.3429958 0.3879811 0.3288907 0.3964204 0.3288932 0.3964242 0.343006 0.3879964 0.3288932 0.3964242 0.3140636 0.4035066 0.3144419 0.4044226 0.3288932 0.3964242 0.3289986 0.3966221 0.3435552 0.3888215 0.3561725 0.3781468 0.343006 0.3879964 0.3435552 0.3888215 0.343006 0.3879964 0.3561725 0.3781468 0.3561699 0.378143 0.3561725 0.3781468 0.3563143 0.3783205 0.3690733 0.3678194 0.3561699 0.378143 0.3561725 0.3781468 0.3683742 0.3671163 0.3429958 0.3879811 0.3561699 0.378143 0.3561668 0.3781384 0.3561668 0.3781384 0.3561699 0.378143 0.3683742 0.3671163 0.3683742 0.3671163 0.3793715 0.3548745 0.3793715 0.3548745 0.3683742 0.3671163 0.3793715 0.3548745 0.3793715 0.3548745 0.3793715 0.3548745 0.3793715 0.3548745 0.3891934 0.3416607 0.3793715 0.3548745 0.3793715 0.3548745 0.3891934 0.3416607 0.3793715 0.3548745 0.3683742 0.3671163 0.3690733 0.3678194 0.3793715 0.3548745 0.3795444 0.3550174 0.3900154 0.3422154 0.3975989 0.3274912 0.3891934 0.3416607 0.3900154 0.3422154 0.3891934 0.3416607 0.3975989 0.3274912 0.3975989 0.3274912 0.3975989 0.3274912 0.3977961 0.3275981 0.4055768 0.3129808 0.3975989 0.3274912 0.3975989 0.3274912 0.4046634 0.3125947 0.3891934 0.3416607 0.3975989 0.3274912 0.3975989 0.3274912 0.3975989 0.3274912 0.3975989 0.3274912 0.4046634 0.3125947 0.4046634 0.3125947 0.4101496 0.2970316 0.4101442 0.2970305 0.4046634 0.3125947 0.4101541 0.2970325 0.4101496 0.2970316 0.4101442 0.2970305 0.4101496 0.2970316 0.4141718 0.2810097 0.4101496 0.2970316 0.4101541 0.2970325 0.4141898 0.2810135 0.4101541 0.2970325 0.4046634 0.3125947 0.4055768 0.3129808 0.4101541 0.2970325 0.4103682 0.2970997 0.4151594 0.2812186 0.4165548 0.2646406 0.4141898 0.2810135 0.4151594 0.2812186 0.4141898 0.2810135 0.4165548 0.2646406 0.4165457 0.2646396 0.4141718 0.2810097 0.4165457 0.2646396 0.4165347 0.2646384 0.4141501 0.2810052 0.4165347 0.2646384 0.4165247 0.2646372 0.4101392 0.2970294 0.4101442 0.2970305 0.4141501 0.2810052 0.4046634 0.3125947 0.4101442 0.2970305 0.4101392 0.2970294 0.3975989 0.3274912 0.3975989 0.3274912 0.4046634 0.3125947 0.3891934 0.3416607 0.3975989 0.3274912 0.3975989 0.3274912 0.3793715 0.3548745 0.3793715 0.3548745 0.3891934 0.3416607 0.3793939 0.354893 0.3793715 0.3548745 0.3891934 0.3416607 0.3683742 0.3671163 0.3793715 0.3548745 0.3793715 0.3548745 0.3683742 0.3671163 0.3793715 0.3548745 0.3793939 0.354893 0.3684743 0.3672168 0.3793939 0.354893 0.3794152 0.3549106 0.3561755 0.3781434 0.3561658 0.378133 0.3684743 0.3672168 0.3561658 0.378133 0.356164 0.3781342 0.3683742 0.3671163 0.3429723 0.3879458 0.356164 0.3781342 0.3561658 0.378133 0.3429523 0.3879156 0.3561658 0.378133 0.3561755 0.3781434 0.3429551 0.3879199 0.3561755 0.3781434 0.3561838 0.378152 0.3561837 0.378152 0.3561755 0.3781434 0.3685528 0.3672959 0.3562235 0.378192 0.3429561 0.3879214 0.3429561 0.3879214 0.3562235 0.378192 0.3561837 0.378152 0.3686355 0.3673791 0.3562235 0.378192 0.3563144 0.3783205 0.3435553 0.3888216 0.3562235 0.378192 0.3690733 0.3678194 0.3690733 0.3678194 0.3289151 0.3964887 0.3429561 0.3879214 0.3435553 0.3888216 0.3289151 0.3964887 0.3289775 0.3965826 0.3144419 0.4044226 0.3289151 0.3964887 0.3144419 0.4044226 0.314205 0.403849 0.3289151 0.3964887 0.3288936 0.3964366 0.3429561 0.3879214 0.3288936 0.3964366 0.3288889 0.3964257 0.3429551 0.3879199 0.3141602 0.4037405 0.3288889 0.3964257 0.3288936 0.3964366 0.2986065 0.4090911 0.2985986 0.409065 0.3141602 0.4037405 0.2986471 0.4092254 0.2986065 0.4090911 0.314205 0.403849 0.2827087 0.4133043 0.2985986 0.409065 0.2986065 0.4090911 0.2986471 0.4092254 0.2828523 0.4140281 0.2827315 0.4134194 0.2986471 0.4092254 0.2986471 0.4092254 0.2828523 0.4140282 0.2986471 0.4092254 0.3144419 0.4044227 0.3144419 0.4044227 0.2664218 0.4154924 0.2828523 0.4140281 0.2828523 0.4140282 0.2500001 0.41619 0.2664218 0.4154924 0.2664262 0.4156496 0.2664218 0.4154924 0.2500001 0.41619 0.2500001 0.4161901 0.2664218 0.4154924 0.2664108 0.4154371 0.2827315 0.4134194 0.2664108 0.4154371 0.2664087 0.4154254 0.2827087 0.4133043 0.2500001 0.4161884 0.2664087 0.4154254 0.2664108 0.4154371 0.2335755 0.4155061 0.233575 0.4155078 0.2500001 0.4161884 0.2335783 0.4154923 0.2335755 0.4155061 0.2500001 0.41619 0.2171485 0.4140241 0.233575 0.4155078 0.2335755 0.4155061 0.2335783 0.4154923 0.2171477 0.414028 0.2171478 0.414028 0.2335783 0.4154923 0.2335739 0.4156496 0.2171478 0.414028 0.2335783 0.4154923 0.2500001 0.41619 0.2500001 0.417271 0.2013529 0.4092254 0.2171477 0.414028 0.2171478 0.414028 0.2013529 0.4092254 0.2014089 0.4090784 0.1859707 0.4034234 0.2013529 0.4092254 0.185558 0.4044227 0.185558 0.4044227 0.2013529 0.4092254 0.2013528 0.4092254 0.2171478 0.4140281 0.2013528 0.4092254 0.2013528 0.4092254 0.2171485 0.4140241 0.1855595 0.404419 0.2013528 0.4092254 0.2013528 0.4092253 0.1710794 0.3965018 0.1710789 0.3965035 0.1855595 0.404419 0.1710848 0.3964887 0.1710794 0.3965018 0.185558 0.4044226 0.1570448 0.38792 0.1710789 0.3965035 0.1710795 0.3965018 0.1710848 0.3964887 0.1570439 0.3879214 0.1570439 0.3879214 0.1710848 0.3964887 0.1711278 0.3963847 0.1570439 0.3879214 0.1711278 0.3963847 0.1710848 0.3964887 0.185558 0.4044226 0.1437765 0.378192 0.1438559 0.3781121 0.1570439 0.3879214 0.1438559 0.3781121 0.1437765 0.378192 0.1309266 0.3678194 0.1316893 0.3670524 0.1316893 0.3670524 0.1438559 0.3781121 0.1570439 0.3879214 0.1438559 0.3781121 0.1438559 0.3781121 0.1438559 0.3781121 0.1438571 0.3781107 0.1570448 0.38792 0.1316906 0.3670511 0.1438571 0.3781107 0.1438559 0.3781121 0.1206631 0.3548458 0.1206645 0.3548446 0.1316906 0.3670511 0.1316893 0.3670524 0.1206631 0.3548458 0.1206631 0.3548458 0.1108828 0.3416092 0.1206645 0.3548446 0.1206631 0.3548458 0.1108814 0.3416103 0.1108814 0.3416103 0.1206631 0.3548458 0.1206631 0.3548458 0.1204556 0.3550174 0.1099846 0.3422152 0.1206631 0.3548458 0.1316893 0.3670524 0.1309266 0.3678194 0.1023368 0.3275138 0.1108814 0.3416103 0.1099846 0.3422152 0.09442329 0.312981 0.1023368 0.3275138 0.1023471 0.3275328 0.1023368 0.3275138 0.09442329 0.312981 0.09442329 0.312981 0.1023368 0.3275138 0.1023238 0.3275192 0.1108814 0.3416103 0.1023238 0.3275192 0.1023221 0.3275197 0.1108828 0.3416092 0.09442687 0.3129794 0.1023221 0.3275197 0.1023238 0.3275192 0.08963191 0.2970998 0.08963191 0.2970998 0.09442687 0.3129794 0.08963191 0.2970998 0.08963191 0.2970998 0.09442329 0.312981 0.08484435 0.2812178 0.08963191 0.2970998 0.08963191 0.2970998 0.08963191 0.2970998 0.08484053 0.2812186 0.08484059 0.2812186 0.08963191 0.2970998 0.08975648 0.2970471 0.08484053 0.2812185 0.08963191 0.2970998 0.09442329 0.312981 0.0954197 0.3125596 0.08322274 0.2646663 0.08484053 0.2812186 0.08484053 0.2812185 0.08322274 0.2646663 0.08324521 0.2646658 0.08160489 0.2481139 0.08322274 0.2646663 0.08160489 0.248114 0.08222407 0.248101 0.08322274 0.2646663 0.08329308 0.2646648 0.08484059 0.2812186 0.08329308 0.2646648 0.08330672 0.2646645 0.08484435 0.2812178 0.08234095 0.2481369 0.08330672 0.2646645 0.08329308 0.2646648 0.08329308 0.2646648 0.08330672 0.2646645 0.08234095 0.2481369 0.08322274 0.2646663 0.08329308 0.2646648 0.08222407 0.248101 0.08484435 0.2812178 0.08330672 0.2646645 0.08329308 0.2646648 0.08484053 0.2812186 0.08329308 0.2646648 0.08322274 0.2646663 0.08160489 0.2481139 0.08324521 0.2646658 0.08322274 0.2646663 0.08484053 0.2812185 0.08484053 0.2812186 0.08322274 0.2646663 0.08484053 0.2812185 0.08975648 0.2970471 0.08963191 0.2970998 0.0954197 0.3125596 0.09442329 0.312981 0.08963191 0.2970998 0.08963191 0.2970998 0.08963191 0.2970998 0.08484059 0.2812186 0.09442329 0.312981 0.08963191 0.2970998 0.08963191 0.2970998 0.08963191 0.2970998 0.08963191 0.2970998 0.08484435 0.2812178 0.09442687 0.3129794 0.08963191 0.2970998 0.08963191 0.2970998 0.1023238 0.3275192 0.1023222 0.3275197 0.09442687 0.3129794 0.1023368 0.3275138 0.1023238 0.3275192 0.09442329 0.312981 0.1108828 0.3416092 0.1023222 0.3275197 0.1023238 0.3275192 0.1108814 0.3416103 0.1023238 0.3275192 0.1023368 0.3275138 0.0954197 0.3125596 0.1023471 0.3275328 0.1023368 0.3275138 0.1099846 0.3422152 0.1108814 0.3416103 0.1023368 0.3275138 0.1099846 0.3422152 0.1204556 0.3550174 0.1206631 0.3548458 0.1309266 0.3678194 0.1316893 0.3670524 0.1206631 0.3548458 0.1206631 0.3548458 0.1108814 0.3416103 0.1108814 0.3416103 0.1316893 0.3670524 0.1316893 0.3670524 0.1206631 0.3548458 0.1206631 0.3548458 0.1206645 0.3548446 0.1108828 0.3416092 0.1316906 0.3670511 0.1206645 0.3548446 0.1206631 0.3548458 0.1438559 0.3781121 0.1438571 0.3781107 0.1316906 0.3670511 0.1438559 0.3781121 0.1316893 0.3670524 0.1316893 0.3670524 0.1570448 0.38792 0.1438571 0.3781107 0.1438559 0.3781121 0.1570439 0.3879214 0.1570439 0.3879214 0.1438559 0.3781121 0.1309266 0.3678194 0.1437765 0.378192 0.1438559 0.3781121 0.1437765 0.378192 0.1570439 0.3879214 0.1570439 0.3879214 0.1710848 0.3964887 0.1710794 0.3965018 0.1570439 0.3879214 0.185558 0.4044226 0.1710795 0.3965018 0.1710848 0.3964887 0.1710794 0.3965018 0.171079 0.3965035 0.1570448 0.38792 0.1855595 0.404419 0.171079 0.3965035 0.1710795 0.3965018 0.2013528 0.4092254 0.2013528 0.4092254 0.1855595 0.404419 0.2013529 0.4092254 0.2013528 0.4092254 0.185558 0.4044226 0.2171485 0.4140242 0.2013528 0.4092254 0.2013528 0.4092254 0.2171478 0.4140281 0.2013528 0.4092254 0.2013529 0.4092254 0.2335783 0.4154923 0.2335755 0.4155061 0.2171478 0.414028 0.2500001 0.41619 0.2335755 0.4155061 0.2335783 0.4154923 0.2335755 0.4155061 0.233575 0.4155078 0.2171485 0.4140242 0.2500001 0.4161884 0.233575 0.4155078 0.2335755 0.4155061 0.2664108 0.4154371 0.2664087 0.4154253 0.2500001 0.4161884 0.2664218 0.4154924 0.2664108 0.4154371 0.2500001 0.41619 0.2827087 0.4133043 0.2664087 0.4154253 0.2664108 0.4154371 0.2827315 0.4134194 0.2664108 0.4154371 0.2664218 0.4154924 0.2986471 0.4092254 0.2986065 0.4090911 0.2827315 0.4134194 0.314205 0.403849 0.2986065 0.4090911 0.2986471 0.4092254 0.2986065 0.4090911 0.2985987 0.4090651 0.2827087 0.4133043 0.3141602 0.4037405 0.2985987 0.4090651 0.2986065 0.4090911 0.3288936 0.3964366 0.3288888 0.3964257 0.3141602 0.4037405 0.3289151 0.3964887 0.3288936 0.3964366 0.3142051 0.403849 0.3429551 0.38792 0.3288888 0.3964257 0.3288936 0.3964366 0.3429561 0.3879214 0.3288936 0.3964366 0.3289151 0.3964887 0.3435553 0.3888216 0.3563144 0.3783205 0.3562235 0.378192 0.3562235 0.378192 0.3561837 0.378152 0.3429561 0.3879214 0.3690733 0.3678194 0.3690733 0.3678194 0.3562235 0.378192 0.3690733 0.3678194 0.3795444 0.3550174 0.3795444 0.3550174 0.3900154 0.3422154 0.3900154 0.3422154 0.3795444 0.3550174 0.3795444 0.3550174 0.3794361 0.3549279 0.3686355 0.3673791 0.3895006 0.3418681 0.3794361 0.3549279 0.3795444 0.3550174 0.3794361 0.3549279 0.3794152 0.3549106 0.3685528 0.3672958 0.3894032 0.3418024 0.3794152 0.3549106 0.3794361 0.3549279 0.3976726 0.3275312 0.3976487 0.3275182 0.3894032 0.3418024 0.3977961 0.3275982 0.3976726 0.3275312 0.3895006 0.3418681 0.4048966 0.3126933 0.3976487 0.3275182 0.3976727 0.3275312 0.4055768 0.3129808 0.4050047 0.312739 0.3976727 0.3275312 0.3900154 0.3422154 0.3977961 0.3275981 0.3977961 0.3275982 0.4055768 0.3129808 0.4055768 0.3129808 0.3977961 0.3275982 0.4055768 0.3129808 0.4102152 0.297063 0.4102151 0.297063 0.4141016 0.2809948 0.4141016 0.2809948 0.4102151 0.297063 0.4102151 0.297063 0.4101631 0.297041 0.4050048 0.312739 0.4141016 0.2809949 0.4101631 0.297041 0.4102151 0.297063 0.4101631 0.297041 0.410152 0.2970365 0.4048966 0.3126933 0.4140998 0.2809945 0.410152 0.2970365 0.4101631 0.297041 0.4165102 0.2646355 0.4165084 0.2646353 0.4140998 0.2809945 0.4165102 0.2646355 0.4141016 0.2809949 0.4141016 0.2809948 0.4173147 0.2481296 0.4165084 0.2646353 0.4165102 0.2646355 0.4173166 0.2480914 0.4173166 0.2480914 0.4165102 0.2646355 0.4165102 0.2646355 0.4165102 0.2646355 0.4141016 0.2809948 0.4173166 0.2480913 0.4173166 0.2480914 0.4165102 0.2646355 0.4165102 0.2646355 0.4173166 0.2480914 0.4173166 0.2480913 0.4173166 0.2480914 0.4165102 0.2646355 0.4165102 0.2646355 0.4165102 0.2646355 0.4165084 0.2646353 0.4173147 0.2481296 0.4140946 0.2809935 0.4101388 0.2970315 0.410152 0.2970365 0.410152 0.2970365 0.4101388 0.2970315 0.4047939 0.31265 0.4101388 0.2970315 0.4101392 0.2970294 0.4046634 0.3125947 0.4141303 0.2810009 0.4101392 0.2970294 0.4101388 0.2970315 0.4101392 0.2970294 0.4101442 0.2970305 0.4046634 0.3125947 0.4141501 0.2810052 0.4101442 0.2970305 0.4101392 0.2970294 0.4046634 0.3125947 0.3975989 0.3274912 0.3975989 0.3274912 0.4046634 0.3125947 0.3975989 0.3274912 0.3976244 0.3275051 0.3976244 0.3275051 0.3975989 0.3274912 0.3891934 0.3416607 0.3975989 0.3274912 0.3975989 0.3274912 0.3891934 0.3416607 0.3891934 0.3416607 0.3793715 0.3548745 0.3793715 0.3548745 0.3891934 0.3416607 0.3793715 0.3548745 0.3793939 0.354893 0.3893111 0.3417401 0.3793939 0.354893 0.3794152 0.3549106 0.3976487 0.3275182 0.3976244 0.3275051 0.3893111 0.3417401 0.3794152 0.3549106 0.3793939 0.354893 0.3684742 0.3672168 0.3793939 0.354893 0.3793715 0.3548745 0.3683742 0.3671163 0.3683742 0.3671163 0.356164 0.3781342 0.3561658 0.3781329 0.3684742 0.3672168 0.3561658 0.3781329 0.3561754 0.3781434 0.3685528 0.3672958 0.3561754 0.3781434 0.3561837 0.378152 0.3561837 0.378152 0.3561754 0.3781434 0.3429551 0.38792 0.3561754 0.3781434 0.3561658 0.3781329 0.3429523 0.3879156 0.3429523 0.3879156 0.328883 0.3964128 0.3288888 0.3964257 0.3561658 0.3781329 0.356164 0.3781342 0.3429723 0.3879458 0.3429723 0.3879458 0.3288848 0.3964116 0.328883 0.3964128 0.3288888 0.3964257 0.328883 0.3964128 0.3141177 0.4036377 0.328883 0.3964128 0.3288848 0.3964116 0.3140636 0.4035066 0.3288848 0.3964116 0.3288876 0.3964158 0.3140636 0.4035066 0.3429835 0.3879626 0.3288876 0.3964158 0.3288848 0.3964116 0.3140636 0.4035066 0.2985822 0.4090108 0.2985822 0.4090108 0.3140636 0.4035066 0.2985822 0.4090108 0.2985906 0.4090387 0.2985906 0.4090387 0.2985822 0.4090108 0.2826594 0.4130561 0.2985822 0.4090108 0.2985822 0.4090108 0.2826594 0.4130561 0.2826594 0.4130561 0.2664043 0.4154164 0.2664043 0.4154114 0.2826594 0.4130561 0.2664043 0.4154114 0.2664064 0.4154114 0.2826871 0.4131951 0.2664064 0.4154114 0.2664087 0.4154253 0.2985987 0.4090651 0.2985906 0.4090387 0.2826871 0.4131951 0.2664087 0.4154253 0.2664064 0.4154114 0.25 0.4161835 0.2664064 0.4154114 0.2664043 0.4154114 0.2500001 0.4162194 0.25 0.4161835 0.2335745 0.4155074 0.233575 0.4155078 0.2500001 0.4162194 0.2335796 0.415493 0.2335745 0.4155074 0.233575 0.4155078 0.2335745 0.4155074 0.2171506 0.414013 0.2335745 0.4155074 0.2335796 0.415493 0.2172048 0.4137405 0.2335796 0.415493 0.2335835 0.4154782 0.2172442 0.4135422 0.2500001 0.4162396 0.2335835 0.4154782 0.2335796 0.415493 0.2172442 0.4135422 0.2013814 0.409131 0.2013698 0.4091695 0.2172048 0.4137405 0.2013698 0.4091695 0.2013528 0.4092254 0.2013528 0.4092254 0.2013698 0.4091695 0.1856699 0.4041516 0.2013698 0.4091695 0.2013814 0.409131 0.185747 0.4039648 0.185747 0.4039648 0.1710883 0.3964741 0.1710833 0.3964886 0.1856699 0.4041516 0.1710833 0.3964886 0.1710795 0.3965034 0.1855639 0.4044085 0.1710795 0.3965034 0.171079 0.3965035 0.2013528 0.4092254 0.2013528 0.4092254 0.1855639 0.4044085 0.171079 0.3965035 0.1710795 0.3965034 0.1570477 0.3879159 0.1710795 0.3965034 0.1710833 0.3964886 0.1570276 0.3879458 0.1570276 0.3879458 0.1438466 0.3781234 0.1438605 0.3781065 0.1570477 0.3879159 0.1438605 0.3781065 0.1438571 0.3781107 0.1438571 0.3781107 0.1438605 0.3781065 0.1316944 0.3670473 0.1438605 0.3781065 0.1438466 0.3781234 0.1316686 0.3670732 0.1438466 0.3781234 0.1438403 0.3781312 0.1316544 0.3670875 0.1570164 0.3879626 0.1438403 0.3781312 0.1438466 0.3781234 0.1316544 0.3670875 0.120644 0.3548616 0.1206518 0.3548551 0.1316686 0.3670732 0.1206518 0.3548551 0.1206687 0.3548412 0.1206687 0.3548412 0.1206518 0.3548551 0.1108571 0.3416267 0.1206518 0.3548551 0.120644 0.3548616 0.1108403 0.341638 0.1108403 0.341638 0.1023514 0.3275101 0.102337 0.3275152 0.1108571 0.3416267 0.102337 0.3275152 0.1023222 0.3275192 0.1108869 0.3416064 0.1023222 0.3275192 0.1023222 0.3275197 0.1206645 0.3548446 0.1206687 0.3548412 0.1108869 0.3416064 0.1023222 0.3275197 0.1023222 0.3275192 0.0944373 0.3129749 0.1023222 0.3275192 0.102337 0.3275152 0.09469348 0.3128667 0.09469348 0.3128667 0.08968764 0.2970823 0.08963191 0.2970998 0.0944373 0.3129749 0.08963191 0.2970998 0.08963191 0.2970998 0.08963191 0.2970998 0.08963191 0.2970998 0.08485525 0.2812156 0.08963191 0.2970998 0.08968764 0.2970823 0.08512747 0.2811579 0.08968764 0.2970823 0.08972603 0.2970702 0.08532518 0.2811161 0.09487974 0.312788 0.08972603 0.2970702 0.08968764 0.2970823 0.08532518 0.2811161 0.08338356 0.2646537 0.08336377 0.2646579 0.08512747 0.2811579 0.08336377 0.2646579 0.08332055 0.2646642 0.08332055 0.2646642 0.08336377 0.2646579 0.08259361 0.2480933 0.08336377 0.2646579 0.08338356 0.2646537 0.08259361 0.2480933 0.08259361 0.2480933 0.08338356 0.2646537 0.08336377 0.2646579 0.08259361 0.2480933 0.08336377 0.2646579 0.08332055 0.2646642 0.08245122 0.2482459 0.08332055 0.2646642 0.08330672 0.2646645 0.08330672 0.2646645 0.08332055 0.2646642 0.08245122 0.2482459 0.08332055 0.2646642 0.08336377 0.2646579 0.08512747 0.2811579 0.08330672 0.2646645 0.08332055 0.2646642 0.08485525 0.2812156 0.08485525 0.2812156 0.08963191 0.2970998 0.08963191 0.2970998 0.08512747 0.2811579 0.08968764 0.2970823 0.08963191 0.2970998 0.08963191 0.2970998 0.08968764 0.2970823 0.09469348 0.3128667 0.08963191 0.2970998 0.08963191 0.2970998 0.0944373 0.3129749 0.0944373 0.3129749 0.1023222 0.3275192 0.1023221 0.3275197 0.09469348 0.3128667 0.102337 0.3275152 0.1023222 0.3275192 0.1023222 0.3275192 0.102337 0.3275152 0.1108571 0.3416267 0.1023221 0.3275197 0.1023222 0.3275192 0.1108869 0.3416064 0.1108869 0.3416064 0.1206687 0.3548412 0.1206645 0.3548446 0.1108571 0.3416267 0.1206518 0.3548551 0.1206687 0.3548412 0.1206687 0.3548412 0.1206518 0.3548551 0.1316686 0.3670732 0.1206645 0.3548446 0.1206687 0.3548412 0.1316944 0.3670473 0.1316944 0.3670473 0.1438605 0.3781065 0.1438571 0.3781107 0.1316686 0.3670732 0.1438466 0.3781234 0.1438605 0.3781065 0.1438605 0.3781065 0.1438466 0.3781234 0.1570276 0.3879458 0.1438571 0.3781107 0.1438605 0.3781065 0.1570477 0.3879159 0.1570477 0.3879159 0.1710795 0.3965035 0.1710789 0.3965035 0.1570276 0.3879458 0.1710833 0.3964886 0.1710795 0.3965035 0.1710795 0.3965035 0.1710833 0.3964886 0.1856699 0.4041516 0.1710789 0.3965035 0.1710795 0.3965035 0.1855639 0.4044085 0.1855639 0.4044085 0.2013528 0.4092254 0.2013528 0.4092254 0.1856699 0.4041516 0.2013698 0.4091695 0.2013528 0.4092254 0.2013528 0.4092254 0.2013698 0.4091695 0.2172048 0.4137405 0.2013528 0.4092254 0.2013528 0.4092254 0.2171506 0.414013 0.2171506 0.414013 0.2335746 0.4155074 0.233575 0.4155078 0.2172048 0.4137405 0.2335796 0.415493 0.2335746 0.4155074 0.2335746 0.4155074 0.2335796 0.415493 0.2500001 0.4162194 0.233575 0.4155078 0.2335746 0.4155074 0.25 0.4161835 0.2500001 0.4162194 0.2664043 0.4154114 0.2664064 0.4154114 0.25 0.4161835 0.2664064 0.4154114 0.2664087 0.4154254 0.2664064 0.4154114 0.2664043 0.4154114 0.2826594 0.4130561 0.2664087 0.4154254 0.2664064 0.4154114 0.2826871 0.4131951 0.2826871 0.4131951 0.2985907 0.4090386 0.2985986 0.409065 0.2826594 0.4130561 0.2985823 0.4090109 0.2985907 0.4090386 0.2985907 0.4090386 0.2985823 0.4090109 0.3140636 0.4035066 0.2985986 0.409065 0.2985907 0.4090386 0.3141177 0.4036377 0.3141177 0.4036377 0.328883 0.3964127 0.3288889 0.3964257 0.3140636 0.4035066 0.3288848 0.3964116 0.328883 0.3964127 0.328883 0.3964127 0.3288848 0.3964116 0.3429723 0.3879458 0.3288889 0.3964257 0.328883 0.3964127 0.3429523 0.3879156 0.3288848 0.3964116 0.3288876 0.3964158 0.3429835 0.3879626 0.3140636 0.4035066 0.3288876 0.3964158 0.3288848 0.3964116 0.3429835 0.3879626 0.3561668 0.3781384 0.356164 0.3781342 0.2985823 0.4090109 0.2985822 0.4090108 0.3140636 0.4035066 0.2826594 0.4130561 0.2985822 0.4090108 0.2985823 0.4090109 0.2664043 0.4154114 0.2664043 0.4154164 0.2826594 0.4130561 0.2500001 0.4162396 0.2664043 0.4154164 0.2664043 0.4154114 0.2335796 0.415493 0.2335835 0.4154782 0.2500001 0.4162396 0.2172442 0.4135422 0.2335835 0.4154782 0.2335796 0.415493 0.2013698 0.4091695 0.2013814 0.409131 0.2172442 0.4135422 0.185747 0.4039648 0.2013814 0.409131 0.2013698 0.4091695 0.1710833 0.3964886 0.1710883 0.3964741 0.185747 0.4039648 0.1570164 0.3879626 0.1710883 0.3964741 0.1710833 0.3964886 0.1438466 0.3781234 0.1438403 0.3781312 0.1570164 0.3879626 0.1316544 0.3670876 0.1438403 0.3781312 0.1438466 0.3781234 0.1206518 0.3548551 0.120644 0.3548616 0.1316544 0.3670876 0.1108403 0.341638 0.120644 0.3548616 0.1206518 0.3548551 0.102337 0.3275152 0.1023514 0.3275101 0.1108403 0.341638 0.09487974 0.312788 0.1023514 0.3275101 0.102337 0.3275152 0.08968764 0.2970823 0.08972603 0.2970703 0.09487974 0.312788 0.08532518 0.2811161 0.08972603 0.2970703 0.08968764 0.2970823 0.08336377 0.2646579 0.08338356 0.2646537 0.08532518 0.2811161 0.08485525 0.2812156 0.08332055 0.2646642 0.08330672 0.2646645 0.102337 0.3275152 0.1023514 0.3275101 0.09487974 0.312788 0.1316944 0.3670473 0.1206687 0.3548412 0.1206645 0.3548446 0.1710833 0.3964886 0.1710883 0.3964741 0.1570164 0.3879626 0.2171506 0.414013 0.2013528 0.4092254 0.2013528 0.4092254 0.2664043 0.4154114 0.2664043 0.4154164 0.2500001 0.4162396 0.3141177 0.4036377 0.2985906 0.4090387 0.2985987 0.4090651 0.356164 0.3781342 0.3561668 0.3781384 0.3429835 0.3879626 0.3683742 0.3671163 0.3561668 0.3781384 0.356164 0.3781342 0.3686355 0.3673791 0.3561837 0.378152 0.3562235 0.378192 0.3793715 0.3548745 0.3793715 0.3548745 0.3683742 0.3671163 0.4047939 0.31265 0.3976244 0.3275051 0.3976487 0.3275182 0.356164 0.3781342 0.3561668 0.3781384 0.3683742 0.3671163</float_array>
          <technique_common>
            <accessor source="#Cylinder_055-mesh-map-0-array" count="21366" stride="2">
              <param name="S" type="float"/>
              <param name="T" type="float"/>
            </accessor>
          </technique_common>
        </source>
        <vertices id="Cylinder_055-mesh-vertices">
          <input semantic="POSITION" source="#Cylinder_055-mesh-positions"/>
        </vertices>
        <triangles material="white-material" count="526">
          <input semantic="VERTEX" source="#Cylinder_055-mesh-vertices" offset="0"/>
          <input semantic="NORMAL" source="#Cylinder_055-mesh-normals" offset="1"/>
          <input semantic="TEXCOORD" source="#Cylinder_055-mesh-map-0" offset="2" set="0"/>
          <p>341 86 222 190 87 223 291 88 224 126 89 225 326 90 226 355 91 227 117 92 228 346 93 229 116 94 230 186 95 231 320 96 232 161 97 233 285 98 234 110 99 235 111 100 236 118 101 237 315 102 238 117 92 239 255 103 240 104 104 241 105 105 242 240 106 243 111 100 244 112 107 245 119 108 246 270 109 247 118 101 248 210 110 249 105 105 250 106 111 251 155 112 252 281 113 253 326 90 254 190 87 255 246 114 256 291 88 257 180 115 258 106 111 259 107 116 260 114 117 261 195 118 262 113 119 263 145 120 264 100 121 265 99 122 266 335 123 267 355 91 268 146 124 269 150 125 270 107 116 271 108 126 272 131 127 273 141 128 274 350 129 275 92 130 276 121 131 277 93 132 278 130 133 279 108 126 280 109 134 281 356 135 282 101 136 283 100 121 284 115 137 285 165 138 286 114 117 287 321 139 288 181 140 289 151 141 290 221 142 291 300 143 292 256 144 293 116 94 294 135 145 295 115 137 296 170 146 297 230 147 298 251 148 299 94 149 300 290 150 301 95 151 302 216 152 303 295 153 304 186 95 305 90 154 306 185 155 307 91 156 308 245 157 309 97 158 310 96 159 311 325 160 312 102 161 313 101 136 314 88 162 315 260 163 316 89 164 317 311 165 318 220 166 319 261 167 320 200 168 321 230 147 322 281 113 323 89 164 324 215 169 325 90 154 326 310 170 327 103 171 328 231 172 329 290 150 330 96 159 331 95 151 332 261 167 333 265 173 334 216 152 335 226 174 336 201 175 337 271 176 338 191 177 339 330 178 340 286 179 341 225 180 342 104 104 343 301 181 344 235 182 345 206 183 346 246 114 347 236 184 348 286 179 349 241 185 350 266 186 351 256 144 352 211 187 353 171 188 354 226 174 355 300 143 356 196 189 357 236 184 358 241 185 359 275 190 360 176 191 361 206 183 362 271 176 363 156 192 364 316 193 365 296 194 366 211 187 367 181 140 368 113 119 369 240 106 370 112 107 371 280 195 372 103 171 373 102 161 374 166 196 375 276 197 376 196 189 377 205 198 378 98 199 379 97 158 380 120 200 381 140 201 382 341 86 383 305 202 384 146 124 385 176 191 386 91 156 387 160 203 388 92 130 389 175 204 390 99 122 391 98 199 392 136 205 393 306 206 394 166 196 395 345 207 396 336 208 397 136 205 398 350 129 399 151 141 400 131 127 401 93 132 402 340 209 403 94 149 404 109 134 405 331 210 406 130 133 407 125 211 408 316 193 409 156 192 410 113 119 411 109 134 412 105 105 413 146 124 414 357 212 415 149 213 416 149 213 417 358 214 418 148 215 419 148 215 420 359 216 421 147 217 422 147 217 423 356 135 424 145 120 425 316 193 426 347 218 427 319 219 428 347 218 429 318 220 430 319 219 431 348 221 432 317 222 433 318 220 434 349 223 435 315 102 436 317 222 437 120 200 438 164 224 439 161 97 440 122 225 441 163 226 442 164 224 443 123 227 444 162 228 445 163 226 446 124 229 447 160 203 448 162 228 449 125 211 450 339 230 451 336 208 452 127 231 453 338 232 454 339 230 455 128 233 456 337 234 457 338 232 458 129 235 459 335 123 460 337 234 461 321 139 462 352 236 463 324 237 464 324 237 465 353 238 466 323 239 467 323 239 468 354 240 469 322 241 470 322 241 471 351 242 472 320 96 473 176 191 474 149 213 475 179 243 476 179 243 477 148 215 478 178 244 479 178 244 480 147 217 481 177 245 482 177 245 483 145 120 484 175 204 485 330 178 486 289 246 487 286 179 488 289 246 489 333 247 490 288 248 491 288 248 492 334 249 493 287 250 494 287 250 495 331 210 496 285 98 497 161 97 498 189 251 499 186 95 500 164 224 501 188 252 502 189 251 503 163 226 504 187 253 505 188 252 506 162 228 507 185 155 508 187 253 509 336 208 510 309 254 511 306 206 512 339 230 513 308 255 514 309 254 515 338 232 516 307 256 517 308 255 518 337 234 519 305 202 520 307 256 521 296 194 522 324 237 523 299 257 524 299 257 525 323 239 526 298 258 527 298 258 528 322 241 529 297 259 530 297 259 531 320 96 532 295 153 533 271 176 534 319 219 535 274 260 536 319 219 537 273 261 538 274 260 539 318 220 540 272 262 541 273 261 542 317 222 543 270 109 544 272 262 545 206 183 546 179 243 547 209 263 548 209 263 549 178 244 550 208 264 551 208 264 552 177 245 553 207 265 554 207 265 555 175 204 556 205 198 557 300 143 558 259 266 559 256 144 560 259 266 561 303 267 562 258 268 563 258 268 564 304 269 565 257 270 566 257 270 567 301 181 568 255 103 569 186 95 570 219 271 571 216 152 572 189 251 573 218 272 574 219 271 575 188 252 576 217 273 577 218 272 578 187 253 579 215 169 580 217 273 581 306 206 582 279 274 583 276 197 584 309 254 585 278 275 586 279 274 587 308 255 588 277 276 589 278 275 590 307 256 591 275 190 592 277 276 593 266 186 594 299 257 595 269 277 596 269 277 597 298 258 598 268 278 599 268 278 600 297 259 601 267 279 602 267 279 603 295 153 604 265 173 605 286 179 606 244 280 607 241 185 608 289 246 609 243 281 610 244 280 611 243 281 612 287 250 613 242 282 614 242 282 615 285 98 616 240 106 617 226 174 618 274 260 619 229 283 620 274 260 621 228 284 622 229 283 623 273 261 624 227 285 625 228 284 626 272 262 627 225 180 628 227 285 629 246 114 630 209 263 631 249 286 632 249 286 633 208 264 634 248 287 635 248 287 636 207 265 637 247 288 638 247 288 639 205 198 640 245 157 641 276 197 642 239 289 643 236 184 644 279 274 645 238 290 646 239 289 647 278 275 648 237 291 649 238 290 650 277 276 651 235 182 652 237 291 653 256 144 654 214 292 655 211 187 656 214 292 657 258 268 658 213 293 659 213 293 660 257 270 661 212 294 662 212 294 663 255 103 664 210 110 665 216 152 666 264 295 667 261 167 668 219 271 669 263 296 670 264 295 671 218 272 672 262 297 673 263 296 674 217 273 675 260 163 676 262 297 677 300 143 678 229 283 679 302 298 680 302 298 681 228 284 682 303 267 683 228 284 684 304 269 685 303 267 686 304 269 687 225 180 688 301 181 689 221 142 690 269 277 691 224 299 692 224 299 693 268 278 694 223 300 695 223 300 696 267 279 697 222 301 698 222 301 699 265 173 700 220 166 701 196 189 702 244 280 703 199 302 704 244 280 705 198 303 706 199 302 707 243 281 708 197 304 709 198 303 710 242 282 711 195 118 712 197 304 713 281 113 714 232 305 715 284 306 716 284 306 717 233 307 718 283 308 719 283 308 720 234 309 721 282 310 722 282 310 723 231 172 724 280 195 725 250 311 726 204 312 727 201 175 728 252 313 729 203 314 730 204 312 731 253 315 732 202 316 733 203 314 734 254 317 735 200 168 736 202 316 737 246 114 738 294 318 739 291 88 740 249 286 741 293 319 742 294 318 743 248 287 744 292 320 745 293 319 746 247 288 747 290 150 748 292 320 749 211 187 750 184 321 751 181 140 752 184 321 753 213 293 754 183 322 755 183 322 756 212 294 757 182 323 758 182 323 759 210 110 760 180 115 761 236 184 762 194 324 763 191 177 764 239 289 765 193 325 766 194 324 767 238 290 768 192 326 769 193 325 770 237 291 771 190 87 772 192 326 773 166 196 774 199 302 775 169 327 776 199 302 777 168 328 778 169 327 779 198 303 780 167 329 781 168 328 782 197 304 783 165 138 784 167 329 785 261 167 786 314 330 787 311 165 788 264 295 789 313 331 790 314 330 791 263 296 792 312 332 793 313 331 794 262 297 795 310 170 796 312 332 797 171 188 798 224 299 799 174 333 800 174 333 801 223 300 802 173 334 803 173 334 804 222 301 805 172 335 806 172 335 807 220 166 808 170 146 809 326 90 810 284 306 811 329 336 812 329 336 813 283 308 814 328 337 815 328 337 816 282 310 817 327 338 818 327 338 819 280 195 820 325 160 821 181 140 822 154 339 823 151 141 824 154 339 825 183 322 826 153 340 827 153 340 828 182 323 829 152 341 830 152 341 831 180 115 832 150 125 833 230 147 834 314 330 835 232 305 836 232 305 837 313 331 838 233 307 839 233 307 840 312 332 841 234 309 842 234 309 843 310 170 844 231 172 845 201 175 846 159 342 847 156 192 848 204 312 849 158 343 850 159 342 851 203 314 852 157 344 853 158 343 854 202 316 855 155 112 856 157 344 857 136 205 858 169 327 859 139 345 860 169 327 861 138 346 862 139 345 863 168 328 864 137 347 865 138 346 866 167 329 867 135 145 868 137 347 869 291 88 870 344 348 871 341 86 872 294 318 873 343 349 874 344 348 875 293 319 876 342 350 877 343 349 878 292 320 879 340 209 880 342 350 881 171 188 882 252 313 883 250 311 884 174 333 885 253 315 886 252 313 887 253 315 888 172 335 889 254 317 890 254 317 891 170 146 892 251 148 893 141 128 894 194 324 895 144 351 896 144 351 897 193 325 898 143 352 899 143 352 900 192 326 901 142 353 902 142 353 903 190 87 904 140 201 905 151 141 906 134 354 907 131 127 908 134 354 909 153 340 910 133 355 911 133 355 912 152 341 913 132 356 914 132 356 915 150 125 916 130 133 917 355 91 918 329 336 919 357 212 920 357 212 921 328 337 922 358 214 923 358 214 924 327 338 925 359 216 926 359 216 927 325 160 928 356 135 929 350 129 930 144 351 931 352 236 932 352 236 933 143 352 934 353 238 935 353 238 936 142 353 937 354 240 938 354 240 939 140 201 940 351 242 941 345 207 942 139 345 943 347 218 944 139 345 945 348 221 946 347 218 947 138 346 948 349 223 949 348 221 950 137 347 951 346 93 952 349 223 953 341 86 954 122 225 955 120 200 956 344 348 957 123 227 958 122 225 959 343 349 960 124 229 961 123 227 962 342 350 963 121 131 964 124 229 965 156 192 966 127 231 967 125 211 968 159 342 969 128 233 970 127 231 971 158 343 972 129 235 973 128 233 974 157 344 975 126 89 976 129 235 977 131 127 978 332 357 979 330 178 980 332 357 981 133 355 982 333 247 983 333 247 984 132 356 985 334 249 986 334 249 987 130 133 988 331 210 989 161 97 990 351 242 991 120 200 992 341 86 10794 140 201 10795 190 87 10796 126 89 10797 155 112 10798 326 90 10799 117 92 10800 315 102 10801 346 93 10802 186 95 10803 295 153 10804 320 96 10805 285 98 10806 331 210 10807 110 99 10808 118 101 10809 270 109 10810 315 102 10811 255 103 10812 301 181 10813 104 104 10814 240 106 10815 285 98 10816 111 100 10817 119 108 10818 225 180 10819 270 109 10820 210 110 10821 255 103 10822 105 105 10823 155 112 10824 200 168 10825 281 113 10826 190 87 10827 235 182 10828 246 114 10829 180 115 10830 210 110 10831 106 111 10832 114 117 10833 165 138 10834 195 118 10835 145 120 10836 356 135 10837 100 121 10838 335 123 10839 126 89 10840 355 91 10841 150 125 10842 180 115 10843 107 116 10844 131 127 10845 330 178 10846 141 128 10847 92 130 10848 160 203 10849 121 131 10850 130 133 10851 150 125 10852 108 126 10853 356 135 10854 325 160 10855 101 136 10856 115 137 10857 135 145 10858 165 138 10859 321 139 10860 296 194 10861 181 140 10862 221 142 10863 171 188 10864 300 143 10865 116 94 10866 346 93 10867 135 145 10868 170 146 10869 311 165 10870 230 147 10871 94 149 10872 340 209 10873 290 150 10874 216 152 10875 265 173 10876 295 153 10877 90 154 10878 215 169 10879 185 155 10880 245 157 10881 205 198 10882 97 158 10883 325 160 10884 280 195 10885 102 161 10886 88 162 10887 310 170 10888 260 163 10889 311 165 10890 170 146 10891 220 166 10892 200 168 10893 251 148 10894 230 147 10895 89 164 10896 260 163 10897 215 169 10898 310 170 10899 88 162 10900 103 171 10901 290 150 10902 245 157 10903 96 159 10904 261 167 10905 220 166 10906 265 173 10907 226 174 10908 250 311 10909 201 175 10910 191 177 10911 141 128 10912 330 178 10913 225 180 10914 119 108 10915 104 104 10916 235 182 10917 275 190 10918 206 183 10919 236 184 10920 191 177 10921 286 179 10922 266 186 10923 221 142 10924 256 144 10925 171 188 10926 250 311 10927 226 174 10928 196 189 10929 276 197 10930 236 184 10931 275 190 10932 305 202 10933 176 191 10934 271 176 10935 201 175 10936 156 192 10937 296 194 10938 266 186 10939 211 187 10940 113 119 10941 195 118 10942 240 106 10943 280 195 10944 231 172 10945 103 171 10946 166 196 10947 306 206 10948 276 197 10949 205 198 10950 175 204 10951 98 199 10952 120 200 10953 351 242 10954 140 201 10955 305 202 10956 335 123 10957 146 124 10958 91 156 10959 185 155 10960 160 203 10961 175 204 10962 145 120 10963 99 122 10964 136 205 10965 336 208 10966 306 206 10967 345 207 10968 125 211 10969 336 208 10970 350 129 10971 321 139 10972 151 141 10973 93 132 10974 121 131 10975 340 209 10976 109 134 10977 110 99 10978 331 210 10979 125 211 10980 345 207 10981 316 193 10982 105 105 10983 104 104 10984 119 108 10985 119 108 10986 118 101 10987 117 92 10988 117 92 10989 116 94 10990 115 137 10991 115 137 10992 114 117 10993 117 92 10994 114 117 10995 113 119 10996 117 92 10997 113 119 10998 112 107 10999 111 100 11000 111 100 11001 110 99 11002 113 119 11003 110 99 11004 109 134 11005 113 119 11006 109 134 11007 108 126 11008 105 105 11009 108 126 11010 107 116 11011 105 105 11012 107 116 11013 106 111 11014 105 105 11015 105 105 11016 119 108 11017 117 92 11018 105 105 11019 117 92 11020 113 119 11021 146 124 11022 355 91 11023 357 212 11024 149 213 11025 357 212 11026 358 214 11027 148 215 11028 358 214 11029 359 216 11030 147 217 11031 359 216 11032 356 135 11033 316 193 11034 345 207 11035 347 218 11036 347 218 11037 348 221 11038 318 220 11039 348 221 11040 349 223 11041 317 222 11042 349 223 11043 346 93 11044 315 102 11045 120 200 11046 122 225 11047 164 224 11048 122 225 11049 123 227 11050 163 226 11051 123 227 11052 124 229 11053 162 228 11054 124 229 11055 121 131 11056 160 203 11057 125 211 11058 127 231 11059 339 230 11060 127 231 11061 128 233 11062 338 232 11063 128 233 11064 129 235 11065 337 234 11066 129 235 11067 126 89 11068 335 123 11069 321 139 11070 350 129 11071 352 236 11072 324 237 11073 352 236 11074 353 238 11075 323 239 11076 353 238 11077 354 240 11078 322 241 11079 354 240 11080 351 242 11081 176 191 11082 146 124 11083 149 213 11084 179 243 11085 149 213 11086 148 215 11087 178 244 11088 148 215 11089 147 217 11090 177 245 11091 147 217 11092 145 120 11093 330 178 11094 332 357 11095 289 246 11096 289 246 11097 332 357 11098 333 247 11099 288 248 11100 333 247 11101 334 249 11102 287 250 11103 334 249 11104 331 210 11105 161 97 11106 164 224 11107 189 251 11108 164 224 11109 163 226 11110 188 252 11111 163 226 11112 162 228 11113 187 253 11114 162 228 11115 160 203 11116 185 155 11117 336 208 11118 339 230 11119 309 254 11120 339 230 11121 338 232 11122 308 255 11123 338 232 11124 337 234 11125 307 256 11126 337 234 11127 335 123 11128 305 202 11129 296 194 11130 321 139 11131 324 237 11132 299 257 11133 324 237 11134 323 239 11135 298 258 11136 323 239 11137 322 241 11138 297 259 11139 322 241 11140 320 96 11141 271 176 11142 316 193 11143 319 219 11144 319 219 11145 318 220 11146 273 261 11147 318 220 11148 317 222 11149 272 262 11150 317 222 11151 315 102 11152 270 109 11153 206 183 11154 176 191 11155 179 243 11156 209 263 11157 179 243 11158 178 244 11159 208 264 11160 178 244 11161 177 245 11162 207 265 11163 177 245 11164 175 204 11165 300 143 11166 302 298 11167 259 266 11168 259 266 11169 302 298 11170 303 267 11171 258 268 11172 303 267 11173 304 269 11174 257 270 11175 304 269 11176 301 181 11177 186 95 11178 189 251 11179 219 271 11180 189 251 11181 188 252 11182 218 272 11183 188 252 11184 187 253 11185 217 273 11186 187 253 11187 185 155 11188 215 169 11189 306 206 11190 309 254 11191 279 274 11192 309 254 11193 308 255 11194 278 275 11195 308 255 11196 307 256 11197 277 276 11198 307 256 11199 305 202 11200 275 190 11201 266 186 11202 296 194 11203 299 257 11204 269 277 11205 299 257 11206 298 258 11207 268 278 11208 298 258 11209 297 259 11210 267 279 11211 297 259 11212 295 153 11213 286 179 11214 289 246 11215 244 280 11216 289 246 11217 288 248 11218 243 281 11219 243 281 11220 288 248 11221 287 250 11222 242 282 11223 287 250 11224 285 98 11225 226 174 11226 271 176 11227 274 260 11228 274 260 11229 273 261 11230 228 284 11231 273 261 11232 272 262 11233 227 285 11234 272 262 11235 270 109 11236 225 180 11237 246 114 11238 206 183 11239 209 263 11240 249 286 11241 209 263 11242 208 264 11243 248 287 11244 208 264 11245 207 265 11246 247 288 11247 207 265 11248 205 198 11249 276 197 11250 279 274 11251 239 289 11252 279 274 11253 278 275 11254 238 290 11255 278 275 11256 277 276 11257 237 291 11258 277 276 11259 275 190 11260 235 182 11261 256 144 11262 259 266 11263 214 292 11264 214 292 11265 259 266 11266 258 268 11267 213 293 11268 258 268 11269 257 270 11270 212 294 11271 257 270 11272 255 103 11273 216 152 11274 219 271 11275 264 295 11276 219 271 11277 218 272 11278 263 296 11279 218 272 11280 217 273 11281 262 297 11282 217 273 11283 215 169 11284 260 163 11285 300 143 11286 226 174 11287 229 283 11288 302 298 11289 229 283 11290 228 284 11291 228 284 11292 227 285 11293 304 269 11294 304 269 11295 227 285 11296 225 180 11297 221 142 11298 266 186 11299 269 277 11300 224 299 11301 269 277 11302 268 278 11303 223 300 11304 268 278 11305 267 279 11306 222 301 11307 267 279 11308 265 173 11309 196 189 11310 241 185 11311 244 280 11312 244 280 11313 243 281 11314 198 303 11315 243 281 11316 242 282 11317 197 304 11318 242 282 11319 240 106 11320 195 118 11321 281 113 11322 230 147 11323 232 305 11324 284 306 11325 232 305 11326 233 307 11327 283 308 11328 233 307 11329 234 309 11330 282 310 11331 234 309 11332 231 172 11333 250 311 11334 252 313 11335 204 312 11336 252 313 11337 253 315 11338 203 314 11339 253 315 11340 254 317 11341 202 316 11342 254 317 11343 251 148 11344 200 168 11345 246 114 11346 249 286 11347 294 318 11348 249 286 11349 248 287 11350 293 319 11351 248 287 11352 247 288 11353 292 320 11354 247 288 11355 245 157 11356 290 150 11357 211 187 11358 214 292 11359 184 321 11360 184 321 11361 214 292 11362 213 293 11363 183 322 11364 213 293 11365 212 294 11366 182 323 11367 212 294 11368 210 110 11369 236 184 11370 239 289 11371 194 324 11372 239 289 11373 238 290 11374 193 325 11375 238 290 11376 237 291 11377 192 326 11378 237 291 11379 235 182 11380 190 87 11381 166 196 11382 196 189 11383 199 302 11384 199 302 11385 198 303 11386 168 328 11387 198 303 11388 197 304 11389 167 329 11390 197 304 11391 195 118 11392 165 138 11393 261 167 11394 264 295 11395 314 330 11396 264 295 11397 263 296 11398 313 331 11399 263 296 11400 262 297 11401 312 332 11402 262 297 11403 260 163 11404 310 170 11405 171 188 11406 221 142 11407 224 299 11408 174 333 11409 224 299 11410 223 300 11411 173 334 11412 223 300 11413 222 301 11414 172 335 11415 222 301 11416 220 166 11417 326 90 11418 281 113 11419 284 306 11420 329 336 11421 284 306 11422 283 308 11423 328 337 11424 283 308 11425 282 310 11426 327 338 11427 282 310 11428 280 195 11429 181 140 11430 184 321 11431 154 339 11432 154 339 11433 184 321 11434 183 322 11435 153 340 11436 183 322 11437 182 323 11438 152 341 11439 182 323 11440 180 115 11441 230 147 11442 311 165 11443 314 330 11444 232 305 11445 314 330 11446 313 331 11447 233 307 11448 313 331 11449 312 332 11450 234 309 11451 312 332 11452 310 170 11453 201 175 11454 204 312 11455 159 342 11456 204 312 11457 203 314 11458 158 343 11459 203 314 11460 202 316 11461 157 344 11462 202 316 11463 200 168 11464 155 112 11465 136 205 11466 166 196 11467 169 327 11468 169 327 11469 168 328 11470 138 346 11471 168 328 11472 167 329 11473 137 347 11474 167 329 11475 165 138 11476 135 145 11477 291 88 11478 294 318 11479 344 348 11480 294 318 11481 293 319 11482 343 349 11483 293 319 11484 292 320 11485 342 350 11486 292 320 11487 290 150 11488 340 209 11489 171 188 11490 174 333 11491 252 313 11492 174 333 11493 173 334 11494 253 315 11495 253 315 11496 173 334 11497 172 335 11498 254 317 11499 172 335 11500 170 146 11501 141 128 11502 191 177 11503 194 324 11504 144 351 11505 194 324 11506 193 325 11507 143 352 11508 193 325 11509 192 326 11510 142 353 11511 192 326 11512 190 87 11513 151 141 11514 154 339 11515 134 354 11516 134 354 11517 154 339 11518 153 340 11519 133 355 11520 153 340 11521 152 341 11522 132 356 11523 152 341 11524 150 125 11525 355 91 11526 326 90 11527 329 336 11528 357 212 11529 329 336 11530 328 337 11531 358 214 11532 328 337 11533 327 338 11534 359 216 11535 327 338 11536 325 160 11537 350 129 11538 141 128 11539 144 351 11540 352 236 11541 144 351 11542 143 352 11543 353 238 11544 143 352 11545 142 353 11546 354 240 11547 142 353 11548 140 201 11549 345 207 11550 136 205 11551 139 345 11552 139 345 11553 138 346 11554 348 221 11555 138 346 11556 137 347 11557 349 223 11558 137 347 11559 135 145 11560 346 93 11561 341 86 11562 344 348 11563 122 225 11564 344 348 11565 343 349 11566 123 227 11567 343 349 11568 342 350 11569 124 229 11570 342 350 11571 340 209 11572 121 131 11573 156 192 11574 159 342 11575 127 231 11576 159 342 11577 158 343 11578 128 233 11579 158 343 11580 157 344 11581 129 235 11582 157 344 11583 155 112 11584 126 89 11585 131 127 11586 134 354 11587 332 357 11588 332 357 11589 134 354 11590 133 355 11591 333 247 11592 133 355 11593 132 356 11594 334 249 11595 132 356 11596 130 133 11597 161 97 11598 320 96 11599 351 242 11600</p>
        </triangles>
        <triangles material="black-material" count="4664">
          <input semantic="VERTEX" source="#Cylinder_055-mesh-vertices" offset="0"/>
          <input semantic="NORMAL" source="#Cylinder_055-mesh-normals" offset="1"/>
          <input semantic="TEXCOORD" source="#Cylinder_055-mesh-map-0" offset="2" set="0"/>
          <p>1 0 0 2 1 1 54 2 2 3 3 3 2 1 4 0 4 5 4 5 6 5 6 7 6 7 8 6 7 9 7 8 10 8 9 11 8 9 12 9 10 13 10 11 14 10 11 15 11 12 16 12 13 17 12 13 18 13 14 19 14 15 20 15 16 21 14 15 22 13 14 23 16 17 24 18 18 25 14 15 26 17 19 27 20 20 28 18 18 29 19 21 30 22 22 31 20 20 32 21 23 33 24 24 34 22 22 35 23 25 36 26 26 37 24 24 38 26 26 39 27 27 40 28 28 41 27 27 42 30 29 43 28 28 44 30 29 45 31 30 46 32 31 47 32 31 48 33 32 49 34 33 50 34 33 51 35 34 52 36 35 53 36 35 54 37 36 55 38 37 56 38 37 57 39 38 58 40 39 59 40 39 60 41 40 61 42 41 62 45 42 63 42 41 64 43 43 65 47 44 66 43 43 67 44 45 68 40 39 69 46 46 70 38 37 71 45 42 72 48 47 73 46 46 74 47 44 75 50 48 76 48 47 77 49 49 78 44 45 79 52 50 80 55 51 81 49 49 82 51 52 83 51 52 84 52 50 85 53 53 86 54 2 87 53 53 88 1 0 89 56 54 90 51 52 91 54 2 92 58 55 93 55 51 94 56 54 95 57 56 96 50 48 97 55 51 98 67 57 99 57 56 100 58 55 101 59 58 102 60 59 103 57 56 104 48 47 105 60 59 106 61 60 107 61 60 108 60 59 109 62 61 110 63 62 111 59 58 112 64 63 113 65 64 114 62 61 115 63 62 116 36 35 117 63 62 118 34 33 119 34 33 120 64 63 121 32 31 122 46 46 123 61 60 124 65 64 125 38 37 126 65 64 127 36 35 128 32 31 129 66 65 130 30 29 131 64 63 132 67 57 133 66 65 134 30 29 135 68 66 136 28 28 137 66 65 138 69 67 139 68 66 140 68 66 141 26 26 142 28 28 143 69 67 144 70 68 145 68 66 146 70 68 147 24 24 148 26 26 149 72 69 150 71 70 151 70 68 152 72 69 153 75 71 154 73 72 155 74 73 156 69 67 157 77 74 158 79 75 159 74 73 160 76 76 161 76 76 162 77 74 163 78 77 164 69 67 165 58 55 166 77 74 167 77 74 168 56 54 169 78 77 170 78 77 171 54 2 172 2 1 173 4 5 174 78 77 175 2 1 176 6 7 177 76 76 178 4 5 179 8 9 180 79 75 181 6 7 182 80 78 183 75 71 184 79 75 185 10 11 186 80 78 187 8 9 188 81 79 189 82 80 190 80 78 191 75 71 192 83 81 193 73 72 194 84 82 195 83 81 196 82 80 197 85 83 198 83 81 199 84 82 200 86 84 201 84 82 202 81 79 203 20 20 204 87 85 205 85 83 206 18 18 207 85 83 208 86 84 209 71 70 210 22 22 211 24 24 212 73 72 213 87 85 214 71 70 215 14 15 216 86 84 217 12 13 218 12 13 219 81 79 220 10 11 221 1393 1388 3891 1395 1389 3892 1392 1390 3893 1398 1391 3894 1392 1390 3895 1396 1392 3896 1392 1390 3897 1399 1393 3898 1396 1392 3899 1394 1394 3900 1395 1389 3901 1408 1395 3902 1396 1392 3903 1400 1396 3904 1397 1397 3905 2332 1398 3906 1396 1392 3907 1397 1397 3908 1400 1396 3909 1401 1399 3910 1402 1400 3911 1399 1393 3912 1404 1401 3913 1401 1399 3914 1401 1399 3915 3106 1402 3916 1402 1400 3917 1404 1401 3918 1403 1403 3919 1401 1399 3920 1394 1394 3921 1406 1404 3922 1404 1401 3923 1405 1405 3924 1406 1404 3925 1409 1406 3926 1409 1406 3927 1407 1407 3928 1411 1408 3929 1408 1395 3930 1407 1407 3931 1406 1404 3932 1409 1406 3933 1412 1409 3934 1410 1410 3935 1405 1405 3936 1410 1410 3937 2116 1411 3938 1411 1408 3939 1414 1412 3940 1412 1409 3941 1411 1408 3942 1416 1413 3943 1413 1414 3944 1413 1414 3945 1874 1415 3946 1414 1412 3947 1413 1414 3948 1418 1416 3949 1415 1417 3950 3118 1418 3951 1416 1413 3952 1407 1407 3953 1417 1419 3954 1418 1416 3955 1416 1413 3956 1419 1420 3957 1420 1421 3958 1418 1416 3959 1415 1417 3960 1420 1421 3961 1422 1422 3962 1421 1423 3963 1423 1424 3964 1420 1421 3965 1420 1421 3966 1426 1425 3967 1422 1422 3968 1426 1425 3969 1424 1426 3970 1428 1427 3971 1425 1428 3972 1424 1426 3973 1423 1424 3974 1426 1425 3975 1429 1429 3976 1427 1430 3977 1422 1422 3978 1427 1430 3979 1873 1431 3980 1428 1427 3981 1431 1432 3982 1429 1429 3983 1428 1427 3984 1433 1433 3985 1430 1434 3986 1430 1434 3987 3119 1435 3988 1431 1432 3989 1430 1434 3990 1435 1436 3991 1432 1437 3992 1751 1438 3993 1433 1433 3994 1424 1426 3995 1434 1439 3996 1435 1436 3997 1433 1433 3998 1436 1440 3999 1437 1441 4000 1435 1436 4001 1432 1437 4002 1437 1441 4003 1440 1442 4004 1438 1443 4005 1439 1444 4006 1437 1441 4007 1440 1442 4008 1439 1444 4009 1442 1445 4010 1432 1437 4011 1441 1446 4012 3119 1435 4013 1440 1442 4014 1443 1447 4015 1441 1446 4016 1445 1448 4017 1442 1445 4018 1444 1449 4019 1446 1450 4020 1442 1445 4021 1439 1444 4022 1534 1451 4023 1578 1452 4024 1447 1453 4025 1446 1450 4026 1449 1454 4027 1447 1453 4028 1448 1455 4029 1449 1454 4030 1450 1456 4031 1438 1443 4032 1450 1456 4033 1449 1454 4034 1453 1457 4035 1450 1456 4036 1451 1458 4037 1448 1455 4038 1452 1459 4039 1455 1460 4040 1453 1457 4041 1454 1461 4042 1452 1459 4043 1456 1462 4044 1452 1459 4045 1454 1461 4046 1456 1462 4047 1459 1463 4048 1457 1464 4049 1458 1465 4050 1459 1463 4051 1461 1466 4052 1460 1467 4053 1461 1466 4054 1459 1463 4055 1460 1467 4056 1454 1461 4057 1744 1468 4058 1464 1469 4059 1461 1466 4060 1462 1470 4061 1458 1465 4062 1463 1471 4063 1466 1472 4064 1464 1469 4065 1465 1473 4066 1463 1471 4067 1467 1474 4068 1463 1471 4069 1465 1473 4070 1467 1474 4071 1470 1475 4072 1468 1476 4073 1469 1477 4074 1470 1475 4075 1472 1478 4076 1471 1479 4077 1472 1478 4078 1470 1475 4079 1471 1479 4080 1465 1473 4081 1734 1480 4082 1475 1481 4083 1472 1478 4084 1473 1482 4085 1469 1477 4086 1474 1483 4087 1477 1484 4088 1475 1481 4089 1476 1485 4090 1474 1483 4091 1478 1486 4092 1474 1483 4093 1476 1485 4094 1478 1486 4095 1481 1487 4096 1479 1488 4097 1480 1489 4098 1481 1487 4099 1483 1490 4100 1482 1491 4101 1483 1490 4102 1481 1487 4103 1482 1491 4104 1476 1485 4105 1725 1492 4106 1486 1493 4107 1483 1490 4108 1484 1494 4109 1480 1489 4110 1485 1495 4111 1488 1496 4112 1486 1493 4113 1487 1497 4114 1485 1495 4115 1489 1498 4116 1485 1495 4117 1487 1497 4118 1489 1498 4119 1492 1499 4120 1490 1500 4121 1491 1501 4122 1492 1499 4123 1494 1502 4124 1493 1503 4125 1494 1502 4126 1492 1499 4127 1493 1503 4128 1487 1497 4129 1716 1504 4130 1497 1505 4131 1494 1502 4132 1495 1506 4133 1491 1501 4134 1496 1507 4135 1499 1508 4136 1497 1505 4137 1498 1509 4138 1496 1507 4139 1500 1510 4140 1496 1507 4141 1498 1509 4142 1500 1510 4143 1503 1511 4144 1501 1512 4145 1502 1513 4146 1503 1511 4147 1505 1514 4148 1504 1515 4149 1505 1514 4150 1503 1511 4151 1504 1515 4152 1498 1509 4153 1707 1516 4154 1508 1517 4155 1505 1514 4156 1506 1518 4157 1502 1513 4158 1507 1519 4159 1510 1520 4160 1508 1517 4161 1509 1521 4162 1507 1519 4163 1511 1522 4164 1507 1519 4165 1509 1521 4166 1511 1522 4167 1514 1523 4168 1512 1524 4169 1513 1525 4170 1514 1523 4171 1516 1526 4172 1515 1527 4173 1516 1526 4174 1514 1523 4175 1515 1527 4176 1509 1521 4177 1698 1528 4178 1519 1529 4179 1516 1526 4180 1517 1530 4181 1513 1525 4182 1518 1531 4183 1521 1532 4184 1519 1529 4185 1520 1533 4186 1518 1531 4187 1522 1534 4188 1518 1531 4189 1520 1533 4190 1522 1534 4191 1525 1535 4192 1523 1536 4193 1524 1537 4194 1525 1535 4195 1527 1538 4196 1526 1539 4197 1527 1538 4198 1525 1535 4199 1526 1539 4200 1520 1533 4201 1689 1540 4202 1530 1541 4203 1527 1538 4204 1528 1542 4205 1524 1537 4206 1529 1543 4207 1532 1544 4208 1530 1541 4209 1531 1545 4210 1529 1543 4211 1533 1546 4212 1529 1543 4213 1531 1545 4214 1533 1546 4215 1536 1547 4216 1534 1451 4217 1535 1548 4218 1536 1547 4219 1538 1549 4220 1537 1550 4221 1538 1549 4222 1536 1547 4223 1537 1550 4224 1531 1545 4225 1680 1551 4226 1541 1552 4227 1538 1549 4228 1539 1553 4229 1535 1548 4230 1540 1554 4231 1543 1555 4232 1541 1552 4233 1542 1556 4234 1540 1554 4235 1544 1557 4236 1540 1554 4237 1542 1556 4238 1544 1557 4239 1547 1558 4240 1545 1559 4241 1546 1560 4242 1547 1558 4243 1549 1561 4244 1548 1562 4245 1549 1561 4246 1547 1558 4247 1548 1562 4248 1542 1556 4249 1671 1563 4250 1552 1564 4251 1549 1561 4252 1550 1565 4253 1546 1560 4254 1551 1566 4255 1554 1567 4256 1552 1564 4257 1553 1568 4258 1551 1566 4259 1555 1569 4260 1551 1566 4261 1553 1568 4262 1555 1569 4263 1558 1570 4264 1556 1571 4265 1557 1572 4266 1558 1570 4267 1560 1573 4268 1559 1574 4269 1560 1573 4270 1558 1570 4271 1559 1574 4272 1553 1568 4273 1662 1575 4274 1563 1576 4275 1560 1573 4276 1561 1577 4277 1557 1572 4278 1562 1578 4279 1565 1579 4280 1563 1576 4281 1564 1580 4282 1562 1578 4283 1566 1581 4284 1562 1578 4285 1564 1580 4286 1566 1581 4287 1569 1582 4288 1567 1583 4289 1568 1584 4290 1569 1582 4291 1571 1585 4292 1570 1586 4293 1571 1585 4294 1569 1582 4295 1570 1586 4296 1564 1580 4297 1653 1587 4298 1574 1588 4299 1571 1585 4300 1572 1589 4301 1568 1584 4302 1573 1590 4303 1576 1591 4304 1574 1588 4305 1575 1592 4306 1573 1590 4307 1577 1593 4308 1573 1590 4309 1575 1592 4310 1577 1593 4311 1580 1594 4312 1578 1452 4313 1579 1595 4314 1580 1594 4315 1582 1596 4316 1581 1597 4317 1582 1596 4318 1580 1594 4319 1581 1597 4320 1575 1592 4321 1644 1598 4322 1585 1599 4323 1582 1596 4324 1583 1600 4325 1579 1595 4326 1584 1601 4327 1587 1602 4328 1585 1599 4329 1586 1603 4330 1584 1601 4331 1588 1604 4332 1584 1601 4333 1586 1603 4334 1588 1604 4335 1591 1605 4336 1589 1606 4337 1590 1607 4338 1591 1605 4339 1593 1608 4340 1592 1609 4341 1593 1608 4342 1591 1605 4343 1592 1609 4344 1586 1603 4345 1635 1610 4346 1596 1611 4347 1593 1608 4348 1594 1612 4349 1590 1607 4350 1595 1613 4351 1598 1614 4352 1596 1611 4353 1597 1615 4354 1595 1613 4355 1599 1616 4356 1595 1613 4357 1597 1615 4358 1599 1616 4359 1602 1617 4360 1600 1618 4361 1601 1619 4362 1602 1617 4363 1604 1620 4364 1603 1621 4365 1604 1620 4366 1602 1617 4367 1603 1621 4368 1597 1615 4369 1626 1622 4370 1607 1623 4371 1604 1620 4372 1605 1624 4373 1601 1619 4374 1606 1625 4375 1609 1626 4376 1607 1623 4377 1608 1627 4378 1606 1625 4379 1610 1628 4380 1606 1625 4381 1608 1627 4382 1610 1628 4383 1612 1629 4384 1611 1630 4385 1445 1448 4386 1612 1629 4387 1443 1447 4388 1613 1631 4389 1443 1447 4390 1612 1629 4391 1613 1631 4392 1608 1627 4393 1615 1632 4394 1614 1633 4395 1441 1446 4396 1613 1631 4397 1614 1633 4398 1615 1632 4399 1616 1634 4400 1618 1635 4401 1615 1632 4402 1607 1623 4403 1619 1636 4404 1616 1634 4405 1618 1635 4406 1869 1637 4407 1616 1634 4408 1617 1638 4409 1619 1636 4410 1620 1639 4411 1621 1640 4412 1618 1635 4413 1605 1624 4414 1620 1639 4415 1623 1641 4416 1620 1639 4417 1622 1642 4418 1622 1642 4419 1605 1624 4420 1603 1621 4421 1623 1641 4422 1624 1643 4423 1625 1644 4424 1622 1642 4425 1626 1622 4426 1624 1643 4427 1628 1645 4428 1624 1643 4429 1627 1646 4430 1627 1646 4431 1626 1622 4432 1596 1611 4433 1628 1645 4434 1629 1647 4435 1630 1648 4436 1627 1646 4437 1594 1612 4438 1629 1647 4439 1632 1649 4440 1629 1647 4441 1631 1650 4442 1631 1650 4443 1594 1612 4444 1592 1609 4445 1632 1649 4446 1633 1651 4447 1634 1652 4448 1631 1650 4449 1635 1610 4450 1633 1651 4451 1637 1653 4452 1633 1651 4453 1636 1654 4454 1636 1654 4455 1635 1610 4456 1585 1599 4457 1637 1653 4458 1638 1655 4459 1639 1656 4460 1636 1654 4461 1583 1600 4462 1638 1655 4463 1641 1657 4464 1638 1655 4465 1640 1658 4466 1640 1658 4467 1583 1600 4468 1581 1597 4469 1641 1657 4470 1642 1659 4471 1643 1660 4472 1640 1658 4473 1644 1598 4474 1642 1659 4475 1646 1661 4476 1642 1659 4477 1645 1662 4478 1645 1662 4479 1644 1598 4480 1574 1588 4481 1646 1661 4482 1647 1663 4483 1648 1664 4484 1645 1662 4485 1572 1589 4486 1647 1663 4487 1650 1665 4488 1647 1663 4489 1649 1666 4490 1649 1666 4491 1572 1589 4492 1570 1586 4493 1650 1665 4494 1651 1667 4495 1652 1668 4496 1649 1666 4497 1653 1587 4498 1651 1667 4499 1655 1669 4500 1651 1667 4501 1654 1670 4502 1654 1670 4503 1653 1587 4504 1563 1576 4505 1655 1669 4506 1656 1671 4507 1657 1672 4508 1654 1670 4509 1561 1577 4510 1656 1671 4511 1659 1673 4512 1656 1671 4513 1658 1674 4514 1658 1674 4515 1561 1577 4516 1559 1574 4517 1659 1673 4518 1660 1675 4519 1661 1676 4520 1658 1674 4521 1662 1575 4522 1660 1675 4523 1664 1677 4524 1660 1675 4525 1663 1678 4526 1663 1678 4527 1662 1575 4528 1552 1564 4529 1664 1677 4530 1665 1679 4531 1666 1680 4532 1663 1678 4533 1550 1565 4534 1665 1679 4535 1668 1681 4536 1665 1679 4537 1667 1682 4538 1667 1682 4539 1550 1565 4540 1548 1562 4541 1668 1681 4542 1669 1683 4543 1670 1684 4544 1667 1682 4545 1671 1563 4546 1669 1683 4547 1673 1685 4548 1669 1683 4549 1672 1686 4550 1672 1686 4551 1671 1563 4552 1541 1552 4553 1673 1685 4554 1674 1687 4555 1675 1688 4556 1672 1686 4557 1539 1553 4558 1674 1687 4559 1677 1689 4560 1674 1687 4561 1676 1690 4562 1676 1690 4563 1539 1553 4564 1537 1550 4565 1677 1689 4566 1678 1691 4567 1679 1692 4568 1676 1690 4569 1680 1551 4570 1678 1691 4571 1682 1693 4572 1678 1691 4573 1681 1694 4574 1681 1694 4575 1680 1551 4576 1530 1541 4577 1682 1693 4578 1683 1695 4579 1684 1696 4580 1681 1694 4581 1528 1542 4582 1683 1695 4583 1686 1697 4584 1683 1695 4585 1685 1698 4586 1685 1698 4587 1528 1542 4588 1526 1539 4589 1686 1697 4590 1687 1699 4591 1688 1700 4592 1685 1698 4593 1689 1540 4594 1687 1699 4595 1691 1701 4596 1687 1699 4597 1690 1702 4598 1690 1702 4599 1689 1540 4600 1519 1529 4601 1691 1701 4602 1692 1703 4603 1693 1704 4604 1690 1702 4605 1517 1530 4606 1692 1703 4607 1695 1705 4608 1692 1703 4609 1694 1706 4610 1694 1706 4611 1517 1530 4612 1515 1527 4613 1695 1705 4614 1696 1707 4615 1697 1708 4616 1694 1706 4617 1698 1528 4618 1696 1707 4619 1700 1709 4620 1696 1707 4621 1699 1710 4622 1699 1710 4623 1698 1528 4624 1508 1517 4625 1700 1709 4626 1701 1711 4627 1702 1712 4628 1699 1710 4629 1506 1518 4630 1701 1711 4631 1704 1713 4632 1701 1711 4633 1703 1714 4634 1703 1714 4635 1506 1518 4636 1504 1515 4637 1704 1713 4638 1705 1715 4639 1706 1716 4640 1703 1714 4641 1707 1516 4642 1705 1715 4643 1709 1717 4644 1705 1715 4645 1708 1718 4646 1708 1718 4647 1707 1516 4648 1497 1505 4649 1709 1717 4650 1710 1719 4651 1711 1720 4652 1708 1718 4653 1495 1506 4654 1710 1719 4655 1713 1721 4656 1710 1719 4657 1712 1722 4658 1712 1722 4659 1495 1506 4660 1493 1503 4661 1713 1721 4662 1714 1723 4663 1715 1724 4664 1712 1722 4665 1716 1504 4666 1714 1723 4667 1718 1725 4668 1714 1723 4669 1717 1726 4670 1717 1726 4671 1716 1504 4672 1486 1493 4673 1718 1725 4674 1719 1727 4675 1720 1728 4676 1717 1726 4677 1484 1494 4678 1719 1727 4679 1722 1729 4680 1719 1727 4681 1721 1730 4682 1721 1730 4683 1484 1494 4684 1482 1491 4685 1722 1729 4686 1723 1731 4687 1724 1732 4688 1721 1730 4689 1725 1492 4690 1723 1731 4691 1727 1733 4692 1723 1731 4693 1726 1734 4694 1726 1734 4695 1725 1492 4696 1475 1481 4697 1727 1733 4698 1728 1735 4699 1729 1736 4700 1726 1734 4701 1473 1482 4702 1728 1735 4703 1731 1737 4704 1728 1735 4705 1730 1738 4706 1730 1738 4707 1473 1482 4708 1471 1479 4709 1731 1737 4710 1732 1739 4711 1733 1740 4712 1730 1738 4713 1734 1480 4714 1732 1739 4715 1736 1741 4716 1732 1739 4717 1735 1742 4718 1735 1742 4719 1734 1480 4720 1464 1469 4721 1736 1741 4722 1737 1743 4723 1738 1744 4724 1735 1742 4725 1462 1470 4726 1737 1743 4727 1740 1745 4728 1737 1743 4729 1739 1746 4730 1739 1746 4731 1462 1470 4732 1460 1467 4733 1740 1745 4734 1741 1747 4735 1742 1748 4736 1739 1746 4737 1744 1468 4738 1741 1747 4739 1745 1749 4740 1741 1747 4741 1743 1750 4742 1743 1750 4743 1744 1468 4744 1453 1457 4745 1745 1749 4746 1746 1751 4747 1747 1752 4748 1743 1750 4749 1451 1458 4750 1746 1751 4751 1434 1439 4752 1746 1751 4753 1436 1440 4754 1436 1440 4755 1451 1458 4756 1438 1443 4757 1751 1438 4758 1747 1752 4759 1434 1439 4760 1750 1753 4761 1747 1752 4762 1748 1754 4763 1425 1428 4764 1748 1754 4765 1751 1438 4766 1752 1755 4767 1748 1754 4768 1749 1756 4769 1752 1755 4770 1753 1757 4771 1750 1753 4772 1750 1753 4773 1742 1748 4774 1745 1749 4775 1756 1758 4776 1753 1757 4777 1754 1759 4778 1755 1760 4779 1742 1748 4780 1753 1757 4781 1756 1758 4782 1757 1761 4783 1755 1760 4784 1755 1760 4785 1738 1744 4786 1740 1745 4787 1760 1762 4788 1757 1761 4789 1758 1763 4790 1759 1764 4791 1738 1744 4792 1757 1761 4793 1760 1762 4794 1761 1765 4795 1759 1764 4796 1759 1764 4797 1733 1740 4798 1736 1741 4799 1764 1766 4800 1761 1765 4801 1762 1767 4802 1763 1768 4803 1733 1740 4804 1761 1765 4805 1764 1766 4806 1765 1769 4807 1763 1768 4808 1763 1768 4809 1729 1736 4810 1731 1737 4811 1768 1770 4812 1765 1769 4813 1766 1771 4814 1767 1772 4815 1729 1736 4816 1765 1769 4817 1768 1770 4818 1769 1773 4819 1767 1772 4820 1767 1772 4821 1724 1732 4822 1727 1733 4823 1772 1774 4824 1769 1773 4825 1770 1775 4826 1771 1776 4827 1724 1732 4828 1769 1773 4829 1772 1774 4830 1773 1777 4831 1771 1776 4832 1771 1776 4833 1720 1728 4834 1722 1729 4835 1776 1778 4836 1773 1777 4837 1774 1779 4838 1775 1780 4839 1720 1728 4840 1773 1777 4841 1776 1778 4842 1777 1781 4843 1775 1780 4844 1775 1780 4845 1715 1724 4846 1718 1725 4847 1780 1782 4848 1777 1781 4849 1778 1783 4850 1779 1784 4851 1715 1724 4852 1777 1781 4853 1780 1782 4854 1781 1785 4855 1779 1784 4856 1779 1784 4857 1711 1720 4858 1713 1721 4859 1784 1786 4860 1781 1785 4861 1782 1787 4862 1783 1788 4863 1711 1720 4864 1781 1785 4865 1784 1786 4866 1785 1789 4867 1783 1788 4868 1783 1788 4869 1706 1716 4870 1709 1717 4871 1788 1790 4872 1785 1789 4873 1786 1791 4874 1787 1792 4875 1706 1716 4876 1785 1789 4877 1788 1790 4878 1789 1793 4879 1787 1792 4880 1787 1792 4881 1702 1712 4882 1704 1713 4883 1792 1794 4884 1789 1793 4885 1790 1795 4886 1791 1796 4887 1702 1712 4888 1789 1793 4889 1792 1794 4890 1793 1797 4891 1791 1796 4892 1791 1796 4893 1697 1708 4894 1700 1709 4895 1796 1798 4896 1793 1797 4897 1794 1799 4898 1795 1800 4899 1697 1708 4900 1793 1797 4901 1796 1798 4902 1797 1801 4903 1795 1800 4904 1795 1800 4905 1693 1704 4906 1695 1705 4907 1800 1802 4908 1797 1801 4909 1798 1803 4910 1799 1804 4911 1693 1704 4912 1797 1801 4913 1800 1802 4914 1801 1805 4915 1799 1804 4916 1799 1804 4917 1688 1700 4918 1691 1701 4919 1804 1806 4920 1801 1805 4921 1802 1807 4922 1803 1808 4923 1688 1700 4924 1801 1805 4925 1804 1806 4926 1805 1809 4927 1803 1808 4928 1803 1808 4929 1684 1696 4930 1686 1697 4931 1808 1810 4932 1805 1809 4933 1806 1811 4934 1807 1812 4935 1684 1696 4936 1805 1809 4937 1808 1810 4938 1809 1813 4939 1807 1812 4940 1807 1812 4941 1679 1692 4942 1682 1693 4943 1812 1814 4944 1809 1813 4945 1810 1815 4946 1811 1816 4947 1679 1692 4948 1809 1813 4949 1812 1814 4950 1813 1817 4951 1811 1816 4952 1811 1816 4953 1675 1688 4954 1677 1689 4955 1816 1818 4956 1813 1817 4957 1814 1819 4958 1815 1820 4959 1675 1688 4960 1813 1817 4961 1816 1818 4962 1817 1821 4963 1815 1820 4964 1815 1820 4965 1670 1684 4966 1673 1685 4967 1820 1822 4968 1817 1821 4969 1818 1823 4970 1819 1824 4971 1670 1684 4972 1817 1821 4973 1820 1822 4974 1821 1825 4975 1819 1824 4976 1819 1824 4977 1666 1680 4978 1668 1681 4979 1824 1826 4980 1821 1825 4981 1822 1827 4982 1823 1828 4983 1666 1680 4984 1821 1825 4985 1824 1826 4986 1825 1829 4987 1823 1828 4988 1823 1828 4989 1661 1676 4990 1664 1677 4991 1828 1830 4992 1825 1829 4993 1826 1831 4994 1827 1832 4995 1661 1676 4996 1825 1829 4997 1828 1830 4998 1829 1833 4999 1827 1832 5000 1827 1832 5001 1657 1672 5002 1659 1673 5003 1832 1834 5004 1829 1833 5005 1830 1835 5006 1831 1836 5007 1657 1672 5008 1829 1833 5009 1832 1834 5010 1833 1837 5011 1831 1836 5012 1831 1836 5013 1652 1668 5014 1655 1669 5015 1836 1838 5016 1833 1837 5017 1834 1839 5018 1835 1840 5019 1652 1668 5020 1833 1837 5021 1836 1838 5022 1837 1841 5023 1835 1840 5024 1835 1840 5025 1648 1664 5026 1650 1665 5027 1840 1842 5028 1837 1841 5029 1838 1843 5030 1839 1844 5031 1648 1664 5032 1837 1841 5033 1840 1842 5034 1841 1845 5035 1839 1844 5036 1839 1844 5037 1643 1660 5038 1646 1661 5039 1844 1846 5040 1841 1845 5041 1842 1847 5042 1843 1848 5043 1643 1660 5044 1841 1845 5045 1844 1846 5046 1845 1849 5047 1843 1848 5048 1843 1848 5049 1639 1656 5050 1641 1657 5051 1848 1850 5052 1845 1849 5053 1846 1851 5054 1847 1852 5055 1639 1656 5056 1845 1849 5057 1848 1850 5058 1849 1853 5059 1847 1852 5060 1847 1852 5061 1634 1652 5062 1637 1653 5063 1852 1854 5064 1849 1853 5065 1850 1855 5066 1851 1856 5067 1634 1652 5068 1849 1853 5069 1852 1854 5070 1853 1857 5071 1851 1856 5072 1851 1856 5073 1630 1648 5074 1632 1649 5075 1856 1858 5076 1853 1857 5077 1854 1859 5078 1855 1860 5079 1630 1648 5080 1853 1857 5081 1856 1858 5082 1857 1861 5083 1855 1860 5084 1855 1860 5085 1625 1644 5086 1628 1645 5087 1860 1862 5088 1857 1861 5089 1858 1863 5090 1859 1864 5091 1625 1644 5092 1857 1861 5093 1860 1862 5094 1861 1865 5095 1859 1864 5096 1859 1864 5097 1621 1640 5098 1623 1641 5099 1864 1866 5100 1861 1865 5101 1862 1867 5102 1863 1868 5103 1621 1640 5104 1861 1865 5105 1864 1866 5106 1865 1869 5107 1863 1868 5108 1863 1868 5109 1617 1638 5110 1619 1636 5111 1868 1870 5112 1865 1869 5113 1866 1871 5114 1867 1872 5115 1617 1638 5116 1865 1869 5117 1868 1870 5118 1429 1429 5119 1867 1872 5120 1867 1872 5121 1431 1432 5122 1869 1637 5123 1869 1637 5124 3119 1435 5125 1614 1633 5126 1870 1873 5127 1866 1871 5128 1872 1874 5129 1873 1431 5130 1868 1870 5131 1870 1873 5132 1871 1875 5133 1873 1431 5134 1870 1873 5135 1871 1875 5136 1872 1874 5137 1875 1876 5138 1415 1417 5139 1873 1431 5140 1874 1415 5141 2110 1877 5142 1874 1415 5143 1871 1875 5144 1877 1878 5145 1872 1874 5146 1876 1879 5147 1872 1874 5148 1864 1866 5149 1876 1879 5150 1877 1878 5151 1878 1880 5152 1879 1881 5153 1876 1879 5154 1862 1867 5155 1878 1880 5156 1881 1882 5157 1878 1880 5158 1880 1883 5159 1878 1880 5160 1860 1862 5161 1880 1883 5162 1881 1882 5163 1882 1884 5164 1883 1885 5165 1880 1883 5166 1858 1863 5167 1882 1884 5168 1885 1886 5169 1882 1884 5170 1884 1887 5171 1882 1884 5172 1856 1858 5173 1884 1887 5174 1885 1886 5175 1886 1888 5176 1887 1889 5177 1884 1887 5178 1854 1859 5179 1886 1888 5180 1889 1890 5181 1886 1888 5182 1888 1891 5183 1886 1888 5184 1852 1854 5185 1888 1891 5186 1889 1890 5187 1890 1892 5188 1891 1893 5189 1888 1891 5190 1850 1855 5191 1890 1892 5192 1893 1894 5193 1890 1892 5194 1892 1895 5195 1890 1892 5196 1848 1850 5197 1892 1895 5198 1893 1894 5199 1894 1896 5200 1895 1897 5201 1892 1895 5202 1846 1851 5203 1894 1896 5204 1897 1898 5205 1894 1896 5206 1896 1899 5207 1894 1896 5208 1844 1846 5209 1896 1899 5210 1897 1898 5211 1898 1900 5212 1899 1901 5213 1896 1899 5214 1842 1847 5215 1898 1900 5216 1901 1902 5217 1898 1900 5218 1900 1903 5219 1898 1900 5220 1840 1842 5221 1900 1903 5222 1901 1902 5223 1902 1904 5224 1903 1905 5225 1900 1903 5226 1838 1843 5227 1902 1904 5228 1905 1906 5229 1902 1904 5230 1904 1907 5231 1902 1904 5232 1836 1838 5233 1904 1907 5234 1905 1906 5235 1906 1908 5236 1907 1909 5237 1904 1907 5238 1834 1839 5239 1906 1908 5240 1909 1910 5241 1906 1908 5242 1908 1911 5243 1906 1908 5244 1832 1834 5245 1908 1911 5246 1909 1910 5247 1910 1912 5248 1911 1913 5249 1908 1911 5250 1830 1835 5251 1910 1912 5252 1913 1914 5253 1910 1912 5254 1912 1915 5255 1910 1912 5256 1828 1830 5257 1912 1915 5258 1913 1914 5259 1914 1916 5260 1915 1917 5261 1912 1915 5262 1826 1831 5263 1914 1916 5264 1917 1918 5265 1914 1916 5266 1916 1919 5267 1914 1916 5268 1824 1826 5269 1916 1919 5270 1917 1918 5271 1918 1920 5272 1919 1921 5273 1916 1919 5274 1822 1827 5275 1918 1920 5276 1921 1922 5277 1918 1920 5278 1920 1923 5279 1918 1920 5280 1820 1822 5281 1920 1923 5282 1921 1922 5283 1922 1924 5284 1923 1925 5285 1920 1923 5286 1818 1823 5287 1922 1924 5288 1925 1926 5289 1922 1924 5290 1924 1927 5291 1922 1924 5292 1816 1818 5293 1924 1927 5294 1925 1926 5295 1926 1928 5296 1927 1929 5297 1924 1927 5298 1814 1819 5299 1926 1928 5300 1929 1930 5301 1926 1928 5302 1928 1931 5303 1926 1928 5304 1812 1814 5305 1928 1931 5306 1929 1930 5307 1930 1932 5308 1931 1933 5309 1928 1931 5310 1810 1815 5311 1930 1932 5312 1933 1934 5313 1930 1932 5314 1932 1935 5315 1930 1932 5316 1808 1810 5317 1932 1935 5318 1933 1934 5319 1934 1936 5320 1935 1937 5321 1932 1935 5322 1806 1811 5323 1934 1936 5324 1937 1938 5325 1934 1936 5326 1936 1939 5327 1934 1936 5328 1804 1806 5329 1936 1939 5330 1937 1938 5331 1938 1940 5332 1939 1941 5333 1936 1939 5334 1802 1807 5335 1938 1940 5336 1941 1942 5337 1938 1940 5338 1940 1943 5339 1938 1940 5340 1800 1802 5341 1940 1943 5342 1941 1942 5343 1942 1944 5344 1943 1945 5345 1940 1943 5346 1798 1803 5347 1942 1944 5348 1945 1946 5349 1942 1944 5350 1944 1947 5351 1942 1944 5352 1796 1798 5353 1944 1947 5354 1945 1946 5355 1946 1948 5356 1947 1949 5357 1944 1947 5358 1794 1799 5359 1946 1948 5360 1949 1950 5361 1946 1948 5362 1948 1951 5363 1946 1948 5364 1792 1794 5365 1948 1951 5366 1949 1950 5367 1950 1952 5368 1951 1953 5369 1948 1951 5370 1790 1795 5371 1950 1952 5372 1953 1954 5373 1950 1952 5374 1952 1955 5375 1950 1952 5376 1788 1790 5377 1952 1955 5378 1953 1954 5379 1954 1956 5380 1955 1957 5381 1952 1955 5382 1786 1791 5383 1954 1956 5384 1957 1958 5385 1954 1956 5386 1956 1959 5387 1954 1956 5388 1784 1786 5389 1956 1959 5390 1957 1958 5391 1958 1960 5392 1959 1961 5393 1956 1959 5394 1782 1787 5395 1958 1960 5396 1961 1962 5397 1958 1960 5398 1960 1963 5399 1958 1960 5400 1780 1782 5401 1960 1963 5402 1961 1962 5403 1962 1964 5404 1963 1965 5405 1960 1963 5406 1778 1783 5407 1962 1964 5408 1965 1966 5409 1962 1964 5410 1964 1967 5411 1962 1964 5412 1776 1778 5413 1964 1967 5414 1965 1966 5415 1966 1968 5416 1967 1969 5417 1964 1967 5418 1774 1779 5419 1966 1968 5420 1969 1970 5421 1966 1968 5422 1968 1971 5423 1966 1968 5424 1772 1774 5425 1968 1971 5426 1969 1970 5427 1970 1972 5428 1971 1973 5429 1968 1971 5430 1770 1775 5431 1970 1972 5432 1973 1974 5433 1970 1972 5434 1972 1975 5435 1970 1972 5436 1768 1770 5437 1972 1975 5438 1973 1974 5439 1974 1976 5440 1975 1977 5441 1972 1975 5442 1766 1771 5443 1974 1976 5444 1977 1978 5445 1974 1976 5446 1976 1979 5447 1974 1976 5448 1764 1766 5449 1976 1979 5450 1977 1978 5451 1978 1980 5452 1979 1981 5453 1976 1979 5454 1762 1767 5455 1978 1980 5456 1981 1982 5457 1978 1980 5458 1980 1983 5459 1978 1980 5460 1760 1762 5461 1980 1983 5462 1981 1982 5463 1982 1984 5464 1983 1985 5465 1980 1983 5466 1758 1763 5467 1982 1984 5468 1985 1986 5469 1982 1984 5470 1984 1987 5471 1982 1984 5472 1756 1758 5473 1984 1987 5474 1985 1986 5475 1986 1988 5476 1987 1989 5477 1984 1987 5478 1754 1759 5479 1986 1988 5480 1989 1990 5481 1986 1988 5482 1988 1991 5483 1986 1988 5484 1752 1755 5485 1988 1991 5486 1989 1990 5487 1990 1992 5488 1991 1993 5489 1988 1991 5490 1749 1756 5491 1990 1992 5492 1419 1420 5493 1990 1992 5494 1421 1423 5495 1990 1992 5496 1425 1428 5497 1421 1423 5498 1417 1419 5499 1991 1993 5500 1419 1420 5501 1994 1994 5502 1991 1993 5503 1992 1995 5504 3118 1418 5505 1992 1995 5506 1417 1419 5507 1995 1996 5508 1992 1995 5509 1993 1997 5510 1995 1996 5511 1996 1998 5512 1994 1994 5513 1994 1994 5514 1987 1989 5515 1989 1990 5516 1999 1999 5517 1996 1998 5518 1997 2000 5519 1998 2001 5520 1987 1989 5521 1996 1998 5522 1999 1999 5523 2000 2002 5524 1998 2001 5525 1998 2001 5526 1983 1985 5527 1985 1986 5528 2003 2003 5529 2000 2002 5530 2001 2004 5531 2002 2005 5532 1983 1985 5533 2000 2002 5534 2003 2003 5535 2004 2006 5536 2002 2005 5537 2002 2005 5538 1979 1981 5539 1981 1982 5540 2007 2007 5541 2004 2006 5542 2005 2008 5543 2006 2009 5544 1979 1981 5545 2004 2006 5546 2007 2007 5547 2008 2010 5548 2006 2009 5549 2006 2009 5550 1975 1977 5551 1977 1978 5552 2011 2011 5553 2008 2010 5554 2009 2012 5555 2010 2013 5556 1975 1977 5557 2008 2010 5558 2011 2011 5559 2012 2014 5560 2010 2013 5561 2010 2013 5562 1971 1973 5563 1973 1974 5564 2015 2015 5565 2012 2014 5566 2013 2016 5567 2014 2017 5568 1971 1973 5569 2012 2014 5570 2015 2015 5571 2016 2018 5572 2014 2017 5573 2014 2017 5574 1967 1969 5575 1969 1970 5576 2019 2019 5577 2016 2018 5578 2017 2020 5579 2018 2021 5580 1967 1969 5581 2016 2018 5582 2019 2019 5583 2020 2022 5584 2018 2021 5585 2018 2021 5586 1963 1965 5587 1965 1966 5588 2023 2023 5589 2020 2022 5590 2021 2024 5591 2022 2025 5592 1963 1965 5593 2020 2022 5594 2023 2023 5595 2024 2026 5596 2022 2025 5597 2022 2025 5598 1959 1961 5599 1961 1962 5600 2027 2027 5601 2024 2026 5602 2025 2028 5603 2026 2029 5604 1959 1961 5605 2024 2026 5606 2027 2027 5607 2028 2030 5608 2026 2029 5609 2026 2029 5610 1955 1957 5611 1957 1958 5612 2031 2031 5613 2028 2030 5614 2029 2032 5615 2030 2033 5616 1955 1957 5617 2028 2030 5618 2031 2031 5619 2032 2034 5620 2030 2033 5621 2030 2033 5622 1951 1953 5623 1953 1954 5624 2035 2035 5625 2032 2034 5626 2033 2036 5627 2034 2037 5628 1951 1953 5629 2032 2034 5630 2035 2035 5631 2036 2038 5632 2034 2037 5633 2034 2037 5634 1947 1949 5635 1949 1950 5636 2039 2039 5637 2036 2038 5638 2037 2040 5639 2038 2041 5640 1947 1949 5641 2036 2038 5642 2039 2039 5643 2040 2042 5644 2038 2041 5645 2038 2041 5646 1943 1945 5647 1945 1946 5648 2043 2043 5649 2040 2042 5650 2041 2044 5651 2042 2045 5652 1943 1945 5653 2040 2042 5654 2043 2043 5655 2044 2046 5656 2042 2045 5657 2042 2045 5658 1939 1941 5659 1941 1942 5660 2047 2047 5661 2044 2046 5662 2045 2048 5663 2046 2049 5664 1939 1941 5665 2044 2046 5666 2047 2047 5667 2048 2050 5668 2046 2049 5669 2046 2049 5670 1935 1937 5671 1937 1938 5672 2051 2051 5673 2048 2050 5674 2049 2052 5675 2050 2053 5676 1935 1937 5677 2048 2050 5678 2051 2051 5679 2052 2054 5680 2050 2053 5681 2050 2053 5682 1931 1933 5683 1933 1934 5684 2055 2055 5685 2052 2054 5686 2053 2056 5687 2054 2057 5688 1931 1933 5689 2052 2054 5690 2055 2055 5691 2056 2058 5692 2054 2057 5693 2054 2057 5694 1927 1929 5695 1929 1930 5696 2059 2059 5697 2056 2058 5698 2057 2060 5699 2058 2061 5700 1927 1929 5701 2056 2058 5702 2059 2059 5703 2060 2062 5704 2058 2061 5705 2058 2061 5706 1923 1925 5707 1925 1926 5708 2063 2063 5709 2060 2062 5710 2061 2064 5711 2062 2065 5712 1923 1925 5713 2060 2062 5714 2063 2063 5715 2064 2066 5716 2062 2065 5717 2062 2065 5718 1919 1921 5719 1921 1922 5720 2067 2067 5721 2064 2066 5722 2065 2068 5723 2066 2069 5724 1919 1921 5725 2064 2066 5726 2067 2067 5727 2068 2070 5728 2066 2069 5729 2066 2069 5730 1915 1917 5731 1917 1918 5732 2071 2071 5733 2068 2070 5734 2069 2072 5735 2070 2073 5736 1915 1917 5737 2068 2070 5738 2071 2071 5739 2072 2074 5740 2070 2073 5741 2070 2073 5742 1911 1913 5743 1913 1914 5744 2075 2075 5745 2072 2074 5746 2073 2076 5747 2074 2077 5748 1911 1913 5749 2072 2074 5750 2075 2075 5751 2076 2078 5752 2074 2077 5753 2074 2077 5754 1907 1909 5755 1909 1910 5756 2079 2079 5757 2076 2078 5758 2077 2080 5759 2078 2081 5760 1907 1909 5761 2076 2078 5762 2079 2079 5763 2080 2082 5764 2078 2081 5765 2078 2081 5766 1903 1905 5767 1905 1906 5768 2083 2083 5769 2080 2082 5770 2081 2084 5771 2082 2085 5772 1903 1905 5773 2080 2082 5774 2083 2083 5775 2084 2086 5776 2082 2085 5777 2082 2085 5778 1899 1901 5779 1901 1902 5780 2087 2087 5781 2084 2086 5782 2085 2088 5783 2086 2089 5784 1899 1901 5785 2084 2086 5786 2087 2087 5787 2088 2090 5788 2086 2089 5789 2086 2089 5790 1895 1897 5791 1897 1898 5792 2091 2091 5793 2088 2090 5794 2089 2092 5795 2090 2093 5796 1895 1897 5797 2088 2090 5798 2091 2091 5799 2092 2094 5800 2090 2093 5801 2090 2093 5802 1891 1893 5803 1893 1894 5804 2095 2095 5805 2092 2094 5806 2093 2096 5807 2094 2097 5808 1891 1893 5809 2092 2094 5810 2095 2095 5811 2096 2098 5812 2094 2097 5813 2094 2097 5814 1887 1889 5815 1889 1890 5816 2099 2099 5817 2096 2098 5818 2097 2100 5819 2098 2101 5820 1887 1889 5821 2096 2098 5822 2099 2099 5823 2100 2102 5824 2098 2101 5825 2098 2101 5826 1883 1885 5827 1885 1886 5828 2103 2103 5829 2100 2102 5830 2101 2104 5831 2102 2105 5832 1883 1885 5833 2100 2102 5834 2103 2103 5835 2104 2106 5836 2102 2105 5837 2102 2105 5838 1879 1881 5839 1881 1882 5840 2107 2107 5841 2104 2106 5842 2105 2108 5843 2106 2109 5844 1879 1881 5845 2104 2106 5846 2107 2107 5847 2108 2110 5848 2106 2109 5849 2106 2109 5850 1875 1876 5851 1877 1878 5852 2111 2111 5853 2108 2110 5854 2109 2112 5855 2110 1877 5856 1875 1876 5857 2108 2110 5858 2111 2111 5859 1414 1412 5860 2110 1877 5861 2112 2113 5862 1412 1409 5863 2111 2111 5864 2112 2113 5865 2109 2112 5866 2113 2114 5867 2114 2115 5868 2113 2114 5869 2115 2116 5870 2114 2115 5871 1410 1410 5872 2112 2113 5873 2117 2117 5874 2115 2116 5875 2120 2118 5876 2116 1411 5877 2117 2117 5878 2118 2119 5879 2118 2119 5880 2119 2120 5881 3107 2121 5882 2119 2120 5883 2120 2118 5884 2121 2122 5885 2120 2118 5886 2123 2123 5887 2121 2122 5888 2115 2116 5889 2122 2124 5890 2120 2118 5891 2123 2123 5892 2124 2125 5893 3089 2126 5894 2122 2124 5895 2126 2127 5896 2124 2125 5897 2125 2128 5898 2128 2129 5899 2126 2127 5900 2125 2128 5901 2113 2114 5902 2127 2130 5903 2127 2130 5904 2105 2108 5905 2128 2129 5906 2127 2130 5907 2109 2112 5908 2107 2107 5909 2129 2131 5910 2105 2108 5911 2103 2103 5912 2131 2132 5913 2128 2129 5914 2129 2131 5915 2129 2131 5916 2101 2104 5917 2130 2133 5918 2131 2132 5919 2130 2133 5920 2132 2134 5921 2133 2135 5922 2132 2134 5923 2135 2136 5924 2126 2127 5925 2133 2135 5926 2124 2125 5927 2124 2125 5928 2134 2137 5929 3089 2126 5930 2134 2137 5931 2135 2136 5932 2136 2138 5933 2135 2136 5934 2138 2139 5935 2136 2138 5936 2132 2134 5937 2137 2140 5938 2135 2136 5939 2138 2139 5940 2139 2141 5941 3076 2142 5942 2137 2140 5943 2141 2143 5944 2139 2141 5945 2140 2144 5946 2143 2145 5947 2141 2143 5948 2140 2144 5949 2130 2133 5950 2142 2146 5951 2142 2146 5952 2097 2100 5953 2143 2145 5954 2142 2146 5955 2101 2104 5956 2099 2099 5957 2144 2147 5958 2097 2100 5959 2095 2095 5960 2146 2148 5961 2143 2145 5962 2144 2147 5963 2144 2147 5964 2093 2096 5965 2145 2149 5966 2146 2148 5967 2145 2149 5968 2147 2150 5969 2148 2151 5970 2147 2150 5971 2150 2152 5972 2141 2143 5973 2148 2151 5974 2139 2141 5975 2139 2141 5976 2149 2153 5977 3076 2142 5978 2149 2153 5979 2150 2152 5980 2151 2154 5981 2150 2152 5982 2153 2155 5983 2151 2154 5984 2147 2150 5985 2152 2156 5986 2150 2152 5987 2153 2155 5988 2154 2157 5989 3109 2158 5990 2152 2156 5991 2156 2159 5992 2154 2157 5993 2155 2160 5994 2158 2161 5995 2156 2159 5996 2155 2160 5997 2145 2149 5998 2157 2162 5999 2157 2162 6000 2089 2092 6001 2158 2161 6002 2157 2162 6003 2093 2096 6004 2091 2091 6005 2159 2163 6006 2089 2092 6007 2087 2087 6008 2161 2164 6009 2158 2161 6010 2159 2163 6011 2159 2163 6012 2085 2088 6013 2160 2165 6014 2161 2164 6015 2160 2165 6016 2162 2166 6017 2163 2167 6018 2162 2166 6019 2165 2168 6020 2156 2159 6021 2163 2167 6022 2154 2157 6023 2154 2157 6024 2164 2169 6025 3109 2158 6026 2164 2169 6027 2165 2168 6028 2166 2170 6029 2165 2168 6030 2168 2171 6031 2166 2170 6032 2162 2166 6033 2167 2172 6034 2165 2168 6035 2168 2171 6036 2169 2173 6037 3061 2174 6038 2167 2172 6039 2171 2175 6040 2169 2173 6041 2170 2176 6042 2173 2177 6043 2171 2175 6044 2170 2176 6045 2160 2165 6046 2172 2178 6047 2172 2178 6048 2081 2084 6049 2173 2177 6050 2172 2178 6051 2085 2088 6052 2083 2083 6053 2174 2179 6054 2081 2084 6055 2079 2079 6056 2176 2180 6057 2173 2177 6058 2174 2179 6059 2174 2179 6060 2077 2080 6061 2175 2181 6062 2176 2180 6063 2175 2181 6064 2177 2182 6065 2178 2183 6066 2177 2182 6067 2180 2184 6068 2171 2175 6069 2178 2183 6070 2169 2173 6071 2169 2173 6072 2179 2185 6073 3061 2174 6074 2179 2185 6075 2180 2184 6076 2181 2186 6077 2180 2184 6078 2183 2187 6079 2181 2186 6080 2177 2182 6081 2182 2188 6082 2180 2184 6083 2183 2187 6084 2184 2189 6085 3050 2190 6086 2182 2188 6087 2186 2191 6088 2184 2189 6089 2185 2192 6090 2188 2193 6091 2186 2191 6092 2185 2192 6093 2175 2181 6094 2187 2194 6095 2187 2194 6096 2073 2076 6097 2188 2193 6098 2187 2194 6099 2077 2080 6100 2075 2075 6101 2189 2195 6102 2073 2076 6103 2071 2071 6104 2191 2196 6105 2188 2193 6106 2189 2195 6107 2189 2195 6108 2069 2072 6109 2190 2197 6110 2191 2196 6111 2190 2197 6112 2192 2198 6113 2193 2199 6114 2192 2198 6115 2195 2200 6116 2186 2191 6117 2193 2199 6118 2184 2189 6119 2184 2189 6120 2194 2201 6121 3050 2190 6122 2194 2201 6123 2195 2200 6124 2196 2202 6125 2195 2200 6126 2198 2203 6127 2196 2202 6128 2192 2198 6129 2197 2204 6130 2195 2200 6131 2198 2203 6132 2199 2205 6133 3111 2206 6134 2197 2204 6135 2201 2207 6136 2199 2205 6137 2200 2208 6138 2203 2209 6139 2201 2207 6140 2200 2208 6141 2190 2197 6142 2202 2210 6143 2202 2210 6144 2065 2068 6145 2203 2209 6146 2202 2210 6147 2069 2072 6148 2067 2067 6149 2204 2211 6150 2065 2068 6151 2063 2063 6152 2206 2212 6153 2203 2209 6154 2204 2211 6155 2204 2211 6156 2061 2064 6157 2205 2213 6158 2206 2212 6159 2205 2213 6160 2207 2214 6161 2208 2215 6162 2207 2214 6163 2210 2216 6164 2201 2207 6165 2208 2215 6166 2199 2205 6167 2199 2205 6168 2209 2217 6169 3111 2206 6170 2209 2217 6171 2210 2216 6172 2211 2218 6173 2210 2216 6174 2213 2219 6175 2211 2218 6176 2207 2214 6177 2212 2220 6178 2210 2216 6179 2213 2219 6180 2214 2221 6181 3033 2222 6182 2212 2220 6183 2216 2223 6184 2214 2221 6185 2215 2224 6186 2218 2225 6187 2216 2223 6188 2215 2224 6189 2205 2213 6190 2217 2226 6191 2217 2226 6192 2057 2060 6193 2218 2225 6194 2217 2226 6195 2061 2064 6196 2059 2059 6197 2219 2227 6198 2057 2060 6199 2055 2055 6200 2221 2228 6201 2218 2225 6202 2219 2227 6203 2219 2227 6204 2053 2056 6205 2220 2229 6206 2221 2228 6207 2220 2229 6208 2222 2230 6209 2223 2231 6210 2222 2230 6211 2225 2232 6212 2216 2223 6213 2223 2231 6214 2214 2221 6215 2214 2221 6216 2224 2233 6217 3033 2222 6218 2224 2233 6219 2225 2232 6220 2226 2234 6221 2225 2232 6222 2228 2235 6223 2226 2234 6224 2222 2230 6225 2227 2236 6226 2225 2232 6227 2228 2235 6228 2229 2237 6229 3022 2238 6230 2227 2236 6231 2231 2239 6232 2229 2237 6233 2230 2240 6234 2233 2241 6235 2231 2239 6236 2230 2240 6237 2220 2229 6238 2232 2242 6239 2232 2242 6240 2049 2052 6241 2233 2241 6242 2232 2242 6243 2053 2056 6244 2051 2051 6245 2234 2243 6246 2049 2052 6247 2047 2047 6248 2236 2244 6249 2233 2241 6250 2234 2243 6251 2234 2243 6252 2045 2048 6253 2235 2245 6254 2236 2244 6255 2235 2245 6256 2237 2246 6257 2238 2247 6258 2237 2246 6259 2240 2248 6260 2231 2239 6261 2238 2247 6262 2229 2237 6263 2229 2237 6264 2239 2249 6265 3022 2238 6266 2239 2249 6267 2240 2248 6268 2241 2250 6269 2240 2248 6270 2243 2251 6271 2241 2250 6272 2237 2246 6273 2242 2252 6274 2240 2248 6275 2243 2251 6276 2244 2253 6277 3113 2254 6278 2242 2252 6279 2246 2255 6280 2244 2253 6281 2245 2256 6282 2248 2257 6283 2246 2255 6284 2245 2256 6285 2235 2245 6286 2247 2258 6287 2247 2258 6288 2041 2044 6289 2248 2257 6290 2247 2258 6291 2045 2048 6292 2043 2043 6293 2249 2259 6294 2041 2044 6295 2039 2039 6296 2251 2260 6297 2248 2257 6298 2249 2259 6299 2249 2259 6300 2037 2040 6301 2250 2261 6302 2251 2260 6303 2250 2261 6304 2252 2262 6305 2253 2263 6306 2252 2262 6307 2255 2264 6308 2246 2255 6309 2253 2263 6310 2244 2253 6311 2244 2253 6312 2254 2265 6313 3113 2254 6314 2254 2265 6315 2255 2264 6316 2256 2266 6317 2255 2264 6318 2258 2267 6319 2256 2266 6320 2252 2262 6321 2257 2268 6322 2255 2264 6323 2258 2267 6324 2259 2269 6325 3003 2270 6326 2257 2268 6327 2261 2271 6328 2259 2269 6329 2260 2272 6330 2263 2273 6331 2261 2271 6332 2260 2272 6333 2250 2261 6334 2262 2274 6335 2262 2274 6336 2033 2036 6337 2263 2273 6338 2262 2274 6339 2037 2040 6340 2035 2035 6341 2264 2275 6342 2033 2036 6343 2031 2031 6344 2266 2276 6345 2263 2273 6346 2264 2275 6347 2264 2275 6348 2029 2032 6349 2265 2277 6350 2266 2276 6351 2265 2277 6352 2267 2278 6353 2268 2279 6354 2267 2278 6355 2270 2280 6356 2261 2271 6357 2268 2279 6358 2259 2269 6359 2259 2269 6360 2269 2281 6361 3003 2270 6362 2269 2281 6363 2270 2280 6364 2271 2282 6365 2270 2280 6366 2273 2283 6367 2271 2282 6368 2267 2278 6369 2272 2284 6370 2270 2280 6371 2273 2283 6372 2274 2285 6373 3114 2286 6374 2272 2284 6375 2276 2287 6376 2274 2285 6377 2275 2288 6378 2278 2289 6379 2276 2287 6380 2275 2288 6381 2265 2277 6382 2277 2290 6383 2277 2290 6384 2025 2028 6385 2278 2289 6386 2277 2290 6387 2029 2032 6388 2027 2027 6389 2279 2291 6390 2025 2028 6391 2023 2023 6392 2281 2292 6393 2278 2289 6394 2279 2291 6395 2279 2291 6396 2021 2024 6397 2280 2293 6398 2281 2292 6399 2280 2293 6400 2282 2294 6401 2283 2295 6402 2282 2294 6403 2285 2296 6404 2276 2287 6405 2283 2295 6406 2274 2285 6407 2274 2285 6408 2284 2297 6409 3114 2286 6410 2284 2297 6411 2285 2296 6412 2286 2298 6413 2285 2296 6414 2288 2299 6415 2286 2298 6416 2282 2294 6417 2287 2300 6418 2285 2296 6419 2288 2299 6420 2289 2301 6421 2986 2302 6422 2287 2300 6423 2291 2303 6424 2289 2301 6425 2290 2304 6426 2293 2305 6427 2291 2303 6428 2290 2304 6429 2280 2293 6430 2292 2306 6431 2292 2306 6432 2017 2020 6433 2293 2305 6434 2292 2306 6435 2021 2024 6436 2019 2019 6437 2294 2307 6438 2017 2020 6439 2015 2015 6440 2296 2308 6441 2293 2305 6442 2294 2307 6443 2294 2307 6444 2013 2016 6445 2295 2309 6446 2296 2308 6447 2295 2309 6448 2297 2310 6449 2298 2311 6450 2297 2310 6451 2300 2312 6452 2291 2303 6453 2298 2311 6454 2289 2301 6455 2289 2301 6456 2299 2313 6457 2986 2302 6458 2299 2313 6459 2300 2312 6460 2301 2314 6461 2300 2312 6462 2303 2315 6463 2301 2314 6464 2297 2310 6465 2302 2316 6466 2300 2312 6467 2303 2315 6468 2304 2317 6469 2975 2318 6470 2302 2316 6471 2306 2319 6472 2304 2317 6473 2305 2320 6474 2308 2321 6475 2306 2319 6476 2305 2320 6477 2295 2309 6478 2307 2322 6479 2307 2322 6480 2009 2012 6481 2308 2321 6482 2307 2322 6483 2013 2016 6484 2011 2011 6485 2309 2323 6486 2009 2012 6487 2007 2007 6488 2311 2324 6489 2308 2321 6490 2309 2323 6491 2309 2323 6492 2005 2008 6493 2310 2325 6494 2311 2324 6495 2310 2325 6496 2312 2326 6497 2313 2327 6498 2312 2326 6499 2315 2328 6500 2306 2319 6501 2313 2327 6502 2304 2317 6503 2304 2317 6504 2314 2329 6505 2975 2318 6506 2314 2329 6507 2315 2328 6508 2316 2330 6509 2315 2328 6510 2318 2331 6511 2316 2330 6512 2312 2326 6513 2317 2332 6514 2315 2328 6515 2318 2331 6516 2319 2333 6517 3116 2334 6518 2317 2332 6519 2321 2335 6520 2319 2333 6521 2320 2336 6522 2323 2337 6523 2321 2335 6524 2320 2336 6525 2310 2325 6526 2322 2338 6527 2322 2338 6528 2001 2004 6529 2323 2337 6530 2322 2338 6531 2005 2008 6532 2003 2003 6533 2324 2339 6534 2001 2004 6535 1999 1999 6536 2326 2340 6537 2323 2337 6538 2324 2339 6539 2324 2339 6540 1997 2000 6541 2325 2341 6542 2326 2340 6543 2325 2341 6544 2327 2342 6545 2328 2343 6546 2327 2342 6547 2330 2344 6548 2321 2335 6549 2328 2343 6550 2319 2333 6551 2319 2333 6552 2329 2345 6553 3116 2334 6554 2329 2345 6555 2330 2344 6556 2331 2346 6557 2330 2344 6558 2332 1398 6559 2331 2346 6560 2327 2342 6561 1398 1391 6562 2330 2344 6563 2331 2346 6564 2334 2347 6565 2333 2348 6566 2336 2349 6567 2331 2346 6568 2333 2348 6569 2333 2348 6570 3105 2350 6571 2335 2351 6572 2338 2352 6573 2333 2348 6574 2335 2351 6575 3116 2334 6576 2336 2349 6577 2337 2353 6578 2337 2353 6579 2338 2352 6580 2339 2354 6581 2339 2354 6582 2340 2355 6583 2341 2356 6584 2340 2355 6585 2335 2351 6586 2343 2357 6587 2341 2356 6588 2342 2358 6589 2564 2359 6590 2342 2358 6591 2343 2357 6592 2345 2360 6593 2335 2351 6594 2344 2361 6595 2343 2357 6596 2343 2357 6597 2346 2362 6598 2345 2360 6599 2350 2363 6600 2345 2360 6601 2346 2362 6602 2348 2364 6603 2345 2360 6604 2347 2365 6605 2348 2364 6606 2349 2366 6607 2565 2367 6608 2350 2363 6609 2349 2366 6610 2347 2365 6611 2350 2363 6612 2353 2368 6613 2351 2369 6614 2350 2363 6615 2355 2370 6616 2352 2371 6617 2354 2372 6618 2353 2368 6619 2352 2371 6620 2354 2372 6621 2355 2370 6622 2357 2373 6623 2356 2374 6624 2357 2373 6625 2355 2370 6626 2346 2362 6627 2356 2374 6628 2355 2370 6629 2357 2373 6630 2360 2375 6631 2359 2376 6632 2354 2372 6633 2359 2376 6634 2362 2377 6635 2360 2375 6636 2361 2378 6637 2359 2376 6638 2364 2379 6639 2359 2376 6640 2361 2378 6641 2354 2372 6642 2363 2380 6643 2962 2381 6644 2364 2379 6645 2363 2380 6646 2362 2377 6647 2364 2379 6648 2367 2382 6649 2365 2383 6650 2364 2379 6651 2369 2384 6652 2366 2385 6653 2368 2386 6654 2367 2382 6655 2366 2385 6656 2366 2385 6657 2371 2387 6658 2368 2386 6659 2370 2388 6660 2371 2387 6661 2369 2384 6662 2361 2378 6663 2370 2388 6664 2369 2384 6665 2371 2387 6666 2374 2389 6667 2373 2390 6668 2368 2386 6669 2373 2390 6670 2376 2391 6671 2374 2389 6672 2375 2392 6673 2373 2390 6674 2378 2393 6675 2373 2390 6676 2375 2392 6677 2368 2386 6678 2377 2394 6679 2961 2395 6680 2378 2393 6681 2377 2394 6682 2376 2391 6683 2378 2393 6684 2381 2396 6685 2379 2397 6686 2378 2393 6687 2383 2398 6688 2380 2399 6689 2382 2400 6690 2381 2396 6691 2380 2399 6692 2382 2400 6693 2383 2398 6694 2385 2401 6695 2384 2402 6696 2385 2401 6697 2383 2398 6698 2375 2392 6699 2384 2402 6700 2383 2398 6701 2385 2401 6702 2388 2403 6703 2387 2404 6704 2382 2400 6705 2387 2404 6706 2390 2405 6707 2388 2403 6708 2389 2406 6709 2387 2404 6710 2392 2407 6711 2387 2404 6712 2389 2406 6713 2382 2400 6714 2391 2408 6715 2960 2409 6716 2392 2407 6717 2391 2408 6718 2390 2405 6719 2392 2407 6720 2395 2410 6721 2393 2411 6722 2392 2407 6723 2397 2412 6724 2394 2413 6725 2396 2414 6726 2395 2410 6727 2394 2413 6728 2394 2413 6729 2399 2415 6730 2396 2414 6731 2389 2406 6732 2398 2416 6733 2397 2412 6734 2400 2417 6735 2397 2412 6736 2398 2416 6737 2399 2415 6738 2402 2418 6739 2401 2419 6740 2404 2420 6741 2399 2415 6742 2401 2419 6743 2402 2418 6744 2403 2421 6745 2401 2419 6746 2404 2420 6747 2403 2421 6748 2406 2422 6749 2396 2414 6750 2405 2423 6751 2959 2424 6752 2406 2422 6753 2405 2423 6754 2404 2420 6755 2406 2422 6756 2409 2425 6757 2407 2426 6758 2408 2427 6759 2403 2421 6760 2411 2428 6761 2410 2429 6762 2409 2425 6763 2408 2427 6764 2408 2427 6765 2413 2430 6766 2410 2429 6767 2412 2431 6768 2413 2430 6769 2411 2428 6770 2403 2421 6771 2412 2431 6772 2411 2428 6773 2415 2432 6774 2414 2433 6775 2416 2434 6776 2410 2429 6777 2415 2432 6778 2418 2435 6779 2416 2434 6780 2417 2436 6781 2415 2432 6782 2418 2435 6783 2417 2436 6784 2420 2437 6785 2410 2429 6786 2419 2438 6787 2958 2439 6788 2420 2437 6789 2419 2438 6790 2418 2435 6791 2420 2437 6792 2423 2440 6793 2421 2441 6794 2422 2442 6795 2417 2436 6796 2425 2443 6797 2424 2444 6798 2423 2440 6799 2422 2442 6800 2422 2442 6801 2427 2445 6802 2424 2444 6803 2426 2446 6804 2427 2445 6805 2425 2443 6806 2425 2443 6807 3110 2447 6808 2426 2446 6809 2427 2445 6810 2430 2448 6811 2429 2449 6812 2432 2450 6813 2427 2445 6814 2429 2449 6815 2430 2448 6816 2431 2451 6817 2429 2449 6818 2434 2452 6819 2429 2449 6820 2431 2451 6821 2424 2444 6822 2433 2453 6823 2957 2454 6824 2434 2452 6825 2433 2453 6826 2432 2450 6827 2434 2452 6828 2437 2455 6829 2435 2456 6830 2434 2452 6831 2439 2457 6832 2436 2458 6833 2438 2459 6834 2437 2455 6835 2436 2458 6836 2438 2459 6837 2439 2457 6838 2441 2460 6839 2440 2461 6840 2441 2460 6841 2439 2457 6842 2431 2451 6843 2440 2461 6844 2439 2457 6845 2441 2460 6846 2444 2462 6847 2443 2463 6848 2438 2459 6849 2443 2463 6850 2446 2464 6851 2444 2462 6852 2445 2465 6853 2443 2463 6854 2448 2466 6855 2443 2463 6856 2445 2465 6857 2438 2459 6858 2447 2467 6859 2956 2468 6860 2448 2466 6861 2447 2467 6862 2446 2464 6863 2448 2466 6864 2451 2469 6865 2449 2470 6866 2448 2466 6867 2453 2471 6868 2450 2472 6869 2452 2473 6870 2451 2469 6871 2450 2472 6872 2452 2473 6873 2453 2471 6874 2455 2474 6875 2454 2475 6876 2455 2474 6877 2453 2471 6878 2445 2465 6879 2454 2475 6880 2453 2471 6881 2455 2474 6882 2458 2476 6883 2457 2477 6884 2452 2473 6885 2457 2477 6886 2460 2478 6887 2458 2476 6888 2459 2479 6889 2457 2477 6890 2462 2480 6891 2457 2477 6892 2459 2479 6893 2452 2473 6894 2461 2481 6895 2955 2482 6896 2462 2480 6897 2461 2481 6898 2460 2478 6899 2462 2480 6900 2465 2483 6901 2463 2484 6902 2462 2480 6903 2467 2485 6904 2464 2486 6905 2466 2487 6906 2465 2483 6907 2464 2486 6908 2466 2487 6909 2467 2485 6910 2469 2488 6911 2468 2489 6912 2469 2488 6913 2467 2485 6914 2459 2479 6915 2468 2489 6916 2467 2485 6917 2469 2488 6918 2472 2490 6919 2471 2491 6920 2466 2487 6921 2471 2491 6922 2474 2492 6923 2472 2490 6924 2473 2493 6925 2471 2491 6926 2476 2494 6927 2471 2491 6928 2473 2493 6929 2466 2487 6930 2475 2495 6931 2954 2496 6932 2476 2494 6933 2475 2495 6934 2474 2492 6935 2476 2494 6936 2479 2497 6937 2477 2498 6938 2476 2494 6939 2481 2499 6940 2478 2500 6941 2480 2501 6942 2479 2497 6943 2478 2500 6944 2480 2501 6945 2481 2499 6946 2483 2502 6947 2482 2503 6948 2483 2502 6949 2481 2499 6950 2473 2493 6951 2482 2503 6952 2481 2499 6953 2483 2502 6954 2486 2504 6955 2485 2505 6956 2488 2506 6957 2483 2502 6958 2485 2505 6959 2486 2504 6960 2487 2507 6961 2485 2505 6962 2490 2508 6963 2485 2505 6964 2487 2507 6965 2480 2501 6966 2489 2509 6967 2953 2510 6968 2490 2508 6969 2489 2509 6970 2488 2506 6971 2490 2508 6972 2493 2511 6973 2491 2512 6974 2490 2508 6975 2495 2513 6976 2492 2514 6977 2492 2514 6978 2952 2515 6979 2493 2511 6980 2492 2514 6981 2497 2516 6982 2494 2517 6983 2487 2507 6984 2496 2518 6985 2495 2513 6986 2496 2518 6987 2497 2516 6988 2495 2513 6989 2497 2516 6990 2500 2519 6991 2499 2520 6992 2494 2517 6993 2499 2520 6994 2502 2521 6995 2500 2519 6996 2501 2522 6997 2499 2520 6998 2504 2523 6999 2499 2520 7000 2501 2522 7001 2494 2517 7002 2503 2524 7003 2952 2515 7004 2504 2523 7005 2503 2524 7006 2502 2521 7007 2504 2523 7008 2507 2525 7009 2505 2526 7010 2504 2523 7011 2509 2527 7012 2506 2528 7013 2508 2529 7014 2507 2525 7015 2506 2528 7016 2508 2529 7017 2509 2527 7018 2511 2530 7019 2510 2531 7020 2511 2530 7021 2509 2527 7022 2501 2522 7023 2510 2531 7024 2509 2527 7025 2511 2530 7026 2514 2532 7027 2513 2533 7028 2508 2529 7029 2513 2533 7030 2516 2534 7031 2514 2532 7032 2515 2535 7033 2513 2533 7034 2518 2536 7035 2513 2533 7036 2515 2535 7037 2508 2529 7038 2517 2537 7039 2951 2538 7040 2518 2536 7041 2517 2537 7042 2516 2534 7043 2518 2536 7044 2521 2539 7045 2519 2540 7046 2518 2536 7047 2523 2541 7048 2520 2542 7049 2522 2543 7050 2521 2539 7051 2520 2542 7052 2522 2543 7053 2523 2541 7054 2525 2544 7055 2524 2545 7056 2525 2544 7057 2523 2541 7058 2515 2535 7059 2524 2545 7060 2523 2541 7061 2525 2544 7062 2528 2546 7063 2527 2547 7064 2522 2543 7065 2527 2547 7066 2530 2548 7067 2528 2546 7068 2529 2549 7069 2527 2547 7070 2532 2550 7071 2527 2547 7072 2529 2549 7073 2522 2543 7074 2531 2551 7075 2950 2552 7076 2532 2550 7077 2531 2551 7078 2530 2548 7079 2532 2550 7080 2535 2553 7081 2533 2554 7082 2534 2555 7083 2529 2549 7084 2537 2556 7085 2536 2557 7086 2535 2553 7087 2534 2555 7088 2534 2555 7089 2539 2558 7090 2536 2557 7091 2538 2559 7092 2539 2558 7093 2537 2556 7094 2529 2549 7095 2538 2559 7096 2537 2556 7097 2539 2558 7098 2542 2560 7099 2541 2561 7100 2544 2562 7101 2539 2558 7102 2541 2561 7103 2979 2563 7104 2541 2561 7105 2542 2560 7106 2544 2562 7107 2543 2564 7108 2546 2565 7109 2536 2557 7110 2545 2566 7111 2949 2567 7112 2546 2565 7113 2545 2566 7114 2544 2562 7115 2546 2565 7116 2549 2568 7117 2547 2569 7118 2548 2570 7119 2543 2564 7120 2551 2571 7121 2550 2572 7122 2549 2568 7123 2548 2570 7124 2550 2572 7125 2551 2571 7126 2553 2573 7127 2552 2574 7128 2553 2573 7129 2551 2571 7130 2543 2564 7131 2552 2574 7132 2551 2571 7133 2553 2573 7134 2556 2575 7135 2555 2576 7136 2550 2572 7137 2555 2576 7138 2558 2577 7139 2556 2575 7140 2557 2578 7141 2555 2576 7142 2560 2579 7143 2555 2576 7144 2557 2578 7145 2550 2572 7146 2559 2580 7147 2948 2581 7148 2560 2579 7149 2559 2580 7150 2558 2577 7151 2560 2579 7152 2563 2582 7153 2561 2583 7154 2560 2579 7155 2564 2359 7156 2562 2584 7157 2348 2364 7158 2563 2582 7159 2562 2584 7160 2348 2364 7161 2564 2359 7162 2342 2358 7163 2557 2578 7164 2341 2356 7165 2564 2359 7166 2565 2367 7167 2566 2585 7168 2563 2582 7169 2561 2583 7170 2566 2585 7171 2569 2586 7172 2567 2587 7173 2568 2588 7174 2566 2585 7175 2569 2586 7176 2568 2588 7177 2571 2589 7178 2561 2583 7179 2570 2590 7180 2559 2580 7181 2569 2586 7182 2572 2591 7183 2570 2590 7184 2571 2589 7185 2574 2592 7186 2572 2591 7187 2571 2589 7188 2576 2593 7189 2573 2594 7190 2573 2594 7191 2590 2595 7192 2574 2592 7193 2573 2594 7194 2578 2596 7195 2575 2597 7196 2964 2598 7197 2576 2593 7198 2568 2588 7199 2577 2599 7200 2578 2596 7201 2576 2593 7202 2578 2596 7203 2581 2600 7204 2580 2601 7205 2578 2596 7206 2582 2602 7207 2575 2597 7208 2581 2600 7209 2583 2603 7210 2580 2601 7211 2582 2602 7212 2583 2603 7213 2585 2604 7214 2582 2602 7215 2586 2605 7216 2588 2606 7217 2589 2607 7218 2586 2605 7219 2587 2608 7220 2590 2595 7221 2582 2602 7222 2588 2606 7223 2590 2595 7224 2589 2607 7225 2591 2609 7226 2592 2610 7227 2590 2595 7228 2591 2609 7229 2592 2610 7230 2593 2611 7231 2594 2612 7232 2593 2611 7233 2589 2607 7234 2596 2613 7235 2943 2614 7236 2593 2611 7237 2595 2615 7238 2593 2611 7239 2597 2616 7240 2595 2615 7241 2589 2607 7242 2598 2617 7243 2596 2613 7244 2597 2616 7245 2598 2617 7246 2599 2618 7247 2597 2616 7248 2600 2619 7249 2602 2620 7250 2603 2621 7251 2600 2619 7252 2601 2622 7253 2604 2623 7254 2597 2616 7255 2602 2620 7256 2604 2623 7257 2603 2621 7258 2606 2624 7259 2607 2625 7260 2604 2623 7261 2606 2624 7262 2943 2614 7263 2604 2623 7264 2605 2626 7265 2607 2625 7266 2608 2627 7267 2609 2628 7268 2608 2627 7269 2603 2621 7270 2611 2629 7271 2934 2630 7272 2608 2627 7273 2610 2631 7274 2608 2627 7275 2612 2632 7276 2610 2631 7277 2603 2621 7278 2613 2633 7279 2611 2629 7280 2612 2632 7281 2613 2633 7282 2614 2634 7283 2612 2632 7284 2615 2634 7285 2617 2635 7286 2618 2636 7287 2615 2634 7288 2616 2637 7289 2619 2638 7290 2612 2632 7291 2617 2635 7292 2619 2638 7293 2618 2636 7294 2621 2639 7295 2622 2640 7296 2619 2638 7297 2621 2639 7298 2934 2630 7299 2619 2638 7300 2620 2641 7301 2622 2640 7302 2623 2642 7303 2624 2643 7304 2623 2642 7305 2618 2636 7306 2626 2644 7307 2925 2645 7308 2623 2642 7309 2625 2646 7310 2623 2642 7311 2627 2647 7312 2625 2646 7313 2618 2636 7314 2628 2648 7315 2626 2644 7316 2627 2647 7317 2628 2648 7318 2629 2634 7319 2627 2647 7320 2630 2634 7321 2632 2649 7322 2633 2650 7323 2630 2634 7324 2631 2634 7325 2634 2651 7326 2627 2647 7327 2632 2649 7328 2634 2651 7329 2633 2650 7330 2636 2652 7331 2637 2653 7332 2634 2651 7333 2636 2652 7334 2925 2645 7335 2634 2651 7336 2635 2654 7337 2637 2653 7338 2638 2655 7339 2639 2656 7340 2638 2655 7341 2633 2650 7342 2641 2657 7343 2916 2658 7344 2638 2655 7345 2640 2659 7346 2638 2655 7347 2642 2660 7348 2640 2659 7349 2633 2650 7350 2643 2661 7351 2641 2657 7352 2642 2660 7353 2643 2661 7354 2644 2634 7355 2642 2660 7356 2645 2662 7357 2647 2663 7358 2648 2664 7359 2645 2662 7360 2646 2665 7361 2649 2666 7362 2642 2660 7363 2647 2663 7364 2649 2666 7365 2648 2664 7366 2651 2667 7367 2652 2668 7368 2649 2666 7369 2651 2667 7370 2916 2658 7371 2649 2666 7372 2650 2669 7373 2652 2668 7374 2653 2670 7375 2654 2671 7376 2653 2670 7377 2648 2664 7378 2656 2672 7379 2907 2673 7380 2653 2670 7381 2655 2674 7382 2653 2670 7383 2657 2675 7384 2655 2674 7385 2657 2675 7386 2658 2634 7387 2659 2634 7388 2648 2664 7389 2658 2634 7390 2656 2672 7391 2657 2675 7392 2660 2676 7393 2662 2677 7394 2663 2678 7395 2660 2676 7396 2661 2679 7397 2664 2680 7398 2657 2675 7399 2662 2677 7400 2664 2680 7401 2663 2678 7402 2666 2681 7403 2667 2682 7404 2664 2680 7405 2666 2681 7406 2907 2673 7407 2664 2680 7408 2665 2683 7409 2667 2682 7410 2668 2684 7411 2669 2685 7412 2668 2684 7413 2663 2678 7414 2671 2686 7415 2898 2687 7416 2668 2684 7417 2670 2688 7418 2668 2684 7419 2672 2689 7420 2670 2688 7421 2663 2678 7422 2673 2690 7423 2671 2686 7424 2672 2689 7425 2673 2690 7426 2674 2691 7427 2672 2689 7428 2675 2692 7429 2677 2693 7430 2678 2694 7431 2675 2692 7432 2676 2695 7433 2679 2696 7434 2672 2689 7435 2677 2693 7436 2679 2696 7437 2678 2694 7438 2681 2697 7439 2682 2698 7440 2679 2696 7441 2681 2697 7442 2898 2687 7443 2679 2696 7444 2680 2699 7445 2682 2698 7446 2683 2700 7447 2684 2701 7448 2683 2700 7449 2678 2694 7450 2686 2702 7451 2889 2703 7452 2683 2700 7453 2685 2704 7454 2683 2700 7455 2687 2705 7456 2685 2704 7457 2678 2694 7458 2688 2706 7459 2686 2702 7460 2687 2705 7461 2688 2706 7462 2689 2707 7463 2687 2705 7464 2690 2708 7465 2692 2709 7466 2693 2710 7467 2690 2708 7468 2691 2711 7469 2694 2712 7470 2687 2705 7471 2692 2709 7472 2694 2712 7473 2693 2710 7474 2696 2713 7475 2697 2714 7476 2694 2712 7477 2696 2713 7478 2889 2703 7479 2694 2712 7480 2695 2715 7481 2697 2714 7482 2698 2716 7483 2699 2717 7484 2698 2716 7485 2693 2710 7486 2701 2718 7487 2880 2719 7488 2698 2716 7489 2700 2720 7490 2698 2716 7491 2702 2721 7492 2700 2720 7493 2693 2710 7494 2703 2722 7495 2701 2718 7496 2702 2721 7497 2703 2722 7498 2704 2723 7499 2702 2721 7500 2705 2724 7501 2707 2725 7502 2708 2726 7503 2705 2724 7504 2706 2727 7505 2709 2728 7506 2702 2721 7507 2707 2725 7508 2709 2728 7509 2708 2726 7510 2711 2729 7511 2712 2730 7512 2709 2728 7513 2711 2729 7514 2880 2719 7515 2709 2728 7516 2710 2731 7517 2712 2730 7518 2713 2732 7519 2714 2733 7520 2713 2732 7521 2708 2726 7522 2716 2734 7523 2871 2735 7524 2713 2732 7525 2715 2736 7526 2713 2732 7527 2717 2737 7528 2715 2736 7529 2708 2726 7530 2718 2738 7531 2716 2734 7532 2717 2737 7533 2718 2738 7534 2719 2739 7535 2717 2737 7536 2720 2740 7537 2722 2741 7538 2723 2742 7539 2720 2740 7540 2721 2743 7541 2724 2744 7542 2717 2737 7543 2722 2741 7544 2724 2744 7545 2723 2742 7546 2726 2745 7547 2727 2746 7548 2724 2744 7549 2726 2745 7550 2871 2735 7551 2724 2744 7552 2725 2747 7553 2727 2746 7554 2728 2748 7555 2729 2749 7556 2728 2748 7557 2723 2742 7558 2731 2750 7559 2862 2751 7560 2728 2748 7561 2730 2752 7562 2728 2748 7563 2732 2753 7564 2730 2752 7565 2723 2742 7566 2733 2754 7567 2731 2750 7568 2732 2753 7569 2733 2754 7570 2734 2755 7571 2732 2753 7572 2735 2756 7573 2737 2757 7574 2738 2758 7575 2735 2756 7576 2736 2634 7577 2739 2759 7578 2732 2753 7579 2737 2757 7580 2739 2759 7581 2738 2758 7582 2741 2760 7583 2742 2761 7584 2739 2759 7585 2741 2760 7586 2862 2751 7587 2739 2759 7588 2740 2762 7589 2742 2761 7590 2743 2763 7591 2744 2764 7592 2743 2763 7593 2738 2758 7594 2746 2765 7595 2853 2766 7596 2743 2763 7597 2745 2767 7598 2743 2763 7599 2747 2768 7600 2745 2767 7601 2738 2758 7602 2748 2769 7603 2746 2765 7604 2747 2768 7605 2748 2769 7606 2749 2634 7607 2747 2768 7608 2750 2634 7609 2752 2770 7610 2753 2771 7611 2750 2634 7612 2751 2634 7613 2754 2772 7614 2747 2768 7615 2752 2770 7616 2754 2772 7617 2753 2771 7618 2756 2773 7619 2757 2774 7620 2754 2772 7621 2756 2773 7622 2853 2766 7623 2754 2772 7624 2755 2775 7625 2757 2774 7626 2758 2776 7627 2759 2777 7628 2758 2776 7629 2753 2771 7630 2761 2778 7631 2844 2779 7632 2758 2776 7633 2760 2780 7634 2758 2776 7635 2762 2781 7636 2760 2780 7637 2762 2781 7638 2763 2782 7639 2764 2783 7640 2753 2771 7641 2763 2782 7642 2761 2778 7643 2762 2781 7644 2765 2784 7645 2767 2785 7646 2768 2786 7647 2765 2784 7648 2766 2787 7649 2769 2788 7650 2762 2781 7651 2767 2785 7652 2769 2788 7653 2768 2786 7654 2771 2789 7655 2772 2790 7656 2769 2788 7657 2771 2789 7658 2844 2779 7659 2769 2788 7660 2770 2791 7661 2772 2790 7662 2773 2792 7663 2774 2793 7664 2773 2792 7665 2768 2786 7666 2776 2794 7667 2835 2795 7668 2773 2792 7669 2775 2796 7670 2773 2792 7671 2777 2797 7672 2775 2796 7673 2768 2786 7674 2778 2798 7675 2776 2794 7676 2777 2797 7677 2778 2798 7678 2779 2743 7679 2777 2797 7680 2780 2799 7681 2782 2800 7682 2783 2801 7683 2780 2799 7684 2781 2802 7685 2784 2803 7686 2777 2797 7687 2782 2800 7688 2784 2803 7689 2783 2801 7690 2786 2804 7691 2787 2805 7692 2784 2803 7693 2786 2804 7694 2835 2795 7695 2784 2803 7696 2785 2806 7697 2787 2805 7698 2788 2807 7699 2789 2808 7700 2788 2807 7701 2783 2801 7702 2791 2809 7703 2826 2810 7704 2788 2807 7705 2790 2811 7706 2788 2807 7707 2792 2812 7708 2790 2811 7709 2783 2801 7710 2793 2813 7711 2791 2809 7712 2792 2812 7713 2793 2813 7714 2794 2814 7715 2792 2812 7716 2795 2815 7717 2797 2816 7718 2798 2817 7719 2795 2815 7720 2796 2818 7721 2799 2819 7722 2792 2812 7723 2797 2816 7724 2799 2819 7725 2798 2817 7726 2801 2820 7727 2802 2821 7728 2799 2819 7729 2801 2820 7730 2826 2810 7731 2799 2819 7732 2800 2822 7733 2802 2821 7734 2803 2823 7735 2804 2824 7736 2803 2823 7737 2798 2817 7738 2806 2825 7739 2815 2826 7740 2803 2823 7741 2805 2827 7742 2803 2823 7743 2807 2828 7744 2805 2827 7745 2798 2817 7746 2808 2829 7747 2806 2825 7748 2807 2828 7749 2808 2829 7750 2809 2634 7751 2807 2828 7752 2810 2830 7753 2811 2831 7754 2581 2600 7755 2810 2830 7756 2584 2832 7757 2812 2833 7758 2581 2600 7759 2579 2834 7760 2812 2833 7761 2807 2828 7762 2811 2831 7763 2815 2826 7764 2812 2833 7765 2813 2835 7766 2577 2599 7767 2812 2833 7768 2579 2834 7769 2816 2836 7770 2813 2835 7771 2814 2837 7772 2964 2598 7773 2813 2835 7774 2577 2599 7775 2816 2836 7776 2804 2824 7777 2815 2826 7778 2817 2838 7779 2818 2839 7780 2816 2836 7781 2817 2838 7782 2814 2837 7783 2963 2840 7784 2821 2841 7785 2818 2839 7786 2819 2842 7787 2820 2843 7788 2804 2824 7789 2818 2839 7790 2821 2841 7791 2822 2844 7792 2820 2843 7793 2820 2843 7794 2800 2822 7795 2802 2821 7796 2825 2845 7797 2822 2844 7798 2823 2846 7799 2824 2847 7800 2800 2822 7801 2822 2844 7802 2825 2845 7803 2827 2848 7804 2824 2847 7805 2824 2847 7806 2789 2808 7807 2826 2810 7808 2830 2849 7809 2827 2848 7810 2828 2850 7811 2829 2851 7812 2789 2808 7813 2827 2848 7814 2830 2849 7815 2831 2852 7816 2829 2851 7817 2829 2851 7818 2785 2806 7819 2787 2805 7820 2834 2853 7821 2831 2852 7822 2832 2854 7823 2833 2855 7824 2785 2806 7825 2831 2852 7826 2834 2853 7827 2836 2856 7828 2833 2855 7829 2833 2855 7830 2774 2793 7831 2835 2795 7832 2839 2857 7833 2836 2856 7834 2837 2858 7835 2838 2859 7836 2774 2793 7837 2836 2856 7838 2839 2857 7839 2840 2860 7840 2838 2859 7841 2838 2859 7842 2770 2791 7843 2772 2790 7844 2843 2861 7845 2840 2860 7846 2841 2862 7847 2842 2863 7848 2770 2791 7849 2840 2860 7850 2843 2861 7851 2845 2864 7852 2842 2863 7853 2842 2863 7854 2759 2777 7855 2844 2779 7856 2848 2865 7857 2845 2864 7858 2846 2866 7859 2847 2867 7860 2759 2777 7861 2845 2864 7862 2848 2865 7863 2849 2868 7864 2847 2867 7865 2847 2867 7866 2755 2775 7867 2757 2774 7868 2852 2869 7869 2849 2868 7870 2850 2870 7871 2851 2871 7872 2755 2775 7873 2849 2868 7874 2852 2869 7875 2854 2872 7876 2851 2871 7877 2851 2871 7878 2744 2764 7879 2853 2766 7880 2857 2873 7881 2854 2872 7882 2855 2874 7883 2856 2875 7884 2744 2764 7885 2854 2872 7886 2857 2873 7887 2858 2876 7888 2856 2875 7889 2856 2875 7890 2740 2762 7891 2742 2761 7892 2861 2877 7893 2858 2876 7894 2859 2878 7895 2860 2879 7896 2740 2762 7897 2858 2876 7898 2861 2877 7899 2863 2880 7900 2860 2879 7901 2860 2879 7902 2729 2749 7903 2862 2751 7904 2866 2881 7905 2863 2880 7906 2864 2882 7907 2865 2883 7908 2729 2749 7909 2863 2880 7910 2866 2881 7911 2867 2884 7912 2865 2883 7913 2865 2883 7914 2725 2747 7915 2727 2746 7916 2870 2885 7917 2867 2884 7918 2868 2886 7919 2869 2887 7920 2725 2747 7921 2867 2884 7922 2870 2885 7923 2872 2888 7924 2869 2887 7925 2869 2887 7926 2714 2733 7927 2871 2735 7928 2875 2889 7929 2872 2888 7930 2873 2890 7931 2874 2891 7932 2714 2733 7933 2872 2888 7934 2875 2889 7935 2876 2892 7936 2874 2891 7937 2874 2891 7938 2710 2731 7939 2712 2730 7940 2879 2893 7941 2876 2892 7942 2877 2894 7943 2878 2895 7944 2710 2731 7945 2876 2892 7946 2879 2893 7947 2881 2896 7948 2878 2895 7949 2878 2895 7950 2699 2717 7951 2880 2719 7952 2884 2897 7953 2881 2896 7954 2882 2898 7955 2883 2899 7956 2699 2717 7957 2881 2896 7958 2884 2897 7959 2885 2900 7960 2883 2899 7961 2883 2899 7962 2695 2715 7963 2697 2714 7964 2888 2901 7965 2885 2900 7966 2886 2902 7967 2887 2903 7968 2695 2715 7969 2885 2900 7970 2888 2901 7971 2890 2904 7972 2887 2903 7973 2887 2903 7974 2684 2701 7975 2889 2703 7976 2893 2905 7977 2890 2904 7978 2891 2906 7979 2892 2907 7980 2684 2701 7981 2890 2904 7982 2893 2905 7983 2894 2908 7984 2892 2907 7985 2892 2907 7986 2680 2699 7987 2682 2698 7988 2897 2909 7989 2894 2908 7990 2895 2910 7991 2896 2911 7992 2680 2699 7993 2894 2908 7994 2897 2909 7995 2899 2912 7996 2896 2911 7997 2896 2911 7998 2669 2685 7999 2898 2687 8000 2902 2913 8001 2899 2912 8002 2900 2914 8003 2901 2915 8004 2669 2685 8005 2899 2912 8006 2902 2913 8007 2903 2916 8008 2901 2915 8009 2901 2915 8010 2665 2683 8011 2667 2682 8012 2906 2917 8013 2903 2916 8014 2904 2918 8015 2905 2919 8016 2665 2683 8017 2903 2916 8018 2906 2917 8019 2908 2920 8020 2905 2919 8021 2905 2919 8022 2654 2671 8023 2907 2673 8024 2911 2921 8025 2908 2920 8026 2909 2922 8027 2910 2923 8028 2654 2671 8029 2908 2920 8030 2911 2921 8031 2912 2924 8032 2910 2923 8033 2910 2923 8034 2650 2669 8035 2652 2668 8036 2915 2925 8037 2912 2924 8038 2913 2926 8039 2914 2927 8040 2650 2669 8041 2912 2924 8042 2915 2925 8043 2917 2928 8044 2914 2927 8045 2914 2927 8046 2639 2656 8047 2916 2658 8048 2920 2929 8049 2917 2928 8050 2918 2930 8051 2919 2931 8052 2639 2656 8053 2917 2928 8054 2920 2929 8055 2921 2932 8056 2919 2931 8057 2919 2931 8058 2635 2654 8059 2637 2653 8060 2924 2933 8061 2921 2932 8062 2922 2934 8063 2923 2935 8064 2635 2654 8065 2921 2932 8066 2924 2933 8067 2926 2936 8068 2923 2935 8069 2923 2935 8070 2624 2643 8071 2925 2645 8072 2929 2937 8073 2926 2936 8074 2927 2938 8075 2928 2939 8076 2624 2643 8077 2926 2936 8078 2929 2937 8079 2930 2940 8080 2928 2939 8081 2928 2939 8082 2620 2641 8083 2622 2640 8084 2933 2941 8085 2930 2940 8086 2931 2942 8087 2932 2943 8088 2620 2641 8089 2930 2940 8090 2933 2941 8091 2935 2944 8092 2932 2943 8093 2932 2943 8094 2609 2628 8095 2934 2630 8096 2938 2945 8097 2935 2944 8098 2936 2946 8099 2937 2947 8100 2609 2628 8101 2935 2944 8102 2938 2945 8103 2939 2948 8104 2937 2947 8105 2937 2947 8106 2605 2626 8107 2607 2625 8108 2942 2949 8109 2939 2948 8110 2940 2950 8111 2941 2951 8112 2605 2626 8113 2939 2948 8114 2942 2949 8115 2944 2952 8116 2941 2951 8117 2941 2951 8118 2594 2612 8119 2943 2614 8120 2947 2953 8121 2944 2952 8122 2945 2954 8123 2946 2955 8124 2594 2612 8125 2944 2952 8126 2947 2953 8127 2572 2591 8128 2946 2955 8129 2946 2955 8130 2574 2592 8131 2592 2610 8132 2948 2581 8133 2570 2590 8134 2947 2953 8135 2948 2581 8136 2945 2954 8137 2549 2568 8138 2547 2569 8139 2945 2954 8140 2942 2949 8141 2547 2569 8142 2940 2950 8143 2545 2566 8144 2949 2567 8145 2940 2950 8146 2938 2945 8147 2949 2567 8148 2936 2946 8149 2535 2553 8150 2533 2554 8151 2936 2946 8152 2933 2941 8153 2533 2554 8154 2931 2942 8155 2531 2551 8156 2950 2552 8157 2931 2942 8158 2929 2937 8159 2950 2552 8160 2927 2938 8161 2521 2539 8162 2519 2540 8163 2927 2938 8164 2924 2933 8165 2519 2540 8166 2922 2934 8167 2517 2537 8168 2951 2538 8169 2922 2934 8170 2920 2929 8171 2951 2538 8172 2918 2930 8173 2507 2525 8174 2505 2526 8175 2918 2930 8176 2915 2925 8177 2505 2526 8178 2913 2926 8179 2503 2524 8180 2952 2515 8181 2913 2926 8182 2911 2921 8183 2952 2515 8184 2909 2922 8185 2493 2511 8186 2491 2512 8187 2909 2922 8188 2906 2917 8189 2491 2512 8190 2904 2918 8191 2489 2509 8192 2953 2510 8193 2904 2918 8194 2902 2913 8195 2953 2510 8196 2900 2914 8197 2479 2497 8198 2477 2498 8199 2900 2914 8200 2897 2909 8201 2477 2498 8202 2895 2910 8203 2475 2495 8204 2954 2496 8205 2895 2910 8206 2893 2905 8207 2954 2496 8208 2891 2906 8209 2465 2483 8210 2463 2484 8211 2891 2906 8212 2888 2901 8213 2463 2484 8214 2886 2902 8215 2461 2481 8216 2955 2482 8217 2886 2902 8218 2884 2897 8219 2955 2482 8220 2882 2898 8221 2451 2469 8222 2449 2470 8223 2882 2898 8224 2879 2893 8225 2449 2470 8226 2877 2894 8227 2447 2467 8228 2956 2468 8229 2877 2894 8230 2875 2889 8231 2956 2468 8232 2873 2890 8233 2437 2455 8234 2435 2456 8235 2873 2890 8236 2870 2885 8237 2435 2456 8238 2868 2886 8239 2433 2453 8240 2957 2454 8241 2868 2886 8242 2866 2881 8243 2957 2454 8244 2864 2882 8245 2423 2440 8246 2421 2441 8247 2864 2882 8248 2861 2877 8249 2421 2441 8250 2859 2878 8251 2419 2438 8252 2958 2439 8253 2859 2878 8254 2857 2873 8255 2958 2439 8256 2855 2874 8257 2409 2425 8258 2407 2426 8259 2855 2874 8260 2852 2869 8261 2407 2426 8262 2850 2870 8263 2405 2423 8264 2959 2424 8265 2850 2870 8266 2848 2865 8267 2959 2424 8268 2846 2866 8269 2395 2410 8270 2393 2411 8271 2846 2866 8272 2843 2861 8273 2393 2411 8274 2841 2862 8275 2391 2408 8276 2960 2409 8277 2841 2862 8278 2839 2857 8279 2960 2409 8280 2837 2858 8281 2381 2396 8282 2379 2397 8283 2837 2858 8284 2834 2853 8285 2379 2397 8286 2832 2854 8287 2377 2394 8288 2961 2395 8289 2832 2854 8290 2830 2849 8291 2961 2395 8292 2828 2850 8293 2367 2382 8294 2365 2383 8295 2828 2850 8296 2825 2845 8297 2365 2383 8298 2823 2846 8299 2363 2380 8300 2962 2381 8301 2823 2846 8302 2821 2841 8303 2962 2381 8304 2819 2842 8305 2353 2368 8306 2351 2369 8307 2819 2842 8308 2817 2838 8309 2351 2369 8310 2963 2840 8311 2349 2366 8312 2565 2367 8313 2963 2840 8314 2567 2587 8315 2567 2587 8316 2814 2837 8317 2964 2598 8318 2965 2956 8319 2339 2354 8320 2341 2356 8321 2968 2957 8322 2965 2956 8323 2556 2575 8324 2966 2958 8325 2337 2353 8326 2339 2354 8327 2970 2959 8328 2966 2958 8329 2968 2957 8330 2554 2960 8331 2968 2957 8332 2556 2575 8333 2969 2961 8334 2970 2959 8335 2968 2957 8336 2971 2962 8337 2316 2330 8338 2970 2959 8339 2316 2330 8340 2967 2963 8341 2970 2959 8342 2975 2318 8343 2971 2962 8344 2972 2964 8345 2972 2964 8346 2969 2961 8347 2973 2965 8348 2977 2966 8349 2972 2964 8350 2973 2965 8351 2974 2967 8352 2975 2318 8353 2972 2964 8354 2301 2314 8355 2974 2967 8356 2976 2968 8357 2976 2968 8358 2977 2966 8359 2978 2969 8360 2978 2969 8361 2979 2563 8362 2542 2560 8363 2979 2563 8364 2973 2965 8365 2552 2574 8366 2540 2970 8367 2978 2969 8368 2542 2560 8369 2980 2971 8370 2976 2968 8371 2978 2969 8372 2984 2972 8373 2980 2971 8374 2982 2973 8375 2982 2973 8376 2540 2970 8377 2538 2559 8378 3115 2974 8379 2982 2973 8380 2538 2559 8381 2983 2975 8382 2984 2972 8383 2982 2973 8384 2985 2976 8385 2986 2302 8386 2984 2972 8387 2986 2302 8388 2981 2977 8389 2984 2972 8390 2286 2298 8391 2985 2976 8392 2987 2978 8393 2987 2978 8394 2983 2975 8395 2988 2979 8396 2991 2980 8397 2987 2978 8398 2988 2979 8399 2989 2981 8400 2286 2298 8401 2987 2978 8402 3114 2286 8403 2989 2981 8404 2990 2982 8405 2990 2982 8406 2991 2980 8407 2992 2983 8408 2992 2983 8409 2526 2984 8410 2524 2545 8411 2526 2984 8412 2988 2979 8413 2528 2546 8414 2996 2985 8415 2992 2983 8416 2524 2545 8417 2993 2986 8418 2990 2982 8419 2992 2983 8420 2998 2987 8421 2993 2986 8422 2995 2988 8423 2995 2988 8424 2996 2985 8425 2514 2532 8426 2512 2989 8427 2995 2988 8428 2514 2532 8429 2997 2990 8430 2998 2987 8431 2995 2988 8432 2999 2991 8433 2271 2282 8434 2998 2987 8435 2271 2282 8436 2994 2992 8437 2998 2987 8438 3003 2270 8439 2999 2991 8440 3000 2993 8441 3000 2993 8442 2997 2990 8443 3001 2994 8444 3005 2995 8445 3000 2993 8446 3001 2994 8447 3002 2996 8448 3003 2270 8449 3000 2993 8450 2256 2266 8451 3002 2996 8452 3004 2997 8453 3004 2997 8454 3005 2995 8455 3006 2998 8456 3006 2998 8457 3007 2999 8458 2500 2519 8459 3007 2999 8460 3001 2994 8461 2510 2531 8462 2498 3000 8463 3006 2998 8464 2500 2519 8465 3008 3001 8466 3004 2997 8467 3006 2998 8468 3011 3002 8469 3008 3001 8470 3010 3003 8471 3010 3003 8472 2498 3000 8473 2496 2518 8474 3012 3004 8475 3011 3002 8476 3010 3003 8477 3015 3005 8478 3010 3003 8479 2496 2518 8480 3017 3006 8481 3012 3004 8482 3014 3007 8483 3014 3007 8484 3015 3005 8485 2486 2504 8486 2484 3008 8487 3014 3007 8488 2486 2504 8489 3016 3009 8490 3017 3006 8491 3014 3007 8492 3018 3010 8493 2241 2250 8494 3017 3006 8495 2241 2250 8496 3013 3011 8497 3017 3006 8498 3022 2238 8499 3018 3010 8500 3019 3012 8501 3019 3012 8502 3016 3009 8503 3020 3013 8504 3024 3014 8505 3019 3012 8506 3020 3013 8507 3021 3015 8508 3022 2238 8509 3019 3012 8510 2226 2234 8511 3021 3015 8512 3023 3016 8513 3023 3016 8514 3024 3014 8515 3025 3017 8516 3025 3017 8517 3026 3018 8518 2472 2490 8519 3026 3018 8520 3020 3013 8521 2482 2503 8522 2470 3019 8523 3025 3017 8524 2472 2490 8525 3027 3020 8526 3023 3016 8527 3025 3017 8528 3031 3021 8529 3027 3020 8530 3029 3022 8531 3029 3022 8532 2470 3019 8533 2468 2489 8534 3112 3023 8535 3029 3022 8536 2468 2489 8537 3030 3024 8538 3031 3021 8539 3029 3022 8540 3032 3025 8541 3033 2222 8542 3031 3021 8543 3033 2222 8544 3028 3026 8545 3031 3021 8546 2211 2218 8547 3032 3025 8548 3034 3027 8549 3034 3027 8550 3030 3024 8551 3035 3028 8552 3038 3029 8553 3034 3027 8554 3035 3028 8555 3036 3030 8556 2211 2218 8557 3034 3027 8558 3111 2206 8559 3036 3030 8560 3037 3031 8561 3037 3031 8562 3038 3029 8563 3039 3032 8564 3039 3032 8565 2456 3033 8566 2454 2475 8567 2456 3033 8568 3035 3028 8569 2458 2476 8570 3043 3034 8571 3039 3032 8572 2454 2475 8573 3040 3035 8574 3037 3031 8575 3039 3032 8576 3045 3036 8577 3040 3035 8578 3042 3037 8579 3042 3037 8580 3043 3034 8581 2444 2462 8582 2442 3038 8583 3042 3037 8584 2444 2462 8585 3044 3039 8586 3045 3036 8587 3042 3037 8588 3046 3040 8589 2196 2202 8590 3045 3036 8591 2196 2202 8592 3041 3041 8593 3045 3036 8594 3050 2190 8595 3046 3040 8596 3047 3042 8597 3047 3042 8598 3044 3039 8599 3048 3043 8600 3052 3044 8601 3047 3042 8602 3048 3043 8603 3049 3045 8604 3050 2190 8605 3047 3042 8606 2181 2186 8607 3049 3045 8608 3051 3046 8609 3051 3046 8610 3052 3044 8611 3053 3047 8612 3053 3047 8613 3054 3048 8614 2430 2448 8615 3054 3048 8616 3048 3043 8617 2440 2461 8618 2428 3049 8619 3053 3047 8620 2430 2448 8621 3055 3050 8622 3051 3046 8623 3053 3047 8624 3059 3051 8625 3055 3050 8626 3057 3052 8627 3057 3052 8628 2428 3049 8629 2426 2446 8630 3110 2447 8631 3057 3052 8632 2426 2446 8633 3058 3053 8634 3059 3051 8635 3057 3052 8636 3060 3054 8637 3061 2174 8638 3059 3051 8639 3061 2174 8640 3056 3055 8641 3059 3051 8642 2166 2170 8643 3060 3054 8644 3062 3056 8645 3062 3056 8646 3058 3053 8647 3063 3057 8648 3066 3058 8649 3062 3056 8650 3063 3057 8651 3064 3059 8652 2166 2170 8653 3062 3056 8654 3109 2158 8655 3064 3059 8656 3065 3060 8657 3065 3060 8658 3066 3058 8659 3067 3061 8660 3067 3061 8661 2414 2433 8662 2412 2431 8663 2414 2433 8664 3063 3057 8665 2416 2434 8666 3071 3062 8667 3067 3061 8668 2412 2431 8669 3068 3063 8670 3065 3060 8671 3067 3061 8672 3073 3064 8673 3068 3063 8674 3070 3065 8675 3070 3065 8676 3071 3062 8677 2402 2418 8678 2400 2417 8679 3070 3065 8680 2402 2418 8681 3072 3066 8682 3073 3064 8683 3070 3065 8684 3074 3067 8685 2151 2154 8686 3073 3064 8687 2151 2154 8688 3069 3068 8689 3073 3064 8690 3076 2142 8691 3074 3067 8692 3075 3069 8693 3075 3069 8694 3072 3066 8695 3077 3070 8696 3078 3071 8697 3076 2142 8698 3075 3069 8699 3080 3072 8700 3075 3069 8701 3077 3070 8702 2136 2138 8703 3078 3071 8704 3079 3073 8705 3079 3073 8706 3080 3072 8707 3081 3074 8708 3081 3074 8709 3082 3075 8710 2388 2403 8711 3082 3075 8712 3077 3070 8713 2398 2416 8714 2386 3076 8715 3081 3074 8716 2388 2403 8717 3083 3077 8718 3079 3073 8719 3081 3074 8720 3087 3078 8721 3083 3077 8722 3085 3079 8723 3085 3079 8724 2386 3076 8725 2384 2402 8726 3108 3080 8727 3085 3079 8728 2384 2402 8729 3086 3081 8730 3087 3078 8731 3085 3079 8732 3088 3082 8733 3089 2126 8734 3087 3078 8735 3089 2126 8736 3084 3083 8737 3087 3078 8738 2121 2122 8739 3088 3082 8740 3090 3084 8741 3090 3084 8742 3086 3081 8743 3091 3085 8744 3094 3086 8745 3090 3084 8746 3091 3085 8747 3092 3087 8748 2121 2122 8749 3090 3084 8750 3107 2121 8751 3092 3087 8752 3093 3088 8753 3093 3088 8754 3094 3086 8755 3095 3089 8756 3095 3089 8757 2372 3090 8758 2370 2388 8759 2372 3090 8760 3091 3085 8761 2374 2389 8762 3099 3091 8763 3095 3089 8764 2370 2388 8765 3096 3092 8766 3093 3088 8767 3095 3089 8768 3101 3093 8769 3096 3092 8770 3098 3094 8771 3098 3094 8772 3099 3091 8773 2360 2375 8774 2358 3095 8775 3098 3094 8776 2360 2375 8777 3100 3096 8778 3101 3093 8779 3098 3094 8780 3102 3097 8781 1402 1400 8782 3101 3093 8783 1402 1400 8784 3097 3098 8785 3101 3093 8786 1397 1397 8787 3102 3097 8788 3103 3099 8789 3103 3099 8790 3100 3096 8791 3104 3100 8792 3105 2350 8793 3103 3099 8794 3104 3100 8795 2334 2347 8796 1397 1397 8797 3103 3099 8798 3104 3100 8799 2358 3095 8800 2356 2374 8801 2344 2361 8802 3104 3100 8803 2356 2374 8804 3097 3098 8805 3107 2121 8806 3093 3088 8807 3106 1402 8808 2118 2119 8809 3107 2121 8810 3091 3085 8811 3108 3080 8812 2374 2389 8813 3084 3083 8814 2136 2138 8815 3079 3073 8816 3077 3070 8817 2400 2417 8818 2398 2416 8819 3069 3068 8820 3109 2158 8821 3065 3060 8822 3063 3057 8823 3110 2447 8824 2416 2434 8825 3056 3055 8826 2181 2186 8827 3051 3046 8828 3048 3043 8829 2442 3038 8830 2440 2461 8831 3041 3041 8832 3111 2206 8833 3037 3031 8834 3035 3028 8835 3112 3023 8836 2458 2476 8837 3028 3026 8838 2226 2234 8839 3023 3016 8840 3020 3013 8841 2484 3008 8842 2482 2503 8843 3013 3011 8844 3113 2254 8845 3011 3002 8846 3113 2254 8847 3009 3101 8848 3011 3002 8849 3009 3101 8850 2256 2266 8851 3004 2997 8852 3001 2994 8853 2512 2989 8854 2510 2531 8855 2994 2992 8856 3114 2286 8857 2990 2982 8858 2988 2979 8859 3115 2974 8860 2528 2546 8861 2981 2977 8862 2301 2314 8863 2976 2968 8864 2973 2965 8865 2554 2960 8866 2552 2574 8867 2967 2963 8868 3116 2334 8869 2337 2353 8870 1393 1388 8871 2325 2341 8872 3117 3102 8873 3117 3102 8874 1997 2000 8875 1995 1996 8876 3117 3102 8877 1993 1997 8878 1395 1389 8879 1403 1403 8880 2116 1411 8881 2118 2119 8882 1408 1395 8883 1993 1997 8884 3118 1418 8885 3120 3103 8886 3611 3104 8887 3121 3105 8888 3122 3106 8889 3121 3105 8890 3136 3107 8891 3122 3106 8892 3124 3108 8893 3120 3103 8894 3120 3103 8895 3126 3109 8896 3123 3110 8897 3127 3111 8898 3125 3112 8899 3124 3108 8900 3125 3112 8901 3126 3109 8902 3124 3108 8903 3130 3113 8904 3127 3111 8905 3129 3114 8906 3122 3106 8907 3129 3114 8908 3127 3111 8909 3131 3115 8910 3130 3113 8911 3129 3114 8912 3133 3116 8913 3129 3114 8914 3132 3117 8915 3122 3106 8916 3134 3118 8917 3132 3117 8918 3133 3116 8919 3134 3118 8920 3135 3119 8921 3133 3116 8922 3137 3120 8923 3138 3121 8924 3141 3122 8925 3137 3120 8926 3139 3123 8927 3141 3122 8928 3140 3124 8929 3142 3125 8930 3141 3122 8931 3145 3126 8932 3143 3127 8933 3141 3122 8934 3146 3128 8935 3138 3121 8936 3143 3127 8937 3147 3129 8938 3146 3128 8939 3411 3130 8940 3143 3127 8941 3145 3126 8942 3147 3129 8943 3131 3115 8944 3146 3128 8945 3133 3116 8946 3146 3128 8947 3131 3115 8948 3144 3131 8949 3148 3132 8950 3147 3129 8951 3148 3132 8952 3149 3133 8953 3147 3129 8954 3149 3133 8955 3152 3134 8956 3130 3113 8957 3150 3135 8958 3153 3136 8959 3152 3134 8960 3406 3137 8961 3150 3135 8962 3148 3132 8963 3152 3134 8964 3128 3138 8965 3130 3113 8966 3153 3136 8967 3154 3139 8968 3152 3134 8969 3154 3139 8970 3157 3140 8971 3156 3141 8972 3128 3138 8973 3156 3141 8974 3125 3112 8975 3157 3140 8976 3158 3142 8977 3156 3141 8978 3156 3141 8979 3160 3143 8980 3125 3112 8981 3158 3142 8982 3163 3144 8983 3161 3145 8984 3160 3143 8985 3161 3145 8986 3162 3146 8987 3161 3145 8988 3165 3147 8989 3162 3146 8990 3163 3144 8991 3164 3148 8992 3161 3145 8993 3165 3147 8994 3166 3149 8995 3604 3150 8996 3164 3148 8997 3168 3151 8998 3166 3149 8999 3167 3152 9000 3170 3153 9001 3168 3151 9002 3172 3154 9003 3167 3152 9004 3163 3144 9005 3169 3155 9006 3190 3156 9007 3170 3153 9008 3174 3157 9009 3169 3155 9010 3172 3154 9011 3159 3158 9012 3172 3154 9013 3163 3144 9014 3173 3159 9015 3174 3157 9016 3172 3154 9017 3175 3160 9018 3176 3161 9019 3174 3157 9020 3176 3161 9021 3171 3162 9022 3174 3157 9023 3177 3163 9024 3179 3164 9025 3176 3161 9026 3178 3165 9027 3177 3163 9028 3176 3161 9029 3179 3164 9030 3182 3166 9031 3180 3167 9032 3171 3162 9033 3180 3167 9034 3190 3156 9035 3182 3166 9036 3185 3168 9037 3180 3167 9038 3185 3168 9039 3184 3169 9040 3186 3170 9041 3187 3171 9042 3186 3170 9043 3189 3172 9044 3180 3167 9045 3187 3171 9046 3190 3156 9047 3190 3156 9048 3188 3173 9049 3170 3153 9050 3188 3173 9051 3189 3172 9052 3191 3174 9053 3189 3172 9054 3193 3175 9055 3191 3174 9056 3186 3170 9057 3192 3176 9058 3189 3172 9059 3193 3175 9060 3194 3177 9061 3620 3178 9062 3192 3176 9063 3196 3179 9064 3194 3177 9065 3195 3180 9066 3198 3181 9067 3196 3179 9068 3184 3169 9069 3195 3180 9070 3186 3170 9071 3198 3181 9072 3201 3182 9073 3196 3179 9074 3201 3182 9075 3200 3183 9076 3202 3184 9077 3203 3185 9078 3202 3184 9079 3205 3186 9080 3196 3179 9081 3203 3185 9082 3194 3177 9083 3194 3177 9084 3204 3187 9085 3620 3178 9086 3204 3187 9087 3205 3186 9088 3206 3188 9089 3205 3186 9090 3208 3189 9091 3206 3188 9092 3202 3184 9093 3207 3190 9094 3205 3186 9095 3208 3189 9096 3209 3191 9097 3741 3192 9098 3207 3190 9099 3211 3193 9100 3209 3191 9101 3210 3194 9102 3213 3195 9103 3211 3193 9104 3200 3183 9105 3210 3194 9106 3202 3184 9107 3213 3195 9108 3216 3196 9109 3211 3193 9110 3216 3196 9111 3215 3197 9112 3217 3198 9113 3218 3199 9114 3217 3198 9115 3220 3200 9116 3211 3193 9117 3218 3199 9118 3209 3191 9119 3209 3191 9120 3219 3201 9121 3741 3192 9122 3219 3201 9123 3220 3200 9124 3221 3202 9125 3220 3200 9126 3223 3203 9127 3221 3202 9128 3217 3198 9129 3222 3204 9130 3220 3200 9131 3223 3203 9132 3224 3205 9133 3640 3206 9134 3222 3204 9135 3226 3207 9136 3224 3205 9137 3225 3208 9138 3228 3209 9139 3226 3207 9140 3215 3197 9141 3225 3208 9142 3217 3198 9143 3228 3209 9144 3231 3210 9145 3226 3207 9146 3231 3210 9147 3230 3211 9148 3232 3212 9149 3233 3213 9150 3232 3212 9151 3235 3214 9152 3226 3207 9153 3233 3213 9154 3224 3205 9155 3224 3205 9156 3234 3215 9157 3640 3206 9158 3234 3215 9159 3235 3214 9160 3236 3216 9161 3235 3214 9162 3238 3217 9163 3236 3216 9164 3232 3212 9165 3237 3218 9166 3235 3214 9167 3238 3217 9168 3239 3219 9169 3651 3220 9170 3237 3218 9171 3241 3221 9172 3239 3219 9173 3240 3222 9174 3243 3223 9175 3241 3221 9176 3230 3211 9177 3240 3222 9178 3232 3212 9179 3243 3223 9180 3246 3224 9181 3241 3221 9182 3246 3224 9183 3245 3225 9184 3247 3226 9185 3248 3227 9186 3247 3226 9187 3250 3228 9188 3241 3221 9189 3248 3227 9190 3239 3219 9191 3239 3219 9192 3249 3229 9193 3651 3220 9194 3249 3229 9195 3250 3228 9196 3251 3230 9197 3250 3228 9198 3253 3231 9199 3251 3230 9200 3247 3226 9201 3252 3232 9202 3250 3228 9203 3253 3231 9204 3254 3233 9205 3739 3234 9206 3252 3232 9207 3256 3235 9208 3254 3233 9209 3255 3236 9210 3258 3237 9211 3256 3235 9212 3245 3225 9213 3255 3236 9214 3247 3226 9215 3258 3237 9216 3261 3238 9217 3256 3235 9218 3261 3238 9219 3260 3239 9220 3262 3240 9221 3263 3241 9222 3262 3240 9223 3265 3242 9224 3256 3235 9225 3263 3241 9226 3254 3233 9227 3254 3233 9228 3264 3243 9229 3739 3234 9230 3264 3243 9231 3265 3242 9232 3266 3244 9233 3265 3242 9234 3268 3245 9235 3266 3244 9236 3262 3240 9237 3267 3246 9238 3265 3242 9239 3268 3245 9240 3269 3247 9241 3668 3248 9242 3267 3246 9243 3271 3249 9244 3269 3247 9245 3270 3250 9246 3273 3251 9247 3271 3249 9248 3260 3239 9249 3270 3250 9250 3262 3240 9251 3273 3251 9252 3276 3252 9253 3271 3249 9254 3276 3252 9255 3275 3253 9256 3277 3254 9257 3278 3255 9258 3277 3254 9259 3280 3256 9260 3271 3249 9261 3278 3255 9262 3269 3247 9263 3269 3247 9264 3279 3257 9265 3668 3248 9266 3279 3257 9267 3280 3256 9268 3281 3258 9269 3280 3256 9270 3283 3259 9271 3281 3258 9272 3277 3254 9273 3282 3260 9274 3280 3256 9275 3283 3259 9276 3284 3261 9277 3679 3262 9278 3282 3260 9279 3286 3263 9280 3284 3261 9281 3285 3264 9282 3288 3265 9283 3286 3263 9284 3275 3253 9285 3285 3264 9286 3277 3254 9287 3288 3265 9288 3291 3266 9289 3286 3263 9290 3291 3266 9291 3290 3267 9292 3292 3268 9293 3293 3269 9294 3292 3268 9295 3295 3270 9296 3286 3263 9297 3293 3269 9298 3284 3261 9299 3284 3261 9300 3294 3271 9301 3679 3262 9302 3294 3271 9303 3295 3270 9304 3296 3272 9305 3295 3270 9306 3298 3273 9307 3296 3272 9308 3292 3268 9309 3297 3274 9310 3295 3270 9311 3298 3273 9312 3299 3275 9313 3737 3276 9314 3297 3274 9315 3302 3277 9316 3299 3275 9317 3300 3278 9318 3290 3267 9319 3301 3279 9320 3300 3278 9321 3303 3280 9322 3302 3277 9323 3304 3281 9324 3303 3280 9325 3305 3282 9326 3302 3277 9327 3307 3283 9328 3299 3275 9329 3304 3281 9330 3748 3284 9331 3306 3285 9332 3307 3283 9333 3306 3285 9334 3309 3286 9335 3299 3275 9336 3308 3287 9337 3737 3276 9338 3308 3287 9339 3309 3286 9340 3310 3288 9341 3309 3286 9342 3312 3289 9343 3310 3288 9344 3306 3285 9345 3311 3290 9346 3309 3286 9347 3312 3289 9348 3313 3291 9349 3736 3292 9350 3311 3290 9351 3316 3293 9352 3313 3291 9353 3314 3294 9354 3748 3284 9355 3315 3295 9356 3314 3294 9357 3317 3296 9358 3316 3293 9359 3318 3297 9360 3317 3296 9361 3319 3298 9362 3316 3293 9363 3321 3299 9364 3313 3291 9365 3318 3297 9366 3747 3300 9367 3320 3301 9368 3321 3299 9369 3320 3301 9370 3323 3302 9371 3313 3291 9372 3322 3303 9373 3736 3292 9374 3322 3303 9375 3323 3302 9376 3324 3304 9377 3323 3302 9378 3326 3305 9379 3324 3304 9380 3320 3301 9381 3325 3306 9382 3323 3302 9383 3326 3305 9384 3327 3307 9385 3735 3308 9386 3325 3306 9387 3330 3309 9388 3327 3307 9389 3328 3310 9390 3747 3300 9391 3329 3311 9392 3328 3310 9393 3331 3312 9394 3330 3309 9395 3332 3313 9396 3331 3312 9397 3333 3314 9398 3330 3309 9399 3335 3315 9400 3327 3307 9401 3332 3313 9402 3746 3316 9403 3334 3317 9404 3335 3315 9405 3334 3317 9406 3337 3318 9407 3327 3307 9408 3336 3319 9409 3735 3308 9410 3336 3319 9411 3337 3318 9412 3338 3320 9413 3337 3318 9414 3340 3321 9415 3338 3320 9416 3334 3317 9417 3339 3322 9418 3337 3318 9419 3340 3321 9420 3341 3323 9421 3734 3324 9422 3339 3322 9423 3344 3325 9424 3341 3323 9425 3342 3326 9426 3746 3316 9427 3343 3327 9428 3342 3326 9429 3345 3328 9430 3344 3325 9431 3346 3329 9432 3345 3328 9433 3347 3330 9434 3344 3325 9435 3349 3331 9436 3341 3323 9437 3346 3329 9438 3745 3332 9439 3348 3333 9440 3349 3331 9441 3348 3333 9442 3351 3334 9443 3341 3323 9444 3350 3335 9445 3734 3324 9446 3350 3335 9447 3351 3334 9448 3352 3336 9449 3351 3334 9450 3354 3337 9451 3352 3336 9452 3348 3333 9453 3353 3338 9454 3351 3334 9455 3354 3337 9456 3355 3339 9457 3733 3340 9458 3353 3338 9459 3358 3341 9460 3355 3339 9461 3356 3342 9462 3745 3332 9463 3357 3343 9464 3356 3342 9465 3359 3344 9466 3358 3341 9467 3360 3345 9468 3359 3344 9469 3361 3346 9470 3358 3341 9471 3363 3347 9472 3355 3339 9473 3360 3345 9474 3744 3348 9475 3362 3349 9476 3363 3347 9477 3362 3349 9478 3365 3350 9479 3355 3339 9480 3364 3351 9481 3733 3340 9482 3364 3351 9483 3365 3350 9484 3366 3352 9485 3365 3350 9486 3368 3353 9487 3366 3352 9488 3362 3349 9489 3367 3354 9490 3365 3350 9491 3368 3353 9492 3369 3355 9493 3732 3356 9494 3367 3354 9495 3372 3357 9496 3369 3355 9497 3370 3358 9498 3744 3348 9499 3371 3359 9500 3370 3358 9501 3373 3360 9502 3372 3357 9503 3374 3361 9504 3373 3360 9505 3375 3362 9506 3372 3357 9507 3377 3363 9508 3369 3355 9509 3374 3361 9510 3743 3364 9511 3376 3365 9512 3377 3363 9513 3376 3365 9514 3379 3366 9515 3369 3355 9516 3378 3367 9517 3732 3356 9518 3378 3367 9519 3379 3366 9520 3380 3368 9521 3379 3366 9522 3382 3369 9523 3380 3368 9524 3376 3365 9525 3381 3370 9526 3379 3366 9527 3382 3369 9528 3383 3371 9529 3405 3372 9530 3381 3370 9531 3386 3373 9532 3383 3371 9533 3384 3374 9534 3743 3364 9535 3385 3375 9536 3384 3374 9537 3387 3376 9538 3386 3373 9539 3388 3377 9540 3387 3376 9541 3389 3378 9542 3386 3373 9543 3391 3379 9544 3383 3371 9545 3388 3377 9546 3403 3380 9547 3390 3381 9548 3391 3379 9549 3390 3381 9550 3393 3382 9551 3383 3371 9552 3392 3383 9553 3405 3372 9554 3392 3383 9555 3393 3382 9556 3394 3384 9557 3393 3382 9558 3396 3385 9559 3394 3384 9560 3390 3381 9561 3395 3386 9562 3393 3382 9563 3396 3385 9564 3397 3387 9565 3404 3388 9566 3395 3386 9567 3400 3389 9568 3397 3387 9569 3398 3390 9570 3403 3380 9571 3399 3391 9572 3398 3390 9573 3401 3392 9574 3400 3389 9575 3178 3165 9576 3401 3392 9577 3402 3393 9578 3400 3389 9579 3175 3160 9580 3397 3387 9581 3397 3387 9582 3173 3159 9583 3404 3388 9584 3404 3388 9585 3159 3158 9586 3157 3140 9587 3155 3394 9588 3404 3388 9589 3157 3140 9590 3394 3384 9591 3155 3394 9592 3153 3136 9593 3151 3395 9594 3394 3384 9595 3153 3136 9596 3405 3372 9597 3151 3395 9598 3406 3137 9599 3407 3396 9600 3405 3372 9601 3406 3137 9602 3409 3397 9603 3406 3137 9604 3148 3132 9605 3380 3368 9606 3407 3396 9607 3408 3398 9608 3408 3398 9609 3409 3397 9610 3410 3399 9611 3410 3399 9612 3144 3131 9613 3411 3130 9614 3415 3400 9615 3410 3399 9616 3411 3130 9617 3412 3401 9618 3408 3398 9619 3410 3399 9620 3731 3402 9621 3412 3401 9622 3414 3403 9623 3414 3403 9624 3415 3400 9625 3416 3404 9626 3416 3404 9627 3417 3405 9628 3418 3406 9629 3417 3405 9630 3411 3130 9631 3145 3126 9632 3419 3407 9633 3418 3406 9634 3417 3405 9635 3419 3407 9636 3145 3126 9637 3142 3125 9638 3419 3407 9639 3422 3408 9640 3420 3409 9641 3419 3407 9642 3140 3124 9643 3421 3410 9644 3425 3411 9645 3422 3408 9646 3423 3412 9647 3425 3411 9648 3424 3413 9649 3426 3414 9650 3425 3411 9651 3429 3415 9652 3427 3416 9653 3425 3411 9654 3418 3406 9655 3420 3409 9656 3427 3416 9657 3416 3404 9658 3418 3406 9659 3430 3417 9660 3427 3416 9661 3429 3415 9662 3431 3418 9663 3430 3417 9664 3429 3415 9665 3434 3419 9666 3429 3415 9667 3426 3414 9668 3723 3420 9669 3431 3418 9670 3433 3421 9671 3434 3419 9672 3433 3421 9673 3431 3418 9674 3434 3419 9675 3437 3422 9676 3435 3423 9677 3434 3419 9678 3424 3413 9679 3436 3424 9680 3440 3425 9681 3437 3422 9682 3438 3426 9683 3441 3427 9684 3438 3426 9685 3439 3428 9686 3440 3425 9687 3444 3429 9688 3442 3430 9689 3440 3425 9690 3433 3421 9691 3435 3423 9692 3442 3430 9693 3723 3420 9694 3433 3421 9695 3445 3431 9696 3442 3430 9697 3444 3429 9698 3446 3432 9699 3445 3431 9700 3444 3429 9701 3449 3433 9702 3444 3429 9703 3441 3427 9704 3714 3434 9705 3446 3432 9706 3448 3435 9707 3449 3433 9708 3448 3435 9709 3446 3432 9710 3449 3433 9711 3452 3436 9712 3450 3437 9713 3449 3433 9714 3439 3428 9715 3451 3438 9716 3455 3439 9717 3452 3436 9718 3453 3440 9719 3455 3439 9720 3454 3441 9721 3456 3442 9722 3455 3439 9723 3459 3443 9724 3457 3444 9725 3455 3439 9726 3448 3435 9727 3450 3437 9728 3457 3444 9729 3714 3434 9730 3448 3435 9731 3460 3445 9732 3457 3444 9733 3459 3443 9734 3461 3446 9735 3460 3445 9736 3459 3443 9737 3464 3447 9738 3459 3443 9739 3456 3442 9740 3705 3448 9741 3461 3446 9742 3463 3449 9743 3464 3447 9744 3463 3449 9745 3461 3446 9746 3464 3447 9747 3467 3450 9748 3465 3451 9749 3466 3452 9750 3456 3442 9751 3454 3441 9752 3468 3453 9753 3465 3451 9754 3467 3450 9755 3470 3454 9756 3469 3455 9757 3471 3456 9758 3471 3456 9759 3472 3457 9760 3470 3454 9761 3465 3451 9762 3472 3457 9763 3463 3449 9764 3472 3457 9765 3705 3448 9766 3463 3449 9767 3475 3458 9768 3472 3457 9769 3474 3459 9770 3476 3460 9771 3475 3458 9772 3474 3459 9773 3471 3456 9774 3476 3460 9775 3474 3459 9776 3696 3461 9777 3476 3460 9778 3478 3462 9779 3480 3463 9780 3476 3460 9781 3479 3464 9782 3479 3464 9783 3482 3465 9784 3480 3463 9785 3479 3464 9786 3469 3455 9787 3481 3466 9788 3485 3467 9789 3482 3465 9790 3483 3468 9791 3486 3469 9792 3483 3468 9793 3484 3470 9794 3485 3467 9795 3489 3471 9796 3487 3472 9797 3485 3467 9798 3478 3462 9799 3480 3463 9800 3487 3472 9801 3696 3461 9802 3478 3462 9803 3490 3473 9804 3487 3472 9805 3489 3471 9806 3491 3474 9807 3490 3473 9808 3489 3471 9809 3494 3475 9810 3489 3471 9811 3486 3469 9812 3687 3476 9813 3491 3474 9814 3493 3477 9815 3494 3475 9816 3493 3477 9817 3491 3474 9818 3494 3475 9819 3497 3478 9820 3495 3479 9821 3494 3475 9822 3484 3470 9823 3496 3480 9824 3500 3481 9825 3497 3478 9826 3498 3482 9827 3500 3481 9828 3499 3483 9829 3501 3484 9830 3500 3481 9831 3504 3485 9832 3502 3486 9833 3500 3481 9834 3493 3477 9835 3495 3479 9836 3502 3486 9837 3687 3476 9838 3493 3477 9839 3505 3487 9840 3502 3486 9841 3504 3485 9842 3506 3488 9843 3505 3487 9844 3504 3485 9845 3509 3489 9846 3504 3485 9847 3501 3484 9848 3738 3490 9849 3506 3488 9850 3508 3491 9851 3508 3491 9852 3509 3489 9853 3510 3492 9854 3499 3483 9855 3509 3489 9856 3501 3484 9857 3512 3493 9858 3509 3489 9859 3511 3494 9860 3512 3493 9861 3515 3495 9862 3510 3492 9863 3514 3496 9864 3515 3495 9865 3513 3497 9866 3515 3495 9867 3508 3491 9868 3510 3492 9869 3519 3498 9870 3515 3495 9871 3516 3499 9872 3517 3500 9873 3738 3490 9874 3508 3491 9875 3520 3501 9876 3517 3500 9877 3519 3498 9878 3521 3502 9879 3520 3501 9880 3519 3498 9881 3524 3503 9882 3519 3498 9883 3516 3499 9884 3672 3504 9885 3521 3502 9886 3523 3505 9887 3523 3505 9888 3524 3503 9889 3525 3506 9890 3514 3496 9891 3524 3503 9892 3516 3499 9893 3527 3507 9894 3524 3503 9895 3526 3508 9896 3527 3507 9897 3530 3509 9898 3525 3506 9899 3529 3510 9900 3530 3509 9901 3528 3511 9902 3532 3512 9903 3525 3506 9904 3530 3509 9905 3531 3513 9906 3532 3512 9907 3530 3509 9908 3532 3512 9909 3672 3504 9910 3523 3505 9911 3535 3514 9912 3532 3512 9913 3534 3515 9914 3536 3516 9915 3535 3514 9916 3534 3515 9917 3536 3516 9918 3531 3513 9919 3539 3517 9920 3661 3518 9921 3536 3516 9922 3538 3519 9923 3540 3520 9924 3536 3516 9925 3539 3517 9926 3529 3510 9927 3539 3517 9928 3531 3513 9929 3541 3521 9930 3540 3520 9931 3539 3517 9932 3543 3522 9933 3538 3519 9934 3540 3520 9935 3547 3523 9936 3543 3522 9937 3544 3524 9938 3545 3525 9939 3661 3518 9940 3538 3519 9941 3548 3526 9942 3545 3525 9943 3547 3523 9944 3549 3527 9945 3548 3526 9946 3547 3523 9947 3552 3528 9948 3547 3523 9949 3544 3524 9950 3740 3529 9951 3549 3527 9952 3551 3530 9953 3551 3530 9954 3552 3528 9955 3553 3531 9956 3554 3532 9957 3551 3530 9958 3553 3531 9959 3558 3533 9960 3554 3532 9961 3555 3534 9962 3556 3535 9963 3740 3529 9964 3551 3530 9965 3559 3536 9966 3556 3535 9967 3558 3533 9968 3560 3537 9969 3559 3536 9970 3558 3533 9971 3563 3538 9972 3558 3533 9973 3555 3534 9974 3644 3539 9975 3560 3537 9976 3562 3540 9977 3562 3540 9978 3563 3538 9979 3564 3541 9980 3565 3542 9981 3562 3540 9982 3564 3541 9983 3569 3543 9984 3565 3542 9985 3566 3544 9986 3567 3545 9987 3644 3539 9988 3562 3540 9989 3570 3546 9990 3567 3545 9991 3569 3543 9992 3571 3547 9993 3570 3546 9994 3569 3543 9995 3574 3548 9996 3569 3543 9997 3566 3544 9998 3630 3549 9999 3571 3547 10000 3573 3550 10001 3573 3550 10002 3574 3548 10003 3575 3551 10004 3577 3552 10005 3576 3553 10006 3575 3551 10007 3576 3553 10008 3573 3550 10009 3575 3551 10010 3579 3554 10011 3576 3553 10012 3578 3555 10013 3579 3554 10014 3583 3556 10015 3580 3557 10016 3582 3558 10017 3583 3556 10018 3581 3559 10019 3583 3556 10020 3586 3560 10021 3580 3557 10022 3588 3561 10023 3583 3556 10024 3584 3562 10025 3585 3563 10026 3627 3564 10027 3586 3560 10028 3589 3565 10029 3585 3563 10030 3588 3561 10031 3590 3566 10032 3589 3565 10033 3588 3561 10034 3593 3567 10035 3588 3561 10036 3584 3562 10037 3612 3568 10038 3590 3566 10039 3592 3569 10040 3594 3570 10041 3590 3566 10042 3593 3567 10043 3582 3558 10044 3593 3567 10045 3584 3562 10046 3596 3571 10047 3593 3567 10048 3595 3572 10049 3596 3571 10050 3599 3573 10051 3594 3570 10052 3598 3574 10053 3599 3573 10054 3597 3575 10055 3599 3573 10056 3592 3569 10057 3594 3570 10058 3603 3576 10059 3599 3573 10060 3600 3577 10061 3601 3578 10062 3612 3568 10063 3592 3569 10064 3604 3150 10065 3601 3578 10066 3603 3576 10067 3605 3579 10068 3604 3150 10069 3603 3576 10070 3605 3579 10071 3600 3577 10072 3607 3580 10073 3162 3146 10074 3605 3579 10075 3606 3581 10076 3608 3582 10077 3605 3579 10078 3607 3580 10079 3609 3583 10080 3600 3577 10081 3598 3574 10082 3610 3584 10083 3607 3580 10084 3609 3583 10085 3123 3110 10086 3610 3584 10087 3611 3104 10088 3608 3582 10089 3126 3109 10090 3606 3581 10091 3126 3109 10092 3162 3146 10093 3606 3581 10094 3166 3149 10095 3602 3585 10096 3604 3150 10097 3602 3585 10098 3614 3586 10099 3612 3568 10100 3613 3587 10101 3616 3588 10102 3614 3586 10103 3168 3151 10104 3613 3587 10105 3166 3149 10106 3615 3589 10107 3191 3174 10108 3616 3588 10109 3170 3153 10110 3615 3589 10111 3168 3151 10112 3191 3174 10113 3617 3590 10114 3616 3588 10115 3616 3588 10116 3618 3591 10117 3614 3586 10118 3618 3591 10119 3619 3592 10120 3622 3593 10121 3617 3590 10122 3620 3178 10123 3619 3592 10124 3620 3178 10125 3621 3594 10126 3619 3592 10127 3619 3592 10128 3623 3595 10129 3622 3593 10130 3622 3593 10131 3587 3596 10132 3589 3565 10133 3591 3597 10134 3622 3593 10135 3589 3565 10136 3587 3596 10137 3624 3598 10138 3627 3564 10139 3623 3595 10140 3625 3599 10141 3624 3598 10142 3625 3599 10143 3626 3600 10144 3624 3598 10145 3624 3598 10146 3628 3601 10147 3627 3564 10148 3627 3564 10149 3629 3602 10150 3586 3560 10151 3629 3602 10152 3630 3549 10153 3573 3550 10154 3628 3601 10155 3631 3603 10156 3630 3549 10157 3631 3603 10158 3572 3604 10159 3630 3549 10160 3626 3600 10161 3632 3605 10162 3631 3603 10163 3632 3605 10164 3633 3606 10165 3631 3603 10166 3572 3604 10167 3634 3607 10168 3570 3546 10169 3633 3606 10170 3636 3608 10171 3634 3607 10172 3635 3609 10173 3221 3202 10174 3636 3608 10175 3741 3192 10176 3635 3609 10177 3632 3605 10178 3221 3202 10179 3637 3610 10180 3636 3608 10181 3636 3608 10182 3638 3611 10183 3634 3607 10184 3638 3611 10185 3639 3612 10186 3642 3613 10187 3637 3610 10188 3640 3206 10189 3639 3612 10190 3640 3206 10191 3641 3614 10192 3639 3612 10193 3639 3612 10194 3643 3615 10195 3642 3613 10196 3642 3613 10197 3561 3616 10198 3644 3539 10199 3568 3617 10200 3642 3613 10201 3644 3539 10202 3561 3616 10203 3645 3618 10204 3559 3536 10205 3643 3615 10206 3646 3619 10207 3645 3618 10208 3645 3618 10209 3557 3620 10210 3559 3536 10211 3646 3619 10212 3647 3621 10213 3645 3618 10214 3557 3620 10215 3648 3622 10216 3740 3529 10217 3647 3621 10218 3650 3623 10219 3648 3622 10220 3649 3624 10221 3651 3220 10222 3650 3623 10223 3236 3216 10224 3649 3624 10225 3646 3619 10226 3651 3220 10227 3652 3625 10228 3650 3623 10229 3650 3623 10230 3653 3626 10231 3648 3622 10232 3653 3626 10233 3654 3627 10234 3656 3628 10235 3652 3625 10236 3251 3230 10237 3654 3627 10238 3251 3230 10239 3655 3629 10240 3654 3627 10241 3654 3627 10242 3657 3630 10243 3656 3628 10244 3656 3628 10245 3546 3631 10246 3548 3526 10247 3550 3632 10248 3656 3628 10249 3548 3526 10250 3546 3631 10251 3658 3633 10252 3661 3518 10253 3657 3630 10254 3659 3634 10255 3658 3633 10256 3659 3634 10257 3660 3635 10258 3658 3633 10259 3658 3633 10260 3537 3636 10261 3661 3518 10262 3537 3636 10263 3662 3637 10264 3535 3514 10265 3660 3635 10266 3664 3638 10267 3662 3637 10268 3663 3639 10269 3266 3244 10270 3664 3638 10271 3739 3234 10272 3663 3639 10273 3659 3634 10274 3266 3244 10275 3665 3640 10276 3664 3638 10277 3664 3638 10278 3666 3641 10279 3662 3637 10280 3666 3641 10281 3667 3642 10282 3670 3643 10283 3665 3640 10284 3668 3248 10285 3667 3642 10286 3668 3248 10287 3669 3644 10288 3667 3642 10289 3667 3642 10290 3671 3645 10291 3670 3643 10292 3670 3643 10293 3522 3646 10294 3672 3504 10295 3533 3647 10296 3670 3643 10297 3672 3504 10298 3522 3646 10299 3673 3648 10300 3520 3501 10301 3671 3645 10302 3674 3649 10303 3673 3648 10304 3674 3649 10305 3675 3650 10306 3673 3648 10307 3673 3648 10308 3518 3651 10309 3520 3501 10310 3518 3651 10311 3676 3652 10312 3738 3490 10313 3675 3650 10314 3678 3653 10315 3676 3652 10316 3677 3654 10317 3679 3262 10318 3678 3653 10319 3281 3258 10320 3677 3654 10321 3674 3649 10322 3679 3262 10323 3680 3655 10324 3678 3653 10325 3678 3653 10326 3681 3656 10327 3676 3652 10328 3681 3656 10329 3682 3657 10330 3684 3658 10331 3680 3655 10332 3296 3272 10333 3682 3657 10334 3296 3272 10335 3683 3659 10336 3682 3657 10337 3682 3657 10338 3685 3660 10339 3684 3658 10340 3684 3658 10341 3503 3661 10342 3505 3487 10343 3507 3662 10344 3684 3658 10345 3505 3487 10346 3685 3660 10347 3688 3663 10348 3686 3664 10349 3503 3661 10350 3686 3664 10351 3687 3476 10352 3686 3664 10353 3492 3665 10354 3687 3476 10355 3688 3663 10356 3689 3666 10357 3686 3664 10358 3689 3666 10359 3692 3667 10360 3691 3668 10361 3492 3665 10362 3691 3668 10363 3490 3473 10364 3691 3668 10365 3488 3669 10366 3490 3473 10367 3692 3667 10368 3693 3670 10369 3691 3668 10370 3693 3670 10371 3697 3671 10372 3695 3672 10373 3488 3669 10374 3695 3672 10375 3696 3461 10376 3695 3672 10377 3477 3673 10378 3696 3461 10379 3697 3671 10380 3698 3674 10381 3695 3672 10382 3698 3674 10383 3701 3675 10384 3700 3676 10385 3477 3673 10386 3700 3676 10387 3475 3458 10388 3700 3676 10389 3473 3677 10390 3475 3458 10391 3701 3675 10392 3702 3678 10393 3700 3676 10394 3702 3678 10395 3706 3679 10396 3704 3680 10397 3473 3677 10398 3704 3680 10399 3705 3448 10400 3704 3680 10401 3462 3681 10402 3705 3448 10403 3706 3679 10404 3707 3682 10405 3704 3680 10406 3707 3682 10407 3710 3683 10408 3709 3684 10409 3462 3681 10410 3709 3684 10411 3460 3445 10412 3709 3684 10413 3458 3685 10414 3460 3445 10415 3710 3683 10416 3711 3686 10417 3709 3684 10418 3711 3686 10419 3715 3687 10420 3713 3688 10421 3458 3685 10422 3713 3688 10423 3714 3434 10424 3713 3688 10425 3447 3689 10426 3714 3434 10427 3715 3687 10428 3716 3690 10429 3713 3688 10430 3716 3690 10431 3719 3691 10432 3718 3692 10433 3447 3689 10434 3718 3692 10435 3445 3431 10436 3719 3691 10437 3720 3693 10438 3718 3692 10439 3718 3692 10440 3443 3694 10441 3445 3431 10442 3720 3693 10443 3724 3695 10444 3722 3696 10445 3443 3694 10446 3722 3696 10447 3723 3420 10448 3722 3696 10449 3432 3697 10450 3723 3420 10451 3724 3695 10452 3725 3698 10453 3722 3696 10454 3725 3698 10455 3728 3699 10456 3727 3700 10457 3432 3697 10458 3727 3700 10459 3430 3417 10460 3727 3700 10461 3428 3701 10462 3430 3417 10463 3728 3699 10464 3729 3702 10465 3727 3700 10466 3729 3702 10467 3731 3402 10468 3414 3403 10469 3428 3701 10470 3414 3403 10471 3416 3404 10472 3730 3703 10473 3732 3356 10474 3731 3402 10475 3366 3352 10476 3730 3703 10477 3728 3699 10478 3732 3356 10479 3413 3704 10480 3731 3402 10481 3726 3705 10482 3366 3352 10483 3728 3699 10484 3733 3340 10485 3726 3705 10486 3724 3695 10487 3721 3706 10488 3733 3340 10489 3724 3695 10490 3352 3336 10491 3721 3706 10492 3719 3691 10493 3717 3707 10494 3352 3336 10495 3719 3691 10496 3734 3324 10497 3717 3707 10498 3715 3687 10499 3712 3708 10500 3734 3324 10501 3715 3687 10502 3338 3320 10503 3712 3708 10504 3710 3683 10505 3708 3709 10506 3338 3320 10507 3710 3683 10508 3735 3308 10509 3708 3709 10510 3706 3679 10511 3703 3710 10512 3735 3308 10513 3706 3679 10514 3324 3304 10515 3703 3710 10516 3701 3675 10517 3699 3711 10518 3324 3304 10519 3701 3675 10520 3736 3292 10521 3699 3711 10522 3697 3671 10523 3694 3712 10524 3736 3292 10525 3697 3671 10526 3310 3288 10527 3694 3712 10528 3692 3667 10529 3690 3713 10530 3310 3288 10531 3692 3667 10532 3737 3276 10533 3690 3713 10534 3688 3663 10535 3683 3659 10536 3737 3276 10537 3688 3663 10538 3676 3652 10539 3507 3662 10540 3738 3490 10541 3669 3644 10542 3281 3258 10543 3674 3649 10544 3662 3637 10545 3533 3647 10546 3535 3514 10547 3655 3629 10548 3739 3234 10549 3659 3634 10550 3648 3622 10551 3550 3632 10552 3740 3529 10553 3641 3614 10554 3236 3216 10555 3646 3619 10556 3634 3607 10557 3568 3617 10558 3570 3546 10559 3742 3714 10560 3741 3192 10561 3632 3605 10562 3206 3188 10563 3742 3714 10564 3625 3599 10565 3586 3560 10566 3576 3553 10567 3580 3557 10568 3621 3594 10569 3206 3188 10570 3625 3599 10571 3614 3586 10572 3591 3597 10573 3612 3568 10574 3413 3704 10575 3380 3368 10576 3408 3398 10577 1 0 10578 0 4 10579 2 1 10580 3 3 10581 4 5 10582 2 1 10583 4 5 10584 3 3 10585 5 6 10586 6 7 10587 5 6 10588 7 8 10589 8 9 10590 7 8 10591 9 10 10592 10 11 10593 9 10 10594 11 12 10595 12 13 10596 11 12 10597 13 14 10598 15 16 10599 16 17 10600 14 15 10601 16 17 10602 17 19 10603 18 18 10604 17 19 10605 19 21 10606 20 20 10607 19 21 10608 21 23 10609 22 22 10610 21 23 10611 23 25 10612 24 24 10613 23 25 10614 25 3715 10615 26 26 10616 26 26 10617 25 3715 10618 27 27 10619 27 27 10620 29 3716 10621 30 29 10622 30 29 10623 29 3716 10624 31 30 10625 32 31 10626 31 30 10627 33 32 10628 34 33 10629 33 32 10630 35 34 10631 36 35 10632 35 34 10633 37 36 10634 38 37 10635 37 36 10636 39 38 10637 40 39 10638 39 38 10639 41 40 10640 45 42 10641 40 39 10642 42 41 10643 47 44 10644 45 42 10645 43 43 10646 40 39 10647 45 42 10648 46 46 10649 45 42 10650 47 44 10651 48 47 10652 47 44 10653 49 49 10654 50 48 10655 49 49 10656 47 44 10657 44 45 10658 55 51 10659 50 48 10660 49 49 10661 51 52 10662 49 49 10663 52 50 10664 54 2 10665 51 52 10666 53 53 10667 56 54 10668 55 51 10669 51 52 10670 58 55 10671 57 56 10672 55 51 10673 57 56 10674 60 59 10675 50 48 10676 67 57 10677 59 58 10678 57 56 10679 59 58 10680 62 61 10681 60 59 10682 48 47 10683 50 48 10684 60 59 10685 63 62 10686 62 61 10687 59 58 10688 65 64 10689 61 60 10690 62 61 10691 36 35 10692 65 64 10693 63 62 10694 34 33 10695 63 62 10696 64 63 10697 46 46 10698 48 47 10699 61 60 10700 38 37 10701 46 46 10702 65 64 10703 32 31 10704 64 63 10705 66 65 10706 64 63 10707 59 58 10708 67 57 10709 30 29 10710 66 65 10711 68 66 10712 66 65 10713 67 57 10714 69 67 10715 68 66 10716 70 68 10717 26 26 10718 69 67 10719 72 69 10720 70 68 10721 70 68 10722 71 70 10723 24 24 10724 72 69 10725 73 72 10726 71 70 10727 72 69 10728 74 73 10729 75 71 10730 74 73 10731 72 69 10732 69 67 10733 79 75 10734 75 71 10735 74 73 10736 76 76 10737 74 73 10738 77 74 10739 69 67 10740 67 57 10741 58 55 10742 77 74 10743 58 55 10744 56 54 10745 78 77 10746 56 54 10747 54 2 10748 4 5 10749 76 76 10750 78 77 10751 6 7 10752 79 75 10753 76 76 10754 8 9 10755 80 78 10756 79 75 10757 80 78 10758 82 80 10759 75 71 10760 10 11 10761 81 79 10762 80 78 10763 81 79 10764 84 82 10765 82 80 10766 75 71 10767 82 80 10768 83 81 10769 85 83 10770 87 85 10771 83 81 10772 86 84 10773 85 83 10774 84 82 10775 20 20 10776 22 22 10777 87 85 10778 18 18 10779 20 20 10780 85 83 10781 71 70 10782 87 85 10783 22 22 10784 73 72 10785 83 81 10786 87 85 10787 14 15 10788 18 18 10789 86 84 10790 12 13 10791 86 84 10792 81 79 10793 1393 1388 14499 3117 3102 14500 1395 1389 14501 1398 1391 14502 1393 1388 14503 1392 1390 14504 1392 1390 14505 1394 1394 14506 1399 1393 14507 1394 1394 14508 1392 1390 14509 1395 1389 14510 1396 1392 14511 1399 1393 14512 1400 1396 14513 2332 1398 14514 1398 1391 14515 1396 1392 14516 1400 1396 14517 1399 1393 14518 1401 1399 14519 1399 1393 14520 1394 1394 14521 1404 1401 14522 1401 1399 14523 1403 1403 14524 3106 1402 14525 1404 1401 14526 1405 1405 14527 1403 1403 14528 1394 1394 14529 1408 1395 14530 1406 1404 14531 1405 1405 14532 1404 1401 14533 1406 1404 14534 1409 1406 14535 1406 1404 14536 1407 1407 14537 1408 1395 14538 3118 1418 14539 1407 1407 14540 1409 1406 14541 1411 1408 14542 1412 1409 14543 1405 1405 14544 1409 1406 14545 1410 1410 14546 1411 1408 14547 1413 1414 14548 1414 1412 14549 1411 1408 14550 1407 1407 14551 1416 1413 14552 1413 1414 14553 1415 1417 14554 1874 1415 14555 1413 1414 14556 1416 1413 14557 1418 1416 14558 3118 1418 14559 1417 1419 14560 1416 1413 14561 1417 1419 14562 1419 1420 14563 1418 1416 14564 1419 1420 14565 1421 1423 14566 1420 1421 14567 1415 1417 14568 1418 1416 14569 1420 1421 14570 1421 1423 14571 1425 1428 14572 1423 1424 14573 1420 1421 14574 1423 1424 14575 1426 1425 14576 1426 1425 14577 1423 1424 14578 1424 1426 14579 1425 1428 14580 1751 1438 14581 1424 1426 14582 1426 1425 14583 1428 1427 14584 1429 1429 14585 1422 1422 14586 1426 1425 14587 1427 1430 14588 1428 1427 14589 1430 1434 14590 1431 1432 14591 1428 1427 14592 1424 1426 14593 1433 1433 14594 1430 1434 14595 1432 1437 14596 3119 1435 14597 1430 1434 14598 1433 1433 14599 1435 1436 14600 1751 1438 14601 1434 1439 14602 1433 1433 14603 1434 1439 14604 1436 1440 14605 1435 1436 14606 1436 1440 14607 1438 1443 14608 1437 1441 14609 1432 1437 14610 1435 1436 14611 1437 1441 14612 1438 1443 14613 1449 1454 14614 1439 1444 14615 1440 1442 14616 1437 1441 14617 1439 1444 14618 1432 1437 14619 1440 1442 14620 1441 1446 14621 1440 1442 14622 1442 1445 14623 1443 1447 14624 1445 1448 14625 1443 1447 14626 1442 1445 14627 1446 1450 14628 1444 1449 14629 1442 1445 14630 1447 1453 14631 1448 1455 14632 1455 1460 14633 1455 1460 14634 1456 1462 14635 1457 1464 14636 1457 1464 14637 1458 1465 14638 1466 1472 14639 1466 1472 14640 1467 1474 14641 1468 1476 14642 1468 1476 14643 1469 1477 14644 1477 1484 14645 1477 1484 14646 1478 1486 14647 1479 1488 14648 1479 1488 14649 1480 1489 14650 1488 1496 14651 1488 1496 14652 1489 1498 14653 1490 1500 14654 1490 1500 14655 1491 1501 14656 1499 1508 14657 1499 1508 14658 1500 1510 14659 1501 1512 14660 1501 1512 14661 1502 1513 14662 1510 1520 14663 1510 1520 14664 1511 1522 14665 1512 1524 14666 1512 1524 14667 1513 1525 14668 1521 1532 14669 1521 1532 14670 1522 1534 14671 1523 1536 14672 1523 1536 14673 1524 1537 14674 1532 1544 14675 1532 1544 14676 1533 1546 14677 1534 1451 14678 1534 1451 14679 1535 1548 14680 1545 1559 14681 1535 1548 14682 1543 1555 14683 1545 1559 14684 1543 1555 14685 1544 1557 14686 1545 1559 14687 1545 1559 14688 1546 1560 14689 1554 1567 14690 1554 1567 14691 1555 1569 14692 1556 1571 14693 1556 1571 14694 1557 1572 14695 1565 1579 14696 1565 1579 14697 1566 1581 14698 1567 1583 14699 1567 1583 14700 1568 1584 14701 1576 1591 14702 1576 1591 14703 1577 1593 14704 1578 1452 14705 1578 1452 14706 1579 1595 14707 1587 1602 14708 1587 1602 14709 1588 1604 14710 1589 1606 14711 1589 1606 14712 1590 1607 14713 1598 1614 14714 1598 1614 14715 1599 1616 14716 1600 1618 14717 1600 1618 14718 1601 1619 14719 1609 1626 14720 1609 1626 14721 1610 1628 14722 1611 1630 14723 1611 1630 14724 1445 1448 14725 1444 1449 14726 1444 1449 14727 1446 1450 14728 1447 1453 14729 1447 1453 14730 1455 1460 14731 1457 1464 14732 1457 1464 14733 1466 1472 14734 1447 1453 14735 1466 1472 14736 1468 1476 14737 1447 1453 14738 1468 1476 14739 1477 1484 14740 1479 1488 14741 1479 1488 14742 1488 1496 14743 1490 1500 14744 1490 1500 14745 1499 1508 14746 1501 1512 14747 1501 1512 14748 1510 1520 14749 1490 1500 14750 1510 1520 14751 1512 1524 14752 1490 1500 14753 1512 1524 14754 1521 1532 14755 1523 1536 14756 1523 1536 14757 1532 1544 14758 1534 1451 14759 1545 1559 14760 1554 1567 14761 1556 1571 14762 1556 1571 14763 1565 1579 14764 1567 1583 14765 1567 1583 14766 1576 1591 14767 1556 1571 14768 1576 1591 14769 1578 1452 14770 1556 1571 14771 1578 1452 14772 1587 1602 14773 1589 1606 14774 1589 1606 14775 1598 1614 14776 1600 1618 14777 1600 1618 14778 1609 1626 14779 1447 1453 14780 1609 1626 14781 1611 1630 14782 1447 1453 14783 1611 1630 14784 1444 1449 14785 1447 1453 14786 1468 1476 14787 1479 1488 14788 1447 1453 14789 1479 1488 14790 1490 1500 14791 1447 1453 14792 1512 1524 14793 1523 1536 14794 1490 1500 14795 1523 1536 14796 1534 1451 14797 1490 1500 14798 1534 1451 14799 1545 1559 14800 1578 1452 14801 1545 1559 14802 1556 1571 14803 1578 1452 14804 1578 1452 14805 1589 1606 14806 1447 1453 14807 1589 1606 14808 1600 1618 14809 1447 1453 14810 1447 1453 14811 1490 1500 14812 1534 1451 14813 1446 1450 14814 1439 1444 14815 1449 1454 14816 1448 1455 14817 1447 1453 14818 1449 1454 14819 1438 1443 14820 1451 1458 14821 1450 1456 14822 1453 1457 14823 1452 1459 14824 1450 1456 14825 1448 1455 14826 1450 1456 14827 1452 1459 14828 1453 1457 14829 1744 1468 14830 1454 1461 14831 1456 1462 14832 1455 1460 14833 1452 1459 14834 1456 1462 14835 1454 1461 14836 1459 1463 14837 1458 1465 14838 1457 1464 14839 1459 1463 14840 1460 1467 14841 1462 1470 14842 1461 1466 14843 1460 1467 14844 1459 1463 14845 1454 1461 14846 1464 1469 14847 1463 1471 14848 1461 1466 14849 1458 1465 14850 1461 1466 14851 1463 1471 14852 1464 1469 14853 1734 1480 14854 1465 1473 14855 1467 1474 14856 1466 1472 14857 1463 1471 14858 1467 1474 14859 1465 1473 14860 1470 1475 14861 1469 1477 14862 1468 1476 14863 1470 1475 14864 1471 1479 14865 1473 1482 14866 1472 1478 14867 1471 1479 14868 1470 1475 14869 1465 1473 14870 1475 1481 14871 1474 1483 14872 1472 1478 14873 1469 1477 14874 1472 1478 14875 1474 1483 14876 1475 1481 14877 1725 1492 14878 1476 1485 14879 1478 1486 14880 1477 1484 14881 1474 1483 14882 1478 1486 14883 1476 1485 14884 1481 1487 14885 1480 1489 14886 1479 1488 14887 1481 1487 14888 1482 1491 14889 1484 1494 14890 1483 1490 14891 1482 1491 14892 1481 1487 14893 1476 1485 14894 1486 1493 14895 1485 1495 14896 1483 1490 14897 1480 1489 14898 1483 1490 14899 1485 1495 14900 1486 1493 14901 1716 1504 14902 1487 1497 14903 1489 1498 14904 1488 1496 14905 1485 1495 14906 1489 1498 14907 1487 1497 14908 1492 1499 14909 1491 1501 14910 1490 1500 14911 1492 1499 14912 1493 1503 14913 1495 1506 14914 1494 1502 14915 1493 1503 14916 1492 1499 14917 1487 1497 14918 1497 1505 14919 1496 1507 14920 1494 1502 14921 1491 1501 14922 1494 1502 14923 1496 1507 14924 1497 1505 14925 1707 1516 14926 1498 1509 14927 1500 1510 14928 1499 1508 14929 1496 1507 14930 1500 1510 14931 1498 1509 14932 1503 1511 14933 1502 1513 14934 1501 1512 14935 1503 1511 14936 1504 1515 14937 1506 1518 14938 1505 1514 14939 1504 1515 14940 1503 1511 14941 1498 1509 14942 1508 1517 14943 1507 1519 14944 1505 1514 14945 1502 1513 14946 1505 1514 14947 1507 1519 14948 1508 1517 14949 1698 1528 14950 1509 1521 14951 1511 1522 14952 1510 1520 14953 1507 1519 14954 1511 1522 14955 1509 1521 14956 1514 1523 14957 1513 1525 14958 1512 1524 14959 1514 1523 14960 1515 1527 14961 1517 1530 14962 1516 1526 14963 1515 1527 14964 1514 1523 14965 1509 1521 14966 1519 1529 14967 1518 1531 14968 1516 1526 14969 1513 1525 14970 1516 1526 14971 1518 1531 14972 1519 1529 14973 1689 1540 14974 1520 1533 14975 1522 1534 14976 1521 1532 14977 1518 1531 14978 1522 1534 14979 1520 1533 14980 1525 1535 14981 1524 1537 14982 1523 1536 14983 1525 1535 14984 1526 1539 14985 1528 1542 14986 1527 1538 14987 1526 1539 14988 1525 1535 14989 1520 1533 14990 1530 1541 14991 1529 1543 14992 1527 1538 14993 1524 1537 14994 1527 1538 14995 1529 1543 14996 1530 1541 14997 1680 1551 14998 1531 1545 14999 1533 1546 15000 1532 1544 15001 1529 1543 15002 1533 1546 15003 1531 1545 15004 1536 1547 15005 1535 1548 15006 1534 1451 15007 1536 1547 15008 1537 1550 15009 1539 1553 15010 1538 1549 15011 1537 1550 15012 1536 1547 15013 1531 1545 15014 1541 1552 15015 1540 1554 15016 1538 1549 15017 1535 1548 15018 1538 1549 15019 1540 1554 15020 1541 1552 15021 1671 1563 15022 1542 1556 15023 1544 1557 15024 1543 1555 15025 1540 1554 15026 1544 1557 15027 1542 1556 15028 1547 1558 15029 1546 1560 15030 1545 1559 15031 1547 1558 15032 1548 1562 15033 1550 1565 15034 1549 1561 15035 1548 1562 15036 1547 1558 15037 1542 1556 15038 1552 1564 15039 1551 1566 15040 1549 1561 15041 1546 1560 15042 1549 1561 15043 1551 1566 15044 1552 1564 15045 1662 1575 15046 1553 1568 15047 1555 1569 15048 1554 1567 15049 1551 1566 15050 1555 1569 15051 1553 1568 15052 1558 1570 15053 1557 1572 15054 1556 1571 15055 1558 1570 15056 1559 1574 15057 1561 1577 15058 1560 1573 15059 1559 1574 15060 1558 1570 15061 1553 1568 15062 1563 1576 15063 1562 1578 15064 1560 1573 15065 1557 1572 15066 1560 1573 15067 1562 1578 15068 1563 1576 15069 1653 1587 15070 1564 1580 15071 1566 1581 15072 1565 1579 15073 1562 1578 15074 1566 1581 15075 1564 1580 15076 1569 1582 15077 1568 1584 15078 1567 1583 15079 1569 1582 15080 1570 1586 15081 1572 1589 15082 1571 1585 15083 1570 1586 15084 1569 1582 15085 1564 1580 15086 1574 1588 15087 1573 1590 15088 1571 1585 15089 1568 1584 15090 1571 1585 15091 1573 1590 15092 1574 1588 15093 1644 1598 15094 1575 1592 15095 1577 1593 15096 1576 1591 15097 1573 1590 15098 1577 1593 15099 1575 1592 15100 1580 1594 15101 1579 1595 15102 1578 1452 15103 1580 1594 15104 1581 1597 15105 1583 1600 15106 1582 1596 15107 1581 1597 15108 1580 1594 15109 1575 1592 15110 1585 1599 15111 1584 1601 15112 1582 1596 15113 1579 1595 15114 1582 1596 15115 1584 1601 15116 1585 1599 15117 1635 1610 15118 1586 1603 15119 1588 1604 15120 1587 1602 15121 1584 1601 15122 1588 1604 15123 1586 1603 15124 1591 1605 15125 1590 1607 15126 1589 1606 15127 1591 1605 15128 1592 1609 15129 1594 1612 15130 1593 1608 15131 1592 1609 15132 1591 1605 15133 1586 1603 15134 1596 1611 15135 1595 1613 15136 1593 1608 15137 1590 1607 15138 1593 1608 15139 1595 1613 15140 1596 1611 15141 1626 1622 15142 1597 1615 15143 1599 1616 15144 1598 1614 15145 1595 1613 15146 1599 1616 15147 1597 1615 15148 1602 1617 15149 1601 1619 15150 1600 1618 15151 1602 1617 15152 1603 1621 15153 1605 1624 15154 1604 1620 15155 1603 1621 15156 1602 1617 15157 1597 1615 15158 1607 1623 15159 1606 1625 15160 1604 1620 15161 1601 1619 15162 1604 1620 15163 1606 1625 15164 1607 1623 15165 1615 1632 15166 1608 1627 15167 1610 1628 15168 1609 1626 15169 1606 1625 15170 1610 1628 15171 1608 1627 15172 1612 1629 15173 1445 1448 15174 1611 1630 15175 1612 1629 15176 1613 1631 15177 1441 1446 15178 1443 1447 15179 1613 1631 15180 1612 1629 15181 1608 1627 15182 1614 1633 15183 3119 1435 15184 1441 1446 15185 1614 1633 15186 1613 1631 15187 1615 1632 15188 1618 1635 15189 1616 1634 15190 1615 1632 15191 1619 1636 15192 1617 1638 15193 1616 1634 15194 1869 1637 15195 1614 1633 15196 1616 1634 15197 1619 1636 15198 1618 1635 15199 1620 1639 15200 1618 1635 15201 1607 1623 15202 1605 1624 15203 1623 1641 15204 1621 1640 15205 1620 1639 15206 1622 1642 15207 1620 1639 15208 1605 1624 15209 1623 1641 15210 1622 1642 15211 1624 1643 15212 1622 1642 15213 1603 1621 15214 1626 1622 15215 1628 1645 15216 1625 1644 15217 1624 1643 15218 1627 1646 15219 1624 1643 15220 1626 1622 15221 1628 1645 15222 1627 1646 15223 1629 1647 15224 1627 1646 15225 1596 1611 15226 1594 1612 15227 1632 1649 15228 1630 1648 15229 1629 1647 15230 1631 1650 15231 1629 1647 15232 1594 1612 15233 1632 1649 15234 1631 1650 15235 1633 1651 15236 1631 1650 15237 1592 1609 15238 1635 1610 15239 1637 1653 15240 1634 1652 15241 1633 1651 15242 1636 1654 15243 1633 1651 15244 1635 1610 15245 1637 1653 15246 1636 1654 15247 1638 1655 15248 1636 1654 15249 1585 1599 15250 1583 1600 15251 1641 1657 15252 1639 1656 15253 1638 1655 15254 1640 1658 15255 1638 1655 15256 1583 1600 15257 1641 1657 15258 1640 1658 15259 1642 1659 15260 1640 1658 15261 1581 1597 15262 1644 1598 15263 1646 1661 15264 1643 1660 15265 1642 1659 15266 1645 1662 15267 1642 1659 15268 1644 1598 15269 1646 1661 15270 1645 1662 15271 1647 1663 15272 1645 1662 15273 1574 1588 15274 1572 1589 15275 1650 1665 15276 1648 1664 15277 1647 1663 15278 1649 1666 15279 1647 1663 15280 1572 1589 15281 1650 1665 15282 1649 1666 15283 1651 1667 15284 1649 1666 15285 1570 1586 15286 1653 1587 15287 1655 1669 15288 1652 1668 15289 1651 1667 15290 1654 1670 15291 1651 1667 15292 1653 1587 15293 1655 1669 15294 1654 1670 15295 1656 1671 15296 1654 1670 15297 1563 1576 15298 1561 1577 15299 1659 1673 15300 1657 1672 15301 1656 1671 15302 1658 1674 15303 1656 1671 15304 1561 1577 15305 1659 1673 15306 1658 1674 15307 1660 1675 15308 1658 1674 15309 1559 1574 15310 1662 1575 15311 1664 1677 15312 1661 1676 15313 1660 1675 15314 1663 1678 15315 1660 1675 15316 1662 1575 15317 1664 1677 15318 1663 1678 15319 1665 1679 15320 1663 1678 15321 1552 1564 15322 1550 1565 15323 1668 1681 15324 1666 1680 15325 1665 1679 15326 1667 1682 15327 1665 1679 15328 1550 1565 15329 1668 1681 15330 1667 1682 15331 1669 1683 15332 1667 1682 15333 1548 1562 15334 1671 1563 15335 1673 1685 15336 1670 1684 15337 1669 1683 15338 1672 1686 15339 1669 1683 15340 1671 1563 15341 1673 1685 15342 1672 1686 15343 1674 1687 15344 1672 1686 15345 1541 1552 15346 1539 1553 15347 1677 1689 15348 1675 1688 15349 1674 1687 15350 1676 1690 15351 1674 1687 15352 1539 1553 15353 1677 1689 15354 1676 1690 15355 1678 1691 15356 1676 1690 15357 1537 1550 15358 1680 1551 15359 1682 1693 15360 1679 1692 15361 1678 1691 15362 1681 1694 15363 1678 1691 15364 1680 1551 15365 1682 1693 15366 1681 1694 15367 1683 1695 15368 1681 1694 15369 1530 1541 15370 1528 1542 15371 1686 1697 15372 1684 1696 15373 1683 1695 15374 1685 1698 15375 1683 1695 15376 1528 1542 15377 1686 1697 15378 1685 1698 15379 1687 1699 15380 1685 1698 15381 1526 1539 15382 1689 1540 15383 1691 1701 15384 1688 1700 15385 1687 1699 15386 1690 1702 15387 1687 1699 15388 1689 1540 15389 1691 1701 15390 1690 1702 15391 1692 1703 15392 1690 1702 15393 1519 1529 15394 1517 1530 15395 1695 1705 15396 1693 1704 15397 1692 1703 15398 1694 1706 15399 1692 1703 15400 1517 1530 15401 1695 1705 15402 1694 1706 15403 1696 1707 15404 1694 1706 15405 1515 1527 15406 1698 1528 15407 1700 1709 15408 1697 1708 15409 1696 1707 15410 1699 1710 15411 1696 1707 15412 1698 1528 15413 1700 1709 15414 1699 1710 15415 1701 1711 15416 1699 1710 15417 1508 1517 15418 1506 1518 15419 1704 1713 15420 1702 1712 15421 1701 1711 15422 1703 1714 15423 1701 1711 15424 1506 1518 15425 1704 1713 15426 1703 1714 15427 1705 1715 15428 1703 1714 15429 1504 1515 15430 1707 1516 15431 1709 1717 15432 1706 1716 15433 1705 1715 15434 1708 1718 15435 1705 1715 15436 1707 1516 15437 1709 1717 15438 1708 1718 15439 1710 1719 15440 1708 1718 15441 1497 1505 15442 1495 1506 15443 1713 1721 15444 1711 1720 15445 1710 1719 15446 1712 1722 15447 1710 1719 15448 1495 1506 15449 1713 1721 15450 1712 1722 15451 1714 1723 15452 1712 1722 15453 1493 1503 15454 1716 1504 15455 1718 1725 15456 1715 1724 15457 1714 1723 15458 1717 1726 15459 1714 1723 15460 1716 1504 15461 1718 1725 15462 1717 1726 15463 1719 1727 15464 1717 1726 15465 1486 1493 15466 1484 1494 15467 1722 1729 15468 1720 1728 15469 1719 1727 15470 1721 1730 15471 1719 1727 15472 1484 1494 15473 1722 1729 15474 1721 1730 15475 1723 1731 15476 1721 1730 15477 1482 1491 15478 1725 1492 15479 1727 1733 15480 1724 1732 15481 1723 1731 15482 1726 1734 15483 1723 1731 15484 1725 1492 15485 1727 1733 15486 1726 1734 15487 1728 1735 15488 1726 1734 15489 1475 1481 15490 1473 1482 15491 1731 1737 15492 1729 1736 15493 1728 1735 15494 1730 1738 15495 1728 1735 15496 1473 1482 15497 1731 1737 15498 1730 1738 15499 1732 1739 15500 1730 1738 15501 1471 1479 15502 1734 1480 15503 1736 1741 15504 1733 1740 15505 1732 1739 15506 1735 1742 15507 1732 1739 15508 1734 1480 15509 1736 1741 15510 1735 1742 15511 1737 1743 15512 1735 1742 15513 1464 1469 15514 1462 1470 15515 1740 1745 15516 1738 1744 15517 1737 1743 15518 1739 1746 15519 1737 1743 15520 1462 1470 15521 1740 1745 15522 1739 1746 15523 1741 1747 15524 1739 1746 15525 1460 1467 15526 1744 1468 15527 1745 1749 15528 1742 1748 15529 1741 1747 15530 1743 1750 15531 1741 1747 15532 1744 1468 15533 1745 1749 15534 1743 1750 15535 1746 1751 15536 1743 1750 15537 1453 1457 15538 1451 1458 15539 1434 1439 15540 1747 1752 15541 1746 1751 15542 1436 1440 15543 1746 1751 15544 1451 1458 15545 1751 1438 15546 1748 1754 15547 1747 1752 15548 1750 1753 15549 1745 1749 15550 1747 1752 15551 1425 1428 15552 1749 1756 15553 1748 1754 15554 1752 1755 15555 1750 1753 15556 1748 1754 15557 1752 1755 15558 1754 1759 15559 1753 1757 15560 1750 1753 15561 1753 1757 15562 1742 1748 15563 1756 1758 15564 1755 1760 15565 1753 1757 15566 1755 1760 15567 1740 1745 15568 1742 1748 15569 1756 1758 15570 1758 1763 15571 1757 1761 15572 1755 1760 15573 1757 1761 15574 1738 1744 15575 1760 1762 15576 1759 1764 15577 1757 1761 15578 1759 1764 15579 1736 1741 15580 1738 1744 15581 1760 1762 15582 1762 1767 15583 1761 1765 15584 1759 1764 15585 1761 1765 15586 1733 1740 15587 1764 1766 15588 1763 1768 15589 1761 1765 15590 1763 1768 15591 1731 1737 15592 1733 1740 15593 1764 1766 15594 1766 1771 15595 1765 1769 15596 1763 1768 15597 1765 1769 15598 1729 1736 15599 1768 1770 15600 1767 1772 15601 1765 1769 15602 1767 1772 15603 1727 1733 15604 1729 1736 15605 1768 1770 15606 1770 1775 15607 1769 1773 15608 1767 1772 15609 1769 1773 15610 1724 1732 15611 1772 1774 15612 1771 1776 15613 1769 1773 15614 1771 1776 15615 1722 1729 15616 1724 1732 15617 1772 1774 15618 1774 1779 15619 1773 1777 15620 1771 1776 15621 1773 1777 15622 1720 1728 15623 1776 1778 15624 1775 1780 15625 1773 1777 15626 1775 1780 15627 1718 1725 15628 1720 1728 15629 1776 1778 15630 1778 1783 15631 1777 1781 15632 1775 1780 15633 1777 1781 15634 1715 1724 15635 1780 1782 15636 1779 1784 15637 1777 1781 15638 1779 1784 15639 1713 1721 15640 1715 1724 15641 1780 1782 15642 1782 1787 15643 1781 1785 15644 1779 1784 15645 1781 1785 15646 1711 1720 15647 1784 1786 15648 1783 1788 15649 1781 1785 15650 1783 1788 15651 1709 1717 15652 1711 1720 15653 1784 1786 15654 1786 1791 15655 1785 1789 15656 1783 1788 15657 1785 1789 15658 1706 1716 15659 1788 1790 15660 1787 1792 15661 1785 1789 15662 1787 1792 15663 1704 1713 15664 1706 1716 15665 1788 1790 15666 1790 1795 15667 1789 1793 15668 1787 1792 15669 1789 1793 15670 1702 1712 15671 1792 1794 15672 1791 1796 15673 1789 1793 15674 1791 1796 15675 1700 1709 15676 1702 1712 15677 1792 1794 15678 1794 1799 15679 1793 1797 15680 1791 1796 15681 1793 1797 15682 1697 1708 15683 1796 1798 15684 1795 1800 15685 1793 1797 15686 1795 1800 15687 1695 1705 15688 1697 1708 15689 1796 1798 15690 1798 1803 15691 1797 1801 15692 1795 1800 15693 1797 1801 15694 1693 1704 15695 1800 1802 15696 1799 1804 15697 1797 1801 15698 1799 1804 15699 1691 1701 15700 1693 1704 15701 1800 1802 15702 1802 1807 15703 1801 1805 15704 1799 1804 15705 1801 1805 15706 1688 1700 15707 1804 1806 15708 1803 1808 15709 1801 1805 15710 1803 1808 15711 1686 1697 15712 1688 1700 15713 1804 1806 15714 1806 1811 15715 1805 1809 15716 1803 1808 15717 1805 1809 15718 1684 1696 15719 1808 1810 15720 1807 1812 15721 1805 1809 15722 1807 1812 15723 1682 1693 15724 1684 1696 15725 1808 1810 15726 1810 1815 15727 1809 1813 15728 1807 1812 15729 1809 1813 15730 1679 1692 15731 1812 1814 15732 1811 1816 15733 1809 1813 15734 1811 1816 15735 1677 1689 15736 1679 1692 15737 1812 1814 15738 1814 1819 15739 1813 1817 15740 1811 1816 15741 1813 1817 15742 1675 1688 15743 1816 1818 15744 1815 1820 15745 1813 1817 15746 1815 1820 15747 1673 1685 15748 1675 1688 15749 1816 1818 15750 1818 1823 15751 1817 1821 15752 1815 1820 15753 1817 1821 15754 1670 1684 15755 1820 1822 15756 1819 1824 15757 1817 1821 15758 1819 1824 15759 1668 1681 15760 1670 1684 15761 1820 1822 15762 1822 1827 15763 1821 1825 15764 1819 1824 15765 1821 1825 15766 1666 1680 15767 1824 1826 15768 1823 1828 15769 1821 1825 15770 1823 1828 15771 1664 1677 15772 1666 1680 15773 1824 1826 15774 1826 1831 15775 1825 1829 15776 1823 1828 15777 1825 1829 15778 1661 1676 15779 1828 1830 15780 1827 1832 15781 1825 1829 15782 1827 1832 15783 1659 1673 15784 1661 1676 15785 1828 1830 15786 1830 1835 15787 1829 1833 15788 1827 1832 15789 1829 1833 15790 1657 1672 15791 1832 1834 15792 1831 1836 15793 1829 1833 15794 1831 1836 15795 1655 1669 15796 1657 1672 15797 1832 1834 15798 1834 1839 15799 1833 1837 15800 1831 1836 15801 1833 1837 15802 1652 1668 15803 1836 1838 15804 1835 1840 15805 1833 1837 15806 1835 1840 15807 1650 1665 15808 1652 1668 15809 1836 1838 15810 1838 1843 15811 1837 1841 15812 1835 1840 15813 1837 1841 15814 1648 1664 15815 1840 1842 15816 1839 1844 15817 1837 1841 15818 1839 1844 15819 1646 1661 15820 1648 1664 15821 1840 1842 15822 1842 1847 15823 1841 1845 15824 1839 1844 15825 1841 1845 15826 1643 1660 15827 1844 1846 15828 1843 1848 15829 1841 1845 15830 1843 1848 15831 1641 1657 15832 1643 1660 15833 1844 1846 15834 1846 1851 15835 1845 1849 15836 1843 1848 15837 1845 1849 15838 1639 1656 15839 1848 1850 15840 1847 1852 15841 1845 1849 15842 1847 1852 15843 1637 1653 15844 1639 1656 15845 1848 1850 15846 1850 1855 15847 1849 1853 15848 1847 1852 15849 1849 1853 15850 1634 1652 15851 1852 1854 15852 1851 1856 15853 1849 1853 15854 1851 1856 15855 1632 1649 15856 1634 1652 15857 1852 1854 15858 1854 1859 15859 1853 1857 15860 1851 1856 15861 1853 1857 15862 1630 1648 15863 1856 1858 15864 1855 1860 15865 1853 1857 15866 1855 1860 15867 1628 1645 15868 1630 1648 15869 1856 1858 15870 1858 1863 15871 1857 1861 15872 1855 1860 15873 1857 1861 15874 1625 1644 15875 1860 1862 15876 1859 1864 15877 1857 1861 15878 1859 1864 15879 1623 1641 15880 1625 1644 15881 1860 1862 15882 1862 1867 15883 1861 1865 15884 1859 1864 15885 1861 1865 15886 1621 1640 15887 1864 1866 15888 1863 1868 15889 1861 1865 15890 1863 1868 15891 1619 1636 15892 1621 1640 15893 1864 1866 15894 1866 1871 15895 1865 1869 15896 1863 1868 15897 1865 1869 15898 1617 1638 15899 1868 1870 15900 1867 1872 15901 1865 1869 15902 1867 1872 15903 1869 1637 15904 1617 1638 15905 1868 1870 15906 1427 1430 15907 1429 1429 15908 1867 1872 15909 1429 1429 15910 1431 1432 15911 1869 1637 15912 1431 1432 15913 3119 1435 15914 1870 1873 15915 1868 1870 15916 1866 1871 15917 1873 1431 15918 1427 1430 15919 1868 1870 15920 1871 1875 15921 1874 1415 15922 1873 1431 15923 1871 1875 15924 1870 1873 15925 1872 1874 15926 1415 1417 15927 1422 1422 15928 1873 1431 15929 2110 1877 15930 1414 1412 15931 1874 1415 15932 1877 1878 15933 1875 1876 15934 1872 1874 15935 1872 1874 15936 1866 1871 15937 1864 1866 15938 1877 1878 15939 1876 1879 15940 1878 1880 15941 1876 1879 15942 1864 1866 15943 1862 1867 15944 1881 1882 15945 1879 1881 15946 1878 1880 15947 1878 1880 15948 1862 1867 15949 1860 1862 15950 1881 1882 15951 1880 1883 15952 1882 1884 15953 1880 1883 15954 1860 1862 15955 1858 1863 15956 1885 1886 15957 1883 1885 15958 1882 1884 15959 1882 1884 15960 1858 1863 15961 1856 1858 15962 1885 1886 15963 1884 1887 15964 1886 1888 15965 1884 1887 15966 1856 1858 15967 1854 1859 15968 1889 1890 15969 1887 1889 15970 1886 1888 15971 1886 1888 15972 1854 1859 15973 1852 1854 15974 1889 1890 15975 1888 1891 15976 1890 1892 15977 1888 1891 15978 1852 1854 15979 1850 1855 15980 1893 1894 15981 1891 1893 15982 1890 1892 15983 1890 1892 15984 1850 1855 15985 1848 1850 15986 1893 1894 15987 1892 1895 15988 1894 1896 15989 1892 1895 15990 1848 1850 15991 1846 1851 15992 1897 1898 15993 1895 1897 15994 1894 1896 15995 1894 1896 15996 1846 1851 15997 1844 1846 15998 1897 1898 15999 1896 1899 16000 1898 1900 16001 1896 1899 16002 1844 1846 16003 1842 1847 16004 1901 1902 16005 1899 1901 16006 1898 1900 16007 1898 1900 16008 1842 1847 16009 1840 1842 16010 1901 1902 16011 1900 1903 16012 1902 1904 16013 1900 1903 16014 1840 1842 16015 1838 1843 16016 1905 1906 16017 1903 1905 16018 1902 1904 16019 1902 1904 16020 1838 1843 16021 1836 1838 16022 1905 1906 16023 1904 1907 16024 1906 1908 16025 1904 1907 16026 1836 1838 16027 1834 1839 16028 1909 1910 16029 1907 1909 16030 1906 1908 16031 1906 1908 16032 1834 1839 16033 1832 1834 16034 1909 1910 16035 1908 1911 16036 1910 1912 16037 1908 1911 16038 1832 1834 16039 1830 1835 16040 1913 1914 16041 1911 1913 16042 1910 1912 16043 1910 1912 16044 1830 1835 16045 1828 1830 16046 1913 1914 16047 1912 1915 16048 1914 1916 16049 1912 1915 16050 1828 1830 16051 1826 1831 16052 1917 1918 16053 1915 1917 16054 1914 1916 16055 1914 1916 16056 1826 1831 16057 1824 1826 16058 1917 1918 16059 1916 1919 16060 1918 1920 16061 1916 1919 16062 1824 1826 16063 1822 1827 16064 1921 1922 16065 1919 1921 16066 1918 1920 16067 1918 1920 16068 1822 1827 16069 1820 1822 16070 1921 1922 16071 1920 1923 16072 1922 1924 16073 1920 1923 16074 1820 1822 16075 1818 1823 16076 1925 1926 16077 1923 1925 16078 1922 1924 16079 1922 1924 16080 1818 1823 16081 1816 1818 16082 1925 1926 16083 1924 1927 16084 1926 1928 16085 1924 1927 16086 1816 1818 16087 1814 1819 16088 1929 1930 16089 1927 1929 16090 1926 1928 16091 1926 1928 16092 1814 1819 16093 1812 1814 16094 1929 1930 16095 1928 1931 16096 1930 1932 16097 1928 1931 16098 1812 1814 16099 1810 1815 16100 1933 1934 16101 1931 1933 16102 1930 1932 16103 1930 1932 16104 1810 1815 16105 1808 1810 16106 1933 1934 16107 1932 1935 16108 1934 1936 16109 1932 1935 16110 1808 1810 16111 1806 1811 16112 1937 1938 16113 1935 1937 16114 1934 1936 16115 1934 1936 16116 1806 1811 16117 1804 1806 16118 1937 1938 16119 1936 1939 16120 1938 1940 16121 1936 1939 16122 1804 1806 16123 1802 1807 16124 1941 1942 16125 1939 1941 16126 1938 1940 16127 1938 1940 16128 1802 1807 16129 1800 1802 16130 1941 1942 16131 1940 1943 16132 1942 1944 16133 1940 1943 16134 1800 1802 16135 1798 1803 16136 1945 1946 16137 1943 1945 16138 1942 1944 16139 1942 1944 16140 1798 1803 16141 1796 1798 16142 1945 1946 16143 1944 1947 16144 1946 1948 16145 1944 1947 16146 1796 1798 16147 1794 1799 16148 1949 1950 16149 1947 1949 16150 1946 1948 16151 1946 1948 16152 1794 1799 16153 1792 1794 16154 1949 1950 16155 1948 1951 16156 1950 1952 16157 1948 1951 16158 1792 1794 16159 1790 1795 16160 1953 1954 16161 1951 1953 16162 1950 1952 16163 1950 1952 16164 1790 1795 16165 1788 1790 16166 1953 1954 16167 1952 1955 16168 1954 1956 16169 1952 1955 16170 1788 1790 16171 1786 1791 16172 1957 1958 16173 1955 1957 16174 1954 1956 16175 1954 1956 16176 1786 1791 16177 1784 1786 16178 1957 1958 16179 1956 1959 16180 1958 1960 16181 1956 1959 16182 1784 1786 16183 1782 1787 16184 1961 1962 16185 1959 1961 16186 1958 1960 16187 1958 1960 16188 1782 1787 16189 1780 1782 16190 1961 1962 16191 1960 1963 16192 1962 1964 16193 1960 1963 16194 1780 1782 16195 1778 1783 16196 1965 1966 16197 1963 1965 16198 1962 1964 16199 1962 1964 16200 1778 1783 16201 1776 1778 16202 1965 1966 16203 1964 1967 16204 1966 1968 16205 1964 1967 16206 1776 1778 16207 1774 1779 16208 1969 1970 16209 1967 1969 16210 1966 1968 16211 1966 1968 16212 1774 1779 16213 1772 1774 16214 1969 1970 16215 1968 1971 16216 1970 1972 16217 1968 1971 16218 1772 1774 16219 1770 1775 16220 1973 1974 16221 1971 1973 16222 1970 1972 16223 1970 1972 16224 1770 1775 16225 1768 1770 16226 1973 1974 16227 1972 1975 16228 1974 1976 16229 1972 1975 16230 1768 1770 16231 1766 1771 16232 1977 1978 16233 1975 1977 16234 1974 1976 16235 1974 1976 16236 1766 1771 16237 1764 1766 16238 1977 1978 16239 1976 1979 16240 1978 1980 16241 1976 1979 16242 1764 1766 16243 1762 1767 16244 1981 1982 16245 1979 1981 16246 1978 1980 16247 1978 1980 16248 1762 1767 16249 1760 1762 16250 1981 1982 16251 1980 1983 16252 1982 1984 16253 1980 1983 16254 1760 1762 16255 1758 1763 16256 1985 1986 16257 1983 1985 16258 1982 1984 16259 1982 1984 16260 1758 1763 16261 1756 1758 16262 1985 1986 16263 1984 1987 16264 1986 1988 16265 1984 1987 16266 1756 1758 16267 1754 1759 16268 1989 1990 16269 1987 1989 16270 1986 1988 16271 1986 1988 16272 1754 1759 16273 1752 1755 16274 1989 1990 16275 1988 1991 16276 1990 1992 16277 1988 1991 16278 1752 1755 16279 1749 1756 16280 1419 1420 16281 1991 1993 16282 1990 1992 16283 1990 1992 16284 1749 1756 16285 1425 1428 16286 1417 1419 16287 1992 1995 16288 1991 1993 16289 1994 1994 16290 1989 1990 16291 1991 1993 16292 3118 1418 16293 1993 1997 16294 1992 1995 16295 1995 1996 16296 1994 1994 16297 1992 1995 16298 1995 1996 16299 1997 2000 16300 1996 1998 16301 1994 1994 16302 1996 1998 16303 1987 1989 16304 1999 1999 16305 1998 2001 16306 1996 1998 16307 1998 2001 16308 1985 1986 16309 1987 1989 16310 1999 1999 16311 2001 2004 16312 2000 2002 16313 1998 2001 16314 2000 2002 16315 1983 1985 16316 2003 2003 16317 2002 2005 16318 2000 2002 16319 2002 2005 16320 1981 1982 16321 1983 1985 16322 2003 2003 16323 2005 2008 16324 2004 2006 16325 2002 2005 16326 2004 2006 16327 1979 1981 16328 2007 2007 16329 2006 2009 16330 2004 2006 16331 2006 2009 16332 1977 1978 16333 1979 1981 16334 2007 2007 16335 2009 2012 16336 2008 2010 16337 2006 2009 16338 2008 2010 16339 1975 1977 16340 2011 2011 16341 2010 2013 16342 2008 2010 16343 2010 2013 16344 1973 1974 16345 1975 1977 16346 2011 2011 16347 2013 2016 16348 2012 2014 16349 2010 2013 16350 2012 2014 16351 1971 1973 16352 2015 2015 16353 2014 2017 16354 2012 2014 16355 2014 2017 16356 1969 1970 16357 1971 1973 16358 2015 2015 16359 2017 2020 16360 2016 2018 16361 2014 2017 16362 2016 2018 16363 1967 1969 16364 2019 2019 16365 2018 2021 16366 2016 2018 16367 2018 2021 16368 1965 1966 16369 1967 1969 16370 2019 2019 16371 2021 2024 16372 2020 2022 16373 2018 2021 16374 2020 2022 16375 1963 1965 16376 2023 2023 16377 2022 2025 16378 2020 2022 16379 2022 2025 16380 1961 1962 16381 1963 1965 16382 2023 2023 16383 2025 2028 16384 2024 2026 16385 2022 2025 16386 2024 2026 16387 1959 1961 16388 2027 2027 16389 2026 2029 16390 2024 2026 16391 2026 2029 16392 1957 1958 16393 1959 1961 16394 2027 2027 16395 2029 2032 16396 2028 2030 16397 2026 2029 16398 2028 2030 16399 1955 1957 16400 2031 2031 16401 2030 2033 16402 2028 2030 16403 2030 2033 16404 1953 1954 16405 1955 1957 16406 2031 2031 16407 2033 2036 16408 2032 2034 16409 2030 2033 16410 2032 2034 16411 1951 1953 16412 2035 2035 16413 2034 2037 16414 2032 2034 16415 2034 2037 16416 1949 1950 16417 1951 1953 16418 2035 2035 16419 2037 2040 16420 2036 2038 16421 2034 2037 16422 2036 2038 16423 1947 1949 16424 2039 2039 16425 2038 2041 16426 2036 2038 16427 2038 2041 16428 1945 1946 16429 1947 1949 16430 2039 2039 16431 2041 2044 16432 2040 2042 16433 2038 2041 16434 2040 2042 16435 1943 1945 16436 2043 2043 16437 2042 2045 16438 2040 2042 16439 2042 2045 16440 1941 1942 16441 1943 1945 16442 2043 2043 16443 2045 2048 16444 2044 2046 16445 2042 2045 16446 2044 2046 16447 1939 1941 16448 2047 2047 16449 2046 2049 16450 2044 2046 16451 2046 2049 16452 1937 1938 16453 1939 1941 16454 2047 2047 16455 2049 2052 16456 2048 2050 16457 2046 2049 16458 2048 2050 16459 1935 1937 16460 2051 2051 16461 2050 2053 16462 2048 2050 16463 2050 2053 16464 1933 1934 16465 1935 1937 16466 2051 2051 16467 2053 2056 16468 2052 2054 16469 2050 2053 16470 2052 2054 16471 1931 1933 16472 2055 2055 16473 2054 2057 16474 2052 2054 16475 2054 2057 16476 1929 1930 16477 1931 1933 16478 2055 2055 16479 2057 2060 16480 2056 2058 16481 2054 2057 16482 2056 2058 16483 1927 1929 16484 2059 2059 16485 2058 2061 16486 2056 2058 16487 2058 2061 16488 1925 1926 16489 1927 1929 16490 2059 2059 16491 2061 2064 16492 2060 2062 16493 2058 2061 16494 2060 2062 16495 1923 1925 16496 2063 2063 16497 2062 2065 16498 2060 2062 16499 2062 2065 16500 1921 1922 16501 1923 1925 16502 2063 2063 16503 2065 2068 16504 2064 2066 16505 2062 2065 16506 2064 2066 16507 1919 1921 16508 2067 2067 16509 2066 2069 16510 2064 2066 16511 2066 2069 16512 1917 1918 16513 1919 1921 16514 2067 2067 16515 2069 2072 16516 2068 2070 16517 2066 2069 16518 2068 2070 16519 1915 1917 16520 2071 2071 16521 2070 2073 16522 2068 2070 16523 2070 2073 16524 1913 1914 16525 1915 1917 16526 2071 2071 16527 2073 2076 16528 2072 2074 16529 2070 2073 16530 2072 2074 16531 1911 1913 16532 2075 2075 16533 2074 2077 16534 2072 2074 16535 2074 2077 16536 1909 1910 16537 1911 1913 16538 2075 2075 16539 2077 2080 16540 2076 2078 16541 2074 2077 16542 2076 2078 16543 1907 1909 16544 2079 2079 16545 2078 2081 16546 2076 2078 16547 2078 2081 16548 1905 1906 16549 1907 1909 16550 2079 2079 16551 2081 2084 16552 2080 2082 16553 2078 2081 16554 2080 2082 16555 1903 1905 16556 2083 2083 16557 2082 2085 16558 2080 2082 16559 2082 2085 16560 1901 1902 16561 1903 1905 16562 2083 2083 16563 2085 2088 16564 2084 2086 16565 2082 2085 16566 2084 2086 16567 1899 1901 16568 2087 2087 16569 2086 2089 16570 2084 2086 16571 2086 2089 16572 1897 1898 16573 1899 1901 16574 2087 2087 16575 2089 2092 16576 2088 2090 16577 2086 2089 16578 2088 2090 16579 1895 1897 16580 2091 2091 16581 2090 2093 16582 2088 2090 16583 2090 2093 16584 1893 1894 16585 1895 1897 16586 2091 2091 16587 2093 2096 16588 2092 2094 16589 2090 2093 16590 2092 2094 16591 1891 1893 16592 2095 2095 16593 2094 2097 16594 2092 2094 16595 2094 2097 16596 1889 1890 16597 1891 1893 16598 2095 2095 16599 2097 2100 16600 2096 2098 16601 2094 2097 16602 2096 2098 16603 1887 1889 16604 2099 2099 16605 2098 2101 16606 2096 2098 16607 2098 2101 16608 1885 1886 16609 1887 1889 16610 2099 2099 16611 2101 2104 16612 2100 2102 16613 2098 2101 16614 2100 2102 16615 1883 1885 16616 2103 2103 16617 2102 2105 16618 2100 2102 16619 2102 2105 16620 1881 1882 16621 1883 1885 16622 2103 2103 16623 2105 2108 16624 2104 2106 16625 2102 2105 16626 2104 2106 16627 1879 1881 16628 2107 2107 16629 2106 2109 16630 2104 2106 16631 2106 2109 16632 1877 1878 16633 1879 1881 16634 2107 2107 16635 2109 2112 16636 2108 2110 16637 2106 2109 16638 2108 2110 16639 1875 1876 16640 2111 2111 16641 2110 1877 16642 2108 2110 16643 2110 1877 16644 1871 1875 16645 1875 1876 16646 2111 2111 16647 1412 1409 16648 1414 1412 16649 2112 2113 16650 1410 1410 16651 1412 1409 16652 2112 2113 16653 2111 2111 16654 2109 2112 16655 2114 2115 16656 2112 2113 16657 2113 2114 16658 2114 2115 16659 2116 1411 16660 1410 1410 16661 2117 2117 16662 2114 2115 16663 2115 2116 16664 2116 1411 16665 2114 2115 16666 2117 2117 16667 2118 2119 16668 2117 2117 16669 2119 2120 16670 2119 2120 16671 2117 2117 16672 2120 2118 16673 2120 2118 16674 2122 2124 16675 2123 2123 16676 2115 2116 16677 2125 2128 16678 2122 2124 16679 2123 2123 16680 2122 2124 16681 2124 2125 16682 2122 2124 16683 2125 2128 16684 2126 2127 16685 2125 2128 16686 2127 2130 16687 2128 2129 16688 2125 2128 16689 2115 2116 16690 2113 2114 16691 2127 2130 16692 2107 2107 16693 2105 2108 16694 2127 2130 16695 2113 2114 16696 2109 2112 16697 2129 2131 16698 2128 2129 16699 2105 2108 16700 2131 2132 16701 2126 2127 16702 2128 2129 16703 2129 2131 16704 2103 2103 16705 2101 2104 16706 2131 2132 16707 2129 2131 16708 2130 2133 16709 2133 2135 16710 2131 2132 16711 2132 2134 16712 2126 2127 16713 2131 2132 16714 2133 2135 16715 2124 2125 16716 2133 2135 16717 2134 2137 16718 2134 2137 16719 2133 2135 16720 2135 2136 16721 2135 2136 16722 2137 2140 16723 2138 2139 16724 2132 2134 16725 2140 2144 16726 2137 2140 16727 2138 2139 16728 2137 2140 16729 2139 2141 16730 2137 2140 16731 2140 2144 16732 2141 2143 16733 2140 2144 16734 2142 2146 16735 2143 2145 16736 2140 2144 16737 2132 2134 16738 2130 2133 16739 2142 2146 16740 2099 2099 16741 2097 2100 16742 2142 2146 16743 2130 2133 16744 2101 2104 16745 2144 2147 16746 2143 2145 16747 2097 2100 16748 2146 2148 16749 2141 2143 16750 2143 2145 16751 2144 2147 16752 2095 2095 16753 2093 2096 16754 2146 2148 16755 2144 2147 16756 2145 2149 16757 2148 2151 16758 2146 2148 16759 2147 2150 16760 2141 2143 16761 2146 2148 16762 2148 2151 16763 2139 2141 16764 2148 2151 16765 2149 2153 16766 2149 2153 16767 2148 2151 16768 2150 2152 16769 2150 2152 16770 2152 2156 16771 2153 2155 16772 2147 2150 16773 2155 2160 16774 2152 2156 16775 2153 2155 16776 2152 2156 16777 2154 2157 16778 2152 2156 16779 2155 2160 16780 2156 2159 16781 2155 2160 16782 2157 2162 16783 2158 2161 16784 2155 2160 16785 2147 2150 16786 2145 2149 16787 2157 2162 16788 2091 2091 16789 2089 2092 16790 2157 2162 16791 2145 2149 16792 2093 2096 16793 2159 2163 16794 2158 2161 16795 2089 2092 16796 2161 2164 16797 2156 2159 16798 2158 2161 16799 2159 2163 16800 2087 2087 16801 2085 2088 16802 2161 2164 16803 2159 2163 16804 2160 2165 16805 2163 2167 16806 2161 2164 16807 2162 2166 16808 2156 2159 16809 2161 2164 16810 2163 2167 16811 2154 2157 16812 2163 2167 16813 2164 2169 16814 2164 2169 16815 2163 2167 16816 2165 2168 16817 2165 2168 16818 2167 2172 16819 2168 2171 16820 2162 2166 16821 2170 2176 16822 2167 2172 16823 2168 2171 16824 2167 2172 16825 2169 2173 16826 2167 2172 16827 2170 2176 16828 2171 2175 16829 2170 2176 16830 2172 2178 16831 2173 2177 16832 2170 2176 16833 2162 2166 16834 2160 2165 16835 2172 2178 16836 2083 2083 16837 2081 2084 16838 2172 2178 16839 2160 2165 16840 2085 2088 16841 2174 2179 16842 2173 2177 16843 2081 2084 16844 2176 2180 16845 2171 2175 16846 2173 2177 16847 2174 2179 16848 2079 2079 16849 2077 2080 16850 2176 2180 16851 2174 2179 16852 2175 2181 16853 2178 2183 16854 2176 2180 16855 2177 2182 16856 2171 2175 16857 2176 2180 16858 2178 2183 16859 2169 2173 16860 2178 2183 16861 2179 2185 16862 2179 2185 16863 2178 2183 16864 2180 2184 16865 2180 2184 16866 2182 2188 16867 2183 2187 16868 2177 2182 16869 2185 2192 16870 2182 2188 16871 2183 2187 16872 2182 2188 16873 2184 2189 16874 2182 2188 16875 2185 2192 16876 2186 2191 16877 2185 2192 16878 2187 2194 16879 2188 2193 16880 2185 2192 16881 2177 2182 16882 2175 2181 16883 2187 2194 16884 2075 2075 16885 2073 2076 16886 2187 2194 16887 2175 2181 16888 2077 2080 16889 2189 2195 16890 2188 2193 16891 2073 2076 16892 2191 2196 16893 2186 2191 16894 2188 2193 16895 2189 2195 16896 2071 2071 16897 2069 2072 16898 2191 2196 16899 2189 2195 16900 2190 2197 16901 2193 2199 16902 2191 2196 16903 2192 2198 16904 2186 2191 16905 2191 2196 16906 2193 2199 16907 2184 2189 16908 2193 2199 16909 2194 2201 16910 2194 2201 16911 2193 2199 16912 2195 2200 16913 2195 2200 16914 2197 2204 16915 2198 2203 16916 2192 2198 16917 2200 2208 16918 2197 2204 16919 2198 2203 16920 2197 2204 16921 2199 2205 16922 2197 2204 16923 2200 2208 16924 2201 2207 16925 2200 2208 16926 2202 2210 16927 2203 2209 16928 2200 2208 16929 2192 2198 16930 2190 2197 16931 2202 2210 16932 2067 2067 16933 2065 2068 16934 2202 2210 16935 2190 2197 16936 2069 2072 16937 2204 2211 16938 2203 2209 16939 2065 2068 16940 2206 2212 16941 2201 2207 16942 2203 2209 16943 2204 2211 16944 2063 2063 16945 2061 2064 16946 2206 2212 16947 2204 2211 16948 2205 2213 16949 2208 2215 16950 2206 2212 16951 2207 2214 16952 2201 2207 16953 2206 2212 16954 2208 2215 16955 2199 2205 16956 2208 2215 16957 2209 2217 16958 2209 2217 16959 2208 2215 16960 2210 2216 16961 2210 2216 16962 2212 2220 16963 2213 2219 16964 2207 2214 16965 2215 2224 16966 2212 2220 16967 2213 2219 16968 2212 2220 16969 2214 2221 16970 2212 2220 16971 2215 2224 16972 2216 2223 16973 2215 2224 16974 2217 2226 16975 2218 2225 16976 2215 2224 16977 2207 2214 16978 2205 2213 16979 2217 2226 16980 2059 2059 16981 2057 2060 16982 2217 2226 16983 2205 2213 16984 2061 2064 16985 2219 2227 16986 2218 2225 16987 2057 2060 16988 2221 2228 16989 2216 2223 16990 2218 2225 16991 2219 2227 16992 2055 2055 16993 2053 2056 16994 2221 2228 16995 2219 2227 16996 2220 2229 16997 2223 2231 16998 2221 2228 16999 2222 2230 17000 2216 2223 17001 2221 2228 17002 2223 2231 17003 2214 2221 17004 2223 2231 17005 2224 2233 17006 2224 2233 17007 2223 2231 17008 2225 2232 17009 2225 2232 17010 2227 2236 17011 2228 2235 17012 2222 2230 17013 2230 2240 17014 2227 2236 17015 2228 2235 17016 2227 2236 17017 2229 2237 17018 2227 2236 17019 2230 2240 17020 2231 2239 17021 2230 2240 17022 2232 2242 17023 2233 2241 17024 2230 2240 17025 2222 2230 17026 2220 2229 17027 2232 2242 17028 2051 2051 17029 2049 2052 17030 2232 2242 17031 2220 2229 17032 2053 2056 17033 2234 2243 17034 2233 2241 17035 2049 2052 17036 2236 2244 17037 2231 2239 17038 2233 2241 17039 2234 2243 17040 2047 2047 17041 2045 2048 17042 2236 2244 17043 2234 2243 17044 2235 2245 17045 2238 2247 17046 2236 2244 17047 2237 2246 17048 2231 2239 17049 2236 2244 17050 2238 2247 17051 2229 2237 17052 2238 2247 17053 2239 2249 17054 2239 2249 17055 2238 2247 17056 2240 2248 17057 2240 2248 17058 2242 2252 17059 2243 2251 17060 2237 2246 17061 2245 2256 17062 2242 2252 17063 2243 2251 17064 2242 2252 17065 2244 2253 17066 2242 2252 17067 2245 2256 17068 2246 2255 17069 2245 2256 17070 2247 2258 17071 2248 2257 17072 2245 2256 17073 2237 2246 17074 2235 2245 17075 2247 2258 17076 2043 2043 17077 2041 2044 17078 2247 2258 17079 2235 2245 17080 2045 2048 17081 2249 2259 17082 2248 2257 17083 2041 2044 17084 2251 2260 17085 2246 2255 17086 2248 2257 17087 2249 2259 17088 2039 2039 17089 2037 2040 17090 2251 2260 17091 2249 2259 17092 2250 2261 17093 2253 2263 17094 2251 2260 17095 2252 2262 17096 2246 2255 17097 2251 2260 17098 2253 2263 17099 2244 2253 17100 2253 2263 17101 2254 2265 17102 2254 2265 17103 2253 2263 17104 2255 2264 17105 2255 2264 17106 2257 2268 17107 2258 2267 17108 2252 2262 17109 2260 2272 17110 2257 2268 17111 2258 2267 17112 2257 2268 17113 2259 2269 17114 2257 2268 17115 2260 2272 17116 2261 2271 17117 2260 2272 17118 2262 2274 17119 2263 2273 17120 2260 2272 17121 2252 2262 17122 2250 2261 17123 2262 2274 17124 2035 2035 17125 2033 2036 17126 2262 2274 17127 2250 2261 17128 2037 2040 17129 2264 2275 17130 2263 2273 17131 2033 2036 17132 2266 2276 17133 2261 2271 17134 2263 2273 17135 2264 2275 17136 2031 2031 17137 2029 2032 17138 2266 2276 17139 2264 2275 17140 2265 2277 17141 2268 2279 17142 2266 2276 17143 2267 2278 17144 2261 2271 17145 2266 2276 17146 2268 2279 17147 2259 2269 17148 2268 2279 17149 2269 2281 17150 2269 2281 17151 2268 2279 17152 2270 2280 17153 2270 2280 17154 2272 2284 17155 2273 2283 17156 2267 2278 17157 2275 2288 17158 2272 2284 17159 2273 2283 17160 2272 2284 17161 2274 2285 17162 2272 2284 17163 2275 2288 17164 2276 2287 17165 2275 2288 17166 2277 2290 17167 2278 2289 17168 2275 2288 17169 2267 2278 17170 2265 2277 17171 2277 2290 17172 2027 2027 17173 2025 2028 17174 2277 2290 17175 2265 2277 17176 2029 2032 17177 2279 2291 17178 2278 2289 17179 2025 2028 17180 2281 2292 17181 2276 2287 17182 2278 2289 17183 2279 2291 17184 2023 2023 17185 2021 2024 17186 2281 2292 17187 2279 2291 17188 2280 2293 17189 2283 2295 17190 2281 2292 17191 2282 2294 17192 2276 2287 17193 2281 2292 17194 2283 2295 17195 2274 2285 17196 2283 2295 17197 2284 2297 17198 2284 2297 17199 2283 2295 17200 2285 2296 17201 2285 2296 17202 2287 2300 17203 2288 2299 17204 2282 2294 17205 2290 2304 17206 2287 2300 17207 2288 2299 17208 2287 2300 17209 2289 2301 17210 2287 2300 17211 2290 2304 17212 2291 2303 17213 2290 2304 17214 2292 2306 17215 2293 2305 17216 2290 2304 17217 2282 2294 17218 2280 2293 17219 2292 2306 17220 2019 2019 17221 2017 2020 17222 2292 2306 17223 2280 2293 17224 2021 2024 17225 2294 2307 17226 2293 2305 17227 2017 2020 17228 2296 2308 17229 2291 2303 17230 2293 2305 17231 2294 2307 17232 2015 2015 17233 2013 2016 17234 2296 2308 17235 2294 2307 17236 2295 2309 17237 2298 2311 17238 2296 2308 17239 2297 2310 17240 2291 2303 17241 2296 2308 17242 2298 2311 17243 2289 2301 17244 2298 2311 17245 2299 2313 17246 2299 2313 17247 2298 2311 17248 2300 2312 17249 2300 2312 17250 2302 2316 17251 2303 2315 17252 2297 2310 17253 2305 2320 17254 2302 2316 17255 2303 2315 17256 2302 2316 17257 2304 2317 17258 2302 2316 17259 2305 2320 17260 2306 2319 17261 2305 2320 17262 2307 2322 17263 2308 2321 17264 2305 2320 17265 2297 2310 17266 2295 2309 17267 2307 2322 17268 2011 2011 17269 2009 2012 17270 2307 2322 17271 2295 2309 17272 2013 2016 17273 2309 2323 17274 2308 2321 17275 2009 2012 17276 2311 2324 17277 2306 2319 17278 2308 2321 17279 2309 2323 17280 2007 2007 17281 2005 2008 17282 2311 2324 17283 2309 2323 17284 2310 2325 17285 2313 2327 17286 2311 2324 17287 2312 2326 17288 2306 2319 17289 2311 2324 17290 2313 2327 17291 2304 2317 17292 2313 2327 17293 2314 2329 17294 2314 2329 17295 2313 2327 17296 2315 2328 17297 2315 2328 17298 2317 2332 17299 2318 2331 17300 2312 2326 17301 2320 2336 17302 2317 2332 17303 2318 2331 17304 2317 2332 17305 2319 2333 17306 2317 2332 17307 2320 2336 17308 2321 2335 17309 2320 2336 17310 2322 2338 17311 2323 2337 17312 2320 2336 17313 2312 2326 17314 2310 2325 17315 2322 2338 17316 2003 2003 17317 2001 2004 17318 2322 2338 17319 2310 2325 17320 2005 2008 17321 2324 2339 17322 2323 2337 17323 2001 2004 17324 2326 2340 17325 2321 2335 17326 2323 2337 17327 2324 2339 17328 1999 1999 17329 1997 2000 17330 2326 2340 17331 2324 2339 17332 2325 2341 17333 2328 2343 17334 2326 2340 17335 2327 2342 17336 2321 2335 17337 2326 2340 17338 2328 2343 17339 2319 2333 17340 2328 2343 17341 2329 2345 17342 2329 2345 17343 2328 2343 17344 2330 2344 17345 2330 2344 17346 1398 1391 17347 2332 1398 17348 2327 2342 17349 1393 1388 17350 1398 1391 17351 2331 2346 17352 2332 1398 17353 2334 2347 17354 2336 2349 17355 2329 2345 17356 2331 2346 17357 2333 2348 17358 2334 2347 17359 3105 2350 17360 2338 2352 17361 2336 2349 17362 2333 2348 17363 3116 2334 17364 2329 2345 17365 2336 2349 17366 2337 2353 17367 2336 2349 17368 2338 2352 17369 2339 2354 17370 2338 2352 17371 2340 2355 17372 2340 2355 17373 2338 2352 17374 2335 2351 17375 2341 2356 17376 2340 2355 17377 2342 2358 17378 2342 2358 17379 2340 2355 17380 2343 2357 17381 2335 2351 17382 3105 2350 17383 2344 2361 17384 2343 2357 17385 2344 2361 17386 2346 2362 17387 2350 2363 17388 2347 2365 17389 2345 2360 17390 2348 2364 17391 2342 2358 17392 2345 2360 17393 2348 2364 17394 2347 2365 17395 2349 2366 17396 2350 2363 17397 2351 2369 17398 2349 2366 17399 2350 2363 17400 2352 2371 17401 2353 2368 17402 2350 2363 17403 2346 2362 17404 2355 2370 17405 2354 2372 17406 2962 2381 17407 2353 2368 17408 2354 2372 17409 2352 2371 17410 2355 2370 17411 2356 2374 17412 2358 3095 17413 2357 2373 17414 2346 2362 17415 2344 2361 17416 2356 2374 17417 2357 2373 17418 2358 3095 17419 2360 2375 17420 2354 2372 17421 2357 2373 17422 2359 2376 17423 2360 2375 17424 3099 3091 17425 2361 2378 17426 2364 2379 17427 2362 2377 17428 2359 2376 17429 2354 2372 17430 2362 2377 17431 2363 2380 17432 2364 2379 17433 2365 2383 17434 2363 2380 17435 2364 2379 17436 2366 2385 17437 2367 2382 17438 2364 2379 17439 2361 2378 17440 2369 2384 17441 2368 2386 17442 2961 2395 17443 2367 2382 17444 2366 2385 17445 2369 2384 17446 2371 2387 17447 2370 2388 17448 2372 3090 17449 2371 2387 17450 2361 2378 17451 3099 3091 17452 2370 2388 17453 2371 2387 17454 2372 3090 17455 2374 2389 17456 2368 2386 17457 2371 2387 17458 2373 2390 17459 2374 2389 17460 3108 3080 17461 2375 2392 17462 2378 2393 17463 2376 2391 17464 2373 2390 17465 2368 2386 17466 2376 2391 17467 2377 2394 17468 2378 2393 17469 2379 2397 17470 2377 2394 17471 2378 2393 17472 2380 2399 17473 2381 2396 17474 2378 2393 17475 2375 2392 17476 2383 2398 17477 2382 2400 17478 2960 2409 17479 2381 2396 17480 2382 2400 17481 2380 2399 17482 2383 2398 17483 2384 2402 17484 2386 3076 17485 2385 2401 17486 2375 2392 17487 3108 3080 17488 2384 2402 17489 2385 2401 17490 2386 3076 17491 2388 2403 17492 2382 2400 17493 2385 2401 17494 2387 2404 17495 2388 2403 17496 3082 3075 17497 2389 2406 17498 2392 2407 17499 2390 2405 17500 2387 2404 17501 2382 2400 17502 2390 2405 17503 2391 2408 17504 2392 2407 17505 2393 2411 17506 2391 2408 17507 2392 2407 17508 2394 2413 17509 2395 2410 17510 2392 2407 17511 2389 2406 17512 2397 2412 17513 2396 2414 17514 2959 2424 17515 2395 2410 17516 2394 2413 17517 2397 2412 17518 2399 2415 17519 2389 2406 17520 3082 3075 17521 2398 2416 17522 2400 2417 17523 2399 2415 17524 2397 2412 17525 2399 2415 17526 2400 2417 17527 2402 2418 17528 2404 2420 17529 2396 2414 17530 2399 2415 17531 2402 2418 17532 3071 3062 17533 2403 2421 17534 2404 2420 17535 2401 2419 17536 2403 2421 17537 2396 2414 17538 2404 2420 17539 2405 2423 17540 2406 2422 17541 2407 2426 17542 2405 2423 17543 2406 2422 17544 2408 2427 17545 2409 2425 17546 2408 2427 17547 2406 2422 17548 2403 2421 17549 2410 2429 17550 2958 2439 17551 2409 2425 17552 2408 2427 17553 2411 2428 17554 2413 2430 17555 2412 2431 17556 2414 2433 17557 2413 2430 17558 2403 2421 17559 3071 3062 17560 2412 2431 17561 2415 2432 17562 2413 2430 17563 2414 2433 17564 2410 2429 17565 2413 2430 17566 2415 2432 17567 2416 2434 17568 3110 2447 17569 2417 2436 17570 2418 2435 17571 2415 2432 17572 2417 2436 17573 2410 2429 17574 2418 2435 17575 2419 2438 17576 2420 2437 17577 2421 2441 17578 2419 2438 17579 2420 2437 17580 2422 2442 17581 2423 2440 17582 2422 2442 17583 2420 2437 17584 2417 2436 17585 2424 2444 17586 2957 2454 17587 2423 2440 17588 2422 2442 17589 2425 2443 17590 2427 2445 17591 2426 2446 17592 2428 3049 17593 2427 2445 17594 2425 2443 17595 2417 2436 17596 3110 2447 17597 2427 2445 17598 2428 3049 17599 2430 2448 17600 2432 2450 17601 2424 2444 17602 2427 2445 17603 2430 2448 17604 3054 3048 17605 2431 2451 17606 2434 2452 17607 2432 2450 17608 2429 2449 17609 2424 2444 17610 2432 2450 17611 2433 2453 17612 2434 2452 17613 2435 2456 17614 2433 2453 17615 2434 2452 17616 2436 2458 17617 2437 2455 17618 2434 2452 17619 2431 2451 17620 2439 2457 17621 2438 2459 17622 2956 2468 17623 2437 2455 17624 2438 2459 17625 2436 2458 17626 2439 2457 17627 2440 2461 17628 2442 3038 17629 2441 2460 17630 2431 2451 17631 3054 3048 17632 2440 2461 17633 2441 2460 17634 2442 3038 17635 2444 2462 17636 2438 2459 17637 2441 2460 17638 2443 2463 17639 2444 2462 17640 3043 3034 17641 2445 2465 17642 2448 2466 17643 2446 2464 17644 2443 2463 17645 2438 2459 17646 2446 2464 17647 2447 2467 17648 2448 2466 17649 2449 2470 17650 2447 2467 17651 2448 2466 17652 2450 2472 17653 2451 2469 17654 2448 2466 17655 2445 2465 17656 2453 2471 17657 2452 2473 17658 2955 2482 17659 2451 2469 17660 2452 2473 17661 2450 2472 17662 2453 2471 17663 2454 2475 17664 2456 3033 17665 2455 2474 17666 2445 2465 17667 3043 3034 17668 2454 2475 17669 2455 2474 17670 2456 3033 17671 2458 2476 17672 2452 2473 17673 2455 2474 17674 2457 2477 17675 2458 2476 17676 3112 3023 17677 2459 2479 17678 2462 2480 17679 2460 2478 17680 2457 2477 17681 2452 2473 17682 2460 2478 17683 2461 2481 17684 2462 2480 17685 2463 2484 17686 2461 2481 17687 2462 2480 17688 2464 2486 17689 2465 2483 17690 2462 2480 17691 2459 2479 17692 2467 2485 17693 2466 2487 17694 2954 2496 17695 2465 2483 17696 2466 2487 17697 2464 2486 17698 2467 2485 17699 2468 2489 17700 2470 3019 17701 2469 2488 17702 2459 2479 17703 3112 3023 17704 2468 2489 17705 2469 2488 17706 2470 3019 17707 2472 2490 17708 2466 2487 17709 2469 2488 17710 2471 2491 17711 2472 2490 17712 3026 3018 17713 2473 2493 17714 2476 2494 17715 2474 2492 17716 2471 2491 17717 2466 2487 17718 2474 2492 17719 2475 2495 17720 2476 2494 17721 2477 2498 17722 2475 2495 17723 2476 2494 17724 2478 2500 17725 2479 2497 17726 2476 2494 17727 2473 2493 17728 2481 2499 17729 2480 2501 17730 2953 2510 17731 2479 2497 17732 2480 2501 17733 2478 2500 17734 2481 2499 17735 2482 2503 17736 2484 3008 17737 2483 2502 17738 2473 2493 17739 3026 3018 17740 2482 2503 17741 2483 2502 17742 2484 3008 17743 2486 2504 17744 2488 2506 17745 2480 2501 17746 2483 2502 17747 2486 2504 17748 3015 3005 17749 2487 2507 17750 2490 2508 17751 2488 2506 17752 2485 2505 17753 2480 2501 17754 2488 2506 17755 2489 2509 17756 2490 2508 17757 2491 2512 17758 2489 2509 17759 2490 2508 17760 2492 2514 17761 2493 2511 17762 2490 2508 17763 2487 2507 17764 2495 2513 17765 2492 2514 17766 2494 2517 17767 2952 2515 17768 2492 2514 17769 2495 2513 17770 2497 2516 17771 2487 2507 17772 3015 3005 17773 2496 2518 17774 2496 2518 17775 2498 3000 17776 2497 2516 17777 2497 2516 17778 2498 3000 17779 2500 2519 17780 2494 2517 17781 2497 2516 17782 2499 2520 17783 2500 2519 17784 3007 2999 17785 2501 2522 17786 2504 2523 17787 2502 2521 17788 2499 2520 17789 2494 2517 17790 2502 2521 17791 2503 2524 17792 2504 2523 17793 2505 2526 17794 2503 2524 17795 2504 2523 17796 2506 2528 17797 2507 2525 17798 2504 2523 17799 2501 2522 17800 2509 2527 17801 2508 2529 17802 2951 2538 17803 2507 2525 17804 2508 2529 17805 2506 2528 17806 2509 2527 17807 2510 2531 17808 2512 2989 17809 2511 2530 17810 2501 2522 17811 3007 2999 17812 2510 2531 17813 2511 2530 17814 2512 2989 17815 2514 2532 17816 2508 2529 17817 2511 2530 17818 2513 2533 17819 2514 2532 17820 2996 2985 17821 2515 2535 17822 2518 2536 17823 2516 2534 17824 2513 2533 17825 2508 2529 17826 2516 2534 17827 2517 2537 17828 2518 2536 17829 2519 2540 17830 2517 2537 17831 2518 2536 17832 2520 2542 17833 2521 2539 17834 2518 2536 17835 2515 2535 17836 2523 2541 17837 2522 2543 17838 2950 2552 17839 2521 2539 17840 2522 2543 17841 2520 2542 17842 2523 2541 17843 2524 2545 17844 2526 2984 17845 2525 2544 17846 2515 2535 17847 2996 2985 17848 2524 2545 17849 2525 2544 17850 2526 2984 17851 2528 2546 17852 2522 2543 17853 2525 2544 17854 2527 2547 17855 2528 2546 17856 3115 2974 17857 2529 2549 17858 2532 2550 17859 2530 2548 17860 2527 2547 17861 2522 2543 17862 2530 2548 17863 2531 2551 17864 2532 2550 17865 2533 2554 17866 2531 2551 17867 2532 2550 17868 2534 2555 17869 2535 2553 17870 2534 2555 17871 2532 2550 17872 2529 2549 17873 2536 2557 17874 2949 2567 17875 2535 2553 17876 2534 2555 17877 2537 2556 17878 2539 2558 17879 2538 2559 17880 2540 2970 17881 2539 2558 17882 2529 2549 17883 3115 2974 17884 2538 2559 17885 2539 2558 17886 2540 2970 17887 2542 2560 17888 2544 2562 17889 2536 2557 17890 2539 2558 17891 2979 2563 17892 2543 2564 17893 2541 2561 17894 2544 2562 17895 2541 2561 17896 2543 2564 17897 2536 2557 17898 2544 2562 17899 2545 2566 17900 2546 2565 17901 2547 2569 17902 2545 2566 17903 2546 2565 17904 2548 2570 17905 2549 2568 17906 2548 2570 17907 2546 2565 17908 2543 2564 17909 2550 2572 17910 2948 2581 17911 2549 2568 17912 2550 2572 17913 2548 2570 17914 2551 2571 17915 2552 2574 17916 2554 2960 17917 2553 2573 17918 2543 2564 17919 2979 2563 17920 2552 2574 17921 2553 2573 17922 2554 2960 17923 2556 2575 17924 2550 2572 17925 2553 2573 17926 2555 2576 17927 2556 2575 17928 2965 2956 17929 2557 2578 17930 2560 2579 17931 2558 2577 17932 2555 2576 17933 2550 2572 17934 2558 2577 17935 2559 2580 17936 2560 2579 17937 2561 2583 17938 2559 2580 17939 2560 2579 17940 2562 2584 17941 2563 2582 17942 2560 2579 17943 2557 2578 17944 2564 2359 17945 2348 2364 17946 2565 2367 17947 2563 2582 17948 2348 2364 17949 2562 2584 17950 2564 2359 17951 2557 2578 17952 2965 2956 17953 2341 2356 17954 2565 2367 17955 2567 2587 17956 2566 2585 17957 2561 2583 17958 2563 2582 17959 2566 2585 17960 2567 2587 17961 2964 2598 17962 2568 2588 17963 2569 2586 17964 2566 2585 17965 2568 2588 17966 2561 2583 17967 2569 2586 17968 2570 2590 17969 2569 2586 17970 2571 2589 17971 2572 2591 17972 2571 2589 17973 2573 2594 17974 2574 2592 17975 2571 2589 17976 2568 2588 17977 2576 2593 17978 2573 2594 17979 2575 2597 17980 2590 2595 17981 2573 2594 17982 2576 2593 17983 2578 2596 17984 2964 2598 17985 2577 2599 17986 2576 2593 17987 2577 2599 17988 2579 2834 17989 2578 2596 17990 2578 2596 17991 2579 2834 17992 2581 2600 17993 2578 2596 17994 2580 2601 17995 2582 2602 17996 2581 2600 17997 2584 2832 17998 2583 2603 17999 2582 2602 18000 2580 2601 18001 2583 2603 18002 2582 2602 18003 2585 2604 18004 2586 2605 18005 2589 2607 18006 2588 2606 18007 2586 2605 18008 2590 2595 18009 2575 2597 18010 2582 2602 18011 2590 2595 18012 2588 2606 18013 2589 2607 18014 2592 2610 18015 2574 2592 18016 2590 2595 18017 2592 2610 18018 2591 2609 18019 2593 2611 18020 2593 2611 18021 2591 2609 18022 2589 2607 18023 2943 2614 18024 2594 2612 18025 2593 2611 18026 2593 2611 18027 2596 2613 18028 2597 2616 18029 2589 2607 18030 2587 2608 18031 2598 2617 18032 2597 2616 18033 2596 2613 18034 2598 2617 18035 2597 2616 18036 2599 2618 18037 2600 2619 18038 2603 2621 18039 2602 2620 18040 2600 2619 18041 2604 2623 18042 2595 2615 18043 2597 2616 18044 2604 2623 18045 2602 2620 18046 2603 2621 18047 2607 2625 18048 2605 2626 18049 2604 2623 18050 2943 2614 18051 2595 2615 18052 2604 2623 18053 2607 2625 18054 2606 2624 18055 2608 2627 18056 2608 2627 18057 2606 2624 18058 2603 2621 18059 2934 2630 18060 2609 2628 18061 2608 2627 18062 2608 2627 18063 2611 2629 18064 2612 2632 18065 2603 2621 18066 2601 2622 18067 2613 2633 18068 2612 2632 18069 2611 2629 18070 2613 2633 18071 2612 2632 18072 2614 2634 18073 2615 2634 18074 2618 2636 18075 2617 2635 18076 2615 2634 18077 2619 2638 18078 2610 2631 18079 2612 2632 18080 2619 2638 18081 2617 2635 18082 2618 2636 18083 2622 2640 18084 2620 2641 18085 2619 2638 18086 2934 2630 18087 2610 2631 18088 2619 2638 18089 2622 2640 18090 2621 2639 18091 2623 2642 18092 2623 2642 18093 2621 2639 18094 2618 2636 18095 2925 2645 18096 2624 2643 18097 2623 2642 18098 2623 2642 18099 2626 2644 18100 2627 2647 18101 2618 2636 18102 2616 2637 18103 2628 2648 18104 2627 2647 18105 2626 2644 18106 2628 2648 18107 2627 2647 18108 2629 2634 18109 2630 2634 18110 2633 2650 18111 2632 2649 18112 2630 2634 18113 2634 2651 18114 2625 2646 18115 2627 2647 18116 2634 2651 18117 2632 2649 18118 2633 2650 18119 2637 2653 18120 2635 2654 18121 2634 2651 18122 2925 2645 18123 2625 2646 18124 2634 2651 18125 2637 2653 18126 2636 2652 18127 2638 2655 18128 2638 2655 18129 2636 2652 18130 2633 2650 18131 2916 2658 18132 2639 2656 18133 2638 2655 18134 2638 2655 18135 2641 2657 18136 2642 2660 18137 2633 2650 18138 2631 2634 18139 2643 2661 18140 2642 2660 18141 2641 2657 18142 2643 2661 18143 2642 2660 18144 2644 2634 18145 2645 2662 18146 2648 2664 18147 2647 2663 18148 2645 2662 18149 2649 2666 18150 2640 2659 18151 2642 2660 18152 2649 2666 18153 2647 2663 18154 2648 2664 18155 2652 2668 18156 2650 2669 18157 2649 2666 18158 2916 2658 18159 2640 2659 18160 2649 2666 18161 2652 2668 18162 2651 2667 18163 2653 2670 18164 2653 2670 18165 2651 2667 18166 2648 2664 18167 2907 2673 18168 2654 2671 18169 2653 2670 18170 2653 2670 18171 2656 2672 18172 2657 2675 18173 2657 2675 18174 2656 2672 18175 2658 2634 18176 2648 2664 18177 2646 2665 18178 2658 2634 18179 2657 2675 18180 2659 2634 18181 2660 2676 18182 2663 2678 18183 2662 2677 18184 2660 2676 18185 2664 2680 18186 2655 2674 18187 2657 2675 18188 2664 2680 18189 2662 2677 18190 2663 2678 18191 2667 2682 18192 2665 2683 18193 2664 2680 18194 2907 2673 18195 2655 2674 18196 2664 2680 18197 2667 2682 18198 2666 2681 18199 2668 2684 18200 2668 2684 18201 2666 2681 18202 2663 2678 18203 2898 2687 18204 2669 2685 18205 2668 2684 18206 2668 2684 18207 2671 2686 18208 2672 2689 18209 2663 2678 18210 2661 2679 18211 2673 2690 18212 2672 2689 18213 2671 2686 18214 2673 2690 18215 2672 2689 18216 2674 2691 18217 2675 2692 18218 2678 2694 18219 2677 2693 18220 2675 2692 18221 2679 2696 18222 2670 2688 18223 2672 2689 18224 2679 2696 18225 2677 2693 18226 2678 2694 18227 2682 2698 18228 2680 2699 18229 2679 2696 18230 2898 2687 18231 2670 2688 18232 2679 2696 18233 2682 2698 18234 2681 2697 18235 2683 2700 18236 2683 2700 18237 2681 2697 18238 2678 2694 18239 2889 2703 18240 2684 2701 18241 2683 2700 18242 2683 2700 18243 2686 2702 18244 2687 2705 18245 2678 2694 18246 2676 2695 18247 2688 2706 18248 2687 2705 18249 2686 2702 18250 2688 2706 18251 2687 2705 18252 2689 2707 18253 2690 2708 18254 2693 2710 18255 2692 2709 18256 2690 2708 18257 2694 2712 18258 2685 2704 18259 2687 2705 18260 2694 2712 18261 2692 2709 18262 2693 2710 18263 2697 2714 18264 2695 2715 18265 2694 2712 18266 2889 2703 18267 2685 2704 18268 2694 2712 18269 2697 2714 18270 2696 2713 18271 2698 2716 18272 2698 2716 18273 2696 2713 18274 2693 2710 18275 2880 2719 18276 2699 2717 18277 2698 2716 18278 2698 2716 18279 2701 2718 18280 2702 2721 18281 2693 2710 18282 2691 2711 18283 2703 2722 18284 2702 2721 18285 2701 2718 18286 2703 2722 18287 2702 2721 18288 2704 2723 18289 2705 2724 18290 2708 2726 18291 2707 2725 18292 2705 2724 18293 2709 2728 18294 2700 2720 18295 2702 2721 18296 2709 2728 18297 2707 2725 18298 2708 2726 18299 2712 2730 18300 2710 2731 18301 2709 2728 18302 2880 2719 18303 2700 2720 18304 2709 2728 18305 2712 2730 18306 2711 2729 18307 2713 2732 18308 2713 2732 18309 2711 2729 18310 2708 2726 18311 2871 2735 18312 2714 2733 18313 2713 2732 18314 2713 2732 18315 2716 2734 18316 2717 2737 18317 2708 2726 18318 2706 2727 18319 2718 2738 18320 2717 2737 18321 2716 2734 18322 2718 2738 18323 2717 2737 18324 2719 2739 18325 2720 2740 18326 2723 2742 18327 2722 2741 18328 2720 2740 18329 2724 2744 18330 2715 2736 18331 2717 2737 18332 2724 2744 18333 2722 2741 18334 2723 2742 18335 2727 2746 18336 2725 2747 18337 2724 2744 18338 2871 2735 18339 2715 2736 18340 2724 2744 18341 2727 2746 18342 2726 2745 18343 2728 2748 18344 2728 2748 18345 2726 2745 18346 2723 2742 18347 2862 2751 18348 2729 2749 18349 2728 2748 18350 2728 2748 18351 2731 2750 18352 2732 2753 18353 2723 2742 18354 2721 2743 18355 2733 2754 18356 2732 2753 18357 2731 2750 18358 2733 2754 18359 2732 2753 18360 2734 2755 18361 2735 2756 18362 2738 2758 18363 2737 2757 18364 2735 2756 18365 2739 2759 18366 2730 2752 18367 2732 2753 18368 2739 2759 18369 2737 2757 18370 2738 2758 18371 2742 2761 18372 2740 2762 18373 2739 2759 18374 2862 2751 18375 2730 2752 18376 2739 2759 18377 2742 2761 18378 2741 2760 18379 2743 2763 18380 2743 2763 18381 2741 2760 18382 2738 2758 18383 2853 2766 18384 2744 2764 18385 2743 2763 18386 2743 2763 18387 2746 2765 18388 2747 2768 18389 2738 2758 18390 2736 2634 18391 2748 2769 18392 2747 2768 18393 2746 2765 18394 2748 2769 18395 2747 2768 18396 2749 2634 18397 2750 2634 18398 2753 2771 18399 2752 2770 18400 2750 2634 18401 2754 2772 18402 2745 2767 18403 2747 2768 18404 2754 2772 18405 2752 2770 18406 2753 2771 18407 2757 2774 18408 2755 2775 18409 2754 2772 18410 2853 2766 18411 2745 2767 18412 2754 2772 18413 2757 2774 18414 2756 2773 18415 2758 2776 18416 2758 2776 18417 2756 2773 18418 2753 2771 18419 2844 2779 18420 2759 2777 18421 2758 2776 18422 2758 2776 18423 2761 2778 18424 2762 2781 18425 2762 2781 18426 2761 2778 18427 2763 2782 18428 2753 2771 18429 2751 2634 18430 2763 2782 18431 2762 2781 18432 2764 2783 18433 2765 2784 18434 2768 2786 18435 2767 2785 18436 2765 2784 18437 2769 2788 18438 2760 2780 18439 2762 2781 18440 2769 2788 18441 2767 2785 18442 2768 2786 18443 2772 2790 18444 2770 2791 18445 2769 2788 18446 2844 2779 18447 2760 2780 18448 2769 2788 18449 2772 2790 18450 2771 2789 18451 2773 2792 18452 2773 2792 18453 2771 2789 18454 2768 2786 18455 2835 2795 18456 2774 2793 18457 2773 2792 18458 2773 2792 18459 2776 2794 18460 2777 2797 18461 2768 2786 18462 2766 2787 18463 2778 2798 18464 2777 2797 18465 2776 2794 18466 2778 2798 18467 2777 2797 18468 2779 2743 18469 2780 2799 18470 2783 2801 18471 2782 2800 18472 2780 2799 18473 2784 2803 18474 2775 2796 18475 2777 2797 18476 2784 2803 18477 2782 2800 18478 2783 2801 18479 2787 2805 18480 2785 2806 18481 2784 2803 18482 2835 2795 18483 2775 2796 18484 2784 2803 18485 2787 2805 18486 2786 2804 18487 2788 2807 18488 2788 2807 18489 2786 2804 18490 2783 2801 18491 2826 2810 18492 2789 2808 18493 2788 2807 18494 2788 2807 18495 2791 2809 18496 2792 2812 18497 2783 2801 18498 2781 2802 18499 2793 2813 18500 2792 2812 18501 2791 2809 18502 2793 2813 18503 2792 2812 18504 2794 2814 18505 2795 2815 18506 2798 2817 18507 2797 2816 18508 2795 2815 18509 2799 2819 18510 2790 2811 18511 2792 2812 18512 2799 2819 18513 2797 2816 18514 2798 2817 18515 2802 2821 18516 2800 2822 18517 2799 2819 18518 2826 2810 18519 2790 2811 18520 2799 2819 18521 2802 2821 18522 2801 2820 18523 2803 2823 18524 2803 2823 18525 2801 2820 18526 2798 2817 18527 2815 2826 18528 2804 2824 18529 2803 2823 18530 2803 2823 18531 2806 2825 18532 2807 2828 18533 2798 2817 18534 2796 2818 18535 2808 2829 18536 2807 2828 18537 2806 2825 18538 2808 2829 18539 2807 2828 18540 2809 2634 18541 2810 2830 18542 2581 2600 18543 2811 2831 18544 2810 2830 18545 2812 2833 18546 2811 2831 18547 2581 2600 18548 2812 2833 18549 2805 2827 18550 2807 2828 18551 2815 2826 18552 2805 2827 18553 2812 2833 18554 2577 2599 18555 2813 2835 18556 2812 2833 18557 2816 2836 18558 2815 2826 18559 2813 2835 18560 2964 2598 18561 2814 2837 18562 2813 2835 18563 2816 2836 18564 2818 2839 18565 2804 2824 18566 2817 2838 18567 2819 2842 18568 2818 2839 18569 2817 2838 18570 2816 2836 18571 2814 2837 18572 2821 2841 18573 2820 2843 18574 2818 2839 18575 2820 2843 18576 2802 2821 18577 2804 2824 18578 2821 2841 18579 2823 2846 18580 2822 2844 18581 2820 2843 18582 2822 2844 18583 2800 2822 18584 2825 2845 18585 2824 2847 18586 2822 2844 18587 2824 2847 18588 2826 2810 18589 2800 2822 18590 2825 2845 18591 2828 2850 18592 2827 2848 18593 2824 2847 18594 2827 2848 18595 2789 2808 18596 2830 2849 18597 2829 2851 18598 2827 2848 18599 2829 2851 18600 2787 2805 18601 2789 2808 18602 2830 2849 18603 2832 2854 18604 2831 2852 18605 2829 2851 18606 2831 2852 18607 2785 2806 18608 2834 2853 18609 2833 2855 18610 2831 2852 18611 2833 2855 18612 2835 2795 18613 2785 2806 18614 2834 2853 18615 2837 2858 18616 2836 2856 18617 2833 2855 18618 2836 2856 18619 2774 2793 18620 2839 2857 18621 2838 2859 18622 2836 2856 18623 2838 2859 18624 2772 2790 18625 2774 2793 18626 2839 2857 18627 2841 2862 18628 2840 2860 18629 2838 2859 18630 2840 2860 18631 2770 2791 18632 2843 2861 18633 2842 2863 18634 2840 2860 18635 2842 2863 18636 2844 2779 18637 2770 2791 18638 2843 2861 18639 2846 2866 18640 2845 2864 18641 2842 2863 18642 2845 2864 18643 2759 2777 18644 2848 2865 18645 2847 2867 18646 2845 2864 18647 2847 2867 18648 2757 2774 18649 2759 2777 18650 2848 2865 18651 2850 2870 18652 2849 2868 18653 2847 2867 18654 2849 2868 18655 2755 2775 18656 2852 2869 18657 2851 2871 18658 2849 2868 18659 2851 2871 18660 2853 2766 18661 2755 2775 18662 2852 2869 18663 2855 2874 18664 2854 2872 18665 2851 2871 18666 2854 2872 18667 2744 2764 18668 2857 2873 18669 2856 2875 18670 2854 2872 18671 2856 2875 18672 2742 2761 18673 2744 2764 18674 2857 2873 18675 2859 2878 18676 2858 2876 18677 2856 2875 18678 2858 2876 18679 2740 2762 18680 2861 2877 18681 2860 2879 18682 2858 2876 18683 2860 2879 18684 2862 2751 18685 2740 2762 18686 2861 2877 18687 2864 2882 18688 2863 2880 18689 2860 2879 18690 2863 2880 18691 2729 2749 18692 2866 2881 18693 2865 2883 18694 2863 2880 18695 2865 2883 18696 2727 2746 18697 2729 2749 18698 2866 2881 18699 2868 2886 18700 2867 2884 18701 2865 2883 18702 2867 2884 18703 2725 2747 18704 2870 2885 18705 2869 2887 18706 2867 2884 18707 2869 2887 18708 2871 2735 18709 2725 2747 18710 2870 2885 18711 2873 2890 18712 2872 2888 18713 2869 2887 18714 2872 2888 18715 2714 2733 18716 2875 2889 18717 2874 2891 18718 2872 2888 18719 2874 2891 18720 2712 2730 18721 2714 2733 18722 2875 2889 18723 2877 2894 18724 2876 2892 18725 2874 2891 18726 2876 2892 18727 2710 2731 18728 2879 2893 18729 2878 2895 18730 2876 2892 18731 2878 2895 18732 2880 2719 18733 2710 2731 18734 2879 2893 18735 2882 2898 18736 2881 2896 18737 2878 2895 18738 2881 2896 18739 2699 2717 18740 2884 2897 18741 2883 2899 18742 2881 2896 18743 2883 2899 18744 2697 2714 18745 2699 2717 18746 2884 2897 18747 2886 2902 18748 2885 2900 18749 2883 2899 18750 2885 2900 18751 2695 2715 18752 2888 2901 18753 2887 2903 18754 2885 2900 18755 2887 2903 18756 2889 2703 18757 2695 2715 18758 2888 2901 18759 2891 2906 18760 2890 2904 18761 2887 2903 18762 2890 2904 18763 2684 2701 18764 2893 2905 18765 2892 2907 18766 2890 2904 18767 2892 2907 18768 2682 2698 18769 2684 2701 18770 2893 2905 18771 2895 2910 18772 2894 2908 18773 2892 2907 18774 2894 2908 18775 2680 2699 18776 2897 2909 18777 2896 2911 18778 2894 2908 18779 2896 2911 18780 2898 2687 18781 2680 2699 18782 2897 2909 18783 2900 2914 18784 2899 2912 18785 2896 2911 18786 2899 2912 18787 2669 2685 18788 2902 2913 18789 2901 2915 18790 2899 2912 18791 2901 2915 18792 2667 2682 18793 2669 2685 18794 2902 2913 18795 2904 2918 18796 2903 2916 18797 2901 2915 18798 2903 2916 18799 2665 2683 18800 2906 2917 18801 2905 2919 18802 2903 2916 18803 2905 2919 18804 2907 2673 18805 2665 2683 18806 2906 2917 18807 2909 2922 18808 2908 2920 18809 2905 2919 18810 2908 2920 18811 2654 2671 18812 2911 2921 18813 2910 2923 18814 2908 2920 18815 2910 2923 18816 2652 2668 18817 2654 2671 18818 2911 2921 18819 2913 2926 18820 2912 2924 18821 2910 2923 18822 2912 2924 18823 2650 2669 18824 2915 2925 18825 2914 2927 18826 2912 2924 18827 2914 2927 18828 2916 2658 18829 2650 2669 18830 2915 2925 18831 2918 2930 18832 2917 2928 18833 2914 2927 18834 2917 2928 18835 2639 2656 18836 2920 2929 18837 2919 2931 18838 2917 2928 18839 2919 2931 18840 2637 2653 18841 2639 2656 18842 2920 2929 18843 2922 2934 18844 2921 2932 18845 2919 2931 18846 2921 2932 18847 2635 2654 18848 2924 2933 18849 2923 2935 18850 2921 2932 18851 2923 2935 18852 2925 2645 18853 2635 2654 18854 2924 2933 18855 2927 2938 18856 2926 2936 18857 2923 2935 18858 2926 2936 18859 2624 2643 18860 2929 2937 18861 2928 2939 18862 2926 2936 18863 2928 2939 18864 2622 2640 18865 2624 2643 18866 2929 2937 18867 2931 2942 18868 2930 2940 18869 2928 2939 18870 2930 2940 18871 2620 2641 18872 2933 2941 18873 2932 2943 18874 2930 2940 18875 2932 2943 18876 2934 2630 18877 2620 2641 18878 2933 2941 18879 2936 2946 18880 2935 2944 18881 2932 2943 18882 2935 2944 18883 2609 2628 18884 2938 2945 18885 2937 2947 18886 2935 2944 18887 2937 2947 18888 2607 2625 18889 2609 2628 18890 2938 2945 18891 2940 2950 18892 2939 2948 18893 2937 2947 18894 2939 2948 18895 2605 2626 18896 2942 2949 18897 2941 2951 18898 2939 2948 18899 2941 2951 18900 2943 2614 18901 2605 2626 18902 2942 2949 18903 2945 2954 18904 2944 2952 18905 2941 2951 18906 2944 2952 18907 2594 2612 18908 2947 2953 18909 2946 2955 18910 2944 2952 18911 2946 2955 18912 2592 2610 18913 2594 2612 18914 2947 2953 18915 2570 2590 18916 2572 2591 18917 2946 2955 18918 2572 2591 18919 2574 2592 18920 2948 2581 18921 2559 2580 18922 2570 2590 18923 2948 2581 18924 2947 2953 18925 2945 2954 18926 2547 2569 18927 2549 2568 18928 2945 2954 18929 2547 2569 18930 2942 2949 18931 2940 2950 18932 2949 2567 18933 2545 2566 18934 2940 2950 18935 2949 2567 18936 2938 2945 18937 2936 2946 18938 2533 2554 18939 2535 2553 18940 2936 2946 18941 2533 2554 18942 2933 2941 18943 2931 2942 18944 2950 2552 18945 2531 2551 18946 2931 2942 18947 2950 2552 18948 2929 2937 18949 2927 2938 18950 2519 2540 18951 2521 2539 18952 2927 2938 18953 2519 2540 18954 2924 2933 18955 2922 2934 18956 2951 2538 18957 2517 2537 18958 2922 2934 18959 2951 2538 18960 2920 2929 18961 2918 2930 18962 2505 2526 18963 2507 2525 18964 2918 2930 18965 2505 2526 18966 2915 2925 18967 2913 2926 18968 2952 2515 18969 2503 2524 18970 2913 2926 18971 2952 2515 18972 2911 2921 18973 2909 2922 18974 2491 2512 18975 2493 2511 18976 2909 2922 18977 2491 2512 18978 2906 2917 18979 2904 2918 18980 2953 2510 18981 2489 2509 18982 2904 2918 18983 2953 2510 18984 2902 2913 18985 2900 2914 18986 2477 2498 18987 2479 2497 18988 2900 2914 18989 2477 2498 18990 2897 2909 18991 2895 2910 18992 2954 2496 18993 2475 2495 18994 2895 2910 18995 2954 2496 18996 2893 2905 18997 2891 2906 18998 2463 2484 18999 2465 2483 19000 2891 2906 19001 2463 2484 19002 2888 2901 19003 2886 2902 19004 2955 2482 19005 2461 2481 19006 2886 2902 19007 2955 2482 19008 2884 2897 19009 2882 2898 19010 2449 2470 19011 2451 2469 19012 2882 2898 19013 2449 2470 19014 2879 2893 19015 2877 2894 19016 2956 2468 19017 2447 2467 19018 2877 2894 19019 2956 2468 19020 2875 2889 19021 2873 2890 19022 2435 2456 19023 2437 2455 19024 2873 2890 19025 2435 2456 19026 2870 2885 19027 2868 2886 19028 2957 2454 19029 2433 2453 19030 2868 2886 19031 2957 2454 19032 2866 2881 19033 2864 2882 19034 2421 2441 19035 2423 2440 19036 2864 2882 19037 2421 2441 19038 2861 2877 19039 2859 2878 19040 2958 2439 19041 2419 2438 19042 2859 2878 19043 2958 2439 19044 2857 2873 19045 2855 2874 19046 2407 2426 19047 2409 2425 19048 2855 2874 19049 2407 2426 19050 2852 2869 19051 2850 2870 19052 2959 2424 19053 2405 2423 19054 2850 2870 19055 2959 2424 19056 2848 2865 19057 2846 2866 19058 2393 2411 19059 2395 2410 19060 2846 2866 19061 2393 2411 19062 2843 2861 19063 2841 2862 19064 2960 2409 19065 2391 2408 19066 2841 2862 19067 2960 2409 19068 2839 2857 19069 2837 2858 19070 2379 2397 19071 2381 2396 19072 2837 2858 19073 2379 2397 19074 2834 2853 19075 2832 2854 19076 2961 2395 19077 2377 2394 19078 2832 2854 19079 2961 2395 19080 2830 2849 19081 2828 2850 19082 2365 2383 19083 2367 2382 19084 2828 2850 19085 2365 2383 19086 2825 2845 19087 2823 2846 19088 2962 2381 19089 2363 2380 19090 2823 2846 19091 2962 2381 19092 2821 2841 19093 2819 2842 19094 2351 2369 19095 2353 2368 19096 2819 2842 19097 2351 2369 19098 2817 2838 19099 2963 2840 19100 2565 2367 19101 2349 2366 19102 2963 2840 19103 2567 2587 19104 2963 2840 19105 2814 2837 19106 2965 2956 19107 2966 2958 19108 2339 2354 19109 2968 2957 19110 2966 2958 19111 2965 2956 19112 2966 2958 19113 2967 2963 19114 2337 2353 19115 2970 2959 19116 2967 2963 19117 2966 2958 19118 2554 2960 19119 2969 2961 19120 2968 2957 19121 2969 2961 19122 2971 2962 19123 2970 2959 19124 2971 2962 19125 2314 2329 19126 2316 2330 19127 2316 2330 19128 2318 2331 19129 2967 2963 19130 2975 2318 19131 2314 2329 19132 2971 2962 19133 2972 2964 19134 2971 2962 19135 2969 2961 19136 2977 2966 19137 2974 2967 19138 2972 2964 19139 2974 2967 19140 2303 2315 19141 2975 2318 19142 2301 2314 19143 2303 2315 19144 2974 2967 19145 2976 2968 19146 2974 2967 19147 2977 2966 19148 2978 2969 19149 2977 2966 19150 2979 2563 19151 2979 2563 19152 2977 2966 19153 2973 2965 19154 2540 2970 19155 2980 2971 19156 2978 2969 19157 2980 2971 19158 2981 2977 19159 2976 2968 19160 2984 2972 19161 2981 2977 19162 2980 2971 19163 2982 2973 19164 2980 2971 19165 2540 2970 19166 3115 2974 19167 2983 2975 19168 2982 2973 19169 2983 2975 19170 2985 2976 19171 2984 2972 19172 2985 2976 19173 2288 2299 19174 2986 2302 19175 2986 2302 19176 2299 2313 19177 2981 2977 19178 2286 2298 19179 2288 2299 19180 2985 2976 19181 2987 2978 19182 2985 2976 19183 2983 2975 19184 2991 2980 19185 2989 2981 19186 2987 2978 19187 2989 2981 19188 2284 2297 19189 2286 2298 19190 3114 2286 19191 2284 2297 19192 2989 2981 19193 2990 2982 19194 2989 2981 19195 2991 2980 19196 2992 2983 19197 2991 2980 19198 2526 2984 19199 2526 2984 19200 2991 2980 19201 2988 2979 19202 2996 2985 19203 2993 2986 19204 2992 2983 19205 2993 2986 19206 2994 2992 19207 2990 2982 19208 2998 2987 19209 2994 2992 19210 2993 2986 19211 2995 2988 19212 2993 2986 19213 2996 2985 19214 2512 2989 19215 2997 2990 19216 2995 2988 19217 2997 2990 19218 2999 2991 19219 2998 2987 19220 2999 2991 19221 2269 2281 19222 2271 2282 19223 2271 2282 19224 2273 2283 19225 2994 2992 19226 3003 2270 19227 2269 2281 19228 2999 2991 19229 3000 2993 19230 2999 2991 19231 2997 2990 19232 3005 2995 19233 3002 2996 19234 3000 2993 19235 3002 2996 19236 2258 2267 19237 3003 2270 19238 2256 2266 19239 2258 2267 19240 3002 2996 19241 3004 2997 19242 3002 2996 19243 3005 2995 19244 3006 2998 19245 3005 2995 19246 3007 2999 19247 3007 2999 19248 3005 2995 19249 3001 2994 19250 2498 3000 19251 3008 3001 19252 3006 2998 19253 3008 3001 19254 3009 3101 19255 3004 2997 19256 3011 3002 19257 3009 3101 19258 3008 3001 19259 3010 3003 19260 3008 3001 19261 2498 3000 19262 3012 3004 19263 3013 3011 19264 3011 3002 19265 3015 3005 19266 3012 3004 19267 3010 3003 19268 3017 3006 19269 3013 3011 19270 3012 3004 19271 3014 3007 19272 3012 3004 19273 3015 3005 19274 2484 3008 19275 3016 3009 19276 3014 3007 19277 3016 3009 19278 3018 3010 19279 3017 3006 19280 3018 3010 19281 2239 2249 19282 2241 2250 19283 2241 2250 19284 2243 2251 19285 3013 3011 19286 3022 2238 19287 2239 2249 19288 3018 3010 19289 3019 3012 19290 3018 3010 19291 3016 3009 19292 3024 3014 19293 3021 3015 19294 3019 3012 19295 3021 3015 19296 2228 2235 19297 3022 2238 19298 2226 2234 19299 2228 2235 19300 3021 3015 19301 3023 3016 19302 3021 3015 19303 3024 3014 19304 3025 3017 19305 3024 3014 19306 3026 3018 19307 3026 3018 19308 3024 3014 19309 3020 3013 19310 2470 3019 19311 3027 3020 19312 3025 3017 19313 3027 3020 19314 3028 3026 19315 3023 3016 19316 3031 3021 19317 3028 3026 19318 3027 3020 19319 3029 3022 19320 3027 3020 19321 2470 3019 19322 3112 3023 19323 3030 3024 19324 3029 3022 19325 3030 3024 19326 3032 3025 19327 3031 3021 19328 3032 3025 19329 2213 2219 19330 3033 2222 19331 3033 2222 19332 2224 2233 19333 3028 3026 19334 2211 2218 19335 2213 2219 19336 3032 3025 19337 3034 3027 19338 3032 3025 19339 3030 3024 19340 3038 3029 19341 3036 3030 19342 3034 3027 19343 3036 3030 19344 2209 2217 19345 2211 2218 19346 3111 2206 19347 2209 2217 19348 3036 3030 19349 3037 3031 19350 3036 3030 19351 3038 3029 19352 3039 3032 19353 3038 3029 19354 2456 3033 19355 2456 3033 19356 3038 3029 19357 3035 3028 19358 3043 3034 19359 3040 3035 19360 3039 3032 19361 3040 3035 19362 3041 3041 19363 3037 3031 19364 3045 3036 19365 3041 3041 19366 3040 3035 19367 3042 3037 19368 3040 3035 19369 3043 3034 19370 2442 3038 19371 3044 3039 19372 3042 3037 19373 3044 3039 19374 3046 3040 19375 3045 3036 19376 3046 3040 19377 2194 2201 19378 2196 2202 19379 2196 2202 19380 2198 2203 19381 3041 3041 19382 3050 2190 19383 2194 2201 19384 3046 3040 19385 3047 3042 19386 3046 3040 19387 3044 3039 19388 3052 3044 19389 3049 3045 19390 3047 3042 19391 3049 3045 19392 2183 2187 19393 3050 2190 19394 2181 2186 19395 2183 2187 19396 3049 3045 19397 3051 3046 19398 3049 3045 19399 3052 3044 19400 3053 3047 19401 3052 3044 19402 3054 3048 19403 3054 3048 19404 3052 3044 19405 3048 3043 19406 2428 3049 19407 3055 3050 19408 3053 3047 19409 3055 3050 19410 3056 3055 19411 3051 3046 19412 3059 3051 19413 3056 3055 19414 3055 3050 19415 3057 3052 19416 3055 3050 19417 2428 3049 19418 3110 2447 19419 3058 3053 19420 3057 3052 19421 3058 3053 19422 3060 3054 19423 3059 3051 19424 3060 3054 19425 2168 2171 19426 3061 2174 19427 3061 2174 19428 2179 2185 19429 3056 3055 19430 2166 2170 19431 2168 2171 19432 3060 3054 19433 3062 3056 19434 3060 3054 19435 3058 3053 19436 3066 3058 19437 3064 3059 19438 3062 3056 19439 3064 3059 19440 2164 2169 19441 2166 2170 19442 3109 2158 19443 2164 2169 19444 3064 3059 19445 3065 3060 19446 3064 3059 19447 3066 3058 19448 3067 3061 19449 3066 3058 19450 2414 2433 19451 2414 2433 19452 3066 3058 19453 3063 3057 19454 3071 3062 19455 3068 3063 19456 3067 3061 19457 3068 3063 19458 3069 3068 19459 3065 3060 19460 3073 3064 19461 3069 3068 19462 3068 3063 19463 3070 3065 19464 3068 3063 19465 3071 3062 19466 2400 2417 19467 3072 3066 19468 3070 3065 19469 3072 3066 19470 3074 3067 19471 3073 3064 19472 3074 3067 19473 2149 2153 19474 2151 2154 19475 2151 2154 19476 2153 2155 19477 3069 3068 19478 3076 2142 19479 2149 2153 19480 3074 3067 19481 3075 3069 19482 3074 3067 19483 3072 3066 19484 3078 3071 19485 2138 2139 19486 3076 2142 19487 3080 3072 19488 3078 3071 19489 3075 3069 19490 2136 2138 19491 2138 2139 19492 3078 3071 19493 3079 3073 19494 3078 3071 19495 3080 3072 19496 3081 3074 19497 3080 3072 19498 3082 3075 19499 3082 3075 19500 3080 3072 19501 3077 3070 19502 2386 3076 19503 3083 3077 19504 3081 3074 19505 3083 3077 19506 3084 3083 19507 3079 3073 19508 3087 3078 19509 3084 3083 19510 3083 3077 19511 3085 3079 19512 3083 3077 19513 2386 3076 19514 3108 3080 19515 3086 3081 19516 3085 3079 19517 3086 3081 19518 3088 3082 19519 3087 3078 19520 3088 3082 19521 2123 2123 19522 3089 2126 19523 3089 2126 19524 2134 2137 19525 3084 3083 19526 2121 2122 19527 2123 2123 19528 3088 3082 19529 3090 3084 19530 3088 3082 19531 3086 3081 19532 3094 3086 19533 3092 3087 19534 3090 3084 19535 3092 3087 19536 2119 2120 19537 2121 2122 19538 3107 2121 19539 2119 2120 19540 3092 3087 19541 3093 3088 19542 3092 3087 19543 3094 3086 19544 3095 3089 19545 3094 3086 19546 2372 3090 19547 2372 3090 19548 3094 3086 19549 3091 3085 19550 3099 3091 19551 3096 3092 19552 3095 3089 19553 3096 3092 19554 3097 3098 19555 3093 3088 19556 3101 3093 19557 3097 3098 19558 3096 3092 19559 3098 3094 19560 3096 3092 19561 3099 3091 19562 2358 3095 19563 3100 3096 19564 3098 3094 19565 3100 3096 19566 3102 3097 19567 3101 3093 19568 3102 3097 19569 1400 1396 19570 1402 1400 19571 1402 1400 19572 3106 1402 19573 3097 3098 19574 1397 1397 19575 1400 1396 19576 3102 3097 19577 3103 3099 19578 3102 3097 19579 3100 3096 19580 3105 2350 19581 2334 2347 19582 3103 3099 19583 2334 2347 19584 2332 1398 19585 1397 1397 19586 3104 3100 19587 3100 3096 19588 2358 3095 19589 2344 2361 19590 3105 2350 19591 3104 3100 19592 3097 3098 19593 3106 1402 19594 3107 2121 19595 3106 1402 19596 1403 1403 19597 2118 2119 19598 3091 3085 19599 3086 3081 19600 3108 3080 19601 3084 3083 19602 2134 2137 19603 2136 2138 19604 3077 3070 19605 3072 3066 19606 2400 2417 19607 3069 3068 19608 2153 2155 19609 3109 2158 19610 3063 3057 19611 3058 3053 19612 3110 2447 19613 3056 3055 19614 2179 2185 19615 2181 2186 19616 3048 3043 19617 3044 3039 19618 2442 3038 19619 3041 3041 19620 2198 2203 19621 3111 2206 19622 3035 3028 19623 3030 3024 19624 3112 3023 19625 3028 3026 19626 2224 2233 19627 2226 2234 19628 3020 3013 19629 3016 3009 19630 2484 3008 19631 3013 3011 19632 2243 2251 19633 3113 2254 19634 3113 2254 19635 2254 2265 19636 3009 3101 19637 3009 3101 19638 2254 2265 19639 2256 2266 19640 3001 2994 19641 2997 2990 19642 2512 2989 19643 2994 2992 19644 2273 2283 19645 3114 2286 19646 2988 2979 19647 2983 2975 19648 3115 2974 19649 2981 2977 19650 2299 2313 19651 2301 2314 19652 2973 2965 19653 2969 2961 19654 2554 2960 19655 2967 2963 19656 2318 2331 19657 3116 2334 19658 1393 1388 19659 2327 2342 19660 2325 2341 19661 3117 3102 19662 2325 2341 19663 1997 2000 19664 3117 3102 19665 1995 1996 19666 1993 1997 19667 1403 1403 19668 1405 1405 19669 2116 1411 19670 1408 1395 19671 1395 1389 19672 1993 1997 19673 3120 3103 19674 3123 3110 19675 3611 3104 19676 3122 3106 19677 3120 3103 19678 3121 3105 19679 3122 3106 19680 3127 3111 19681 3124 3108 19682 3120 3103 19683 3124 3108 19684 3126 3109 19685 3127 3111 19686 3128 3138 19687 3125 3112 19688 3125 3112 19689 3160 3143 19690 3126 3109 19691 3130 3113 19692 3128 3138 19693 3127 3111 19694 3122 3106 19695 3132 3117 19696 3129 3114 19697 3131 3115 19698 3149 3133 19699 3130 3113 19700 3133 3116 19701 3131 3115 19702 3129 3114 19703 3122 3106 19704 3136 3107 19705 3134 3118 19706 3133 3116 19707 3132 3117 19708 3134 3118 19709 3133 3116 19710 3135 3119 19711 3137 3120 19712 3141 3122 19713 3138 3121 19714 3137 3120 19715 3141 3122 19716 3139 3123 19717 3140 3124 19718 3141 3122 19719 3142 3125 19720 3145 3126 19721 3141 3122 19722 3143 3127 19723 3146 3128 19724 3143 3127 19725 3144 3131 19726 3147 3129 19727 3411 3130 19728 3144 3131 19729 3143 3127 19730 3147 3129 19731 3149 3133 19732 3131 3115 19733 3133 3116 19734 3138 3121 19735 3146 3128 19736 3144 3131 19737 3409 3397 19738 3148 3132 19739 3148 3132 19740 3150 3135 19741 3149 3133 19742 3149 3133 19743 3150 3135 19744 3152 3134 19745 3150 3135 19746 3151 3395 19747 3153 3136 19748 3406 3137 19749 3151 3395 19750 3150 3135 19751 3152 3134 19752 3154 3139 19753 3128 3138 19754 3153 3136 19755 3155 3394 19756 3154 3139 19757 3154 3139 19758 3155 3394 19759 3157 3140 19760 3128 3138 19761 3154 3139 19762 3156 3141 19763 3157 3140 19764 3159 3158 19765 3158 3142 19766 3156 3141 19767 3158 3142 19768 3160 3143 19769 3158 3142 19770 3159 3158 19771 3163 3144 19772 3160 3143 19773 3158 3142 19774 3161 3145 19775 3161 3145 19776 3164 3148 19777 3165 3147 19778 3163 3144 19779 3167 3152 19780 3164 3148 19781 3165 3147 19782 3164 3148 19783 3166 3149 19784 3164 3148 19785 3167 3152 19786 3168 3151 19787 3167 3152 19788 3169 3155 19789 3170 3153 19790 3172 3154 19791 3169 3155 19792 3167 3152 19793 3169 3155 19794 3171 3162 19795 3190 3156 19796 3174 3157 19797 3171 3162 19798 3169 3155 19799 3159 3158 19800 3173 3159 19801 3172 3154 19802 3173 3159 19803 3175 3160 19804 3174 3157 19805 3175 3160 19806 3178 3165 19807 3176 3161 19808 3176 3161 19809 3179 3164 19810 3171 3162 19811 3177 3163 19812 3181 3721 19813 3179 3164 19814 3178 3165 19815 3402 3393 19816 3177 3163 19817 3179 3164 19818 3181 3721 19819 3182 3166 19820 3171 3162 19821 3179 3164 19822 3180 3167 19823 3182 3166 19824 3183 3722 19825 3185 3168 19826 3185 3168 19827 3183 3722 19828 3184 3169 19829 3187 3171 19830 3185 3168 19831 3186 3170 19832 3180 3167 19833 3185 3168 19834 3187 3171 19835 3190 3156 19836 3187 3171 19837 3188 3173 19838 3188 3173 19839 3187 3171 19840 3189 3172 19841 3189 3172 19842 3192 3176 19843 3193 3175 19844 3186 3170 19845 3195 3180 19846 3192 3176 19847 3193 3175 19848 3192 3176 19849 3194 3177 19850 3192 3176 19851 3195 3180 19852 3196 3179 19853 3195 3180 19854 3197 3723 19855 3198 3181 19856 3184 3169 19857 3197 3723 19858 3195 3180 19859 3198 3181 19860 3199 3724 19861 3201 3182 19862 3201 3182 19863 3199 3724 19864 3200 3183 19865 3203 3185 19866 3201 3182 19867 3202 3184 19868 3196 3179 19869 3201 3182 19870 3203 3185 19871 3194 3177 19872 3203 3185 19873 3204 3187 19874 3204 3187 19875 3203 3185 19876 3205 3186 19877 3205 3186 19878 3207 3190 19879 3208 3189 19880 3202 3184 19881 3210 3194 19882 3207 3190 19883 3208 3189 19884 3207 3190 19885 3209 3191 19886 3207 3190 19887 3210 3194 19888 3211 3193 19889 3210 3194 19890 3212 3725 19891 3213 3195 19892 3200 3183 19893 3212 3725 19894 3210 3194 19895 3213 3195 19896 3214 3726 19897 3216 3196 19898 3216 3196 19899 3214 3726 19900 3215 3197 19901 3218 3199 19902 3216 3196 19903 3217 3198 19904 3211 3193 19905 3216 3196 19906 3218 3199 19907 3209 3191 19908 3218 3199 19909 3219 3201 19910 3219 3201 19911 3218 3199 19912 3220 3200 19913 3220 3200 19914 3222 3204 19915 3223 3203 19916 3217 3198 19917 3225 3208 19918 3222 3204 19919 3223 3203 19920 3222 3204 19921 3224 3205 19922 3222 3204 19923 3225 3208 19924 3226 3207 19925 3225 3208 19926 3227 3727 19927 3228 3209 19928 3215 3197 19929 3227 3727 19930 3225 3208 19931 3228 3209 19932 3229 3728 19933 3231 3210 19934 3231 3210 19935 3229 3728 19936 3230 3211 19937 3233 3213 19938 3231 3210 19939 3232 3212 19940 3226 3207 19941 3231 3210 19942 3233 3213 19943 3224 3205 19944 3233 3213 19945 3234 3215 19946 3234 3215 19947 3233 3213 19948 3235 3214 19949 3235 3214 19950 3237 3218 19951 3238 3217 19952 3232 3212 19953 3240 3222 19954 3237 3218 19955 3238 3217 19956 3237 3218 19957 3239 3219 19958 3237 3218 19959 3240 3222 19960 3241 3221 19961 3240 3222 19962 3242 3729 19963 3243 3223 19964 3230 3211 19965 3242 3729 19966 3240 3222 19967 3243 3223 19968 3244 3730 19969 3246 3224 19970 3246 3224 19971 3244 3730 19972 3245 3225 19973 3248 3227 19974 3246 3224 19975 3247 3226 19976 3241 3221 19977 3246 3224 19978 3248 3227 19979 3239 3219 19980 3248 3227 19981 3249 3229 19982 3249 3229 19983 3248 3227 19984 3250 3228 19985 3250 3228 19986 3252 3232 19987 3253 3231 19988 3247 3226 19989 3255 3236 19990 3252 3232 19991 3253 3231 19992 3252 3232 19993 3254 3233 19994 3252 3232 19995 3255 3236 19996 3256 3235 19997 3255 3236 19998 3257 3731 19999 3258 3237 20000 3245 3225 20001 3257 3731 20002 3255 3236 20003 3258 3237 20004 3259 3732 20005 3261 3238 20006 3261 3238 20007 3259 3732 20008 3260 3239 20009 3263 3241 20010 3261 3238 20011 3262 3240 20012 3256 3235 20013 3261 3238 20014 3263 3241 20015 3254 3233 20016 3263 3241 20017 3264 3243 20018 3264 3243 20019 3263 3241 20020 3265 3242 20021 3265 3242 20022 3267 3246 20023 3268 3245 20024 3262 3240 20025 3270 3250 20026 3267 3246 20027 3268 3245 20028 3267 3246 20029 3269 3247 20030 3267 3246 20031 3270 3250 20032 3271 3249 20033 3270 3250 20034 3272 3733 20035 3273 3251 20036 3260 3239 20037 3272 3733 20038 3270 3250 20039 3273 3251 20040 3274 3734 20041 3276 3252 20042 3276 3252 20043 3274 3734 20044 3275 3253 20045 3278 3255 20046 3276 3252 20047 3277 3254 20048 3271 3249 20049 3276 3252 20050 3278 3255 20051 3269 3247 20052 3278 3255 20053 3279 3257 20054 3279 3257 20055 3278 3255 20056 3280 3256 20057 3280 3256 20058 3282 3260 20059 3283 3259 20060 3277 3254 20061 3285 3264 20062 3282 3260 20063 3283 3259 20064 3282 3260 20065 3284 3261 20066 3282 3260 20067 3285 3264 20068 3286 3263 20069 3285 3264 20070 3287 3735 20071 3288 3265 20072 3275 3253 20073 3287 3735 20074 3285 3264 20075 3288 3265 20076 3289 3736 20077 3291 3266 20078 3291 3266 20079 3289 3736 20080 3290 3267 20081 3293 3269 20082 3291 3266 20083 3292 3268 20084 3286 3263 20085 3291 3266 20086 3293 3269 20087 3284 3261 20088 3293 3269 20089 3294 3271 20090 3294 3271 20091 3293 3269 20092 3295 3270 20093 3295 3270 20094 3297 3274 20095 3298 3273 20096 3292 3268 20097 3300 3278 20098 3297 3274 20099 3298 3273 20100 3297 3274 20101 3299 3275 20102 3297 3274 20103 3300 3278 20104 3302 3277 20105 3300 3278 20106 3292 3268 20107 3290 3267 20108 3300 3278 20109 3301 3279 20110 3303 3280 20111 3304 3281 20112 3302 3277 20113 3303 3280 20114 3302 3277 20115 3304 3281 20116 3307 3283 20117 3304 3281 20118 3305 3282 20119 3748 3284 20120 3307 3283 20121 3304 3281 20122 3306 3285 20123 3299 3275 20124 3307 3283 20125 3308 3287 20126 3308 3287 20127 3307 3283 20128 3309 3286 20129 3309 3286 20130 3311 3290 20131 3312 3289 20132 3306 3285 20133 3314 3294 20134 3311 3290 20135 3312 3289 20136 3311 3290 20137 3313 3291 20138 3311 3290 20139 3314 3294 20140 3316 3293 20141 3314 3294 20142 3306 3285 20143 3748 3284 20144 3314 3294 20145 3315 3295 20146 3317 3296 20147 3318 3297 20148 3316 3293 20149 3317 3296 20150 3316 3293 20151 3318 3297 20152 3321 3299 20153 3318 3297 20154 3319 3298 20155 3747 3300 20156 3321 3299 20157 3318 3297 20158 3320 3301 20159 3313 3291 20160 3321 3299 20161 3322 3303 20162 3322 3303 20163 3321 3299 20164 3323 3302 20165 3323 3302 20166 3325 3306 20167 3326 3305 20168 3320 3301 20169 3328 3310 20170 3325 3306 20171 3326 3305 20172 3325 3306 20173 3327 3307 20174 3325 3306 20175 3328 3310 20176 3330 3309 20177 3328 3310 20178 3320 3301 20179 3747 3300 20180 3328 3310 20181 3329 3311 20182 3331 3312 20183 3332 3313 20184 3330 3309 20185 3331 3312 20186 3330 3309 20187 3332 3313 20188 3335 3315 20189 3332 3313 20190 3333 3314 20191 3746 3316 20192 3335 3315 20193 3332 3313 20194 3334 3317 20195 3327 3307 20196 3335 3315 20197 3336 3319 20198 3336 3319 20199 3335 3315 20200 3337 3318 20201 3337 3318 20202 3339 3322 20203 3340 3321 20204 3334 3317 20205 3342 3326 20206 3339 3322 20207 3340 3321 20208 3339 3322 20209 3341 3323 20210 3339 3322 20211 3342 3326 20212 3344 3325 20213 3342 3326 20214 3334 3317 20215 3746 3316 20216 3342 3326 20217 3343 3327 20218 3345 3328 20219 3346 3329 20220 3344 3325 20221 3345 3328 20222 3344 3325 20223 3346 3329 20224 3349 3331 20225 3346 3329 20226 3347 3330 20227 3745 3332 20228 3349 3331 20229 3346 3329 20230 3348 3333 20231 3341 3323 20232 3349 3331 20233 3350 3335 20234 3350 3335 20235 3349 3331 20236 3351 3334 20237 3351 3334 20238 3353 3338 20239 3354 3337 20240 3348 3333 20241 3356 3342 20242 3353 3338 20243 3354 3337 20244 3353 3338 20245 3355 3339 20246 3353 3338 20247 3356 3342 20248 3358 3341 20249 3356 3342 20250 3348 3333 20251 3745 3332 20252 3356 3342 20253 3357 3343 20254 3359 3344 20255 3360 3345 20256 3358 3341 20257 3359 3344 20258 3358 3341 20259 3360 3345 20260 3363 3347 20261 3360 3345 20262 3361 3346 20263 3744 3348 20264 3363 3347 20265 3360 3345 20266 3362 3349 20267 3355 3339 20268 3363 3347 20269 3364 3351 20270 3364 3351 20271 3363 3347 20272 3365 3350 20273 3365 3350 20274 3367 3354 20275 3368 3353 20276 3362 3349 20277 3370 3358 20278 3367 3354 20279 3368 3353 20280 3367 3354 20281 3369 3355 20282 3367 3354 20283 3370 3358 20284 3372 3357 20285 3370 3358 20286 3362 3349 20287 3744 3348 20288 3370 3358 20289 3371 3359 20290 3373 3360 20291 3374 3361 20292 3372 3357 20293 3373 3360 20294 3372 3357 20295 3374 3361 20296 3377 3363 20297 3374 3361 20298 3375 3362 20299 3743 3364 20300 3377 3363 20301 3374 3361 20302 3376 3365 20303 3369 3355 20304 3377 3363 20305 3378 3367 20306 3378 3367 20307 3377 3363 20308 3379 3366 20309 3379 3366 20310 3381 3370 20311 3382 3369 20312 3376 3365 20313 3384 3374 20314 3381 3370 20315 3382 3369 20316 3381 3370 20317 3383 3371 20318 3381 3370 20319 3384 3374 20320 3386 3373 20321 3384 3374 20322 3376 3365 20323 3743 3364 20324 3384 3374 20325 3385 3375 20326 3387 3376 20327 3388 3377 20328 3386 3373 20329 3387 3376 20330 3386 3373 20331 3388 3377 20332 3391 3379 20333 3388 3377 20334 3389 3378 20335 3403 3380 20336 3391 3379 20337 3388 3377 20338 3390 3381 20339 3383 3371 20340 3391 3379 20341 3392 3383 20342 3392 3383 20343 3391 3379 20344 3393 3382 20345 3393 3382 20346 3395 3386 20347 3396 3385 20348 3390 3381 20349 3398 3390 20350 3395 3386 20351 3396 3385 20352 3395 3386 20353 3397 3387 20354 3395 3386 20355 3398 3390 20356 3400 3389 20357 3398 3390 20358 3390 3381 20359 3403 3380 20360 3398 3390 20361 3399 3391 20362 3401 3392 20363 3178 3165 20364 3400 3389 20365 3401 3392 20366 3400 3389 20367 3178 3165 20368 3175 3160 20369 3397 3387 20370 3175 3160 20371 3173 3159 20372 3404 3388 20373 3173 3159 20374 3159 3158 20375 3155 3394 20376 3396 3385 20377 3404 3388 20378 3394 3384 20379 3396 3385 20380 3155 3394 20381 3151 3395 20382 3392 3383 20383 3394 3384 20384 3405 3372 20385 3392 3383 20386 3151 3395 20387 3407 3396 20388 3382 3369 20389 3405 3372 20390 3409 3397 20391 3407 3396 20392 3406 3137 20393 3380 3368 20394 3382 3369 20395 3407 3396 20396 3408 3398 20397 3407 3396 20398 3409 3397 20399 3410 3399 20400 3409 3397 20401 3144 3131 20402 3415 3400 20403 3412 3401 20404 3410 3399 20405 3412 3401 20406 3413 3704 20407 3408 3398 20408 3731 3402 20409 3413 3704 20410 3412 3401 20411 3414 3403 20412 3412 3401 20413 3415 3400 20414 3416 3404 20415 3415 3400 20416 3417 3405 20417 3417 3405 20418 3415 3400 20419 3411 3130 20420 3419 3407 20421 3420 3409 20422 3418 3406 20423 3419 3407 20424 3417 3405 20425 3145 3126 20426 3419 3407 20427 3421 3410 20428 3422 3408 20429 3419 3407 20430 3142 3125 20431 3140 3124 20432 3425 3411 20433 3420 3409 20434 3422 3408 20435 3425 3411 20436 3423 3412 20437 3424 3413 20438 3425 3411 20439 3426 3414 20440 3429 3415 20441 3425 3411 20442 3427 3416 20443 3418 3406 20444 3427 3416 20445 3428 3701 20446 3416 3404 20447 3430 3417 20448 3428 3701 20449 3427 3416 20450 3431 3418 20451 3432 3697 20452 3430 3417 20453 3434 3419 20454 3431 3418 20455 3429 3415 20456 3723 3420 20457 3432 3697 20458 3431 3418 20459 3434 3419 20460 3435 3423 20461 3433 3421 20462 3434 3419 20463 3436 3424 20464 3437 3422 20465 3434 3419 20466 3426 3414 20467 3424 3413 20468 3440 3425 20469 3435 3423 20470 3437 3422 20471 3441 3427 20472 3440 3425 20473 3438 3426 20474 3440 3425 20475 3441 3427 20476 3444 3429 20477 3440 3425 20478 3442 3430 20479 3433 3421 20480 3442 3430 20481 3443 3694 20482 3723 3420 20483 3445 3431 20484 3443 3694 20485 3442 3430 20486 3446 3432 20487 3447 3689 20488 3445 3431 20489 3449 3433 20490 3446 3432 20491 3444 3429 20492 3714 3434 20493 3447 3689 20494 3446 3432 20495 3449 3433 20496 3450 3437 20497 3448 3435 20498 3449 3433 20499 3451 3438 20500 3452 3436 20501 3449 3433 20502 3441 3427 20503 3439 3428 20504 3455 3439 20505 3450 3437 20506 3452 3436 20507 3455 3439 20508 3453 3440 20509 3454 3441 20510 3455 3439 20511 3456 3442 20512 3459 3443 20513 3455 3439 20514 3457 3444 20515 3448 3435 20516 3457 3444 20517 3458 3685 20518 3714 3434 20519 3460 3445 20520 3458 3685 20521 3457 3444 20522 3461 3446 20523 3462 3681 20524 3460 3445 20525 3464 3447 20526 3461 3446 20527 3459 3443 20528 3705 3448 20529 3462 3681 20530 3461 3446 20531 3464 3447 20532 3465 3451 20533 3463 3449 20534 3464 3447 20535 3466 3452 20536 3467 3450 20537 3466 3452 20538 3464 3447 20539 3456 3442 20540 3468 3453 20541 3470 3454 20542 3465 3451 20543 3470 3454 20544 3468 3453 20545 3469 3455 20546 3471 3456 20547 3474 3459 20548 3472 3457 20549 3465 3451 20550 3470 3454 20551 3472 3457 20552 3472 3457 20553 3473 3677 20554 3705 3448 20555 3475 3458 20556 3473 3677 20557 3472 3457 20558 3476 3460 20559 3477 3673 20560 3475 3458 20561 3471 3456 20562 3479 3464 20563 3476 3460 20564 3696 3461 20565 3477 3673 20566 3476 3460 20567 3480 3463 20568 3478 3462 20569 3476 3460 20570 3479 3464 20571 3481 3466 20572 3482 3465 20573 3479 3464 20574 3471 3456 20575 3469 3455 20576 3485 3467 20577 3480 3463 20578 3482 3465 20579 3486 3469 20580 3485 3467 20581 3483 3468 20582 3485 3467 20583 3486 3469 20584 3489 3471 20585 3485 3467 20586 3487 3472 20587 3478 3462 20588 3487 3472 20589 3488 3669 20590 3696 3461 20591 3490 3473 20592 3488 3669 20593 3487 3472 20594 3491 3474 20595 3492 3665 20596 3490 3473 20597 3494 3475 20598 3491 3474 20599 3489 3471 20600 3687 3476 20601 3492 3665 20602 3491 3474 20603 3494 3475 20604 3495 3479 20605 3493 3477 20606 3494 3475 20607 3496 3480 20608 3497 3478 20609 3494 3475 20610 3486 3469 20611 3484 3470 20612 3500 3481 20613 3495 3479 20614 3497 3478 20615 3500 3481 20616 3498 3482 20617 3499 3483 20618 3500 3481 20619 3501 3484 20620 3504 3485 20621 3500 3481 20622 3502 3486 20623 3493 3477 20624 3502 3486 20625 3503 3661 20626 3687 3476 20627 3505 3487 20628 3503 3661 20629 3502 3486 20630 3506 3488 20631 3507 3662 20632 3505 3487 20633 3509 3489 20634 3506 3488 20635 3504 3485 20636 3738 3490 20637 3507 3662 20638 3506 3488 20639 3508 3491 20640 3506 3488 20641 3509 3489 20642 3499 3483 20643 3511 3494 20644 3509 3489 20645 3512 3493 20646 3510 3492 20647 3509 3489 20648 3512 3493 20649 3513 3497 20650 3515 3495 20651 3514 3496 20652 3516 3499 20653 3515 3495 20654 3515 3495 20655 3517 3500 20656 3508 3491 20657 3519 3498 20658 3517 3500 20659 3515 3495 20660 3517 3500 20661 3518 3651 20662 3738 3490 20663 3520 3501 20664 3518 3651 20665 3517 3500 20666 3521 3502 20667 3522 3646 20668 3520 3501 20669 3524 3503 20670 3521 3502 20671 3519 3498 20672 3672 3504 20673 3522 3646 20674 3521 3502 20675 3523 3505 20676 3521 3502 20677 3524 3503 20678 3514 3496 20679 3526 3508 20680 3524 3503 20681 3527 3507 20682 3525 3506 20683 3524 3503 20684 3527 3507 20685 3528 3511 20686 3530 3509 20687 3529 3510 20688 3531 3513 20689 3530 3509 20690 3532 3512 20691 3523 3505 20692 3525 3506 20693 3531 3513 20694 3534 3515 20695 3532 3512 20696 3532 3512 20697 3533 3647 20698 3672 3504 20699 3535 3514 20700 3533 3647 20701 3532 3512 20702 3536 3516 20703 3537 3636 20704 3535 3514 20705 3536 3516 20706 3534 3515 20707 3531 3513 20708 3661 3518 20709 3537 3636 20710 3536 3516 20711 3540 3520 20712 3538 3519 20713 3536 3516 20714 3529 3510 20715 3541 3521 20716 3539 3517 20717 3541 3521 20718 3542 3737 20719 3540 3520 20720 3543 3522 20721 3545 3525 20722 3538 3519 20723 3547 3523 20724 3545 3525 20725 3543 3522 20726 3545 3525 20727 3546 3631 20728 3661 3518 20729 3548 3526 20730 3546 3631 20731 3545 3525 20732 3549 3527 20733 3550 3632 20734 3548 3526 20735 3552 3528 20736 3549 3527 20737 3547 3523 20738 3740 3529 20739 3550 3632 20740 3549 3527 20741 3551 3530 20742 3549 3527 20743 3552 3528 20744 3554 3532 20745 3556 3535 20746 3551 3530 20747 3558 3533 20748 3556 3535 20749 3554 3532 20750 3556 3535 20751 3557 3620 20752 3740 3529 20753 3559 3536 20754 3557 3620 20755 3556 3535 20756 3560 3537 20757 3561 3616 20758 3559 3536 20759 3563 3538 20760 3560 3537 20761 3558 3533 20762 3644 3539 20763 3561 3616 20764 3560 3537 20765 3562 3540 20766 3560 3537 20767 3563 3538 20768 3565 3542 20769 3567 3545 20770 3562 3540 20771 3569 3543 20772 3567 3545 20773 3565 3542 20774 3567 3545 20775 3568 3617 20776 3644 3539 20777 3570 3546 20778 3568 3617 20779 3567 3545 20780 3571 3547 20781 3572 3604 20782 3570 3546 20783 3574 3548 20784 3571 3547 20785 3569 3543 20786 3630 3549 20787 3572 3604 20788 3571 3547 20789 3573 3550 20790 3571 3547 20791 3574 3548 20792 3577 3552 20793 3578 3555 20794 3576 3553 20795 3576 3553 20796 3629 3602 20797 3573 3550 20798 3579 3554 20799 3580 3557 20800 3576 3553 20801 3579 3554 20802 3581 3559 20803 3583 3556 20804 3582 3558 20805 3584 3562 20806 3583 3556 20807 3583 3556 20808 3585 3563 20809 3586 3560 20810 3588 3561 20811 3585 3563 20812 3583 3556 20813 3585 3563 20814 3587 3596 20815 3627 3564 20816 3589 3565 20817 3587 3596 20818 3585 3563 20819 3590 3566 20820 3591 3597 20821 3589 3565 20822 3593 3567 20823 3590 3566 20824 3588 3561 20825 3612 3568 20826 3591 3597 20827 3590 3566 20828 3594 3570 20829 3592 3569 20830 3590 3566 20831 3582 3558 20832 3595 3572 20833 3593 3567 20834 3596 3571 20835 3594 3570 20836 3593 3567 20837 3596 3571 20838 3597 3575 20839 3599 3573 20840 3598 3574 20841 3600 3577 20842 3599 3573 20843 3599 3573 20844 3601 3578 20845 3592 3569 20846 3603 3576 20847 3601 3578 20848 3599 3573 20849 3601 3578 20850 3602 3585 20851 3612 3568 20852 3604 3150 20853 3602 3585 20854 3601 3578 20855 3605 3579 20856 3165 3147 20857 3604 3150 20858 3605 3579 20859 3603 3576 20860 3600 3577 20861 3162 3146 20862 3165 3147 20863 3605 3579 20864 3608 3582 20865 3606 3581 20866 3605 3579 20867 3609 3583 20868 3607 3580 20869 3600 3577 20870 3610 3584 20871 3608 3582 20872 3607 3580 20873 3123 3110 20874 3608 3582 20875 3610 3584 20876 3608 3582 20877 3123 3110 20878 3126 3109 20879 3126 3109 20880 3160 3143 20881 3162 3146 20882 3166 3149 20883 3613 3587 20884 3602 3585 20885 3602 3585 20886 3613 3587 20887 3614 3586 20888 3613 3587 20889 3615 3589 20890 3616 3588 20891 3168 3151 20892 3615 3589 20893 3613 3587 20894 3615 3589 20895 3188 3173 20896 3191 3174 20897 3170 3153 20898 3188 3173 20899 3615 3589 20900 3191 3174 20901 3193 3175 20902 3617 3590 20903 3616 3588 20904 3617 3590 20905 3618 3591 20906 3618 3591 20907 3617 3590 20908 3619 3592 20909 3617 3590 20910 3193 3175 20911 3620 3178 20912 3620 3178 20913 3204 3187 20914 3621 3594 20915 3619 3592 20916 3621 3594 20917 3623 3595 20918 3622 3593 20919 3623 3595 20920 3587 3596 20921 3591 3597 20922 3618 3591 20923 3622 3593 20924 3587 3596 20925 3623 3595 20926 3624 3598 20927 3623 3595 20928 3621 3594 20929 3625 3599 20930 3625 3599 20931 3742 3714 20932 3626 3600 20933 3624 3598 20934 3626 3600 20935 3628 3601 20936 3627 3564 20937 3628 3601 20938 3629 3602 20939 3629 3602 20940 3628 3601 20941 3630 3549 20942 3628 3601 20943 3626 3600 20944 3631 3603 20945 3631 3603 20946 3633 3606 20947 3572 3604 20948 3626 3600 20949 3742 3714 20950 3632 3605 20951 3632 3605 20952 3635 3609 20953 3633 3606 20954 3572 3604 20955 3633 3606 20956 3634 3607 20957 3633 3606 20958 3635 3609 20959 3636 3608 20960 3635 3609 20961 3219 3201 20962 3221 3202 20963 3741 3192 20964 3219 3201 20965 3635 3609 20966 3221 3202 20967 3223 3203 20968 3637 3610 20969 3636 3608 20970 3637 3610 20971 3638 3611 20972 3638 3611 20973 3637 3610 20974 3639 3612 20975 3637 3610 20976 3223 3203 20977 3640 3206 20978 3640 3206 20979 3234 3215 20980 3641 3614 20981 3639 3612 20982 3641 3614 20983 3643 3615 20984 3642 3613 20985 3643 3615 20986 3561 3616 20987 3568 3617 20988 3638 3611 20989 3642 3613 20990 3561 3616 20991 3643 3615 20992 3645 3618 20993 3643 3615 20994 3641 3614 20995 3646 3619 20996 3645 3618 20997 3647 3621 20998 3557 3620 20999 3646 3619 21000 3649 3624 21001 3647 3621 21002 3557 3620 21003 3647 3621 21004 3648 3622 21005 3647 3621 21006 3649 3624 21007 3650 3623 21008 3649 3624 21009 3238 3217 21010 3651 3220 21011 3236 3216 21012 3238 3217 21013 3649 3624 21014 3651 3220 21015 3249 3229 21016 3652 3625 21017 3650 3623 21018 3652 3625 21019 3653 3626 21020 3653 3626 21021 3652 3625 21022 3654 3627 21023 3652 3625 21024 3249 3229 21025 3251 3230 21026 3251 3230 21027 3253 3231 21028 3655 3629 21029 3654 3627 21030 3655 3629 21031 3657 3630 21032 3656 3628 21033 3657 3630 21034 3546 3631 21035 3550 3632 21036 3653 3626 21037 3656 3628 21038 3546 3631 21039 3657 3630 21040 3658 3633 21041 3657 3630 21042 3655 3629 21043 3659 3634 21044 3659 3634 21045 3663 3639 21046 3660 3635 21047 3658 3633 21048 3660 3635 21049 3537 3636 21050 3537 3636 21051 3660 3635 21052 3662 3637 21053 3660 3635 21054 3663 3639 21055 3664 3638 21056 3663 3639 21057 3264 3243 21058 3266 3244 21059 3739 3234 21060 3264 3243 21061 3663 3639 21062 3266 3244 21063 3268 3245 21064 3665 3640 21065 3664 3638 21066 3665 3640 21067 3666 3641 21068 3666 3641 21069 3665 3640 21070 3667 3642 21071 3665 3640 21072 3268 3245 21073 3668 3248 21074 3668 3248 21075 3279 3257 21076 3669 3644 21077 3667 3642 21078 3669 3644 21079 3671 3645 21080 3670 3643 21081 3671 3645 21082 3522 3646 21083 3533 3647 21084 3666 3641 21085 3670 3643 21086 3522 3646 21087 3671 3645 21088 3673 3648 21089 3671 3645 21090 3669 3644 21091 3674 3649 21092 3674 3649 21093 3677 3654 21094 3675 3650 21095 3673 3648 21096 3675 3650 21097 3518 3651 21098 3518 3651 21099 3675 3650 21100 3676 3652 21101 3675 3650 21102 3677 3654 21103 3678 3653 21104 3677 3654 21105 3283 3259 21106 3679 3262 21107 3281 3258 21108 3283 3259 21109 3677 3654 21110 3679 3262 21111 3294 3271 21112 3680 3655 21113 3678 3653 21114 3680 3655 21115 3681 3656 21116 3681 3656 21117 3680 3655 21118 3682 3657 21119 3680 3655 21120 3294 3271 21121 3296 3272 21122 3296 3272 21123 3298 3273 21124 3683 3659 21125 3682 3657 21126 3683 3659 21127 3685 3660 21128 3684 3658 21129 3685 3660 21130 3503 3661 21131 3507 3662 21132 3681 3656 21133 3684 3658 21134 3685 3660 21135 3683 3659 21136 3688 3663 21137 3503 3661 21138 3685 3660 21139 3686 3664 21140 3686 3664 21141 3689 3666 21142 3492 3665 21143 3688 3663 21144 3690 3713 21145 3689 3666 21146 3689 3666 21147 3690 3713 21148 3692 3667 21149 3492 3665 21150 3689 3666 21151 3691 3668 21152 3691 3668 21153 3693 3670 21154 3488 3669 21155 3692 3667 21156 3694 3712 21157 3693 3670 21158 3693 3670 21159 3694 3712 21160 3697 3671 21161 3488 3669 21162 3693 3670 21163 3695 3672 21164 3695 3672 21165 3698 3674 21166 3477 3673 21167 3697 3671 21168 3699 3711 21169 3698 3674 21170 3698 3674 21171 3699 3711 21172 3701 3675 21173 3477 3673 21174 3698 3674 21175 3700 3676 21176 3700 3676 21177 3702 3678 21178 3473 3677 21179 3701 3675 21180 3703 3710 21181 3702 3678 21182 3702 3678 21183 3703 3710 21184 3706 3679 21185 3473 3677 21186 3702 3678 21187 3704 3680 21188 3704 3680 21189 3707 3682 21190 3462 3681 21191 3706 3679 21192 3708 3709 21193 3707 3682 21194 3707 3682 21195 3708 3709 21196 3710 3683 21197 3462 3681 21198 3707 3682 21199 3709 3684 21200 3709 3684 21201 3711 3686 21202 3458 3685 21203 3710 3683 21204 3712 3708 21205 3711 3686 21206 3711 3686 21207 3712 3708 21208 3715 3687 21209 3458 3685 21210 3711 3686 21211 3713 3688 21212 3713 3688 21213 3716 3690 21214 3447 3689 21215 3715 3687 21216 3717 3707 21217 3716 3690 21218 3716 3690 21219 3717 3707 21220 3719 3691 21221 3447 3689 21222 3716 3690 21223 3718 3692 21224 3719 3691 21225 3721 3706 21226 3720 3693 21227 3718 3692 21228 3720 3693 21229 3443 3694 21230 3720 3693 21231 3721 3706 21232 3724 3695 21233 3443 3694 21234 3720 3693 21235 3722 3696 21236 3722 3696 21237 3725 3698 21238 3432 3697 21239 3724 3695 21240 3726 3705 21241 3725 3698 21242 3725 3698 21243 3726 3705 21244 3728 3699 21245 3432 3697 21246 3725 3698 21247 3727 3700 21248 3727 3700 21249 3729 3702 21250 3428 3701 21251 3728 3699 21252 3730 3703 21253 3729 3702 21254 3729 3702 21255 3730 3703 21256 3731 3402 21257 3428 3701 21258 3729 3702 21259 3414 3403 21260 3730 3703 21261 3368 3353 21262 3732 3356 21263 3366 3352 21264 3368 3353 21265 3730 3703 21266 3732 3356 21267 3378 3367 21268 3413 3704 21269 3726 3705 21270 3364 3351 21271 3366 3352 21272 3733 3340 21273 3364 3351 21274 3726 3705 21275 3721 3706 21276 3354 3337 21277 3733 3340 21278 3352 3336 21279 3354 3337 21280 3721 3706 21281 3717 3707 21282 3350 3335 21283 3352 3336 21284 3734 3324 21285 3350 3335 21286 3717 3707 21287 3712 3708 21288 3340 3321 21289 3734 3324 21290 3338 3320 21291 3340 3321 21292 3712 3708 21293 3708 3709 21294 3336 3319 21295 3338 3320 21296 3735 3308 21297 3336 3319 21298 3708 3709 21299 3703 3710 21300 3326 3305 21301 3735 3308 21302 3324 3304 21303 3326 3305 21304 3703 3710 21305 3699 3711 21306 3322 3303 21307 3324 3304 21308 3736 3292 21309 3322 3303 21310 3699 3711 21311 3694 3712 21312 3312 3289 21313 3736 3292 21314 3310 3288 21315 3312 3289 21316 3694 3712 21317 3690 3713 21318 3308 3287 21319 3310 3288 21320 3737 3276 21321 3308 3287 21322 3690 3713 21323 3683 3659 21324 3298 3273 21325 3737 3276 21326 3676 3652 21327 3681 3656 21328 3507 3662 21329 3669 3644 21330 3279 3257 21331 3281 3258 21332 3662 3637 21333 3666 3641 21334 3533 3647 21335 3655 3629 21336 3253 3231 21337 3739 3234 21338 3648 3622 21339 3653 3626 21340 3550 3632 21341 3641 3614 21342 3234 3215 21343 3236 3216 21344 3634 3607 21345 3638 3611 21346 3568 3617 21347 3742 3714 21348 3208 3189 21349 3741 3192 21350 3206 3188 21351 3208 3189 21352 3742 3714 21353 3586 3560 21354 3629 3602 21355 3576 3553 21356 3621 3594 21357 3204 3187 21358 3206 3188 21359 3614 3586 21360 3618 3591 21361 3591 3597 21362 3413 3704 21363 3378 3367 21364 3380 3368 21365</p>
        </triangles>
        <triangles material="red-material" count="12">
          <input semantic="VERTEX" source="#Cylinder_055-mesh-vertices" offset="0"/>
          <input semantic="NORMAL" source="#Cylinder_055-mesh-normals" offset="1"/>
          <input semantic="TEXCOORD" source="#Cylinder_055-mesh-map-0" offset="2" set="0"/>
          <p>364 358 993 360 358 994 361 358 995 362 359 996 361 359 997 360 359 998 365 360 999 360 360 1000 363 360 1001 364 361 1002 365 361 1003 363 361 1004 367 362 1005 365 362 1006 366 362 1007 367 363 1008 364 363 1009 361 363 1010 364 3717 11601 363 3717 11602 360 3717 11603 362 359 11604 367 359 11605 361 359 11606 365 3718 11607 362 3718 11608 360 3718 11609 364 3719 11610 366 3719 11611 365 3719 11612 367 362 11613 362 362 11614 365 362 11615 367 3720 11616 366 3720 11617 364 3720 11618</p>
        </triangles>
        <triangles material="black_g-material" count="1920">
          <input semantic="VERTEX" source="#Cylinder_055-mesh-vertices" offset="0"/>
          <input semantic="NORMAL" source="#Cylinder_055-mesh-normals" offset="1"/>
          <input semantic="TEXCOORD" source="#Cylinder_055-mesh-map-0" offset="2" set="0"/>
          <p>372 364 1011 368 365 1012 371 366 1013 373 367 1014 368 365 1015 370 368 1016 376 369 1017 371 366 1018 374 370 1019 371 366 1020 377 371 1021 374 370 1022 374 370 1023 378 372 1024 375 373 1025 594 374 1026 374 370 1027 375 373 1028 378 372 1029 379 375 1030 380 376 1031 377 371 1032 382 377 1033 379 375 1034 379 375 1035 1358 378 1036 380 376 1037 382 377 1038 381 379 1039 379 375 1040 384 380 1041 383 381 1042 385 382 1043 373 367 1044 383 381 1045 382 377 1046 384 380 1047 387 383 1048 386 384 1049 381 379 1050 386 384 1051 389 385 1052 388 386 1053 387 383 1054 1391 387 1055 386 384 1056 391 388 1057 389 385 1058 389 385 1059 392 389 1060 390 390 1061 1358 378 1062 389 385 1063 390 390 1064 392 389 1065 393 391 1066 394 392 1067 391 388 1068 396 393 1069 393 391 1070 393 391 1071 1312 394 1072 394 392 1073 396 393 1074 395 395 1075 393 391 1076 398 396 1077 397 397 1078 399 398 1079 388 386 1080 397 397 1081 396 393 1082 398 396 1083 401 399 1084 400 400 1085 395 395 1086 400 400 1087 403 401 1088 402 402 1089 401 399 1090 1390 403 1091 400 400 1092 405 404 1093 403 401 1094 403 401 1095 406 405 1096 404 406 1097 1312 394 1098 403 401 1099 404 406 1100 406 405 1101 407 407 1102 408 408 1103 405 404 1104 410 409 1105 407 407 1106 407 407 1107 1278 410 1108 408 408 1109 410 409 1110 409 411 1111 407 407 1112 412 412 1113 411 413 1114 413 414 1115 402 402 1116 411 413 1117 410 409 1118 412 412 1119 415 415 1120 414 416 1121 409 411 1122 414 416 1123 417 417 1124 416 418 1125 415 415 1126 1389 419 1127 414 416 1128 419 420 1129 417 417 1130 1278 410 1131 417 417 1132 418 421 1133 417 417 1134 420 422 1135 418 421 1136 420 422 1137 421 423 1138 422 424 1139 419 420 1140 424 425 1141 421 423 1142 421 423 1143 1359 426 1144 422 424 1145 424 425 1146 423 427 1147 421 423 1148 426 428 1149 425 429 1150 427 430 1151 416 418 1152 425 429 1153 424 425 1154 426 428 1155 429 431 1156 428 432 1157 423 427 1158 428 432 1159 431 433 1160 430 434 1161 429 431 1162 1388 435 1163 428 432 1164 433 436 1165 431 433 1166 431 433 1167 434 437 1168 432 438 1169 1359 426 1170 431 433 1171 432 438 1172 434 437 1173 435 439 1174 436 440 1175 433 436 1176 438 441 1177 435 439 1178 435 439 1179 1238 442 1180 436 440 1181 438 441 1182 437 443 1183 435 439 1184 440 444 1185 439 445 1186 441 446 1187 430 434 1188 439 445 1189 438 441 1190 440 444 1191 443 447 1192 442 448 1193 437 443 1194 442 448 1195 445 449 1196 444 450 1197 443 447 1198 1387 451 1199 442 448 1200 447 452 1201 445 449 1202 445 449 1203 448 453 1204 446 454 1205 1238 442 1206 445 449 1207 446 454 1208 448 453 1209 449 455 1210 450 456 1211 447 452 1212 452 457 1213 449 455 1214 449 455 1215 1204 458 1216 450 456 1217 452 457 1218 451 459 1219 449 455 1220 454 460 1221 453 461 1222 455 462 1223 444 450 1224 453 461 1225 452 457 1226 454 460 1227 457 463 1228 456 464 1229 451 459 1230 456 464 1231 459 465 1232 458 466 1233 457 463 1234 1386 467 1235 456 464 1236 461 468 1237 459 465 1238 459 465 1239 462 469 1240 460 470 1241 1204 458 1242 459 465 1243 460 470 1244 462 469 1245 463 471 1246 464 472 1247 461 468 1248 466 473 1249 463 471 1250 463 471 1251 1360 474 1252 464 472 1253 466 473 1254 465 475 1255 463 471 1256 468 476 1257 467 477 1258 469 478 1259 458 466 1260 467 477 1261 466 473 1262 468 476 1263 471 479 1264 470 480 1265 465 475 1266 470 480 1267 473 481 1268 472 482 1269 471 479 1270 1385 483 1271 470 480 1272 475 484 1273 473 481 1274 473 481 1275 476 485 1276 474 486 1277 1360 474 1278 473 481 1279 474 486 1280 476 485 1281 477 487 1282 478 488 1283 475 484 1284 480 489 1285 477 487 1286 477 487 1287 1164 490 1288 478 488 1289 480 489 1290 479 491 1291 477 487 1292 482 492 1293 481 493 1294 483 494 1295 472 482 1296 481 493 1297 480 489 1298 482 492 1299 485 495 1300 484 496 1301 479 491 1302 484 496 1303 487 497 1304 486 498 1305 485 495 1306 1384 499 1307 484 496 1308 489 500 1309 487 497 1310 487 497 1311 490 501 1312 488 502 1313 1164 490 1314 487 497 1315 488 502 1316 490 501 1317 491 503 1318 492 504 1319 489 500 1320 494 505 1321 491 503 1322 491 503 1323 1130 506 1324 492 504 1325 494 505 1326 493 507 1327 491 503 1328 496 508 1329 495 509 1330 497 510 1331 486 498 1332 495 509 1333 494 505 1334 496 508 1335 499 511 1336 498 512 1337 493 507 1338 498 512 1339 501 513 1340 500 514 1341 499 511 1342 1383 515 1343 498 512 1344 503 516 1345 501 513 1346 501 513 1347 504 517 1348 502 518 1349 1130 506 1350 501 513 1351 502 518 1352 504 517 1353 505 519 1354 506 520 1355 503 516 1356 508 521 1357 505 519 1358 505 519 1359 1361 522 1360 506 520 1361 508 521 1362 507 523 1363 505 519 1364 510 524 1365 509 525 1366 511 526 1367 500 514 1368 509 525 1369 508 521 1370 510 524 1371 513 527 1372 512 528 1373 507 523 1374 512 528 1375 515 529 1376 514 530 1377 513 527 1378 1382 531 1379 512 528 1380 517 532 1381 515 529 1382 1361 522 1383 515 529 1384 516 533 1385 515 529 1386 518 534 1387 516 533 1388 518 534 1389 519 535 1390 520 536 1391 517 532 1392 522 537 1393 519 535 1394 519 535 1395 1081 538 1396 520 536 1397 522 537 1398 521 539 1399 519 535 1400 524 540 1401 523 541 1402 525 542 1403 514 530 1404 523 541 1405 522 537 1406 524 540 1407 527 543 1408 526 544 1409 521 539 1410 526 544 1411 529 545 1412 528 546 1413 527 543 1414 1381 547 1415 526 544 1416 531 548 1417 529 545 1418 529 545 1419 532 549 1420 530 550 1421 1081 538 1422 529 545 1423 530 550 1424 532 549 1425 533 551 1426 534 552 1427 531 548 1428 536 553 1429 533 551 1430 533 551 1431 1362 554 1432 534 552 1433 536 553 1434 535 555 1435 533 551 1436 538 556 1437 537 557 1438 539 558 1439 528 546 1440 537 557 1441 536 553 1442 538 556 1443 541 559 1444 540 560 1445 535 555 1446 540 560 1447 543 561 1448 542 562 1449 541 559 1450 1380 563 1451 540 560 1452 545 564 1453 543 561 1454 543 561 1455 546 565 1456 544 566 1457 1362 554 1458 543 561 1459 544 566 1460 546 565 1461 547 567 1462 548 568 1463 545 564 1464 550 569 1465 547 567 1466 547 567 1467 1041 570 1468 548 568 1469 550 569 1470 549 571 1471 547 567 1472 542 562 1473 551 572 1474 550 569 1475 552 573 1476 551 572 1477 553 574 1478 552 573 1479 555 575 1480 554 576 1481 549 571 1482 554 576 1483 557 577 1484 556 578 1485 555 575 1486 1379 579 1487 554 576 1488 559 580 1489 557 577 1490 557 577 1491 560 581 1492 558 582 1493 1041 570 1494 557 577 1495 558 582 1496 560 581 1497 561 583 1498 562 584 1499 559 580 1500 564 585 1501 561 583 1502 561 583 1503 1007 586 1504 562 584 1505 564 585 1506 563 587 1507 561 583 1508 566 588 1509 565 589 1510 567 590 1511 556 578 1512 565 589 1513 564 585 1514 566 588 1515 569 591 1516 568 592 1517 563 587 1518 568 592 1519 571 593 1520 570 594 1521 569 591 1522 1378 595 1523 568 592 1524 573 596 1525 571 593 1526 571 593 1527 574 597 1528 572 598 1529 1007 586 1530 571 593 1531 572 598 1532 574 597 1533 575 599 1534 576 600 1535 573 596 1536 578 601 1537 575 599 1538 575 599 1539 1363 602 1540 576 600 1541 578 601 1542 577 603 1543 575 599 1544 580 604 1545 579 605 1546 581 606 1547 570 594 1548 579 605 1549 578 601 1550 580 604 1551 583 607 1552 582 608 1553 577 603 1554 582 608 1555 585 609 1556 584 610 1557 583 607 1558 593 611 1559 582 608 1560 587 612 1561 585 609 1562 585 609 1563 588 613 1564 586 614 1565 1363 602 1566 585 609 1567 586 614 1568 588 613 1569 589 615 1570 590 616 1571 587 612 1572 591 617 1573 589 615 1574 589 615 1575 594 374 1576 590 616 1577 591 617 1578 376 369 1579 589 615 1580 584 610 1581 592 618 1582 591 617 1583 372 364 1584 592 618 1585 369 619 1586 590 616 1587 596 620 1588 595 621 1589 598 622 1590 590 616 1591 595 621 1592 595 621 1593 1352 623 1594 597 624 1595 600 625 1596 595 621 1597 597 624 1598 586 614 1599 598 622 1600 599 626 1601 599 626 1602 600 625 1603 601 627 1604 601 627 1605 602 628 1606 603 629 1607 602 628 1608 597 624 1609 605 630 1610 603 629 1611 604 631 1612 997 632 1613 604 631 1614 605 630 1615 607 633 1616 597 624 1617 606 634 1618 605 630 1619 605 630 1620 608 635 1621 607 633 1622 611 636 1623 607 633 1624 608 635 1625 612 637 1626 607 633 1627 609 638 1628 610 639 1629 612 637 1630 609 638 1631 611 636 1632 610 639 1633 609 638 1634 612 637 1635 615 640 1636 613 641 1637 613 641 1638 604 631 1639 612 637 1640 614 642 1641 617 643 1642 615 640 1643 619 644 1644 614 642 1645 610 639 1646 616 645 1647 985 646 1648 617 643 1649 621 647 1650 616 645 1651 619 644 1652 1357 648 1653 619 644 1654 610 639 1655 620 649 1656 621 647 1657 619 644 1658 622 650 1659 623 651 1660 621 647 1661 623 651 1662 618 652 1663 621 647 1664 624 653 1665 625 654 1666 623 651 1667 625 654 1668 626 655 1669 623 651 1670 618 652 1671 627 656 1672 985 646 1673 626 655 1674 629 657 1675 627 656 1676 628 658 1677 633 659 1678 629 657 1679 628 658 1680 631 660 1681 630 661 1682 630 661 1683 848 662 1684 632 663 1685 630 661 1686 634 664 1687 633 659 1688 635 665 1689 634 664 1690 636 666 1691 638 667 1692 633 659 1693 635 665 1694 635 665 1695 1377 668 1696 637 669 1697 638 667 1698 637 669 1699 640 670 1700 629 657 1701 639 671 1702 627 656 1703 639 671 1704 640 670 1705 641 672 1706 640 670 1707 643 673 1708 641 672 1709 642 674 1710 637 669 1711 645 675 1712 643 673 1713 644 676 1714 977 677 1715 642 674 1716 647 678 1717 644 676 1718 645 675 1719 1377 668 1720 646 679 1721 645 675 1722 648 680 1723 647 678 1724 649 681 1725 648 680 1726 650 682 1727 652 683 1728 647 678 1729 649 681 1730 649 681 1731 1376 684 1732 651 685 1733 652 683 1734 651 685 1735 654 686 1736 644 676 1737 653 687 1738 977 677 1739 653 687 1740 654 686 1741 655 688 1742 654 686 1743 657 689 1744 655 688 1745 656 690 1746 651 685 1747 659 691 1748 657 689 1749 658 692 1750 968 693 1751 656 690 1752 661 694 1753 658 692 1754 659 691 1755 1376 684 1756 660 695 1757 659 691 1758 662 696 1759 661 694 1760 663 697 1761 662 696 1762 664 698 1763 666 699 1764 661 694 1765 663 697 1766 663 697 1767 1375 700 1768 665 701 1769 666 699 1770 665 701 1771 668 702 1772 658 692 1773 667 703 1774 968 693 1775 667 703 1776 668 702 1777 669 704 1778 668 702 1779 671 705 1780 669 704 1781 670 706 1782 665 701 1783 673 707 1784 671 705 1785 672 708 1786 959 709 1787 670 706 1788 675 710 1789 672 708 1790 673 707 1791 1375 700 1792 674 711 1793 673 707 1794 676 712 1795 675 710 1796 677 713 1797 676 712 1798 678 714 1799 680 715 1800 675 710 1801 677 713 1802 677 713 1803 1374 716 1804 679 717 1805 680 715 1806 679 717 1807 682 718 1808 672 708 1809 681 719 1810 959 709 1811 681 719 1812 682 718 1813 683 720 1814 682 718 1815 685 721 1816 683 720 1817 684 722 1818 679 717 1819 687 723 1820 685 721 1821 686 724 1822 950 725 1823 684 722 1824 689 726 1825 686 724 1826 687 723 1827 1374 716 1828 688 727 1829 687 723 1830 690 728 1831 689 726 1832 691 729 1833 690 728 1834 692 730 1835 694 731 1836 689 726 1837 691 729 1838 691 729 1839 1373 732 1840 693 733 1841 694 731 1842 693 733 1843 696 734 1844 686 724 1845 695 735 1846 950 725 1847 695 735 1848 696 734 1849 697 736 1850 696 734 1851 699 737 1852 697 736 1853 698 738 1854 693 733 1855 701 739 1856 699 737 1857 700 740 1858 943 741 1859 703 742 1860 698 738 1861 701 739 1862 701 739 1863 1373 732 1864 702 743 1865 701 739 1866 704 744 1867 703 742 1868 705 745 1869 704 744 1870 706 746 1871 708 747 1872 703 742 1873 705 745 1874 705 745 1875 1372 748 1876 707 749 1877 708 747 1878 707 749 1879 710 750 1880 700 740 1881 709 751 1882 943 741 1883 709 751 1884 710 750 1885 711 752 1886 710 750 1887 713 753 1888 711 752 1889 712 754 1890 707 749 1891 715 755 1892 713 753 1893 714 756 1894 932 757 1895 712 754 1896 717 758 1897 714 756 1898 715 755 1899 1372 748 1900 716 759 1901 715 755 1902 718 760 1903 717 758 1904 719 761 1905 718 760 1906 720 762 1907 722 763 1908 717 758 1909 719 761 1910 719 761 1911 1371 764 1912 721 765 1913 722 763 1914 721 765 1915 724 766 1916 714 756 1917 723 767 1918 932 757 1919 723 767 1920 724 766 1921 725 768 1922 724 766 1923 727 769 1924 725 768 1925 726 770 1926 721 765 1927 729 771 1928 727 769 1929 728 772 1930 923 773 1931 726 770 1932 731 774 1933 728 772 1934 729 771 1935 1371 764 1936 730 775 1937 729 771 1938 732 776 1939 731 774 1940 733 777 1941 732 776 1942 734 778 1943 736 779 1944 731 774 1945 733 777 1946 733 777 1947 1370 780 1948 735 781 1949 736 779 1950 735 781 1951 738 782 1952 728 772 1953 737 783 1954 923 773 1955 737 783 1956 738 782 1957 739 784 1958 738 782 1959 741 785 1960 739 784 1961 740 786 1962 735 781 1963 743 787 1964 741 785 1965 742 788 1966 914 789 1967 740 786 1968 745 790 1969 742 788 1970 743 787 1971 1370 780 1972 744 791 1973 743 787 1974 746 792 1975 745 790 1976 747 793 1977 746 792 1978 748 794 1979 750 795 1980 745 790 1981 747 793 1982 747 793 1983 1369 796 1984 749 797 1985 750 795 1986 749 797 1987 752 798 1988 742 788 1989 751 799 1990 914 789 1991 751 799 1992 752 798 1993 753 800 1994 752 798 1995 755 801 1996 753 800 1997 754 802 1998 749 797 1999 757 803 2000 755 801 2001 756 804 2002 905 805 2003 754 802 2004 759 806 2005 756 804 2006 757 803 2007 1369 796 2008 758 807 2009 757 803 2010 760 808 2011 759 806 2012 761 809 2013 760 808 2014 762 810 2015 764 811 2016 759 806 2017 761 809 2018 761 809 2019 1368 812 2020 763 813 2021 764 811 2022 763 813 2023 766 814 2024 756 804 2025 765 815 2026 905 805 2027 765 815 2028 766 814 2029 767 816 2030 766 814 2031 769 817 2032 767 816 2033 768 818 2034 763 813 2035 771 819 2036 769 817 2037 770 820 2038 896 821 2039 768 818 2040 773 822 2041 770 820 2042 771 819 2043 1368 812 2044 772 823 2045 771 819 2046 774 824 2047 773 822 2048 775 825 2049 774 824 2050 776 826 2051 778 827 2052 773 822 2053 775 825 2054 775 825 2055 1367 828 2056 777 829 2057 778 827 2058 777 829 2059 780 830 2060 770 820 2061 779 831 2062 896 821 2063 779 831 2064 780 830 2065 781 832 2066 780 830 2067 783 833 2068 781 832 2069 782 834 2070 777 829 2071 785 835 2072 783 833 2073 784 836 2074 887 837 2075 782 834 2076 787 838 2077 784 836 2078 785 835 2079 1367 828 2080 786 839 2081 785 835 2082 788 840 2083 787 838 2084 789 841 2085 788 840 2086 790 842 2087 792 843 2088 787 838 2089 789 841 2090 789 841 2091 1366 844 2092 791 845 2093 792 843 2094 791 845 2095 794 846 2096 784 836 2097 793 847 2098 887 837 2099 793 847 2100 794 846 2101 795 848 2102 794 846 2103 797 849 2104 795 848 2105 796 850 2106 791 845 2107 799 851 2108 797 849 2109 798 852 2110 880 853 2111 801 854 2112 796 850 2113 799 851 2114 799 851 2115 1366 844 2116 800 855 2117 799 851 2118 802 856 2119 801 854 2120 803 857 2121 802 856 2122 804 858 2123 806 859 2124 801 854 2125 803 857 2126 803 857 2127 1365 860 2128 805 861 2129 806 859 2130 805 861 2131 808 862 2132 798 852 2133 807 863 2134 880 853 2135 807 863 2136 808 862 2137 809 864 2138 808 862 2139 811 865 2140 809 864 2141 810 866 2142 805 861 2143 813 867 2144 811 865 2145 812 868 2146 869 869 2147 810 866 2148 815 870 2149 812 868 2150 813 867 2151 1365 860 2152 814 871 2153 813 867 2154 816 872 2155 815 870 2156 817 873 2157 816 872 2158 818 874 2159 820 875 2160 815 870 2161 817 873 2162 817 873 2163 1364 876 2164 819 877 2165 820 875 2166 819 877 2167 822 878 2168 812 868 2169 821 879 2170 869 869 2171 821 879 2172 822 878 2173 823 880 2174 822 878 2175 825 881 2176 823 880 2177 824 882 2178 819 877 2179 827 883 2180 825 881 2181 826 884 2182 860 885 2183 824 882 2184 829 886 2185 826 884 2186 827 883 2187 1364 876 2188 828 887 2189 827 883 2190 830 888 2191 829 886 2192 831 889 2193 830 888 2194 832 890 2195 834 891 2196 829 886 2197 831 889 2198 831 889 2199 849 892 2200 833 893 2201 834 891 2202 833 893 2203 836 894 2204 826 884 2205 835 895 2206 860 885 2207 835 895 2208 836 894 2209 837 896 2210 836 894 2211 839 897 2212 837 896 2213 838 898 2214 833 893 2215 841 899 2216 839 897 2217 840 900 2218 850 901 2219 838 898 2220 843 902 2221 840 900 2222 841 899 2223 849 892 2224 842 903 2225 841 899 2226 844 904 2227 843 902 2228 845 905 2229 844 904 2230 846 906 2231 847 907 2232 843 902 2233 845 905 2234 845 905 2235 848 662 2236 631 660 2237 631 660 2238 847 907 2239 845 905 2240 840 900 2241 624 653 2242 850 901 2243 850 901 2244 622 650 2245 851 908 2246 853 909 2247 850 901 2248 851 908 2249 851 908 2250 620 649 2251 852 910 2252 854 911 2253 851 908 2254 852 910 2255 855 912 2256 854 911 2257 856 913 2258 837 896 2259 853 909 2260 855 912 2261 857 914 2262 837 896 2263 855 912 2264 858 915 2265 855 912 2266 856 913 2267 859 916 2268 858 915 2269 861 917 2270 860 885 2271 857 914 2272 859 916 2273 862 918 2274 860 885 2275 859 916 2276 863 919 2277 859 916 2278 861 917 2279 864 920 2280 863 919 2281 865 921 2282 823 880 2283 862 918 2284 864 920 2285 866 922 2286 823 880 2287 864 920 2288 867 923 2289 864 920 2290 865 921 2291 868 924 2292 867 923 2293 870 925 2294 869 869 2295 866 922 2296 868 924 2297 871 926 2298 869 869 2299 868 924 2300 872 927 2301 868 924 2302 870 925 2303 873 928 2304 872 927 2305 874 929 2306 809 864 2307 871 926 2308 873 928 2309 875 930 2310 809 864 2311 873 928 2312 876 931 2313 873 928 2314 874 929 2315 877 932 2316 876 931 2317 878 933 2318 880 853 2319 875 930 2320 877 932 2321 881 934 2322 877 932 2323 878 933 2324 879 935 2325 880 853 2326 877 932 2327 882 936 2328 881 934 2329 883 937 2330 795 848 2331 879 935 2332 882 936 2333 884 938 2334 795 848 2335 882 936 2336 885 939 2337 882 936 2338 883 937 2339 886 940 2340 885 939 2341 888 941 2342 887 837 2343 884 938 2344 886 940 2345 889 942 2346 887 837 2347 886 940 2348 890 943 2349 886 940 2350 888 941 2351 891 944 2352 890 943 2353 892 945 2354 781 832 2355 889 942 2356 891 944 2357 893 946 2358 781 832 2359 891 944 2360 894 947 2361 891 944 2362 892 945 2363 895 948 2364 894 947 2365 897 949 2366 896 821 2367 893 946 2368 895 948 2369 898 950 2370 896 821 2371 895 948 2372 899 951 2373 895 948 2374 897 949 2375 900 952 2376 899 951 2377 901 953 2378 767 816 2379 898 950 2380 900 952 2381 902 954 2382 767 816 2383 900 952 2384 903 955 2385 900 952 2386 901 953 2387 904 956 2388 903 955 2389 906 957 2390 905 805 2391 902 954 2392 904 956 2393 907 958 2394 905 805 2395 904 956 2396 908 959 2397 904 956 2398 906 957 2399 909 960 2400 908 959 2401 910 961 2402 753 800 2403 907 958 2404 909 960 2405 911 962 2406 753 800 2407 909 960 2408 912 963 2409 909 960 2410 910 961 2411 913 964 2412 912 963 2413 915 965 2414 914 789 2415 911 962 2416 913 964 2417 916 966 2418 914 789 2419 913 964 2420 917 967 2421 913 964 2422 915 965 2423 918 968 2424 917 967 2425 919 969 2426 739 784 2427 916 966 2428 918 968 2429 920 970 2430 739 784 2431 918 968 2432 921 971 2433 918 968 2434 919 969 2435 922 972 2436 921 971 2437 924 973 2438 923 773 2439 920 970 2440 922 972 2441 925 974 2442 923 773 2443 922 972 2444 926 975 2445 922 972 2446 924 973 2447 927 976 2448 926 975 2449 928 977 2450 725 768 2451 925 974 2452 927 976 2453 929 978 2454 725 768 2455 927 976 2456 930 979 2457 927 976 2458 928 977 2459 931 980 2460 930 979 2461 933 981 2462 932 757 2463 929 978 2464 931 980 2465 934 982 2466 932 757 2467 931 980 2468 935 983 2469 931 980 2470 933 981 2471 936 984 2472 935 983 2473 937 985 2474 711 752 2475 934 982 2476 936 984 2477 938 986 2478 711 752 2479 936 984 2480 939 987 2481 936 984 2482 937 985 2483 940 988 2484 939 987 2485 941 989 2486 943 741 2487 938 986 2488 940 988 2489 944 990 2490 940 988 2491 941 989 2492 942 991 2493 943 741 2494 940 988 2495 945 992 2496 944 990 2497 946 993 2498 697 736 2499 942 991 2500 945 992 2501 947 994 2502 697 736 2503 945 992 2504 948 995 2505 945 992 2506 946 993 2507 949 996 2508 948 995 2509 951 997 2510 950 725 2511 947 994 2512 949 996 2513 952 998 2514 950 725 2515 949 996 2516 953 999 2517 949 996 2518 951 997 2519 954 1000 2520 953 999 2521 955 1001 2522 683 720 2523 952 998 2524 954 1000 2525 956 1002 2526 683 720 2527 954 1000 2528 957 1003 2529 954 1000 2530 955 1001 2531 958 1004 2532 957 1003 2533 960 1005 2534 959 709 2535 956 1002 2536 958 1004 2537 961 1006 2538 959 709 2539 958 1004 2540 962 1007 2541 958 1004 2542 960 1005 2543 963 1008 2544 962 1007 2545 964 1009 2546 669 704 2547 961 1006 2548 963 1008 2549 965 1010 2550 669 704 2551 963 1008 2552 966 1011 2553 963 1008 2554 964 1009 2555 967 1012 2556 966 1011 2557 969 1013 2558 968 693 2559 965 1010 2560 967 1012 2561 970 1014 2562 968 693 2563 967 1012 2564 971 1015 2565 967 1012 2566 969 1013 2567 972 1016 2568 971 1015 2569 973 1017 2570 655 688 2571 970 1014 2572 972 1016 2573 974 1018 2574 655 688 2575 972 1016 2576 975 1019 2577 972 1016 2578 973 1017 2579 976 1020 2580 975 1019 2581 978 1021 2582 977 677 2583 974 1018 2584 976 1020 2585 979 1022 2586 977 677 2587 976 1020 2588 980 1023 2589 976 1020 2590 978 1021 2591 981 1024 2592 980 1023 2593 982 1025 2594 641 672 2595 979 1022 2596 981 1024 2597 983 1026 2598 641 672 2599 981 1024 2600 984 1027 2601 981 1024 2602 982 1025 2603 985 646 2604 984 1027 2605 617 643 2606 627 656 2607 983 1026 2608 985 646 2609 617 643 2610 986 1028 2611 615 640 2612 986 1028 2613 982 1025 2614 988 1029 2615 615 640 2616 987 1030 2617 613 641 2618 987 1030 2619 988 1029 2620 990 1031 2621 982 1025 2622 989 1032 2623 988 1029 2624 988 1029 2625 991 1033 2626 990 1031 2627 991 1033 2628 992 1034 2629 990 1031 2630 990 1031 2631 995 1035 2632 987 1030 2633 993 1036 2634 995 1035 2635 992 1034 2636 994 1037 2637 993 1036 2638 992 1034 2639 997 632 2640 996 1038 2641 603 629 2642 987 1030 2643 997 632 2644 613 641 2645 996 1038 2646 601 627 2647 603 629 2648 1000 1039 2649 996 1038 2650 993 1036 2651 998 1040 2652 599 626 2653 601 627 2654 1002 1041 2655 998 1040 2656 1000 1039 2657 1016 1042 2658 1000 1039 2659 993 1036 2660 1001 1043 2661 1002 1041 2662 1000 1039 2663 1003 1044 2664 576 600 2665 1002 1041 2666 576 600 2667 999 1045 2668 1002 1041 2669 572 598 2670 1003 1044 2671 1004 1046 2672 1004 1046 2673 1001 1043 2674 1005 1047 2675 1009 1048 2676 1004 1046 2677 1005 1047 2678 1006 1049 2679 572 598 2680 1004 1046 2681 562 584 2682 1006 1049 2683 1008 1050 2684 1008 1050 2685 1009 1048 2686 1010 1051 2687 1010 1051 2688 1011 1052 2689 1012 1053 2690 1011 1052 2691 1005 1047 2692 1014 1054 2693 1012 1053 2694 1013 1055 2695 1034 1056 2696 1013 1055 2697 1014 1054 2698 1015 1057 2699 1014 1054 2700 994 1037 2701 1015 1057 2702 1005 1047 2703 1016 1042 2704 1014 1054 2705 1017 1058 2706 1013 1055 2707 1015 1057 2708 1017 1058 2709 994 1037 2710 991 1033 2711 991 1033 2712 1018 1059 2713 1017 1058 2714 1018 1059 2715 1019 1060 2716 1017 1058 2717 1019 1060 2718 1022 1061 2719 1020 1062 2720 1020 1062 2721 1013 1055 2722 1019 1060 2723 1021 1063 2724 973 1017 2725 1022 1061 2726 978 1021 2727 1021 1063 2728 1018 1059 2729 973 1017 2730 1023 1064 2731 1022 1061 2732 1022 1061 2733 1024 1065 2734 1020 1062 2735 1024 1065 2736 1025 1066 2737 1027 1067 2738 1023 1064 2739 969 1013 2740 1025 1066 2741 969 1013 2742 1026 1068 2743 1025 1066 2744 1025 1066 2745 1028 1069 2746 1027 1067 2747 1028 1069 2748 1029 1070 2749 1027 1067 2750 1027 1067 2751 1032 1071 2752 1024 1065 2753 1030 1072 2754 1032 1071 2755 1029 1070 2756 1031 1073 2757 1030 1072 2758 1029 1070 2759 1032 1071 2760 1012 1053 2761 1034 1056 2762 1024 1065 2763 1034 1056 2764 1020 1062 2765 1033 1074 2766 1010 1051 2767 1012 1053 2768 1037 1075 2769 1033 1074 2770 1030 1072 2771 1035 1076 2772 1008 1050 2773 1010 1051 2774 1039 1077 2775 1035 1076 2776 1037 1075 2777 1053 1078 2778 1037 1075 2779 1030 1072 2780 1038 1079 2781 1039 1077 2782 1037 1075 2783 1040 1080 2784 558 582 2785 1039 1077 2786 558 582 2787 1036 1081 2788 1039 1077 2789 548 568 2790 1040 1080 2791 1042 1082 2792 1042 1082 2793 1038 1079 2794 1043 1083 2795 1046 1084 2796 1042 1082 2797 1043 1083 2798 1044 1085 2799 548 568 2800 1042 1082 2801 544 566 2802 1044 1085 2803 1045 1086 2804 1045 1086 2805 1046 1084 2806 1047 1087 2807 1047 1087 2808 1048 1088 2809 1049 1089 2810 1048 1088 2811 1043 1083 2812 1051 1090 2813 1049 1089 2814 1050 1091 2815 1071 1092 2816 1050 1091 2817 1051 1090 2818 1052 1093 2819 1053 1078 2820 1052 1093 2821 1051 1090 2822 1043 1083 2823 1053 1078 2824 1051 1090 2825 1056 1094 2826 1052 1093 2827 1054 1095 2828 1054 1095 2829 1031 1073 2830 1028 1069 2831 1028 1069 2832 1055 1096 2833 1054 1095 2834 1055 1096 2835 1056 1094 2836 1054 1095 2837 1056 1094 2838 1059 1097 2839 1057 1098 2840 1057 1098 2841 1050 1091 2842 1056 1094 2843 1058 1099 2844 960 1005 2845 1059 1097 2846 964 1009 2847 1058 1099 2848 1055 1096 2849 960 1005 2850 1060 1100 2851 1059 1097 2852 1059 1097 2853 1061 1101 2854 1057 1098 2855 1061 1101 2856 1062 1102 2857 1064 1103 2858 1060 1100 2859 955 1001 2860 1062 1102 2861 955 1001 2862 1063 1104 2863 1062 1102 2864 1062 1102 2865 1065 1105 2866 1064 1103 2867 1065 1105 2868 1066 1106 2869 1064 1103 2870 1061 1101 2871 1066 1106 2872 1069 1107 2873 1067 1108 2874 1069 1107 2875 1066 1106 2876 1068 1109 2877 1067 1108 2878 1066 1106 2879 1069 1107 2880 1049 1089 2881 1071 1092 2882 1061 1101 2883 1071 1092 2884 1057 1098 2885 1070 1110 2886 1047 1087 2887 1049 1089 2888 1074 1111 2889 1070 1110 2890 1067 1108 2891 1072 1112 2892 1045 1086 2893 1047 1087 2894 1076 1113 2895 1072 1112 2896 1074 1111 2897 1090 1114 2898 1074 1111 2899 1067 1108 2900 1075 1115 2901 1076 1113 2902 1074 1111 2903 1077 1116 2904 534 552 2905 1076 1113 2906 534 552 2907 1073 1117 2908 1076 1113 2909 530 550 2910 1077 1116 2911 1078 1118 2912 1078 1118 2913 1075 1115 2914 1079 1119 2915 1083 1120 2916 1078 1118 2917 1079 1119 2918 1080 1121 2919 530 550 2920 1078 1118 2921 520 536 2922 1080 1121 2923 1082 1122 2924 1082 1122 2925 1083 1120 2926 1084 1123 2927 1084 1123 2928 1085 1124 2929 1086 1125 2930 1085 1124 2931 1079 1119 2932 1088 1126 2933 1086 1125 2934 1087 1127 2935 1116 1128 2936 1087 1127 2937 1088 1126 2938 1089 1129 2939 1088 1126 2940 1068 1109 2941 1089 1129 2942 1079 1119 2943 1090 1114 2944 1088 1126 2945 1093 1130 2946 1089 1129 2947 1091 1131 2948 1065 1105 2949 1089 1129 2950 1068 1109 2951 1065 1105 2952 1092 1132 2953 1091 1131 2954 1092 1132 2955 1093 1130 2956 1091 1131 2957 1093 1130 2958 1096 1133 2959 1094 1134 2960 1093 1130 2961 1116 1128 2962 1087 1127 2963 1095 1135 2964 946 993 2965 1096 1133 2966 951 997 2967 1095 1135 2968 1092 1132 2969 946 993 2970 1097 1136 2971 1096 1133 2972 1096 1133 2973 1098 1137 2974 1094 1134 2975 1098 1137 2976 1099 1138 2977 1100 1139 2978 1097 1136 2979 941 989 2980 1099 1138 2981 1099 1138 2982 1102 1140 2983 1100 1139 2984 941 989 2985 1101 1141 2986 1099 1138 2987 1102 1140 2988 1103 1142 2989 1105 1143 2990 1101 1141 2991 937 985 2992 1103 1142 2993 937 985 2994 1104 1144 2995 1103 1142 2996 1103 1142 2997 1106 1145 2998 1105 1143 2999 1105 1143 3000 1109 1146 3001 1107 1147 3002 1102 1140 3003 1107 1147 3004 1110 1148 3005 1108 1149 3006 1110 1148 3007 1107 1147 3008 1109 1146 3009 1108 1149 3010 1107 1147 3011 1110 1148 3012 1113 1150 3013 1112 1151 3014 1102 1140 3015 1112 1151 3016 1100 1139 3017 1113 1150 3018 1114 1152 3019 1112 1151 3020 1098 1137 3021 1112 1151 3022 1114 1152 3023 1114 1152 3024 1086 1125 3025 1116 1128 3026 1098 1137 3027 1116 1128 3028 1094 1134 3029 1115 1153 3030 1084 1123 3031 1086 1125 3032 1119 1154 3033 1115 1153 3034 1113 1150 3035 1117 1155 3036 1082 1122 3037 1084 1123 3038 1120 1156 3039 1117 1155 3040 1119 1154 3041 1121 1157 3042 1120 1156 3043 1119 1154 3044 1111 1158 3045 1119 1154 3046 1113 1150 3047 1125 1159 3048 1121 1157 3049 1123 1160 3050 1123 1160 3051 1111 1158 3052 1108 1149 3053 1139 1161 3054 1123 1160 3055 1108 1149 3056 1124 1162 3057 1125 1159 3058 1123 1160 3059 1126 1163 3060 506 520 3061 1125 1159 3062 506 520 3063 1122 1164 3064 1125 1159 3065 502 518 3066 1126 1163 3067 1127 1165 3068 1127 1165 3069 1124 1162 3070 1128 1166 3071 1132 1167 3072 1127 1165 3073 1128 1166 3074 1129 1168 3075 502 518 3076 1127 1165 3077 492 504 3078 1129 1168 3079 1131 1169 3080 1131 1169 3081 1132 1167 3082 1133 1170 3083 1133 1170 3084 1134 1171 3085 1135 1172 3086 1134 1171 3087 1128 1166 3088 1137 1173 3089 1134 1171 3090 1157 1174 3091 1135 1172 3092 1136 1175 3093 1137 1173 3094 1138 1176 3095 1137 1173 3096 1109 1146 3097 1138 1176 3098 1128 1166 3099 1139 1161 3100 1137 1173 3101 1140 1177 3102 1136 1175 3103 1138 1176 3104 1140 1177 3105 1109 1146 3106 1106 1145 3107 1106 1145 3108 1141 1178 3109 1140 1177 3110 1141 1178 3111 1142 1179 3112 1140 1177 3113 1142 1179 3114 1145 1180 3115 1143 1181 3116 1143 1181 3117 1136 1175 3118 1142 1179 3119 1144 1182 3120 928 977 3121 1145 1180 3122 933 981 3123 1144 1182 3124 1141 1178 3125 928 977 3126 1146 1183 3127 1145 1180 3128 1145 1180 3129 1147 1184 3130 1143 1181 3131 1147 1184 3132 1148 1185 3133 1150 1186 3134 1146 1183 3135 924 973 3136 1148 1185 3137 924 973 3138 1149 1187 3139 1148 1185 3140 1148 1185 3141 1151 1188 3142 1150 1186 3143 1151 1188 3144 1152 1189 3145 1150 1186 3146 1147 1184 3147 1152 1189 3148 1155 1190 3149 1153 1191 3150 1155 1190 3151 1152 1189 3152 1154 1192 3153 1153 1191 3154 1152 1189 3155 1155 1190 3156 1135 1172 3157 1157 1174 3158 1147 1184 3159 1157 1174 3160 1143 1181 3161 1156 1193 3162 1133 1170 3163 1135 1172 3164 1160 1194 3165 1156 1193 3166 1153 1191 3167 1158 1195 3168 1131 1169 3169 1133 1170 3170 1162 1196 3171 1158 1195 3172 1160 1194 3173 1176 1197 3174 1160 1194 3175 1153 1191 3176 1161 1198 3177 1162 1196 3178 1160 1194 3179 1163 1199 3180 488 502 3181 1162 1196 3182 488 502 3183 1159 1200 3184 1162 1196 3185 478 488 3186 1163 1199 3187 1165 1201 3188 1165 1201 3189 1161 1198 3190 1166 1202 3191 1169 1203 3192 1165 1201 3193 1166 1202 3194 1167 1204 3195 478 488 3196 1165 1201 3197 474 486 3198 1167 1204 3199 1168 1205 3200 1168 1205 3201 1169 1203 3202 1170 1206 3203 1170 1206 3204 1171 1207 3205 1172 1208 3206 1171 1207 3207 1166 1202 3208 1174 1209 3209 1172 1208 3210 1173 1210 3211 1194 1211 3212 1173 1210 3213 1174 1209 3214 1175 1212 3215 1174 1209 3216 1154 1192 3217 1175 1212 3218 1166 1202 3219 1176 1197 3220 1174 1209 3221 1179 1213 3222 1175 1212 3223 1177 1214 3224 1151 1188 3225 1175 1212 3226 1154 1192 3227 1151 1188 3228 1178 1215 3229 1177 1214 3230 1178 1215 3231 1179 1213 3232 1177 1214 3233 1179 1213 3234 1182 1216 3235 1180 1217 3236 1179 1213 3237 1194 1211 3238 1173 1210 3239 1181 1218 3240 915 965 3241 1182 1216 3242 919 969 3243 1181 1218 3244 1178 1215 3245 915 965 3246 1183 1219 3247 1182 1216 3248 1182 1216 3249 1184 1220 3250 1180 1217 3251 1184 1220 3252 1185 1221 3253 1187 1222 3254 1183 1219 3255 910 961 3256 1185 1221 3257 910 961 3258 1186 1223 3259 1185 1221 3260 1185 1221 3261 1188 1224 3262 1187 1222 3263 1188 1224 3264 1189 1225 3265 1187 1222 3266 1184 1220 3267 1189 1225 3268 1192 1226 3269 1190 1227 3270 1192 1226 3271 1189 1225 3272 1191 1228 3273 1190 1227 3274 1189 1225 3275 1192 1226 3276 1172 1208 3277 1194 1211 3278 1184 1220 3279 1194 1211 3280 1180 1217 3281 1193 1229 3282 1170 1206 3283 1172 1208 3284 1197 1230 3285 1193 1229 3286 1190 1227 3287 1195 1231 3288 1168 1205 3289 1170 1206 3290 1199 1232 3291 1195 1231 3292 1197 1230 3293 1213 1233 3294 1197 1230 3295 1190 1227 3296 1198 1234 3297 1199 1232 3298 1197 1230 3299 1200 1235 3300 464 472 3301 1199 1232 3302 464 472 3303 1196 1236 3304 1199 1232 3305 460 470 3306 1200 1235 3307 1201 1237 3308 1201 1237 3309 1198 1234 3310 1202 1238 3311 1206 1239 3312 1201 1237 3313 1202 1238 3314 1203 1240 3315 460 470 3316 1201 1237 3317 450 456 3318 1203 1240 3319 1205 1241 3320 1205 1241 3321 1206 1239 3322 1207 1242 3323 1207 1242 3324 1208 1243 3325 1209 1244 3326 1208 1243 3327 1202 1238 3328 1211 1245 3329 1209 1244 3330 1210 1246 3331 1231 1247 3332 1210 1246 3333 1211 1245 3334 1212 1248 3335 1211 1245 3336 1191 1228 3337 1212 1248 3338 1202 1238 3339 1213 1233 3340 1211 1245 3341 1216 1249 3342 1212 1248 3343 1214 1250 3344 1188 1224 3345 1212 1248 3346 1191 1228 3347 1188 1224 3348 1215 1251 3349 1214 1250 3350 1215 1251 3351 1216 1249 3352 1214 1250 3353 1216 1249 3354 1219 1252 3355 1217 1253 3356 1217 1253 3357 1210 1246 3358 1216 1249 3359 1218 1254 3360 901 953 3361 1219 1252 3362 906 957 3363 1218 1254 3364 1215 1251 3365 901 953 3366 1220 1255 3367 1219 1252 3368 1219 1252 3369 1221 1256 3370 1217 1253 3371 1221 1256 3372 1222 1257 3373 1224 1258 3374 1220 1255 3375 897 949 3376 1222 1257 3377 897 949 3378 1223 1259 3379 1222 1257 3380 1222 1257 3381 1225 1260 3382 1224 1258 3383 1224 1258 3384 1228 1261 3385 1226 1262 3386 1224 1258 3387 1229 1263 3388 1221 1256 3389 1227 1264 3390 1229 1263 3391 1226 1262 3392 1228 1261 3393 1227 1264 3394 1226 1262 3395 1231 1247 3396 1230 1265 3397 1209 1244 3398 1217 1253 3399 1229 1263 3400 1231 1247 3401 1230 1265 3402 1207 1242 3403 1209 1244 3404 1234 1266 3405 1230 1265 3406 1227 1264 3407 1232 1267 3408 1205 1241 3409 1207 1242 3410 1236 1268 3411 1232 1267 3412 1234 1266 3413 1250 1269 3414 1234 1266 3415 1227 1264 3416 1235 1270 3417 1236 1268 3418 1234 1266 3419 1237 1271 3420 446 454 3421 1236 1268 3422 446 454 3423 1233 1272 3424 1236 1268 3425 436 440 3426 1237 1271 3427 1239 1273 3428 1239 1273 3429 1235 1270 3430 1240 1274 3431 1243 1275 3432 1239 1273 3433 1240 1274 3434 1241 1276 3435 436 440 3436 1239 1273 3437 432 438 3438 1241 1276 3439 1242 1277 3440 1242 1277 3441 1243 1275 3442 1244 1278 3443 1244 1278 3444 1245 1279 3445 1246 1280 3446 1245 1279 3447 1240 1274 3448 1248 1281 3449 1245 1279 3450 1268 1282 3451 1246 1280 3452 1247 1283 3453 1248 1281 3454 1249 1284 3455 1248 1281 3456 1228 1261 3457 1249 1284 3458 1240 1274 3459 1250 1269 3460 1248 1281 3461 1251 1285 3462 1247 1283 3463 1249 1284 3464 1251 1285 3465 1228 1261 3466 1225 1260 3467 1225 1260 3468 1252 1286 3469 1251 1285 3470 1252 1286 3471 1253 1287 3472 1251 1285 3473 1253 1287 3474 1256 1288 3475 1254 1289 3476 1254 1289 3477 1247 1283 3478 1253 1287 3479 1255 1290 3480 888 941 3481 1256 1288 3482 892 945 3483 1255 1290 3484 1252 1286 3485 888 941 3486 1257 1291 3487 1256 1288 3488 1256 1288 3489 1258 1292 3490 1254 1289 3491 1258 1292 3492 1259 1293 3493 1261 1294 3494 1257 1291 3495 883 937 3496 1259 1293 3497 883 937 3498 1260 1295 3499 1259 1293 3500 1259 1293 3501 1262 1296 3502 1261 1294 3503 1261 1294 3504 1265 1297 3505 1263 1298 3506 1261 1294 3507 1266 1299 3508 1258 1292 3509 1264 1300 3510 1266 1299 3511 1263 1298 3512 1265 1297 3513 1264 1300 3514 1263 1298 3515 1266 1299 3516 1246 1280 3517 1268 1282 3518 1258 1292 3519 1268 1282 3520 1254 1289 3521 1267 1301 3522 1244 1278 3523 1246 1280 3524 1271 1302 3525 1267 1301 3526 1264 1300 3527 1269 1303 3528 1242 1277 3529 1244 1278 3530 1273 1304 3531 1269 1303 3532 1271 1302 3533 1286 1305 3534 1271 1302 3535 1264 1300 3536 1272 1306 3537 1273 1304 3538 1271 1302 3539 1274 1307 3540 422 424 3541 1273 1304 3542 422 424 3543 1270 1308 3544 1273 1304 3545 418 421 3546 1274 1307 3547 1275 1309 3548 1275 1309 3549 1272 1306 3550 1276 1310 3551 1277 1311 3552 418 421 3553 1275 1309 3554 1280 1312 3555 1275 1309 3556 1276 1310 3557 408 408 3558 1277 1311 3559 1279 1313 3560 1279 1313 3561 1280 1312 3562 1281 1314 3563 1281 1314 3564 1282 1315 3565 1283 1316 3566 1282 1315 3567 1276 1310 3568 1285 1317 3569 1283 1316 3570 1284 1318 3571 1305 1319 3572 1284 1318 3573 1285 1317 3574 1287 1320 3575 1276 1310 3576 1286 1305 3577 1285 1317 3578 1286 1305 3579 1287 1320 3580 1285 1317 3581 1288 1321 3582 1265 1297 3583 1262 1296 3584 1288 1321 3585 1284 1318 3586 1287 1320 3587 1289 1322 3588 1290 1323 3589 1288 1321 3590 1262 1296 3591 1289 1322 3592 1288 1321 3593 1290 1323 3594 1293 1324 3595 1291 1325 3596 1290 1323 3597 1305 1319 3598 1284 1318 3599 1292 1326 3600 874 929 3601 1293 1324 3602 878 933 3603 1292 1326 3604 1289 1322 3605 874 929 3606 1294 1327 3607 1293 1324 3608 1293 1324 3609 1295 1328 3610 1291 1325 3611 1295 1328 3612 1296 1329 3613 1298 1330 3614 1294 1327 3615 870 925 3616 1296 1329 3617 870 925 3618 1297 1331 3619 1296 1329 3620 1296 1329 3621 1299 1332 3622 1298 1330 3623 1299 1332 3624 1300 1333 3625 1298 1330 3626 1295 1328 3627 1300 1333 3628 1303 1334 3629 1301 1335 3630 1303 1334 3631 1300 1333 3632 1302 1336 3633 1301 1335 3634 1300 1333 3635 1303 1334 3636 1283 1316 3637 1305 1319 3638 1295 1328 3639 1305 1319 3640 1291 1325 3641 1304 1337 3642 1281 1314 3643 1283 1316 3644 1308 1338 3645 1304 1337 3646 1301 1335 3647 1306 1339 3648 1279 1313 3649 1281 1314 3650 1310 1340 3651 1306 1339 3652 1308 1338 3653 1324 1341 3654 1308 1338 3655 1301 1335 3656 1309 1342 3657 1310 1340 3658 1308 1338 3659 1311 1343 3660 404 406 3661 1310 1340 3662 404 406 3663 1307 1344 3664 1310 1340 3665 394 392 3666 1311 1343 3667 1313 1345 3668 1313 1345 3669 1309 1342 3670 1314 1346 3671 1317 1347 3672 1313 1345 3673 1314 1346 3674 1315 1348 3675 394 392 3676 1313 1345 3677 390 390 3678 1315 1348 3679 1316 1349 3680 1316 1349 3681 1317 1347 3682 1318 1350 3683 1318 1350 3684 1319 1351 3685 1320 1352 3686 1319 1351 3687 1314 1346 3688 1322 1353 3689 1320 1352 3690 1321 1354 3691 1342 1355 3692 1321 1354 3693 1322 1353 3694 1323 1356 3695 1322 1353 3696 1302 1336 3697 1323 1356 3698 1314 1346 3699 1324 1341 3700 1322 1353 3701 1327 1357 3702 1323 1356 3703 1325 1358 3704 1299 1332 3705 1323 1356 3706 1302 1336 3707 1299 1332 3708 1326 1359 3709 1325 1358 3710 1326 1359 3711 1327 1357 3712 1325 1358 3713 1327 1357 3714 1330 1360 3715 1328 1361 3716 1327 1357 3717 1342 1355 3718 1321 1354 3719 1329 1362 3720 861 917 3721 1330 1360 3722 865 921 3723 1329 1362 3724 1326 1359 3725 861 917 3726 1331 1363 3727 1330 1360 3728 1330 1360 3729 1332 1364 3730 1328 1361 3731 1332 1364 3732 1333 1365 3733 1335 1366 3734 1331 1363 3735 856 913 3736 1333 1365 3737 856 913 3738 1334 1367 3739 1333 1365 3740 1333 1365 3741 1336 1368 3742 1335 1366 3743 1336 1368 3744 1337 1369 3745 1335 1366 3746 1332 1364 3747 1337 1369 3748 1340 1370 3749 1338 1371 3750 1340 1370 3751 1337 1369 3752 1339 1372 3753 1338 1371 3754 1337 1369 3755 1340 1370 3756 1320 1352 3757 1342 1355 3758 1332 1364 3759 1342 1355 3760 1328 1361 3761 1341 1373 3762 1318 1350 3763 1320 1352 3764 1345 1374 3765 1341 1373 3766 1338 1371 3767 1343 1375 3768 1316 1349 3769 1318 1350 3770 1347 1376 3771 1343 1375 3772 1345 1374 3773 1354 1377 3774 1345 1374 3775 1338 1371 3776 1346 1378 3777 1347 1376 3778 1345 1374 3779 1348 1379 3780 380 376 3781 1347 1376 3782 380 376 3783 1344 1380 3784 1347 1376 3785 375 373 3786 1348 1379 3787 1349 1381 3788 1349 1381 3789 1346 1378 3790 1350 1382 3791 1352 623 3792 1349 1381 3793 1350 1382 3794 596 620 3795 375 373 3796 1349 1381 3797 1350 1382 3798 1354 1377 3799 1351 1383 3800 606 634 3801 1350 1382 3802 1351 1383 3803 1351 1383 3804 1339 1372 3805 1353 1384 3806 608 635 3807 1351 1383 3808 1353 1384 3809 611 636 3810 1353 1384 3811 1355 1385 3812 1336 1368 3813 1353 1384 3814 1339 1372 3815 1336 1368 3816 1356 1386 3817 1355 1385 3818 1356 1386 3819 611 636 3820 1355 1385 3821 1334 1367 3822 852 910 3823 1356 1386 3824 852 910 3825 1357 648 3826 1356 1386 3827 1344 1380 3828 390 390 3829 1316 1349 3830 1297 1331 3831 865 921 3832 1326 1359 3833 1307 1344 3834 408 408 3835 1279 1313 3836 1260 1295 3837 878 933 3838 1289 1322 3839 1270 1308 3840 432 438 3841 1242 1277 3842 1223 1259 3843 892 945 3844 1252 1286 3845 1233 1272 3846 450 456 3847 1205 1241 3848 1186 1223 3849 906 957 3850 1215 1251 3851 1196 1236 3852 474 486 3853 1168 1205 3854 1149 1187 3855 919 969 3856 1178 1215 3857 1159 1200 3858 492 504 3859 1131 1169 3860 1104 1144 3861 933 981 3862 1141 1178 3863 1122 1164 3864 516 533 3865 1120 1156 3866 516 533 3867 1118 1387 3868 1120 1156 3869 1118 1387 3870 520 536 3871 1082 1122 3872 1063 1104 3873 951 997 3874 1092 1132 3875 1073 1117 3876 544 566 3877 1045 1086 3878 1026 1068 3879 964 1009 3880 1055 1096 3881 1036 1081 3882 562 584 3883 1008 1050 3884 989 1032 3885 978 1021 3886 1018 1059 3887 999 1045 3888 586 614 3889 599 626 3890 372 364 11619 369 619 11620 368 365 11621 373 367 11622 371 366 11623 368 365 11624 376 369 11625 372 364 11626 371 366 11627 371 366 11628 373 367 11629 377 371 11630 374 370 11631 377 371 11632 378 372 11633 594 374 11634 376 369 11635 374 370 11636 378 372 11637 377 371 11638 379 375 11639 377 371 11640 373 367 11641 382 377 11642 379 375 11643 381 379 11644 1358 378 11645 382 377 11646 384 380 11647 381 379 11648 384 380 11649 382 377 11650 383 381 11651 373 367 11652 370 368 11653 383 381 11654 384 380 11655 385 382 11656 387 383 11657 381 379 11658 384 380 11659 386 384 11660 388 386 11661 386 384 11662 387 383 11663 386 384 11664 388 386 11665 391 388 11666 389 385 11667 391 388 11668 392 389 11669 1358 378 11670 381 379 11671 389 385 11672 392 389 11673 391 388 11674 393 391 11675 391 388 11676 388 386 11677 396 393 11678 393 391 11679 395 395 11680 1312 394 11681 396 393 11682 398 396 11683 395 395 11684 398 396 11685 396 393 11686 397 397 11687 388 386 11688 1391 387 11689 397 397 11690 398 396 11691 399 398 11692 401 399 11693 395 395 11694 398 396 11695 400 400 11696 402 402 11697 400 400 11698 401 399 11699 400 400 11700 402 402 11701 405 404 11702 403 401 11703 405 404 11704 406 405 11705 1312 394 11706 395 395 11707 403 401 11708 406 405 11709 405 404 11710 407 407 11711 405 404 11712 402 402 11713 410 409 11714 407 407 11715 409 411 11716 1278 410 11717 410 409 11718 412 412 11719 409 411 11720 412 412 11721 410 409 11722 411 413 11723 402 402 11724 1390 403 11725 411 413 11726 412 412 11727 413 414 11728 415 415 11729 409 411 11730 412 412 11731 414 416 11732 416 418 11733 414 416 11734 415 415 11735 414 416 11736 416 418 11737 419 420 11738 1278 410 11739 409 411 11740 417 417 11741 417 417 11742 419 420 11743 420 422 11744 420 422 11745 419 420 11746 421 423 11747 419 420 11748 416 418 11749 424 425 11750 421 423 11751 423 427 11752 1359 426 11753 424 425 11754 426 428 11755 423 427 11756 426 428 11757 424 425 11758 425 429 11759 416 418 11760 1389 419 11761 425 429 11762 426 428 11763 427 430 11764 429 431 11765 423 427 11766 426 428 11767 428 432 11768 430 434 11769 428 432 11770 429 431 11771 428 432 11772 430 434 11773 433 436 11774 431 433 11775 433 436 11776 434 437 11777 1359 426 11778 423 427 11779 431 433 11780 434 437 11781 433 436 11782 435 439 11783 433 436 11784 430 434 11785 438 441 11786 435 439 11787 437 443 11788 1238 442 11789 438 441 11790 440 444 11791 437 443 11792 440 444 11793 438 441 11794 439 445 11795 430 434 11796 1388 435 11797 439 445 11798 440 444 11799 441 446 11800 443 447 11801 437 443 11802 440 444 11803 442 448 11804 444 450 11805 442 448 11806 443 447 11807 442 448 11808 444 450 11809 447 452 11810 445 449 11811 447 452 11812 448 453 11813 1238 442 11814 437 443 11815 445 449 11816 448 453 11817 447 452 11818 449 455 11819 447 452 11820 444 450 11821 452 457 11822 449 455 11823 451 459 11824 1204 458 11825 452 457 11826 454 460 11827 451 459 11828 454 460 11829 452 457 11830 453 461 11831 444 450 11832 1387 451 11833 453 461 11834 454 460 11835 455 462 11836 457 463 11837 451 459 11838 454 460 11839 456 464 11840 458 466 11841 456 464 11842 457 463 11843 456 464 11844 458 466 11845 461 468 11846 459 465 11847 461 468 11848 462 469 11849 1204 458 11850 451 459 11851 459 465 11852 462 469 11853 461 468 11854 463 471 11855 461 468 11856 458 466 11857 466 473 11858 463 471 11859 465 475 11860 1360 474 11861 466 473 11862 468 476 11863 465 475 11864 468 476 11865 466 473 11866 467 477 11867 458 466 11868 1386 467 11869 467 477 11870 468 476 11871 469 478 11872 471 479 11873 465 475 11874 468 476 11875 470 480 11876 472 482 11877 470 480 11878 471 479 11879 470 480 11880 472 482 11881 475 484 11882 473 481 11883 475 484 11884 476 485 11885 1360 474 11886 465 475 11887 473 481 11888 476 485 11889 475 484 11890 477 487 11891 475 484 11892 472 482 11893 480 489 11894 477 487 11895 479 491 11896 1164 490 11897 480 489 11898 482 492 11899 479 491 11900 482 492 11901 480 489 11902 481 493 11903 472 482 11904 1385 483 11905 481 493 11906 482 492 11907 483 494 11908 485 495 11909 479 491 11910 482 492 11911 484 496 11912 486 498 11913 484 496 11914 485 495 11915 484 496 11916 486 498 11917 489 500 11918 487 497 11919 489 500 11920 490 501 11921 1164 490 11922 479 491 11923 487 497 11924 490 501 11925 489 500 11926 491 503 11927 489 500 11928 486 498 11929 494 505 11930 491 503 11931 493 507 11932 1130 506 11933 494 505 11934 496 508 11935 493 507 11936 496 508 11937 494 505 11938 495 509 11939 486 498 11940 1384 499 11941 495 509 11942 496 508 11943 497 510 11944 499 511 11945 493 507 11946 496 508 11947 498 512 11948 500 514 11949 498 512 11950 499 511 11951 498 512 11952 500 514 11953 503 516 11954 501 513 11955 503 516 11956 504 517 11957 1130 506 11958 493 507 11959 501 513 11960 504 517 11961 503 516 11962 505 519 11963 503 516 11964 500 514 11965 508 521 11966 505 519 11967 507 523 11968 1361 522 11969 508 521 11970 510 524 11971 507 523 11972 510 524 11973 508 521 11974 509 525 11975 500 514 11976 1383 515 11977 509 525 11978 510 524 11979 511 526 11980 513 527 11981 507 523 11982 510 524 11983 512 528 11984 514 530 11985 512 528 11986 513 527 11987 512 528 11988 514 530 11989 517 532 11990 1361 522 11991 507 523 11992 515 529 11993 515 529 11994 517 532 11995 518 534 11996 518 534 11997 517 532 11998 519 535 11999 517 532 12000 514 530 12001 522 537 12002 519 535 12003 521 539 12004 1081 538 12005 522 537 12006 524 540 12007 521 539 12008 524 540 12009 522 537 12010 523 541 12011 514 530 12012 1382 531 12013 523 541 12014 524 540 12015 525 542 12016 527 543 12017 521 539 12018 524 540 12019 526 544 12020 528 546 12021 526 544 12022 527 543 12023 526 544 12024 528 546 12025 531 548 12026 529 545 12027 531 548 12028 532 549 12029 1081 538 12030 521 539 12031 529 545 12032 532 549 12033 531 548 12034 533 551 12035 531 548 12036 528 546 12037 536 553 12038 533 551 12039 535 555 12040 1362 554 12041 536 553 12042 538 556 12043 535 555 12044 538 556 12045 536 553 12046 537 557 12047 528 546 12048 1381 547 12049 537 557 12050 538 556 12051 539 558 12052 541 559 12053 535 555 12054 538 556 12055 540 560 12056 542 562 12057 540 560 12058 541 559 12059 540 560 12060 542 562 12061 545 564 12062 543 561 12063 545 564 12064 546 565 12065 1362 554 12066 535 555 12067 543 561 12068 546 565 12069 545 564 12070 547 567 12071 545 564 12072 542 562 12073 550 569 12074 547 567 12075 549 571 12076 1041 570 12077 550 569 12078 552 573 12079 549 571 12080 542 562 12081 1380 563 12082 551 572 12083 552 573 12084 550 569 12085 551 572 12086 552 573 12087 553 574 12088 555 575 12089 549 571 12090 552 573 12091 554 576 12092 556 578 12093 554 576 12094 555 575 12095 554 576 12096 556 578 12097 559 580 12098 557 577 12099 559 580 12100 560 581 12101 1041 570 12102 549 571 12103 557 577 12104 560 581 12105 559 580 12106 561 583 12107 559 580 12108 556 578 12109 564 585 12110 561 583 12111 563 587 12112 1007 586 12113 564 585 12114 566 588 12115 563 587 12116 566 588 12117 564 585 12118 565 589 12119 556 578 12120 1379 579 12121 565 589 12122 566 588 12123 567 590 12124 569 591 12125 563 587 12126 566 588 12127 568 592 12128 570 594 12129 568 592 12130 569 591 12131 568 592 12132 570 594 12133 573 596 12134 571 593 12135 573 596 12136 574 597 12137 1007 586 12138 563 587 12139 571 593 12140 574 597 12141 573 596 12142 575 599 12143 573 596 12144 570 594 12145 578 601 12146 575 599 12147 577 603 12148 1363 602 12149 578 601 12150 580 604 12151 577 603 12152 580 604 12153 578 601 12154 579 605 12155 570 594 12156 1378 595 12157 579 605 12158 580 604 12159 581 606 12160 583 607 12161 577 603 12162 580 604 12163 582 608 12164 584 610 12165 582 608 12166 583 607 12167 582 608 12168 584 610 12169 587 612 12170 585 609 12171 587 612 12172 588 613 12173 1363 602 12174 577 603 12175 585 609 12176 588 613 12177 587 612 12178 589 615 12179 587 612 12180 584 610 12181 591 617 12182 589 615 12183 376 369 12184 594 374 12185 591 617 12186 372 364 12187 376 369 12188 584 610 12189 593 611 12190 592 618 12191 372 364 12192 591 617 12193 592 618 12194 590 616 12195 594 374 12196 596 620 12197 598 622 12198 588 613 12199 590 616 12200 595 621 12201 596 620 12202 1352 623 12203 600 625 12204 598 622 12205 595 621 12206 586 614 12207 588 613 12208 598 622 12209 599 626 12210 598 622 12211 600 625 12212 601 627 12213 600 625 12214 602 628 12215 602 628 12216 600 625 12217 597 624 12218 603 629 12219 602 628 12220 604 631 12221 604 631 12222 602 628 12223 605 630 12224 597 624 12225 1352 623 12226 606 634 12227 605 630 12228 606 634 12229 608 635 12230 611 636 12231 609 638 12232 607 633 12233 612 637 12234 604 631 12235 607 633 12236 610 639 12237 614 642 12238 612 637 12239 611 636 12240 1357 648 12241 610 639 12242 612 637 12243 614 642 12244 615 640 12245 613 641 12246 997 632 12247 604 631 12248 614 642 12249 616 645 12250 617 643 12251 619 644 12252 616 645 12253 614 642 12254 616 645 12255 618 652 12256 985 646 12257 621 647 12258 618 652 12259 616 645 12260 1357 648 12261 620 649 12262 619 644 12263 620 649 12264 622 650 12265 621 647 12266 622 650 12267 624 653 12268 623 651 12269 623 651 12270 626 655 12271 618 652 12272 624 653 12273 847 907 12274 625 654 12275 625 654 12276 628 658 12277 626 655 12278 618 652 12279 626 655 12280 627 656 12281 626 655 12282 628 658 12283 629 657 12284 628 658 12285 630 661 12286 633 659 12287 628 658 12288 625 654 12289 631 660 12290 630 661 12291 631 660 12292 848 662 12293 630 661 12294 632 663 12295 634 664 12296 635 665 12297 633 659 12298 634 664 12299 638 667 12300 629 657 12301 633 659 12302 635 665 12303 636 666 12304 1377 668 12305 638 667 12306 635 665 12307 637 669 12308 629 657 12309 638 667 12310 639 671 12311 639 671 12312 638 667 12313 640 670 12314 640 670 12315 642 674 12316 643 673 12317 642 674 12318 640 670 12319 637 669 12320 643 673 12321 642 674 12322 644 676 12323 642 674 12324 645 675 12325 647 678 12326 645 675 12327 637 669 12328 1377 668 12329 645 675 12330 646 679 12331 648 680 12332 649 681 12333 647 678 12334 648 680 12335 652 683 12336 644 676 12337 647 678 12338 649 681 12339 650 682 12340 1376 684 12341 652 683 12342 649 681 12343 651 685 12344 644 676 12345 652 683 12346 653 687 12347 653 687 12348 652 683 12349 654 686 12350 654 686 12351 656 690 12352 657 689 12353 656 690 12354 654 686 12355 651 685 12356 657 689 12357 656 690 12358 658 692 12359 656 690 12360 659 691 12361 661 694 12362 659 691 12363 651 685 12364 1376 684 12365 659 691 12366 660 695 12367 662 696 12368 663 697 12369 661 694 12370 662 696 12371 666 699 12372 658 692 12373 661 694 12374 663 697 12375 664 698 12376 1375 700 12377 666 699 12378 663 697 12379 665 701 12380 658 692 12381 666 699 12382 667 703 12383 667 703 12384 666 699 12385 668 702 12386 668 702 12387 670 706 12388 671 705 12389 670 706 12390 668 702 12391 665 701 12392 671 705 12393 670 706 12394 672 708 12395 670 706 12396 673 707 12397 675 710 12398 673 707 12399 665 701 12400 1375 700 12401 673 707 12402 674 711 12403 676 712 12404 677 713 12405 675 710 12406 676 712 12407 680 715 12408 672 708 12409 675 710 12410 677 713 12411 678 714 12412 1374 716 12413 680 715 12414 677 713 12415 679 717 12416 672 708 12417 680 715 12418 681 719 12419 681 719 12420 680 715 12421 682 718 12422 682 718 12423 684 722 12424 685 721 12425 684 722 12426 682 718 12427 679 717 12428 685 721 12429 684 722 12430 686 724 12431 684 722 12432 687 723 12433 689 726 12434 687 723 12435 679 717 12436 1374 716 12437 687 723 12438 688 727 12439 690 728 12440 691 729 12441 689 726 12442 690 728 12443 694 731 12444 686 724 12445 689 726 12446 691 729 12447 692 730 12448 1373 732 12449 694 731 12450 691 729 12451 693 733 12452 686 724 12453 694 731 12454 695 735 12455 695 735 12456 694 731 12457 696 734 12458 696 734 12459 698 738 12460 699 737 12461 698 738 12462 696 734 12463 693 733 12464 699 737 12465 698 738 12466 700 740 12467 703 742 12468 700 740 12469 698 738 12470 701 739 12471 693 733 12472 1373 732 12473 701 739 12474 702 743 12475 704 744 12476 705 745 12477 703 742 12478 704 744 12479 708 747 12480 700 740 12481 703 742 12482 705 745 12483 706 746 12484 1372 748 12485 708 747 12486 705 745 12487 707 749 12488 700 740 12489 708 747 12490 709 751 12491 709 751 12492 708 747 12493 710 750 12494 710 750 12495 712 754 12496 713 753 12497 712 754 12498 710 750 12499 707 749 12500 713 753 12501 712 754 12502 714 756 12503 712 754 12504 715 755 12505 717 758 12506 715 755 12507 707 749 12508 1372 748 12509 715 755 12510 716 759 12511 718 760 12512 719 761 12513 717 758 12514 718 760 12515 722 763 12516 714 756 12517 717 758 12518 719 761 12519 720 762 12520 1371 764 12521 722 763 12522 719 761 12523 721 765 12524 714 756 12525 722 763 12526 723 767 12527 723 767 12528 722 763 12529 724 766 12530 724 766 12531 726 770 12532 727 769 12533 726 770 12534 724 766 12535 721 765 12536 727 769 12537 726 770 12538 728 772 12539 726 770 12540 729 771 12541 731 774 12542 729 771 12543 721 765 12544 1371 764 12545 729 771 12546 730 775 12547 732 776 12548 733 777 12549 731 774 12550 732 776 12551 736 779 12552 728 772 12553 731 774 12554 733 777 12555 734 778 12556 1370 780 12557 736 779 12558 733 777 12559 735 781 12560 728 772 12561 736 779 12562 737 783 12563 737 783 12564 736 779 12565 738 782 12566 738 782 12567 740 786 12568 741 785 12569 740 786 12570 738 782 12571 735 781 12572 741 785 12573 740 786 12574 742 788 12575 740 786 12576 743 787 12577 745 790 12578 743 787 12579 735 781 12580 1370 780 12581 743 787 12582 744 791 12583 746 792 12584 747 793 12585 745 790 12586 746 792 12587 750 795 12588 742 788 12589 745 790 12590 747 793 12591 748 794 12592 1369 796 12593 750 795 12594 747 793 12595 749 797 12596 742 788 12597 750 795 12598 751 799 12599 751 799 12600 750 795 12601 752 798 12602 752 798 12603 754 802 12604 755 801 12605 754 802 12606 752 798 12607 749 797 12608 755 801 12609 754 802 12610 756 804 12611 754 802 12612 757 803 12613 759 806 12614 757 803 12615 749 797 12616 1369 796 12617 757 803 12618 758 807 12619 760 808 12620 761 809 12621 759 806 12622 760 808 12623 764 811 12624 756 804 12625 759 806 12626 761 809 12627 762 810 12628 1368 812 12629 764 811 12630 761 809 12631 763 813 12632 756 804 12633 764 811 12634 765 815 12635 765 815 12636 764 811 12637 766 814 12638 766 814 12639 768 818 12640 769 817 12641 768 818 12642 766 814 12643 763 813 12644 769 817 12645 768 818 12646 770 820 12647 768 818 12648 771 819 12649 773 822 12650 771 819 12651 763 813 12652 1368 812 12653 771 819 12654 772 823 12655 774 824 12656 775 825 12657 773 822 12658 774 824 12659 778 827 12660 770 820 12661 773 822 12662 775 825 12663 776 826 12664 1367 828 12665 778 827 12666 775 825 12667 777 829 12668 770 820 12669 778 827 12670 779 831 12671 779 831 12672 778 827 12673 780 830 12674 780 830 12675 782 834 12676 783 833 12677 782 834 12678 780 830 12679 777 829 12680 783 833 12681 782 834 12682 784 836 12683 782 834 12684 785 835 12685 787 838 12686 785 835 12687 777 829 12688 1367 828 12689 785 835 12690 786 839 12691 788 840 12692 789 841 12693 787 838 12694 788 840 12695 792 843 12696 784 836 12697 787 838 12698 789 841 12699 790 842 12700 1366 844 12701 792 843 12702 789 841 12703 791 845 12704 784 836 12705 792 843 12706 793 847 12707 793 847 12708 792 843 12709 794 846 12710 794 846 12711 796 850 12712 797 849 12713 796 850 12714 794 846 12715 791 845 12716 797 849 12717 796 850 12718 798 852 12719 801 854 12720 798 852 12721 796 850 12722 799 851 12723 791 845 12724 1366 844 12725 799 851 12726 800 855 12727 802 856 12728 803 857 12729 801 854 12730 802 856 12731 806 859 12732 798 852 12733 801 854 12734 803 857 12735 804 858 12736 1365 860 12737 806 859 12738 803 857 12739 805 861 12740 798 852 12741 806 859 12742 807 863 12743 807 863 12744 806 859 12745 808 862 12746 808 862 12747 810 866 12748 811 865 12749 810 866 12750 808 862 12751 805 861 12752 811 865 12753 810 866 12754 812 868 12755 810 866 12756 813 867 12757 815 870 12758 813 867 12759 805 861 12760 1365 860 12761 813 867 12762 814 871 12763 816 872 12764 817 873 12765 815 870 12766 816 872 12767 820 875 12768 812 868 12769 815 870 12770 817 873 12771 818 874 12772 1364 876 12773 820 875 12774 817 873 12775 819 877 12776 812 868 12777 820 875 12778 821 879 12779 821 879 12780 820 875 12781 822 878 12782 822 878 12783 824 882 12784 825 881 12785 824 882 12786 822 878 12787 819 877 12788 825 881 12789 824 882 12790 826 884 12791 824 882 12792 827 883 12793 829 886 12794 827 883 12795 819 877 12796 1364 876 12797 827 883 12798 828 887 12799 830 888 12800 831 889 12801 829 886 12802 830 888 12803 834 891 12804 826 884 12805 829 886 12806 831 889 12807 832 890 12808 849 892 12809 834 891 12810 831 889 12811 833 893 12812 826 884 12813 834 891 12814 835 895 12815 835 895 12816 834 891 12817 836 894 12818 836 894 12819 838 898 12820 839 897 12821 838 898 12822 836 894 12823 833 893 12824 839 897 12825 838 898 12826 840 900 12827 838 898 12828 841 899 12829 843 902 12830 841 899 12831 833 893 12832 849 892 12833 841 899 12834 842 903 12835 844 904 12836 845 905 12837 843 902 12838 844 904 12839 847 907 12840 840 900 12841 843 902 12842 845 905 12843 846 906 12844 848 662 12845 631 660 12846 625 654 12847 847 907 12848 840 900 12849 847 907 12850 624 653 12851 850 901 12852 624 653 12853 622 650 12854 853 909 12855 839 897 12856 850 901 12857 851 908 12858 622 650 12859 620 649 12860 854 911 12861 853 909 12862 851 908 12863 855 912 12864 853 909 12865 854 911 12866 837 896 12867 839 897 12868 853 909 12869 857 914 12870 835 895 12871 837 896 12872 858 915 12873 857 914 12874 855 912 12875 859 916 12876 857 914 12877 858 915 12878 860 885 12879 835 895 12880 857 914 12881 862 918 12882 825 881 12883 860 885 12884 863 919 12885 862 918 12886 859 916 12887 864 920 12888 862 918 12889 863 919 12890 823 880 12891 825 881 12892 862 918 12893 866 922 12894 821 879 12895 823 880 12896 867 923 12897 866 922 12898 864 920 12899 868 924 12900 866 922 12901 867 923 12902 869 869 12903 821 879 12904 866 922 12905 871 926 12906 811 865 12907 869 869 12908 872 927 12909 871 926 12910 868 924 12911 873 928 12912 871 926 12913 872 927 12914 809 864 12915 811 865 12916 871 926 12917 875 930 12918 807 863 12919 809 864 12920 876 931 12921 875 930 12922 873 928 12923 877 932 12924 875 930 12925 876 931 12926 880 853 12927 807 863 12928 875 930 12929 881 934 12930 879 935 12931 877 932 12932 879 935 12933 797 849 12934 880 853 12935 882 936 12936 879 935 12937 881 934 12938 795 848 12939 797 849 12940 879 935 12941 884 938 12942 793 847 12943 795 848 12944 885 939 12945 884 938 12946 882 936 12947 886 940 12948 884 938 12949 885 939 12950 887 837 12951 793 847 12952 884 938 12953 889 942 12954 783 833 12955 887 837 12956 890 943 12957 889 942 12958 886 940 12959 891 944 12960 889 942 12961 890 943 12962 781 832 12963 783 833 12964 889 942 12965 893 946 12966 779 831 12967 781 832 12968 894 947 12969 893 946 12970 891 944 12971 895 948 12972 893 946 12973 894 947 12974 896 821 12975 779 831 12976 893 946 12977 898 950 12978 769 817 12979 896 821 12980 899 951 12981 898 950 12982 895 948 12983 900 952 12984 898 950 12985 899 951 12986 767 816 12987 769 817 12988 898 950 12989 902 954 12990 765 815 12991 767 816 12992 903 955 12993 902 954 12994 900 952 12995 904 956 12996 902 954 12997 903 955 12998 905 805 12999 765 815 13000 902 954 13001 907 958 13002 755 801 13003 905 805 13004 908 959 13005 907 958 13006 904 956 13007 909 960 13008 907 958 13009 908 959 13010 753 800 13011 755 801 13012 907 958 13013 911 962 13014 751 799 13015 753 800 13016 912 963 13017 911 962 13018 909 960 13019 913 964 13020 911 962 13021 912 963 13022 914 789 13023 751 799 13024 911 962 13025 916 966 13026 741 785 13027 914 789 13028 917 967 13029 916 966 13030 913 964 13031 918 968 13032 916 966 13033 917 967 13034 739 784 13035 741 785 13036 916 966 13037 920 970 13038 737 783 13039 739 784 13040 921 971 13041 920 970 13042 918 968 13043 922 972 13044 920 970 13045 921 971 13046 923 773 13047 737 783 13048 920 970 13049 925 974 13050 727 769 13051 923 773 13052 926 975 13053 925 974 13054 922 972 13055 927 976 13056 925 974 13057 926 975 13058 725 768 13059 727 769 13060 925 974 13061 929 978 13062 723 767 13063 725 768 13064 930 979 13065 929 978 13066 927 976 13067 931 980 13068 929 978 13069 930 979 13070 932 757 13071 723 767 13072 929 978 13073 934 982 13074 713 753 13075 932 757 13076 935 983 13077 934 982 13078 931 980 13079 936 984 13080 934 982 13081 935 983 13082 711 752 13083 713 753 13084 934 982 13085 938 986 13086 709 751 13087 711 752 13088 939 987 13089 938 986 13090 936 984 13091 940 988 13092 938 986 13093 939 987 13094 943 741 13095 709 751 13096 938 986 13097 944 990 13098 942 991 13099 940 988 13100 942 991 13101 699 737 13102 943 741 13103 945 992 13104 942 991 13105 944 990 13106 697 736 13107 699 737 13108 942 991 13109 947 994 13110 695 735 13111 697 736 13112 948 995 13113 947 994 13114 945 992 13115 949 996 13116 947 994 13117 948 995 13118 950 725 13119 695 735 13120 947 994 13121 952 998 13122 685 721 13123 950 725 13124 953 999 13125 952 998 13126 949 996 13127 954 1000 13128 952 998 13129 953 999 13130 683 720 13131 685 721 13132 952 998 13133 956 1002 13134 681 719 13135 683 720 13136 957 1003 13137 956 1002 13138 954 1000 13139 958 1004 13140 956 1002 13141 957 1003 13142 959 709 13143 681 719 13144 956 1002 13145 961 1006 13146 671 705 13147 959 709 13148 962 1007 13149 961 1006 13150 958 1004 13151 963 1008 13152 961 1006 13153 962 1007 13154 669 704 13155 671 705 13156 961 1006 13157 965 1010 13158 667 703 13159 669 704 13160 966 1011 13161 965 1010 13162 963 1008 13163 967 1012 13164 965 1010 13165 966 1011 13166 968 693 13167 667 703 13168 965 1010 13169 970 1014 13170 657 689 13171 968 693 13172 971 1015 13173 970 1014 13174 967 1012 13175 972 1016 13176 970 1014 13177 971 1015 13178 655 688 13179 657 689 13180 970 1014 13181 974 1018 13182 653 687 13183 655 688 13184 975 1019 13185 974 1018 13186 972 1016 13187 976 1020 13188 974 1018 13189 975 1019 13190 977 677 13191 653 687 13192 974 1018 13193 979 1022 13194 643 673 13195 977 677 13196 980 1023 13197 979 1022 13198 976 1020 13199 981 1024 13200 979 1022 13201 980 1023 13202 641 672 13203 643 673 13204 979 1022 13205 983 1026 13206 639 671 13207 641 672 13208 984 1027 13209 983 1026 13210 981 1024 13211 985 646 13212 983 1026 13213 984 1027 13214 627 656 13215 639 671 13216 983 1026 13217 617 643 13218 984 1027 13219 986 1028 13220 986 1028 13221 984 1027 13222 982 1025 13223 615 640 13224 986 1028 13225 987 1030 13226 987 1030 13227 986 1028 13228 988 1029 13229 982 1025 13230 980 1023 13231 989 1032 13232 988 1029 13233 989 1032 13234 991 1033 13235 991 1033 13236 994 1037 13237 992 1034 13238 990 1031 13239 992 1034 13240 995 1035 13241 993 1036 13242 996 1038 13243 995 1035 13244 994 1037 13245 1016 1042 13246 993 1036 13247 997 632 13248 995 1035 13249 996 1038 13250 987 1030 13251 995 1035 13252 997 632 13253 996 1038 13254 998 1040 13255 601 627 13256 1000 1039 13257 998 1040 13258 996 1038 13259 998 1040 13260 999 1045 13261 599 626 13262 1002 1041 13263 999 1045 13264 998 1040 13265 1016 1042 13266 1001 1043 13267 1000 1039 13268 1001 1043 13269 1003 1044 13270 1002 1041 13271 1003 1044 13272 574 597 13273 576 600 13274 576 600 13275 1363 602 13276 999 1045 13277 572 598 13278 574 597 13279 1003 1044 13280 1004 1046 13281 1003 1044 13282 1001 1043 13283 1009 1048 13284 1006 1049 13285 1004 1046 13286 1006 1049 13287 1007 586 13288 572 598 13289 562 584 13290 1007 586 13291 1006 1049 13292 1008 1050 13293 1006 1049 13294 1009 1048 13295 1010 1051 13296 1009 1048 13297 1011 1052 13298 1011 1052 13299 1009 1048 13300 1005 1047 13301 1012 1053 13302 1011 1052 13303 1013 1055 13304 1013 1055 13305 1011 1052 13306 1014 1054 13307 1014 1054 13308 1016 1042 13309 994 1037 13310 1005 1047 13311 1001 1043 13312 1016 1042 13313 1017 1058 13314 1019 1060 13315 1013 1055 13316 1017 1058 13317 1015 1057 13318 994 1037 13319 991 1033 13320 989 1032 13321 1018 1059 13322 1018 1059 13323 1021 1063 13324 1019 1060 13325 1019 1060 13326 1021 1063 13327 1022 1061 13328 1020 1062 13329 1034 1056 13330 1013 1055 13331 1021 1063 13332 975 1019 13333 973 1017 13334 978 1021 13335 975 1019 13336 1021 1063 13337 973 1017 13338 971 1015 13339 1023 1064 13340 1022 1061 13341 1023 1064 13342 1024 1065 13343 1024 1065 13344 1023 1064 13345 1025 1066 13346 1023 1064 13347 971 1015 13348 969 1013 13349 969 1013 13350 966 1011 13351 1026 1068 13352 1025 1066 13353 1026 1068 13354 1028 1069 13355 1028 1069 13356 1031 1073 13357 1029 1070 13358 1027 1067 13359 1029 1070 13360 1032 1071 13361 1030 1072 13362 1033 1074 13363 1032 1071 13364 1031 1073 13365 1053 1078 13366 1030 1072 13367 1032 1071 13368 1033 1074 13369 1012 1053 13370 1024 1065 13371 1032 1071 13372 1034 1056 13373 1033 1074 13374 1035 1076 13375 1010 1051 13376 1037 1075 13377 1035 1076 13378 1033 1074 13379 1035 1076 13380 1036 1081 13381 1008 1050 13382 1039 1077 13383 1036 1081 13384 1035 1076 13385 1053 1078 13386 1038 1079 13387 1037 1075 13388 1038 1079 13389 1040 1080 13390 1039 1077 13391 1040 1080 13392 1041 570 13393 558 582 13394 558 582 13395 560 581 13396 1036 1081 13397 548 568 13398 1041 570 13399 1040 1080 13400 1042 1082 13401 1040 1080 13402 1038 1079 13403 1046 1084 13404 1044 1085 13405 1042 1082 13406 1044 1085 13407 546 565 13408 548 568 13409 544 566 13410 546 565 13411 1044 1085 13412 1045 1086 13413 1044 1085 13414 1046 1084 13415 1047 1087 13416 1046 1084 13417 1048 1088 13418 1048 1088 13419 1046 1084 13420 1043 1083 13421 1049 1089 13422 1048 1088 13423 1050 1091 13424 1050 1091 13425 1048 1088 13426 1051 1090 13427 1053 1078 13428 1031 1073 13429 1052 1093 13430 1043 1083 13431 1038 1079 13432 1053 1078 13433 1056 1094 13434 1050 1091 13435 1052 1093 13436 1054 1095 13437 1052 1093 13438 1031 1073 13439 1028 1069 13440 1026 1068 13441 1055 1096 13442 1055 1096 13443 1058 1099 13444 1056 1094 13445 1056 1094 13446 1058 1099 13447 1059 1097 13448 1057 1098 13449 1071 1092 13450 1050 1091 13451 1058 1099 13452 962 1007 13453 960 1005 13454 964 1009 13455 962 1007 13456 1058 1099 13457 960 1005 13458 957 1003 13459 1060 1100 13460 1059 1097 13461 1060 1100 13462 1061 1101 13463 1061 1101 13464 1060 1100 13465 1062 1102 13466 1060 1100 13467 957 1003 13468 955 1001 13469 955 1001 13470 953 999 13471 1063 1104 13472 1062 1102 13473 1063 1104 13474 1065 1105 13475 1065 1105 13476 1068 1109 13477 1066 1106 13478 1061 1101 13479 1064 1103 13480 1066 1106 13481 1067 1108 13482 1070 1110 13483 1069 1107 13484 1068 1109 13485 1090 1114 13486 1067 1108 13487 1069 1107 13488 1070 1110 13489 1049 1089 13490 1061 1101 13491 1069 1107 13492 1071 1092 13493 1070 1110 13494 1072 1112 13495 1047 1087 13496 1074 1111 13497 1072 1112 13498 1070 1110 13499 1072 1112 13500 1073 1117 13501 1045 1086 13502 1076 1113 13503 1073 1117 13504 1072 1112 13505 1090 1114 13506 1075 1115 13507 1074 1111 13508 1075 1115 13509 1077 1116 13510 1076 1113 13511 1077 1116 13512 532 549 13513 534 552 13514 534 552 13515 1362 554 13516 1073 1117 13517 530 550 13518 532 549 13519 1077 1116 13520 1078 1118 13521 1077 1116 13522 1075 1115 13523 1083 1120 13524 1080 1121 13525 1078 1118 13526 1080 1121 13527 1081 538 13528 530 550 13529 520 536 13530 1081 538 13531 1080 1121 13532 1082 1122 13533 1080 1121 13534 1083 1120 13535 1084 1123 13536 1083 1120 13537 1085 1124 13538 1085 1124 13539 1083 1120 13540 1079 1119 13541 1086 1125 13542 1085 1124 13543 1087 1127 13544 1087 1127 13545 1085 1124 13546 1088 1126 13547 1088 1126 13548 1090 1114 13549 1068 1109 13550 1079 1119 13551 1075 1115 13552 1090 1114 13553 1093 1130 13554 1087 1127 13555 1089 1129 13556 1065 1105 13557 1091 1131 13558 1089 1129 13559 1065 1105 13560 1063 1104 13561 1092 1132 13562 1092 1132 13563 1095 1135 13564 1093 1130 13565 1093 1130 13566 1095 1135 13567 1096 1133 13568 1093 1130 13569 1094 1134 13570 1116 1128 13571 1095 1135 13572 948 995 13573 946 993 13574 951 997 13575 948 995 13576 1095 1135 13577 946 993 13578 944 990 13579 1097 1136 13580 1096 1133 13581 1097 1136 13582 1098 1137 13583 1098 1137 13584 1097 1136 13585 1099 1138 13586 1097 1136 13587 944 990 13588 941 989 13589 1099 1138 13590 1101 1141 13591 1102 1140 13592 941 989 13593 939 987 13594 1101 1141 13595 1102 1140 13596 1101 1141 13597 1103 1142 13598 1101 1141 13599 939 987 13600 937 985 13601 937 985 13602 935 983 13603 1104 1144 13604 1103 1142 13605 1104 1144 13606 1106 1145 13607 1105 1143 13608 1106 1145 13609 1109 1146 13610 1102 1140 13611 1105 1143 13612 1107 1147 13613 1108 1149 13614 1111 1158 13615 1110 1148 13616 1109 1146 13617 1139 1161 13618 1108 1149 13619 1110 1148 13620 1111 1158 13621 1113 1150 13622 1102 1140 13623 1110 1148 13624 1112 1151 13625 1113 1150 13626 1115 1153 13627 1114 1152 13628 1098 1137 13629 1100 1139 13630 1112 1151 13631 1114 1152 13632 1115 1153 13633 1086 1125 13634 1098 1137 13635 1114 1152 13636 1116 1128 13637 1115 1153 13638 1117 1155 13639 1084 1123 13640 1119 1154 13641 1117 1155 13642 1115 1153 13643 1117 1155 13644 1118 1387 13645 1082 1122 13646 1120 1156 13647 1118 1387 13648 1117 1155 13649 1121 1157 13650 1122 1164 13651 1120 1156 13652 1111 1158 13653 1121 1157 13654 1119 1154 13655 1125 1159 13656 1122 1164 13657 1121 1157 13658 1123 1160 13659 1121 1157 13660 1111 1158 13661 1139 1161 13662 1124 1162 13663 1123 1160 13664 1124 1162 13665 1126 1163 13666 1125 1159 13667 1126 1163 13668 504 517 13669 506 520 13670 506 520 13671 1361 522 13672 1122 1164 13673 502 518 13674 504 517 13675 1126 1163 13676 1127 1165 13677 1126 1163 13678 1124 1162 13679 1132 1167 13680 1129 1168 13681 1127 1165 13682 1129 1168 13683 1130 506 13684 502 518 13685 492 504 13686 1130 506 13687 1129 1168 13688 1131 1169 13689 1129 1168 13690 1132 1167 13691 1133 1170 13692 1132 1167 13693 1134 1171 13694 1134 1171 13695 1132 1167 13696 1128 1166 13697 1134 1171 13698 1136 1175 13699 1157 1174 13700 1136 1175 13701 1134 1171 13702 1137 1173 13703 1137 1173 13704 1139 1161 13705 1109 1146 13706 1128 1166 13707 1124 1162 13708 1139 1161 13709 1140 1177 13710 1142 1179 13711 1136 1175 13712 1140 1177 13713 1138 1176 13714 1109 1146 13715 1106 1145 13716 1104 1144 13717 1141 1178 13718 1141 1178 13719 1144 1182 13720 1142 1179 13721 1142 1179 13722 1144 1182 13723 1145 1180 13724 1143 1181 13725 1157 1174 13726 1136 1175 13727 1144 1182 13728 930 979 13729 928 977 13730 933 981 13731 930 979 13732 1144 1182 13733 928 977 13734 926 975 13735 1146 1183 13736 1145 1180 13737 1146 1183 13738 1147 1184 13739 1147 1184 13740 1146 1183 13741 1148 1185 13742 1146 1183 13743 926 975 13744 924 973 13745 924 973 13746 921 971 13747 1149 1187 13748 1148 1185 13749 1149 1187 13750 1151 1188 13751 1151 1188 13752 1154 1192 13753 1152 1189 13754 1147 1184 13755 1150 1186 13756 1152 1189 13757 1153 1191 13758 1156 1193 13759 1155 1190 13760 1154 1192 13761 1176 1197 13762 1153 1191 13763 1155 1190 13764 1156 1193 13765 1135 1172 13766 1147 1184 13767 1155 1190 13768 1157 1174 13769 1156 1193 13770 1158 1195 13771 1133 1170 13772 1160 1194 13773 1158 1195 13774 1156 1193 13775 1158 1195 13776 1159 1200 13777 1131 1169 13778 1162 1196 13779 1159 1200 13780 1158 1195 13781 1176 1197 13782 1161 1198 13783 1160 1194 13784 1161 1198 13785 1163 1199 13786 1162 1196 13787 1163 1199 13788 1164 490 13789 488 502 13790 488 502 13791 490 501 13792 1159 1200 13793 478 488 13794 1164 490 13795 1163 1199 13796 1165 1201 13797 1163 1199 13798 1161 1198 13799 1169 1203 13800 1167 1204 13801 1165 1201 13802 1167 1204 13803 476 485 13804 478 488 13805 474 486 13806 476 485 13807 1167 1204 13808 1168 1205 13809 1167 1204 13810 1169 1203 13811 1170 1206 13812 1169 1203 13813 1171 1207 13814 1171 1207 13815 1169 1203 13816 1166 1202 13817 1172 1208 13818 1171 1207 13819 1173 1210 13820 1173 1210 13821 1171 1207 13822 1174 1209 13823 1174 1209 13824 1176 1197 13825 1154 1192 13826 1166 1202 13827 1161 1198 13828 1176 1197 13829 1179 1213 13830 1173 1210 13831 1175 1212 13832 1151 1188 13833 1177 1214 13834 1175 1212 13835 1151 1188 13836 1149 1187 13837 1178 1215 13838 1178 1215 13839 1181 1218 13840 1179 1213 13841 1179 1213 13842 1181 1218 13843 1182 1216 13844 1179 1213 13845 1180 1217 13846 1194 1211 13847 1181 1218 13848 917 967 13849 915 965 13850 919 969 13851 917 967 13852 1181 1218 13853 915 965 13854 912 963 13855 1183 1219 13856 1182 1216 13857 1183 1219 13858 1184 1220 13859 1184 1220 13860 1183 1219 13861 1185 1221 13862 1183 1219 13863 912 963 13864 910 961 13865 910 961 13866 908 959 13867 1186 1223 13868 1185 1221 13869 1186 1223 13870 1188 1224 13871 1188 1224 13872 1191 1228 13873 1189 1225 13874 1184 1220 13875 1187 1222 13876 1189 1225 13877 1190 1227 13878 1193 1229 13879 1192 1226 13880 1191 1228 13881 1213 1233 13882 1190 1227 13883 1192 1226 13884 1193 1229 13885 1172 1208 13886 1184 1220 13887 1192 1226 13888 1194 1211 13889 1193 1229 13890 1195 1231 13891 1170 1206 13892 1197 1230 13893 1195 1231 13894 1193 1229 13895 1195 1231 13896 1196 1236 13897 1168 1205 13898 1199 1232 13899 1196 1236 13900 1195 1231 13901 1213 1233 13902 1198 1234 13903 1197 1230 13904 1198 1234 13905 1200 1235 13906 1199 1232 13907 1200 1235 13908 462 469 13909 464 472 13910 464 472 13911 1360 474 13912 1196 1236 13913 460 470 13914 462 469 13915 1200 1235 13916 1201 1237 13917 1200 1235 13918 1198 1234 13919 1206 1239 13920 1203 1240 13921 1201 1237 13922 1203 1240 13923 1204 458 13924 460 470 13925 450 456 13926 1204 458 13927 1203 1240 13928 1205 1241 13929 1203 1240 13930 1206 1239 13931 1207 1242 13932 1206 1239 13933 1208 1243 13934 1208 1243 13935 1206 1239 13936 1202 1238 13937 1209 1244 13938 1208 1243 13939 1210 1246 13940 1210 1246 13941 1208 1243 13942 1211 1245 13943 1211 1245 13944 1213 1233 13945 1191 1228 13946 1202 1238 13947 1198 1234 13948 1213 1233 13949 1216 1249 13950 1210 1246 13951 1212 1248 13952 1188 1224 13953 1214 1250 13954 1212 1248 13955 1188 1224 13956 1186 1223 13957 1215 1251 13958 1215 1251 13959 1218 1254 13960 1216 1249 13961 1216 1249 13962 1218 1254 13963 1219 1252 13964 1217 1253 13965 1231 1247 13966 1210 1246 13967 1218 1254 13968 903 955 13969 901 953 13970 906 957 13971 903 955 13972 1218 1254 13973 901 953 13974 899 951 13975 1220 1255 13976 1219 1252 13977 1220 1255 13978 1221 1256 13979 1221 1256 13980 1220 1255 13981 1222 1257 13982 1220 1255 13983 899 951 13984 897 949 13985 897 949 13986 894 947 13987 1223 1259 13988 1222 1257 13989 1223 1259 13990 1225 1260 13991 1224 1258 13992 1225 1260 13993 1228 1261 13994 1224 1258 13995 1226 1262 13996 1229 1263 13997 1227 1264 13998 1230 1265 13999 1229 1263 14000 1228 1261 14001 1250 1269 14002 1227 1264 14003 1231 1247 14004 1229 1263 14005 1230 1265 14006 1217 1253 14007 1221 1256 14008 1229 1263 14009 1230 1265 14010 1232 1267 14011 1207 1242 14012 1234 1266 14013 1232 1267 14014 1230 1265 14015 1232 1267 14016 1233 1272 14017 1205 1241 14018 1236 1268 14019 1233 1272 14020 1232 1267 14021 1250 1269 14022 1235 1270 14023 1234 1266 14024 1235 1270 14025 1237 1271 14026 1236 1268 14027 1237 1271 14028 1238 442 14029 446 454 14030 446 454 14031 448 453 14032 1233 1272 14033 436 440 14034 1238 442 14035 1237 1271 14036 1239 1273 14037 1237 1271 14038 1235 1270 14039 1243 1275 14040 1241 1276 14041 1239 1273 14042 1241 1276 14043 434 437 14044 436 440 14045 432 438 14046 434 437 14047 1241 1276 14048 1242 1277 14049 1241 1276 14050 1243 1275 14051 1244 1278 14052 1243 1275 14053 1245 1279 14054 1245 1279 14055 1243 1275 14056 1240 1274 14057 1245 1279 14058 1247 1283 14059 1268 1282 14060 1247 1283 14061 1245 1279 14062 1248 1281 14063 1248 1281 14064 1250 1269 14065 1228 1261 14066 1240 1274 14067 1235 1270 14068 1250 1269 14069 1251 1285 14070 1253 1287 14071 1247 1283 14072 1251 1285 14073 1249 1284 14074 1228 1261 14075 1225 1260 14076 1223 1259 14077 1252 1286 14078 1252 1286 14079 1255 1290 14080 1253 1287 14081 1253 1287 14082 1255 1290 14083 1256 1288 14084 1254 1289 14085 1268 1282 14086 1247 1283 14087 1255 1290 14088 890 943 14089 888 941 14090 892 945 14091 890 943 14092 1255 1290 14093 888 941 14094 885 939 14095 1257 1291 14096 1256 1288 14097 1257 1291 14098 1258 1292 14099 1258 1292 14100 1257 1291 14101 1259 1293 14102 1257 1291 14103 885 939 14104 883 937 14105 883 937 14106 881 934 14107 1260 1295 14108 1259 1293 14109 1260 1295 14110 1262 1296 14111 1261 1294 14112 1262 1296 14113 1265 1297 14114 1261 1294 14115 1263 1298 14116 1266 1299 14117 1264 1300 14118 1267 1301 14119 1266 1299 14120 1265 1297 14121 1286 1305 14122 1264 1300 14123 1266 1299 14124 1267 1301 14125 1246 1280 14126 1258 1292 14127 1266 1299 14128 1268 1282 14129 1267 1301 14130 1269 1303 14131 1244 1278 14132 1271 1302 14133 1269 1303 14134 1267 1301 14135 1269 1303 14136 1270 1308 14137 1242 1277 14138 1273 1304 14139 1270 1308 14140 1269 1303 14141 1286 1305 14142 1272 1306 14143 1271 1302 14144 1272 1306 14145 1274 1307 14146 1273 1304 14147 1274 1307 14148 420 422 14149 422 424 14150 422 424 14151 1359 426 14152 1270 1308 14153 418 421 14154 420 422 14155 1274 1307 14156 1275 1309 14157 1274 1307 14158 1272 1306 14159 1277 1311 14160 1278 410 14161 418 421 14162 1280 1312 14163 1277 1311 14164 1275 1309 14165 408 408 14166 1278 410 14167 1277 1311 14168 1279 1313 14169 1277 1311 14170 1280 1312 14171 1281 1314 14172 1280 1312 14173 1282 1315 14174 1282 1315 14175 1280 1312 14176 1276 1310 14177 1283 1316 14178 1282 1315 14179 1284 1318 14180 1284 1318 14181 1282 1315 14182 1285 1317 14183 1276 1310 14184 1272 1306 14185 1286 1305 14186 1286 1305 14187 1265 1297 14188 1287 1320 14189 1288 1321 14190 1287 1320 14191 1265 1297 14192 1288 1321 14193 1290 1323 14194 1284 1318 14195 1289 1322 14196 1292 1326 14197 1290 1323 14198 1262 1296 14199 1260 1295 14200 1289 1322 14201 1290 1323 14202 1292 1326 14203 1293 1324 14204 1290 1323 14205 1291 1325 14206 1305 1319 14207 1292 1326 14208 876 931 14209 874 929 14210 878 933 14211 876 931 14212 1292 1326 14213 874 929 14214 872 927 14215 1294 1327 14216 1293 1324 14217 1294 1327 14218 1295 1328 14219 1295 1328 14220 1294 1327 14221 1296 1329 14222 1294 1327 14223 872 927 14224 870 925 14225 870 925 14226 867 923 14227 1297 1331 14228 1296 1329 14229 1297 1331 14230 1299 1332 14231 1299 1332 14232 1302 1336 14233 1300 1333 14234 1295 1328 14235 1298 1330 14236 1300 1333 14237 1301 1335 14238 1304 1337 14239 1303 1334 14240 1302 1336 14241 1324 1341 14242 1301 1335 14243 1303 1334 14244 1304 1337 14245 1283 1316 14246 1295 1328 14247 1303 1334 14248 1305 1319 14249 1304 1337 14250 1306 1339 14251 1281 1314 14252 1308 1338 14253 1306 1339 14254 1304 1337 14255 1306 1339 14256 1307 1344 14257 1279 1313 14258 1310 1340 14259 1307 1344 14260 1306 1339 14261 1324 1341 14262 1309 1342 14263 1308 1338 14264 1309 1342 14265 1311 1343 14266 1310 1340 14267 1311 1343 14268 1312 394 14269 404 406 14270 404 406 14271 406 405 14272 1307 1344 14273 394 392 14274 1312 394 14275 1311 1343 14276 1313 1345 14277 1311 1343 14278 1309 1342 14279 1317 1347 14280 1315 1348 14281 1313 1345 14282 1315 1348 14283 392 389 14284 394 392 14285 390 390 14286 392 389 14287 1315 1348 14288 1316 1349 14289 1315 1348 14290 1317 1347 14291 1318 1350 14292 1317 1347 14293 1319 1351 14294 1319 1351 14295 1317 1347 14296 1314 1346 14297 1320 1352 14298 1319 1351 14299 1321 1354 14300 1321 1354 14301 1319 1351 14302 1322 1353 14303 1322 1353 14304 1324 1341 14305 1302 1336 14306 1314 1346 14307 1309 1342 14308 1324 1341 14309 1327 1357 14310 1321 1354 14311 1323 1356 14312 1299 1332 14313 1325 1358 14314 1323 1356 14315 1299 1332 14316 1297 1331 14317 1326 1359 14318 1326 1359 14319 1329 1362 14320 1327 1357 14321 1327 1357 14322 1329 1362 14323 1330 1360 14324 1327 1357 14325 1328 1361 14326 1342 1355 14327 1329 1362 14328 863 919 14329 861 917 14330 865 921 14331 863 919 14332 1329 1362 14333 861 917 14334 858 915 14335 1331 1363 14336 1330 1360 14337 1331 1363 14338 1332 1364 14339 1332 1364 14340 1331 1363 14341 1333 1365 14342 1331 1363 14343 858 915 14344 856 913 14345 856 913 14346 854 911 14347 1334 1367 14348 1333 1365 14349 1334 1367 14350 1336 1368 14351 1336 1368 14352 1339 1372 14353 1337 1369 14354 1332 1364 14355 1335 1366 14356 1337 1369 14357 1338 1371 14358 1341 1373 14359 1340 1370 14360 1339 1372 14361 1354 1377 14362 1338 1371 14363 1340 1370 14364 1341 1373 14365 1320 1352 14366 1332 1364 14367 1340 1370 14368 1342 1355 14369 1341 1373 14370 1343 1375 14371 1318 1350 14372 1345 1374 14373 1343 1375 14374 1341 1373 14375 1343 1375 14376 1344 1380 14377 1316 1349 14378 1347 1376 14379 1344 1380 14380 1343 1375 14381 1354 1377 14382 1346 1378 14383 1345 1374 14384 1346 1378 14385 1348 1379 14386 1347 1376 14387 1348 1379 14388 378 372 14389 380 376 14390 380 376 14391 1358 378 14392 1344 1380 14393 375 373 14394 378 372 14395 1348 1379 14396 1349 1381 14397 1348 1379 14398 1346 1378 14399 1352 623 14400 596 620 14401 1349 1381 14402 596 620 14403 594 374 14404 375 373 14405 1350 1382 14406 1346 1378 14407 1354 1377 14408 606 634 14409 1352 623 14410 1350 1382 14411 1351 1383 14412 1354 1377 14413 1339 1372 14414 608 635 14415 606 634 14416 1351 1383 14417 611 636 14418 608 635 14419 1353 1384 14420 1336 1368 14421 1355 1385 14422 1353 1384 14423 1336 1368 14424 1334 1367 14425 1356 1386 14426 1356 1386 14427 1357 648 14428 611 636 14429 1334 1367 14430 854 911 14431 852 910 14432 852 910 14433 620 649 14434 1357 648 14435 1344 1380 14436 1358 378 14437 390 390 14438 1297 1331 14439 867 923 14440 865 921 14441 1307 1344 14442 406 405 14443 408 408 14444 1260 1295 14445 881 934 14446 878 933 14447 1270 1308 14448 1359 426 14449 432 438 14450 1223 1259 14451 894 947 14452 892 945 14453 1233 1272 14454 448 453 14455 450 456 14456 1186 1223 14457 908 959 14458 906 957 14459 1196 1236 14460 1360 474 14461 474 486 14462 1149 1187 14463 921 971 14464 919 969 14465 1159 1200 14466 490 501 14467 492 504 14468 1104 1144 14469 935 983 14470 933 981 14471 1122 1164 14472 1361 522 14473 516 533 14474 516 533 14475 518 534 14476 1118 1387 14477 1118 1387 14478 518 534 14479 520 536 14480 1063 1104 14481 953 999 14482 951 997 14483 1073 1117 14484 1362 554 14485 544 566 14486 1026 1068 14487 966 1011 14488 964 1009 14489 1036 1081 14490 560 581 14491 562 584 14492 989 1032 14493 980 1023 14494 978 1021 14495 999 1045 14496 1363 602 14497 586 614 14498</p>
        </triangles>
      </mesh>
    </geometry>
  </library_geometries>
  <library_visual_scenes>
    <visual_scene id="Scene" name="Scene">
      <node id="yandex_bot_054" name="yandex_bot.054" type="NODE">
        <matrix sid="transform">0.1385349 -9.02808e-8 0 0 9.02808e-8 0.1385349 0 0 0 0 0.1385349 0 0 0 0 1</matrix>
        <instance_geometry url="#Cylinder_055-mesh" name="yandex_bot.054">
          <bind_material>
            <technique_common>
              <instance_material symbol="white-material" target="#white-material">
                <bind_vertex_input semantic="UVMap" input_semantic="TEXCOORD" input_set="0"/>
              </instance_material>
              <instance_material symbol="black-material" target="#black-material">
                <bind_vertex_input semantic="UVMap" input_semantic="TEXCOORD" input_set="0"/>
              </instance_material>
              <instance_material symbol="red-material" target="#red-material">
                <bind_vertex_input semantic="UVMap" input_semantic="TEXCOORD" input_set="0"/>
              </instance_material>
              <instance_material symbol="black_g-material" target="#black_g-material">
                <bind_vertex_input semantic="UVMap" input_semantic="TEXCOORD" input_set="0"/>
              </instance_material>
            </technique_common>
          </bind_material>
        </instance_geometry>
      </node>
    </visual_scene>
  </library_visual_scenes>
  <scene>
    <instance_visual_scene url="#Scene"/>
  </scene>
</COLLADA>