<?xml version="1.0" encoding="utf-8"?>
<COLLADA xmlns="http://www.collada.org/2005/11/COLLADASchema" version="1.4.1" xmlns:xsi="http://www.w3.org/2001/XMLSchema-instance">
  <asset>
    <contributor>
      <author>Blender User</author>
      <authoring_tool>Blender 4.1.0 commit date:2024-03-25, commit time:20:42, hash:40a5e739e270</authoring_tool>
    </contributor>
    <created>2025-11-09T20:39:13</created>
    <modified>2025-11-09T20:39:13</modified>
    <unit name="meter" meter="1"/>
    <up_axis>Z_UP</up_axis>
  </asset>
  <library_effects>
    <effect id="Dark_Black-effect">
      <profile_COMMON>
        <technique sid="common">
          <lambert>
            <emission>
              <color sid="emission">0 0 0 1</color>
            </emission>
            <diffuse>
              <color sid="diffuse">0.005605387 0.005605389 0.005605392 1</color>
            </diffuse>
            <index_of_refraction>
              <float sid="ior">1.5</float>
            </index_of_refraction>
          </lambert>
        </technique>
      </profile_COMMON>
    </effect>
    <effect id="Bloody_Red-effect">
      <profile_COMMON>
        <technique sid="common">
          <lambert>
            <emission>
              <color sid="emission">0 0 0 1</color>
            </emission>
            <diffuse>
              <color sid="diffuse">0.8000001 0 0.003354789 1</color>
            </diffuse>
            <index_of_refraction>
              <float sid="ior">1.5</float>
            </index_of_refraction>
          </lambert>
        </technique>
      </profile_COMMON>
    </effect>
  </library_effects>
  <library_images/>
  <library_materials>
    <material id="Dark_Black-material" name="Dark Black">
      <instance_effect url="#Dark_Black-effect"/>
    </material>
    <material id="Bloody_Red-material" name="Bloody Red">
      <instance_effect url="#Bloody_Red-effect"/>
    </material>
  </library_materials>
  <library_geometries>
    <geometry id="Circle_009-mesh" name="Circle.009">
      <mesh>
        <source id="Circle_009-mesh-positions">
          <float_array id="Circle_009-mesh-positions-array" count="2244">-0.004203438 -0.6617937 0.4146963 -0.1508027 -0.7367697 -0.3596363 -0.006863832 -0.8079963 -0.3474829 -0.006474018 -0.9147439 -0.235793 -0.006473958 -0.8807616 -0.2357892 -0.1617199 -0.7918758 -0.3469423 -0.2623714 -0.6453095 -0.3285884 -0.1490546 -0.7432647 0.5113594 -0.3459439 -0.8533402 0.4154708 -0.1714276 -0.8554998 0.4976372 -0.1398433 -0.68221 -0.3290085 -0.2463458 -0.6074128 -0.2345361 -0.5734658 -0.5710406 -0.3455047 -0.4150161 -0.6276875 -0.3587136 -0.4461779 -0.6743908 -0.345949 -0.3845505 -0.5865712 0.4986522 -0.6506223 -0.6508565 0.4165347 -0.6291763 -0.4212055 0.5096249 -0.5489364 -0.3673744 0.4165989 -0.5698583 -0.6790032 -0.2338222 -0.4954861 -0.4960094 0.4990397 -0.4646666 -0.4626322 -0.2337736 -0.6051102 -0.2543388 -0.2332834 -0.6428683 -0.2698426 -0.3272593 -0.6914116 -0.5549154 -0.2333974 -0.4939916 -0.4916287 -0.3277719 -0.6731669 -0.4486051 -0.3451562 -0.5823993 -0.3899264 0.4993433 -0.7647573 -0.511581 0.4169336 -0.7497905 -0.3153463 0.5133419 -0.7927112 -0.1647992 -0.3447384 -0.6461818 -0.1361818 0.4169389 -0.8524101 -0.1772603 0.5000076 -0.9007554 -0.1868195 0.4174088 -0.5801345 -0.3864846 -0.3274707 -0.6943848 -0.2911372 -0.3577379 -0.7462344 -0.3126326 -0.3449007 -0.6457065 -0.2722139 0.4995645 -0.697448 -0.2936654 0.513275 -0.6564783 -8.32081e-4 -0.2331036 -0.8649779 -0.1792516 -0.2327911 -0.6419681 -0.1348924 -0.2331542 -0.7406371 -0.1550369 0.513426 -0.8833644 -0.07763242 -0.2327269 -0.6825158 -0.1428923 -0.3271129 -0.7535286 -8.32081e-4 -0.3575329 -0.6564899 -8.32081e-4 -0.2331054 -0.7010473 -8.32081e-4 0.4997558 -0.7380158 0.1497926 -0.3575866 -0.8091978 -8.32081e-4 -0.3446823 -0.9155548 -8.32081e-4 -0.2326198 -0.9198915 -8.32081e-4 0.4174736 -0.6432964 0.1310381 -0.233151 -0.8128083 -8.32081e-4 0.5135601 -0.8485798 0.3453302 -0.2328531 -0.7533431 0.3069606 0.5133531 -0.6979394 0.2827525 -0.3577265 -0.8815728 0.09606266 -0.2327346 -0.8178535 0.3326025 -0.2329571 -0.86735 -8.32081e-4 -0.3119879 -0.8711199 -8.32081e-4 0.5000791 -0.7930777 0.1607537 -0.3447386 -0.6470115 0.1322283 0.4169403 -0.6865395 0.1401486 0.4997057 -0.8973836 0.1815791 -0.2326828 -0.9015934 0.182868 0.41741 -0.6464492 0.2614689 -0.3272477 -0.7965612 0.1620426 0.5135037 -0.7414709 0.1510844 0.5134273 -0.8518825 0.3476377 0.4172368 -0.5485455 0.3605838 -0.2334812 -0.631747 0.4179182 0.5130447 -0.7261508 0.4809651 0.499566 -0.8501103 0.172121 -0.3120477 -0.8537534 0.1734094 0.500019 -0.6833496 0.1389398 -0.3271114 -0.749804 0.3042541 -0.3448892 -0.6120584 0.2482995 0.4168186 -0.6492761 0.263835 0.499576 -0.6082245 0.2457714 -0.233273 -0.7010176 0.2852869 0.5132865 -0.6784939 0.4491534 0.513092 -0.6129819 0.6133542 -0.3128753 -0.6474047 0.6480537 -0.2335548 -0.5739022 0.5771566 0.5127272 -0.7371948 0.4866352 -0.2332381 -0.803521 0.3265514 -0.3122103 -0.8067882 0.3290787 0.4998552 -0.5722435 0.5725021 -0.3455089 -0.6289343 0.4140072 -0.3579669 -0.6755931 0.4452133 -0.3451482 -0.5513594 0.3639803 0.4166069 -0.5848255 0.3865347 0.4993513 -0.76396 0.5045195 -0.233148 -0.7671836 0.5081892 0.4169416 -0.4820653 0.7206493 -0.3133323 -0.6494 0.652318 0.4165305 -0.4194251 0.631197 0.5088928 -0.4186381 0.6254869 -0.3587005 -0.365918 0.550633 0.4159601 -0.4821932 0.7250829 0.4987149 -0.6798157 0.5692849 -0.2334384 -0.7239258 0.4775844 -0.3124881 -0.5825607 0.3830929 -0.3274627 -0.5322229 0.5324369 -0.3583045 -0.4658461 0.4687648 0.4163087 -0.4942637 0.4974709 0.4990355 -0.5090609 0.7614646 -0.2340378 -0.4634442 0.4640937 -0.2337778 -0.533854 0.5371084 0.5127035 -0.2551524 0.604538 -0.2345049 -0.2709847 0.6419683 -0.3285574 -0.5557287 0.6908383 -0.2338711 -0.6148185 0.6180253 0.4991857 -0.4927693 0.4930902 -0.3277761 -0.449809 0.6722045 -0.3459358 -0.3881815 0.5843845 0.4986653 -0.5101254 0.7664542 0.4160448 -0.3645148 0.5451369 -0.2341231 -0.4507743 0.6781144 0.5089035 -0.3135554 0.7518239 0.511819 -0.1660047 0.7917495 -0.346926 -0.1771651 0.8484264 -0.3143966 -0.1864621 0.8965564 -0.2351633 -0.134727 0.6478791 0.4151536 -0.1423562 0.6876836 0.4978076 -0.1755181 0.8543964 0.4976449 -0.185366 0.902453 0.4149117 -0.3419789 0.8141532 -0.2346171 -0.3876258 0.5792337 -0.3281426 -0.2923863 0.693378 -0.3591411 -0.3138371 0.7452722 -0.3464099 -0.2552225 0.6101856 0.415574 -0.2704697 0.6476922 0.4982548 -0.3542975 0.8438935 -0.2345775 -0.3545563 0.8499961 0.415502 -0.2918741 0.6994815 0.5118591 -0.00117886 0.8087125 -0.3475008 -0.001065433 0.8665004 -0.3150117 -7.89036e-4 0.9155727 -0.2358109 -7.87563e-4 0.6559062 -0.2353923 -0.001116037 0.6964202 -0.3294988 -0.001223027 0.7520499 -0.3601569 -0.1800671 0.8644061 -0.2351818 -0.336021 0.7991023 -0.3138421 -0.3357139 0.8052039 0.4982119 -0.1549978 0.7361913 -0.3596202 0.001768887 0.873116 0.497026 -0.1357066 0.6413961 -0.2349213 -0.1642049 0.7977614 0.5112981 -0.1532465 0.7426705 0.5113755 0.001816689 0.8153272 0.5107189 0.0017699 0.703033 0.4973047 0.001479983 0.9216037 0.4142595 -0.07844835 0.882793 -0.2355365 -0.1440351 0.6816154 -0.3289924 -0.001223027 0.752522 -0.3601588 -7.8757e-4 0.6559181 -0.2353942 0.001817107 0.7591224 0.5108323 0.001481473 0.6620336 0.4146766 0.1485409 0.7370086 -0.3606811 -0.00117886 0.8082357 -0.3475027 -7.89042e-4 0.9149833 -0.2358129 0.001479983 0.9215884 0.4142574 0.1302222 0.6427245 -0.235851 0.001816689 0.8148418 0.5107167 0.3445113 0.8480077 -0.2370176 0.308748 0.7553763 0.5096456 0.2815002 0.6969323 -0.3611452 0.09524524 0.881001 -0.2361442 0.331784 0.8172813 -0.2369698 0.001768946 0.8731055 0.4970322 0.1595463 0.7921157 -0.3480637 0.1336815 0.6487088 0.4142153 0.1418899 0.6885257 0.496814 0.1807615 0.896812 -0.236446 0.1843193 0.9032912 0.4136196 0.2603235 0.6455488 -0.3304129 0.1638306 0.798595 0.5101515 0.152873 0.7435041 0.5103055 0.3490881 0.85358 0.4130448 0.3597666 0.5479732 -0.2366517 0.4197051 0.63378 0.5093743 0.4827033 0.7281356 0.4953461 0.1710268 0.8492618 -0.3156119 0.1751497 0.8557391 0.4964272 0.1377954 0.6824498 -0.3299776 0.3030456 0.7488418 -0.3485642 0.2497519 0.6137552 0.4138104 0.2655758 0.6512618 0.4963825 0.2449549 0.6076522 -0.2362509 0.2870746 0.7030511 0.5098373 0.4509397 0.6805263 0.5091495 0.6122573 0.6121316 -0.317152 0.647233 0.646831 -0.2380738 0.5789421 0.5759339 0.5087032 0.4858155 0.7366214 -0.2375071 0.3254563 0.8026719 -0.316151 0.3308182 0.8087735 0.4958841 0.5712921 0.57128 -0.3495004 0.4127541 0.6279268 -0.3616029 0.4440042 0.6746307 -0.3490561 0.3654319 0.5530562 0.4134069 0.3882745 0.5868106 0.4959546 0.5036996 0.7633872 -0.2375728 0.5096387 0.7688804 0.4124846 0.7195513 0.4812145 -0.3175265 0.6537663 0.6510959 0.4119818 0.6329707 0.4214449 0.5052191 0.6242324 0.4176293 -0.3623406 0.5520836 0.3676138 0.4127559 0.7268193 0.4841771 0.4944945 0.5684643 0.6792426 -0.2377955 0.4764883 0.7230764 -0.3166781 0.3819469 0.5816598 -0.3308293 0.5311831 0.5312147 -0.3620163 0.4702157 0.4675422 0.4130414 0.4992101 0.4962487 0.4955677 0.7606433 0.5084868 -0.2384697 0.4632756 0.4628716 -0.2370126 0.5388946 0.5358863 0.5089588 0.6037191 0.2545781 -0.2375028 0.6408203 0.270082 -0.33174 0.6900177 0.5551548 -0.2382193 0.6197627 0.6168027 0.4948763 0.4919437 0.491868 -0.3312132 0.6709932 0.4488449 -0.349848 0.5861232 0.3901658 0.4952645 0.7679014 0.5118203 0.4115836 0.5443186 0.3639412 -0.2372955 0.6798872 0.4527936 0.5049569 0.7536081 0.3155856 0.508094 0.7905376 0.1650385 -0.3502648 0.847328 0.1763124 -0.3179726 0.8957338 0.1858859 -0.2389407 0.6493288 0.1364212 0.4124169 0.6894217 0.144339 0.4949042 0.8561321 0.1774997 0.4940438 0.9038996 0.1870589 0.4111094 0.8133319 0.3414035 -0.2386497 0.5780864 0.386724 -0.3315134 0.6921228 0.2913766 -0.3625776 0.7440607 0.3128719 -0.3501026 0.6116358 0.2569175 0.4125482 0.6494304 0.2724533 0.4950438 0.8430717 0.3537226 -0.2387569 0.8514438 0.3562503 0.4112925 0.7012665 0.2939048 0.5083926 0.8075007 2.13146e-4 -0.3503235 0.9147501 2.13146e-4 -0.2390066 0.6550872 2.13146e-4 -0.2376816 0.6952723 2.13146e-4 -0.3319296 0.7507944 2.13146e-4 -0.3627818 0.8635839 0.179491 -0.2388247 0.7980044 0.3351693 -0.3178004 0.8069404 0.3376966 0.4942234 0.734936 0.1539874 -0.3627265 0.8748518 2.13146e-4 0.4939785 0.640577 0.1351318 -0.237631 0.7995449 0.1662344 0.5079342 0.7444555 0.1552762 0.508242 0.7609075 2.13146e-4 0.5081848 0.8171113 2.13146e-4 0.5078728 0.9230499 2.13146e-4 0.4110428 0.8819704 0.07787179 -0.2388889 0.6804678 0.1431317 -0.3318703 0.7512665 2.13146e-4 -0.3627854 0.6550988 2.13146e-4 -0.2376835 0.7047712 2.13146e-4 0.4948485 0.663483 2.13146e-4 0.4123656 0.7357537 -0.1495528 -0.3627308 0.8070241 2.13146e-4 -0.3503237 0.9141608 2.13146e-4 -0.2390065 0.9230357 2.13146e-4 0.4110407 0.6419054 -0.1307988 -0.237637 0.8166258 2.13146e-4 0.5078726 0.8471859 -0.3450904 -0.2387722 0.7571606 -0.3067212 0.5080804 0.6956773 -0.2825132 -0.3625909 0.8801788 -0.09582281 -0.238884 0.8164596 -0.3323631 -0.2386617 0.8654032 2.13146e-4 -0.3180361 0.874842 2.13146e-4 0.4939848 0.790904 -0.1605143 -0.3502675 0.6501587 -0.131989 0.4124123 0.6902634 -0.1399087 0.4948999 0.8959896 -0.1813397 -0.2389426 0.9047375 -0.1826286 0.411105 0.6444012 -0.2612295 -0.3317535 0.8003787 -0.1618032 0.5079296 0.7452893 -0.150845 0.5082377 0.8550266 -0.3473983 0.4112788 0.5471545 -0.3603444 -0.2373058 0.6355653 -0.4176788 0.5086209 0.7298727 -0.4807258 0.4944834 0.8481635 -0.1718816 -0.3179755 0.8574753 -0.17317 0.4940456 0.6813017 -0.1387004 -0.3318746 0.7476302 -0.3040147 -0.350116 0.6152054 -0.2480602 0.4125348 0.6529999 -0.2635956 0.4950302 0.6068335 -0.245532 -0.2375141 0.704836 -0.2850475 0.5083791 0.6823115 -0.4489141 0.508342 0.6110351 -0.6131148 -0.3171477 0.6460107 -0.6478143 -0.2380695 0.5777198 -0.5769172 0.5087075 0.7358008 -0.4863958 -0.2383796 0.8015741 -0.3263121 -0.3178129 0.8105102 -0.3288393 0.4942098 0.5700698 -0.5722628 -0.3494962 0.6266723 -0.4137678 -0.3623495 0.6734195 -0.444974 -0.3498569 0.5545064 -0.3637409 0.4127469 0.5885494 -0.3862949 0.4952554 0.762566 -0.5042801 -0.2384764 0.7703276 -0.5079498 0.4115747 0.4801183 -0.7204094 -0.3166908 0.6525441 -0.6520786 0.4119861 0.4232197 -0.6309576 0.5059514 0.416376 -0.6252475 -0.3616151 0.3690652 -0.5503936 0.4133946 0.4859153 -0.724843 0.4953354 0.6784218 -0.5690451 -0.2381793 0.721979 -0.477345 -0.317535 0.5805128 -0.3828535 -0.3315224 0.5299608 -0.5321975 -0.362012 0.4689932 -0.4685254 0.4130457 0.4979876 -0.4972315 0.4955717 0.5076668 -0.7612252 -0.2375866 0.4620531 -0.4638543 -0.2370083 0.5376724 -0.5368691 0.5089631 0.2537613 -0.6042986 -0.2362812 0.2689367 -0.6417284 -0.330442 0.5543345 -0.690599 -0.2377457 0.6185404 -0.6177859 0.4948803 0.4907212 -0.4928508 -0.331209 0.4476352 -0.6719647 -0.3490684 0.3919055 -0.5841451 0.4959422 0.5132694 -0.7662144 0.4124724 0.3631238 -0.5448976 -0.236663 0.4545681 -0.6778751 0.5057434 0.3173728 -0.7515841 0.5096167 0.1638311 -0.7915096 -0.3480772 0.1752183 -0.848187 -0.3156266 0.1850681 -0.8963165 -0.2364601 0.1378741 -0.6476398 0.4142019 0.1460801 -0.6874442 0.4968007 0.17924 -0.8541565 0.4964063 0.1885102 -0.9022136 0.4136065 0.3405848 -0.8139138 -0.2369996 0.3855778 -0.5789943 -0.3308415 0.2901241 -0.6931386 -0.3611744 0.3116634 -0.7450323 -0.3485932 0.2583695 -0.6099463 0.4137813 0.2741936 -0.6474528 0.4963533 0.3529036 -0.8436542 -0.237046 0.3577005 -0.8497572 0.4130157 0.2956925 -0.6992421 0.5098082 -0.006863832 -0.8084726 -0.347481 -0.006750464 -0.8662605 -0.3149919 -0.006473958 -0.9153333 -0.2357911 -0.006472527 -0.6556668 -0.2353724 -0.006907999 -0.7518106 -0.3601371 0.1786732 -0.8641667 -0.236434 0.3340741 -0.7988629 -0.316181 0.3394358 -0.8049646 0.4958553 0.1527358 -0.7359519 -0.3606944 -0.003916025 -0.8728767 0.4970456 0.1343155 -0.6411567 -0.2358638 0.1680225 -0.7975211 0.5101382 0.1570649 -0.7424312 0.5102923 -0.003868222 -0.8150878 0.5107384 -0.004204928 -0.9213638 0.4142794 0.07705438 -0.8825531 -0.2360793 0.1419872 -0.681376 -0.3299908 -0.006907999 -0.7522826 -0.360139 -0.006472527 -0.6556788 -0.2353743 -0.003867805 -0.758883 0.5108519 -0.003915071 -0.7027936 0.4973222 -0.004204928 -0.9213495 0.4142772 -0.1316132 -0.6424852 -0.2349371 -0.003868222 -0.8146024 0.5107365 -0.3459053 -0.8477683 -0.2346077 -0.3049305 -0.755137 0.5117877 -0.2837622 -0.696693 -0.3591722 -0.3331781 -0.8170419 -0.2346488 -0.003915965 -0.8728666 0.497052 -0.006801009 -0.6961818 -0.3294733 -0.1305344 -0.6484695 0.4151373 -0.138166 -0.6882858 0.4977915 -0.1821555 -0.8965726 -0.2351793 -0.1811751 -0.9030514 0.4148952 -0.1600131 -0.7983551 0.5112818 -0.3611577 -0.5477338 -0.2341353 -0.4158868 -0.6335402 0.512291 -0.4789814 -0.7278962 0.498703 -0.1729736 -0.8490224 -0.3144112 -0.3052194 -0.7486019 -0.346441 -0.2466048 -0.6135159 0.4155427 -0.261852 -0.6510224 0.4982236 -0.2832564 -0.7028113 0.5118281 -0.4471222 -0.6802869 0.5122842 -0.6142042 -0.6118922 -0.3128711 -0.6486269 -0.6465917 -0.2335506 -0.5751245 -0.5756946 0.5127312 -0.4872095 -0.7363825 -0.2341107 -0.3274033 -0.8024325 -0.3138722 -0.3270961 -0.8085342 0.4981806 -0.3622848 -0.5528164 0.4159467 -0.5050936 -0.7631478 -0.2340516 -0.5064947 -0.7686405 0.4160314 -0.7214983 -0.4809752 -0.3124966 -0.6264945 -0.4173899 -0.3579749 -0.7230975 -0.4839373 0.4995555 -0.4784352 -0.722837 -0.313345 -0.3839949 -0.5814204 -0.3281558 -0.5334451 -0.5309754 -0.3583002 -0.4670686 -0.4673028 0.4163127 -0.7620372 -0.5082469 -0.2331547 -0.5350763 -0.5356469 0.5127075 -0.6160407 -0.6165633 0.4991897 -0.5457097 -0.3637018 -0.2334907 -0.6760934 -0.4525542 0.5096898 -0.8492749 -0.176073 -0.3120506 -0.8971278 -0.1856465 -0.2326827 -0.6856979 -0.1440992 0.4997041 -0.8147257 -0.3411641 -0.232967 -0.6084888 -0.2566781 0.4168068 -0.8444658 -0.3534827 -0.2328665 -0.8482996 -0.3560109 0.4172252 -0.8096743 -8.32081e-4 -0.3446788 -0.9161441 -8.32081e-4 -0.2326159 -0.6973203 -8.32081e-4 -0.3270688 -0.7530565 -8.32081e-4 -0.3575327 -0.7999513 -0.33493 -0.3122227 -0.8032184 -0.3374572 0.4998435 -0.7371981 -0.153748 -0.357588 -0.8711298 -8.32081e-4 0.5000727 -0.7957274 -0.1659951 0.5135022 -0.7570891 -8.32081e-4 0.5134832 -0.8132936 -8.32081e-4 0.5135637 -0.660336 -8.32081e-4 0.4169883 -0.9199059 -8.32081e-4 0.4174757 0.6953775 0.02396106 -0.2007465 0.1618186 0.1962218 -0.1988841 0.1955382 0.1625022 -0.1990018 0.5084018 0.4753676 -0.2000939 0.474682 0.5090871 -0.1999762 0.2311562 0.1008234 -0.1991261 -0.02440732 0.2536087 -0.1982341 0.02327936 0.2536087 -0.1984005 0.02327948 0.6960673 -0.1984005 -0.02440726 0.6960673 -0.1982341 0.0920785 0.2351813 -0.1986407 -0.1966671 0.1625046 -0.1976328 -0.1629475 0.1962246 -0.1977505 -0.4758111 0.50909 -0.1966584 -0.5095307 0.4753699 -0.1965407 -0.1012691 0.2318429 -0.1979658 -0.2540535 -0.02372217 -0.1974325 -0.2540535 0.02396488 -0.1974325 -0.6965094 0.02396488 -0.1958881 -0.6965094 -0.02372217 -0.1958881 -0.2356261 0.09276437 -0.1974968 -0.1629502 -0.1959834 -0.1977505 -0.1966699 -0.1622633 -0.1976328 -0.5095335 -0.4751287 -0.1965407 -0.4758137 -0.5088487 -0.1966584 -0.232288 -0.1005845 -0.1975085 0.02327561 -0.2533698 -0.1984005 -0.02441108 -0.2533698 -0.198234 -0.02441114 -0.6958284 -0.198234 0.02327567 -0.6958284 -0.1984005 -0.09321016 -0.2349419 -0.1979939 0.09207427 -0.2349424 -0.1986407 0.1955356 -0.1622657 -0.1990018 0.1618158 -0.1959857 -0.1988841 0.4746795 -0.5088515 -0.1999762 0.5083991 -0.4751315 -0.2000938 0.2311534 -0.1005873 -0.1991261 0.2529219 0.02396106 -0.1992021 0.2529219 -0.02372598 -0.1992021 0.6953778 -0.02372598 -0.2007465 0.02593666 0.03220701 -0.1984103 0.03152233 0.02662134 -0.1984298 0.03742241 0.01640462 -0.1984504 -0.004911541 0.04171323 -0.1983026 0.002987742 0.04171323 -0.1983302 0.01438421 0.03866052 -0.19837 -0.03344631 0.02662181 -0.198203 -0.02786064 0.03220748 -0.1982225 -0.01764363 0.03810739 -0.1982582 -0.04295235 -0.004226684 -0.1981698 -0.04295235 0.003672599 -0.1981698 -0.03989982 0.01506948 -0.1981805 -0.02786111 -0.03276157 -0.1982225 -0.03344678 -0.0271759 -0.198203 -0.03934687 -0.01695871 -0.1981824 0.002987086 -0.04226732 -0.1983302 -0.004912197 -0.04226732 -0.1983026 -0.01630866 -0.03921508 -0.1982628 0.01438361 -0.03921508 -0.19837 0.03152191 -0.02717638 -0.1984298 0.02593618 -0.03276205 -0.1984103 0.03742194 -0.01695919 -0.1984504 0.0410279 0.003672122 -0.198463 0.0410279 -0.004227161 -0.198463 -0.03324264 0.01917409 -0.1982037 -0.02075403 0.0234723 -0.1982473 -0.005913674 0.02643585 -0.1982991 0.003487586 0.02659845 -0.1983319 0.01704597 0.024652 -0.1983793 0.03078418 0.0202794 -0.1984272 -0.0357064 0.005116939 -0.1981951 -0.02178096 0.006356239 -0.1982437 -0.005998075 0.007574558 -0.1982988 0.004212737 0.007574558 -0.1983345 0.01893007 0.006785392 -0.1983858 0.0338335 0.005116462 -0.1984378 -0.03571158 -0.005670547 -0.1981951 -0.02144736 -0.007625102 -0.1982449 -0.006012022 -0.008128166 -0.1982988 0.004198729 -0.008128166 -0.1983344 0.01891893 -0.007339 -0.1983858 0.03382831 -0.005671024 -0.1984378 -0.03273737 -0.02091884 -0.1982055 -0.01939237 -0.02562475 -0.198252 -0.005604207 -0.02765846 -0.1983002 0.00372982 -0.02765846 -0.1983327 0.01719105 -0.02549409 -0.1983798 0.03083115 -0.02091932 -0.1984274 0.6973549 0.02396106 0.365692 0.1637957 0.1962218 0.3675541 0.1975154 0.1625022 0.3674365 0.5103789 0.4753676 0.3663446 0.4766593 0.5090871 0.3664621 0.2331335 0.1008234 0.3673123 -0.02243006 0.2536087 0.3682044 0.02525669 0.2536087 0.3680379 0.02525669 0.6960673 0.3680379 -0.02243006 0.6960673 0.3682044 0.09405577 0.2351813 0.3677978 -0.1946899 0.1625046 0.3688057 -0.1609703 0.1962246 0.3686879 -0.4738339 0.50909 0.36978 -0.5075534 0.4753699 0.3698977 -0.0992918 0.2318429 0.3684727 -0.2520763 -0.02372217 0.369006 -0.2520763 0.02396488 0.369006 -0.6945322 0.02396488 0.3705504 -0.6945322 -0.02372217 0.3705504 -0.2336488 0.09276437 0.3689417 -0.160973 -0.1959834 0.368688 -0.1946926 -0.1622633 0.3688057 -0.5075561 -0.4751287 0.3698977 -0.4738365 -0.5088487 0.36978 -0.2303107 -0.1005845 0.36893 0.02525287 -0.2533698 0.368038 -0.02243381 -0.2533698 0.3682044 -0.02243387 -0.6958284 0.3682044 0.02525287 -0.6958284 0.368038 -0.09123295 -0.2349419 0.3684446 0.09405148 -0.2349419 0.3677978 0.1975128 -0.1622657 0.3674367 0.1637932 -0.1959857 0.3675544 0.4766567 -0.5088515 0.3664624 0.5103763 -0.475131 0.3663446 0.2331306 -0.1005873 0.3673124 0.2548991 0.02396106 0.3672364 0.2548991 -0.02372598 0.3672364 0.6973552 -0.02372598 0.365692 0.02791392 0.03220701 0.3680282 0.03349953 0.02662134 0.3680087 0.03939968 0.01640462 0.3679881 -0.002934277 0.04171323 0.3681359 0.004964947 0.04171323 0.3681083 0.01636153 0.03866052 0.3680685 -0.0314691 0.02662181 0.3682355 -0.02588337 0.03220796 0.368216 -0.01566636 0.03810787 0.3681803 -0.04097509 -0.004226684 0.3682686 -0.04097509 0.003672599 0.3682686 -0.03792262 0.01506948 0.368258 -0.02588385 -0.03276109 0.368216 -0.03146952 -0.0271759 0.3682355 -0.03736966 -0.01695871 0.3682561 0.004964351 -0.04226732 0.3681083 -0.002934873 -0.04226732 0.3681359 -0.01433145 -0.03921508 0.3681756 0.01636081 -0.03921508 0.3680685 0.03349912 -0.02717638 0.3680087 0.02791351 -0.03276205 0.3680282 0.0393992 -0.01695919 0.3679881 0.04300516 0.003672122 0.3679755 0.04300516 -0.004227161 0.3679755 -0.03126537 0.01917409 0.3682348 -0.01877683 0.0234723 0.3681912 -0.003936409 0.02643585 0.3681393 0.005464851 0.02659797 0.3681066 0.01902318 0.024652 0.3680592 0.03276139 0.0202794 0.3680113 -0.03372919 0.005116939 0.3682434 -0.01980376 0.006356239 0.3681948 -0.00402081 0.007574081 0.3681396 0.006189942 0.007574081 0.368104 0.02090734 0.006784915 0.3680527 0.0358107 0.005116462 0.3680006 -0.03373438 -0.005670547 0.3682434 -0.01947015 -0.007625102 0.3681936 -0.004034817 -0.008128166 0.3681397 0.006175994 -0.008128166 0.3681041 0.02089613 -0.007339 0.3680527 0.03580558 -0.005671024 0.3680006 -0.0307601 -0.02091884 0.368233 -0.01741516 -0.02562522 0.3681864 -0.003626942 -0.02765846 0.3681383 0.005707025 -0.02765846 0.3681057 0.01916825 -0.02549457 0.3680588 0.03280842 -0.02091932 0.3680111 -0.001148521 -0.294704 -0.3651902 0.05636519 -0.2890391 -0.365391 -0.05866223 -0.2890391 -0.3649895 -0.113966 -0.2722621 -0.3647965 -8.36694e-4 -0.6188932 -0.275884 0.2358531 -0.571774 -0.3289103 0.1199195 -0.6069999 -0.2763055 -0.1215928 -0.6069999 -0.2754625 0.3428657 -0.5145707 -0.3292838 -0.2377087 -0.571774 -0.2750571 -0.1649342 -0.2450165 -0.3646185 -0.3447218 -0.5145707 -0.2746837 -0.2096079 -0.208352 -0.3644626 -0.2462709 -0.1636757 -0.3643347 -0.2735139 -0.1127042 -0.3642395 -0.2902899 -0.05739736 -0.364181 -0.2959547 1.20163e-4 -0.3641612 -0.2902899 0.05763769 -0.364181 -0.2735139 0.1129441 -0.3642395 0.436663 -0.4375887 -0.3296112 0.5136407 -0.3437858 -0.3298799 -0.4385191 -0.4375892 -0.2743562 -0.515497 -0.3437862 -0.2740876 -0.2462708 0.1639151 -0.3643347 -0.209608 0.2085914 -0.3644626 -0.164934 0.2452569 -0.3646185 -0.113966 0.2725015 -0.3647965 -0.05866241 0.2892785 -0.3649895 -0.001148462 0.2949433 -0.3651902 0.05636525 0.2892785 -0.365391 0.111669 0.2725015 -0.365584 -0.5726964 -0.2367663 -0.2738879 -0.6079196 -0.120644 -0.2737649 -0.619813 1.20163e-4 -0.2737234 0.1626369 0.2452569 -0.3657619 0.5708407 -0.2367658 -0.3300796 0.2073108 0.2085919 -0.3659179 0.606064 -0.1206426 -0.3302025 0.2439737 0.1639151 -0.3660458 0.6179573 1.2064e-4 -0.330244 -0.6079196 0.1208839 -0.2737649 0.271217 0.1129446 -0.3661409 -0.5726965 0.2370061 -0.2738879 0.606064 0.1208844 -0.3302025 -0.5154969 0.3440247 -0.2740876 0.2879931 0.05763769 -0.3661995 -0.4385191 0.4378281 -0.2743562 0.2936576 1.20163e-4 -0.3662193 0.2879931 -0.05739688 -0.3661995 0.271217 -0.1127038 -0.3661409 0.2439736 -0.1636753 -0.3660458 0.2073107 -0.208352 -0.3659179 0.570841 0.2370066 -0.3300796 0.5136408 0.3440251 -0.3298799 0.1626368 -0.2450165 -0.3657619 0.1116689 -0.2722621 -0.365584 -0.3447217 0.514811 -0.2746837 -0.2377088 0.5720134 -0.2750571 0.4366633 0.4378286 -0.3296112 0.342866 0.514811 -0.3292838 0.2358533 0.5720134 -0.3289103 0.1197373 0.6072388 -0.328505 -0.001018881 0.6191325 -0.3280835 -0.1217752 0.6072388 -0.327662 -0.237891 0.5720134 -0.3272567 -0.344904 0.514811 -0.3268831 -0.121593 0.6072388 -0.2754625 -8.36688e-4 0.6191325 -0.275884 0.1199195 0.6072388 -0.2763055 -0.4387012 0.4378281 -0.3265557 -0.515679 0.3440247 -0.3262871 -0.5728787 0.2370061 -0.3260874 -0.6081019 0.1208839 -0.3259645 -0.6199954 1.20163e-4 -0.3259229 -0.6081018 -0.120644 -0.3259645 -0.5728787 -0.2367663 -0.3260874 -0.5156792 -0.3437862 -0.3262871 0.2360355 0.5720134 -0.2767108 0.3430481 0.514811 -0.2770843 0.4368455 0.4378286 -0.2774117 -0.4387013 -0.4375892 -0.3265557 -0.344904 -0.5145707 -0.3268831 -0.237891 -0.571774 -0.3272567 -0.121775 -0.6069999 -0.327662 0.1197373 -0.6069999 -0.328505 -0.001018881 -0.6188932 -0.3280835 0.1118511 -0.2722621 -0.3133845 0.162819 -0.2450165 -0.3135624 0.5138229 0.3440251 -0.2776804 0.5710232 0.2370066 -0.2778801 0.2074929 -0.208352 -0.3137183 0.2441558 -0.1636753 -0.3138463 0.2713991 -0.1127038 -0.3139414 0.2881752 -0.05739688 -0.314 0.2938398 1.20163e-4 -0.3140197 0.2881752 0.05763769 -0.314 0.6062463 0.1208844 -0.278003 0.2713992 0.1129446 -0.3139414 0.6181396 1.2064e-4 -0.2780445 0.2441558 0.1639151 -0.3138463 0.6062463 -0.1206426 -0.278003 0.207493 0.2085919 -0.3137183 0.571023 -0.2367658 -0.2778801 0.1628192 0.2452569 -0.3135624 0.1118512 0.2725015 -0.3133845 0.05654746 0.2892785 -0.3131915 -9.66315e-4 0.2949433 -0.3129907 -0.0584802 0.2892785 -0.31279 -0.1137838 0.2725015 -0.3125969 -0.1647518 0.2452569 -0.312419 -0.2094258 0.2085914 -0.3122631 -0.2460886 0.1639151 -0.3121351 0.513823 -0.3437858 -0.2776804 0.4368453 -0.4375887 -0.2774117 -0.2733317 0.1129441 -0.31204 -0.2901078 0.05763769 -0.3119815 -0.2957724 1.20163e-4 -0.3119617 -0.2901078 -0.05739736 -0.3119815 -0.2733317 -0.1127042 -0.31204 -0.2460887 -0.1636757 -0.3121351 -0.2094258 -0.208352 -0.3122631 -0.164752 -0.2450165 -0.312419 0.3430478 -0.5145707 -0.2770843 0.2360355 -0.571774 -0.2767108 -0.1137838 -0.2722621 -0.3125969 -0.05848002 -0.2890391 -0.31279 0.0565474 -0.2890391 -0.3131915 -9.66349e-4 -0.294704 -0.3129907</float_array>
          <technique_common>
            <accessor source="#Circle_009-mesh-positions-array" count="748" stride="3">
              <param name="X" type="float"/>
              <param name="Y" type="float"/>
              <param name="Z" type="float"/>
            </accessor>
          </technique_common>
        </source>
        <source id="Circle_009-mesh-normals">
          <float_array id="Circle_009-mesh-normals-array" count="3795">0.3438633 -0.8185161 -0.4602062 -0.2714451 0.3861715 -0.8815834 0.3846761 -0.330575 -0.8618264 0.7766348 0.1041994 -0.6212738 0.4475499 0.8532791 -0.2676078 0.2241857 0.7947385 -0.5640315 0.4059554 0.6404907 0.6518988 0.4785754 0.0535469 0.8764122 0.4568798 0.1594817 0.8751152 0.4515333 -0.7676455 0.4547947 -0.5061827 -0.605946 0.6136845 -0.3746553 -0.6978921 0.6103933 0.2120674 0.7613653 0.6126585 -0.06498295 0.6376406 0.7675883 -0.2371807 0.5919616 0.770277 -0.4158765 0.3656609 -0.8326697 0.2422587 -0.7304738 -0.6385287 -0.6463153 0.3626411 0.6713926 -0.4171804 0.6553328 -0.6296821 -0.07585179 0.9845495 -0.1578257 -0.2769147 0.7271336 -0.6281679 0.2716568 -0.1823421 0.9449624 0.6420504 0.730903 -0.2314136 0.3817204 -0.6695201 -0.6372067 -0.07750397 0.4639935 -0.8824416 0.7612592 0.5696859 -0.3097459 0.3494314 -0.4434649 0.8253707 0.4870718 0.6264764 0.6085134 0.1793999 0.6125885 0.7697734 0.6791083 -0.3223013 -0.6594952 0.4764647 -0.02978765 0.8786889 -0.1784166 0.7808731 -0.5986692 0.1494628 -0.8265047 0.5427253 0.0909053 -0.7657329 -0.636702 -0.2309849 -0.1402739 -0.9627925 0.01425313 0.4691979 -0.8829781 0.845914 0.4534959 -0.2806619 0.9494479 0.2991605 0.09514075 -0.02657628 0.9503076 -0.3101763 0.2512983 -0.4965094 0.8308597 0.6107187 -0.4392534 -0.6588469 -0.2888795 0.3782025 0.8794952 0.6006548 0.5182744 0.6087738 0.02419799 0.7614402 -0.6477835 -0.04065531 -0.9987412 0.02938085 -0.06781673 -0.7910766 0.6079465 -0.265075 -0.09404057 -0.959631 0.1781403 0.4154947 -0.891981 0.9169881 0.2806839 -0.2834596 0.9890952 0.1168171 0.08969169 0.15555 -0.527702 0.8350657 0.511299 -0.5495334 -0.6607469 -0.2093122 0.426249 0.880057 0.6885243 0.3963788 0.607304 0.1470194 0.7712803 -0.6192837 -0.1847525 -0.8183543 0.5442085 -0.205758 -0.7413237 -0.6388293 -0.3371065 -0.821427 -0.4600184 -0.4439556 0.03120982 -0.8955053 0.6245769 -0.4732253 -0.621258 0.4043357 -0.3269969 0.8541579 -0.817272 -0.03786909 0.5750064 -0.3710089 0.6033228 0.705942 0.7391954 0.2332533 0.6318095 0.3254055 0.5702609 0.7542638 0.0771017 0.5030102 -0.8608345 0.642815 0.749038 -0.1604087 0.3060398 0.726817 -0.6148794 0.9689316 0.06615769 -0.2383166 -0.3511116 -0.6884116 -0.6346732 0.2726793 0.3810084 -0.8834471 0.9731678 -0.02229636 -0.2290139 0.9534675 -0.2829737 0.1040462 -0.06547582 -0.5566613 0.8281553 -0.8916479 -0.1548051 0.4254403 0.7928044 0.09187626 0.6025115 0.5348751 0.3581169 0.7652848 0.2585177 -0.7075639 -0.657664 -0.03347671 0.4718577 0.881039 0.4326602 0.658723 -0.6155397 -0.5933709 -0.804278 0.03237342 -0.4849311 -0.6646285 0.5684285 -0.2676609 0.05555653 -0.9619103 0.3536709 0.2974398 -0.8868182 0.9185305 -0.2788627 -0.2802451 0.8811693 -0.4620383 0.1003074 -0.1723478 -0.5321362 0.8289316 0.7914831 -0.05920916 0.6083164 0.5671194 0.301172 0.766597 0.1267057 -0.7437668 -0.6563206 0.06046974 0.4796472 0.8753755 0.5513719 0.5591512 -0.6191438 -0.7381258 -0.674071 0.02825957 -0.6004959 -0.5593017 0.5714774 -0.2576066 0.1166426 -0.9591837 0.3965176 0.2362713 -0.8871018 0.8481824 -0.4474395 -0.283522 0.6493601 -0.3965258 0.6489213 -0.7661873 -0.4495906 0.4591572 0.7997785 -0.2003336 -0.5658807 -0.3399829 -0.3969789 -0.8525372 0.1533192 0.4425855 0.8835221 0.7635108 -0.2096399 0.610821 0.6550019 0.4395431 -0.6146336 0.6137441 0.1843181 0.767688 -0.6722118 -0.3783355 -0.6363911 -0.6958569 0.3756005 0.6121335 -0.8224667 -0.344614 -0.4525373 0.3830792 0.2671238 -0.8842484 -0.3328168 -0.3899693 -0.8585785 0.09581583 -0.7784239 -0.6203834 0.8539319 -0.4450963 -0.2696103 0.7931232 -0.2256062 -0.5657361 0.05782532 -0.4743004 0.878462 -0.7649518 -0.4517223 0.4591251 -0.6046116 0.5068193 0.6144747 -0.6969467 0.3735097 0.6121731 0.6401301 0.06750136 0.7652955 0.5947702 0.2393012 0.7674526 0.3671051 0.4031781 -0.8382609 -0.73205 -0.2457947 -0.6353643 0.3586863 0.6513566 0.6686394 0.6515283 0.4189337 -0.6324599 0.9840059 0.07471245 -0.1617109 0.724671 0.2767932 -0.6310606 -0.1774684 -0.2668917 0.9472454 0.732594 -0.6397511 -0.2324323 -0.6703857 -0.3871127 -0.6330298 0.4609095 0.07442331 -0.884321 0.5686101 -0.7623361 -0.3090733 0.4715657 -0.8739041 0.117973 -0.4405773 -0.3465494 0.8281276 0.6286038 -0.4849442 0.6080185 0.6152746 -0.1767147 0.7682507 -0.3245929 -0.6814064 -0.6559916 -0.9411816 -0.03889691 -0.3356552 0.3151518 0.3595522 0.8782948 0.7787767 0.1763243 -0.6020106 -0.8246049 -0.1475669 0.5461235 -0.9892897 -0.0689032 0.1286798 0.4661135 -0.01733624 -0.8845551 0.4525241 -0.846888 -0.2792896 0.2995028 -0.9491098 0.0974093 -0.4936033 -0.2483962 0.8334599 0.5204452 -0.5984928 0.609051 0.6318165 -0.12884 0.7643352 -0.4415431 -0.6130148 -0.6551737 -0.9300044 0.142589 -0.3387632 0.3812652 0.2919453 0.8771573 0.7591741 -0.02645802 -0.6503499 -0.6354402 0.7170632 0.2864196 -0.7889515 0.06993883 0.6104623 0.4123811 -0.1812533 -0.8927985 0.279703 -0.9179722 -0.2812355 0.1171404 -0.9887763 0.09273463 -0.5247822 -0.1526339 0.8374405 0.3983317 -0.6864938 0.6083241 0.5078469 -0.3967002 0.7646702 -0.5518302 -0.5136025 -0.6570358 -0.8820989 0.3265916 -0.3394694 0.4293152 0.2123808 0.8778285 0.7691156 -0.14918 -0.6214554 -0.8164528 0.1866517 0.5464121 -0.9408231 0.3123757 0.1314287 -0.8230317 0.335499 -0.4583224 -0.4753817 -0.6267424 -0.617419 -0.3240084 -0.4013519 0.8567002 -0.03587102 0.8192748 0.572278 0.2354673 -0.7369864 0.6335663 0.5728963 -0.3227719 0.7533977 0.5000046 -0.08010393 -0.8623102 -0.690521 0.3489329 -0.6335824 0.7484811 -0.6433715 -0.1607769 0.7246703 -0.3081832 -0.6163409 -0.3096686 -0.07858031 0.947592 0.06533503 -0.969758 -0.2351617 0.3779243 -0.2757613 -0.8838151 -0.02308267 -0.9739609 -0.2255381 -0.2825965 -0.9530987 0.1083615 -0.553769 0.06836581 0.8298591 0.09398972 -0.7906941 0.6049537 0.3607937 -0.5322019 0.765891 -0.7098516 -0.2608133 -0.6542837 -0.6127454 0.4694244 -0.6357545 -0.6914547 0.6383458 -0.3382381 0.4749277 0.03655648 0.8792653 0.6565755 -0.434805 -0.6163225 -0.6626459 0.4869135 0.5690481 0.2944176 -0.3567499 -0.8865934 -0.2798784 -0.9194899 -0.2760553 -0.4619061 -0.880681 0.1050906 -0.5291399 0.1753595 0.8302169 -0.05709767 -0.789324 0.6113164 0.3038759 -0.5644218 0.7675204 -0.7460331 -0.1289566 -0.653303 -0.5564341 0.7569959 -0.3425471 0.482546 -0.05757445 0.8739763 0.5566489 -0.5537784 -0.6192509 0.05252844 0.960058 0.2748265 -0.5571808 0.6026048 0.5713292 0.2333221 -0.3996329 -0.8864843 -0.4487621 -0.8490319 -0.2788505 -0.3947654 -0.6468586 0.6524832 -0.4476955 0.7678397 0.4582477 -0.20234 -0.8017791 -0.5623245 -0.3996254 0.337072 -0.8524565 0.4449927 -0.1499839 0.8828853 -0.2075315 -0.7613566 0.6142205 0.4368515 -0.6574712 -0.6139157 0.1870449 -0.6110964 0.7691394 -0.3801538 0.6701319 -0.6375001 0.3781295 0.6978194 0.6083307 -0.3463175 0.8205842 -0.454649 0.2641935 -0.3861624 -0.8837875 -0.3926878 0.3299122 -0.8584604 -0.7806315 -0.09874117 -0.6171424 -0.4464384 -0.854674 -0.2650004 -0.2276539 -0.7950447 -0.5622079 -0.4713652 -0.054609 0.8802458 -0.4499081 0.7666848 0.4580143 0.5091392 0.606651 0.6105341 0.3760355 0.698935 0.608348 0.07024163 -0.637475 0.7672625 0.2421036 -0.5920698 0.7686607 0.4015187 -0.3694716 -0.8380175 -0.2478607 0.729907 -0.637025 0.6533596 -0.3571292 0.6675179 0.4162495 -0.6539283 -0.6317548 0.07427847 -0.9845569 -0.1585258 0.2743425 -0.7269001 -0.6295654 -0.2637882 0.1809827 0.9474498 -0.6409201 -0.7330999 -0.2275656 -0.3889383 0.6683338 -0.6340796 0.07134193 -0.4639929 -0.8829615 -0.7634041 -0.5696844 -0.3044241 -0.8734813 -0.4711507 0.1226687 -0.343662 0.4434626 0.8277906 -0.4828137 -0.6264742 0.6118996 -0.1740241 -0.6125876 0.7710072 -0.6836969 0.3222987 -0.6547383 -0.04007816 0.9400045 -0.3387997 0.3626174 -0.3120802 0.8781313 0.1742321 -0.7808728 -0.5999007 -0.145671 0.8265038 0.5437569 -0.06846469 0.9897329 0.1254649 -0.02041625 -0.4691979 -0.8828571 -0.8478527 -0.4534958 -0.2747501 -0.9487604 -0.2991613 0.1017653 -0.2454919 0.4965088 0.8325939 -0.5963588 -0.5183122 0.6129508 -0.1261662 -0.6291436 0.7669813 -0.6153034 0.4392529 -0.6545677 0.1413955 0.9288167 -0.342501 0.2950098 -0.3781982 0.8774597 -0.0287193 -0.7614402 -0.6475988 0.7180511 0.636436 0.2816947 0.07205915 0.7910761 0.6074588 -0.1843642 -0.4154938 -0.890716 -0.9189445 -0.2806841 -0.2770514 -0.9884451 -0.1168161 0.09659373 -0.1497159 0.5277032 0.8361307 -0.6843637 -0.396203 0.6121026 -0.3940241 -0.5051758 0.7678167 -0.5158993 0.5495331 -0.6571616 0.3253946 0.8809087 -0.3436833 0.2154513 -0.4262477 0.8785749 -0.151339 -0.7712802 -0.6182421 0.1885486 0.8183543 0.542905 0.3128207 0.9412762 0.1270526 0.3338872 0.8214265 -0.4623613 -0.6288985 0.4732252 -0.616883 -0.3983613 0.3269987 0.8569598 0.8212671 0.03786975 0.5692856 -0.734768 -0.2332531 0.6369529 -0.3201338 -0.5702632 0.7565146 -0.08310717 -0.5030108 -0.8602753 0.3467091 0.6883065 -0.6372026 -0.6439191 -0.7490381 -0.1559174 -0.3103244 -0.7268174 -0.6127277 -0.07527428 0.3129754 0.9467736 -0.9705719 -0.06615614 -0.2315461 -0.2788406 -0.3810074 -0.8815222 -0.9747428 0.02229666 -0.2222146 -0.9527177 0.2829746 0.1107 0.07125151 0.5566614 0.8276783 -0.7885773 -0.0918768 0.6080335 -0.5295206 -0.3581173 0.7689993 -0.2631027 0.7075641 -0.6558431 0.4671953 0.6105216 -0.6395248 0.6371515 0.6902706 -0.3428766 0.03962826 -0.4718575 0.8807838 -0.436947 -0.6587231 -0.6125042 0.4888865 0.6646284 0.5650301 -0.3598397 -0.2975098 -0.8843095 -0.9204524 0.2789102 -0.2738187 -0.8803139 0.4622709 0.1065509 0.1782512 0.5320346 0.8277474 -0.7871896 0.05922907 0.6138605 -0.5617353 -0.3011918 0.7705434 -0.1312465 0.7437484 -0.6554485 0.755788 0.5552362 -0.3471274 -0.05451345 -0.4795014 0.8758463 -0.555928 -0.5588088 -0.6153673 0.9610117 -0.05156832 0.2716565 0.6045904 0.5591703 0.5672734 -0.4027245 -0.236413 -0.8842636 -0.8500058 0.4477867 -0.2774481 -0.6445785 0.3970406 0.6533585 0.769429 0.4492931 0.4539986 -0.80374 0.2003769 -0.5602244 0.3340886 0.3966523 -0.8550158 -0.146926 -0.4419033 0.8849488 -0.7592321 0.2096772 0.6161188 -0.6596044 -0.438992 -0.6100886 -0.6083863 -0.1843569 0.7719318 0.6679028 0.3779267 -0.6411531 0.6999443 -0.376004 0.6072058 0.8189883 0.3447266 -0.4587175 -0.3892432 -0.2672805 -0.881505 0.3269082 0.3896878 -0.8609729 -0.1009019 0.7784721 -0.6195161 -0.8555992 0.4455102 -0.2635731 -0.7970067 0.2256855 -0.56022 -0.05153828 0.4744431 0.8787762 0.7682738 0.4515022 0.4537633 0.6087858 -0.5070058 0.6101844 0.7010575 -0.3739144 0.6072121 -0.6347907 -0.06756383 0.7697247 -0.5893635 -0.2394158 0.7715768 -0.3723906 -0.4044395 -0.8353167 0.7276777 0.2456338 -0.640429 -0.3547917 -0.651026 0.6710351 -0.6561242 -0.4184531 -0.6280111 -0.9851033 -0.07483255 -0.1548279 -0.7290909 -0.2765386 -0.6260614 0.1842874 0.2670939 0.9458853 -0.7338985 0.6401202 -0.2272427 0.6661176 0.3867205 -0.6377575 -0.4670718 -0.07442271 -0.8810818 -0.5707541 0.7623361 -0.3050957 -0.4707306 0.8739042 0.1212611 0.446346 0.3465495 0.8250326 -0.6243434 0.4849439 0.6123927 -0.6098961 0.1767142 0.7725276 0.3200046 0.6814067 -0.6582416 0.9388157 0.03889656 -0.3422164 -0.309012 -0.3595526 0.8804736 -0.7829603 -0.1763247 -0.5965592 0.8283966 0.147567 0.5403546 0.9901637 0.06890362 0.121771 -0.4722774 0.01733577 -0.8812795 -0.4544624 0.8468881 -0.276124 -0.2988159 0.9491098 0.09949684 0.4994106 0.2483953 0.8299933 -0.5161816 0.598493 0.6126686 -0.626465 0.1288402 0.7687274 0.4369583 0.6130148 -0.6582403 0.927617 -0.1425892 -0.3452467 -0.3751372 -0.2919465 0.879795 -0.7636954 0.02645814 -0.6450344 0.6374245 -0.7170629 0.2819765 0.7931938 -0.06993865 0.60494 -0.418604 0.1812533 -0.8898977 -0.2816593 0.9179723 -0.2792759 -0.116491 0.9887763 0.09354871 0.5306172 0.1526314 0.833756 -0.3940762 0.686495 0.611088 -0.5024967 0.3967008 0.7681963 0.54723 0.5136024 -0.6608721 0.8797075 -0.3265917 -0.3456193 -0.4231762 -0.2123813 0.8808044 -0.7734351 0.1491798 -0.616071 0.8202467 -0.1866518 0.5407 0.9417178 -0.3123754 0.1248577 0.8198111 -0.3354991 -0.4640583 0.471061 0.6267418 -0.6207224 0.3299818 0.4013519 0.8544172 0.0398668 -0.8192749 0.5720134 -0.2310382 0.7369875 0.6351935 -0.5676226 0.322771 0.7573794 -0.5060108 0.08010441 -0.8587995 0.6860818 -0.3489322 -0.6383872 -0.7495848 0.6433719 -0.1555481 -0.7289555 0.3081833 -0.6112668 0.3162786 0.07857871 0.9454064 -0.06697487 0.969758 -0.2346995 -0.3840848 0.2757615 -0.8811552 0.02150887 0.973961 -0.2256932 0.283346 0.9530987 0.1063858 0.5595477 -0.06836289 0.825974 -0.08976536 0.7906954 0.6055931 -0.3554368 0.5322028 0.7683911 0.7052671 0.260812 -0.6592234 0.6082918 -0.4694247 -0.640017 0.6890776 -0.6383444 -0.3430577 -0.4687774 -0.03655344 0.8825597 -0.6608622 0.4348064 -0.6117228 0.666603 -0.4869113 0.5644093 -0.3010557 0.356663 -0.8843964 0.2786114 0.9192097 -0.2782611 0.4555601 0.8840532 0.1044749 0.5341206 -0.1760098 0.8268832 0.06148928 0.7891374 0.6111311 -0.2986389 0.5642786 0.7696782 0.7413278 0.128708 -0.6586862 0.5530839 -0.7576896 -0.346417 -0.4751177 0.05841416 0.8779813 -0.5613799 0.5498982 -0.6184373 -0.05245751 -0.9599519 0.2752102 0.5601413 -0.6033753 0.5676092 -0.2404353 0.3997867 -0.884512 0.449049 0.848163 -0.2810243 0.4489192 -0.7681968 0.4564484 0.1986821 0.8019794 -0.5633423 0.3915042 -0.3375049 -0.8560462 -0.4354063 0.6632832 -0.608668 -0.1820445 0.6111759 0.7702753 0.3729949 -0.6711165 -0.6406851 -0.3765383 -0.696698 0.6105988 0.1315175 0.6291441 0.7660815 -0.003490269 1.44571e-6 -0.9999939 -0.003490149 0 -0.9999939 -0.003490149 0 -0.9999939 -0.003488957 -1.32938e-7 -0.999994 -0.003490447 0 -0.999994 -0.003490447 0 -0.9999939 -0.003490507 -1.47337e-6 -0.9999939 -0.003490209 0 -0.9999939 -0.003490805 -1.47618e-6 -0.9999939 -0.003491401 -1.09993e-6 -0.999994 -0.003490626 0 -0.9999939 -0.003491461 -7.92303e-7 -0.9999939 -0.003492474 -9.75063e-7 -0.9999939 -0.003491222 0 -0.9999939 -0.003492057 -3.02509e-7 -0.9999939 -0.003492712 9.03853e-7 -0.9999939 -0.003485321 1.31448e-6 -0.9999939 -0.003492653 7.04108e-7 -0.9999939 -0.003489673 -2.08059e-6 -0.9999939 -0.003489732 -9.78742e-7 -0.9999939 -0.003489315 -7.02272e-7 -0.9999939 -0.003488361 -8.53885e-7 -0.9999939 -0.003490626 -1.95502e-7 -0.9999939 -0.003494918 -1.61936e-6 -0.9999939 -0.003489553 2.04177e-6 -0.9999939 -0.003489851 1.16557e-6 -0.9999939 -0.00349158 -2.14858e-6 -0.9999939 -0.003492355 -7.0008e-7 -0.9999939 -0.003490269 -1.01421e-6 -0.9999939 -0.003491461 1.49703e-6 -0.9999939 -0.003489434 1.2276e-6 -0.9999939 -0.003489136 -1.09079e-6 -0.9999939 -0.003489434 -1.20506e-6 -0.999994 -0.003490686 1.42144e-6 -0.999994 -0.003488361 9.20827e-7 -0.9999939 -0.003489732 8.69785e-7 -0.9999939 -0.003489315 9.96741e-7 -0.9999939 -0.003490269 0 -0.9999939 -0.003491938 2.20462e-7 -0.9999939 -0.00349152 1.96804e-6 -0.9999939 -0.003490447 1.37733e-6 -0.999994 -0.003490865 1.38753e-6 -0.9999939 -0.00348854 -7.57367e-7 -0.9999939 -0.003490865 -4.76855e-7 -0.9999939 -0.003490984 2.82899e-7 -0.9999939 -0.003488957 1.71743e-7 -0.999994 -0.003491699 4.74934e-7 -0.9999939 -0.003490686 1.46628e-6 -0.9999939 -0.003491222 1.17804e-6 -0.9999939 -0.003489434 -1.31439e-6 -0.9999939 -0.003491878 -2.7951e-7 -0.999994 -0.003490507 0 -0.9999939 -0.00349152 9.63354e-7 -0.999994 -0.003489553 1.1889e-6 -0.999994 -0.003489255 -9.93823e-7 -0.9999939 -0.003490626 0 -0.9999939 -0.003490626 0 -0.9999939 -0.003490924 0 -0.9999939 -0.003490924 0 -0.9999939 -0.003490626 0 -0.9999939 -0.003490686 0 -0.9999939 -0.003491997 3.64251e-7 -0.9999939 -0.003489077 -5.23291e-7 -0.9999939 -0.003490507 3.52569e-7 -0.9999939 -0.003493368 -3.6711e-7 -0.9999939 -0.003492057 3.4111e-7 -0.9999939 -0.00349003 -3.53405e-7 -0.9999939 -0.003490447 0 -0.9999939 -0.003490149 3.15719e-7 -0.999994 -0.003490388 2.69854e-7 -0.9999939 -0.00349009 -4.1162e-7 -0.9999939 -0.003490328 -2.72931e-7 -0.9999939 -0.003490507 4.18698e-7 -0.9999939 -0.003491222 1.43388e-7 -0.9999939 -0.003490805 -2.83282e-7 -0.9999939 -0.00349158 5.3963e-7 -0.9999939 -0.003491044 0 -0.9999939 -0.003490507 -4.39239e-7 -0.9999939 -0.003490626 0 -0.9999939 -0.003490865 3.13211e-7 -0.9999939 -0.003491818 -1.62743e-7 -0.9999939 -0.003489613 -5.53539e-7 -0.9999939 -0.003491997 0 -0.9999939 -0.003491938 2.24797e-7 -0.9999939 -0.00349164 0 -0.9999939 0.003489792 -1.49115e-6 0.9999939 0.003491401 0 0.9999939 0.00349003 -1.49018e-6 0.999994 0.003490507 0 0.9999939 0.003489017 1.33828e-7 0.999994 0.003490507 0 0.9999939 0.003490567 1.42858e-6 0.9999939 0.003488838 0 0.9999939 0.00349009 1.54677e-6 0.9999939 0.003490149 1.24555e-7 0.9999939 0.003491103 1.34209e-6 0.999994 0.00349152 9.50392e-7 0.9999939 0.003492653 7.30008e-7 0.9999939 0.003486096 1.06182e-6 0.9999939 0.003492116 1.21039e-7 0.999994 0.003492951 -7.41189e-7 0.9999939 0.003479242 1.16903e-6 0.999994 0.003491938 -6.64734e-7 0.999994 0.003489553 2.1837e-6 0.9999939 0.003490805 1.57727e-6 0.9999939 0.003490686 2.30671e-6 0.9999939 0.003486335 0 0.9999939 0.003488123 8.51598e-7 0.9999939 0.003492355 -1.76351e-6 0.9999939 0.003489971 -1.72115e-6 0.9999939 0.003491222 -2.67948e-6 0.9999939 0.003491342 2.18192e-6 0.9999939 0.003491222 6.5291e-7 0.9999939 0.003491342 1.98589e-7 0.9999939 0.003490269 -8.55061e-7 0.999994 0.003489732 1.31566e-6 0.9999939 0.003489434 7.80888e-7 0.999994 0.003496825 8.64581e-7 0.999994 0.003487706 6.47771e-7 0.9999939 0.003488361 6.7544e-7 0.9999939 0.003488361 -1.63023e-6 0.9999939 0.003492236 0 0.9999939 0.003491103 -2.19981e-6 0.9999939 0.003490388 -1.47231e-6 0.9999939 0.003490746 1.0696e-6 0.9999939 0.003489136 5.27902e-7 0.999994 0.00348711 0 0.9999939 0.003489077 0 0.999994 0.003486514 -8.54931e-7 0.9999939 0.00349158 -9.91769e-7 0.9999939 0.003490328 0 0.9999939 0.003490686 -1.3773e-7 0.9999939 0.00348711 3.13697e-6 0.9999939 0.003490686 2.98269e-7 0.9999939 0.0034886 1.62762e-6 0.9999939 0.00349003 -4.85324e-7 0.9999939 0.00349003 -1.12034e-6 0.9999939 0.003487288 2.7566e-7 0.9999939 0.003491818 5.53677e-7 0.9999939 0.003492236 -1.93102e-6 0.9999939 0.003491938 0 0.9999939 0.003491222 -1.41729e-6 0.9999939 0.003491163 -1.43122e-7 0.9999939 0.00349164 0 0.9999939 0.00349152 -2.66912e-7 0.9999939 0.003490388 -3.59483e-7 0.9999939 0.003489851 2.73015e-7 0.9999939 0.003489911 1.6154e-7 0.9999939 0.003492116 1.89829e-6 0.9999939 0.003491282 3.49367e-7 0.9999939 0.003489017 -1.31726e-7 0.9999939 0.003489613 3.18147e-7 0.9999939 0.003490447 2.72753e-7 0.9999939 0.003490507 -2.49065e-7 0.9999939 0.003489613 -9.55152e-7 0.9999939 0.003489017 6.45423e-7 0.9999939 0.003489851 3.66576e-7 0.9999939 0.003489971 2.13329e-7 0.9999939 0.003489077 -4.34371e-7 0.9999939 0.003490924 5.45441e-7 0.9999939 0.003488719 6.52799e-7 0.9999939 0.003487884 3.68539e-7 0.9999939 0.003489315 0 0.9999939 0.003492414 -1.3458e-7 0.9999939 0.003489673 -5.02884e-7 0.9999939 0.003489375 1.44084e-7 0.9999939 0.7070986 0.7071107 -0.002468228 0.7070997 0.7071096 -0.002468228 0.7070998 0.7071095 -0.002468228 -0.2587268 -0.9659501 9.03072e-4 -0.2587266 -0.9659502 9.03054e-4 -0.2587268 -0.9659501 9.03074e-4 0 1 0 0 1 0 0 1 0 -0.7071024 0.707107 0.002468168 -0.7071023 0.707107 0.002468228 -0.7071021 0.7071072 0.002468228 0.2587226 -0.9659513 -9.02304e-4 0.258728 -0.9659498 -9.03077e-4 0.2587285 -0.9659497 -9.03151e-4 -0.9999939 0 0.003490626 -0.999994 0 0.003490626 0.8659718 0.5000841 -0.003022849 0.8659721 0.5000835 -0.003022849 0.8659721 0.5000835 -0.003022849 0.9999939 6.61981e-6 -0.003490746 0.9999939 6.61981e-6 -0.003490924 0.999994 6.61981e-6 -0.003490746 0 -1 0 0 -1 0 0 -1 0 0.9999939 -1.70778e-7 -0.003490626 0.9999939 -1.48795e-7 -0.003490626 0.9999939 -2.3039e-7 -0.003490686 -0.7071028 -0.7071065 0.002468228 -0.7071028 -0.7071065 0.002468228 -0.7071028 -0.7071065 0.002468228 -0.9659451 0.2587254 0.003371715 -0.9659451 0.2587255 0.003371715 -0.9659451 0.2587254 0.003371715 0 1 -2.13702e-7 0 1 2.4818e-7 0 1 2.75825e-7 0.707104 -0.7071053 -0.002468168 0.7071091 -0.7071003 -0.002467632 0.7071037 -0.7071056 -0.002468228 -0.2724628 0.962166 9.51077e-4 -0.2724629 0.962166 9.51118e-4 -0.2724629 0.962166 9.51123e-4 -0.9621601 -0.272464 0.003358483 -0.9621602 -0.272464 0.003358483 -0.9621602 -0.272464 0.003358483 0.7071026 0.7071067 -0.002468585 0.7071025 0.7071068 -0.002468526 0.7071028 0.7071065 -0.002468764 -0.7071023 0.707107 0.002468287 -0.7071024 0.707107 0.002468287 -0.7071025 0.7071068 0.002468228 -0.9999939 0 0.003490626 -0.9999939 0 0.003490626 -0.9999939 0 0.003490567 0.8659713 -0.5000846 -0.003022849 0.8659715 -0.5000845 -0.003022849 0.8659714 -0.5000845 -0.003022849 -0.7071037 -0.7071056 0.002468168 -0.7071034 -0.7071059 0.002468287 -0.7071034 -0.7071059 0.002468347 0.2587205 0.9659518 -9.03128e-4 0.2587205 0.9659518 -9.03145e-4 0.2587206 0.9659519 -9.03146e-4 0.9621599 0.2724652 -0.003358364 0.9621602 0.2724639 -0.003358602 0.9621598 0.2724653 -0.003358364 0.7071024 -0.7071069 -0.002468168 0.7071024 -0.7071069 -0.002468168 0.7071024 -0.7071069 -0.002468228 -0.4876842 -0.8730185 0.001702249 -0.4876843 -0.8730185 0.001702308 -0.4876842 -0.8730186 0.001702249 0 -1 0 0 -1 0 0 -1 0 -0.8659719 -0.5000838 0.00302273 -0.8659715 -0.5000844 0.00302273 -0.8659719 -0.5000837 0.00302273 0.7071023 0.7071071 -0.002468168 0.7071023 0.7071071 -0.002468168 0.7071022 0.7071071 -0.002468228 0.9621498 -0.2725007 -0.003358542 0.9621499 -0.2725002 -0.003358364 0.9621498 -0.2725008 -0.003358542 0.4876929 0.8730136 -0.001702308 0.4876934 0.8730133 -0.001702368 0.4876928 0.8730137 -0.001702249 -0.7071048 0.7071045 0.002468168 -0.7071046 0.7071048 0.002468347 -0.7071048 0.7071045 0.002468168 0 1 0 0 1 0 -0.9999939 0 0.003490686 -0.9999939 0 0.003490686 -0.9999939 0 0.003490686 -0.7071023 -0.707107 0.002468228 -0.7071024 -0.707107 0.002468228 -0.7071022 -0.7071071 0.002468228 0.4876573 -0.8730335 -0.001701533 0.4876533 -0.8730357 -0.001702129 0.4876577 -0.8730333 -0.001701474 0 -1 0 0 -1 0 0 -1 0 -0.5000814 0.8659766 0.001745581 -0.5000813 0.8659768 0.001745581 -0.5000814 0.8659766 0.001745581 0.7071023 -0.707107 -0.002468168 0.7071023 -0.707107 -0.002468168 0.7071023 -0.707107 -0.002468287 0.9999939 0 -0.003490626 0.9999939 0 -0.003490626 0.9999939 1.70935e-7 -0.003490567 -0.8730096 0.4876936 0.003047287 -0.8730096 0.4876936 0.003047287 -0.8730096 0.4876936 0.003047347 -0.8819245 0.4713808 0.003077805 -0.8819251 0.4713797 0.003078103 -0.8819254 0.4713791 0.003078281 0.4714126 -0.8819114 -0.001645386 0.4714125 -0.8819114 -0.001645386 0.4714128 -0.8819113 -0.001645386 -0.7730243 -0.6343708 0.002697169 -0.7730244 -0.6343707 0.002697229 -0.7730236 -0.6343716 0.002696514 -0.09801965 -0.9951845 3.42259e-4 -0.09801959 -0.9951845 3.42116e-4 -0.09801965 -0.9951845 3.43293e-4 -0.4714093 0.881913 0.001645684 -0.4714093 0.881913 0.001645863 -0.4714094 0.8819131 0.001645565 -0.9569388 0.2902706 0.003340363 -0.9569389 0.2902705 0.003340363 -0.9569389 0.2902704 0.003340423 0.09801965 0.9951844 -3.42597e-4 0.09801965 0.9951845 -3.42501e-4 0.09801971 0.9951845 -3.43293e-4 0.9569392 -0.2902694 -0.003341436 0.9569393 -0.2902687 -0.003341436 0.9569395 -0.2902684 -0.003341376 -0.6344031 0.7729993 0.002214372 -0.6344031 0.7729992 0.002214372 -0.6344037 0.7729988 0.002214074 0.9951794 -0.09801071 -0.00347495 0.9951794 -0.0980103 -0.00347495 0.9951794 -0.09801012 -0.00347495 -0.6344082 -0.7729951 0.00221467 -0.6344082 -0.7729951 0.00221467 -0.6344082 -0.7729952 0.00221467 -0.2902945 -0.9569368 0.001012861 -0.2902945 -0.9569368 0.001012861 -0.2902945 -0.9569368 0.001013159 0.2902942 0.956937 -0.001013278 0.2902942 0.956937 -0.001013338 0.2902941 0.956937 -0.001013159 -0.4714152 -0.88191 0.001645505 -0.4714153 -0.88191 0.001645386 -0.4714152 -0.8819099 0.001645267 -0.9951792 0.09801161 0.003475487 -0.9951792 0.09801101 0.003474414 -0.9951792 0.09801197 0.003476083 -0.8819222 -0.471385 0.003077626 -0.8819223 -0.4713851 0.003077447 -0.8819224 -0.4713844 0.003078997 0.09801834 0.9951846 -3.41018e-4 0.09801834 0.9951846 -3.40823e-4 0.09801828 0.9951846 -3.40718e-4 0.9569391 0.2902699 -0.003340601 0.9569392 0.2902695 -0.003341078 0.9569391 0.29027 -0.003340303 -0.09801959 0.9951844 3.4194e-4 -0.09801959 0.9951845 3.41923e-4 -0.09801965 0.9951844 3.41805e-4 0.8819263 -0.4713775 -0.003080189 0.8819261 -0.4713778 -0.003079652 0.8819261 -0.4713779 -0.003079354 0.7730216 -0.634374 -0.002699077 0.7730216 -0.634374 -0.002699553 0.7730215 -0.6343741 -0.002699732 0.9569386 -0.2902713 -0.003340005 0.9569386 -0.2902712 -0.003340065 0.9569386 -0.2902711 -0.003340303 -0.2902998 -0.9569352 0.001013398 -0.2902998 -0.9569353 0.001012504 -0.2902998 -0.9569353 0.001011967 -0.09801459 -0.995185 3.41715e-4 -0.09801459 -0.995185 3.42821e-4 -0.09801459 -0.995185 3.43414e-4 0.6344133 -0.772991 -0.002214312 0.6344133 -0.772991 -0.002214372 0.6344134 -0.7729909 -0.00221467 0.7730205 0.6343755 -0.002698183 0.7730205 0.6343755 -0.002698123 0.7730205 0.6343755 -0.002697944 -0.6344073 -0.7729958 0.002214789 -0.6344073 -0.7729959 0.00221455 -0.6344073 -0.7729958 0.002214908 0.9951792 -0.09801304 -0.003473222 0.9951792 -0.09801304 -0.003473222 0.9951792 -0.09801298 -0.003473222 -0.7730212 -0.6343746 0.002698063 -0.7730212 -0.6343746 0.002697706 -0.7730212 -0.6343746 0.002697527 0.9951794 0.09801036 -0.00347495 0.9951794 0.09800994 -0.00347495 0.9951793 0.09801054 -0.00347495 -0.2902945 0.9569368 0.0010131 -0.2902945 0.9569368 0.00101304 -0.2902945 0.9569369 0.001013159 -0.9951794 0.09801018 0.003472745 -0.9951794 0.09801036 0.003472626 -0.9951793 0.09801131 0.003471553 -0.09801822 0.9951846 3.41018e-4 -0.09801828 0.9951846 3.40822e-4 -0.09801822 0.9951847 3.41122e-4 -0.2902967 0.9569362 0.001013815 -0.2902967 0.9569362 0.001013636 -0.2902967 0.9569362 0.001013576 -0.9569393 0.2902693 0.003338158 -0.9569392 0.2902693 0.003338158 -0.9569392 0.2902696 0.003338158 0.4714245 0.8819049 -0.001645863 0.4714244 0.881905 -0.001645922 0.4714246 0.881905 -0.001645386 -0.7730239 0.6343713 0.002698183 -0.7730239 0.6343712 0.002698183 -0.7730238 0.6343713 0.002698063 0.2903001 -0.9569352 -0.001012504 0.2902999 -0.9569352 -0.001014292 0.2902998 -0.9569353 -0.001015186 0.2902964 0.9569364 -0.001013815 0.2902963 0.9569364 -0.001013636 0.2902963 0.9569364 -0.001013934 0.0980193 -0.9951846 -3.41601e-4 0.0980193 -0.9951846 -3.41537e-4 0.09801936 -0.9951844 -3.41081e-4 0.6344091 -0.7729944 -0.002214312 0.6344093 -0.7729943 -0.002213239 0.6344091 -0.7729945 -0.002214848 0.6344044 0.7729982 -0.002214372 0.6344045 0.7729981 -0.002214372 0.6344043 0.7729982 -0.00221467 0.4714165 -0.8819093 -0.001644968 0.4714167 -0.8819092 -0.001646041 0.4714164 -0.8819093 -0.001644372 -0.9951795 -0.0980094 0.003472745 -0.9951794 -0.09800952 0.003472626 -0.9951795 -0.09800851 0.003473818 -0.9569391 -0.2902698 0.003340601 -0.9569389 -0.2902702 0.003341078 -0.9569389 -0.2902704 0.003341376 -0.8819262 0.4713777 0.003077328 -0.8819262 0.4713776 0.003077447 -0.8819268 0.4713767 0.003078103 -0.8819278 -0.4713745 0.003079116 -0.881928 -0.4713742 0.003078699 -0.8819282 -0.471374 0.00307846 0.4714101 0.8819127 -0.001645684 0.4714103 0.8819125 -0.001645863 0.4714104 0.8819125 -0.001645982 -0.9951792 -0.09801149 0.003475487 -0.9951792 -0.09801155 0.003474414 -0.9951793 -0.09801155 0.003473818 0.9569393 0.2902691 -0.003339767 0.9569393 0.2902691 -0.003339767 0.9569393 0.2902691 -0.003339827 0.7730242 0.6343711 -0.002697885 0.7730244 0.6343706 -0.002698183 0.7730245 0.6343705 -0.002698361 0.7730212 -0.6343745 -0.002698063 0.7730212 -0.6343745 -0.002698063 0.7730213 -0.6343743 -0.002697765 0.8819258 -0.4713783 -0.003078341 0.8819258 -0.4713783 -0.003078341 0.8819258 -0.4713784 -0.003078222 -0.7730231 0.6343722 0.002697527 -0.7730231 0.6343722 0.002697288 -0.7730231 0.6343721 0.002697169 -0.471427 0.8819037 0.001645386 -0.4714269 0.8819037 0.001645445 -0.4714269 0.8819037 0.00164479 0.8819282 0.471374 -0.003078103 0.8819282 0.471374 -0.003078103 0.8819277 0.4713747 -0.003078043 0.8819231 0.4713835 -0.003078043 0.881923 0.4713836 -0.003077685 0.881923 0.4713837 -0.003077566 0.1102489 0.01119929 -0.993841 0.1102487 0.01119935 -0.9938409 0.1102489 0.01119929 -0.9938409 0.09730601 0.05386304 -0.993796 0.09730607 0.05386322 -0.9937959 0.09730601 0.05386304 -0.993796 0.290295 -0.9569368 -0.001013278 0.290295 -0.9569368 -0.001013278 0.290295 -0.9569368 -0.001013338 0.1058787 0.03316825 -0.9938258 0.1058787 0.03316837 -0.9938257 0.1058787 0.03316819 -0.9938258 0.09730654 -0.05386263 -0.9937959 0.09730648 -0.05386263 -0.9937959 0.09730648 -0.05386263 -0.9937959 -0.01466673 -0.1137112 -0.9934056 -0.01466733 -0.113711 -0.9934056 -0.01466661 -0.1137112 -0.9934056 -0.9569396 -0.2902683 0.003339588 -0.9569395 -0.2902681 0.003339409 -0.9569399 -0.290267 0.003338158 0.007732212 0.1137111 -0.9934839 0.007732093 0.1137112 -0.9934839 0.007732212 0.1137111 -0.9934838 0.007731974 -0.1137112 -0.9934839 0.007732629 -0.1137111 -0.9934838 0.007732808 -0.1137111 -0.9934838 0.08486193 0.0724864 -0.9937527 0.0848627 0.07248604 -0.9937525 0.08486181 0.07248646 -0.9937527 -0.09179687 0.07248669 -0.993136 -0.09179705 0.07248687 -0.9931359 -0.09179717 0.07248693 -0.993136 0.1058788 -0.03316831 -0.9938258 0.1058788 -0.03316825 -0.9938257 0.1058788 -0.03316819 -0.9938257 0.06902223 -0.08832526 -0.9936975 0.0690217 -0.08832591 -0.9936974 0.06902152 -0.08832615 -0.9936974 -0.0366379 -0.109341 -0.9933289 -0.03663712 -0.1093414 -0.9933289 -0.03663802 -0.1093409 -0.9933289 -0.09179651 -0.07248687 -0.993136 -0.09179657 -0.07248681 -0.993136 -0.09179651 -0.07248687 -0.993136 -0.1128138 -0.03316801 -0.9930624 -0.1128137 -0.03316795 -0.9930625 -0.1128138 -0.03316801 -0.9930625 0.05039787 -0.1007692 -0.9936326 0.05039888 -0.1007688 -0.9936326 0.05039918 -0.1007686 -0.9936326 0.05039709 0.1007695 -0.9936326 0.05039733 0.1007696 -0.9936326 0.05039703 0.1007695 -0.9936326 -0.07595723 -0.0883252 -0.9931914 -0.07595694 -0.08832556 -0.9931914 -0.07595729 -0.0883252 -0.9931914 -0.1171841 0.01119935 -0.9930471 -0.1171842 0.01119971 -0.9930471 -0.1171842 0.01119983 -0.9930471 -0.05733209 0.1007697 -0.9932565 -0.05733203 0.1007694 -0.9932566 -0.05733203 0.1007692 -0.9932566 -0.117184 -0.01119941 -0.9930471 -0.1171842 -0.01119971 -0.9930471 -0.117184 -0.01119935 -0.9930471 0.1102489 -0.01119935 -0.993841 0.1102489 -0.01119947 -0.9938409 0.1102489 -0.01119953 -0.9938409 -0.05733305 -0.1007694 -0.9932566 -0.05733346 -0.1007686 -0.9932566 -0.05733299 -0.1007695 -0.9932566 -0.104242 -0.05386197 -0.9930924 -0.1042418 -0.05386179 -0.9930924 -0.104242 -0.05386203 -0.9930924 0.02970212 -0.109341 -0.9935605 0.0297017 -0.1093413 -0.9935605 0.02970159 -0.1093413 -0.9935605 -0.07595849 0.08832466 -0.9931914 -0.07595759 0.0883249 -0.9931914 -0.07595729 0.08832496 -0.9931914 0.06902217 0.08832502 -0.9936975 0.06902229 0.08832556 -0.9936974 0.06902217 0.08832496 -0.9936975 -0.01466667 0.1137111 -0.9934056 -0.01466727 0.1137112 -0.9934056 -0.01466745 0.1137112 -0.9934056 -0.03663766 0.1093412 -0.9933289 -0.03663712 0.1093413 -0.9933289 -0.03663694 0.1093415 -0.9933289 0.02970182 0.1093413 -0.9935605 0.02970165 0.1093413 -0.9935605 0.02970182 0.1093413 -0.9935604 -0.1128138 0.03316813 -0.9930625 -0.1128137 0.03316819 -0.9930624 -0.1128136 0.03316825 -0.9930624 0.03663772 -0.1093412 0.9933289 0.03663742 -0.1093414 0.9933288 0.03663778 -0.1093411 0.9933289 -0.08486157 0.07248687 0.9937527 -0.08486151 0.07248634 0.9937526 -0.08486157 0.07248693 0.9937526 0.1042418 -0.05386257 0.9930924 0.1042417 -0.05386233 0.9930925 0.1042419 -0.05386257 0.9930924 0.01466703 -0.1137112 0.9934056 0.01466715 -0.1137111 0.9934056 0.01466697 -0.1137112 0.9934056 0.08486205 -0.07248646 -0.9937525 0.08486205 -0.0724861 -0.9937527 0.08486211 -0.07248598 -0.9937527 0.07595825 -0.0883246 0.9931914 0.07595795 -0.08832478 0.9931914 0.07595825 -0.08832454 0.9931914 0.1128142 -0.03316819 0.9930624 0.1128141 -0.03316861 0.9930624 0.1128142 -0.03316813 0.9930624 -0.06902229 -0.08832514 0.9936975 -0.06902301 -0.08832496 0.9936974 -0.06902313 -0.0883249 0.9936974 -0.02970248 0.109341 0.9935605 -0.02970212 0.1093414 0.9935604 -0.02970254 0.1093409 0.9935604 -0.02970236 -0.1093415 0.9935604 -0.02970224 -0.1093412 0.9935605 -0.02970218 -0.1093412 0.9935605 0.1042419 0.05386197 0.9930924 0.104242 0.05386173 0.9930924 0.104242 0.05386173 0.9930924 0.1171841 0.01119941 0.9930471 0.1171841 0.01119965 0.9930471 0.1171841 0.01119971 0.9930471 0.05733191 -0.1007697 0.9932565 0.05733317 -0.1007693 0.9932565 0.05733168 -0.1007698 0.9932565 0.05733388 0.1007685 0.9932565 0.05733269 0.1007694 0.9932565 0.05733251 0.1007695 0.9932565 0.1171841 -0.01119965 0.9930471 0.1171841 -0.01119947 0.9930471 0.1171841 -0.01119965 0.9930471 -0.05039685 -0.1007695 0.9936327 -0.05039721 -0.1007697 0.9936326 -0.05039727 -0.1007698 0.9936326 0.1128141 0.03316855 0.9930623 0.1128142 0.03316807 0.9930624 0.1128143 0.03316795 0.9930624 -0.05039757 0.1007694 0.9936326 -0.05039888 0.1007685 0.9936326 -0.05039739 0.1007695 0.9936326 0.03663754 0.1093413 0.9933288 0.03663766 0.1093411 0.9933289 0.03663772 0.1093411 0.9933289 -0.1102486 0.01119947 0.993841 -0.1102488 0.01119965 0.9938409 -0.1102486 0.01119941 0.993841 0.075957 0.08832561 0.9931914 0.07595723 0.08832514 0.9931914 0.07595729 0.08832502 0.9931915 -0.1058788 0.03316789 0.9938257 -0.1058788 0.03316777 0.9938258 -0.1058788 0.03316789 0.9938258 -0.06902253 0.08832508 0.9936975 -0.06902182 0.08832556 0.9936975 -0.06902271 0.08832502 0.9936975 -0.08486211 -0.07248628 0.9937527 -0.08486169 -0.07248657 0.9937527 -0.08486163 -0.07248657 0.9937526 -0.007731497 0.1137112 0.9934839 -0.007731735 0.1137111 0.9934838 -0.007731497 0.1137112 0.9934839 0.01466733 0.1137111 0.9934056 0.01466709 0.1137112 0.9934056 0.01466709 0.1137112 0.9934056 0.09179687 0.07248693 0.9931361 0.09179657 0.07248705 0.993136 0.09179651 0.07248711 0.993136 0.09179681 -0.07248693 0.993136 0.09179693 -0.07248675 0.9931361 0.09179675 -0.07248693 0.993136 -0.09730637 0.05386227 0.993796 -0.09730637 0.05386245 0.9937959 -0.09730637 0.05386227 0.993796 -0.007732152 -0.1137112 0.9934839 -0.007731795 -0.1137112 0.9934839 -0.007731735 -0.1137112 0.9934839 -0.1058787 -0.03316766 0.9938258 -0.1058788 -0.03316795 0.9938257 -0.1058788 -0.03316801 0.9938258 -0.1102487 -0.01119947 0.993841 -0.1102486 -0.01119935 0.993841 -0.1102486 -0.01119935 0.9938411 -0.4714137 -0.8819107 0.001645386 -0.4714136 -0.8819108 0.001645386 -0.4714136 -0.8819109 0.001645386 0.9951792 0.09801304 -0.003473222 0.9951792 0.09801304 -0.003473222 0.9951792 0.09801304 -0.003473222 -0.09730613 -0.0538634 0.9937959 -0.09730595 -0.05386298 0.9937959 -0.09730595 -0.05386292 0.9937959 -0.6344141 0.7729902 0.002213656 -0.6344145 0.77299 0.002213656 -0.6344147 0.7729899 0.002213656 -0.1042417 0.05386269 -0.9930924 -0.1042415 0.05386245 -0.9930925 -0.1042414 0.05386233 -0.9930924 0.6344119 0.7729921 -0.00221467 0.6344121 0.7729919 -0.002214252 0.6344121 0.7729919 -0.002214074 0.09801453 -0.995185 -3.41715e-4 0.09801447 -0.995185 -3.42821e-4 0.09801459 -0.995185 -3.41123e-4 -0.003490149 0 -0.9999939 -0.003490626 0 -0.9999939 -0.003490507 0 -0.9999939 0.00349158 0 0.999994 0.003488719 0 0.999994 0.003490149 1.24142e-7 0.9999939 0.003490328 0 0.999994 0.003490686 -1.70695e-7 0.9999939 0.003486931 3.32496e-6 0.999994 0.003490746 3.65871e-7 0.9999939 0.7070986 0.7071108 -0.002468228 -0.2587266 -0.9659503 9.03052e-4 0 1 0 -0.7071025 0.7071068 0.002468168 0.2587221 -0.9659515 -9.02231e-4 0.8659716 0.5000841 -0.003022849 0.9999939 6.61981e-6 -0.003490984 0 -1 0 0.9999939 0 -0.003490567 -0.7071028 -0.7071065 0.002468287 -0.965945 0.2587255 0.003371715 0 1 -2.41347e-7 0.7071093 -0.7071 -0.002467632 -0.2724628 0.962166 9.51072e-4 -0.9621601 -0.272464 0.003358483 0.7071023 0.707107 -0.002468347 -0.7071021 0.7071071 0.002468407 -0.9999939 0 0.003490686 0.8659714 -0.5000846 -0.003022849 -0.7071037 -0.7071056 0.002468168 0.2587205 0.9659518 -9.03126e-4 0.9621602 0.2724638 -0.003358602 0.7071024 -0.707107 -0.002468109 -0.4876843 -0.8730185 0.001702308 0 -1 0 -0.8659715 -0.5000845 0.00302273 0.7071023 0.707107 -0.002468168 0.9621499 -0.2725001 -0.003358364 0.4876935 0.8730134 -0.001702368 -0.7071045 0.7071048 0.002468347 0 1 0 -0.9999939 0 0.003490686 -0.7071024 -0.7071069 0.002468287 0.4876529 -0.873036 -0.001702189 0 -1 0 -0.5000813 0.8659768 0.001745522 0.7071024 -0.7071069 -0.002468109 0.9999939 0 -0.003490686 -0.8730096 0.4876937 0.003047287 -0.8819241 0.4713814 0.003077626 0.4714123 -0.8819115 -0.001645386 -0.7730252 -0.6343698 0.002697885 -0.09801959 -0.9951845 3.41081e-4 -0.4714093 0.8819131 0.001645922 -0.9569388 0.2902706 0.003340303 0.09801959 0.9951844 -3.41805e-4 0.9569392 -0.2902697 -0.003341495 -0.6344024 0.7729998 0.00221467 0.9951794 -0.09801089 -0.00347495 -0.6344082 -0.7729951 0.00221467 -0.2902945 -0.9569369 0.001012563 0.2902944 0.9569369 -0.001013457 -0.4714151 -0.8819099 0.001645565 -0.9951794 0.09801071 0.003473818 -0.8819218 -0.4713857 0.003076136 0.09801834 0.9951846 -3.41123e-4 0.9569392 0.2902693 -0.003341317 -0.09801954 0.9951845 3.42058e-4 0.8819263 -0.4713774 -0.003080487 0.7730218 -0.6343739 -0.002698898 0.9569386 -0.2902715 -0.003339767 -0.2902997 -0.9569353 0.001013934 -0.09801459 -0.995185 3.41123e-4 0.6344131 -0.772991 -0.002214014 0.7730204 0.6343755 -0.002698361 -0.6344072 -0.7729958 0.002214431 0.9951792 -0.09801304 -0.003473281 -0.7730212 -0.6343746 0.002698302 0.9951794 0.09800976 -0.00347495 -0.2902945 0.9569368 0.00101298 -0.9951795 0.09800922 0.003473818 -0.09801828 0.9951846 3.40718e-4 -0.2902967 0.9569362 0.001013934 -0.9569393 0.290269 0.003338098 0.4714244 0.8819051 -0.001646399 -0.7730239 0.6343712 0.002698302 0.2903001 -0.9569352 -0.00101155 0.2902963 0.9569363 -0.001013517 0.09801924 -0.9951845 -3.42057e-4 0.6344093 -0.7729942 -0.002212643 0.6344046 0.772998 -0.002214074 0.4714168 -0.8819091 -0.001646637 -0.9951794 -0.09801048 0.003471553 -0.9569391 -0.2902696 0.003340303 -0.8819257 0.4713788 0.003076612 -0.8819277 -0.4713747 0.003079354 0.47141 0.8819127 -0.001645565 -0.9951793 -0.09801149 0.003476083 0.9569393 0.2902691 -0.003339767 0.7730239 0.6343712 -0.002697706 0.7730211 -0.6343747 -0.002698361 0.8819258 -0.4713783 -0.00307852 -0.7730231 0.6343722 0.002697706 -0.471427 0.8819036 0.001646041 0.8819285 0.4713733 -0.003078222 0.881923 0.4713834 -0.003078162 0.1102487 0.01119941 -0.993841 0.09730607 0.05386328 -0.9937959 0.290295 -0.9569368 -0.001013159 0.1058787 0.03316837 -0.9938258 0.09730654 -0.05386263 -0.9937959 -0.01466751 -0.1137109 -0.9934056 -0.9569392 -0.2902693 0.003340899 0.007732033 0.1137113 -0.9934839 0.007731854 -0.1137112 -0.9934839 0.08486294 0.07248592 -0.9937525 -0.09179681 0.07248663 -0.993136 0.1058788 -0.03316831 -0.9938258 0.06902235 -0.08832514 -0.9936975 -0.03663682 -0.1093416 -0.9933289 -0.09179657 -0.07248675 -0.993136 -0.1128137 -0.03316795 -0.9930625 0.05039769 -0.1007692 -0.9936326 0.05039739 0.1007696 -0.9936326 -0.07595682 -0.08832561 -0.9931914 -0.1171841 0.01119929 -0.9930471 -0.05733209 0.1007698 -0.9932565 -0.1171842 -0.01119983 -0.9930471 0.1102489 -0.01119935 -0.9938409 -0.05733364 -0.1007684 -0.9932566 -0.1042418 -0.05386173 -0.9930925 0.02970218 -0.109341 -0.9935604 -0.07595866 0.0883246 -0.9931914 0.06902229 0.08832573 -0.9936974 -0.01466661 0.1137111 -0.9934056 -0.03663778 0.1093412 -0.9933289 0.02970159 0.1093413 -0.9935605 -0.1128138 0.03316813 -0.9930624 0.03663736 -0.1093415 0.9933288 -0.08486151 0.07248622 0.9937527 0.1042416 -0.05386227 0.9930924 0.01466721 -0.1137111 0.9934056 0.08486199 -0.07248651 -0.9937525 0.07595789 -0.0883249 0.9931914 0.112814 -0.03316879 0.9930624 -0.06902205 -0.0883252 0.9936975 -0.029702 0.1093415 0.9935604 -0.02970236 -0.1093415 0.9935604 0.1042419 0.05386209 0.9930924 0.1171841 0.01119935 0.9930471 0.05733358 -0.1007692 0.9932566 0.0573343 0.1007683 0.9932566 0.1171841 -0.01119941 0.9930471 -0.05039674 -0.1007694 0.9936326 0.1128141 0.03316873 0.9930624 -0.0503993 0.1007683 0.9936326 0.03663748 0.1093415 0.9933289 -0.1102488 0.01119971 0.9938409 0.07595694 0.08832579 0.9931914 -0.1058787 0.03316777 0.9938257 -0.06902158 0.08832573 0.9936975 -0.08486223 -0.07248616 0.9937527 -0.007731795 0.1137111 0.9934838 0.01466739 0.113711 0.9934056 0.09179693 0.07248687 0.993136 0.09179699 -0.07248669 0.9931361 -0.09730637 0.05386251 0.9937959 -0.007732272 -0.1137112 0.9934838 -0.1058787 -0.03316754 0.9938257 -0.1102487 -0.01119953 0.993841 -0.4714139 -0.8819106 0.001645386 0.9951792 0.09801298 -0.003473222 -0.09730613 -0.05386358 0.9937959 -0.634414 0.7729903 0.002213656 -0.1042418 0.05386269 -0.9930924 0.6344119 0.7729921 -0.002214848 0.09801441 -0.995185 -3.43413e-4</float_array>
          <technique_common>
            <accessor source="#Circle_009-mesh-normals-array" count="1265" stride="3">
              <param name="X" type="float"/>
              <param name="Y" type="float"/>
              <param name="Z" type="float"/>
            </accessor>
          </technique_common>
        </source>
        <source id="Circle_009-mesh-map-0">
          <float_array id="Circle_009-mesh-map-0-array" count="8232">0 0 0 0 0 0 0 0 0 0 0 0 0 0 0 0 0 0 0 0 0 0 0 0 0 0 0 0 0 0 0 0 0 0 0 0 0 0 0 0 0 0 0 0 0 0 0 0 0 0 0 0 0 0 0 0 0 0 0 0 0 0 0 0 0 0 0 0 0 0 0 0 0 0 0 0 0 0 0 0 0 0 0 0 0 0 0 0 0 0 0 0 0 0 0 0 0 0 0 0 0 0 0 0 0 0 0 0 0 0 0 0 0 0 0 0 0 0 0 0 0 0 0 0 0 0 0 0 0 0 0 0 0 0 0 0 0 0 0 0 0 0 0 0 0 0 0 0 0 0 0 0 0 0 0 0 0 0 0 0 0 0 0 0 0 0 0 0 0 0 0 0 0 0 0 0 0 0 0 0 0 0 0 0 0 0 0 0 0 0 0 0 0 0 0 0 0 0 0 0 0 0 0 0 0 0 0 0 0 0 0 0 0 0 0 0 0 0 0 0 0 0 0 0 0 0 0 0 0 0 0 0 0 0 0 0 0 0 0 0 0 0 0 0 0 0 0 0 0 0 0 0 0 0 0 0 0 0 0 0 0 0 0 0 0 0 0 0 0 0 0 0 0 0 0 0 0 0 0 0 0 0 0 0 0 0 0 0 0 0 0 0 0 0 0 0 0 0 0 0 0 0 0 0 0 0 0 0 0 0 0 0 0 0 0 0 0 0 0 0 0 0 0 0 0 0 0 0 0 0 0 0 0 0 0 0 0 0 0 0 0 0 0 0 0 0 0 0 0 0 0 0 0 0 0 0 0 0 0 0 0 0 0 0 0 0 0 0 0 0 0 0 0 0 0 0 0 0 0 0 0 0 0 0 0 0 0 0 0 0 0 0 0 0 0 0 0 0 0 0 0 0 0 0 0 0 0 0 0 0 0 0 0 0 0 0 0 0 0 0 0 0 0 0 0 0 0 0 0 0 0 0 0 0 0 0 0 0 0 0 0 0 0 0 0 0 0 0 0 0 0 0 0 0 0 0 0 0 0 0 0 0 0 0 0 0 0 0 0 0 0 0 0 0 0 0 0 0 0 0 0 0 0 0 0 0 0 0 0 0 0 0 0 0 0 0 0 0 0 0 0 0 0 0 0 0 0 0 0 0 0 0 0 0 0 0 0 0 0 0 0 0 0 0 0 0 0 0 0 0 0 0 0 0 0 0 0 0 0 0 0 0 0 0 0 0 0 0 0 0 0 0 0 0 0 0 0 0 0 0 0 0 0 0 0 0 0 0 0 0 0 0 0 0 0 0 0 0 0 0 0 0 0 0 0 0 0 0 0 0 0 0 0 0 0 0 0 0 0 0 0 0 0 0 0 0 0 0 0 0 0 0 0 0 0 0 0 0 0 0 0 0 0 0 0 0 0 0 0 0 0 0 0 0 0 0 0 0 0 0 0 0 0 0 0 0 0 0 0 0 0 0 0 0 0 0 0 0 0 0 0 0 0 0 0 0 0 0 0 0 0 0 0 0 0 0 0 0 0 0 0 0 0 0 0 0 0 0 0 0 0 0 0 0 0 0 0 0 0 0 0 0 0 0 0 0 0 0 0 0 0 0 0 0 0 0 0 0 0 0 0 0 0 0 0 0 0 0 0 0 0 0 0 0 0 0 0 0 0 0 0 0 0 0 0 0 0 0 0 0 0 0 0 0 0 0 0 0 0 0 0 0 0 0 0 0 0 0 0 0 0 0 0 0 0 0 0 0 0 0 0 0 0 0 0 0 0 0 0 0 0 0 0 0 0 0 0 0 0 0 0 0 0 0 0 0 0 0 0 0 0 0 0 0 0 0 0 0 0 0 0 0 0 0 0 0 0 0 0 0 0 0 0 0 0 0 0 0 0 0 0 0 0 0 0 0 0 0 0 0 0 0 0 0 0 0 0 0 0 0 0 0 0 0 0 0 0 0 0 0 0 0 0 0 0 0 0 0 0 0 0 0 0 0 0 0 0 0 0 0 0 0 0 0 0 0 0 0 0 0 0 0 0 0 0 0 0 0 0 0 0 0 0 0 0 0 0 0 0 0 0 0 0 0 0 0 0 0 0 0 0 0 0 0 0 0 0 0 0 0 0 0 0 0 0 0 0 0 0 0 0 0 0 0 0 0 0 0 0 0 0 0 0 0 0 0 0 0 0 0 0 0 0 0 0 0 0 0 0 0 0 0 0 0 0 0 0 0 0 0 0 0 0 0 0 0 0 0 0 0 0 0 0 0 0 0 0 0 0 0 0 0 0 0 0 0 0 0 0 0 0 0 0 0 0 0 0 0 0 0 0 0 0 0 0 0 0 0 0 0 0 0 0 0 0 0 0 0 0 0 0 0 0 0 0 0 0 0 0 0 0 0 0 0 0 0 0 0 0 0 0 0 0 0 0 0 0 0 0 0 0 0 0 0 0 0 0 0 0 0 0 0 0 0 0 0 0 0 0 0 0 0 0 0 0 0 0 0 0 0 0 0 0 0 0 0 0 0 0 0 0 0 0 0 0 0 0 0 0 0 0 0 0 0 0 0 0 0 0 0 0 0 0 0 0 0 0 0 0 0 0 0 0 0 0 0 0 0 0 0 0 0 0 0 0 0 0 0 0 0 0 0 0 0 0 0 0 0 0 0 0 0 0 0 0 0 0 0 0 0 0 0 0 0 0 0 0 0 0 0 0 0 0 0 0 0 0 0 0 0 0 0 0 0 0 0 0 0 0 0 0 0 0 0 0 0 0 0 0 0 0 0 0 0 0 0 0 0 0 0 0 0 0 0 0 0 0 0 0 0 0 0 0 0 0 0 0 0 0 0 0 0 0 0 0 0 0 0 0 0 0 0 0 0 0 0 0 0 0 0 0 0 0 0 0 0 0 0 0 0 0 0 0 0 0 0 0 0 0 0 0 0 0 0 0 0 0 0 0 0 0 0 0 0 0 0 0 0 0 0 0 0 0 0 0 0 0 0 0 0 0 0 0 0 0 0 0 0 0 0 0 0 0 0 0 0 0 0 0 0 0 0 0 0 0 0 0 0 0 0 0 0 0 0 0 0 0 0 0 0 0 0 0 0 0 0 0 0 0 0 0 0 0 0 0 0 0 0 0 0 0 0 0 0 0 0 0 0 0 0 0 0 0 0 0 0 0 0 0 0 0 0 0 0 0 0 0 0 0 0 0 0 0 0 0 0 0 0 0 0 0 0 0 0 0 0 0 0 0 0 0 0 0 0 0 0 0 0 0 0 0 0 0 0 0 0 0 0 0 0 0 0 0 0 0 0 0 0 0 0 0 0 0 0 0 0 0 0 0 0 0 0 0 0 0 0 0 0 0 0 0 0 0 0 0 0 0 0 0 0 0 0 0 0 0 0 0 0 0 0 0 0 0 0 0 0 0 0 0 0 0 0 0 0 0 0 0 0 0 0 0 0 0 0 0 0 0 0 0 0 0 0 0 0 0 0 0 0 0 0 0 0 0 0 0 0 0 0 0 0 0 0 0 0 0 0 0 0 0 0 0 0 0 0 0 0 0 0 0 0 0 0 0 0 0 0 0 0 0 0 0 0 0 0 0 0 0 0 0 0 0 0 0 0 0 0 0 0 0 0 0 0 0 0 0 0 0 0 0 0 0 0 0 0 0 0 0 0 0 0 0 0 0 0 0 0 0 0 0 0 0 0 0 0 0 0 0 0 0 0 0 0 0 0 0 0 0 0 0 0 0 0 0 0 0 0 0 0 0 0 0 0 0 0 0 0 0 0 0 0 0 0 0 0 0 0 0 0 0 0 0 0 0 0 0 0 0 0 0 0 0 0 0 0 0 0 0 0 0 0 0 0 0 0 0 0 0 0 0 0 0 0 0 0 0 0 0 0 0 0 0 0 0 0 0 0 0 0 0 0 0 0 0 0 0 0 0 0 0 0 0 0 0 0 0 0 0 0 0 0 0 0 0 0 0 0 0 0 0 0 0 0 0 0 0 0 0 0 0 0 0 0 0 0 0 0 0 0 0 0 0 0 0 0 0 0 0 0 0 0 0 0 0 0 0 0 0 0 0 0 0 0 0 0 0 0 0 0 0 0 0 0 0 0 0 0 0 0 0 0 0 0 0 0 0 0 0 0 0 0 0 0 0 0 0 0 0 0 0 0 0 0 0 0 0 0 0 0 0 0 0 0 0 0 0 0 0 0 0 0 0 0 0 0 0 0 0 0 0 0 0 0 0 0 0 0 0 0 0 0 0 0 0 0 0 0 0 0 0 0 0 0 0 0 0 0 0 0 0 0 0 0 0 0 0 0 0 0 0 0 0 0 0 0 0 0 0 0 0 0 0 0 0 0 0 0 0 0 0 0 0 0 0 0 0 0 0 0 0 0 0 0 0 0 0 0 0 0 0 0 0 0 0 0 0 0 0 0 0 0 0 0 0 0 0 0 0 0 0 0 0 0 0 0 0 0 0 0 0 0 0 0 0 0 0 0 0 0 0 0 0 0 0 0 0 0 0 0 0 0 0 0 0 0 0 0 0 0 0 0 0 0 0 0 0 0 0 0 0 0 0 0 0 0 0 0 0 0 0 0 0 0 0 0 0 0 0 0 0 0 0 0 0 0 0 0 0 0 0 0 0 0 0 0 0 0 0 0 0 0 0 0 0 0 0 0 0 0 0 0 0 0 0 0 0 0 0 0 0 0 0 0 0 0 0 0 0 0 0 0 0 0 0 0 0 0 0 0 0 0 0 0 0 0 0 0 0 0 0 0 0 0 0 0 0 0 0 0 0 0 0 0 0 0 0 0 0 0 0 0 0 0 0 0 0 0 0 0 0 0 0 0 0 0 0 0 0 0 0 0 0 0 0 0 0 0 0 0 0 0 0 0 0 0 0 0 0 0 0 0 0 0 0 0 0 0 0 0 0 0 0 0 0 0 0 0 0 0 0 0 0 0 0 0 0 0 0 0 0 0 0 0 0 0 0 0 0 0 0 0 0 0 0 0 0 0 0 0 0 0 0 0 0 0 0 0 0 0 0 0 0 0 0 0 0 0 0 0 0 0 0 0 0 0 0 0 0 0 0 0 0 0 0 0 0 0 0 0 0 0 0 0 0 0 0 0 0 0 0 0 0 0 0 0 0 0 0 0 0 0 0 0 0 0 0 0 0 0 0 0 0 0 0 0 0 0 0 0 0 0 0 0 0 0 0 0 0 0 0 0 0 0 0 0 0 0 0 0 0 0 0 0 0 0 0 0 0 0 0 0 0 0 0 0 0 0 0 0 0 0 0 0 0 0 0 0 0 0 0 0 0 0 0 0 0 0 0 0 0 0 0 0 0 0 0 0 0 0 0 0 0 0 0 0 0 0 0 0 0 0 0 0 0 0 0 0 0 0 0 0 0 0 0 0 0 0 0 0 0 0 0 0 0 0 0 0 0 0 0 0 0 0 0 0 0 0 0 0 0 0 0 0 0 0 0 0 0 0 0 0 0 0 0 0 0 0 0 0 0 0 0 0 0 0 0 0 0 0 0 0 0 0 0 0 0 0 0 0 0 0 0 0 0 0 0 0 0 0 0 0 0 0 0 0 0 0 0 0 0 0 0 0 0 0 0 0 0 0 0 0 0 0 0 0 0 0 0 0 0 0 0 0 0 0 0 0 0 0 0 0 0 0 0 0 0 0 0 0 0 0 0 0 0 0 0 0 0 0 0 0 0 0 0 0 0 0 0 0 0 0 0 0 0 0 0 0 0 0 0 0 0 0 0 0 0 0 0 0 0 0 0 0 0 0 0 0 0 0 0 0 0 0 0 0 0 0 0 0 0 0 0 0 0 0 0 0 0 0 0 0 0 0 0 0 0 0 0 0 0 0 0 0 0 0 0 0 0 0 0 0 0 0 0 0 0 0 0 0 0 0 0 0 0 0 0 0 0 0 0 0 0 0 0 0 0 0 0 0 0 0 0 0 0 0 0 0 0 0 0 0 0 0 0 0 0 0 0 0 0 0 0 0 0 0 0 0 0 0 0 0 0 0 0 0 0 0 0 0 0 0 0 0 0 0 0 0 0 0 0 0 0 0 0 0 0 0 0 0 0 0 0 0 0 0 0 0 0 0 0 0 0 0 0 0 0 0 0 0 0 0 0 0 0 0 0 0 0 0 0 0 0 0 0 0 0 0 0 0 0 0 0 0 0 0 0 0 0 0 0 0 0 0 0 0 0 0 0 0 0 0 0 0 0 0 0 0 0 0 0 0 0 0 0 0 0 0 0 0 0 0 0 0 0 0 0 0 0 0 0 0 0 0 0 0 0 0 0 0 0 0 0 0 0 0 0 0 0 0 0 0 0 0 0 0 0 0 0 0 0 0 0 0 0 0 0 0 0 0 0 0 0 0 0 0 0 0 0 0 0 0 0 0 0 0 0 0 0 0 0 0 0 0 0 0 0 0 0 0 0 0 0 0 0 0 0 0 0 0 0 0 0 0 0 0 0 0 0 0 0 0 0 0 0 0 0 0 0 0 0 0 0 0 0 0 0 0 0 0 0 0 0 0 0 0 0 0 0 0 0 0 0 0 0 0 0 0 0 0 0 0 0 0 0 0 0 0 0 0 0 0 0 0 0 0 0 0 0 0 0 0 0 0 0 0 0 0 0 0 0 0 0 0 0 0 0 0 0 0 0 0 0 0 0 0 0 0 0 0 0 0 0 0 0 0 0 0 0 0 0 0 0 0 0 0 0 0 0 0 0 0 0 0 0 0 0 0 0 0 0 0 0 0 0 0 0 0 0 0 0 0 0 0 0 0 0 0 0 0 0 0 0 0 0 0 0 0 0 0 0 0 0 0 0 0 0 0 0 0 0 0 0 0 0 0 0 0 0 0 0 0 0 0 0 0 0 0 0 0 0 0 0 0 0 0 0 0 0 0 0 0 0 0 0 0 0 0 0 0 0 0 0 0 0 0 0 0 0 0 0 0 0 0 0 0 0 0 0 0 0 0 0 0 0 0 0 0 0 0 0 0 0 0 0 0 0 0 0 0 0 0 0 0 0 0 0 0 0 0 0 0 0 0 0 0 0 0 0 0 0 0 0 0 0 0 0 0 0 0 0 0 0 0 0 0 0 0 0 0 0 0 0 0 0 0 0 0 0 0 0 0 0 0 0 0 0 0 0 0 0 0 0 0 0 0 0 0 0 0 0 0 0 0 0 0 0 0 0 0 0 0 0 0 0 0 0 0 0 0 0 0 0 0 0 0 0 0 0 0 0 0 0 0 0 0 0 0 0 0 0 0 0 0 0 0 0 0 0 0 0 0 0 0 0 0 0 0 0 0 0 0 0 0 0 0 0 0 0 0 0 0 0 0 0 0 0 0 0 0 0 0 0 0 0 0 0 0 0 0 0 0 0 0 0 0 0 0 0 0 0 0 0 0 0 0 0 0 0 0 0 0 0 0 0 0 0 0 0 0 0 0 0 0 0 0 0 0 0 0 0 0 0 0 0 0 0 0 0 0 0 0 0 0 0 0 0 0 0 0 0 0 0 0 0 0 0 0 0 0 0 0 0 0 0 0 0 0 0 0 0 0 0 0 0 0 0 0 0 0 0 0 0 0 0 0 0 0 0 0 0 0 0 0 0 0 0 0 0 0 0 0 0 0 0 0 0 0 0 0 0 0 0 0 0 0 0 0 0 0 0 0 0 0 0 0 0 0 0 0 0 0 0 0 0 0 0 0 0 0 0 0 0 0 0 0 0 0 0 0 0 0 0 0 0 0 0 0 0 0 0 0 0 0 0 0 0 0 0 0 0 0 0 0 0 0 0 0 0 0 0 0 0 0 0 0 0 0 0 0 0 0 0 0 0 0 0 0 0 0 0 0 0 0 0 0 0 0 0 0 0 0 0 0 0 0 0 0 0 0 0 0 0 0 0 0 0 0 0 0 0 0 0 0 0 0 0 0 0 0 0 0 0 0 0 0 0 0 0 0 0 0 0 0 0 0 0 0 0 0 0 0 0 0 0 0 0 0 0 0 0 0 0 0 0 0 0 0 0 0 0 0 0 0 0 0 0 0 0 0 0 0 0 0 0 0 0 0 0 0 0 0 0 0 0 0 0 0 0 0 0 0 0 0 0 0 0 0 0 0 0 0 0 0 0 0 0 0 0 0 0 0 0 0 0 0 0 0 0 0 0 0 0 0 0 0 0 0 0 0 0 0 0 0 0 0 0 0 0 0 0 0 0 0 0 0 0 0 0 0 0 0 0 0 0 0 0 0 0 0 0 0 0 0 0 0 0 0 0 0 0 0 0 0 0 0 0 0 0 0 0 0 0 0 0 0 0 0 0 0 0 0 0 0 0 0 0 0 0 0 0 0 0 0 0 0 0 0 0 0 0 0 0 0 0 0 0 0 0 0 0 0 0 0 0 0 0 0 0 0 0 0 0 0 0 0 0 0 0 0 0 0 0 0 0 0 0 0 0 0 0 0 0 0 0 0 0 0 0 0 0 0 0 0 0 0 0 0 0 0 0 0 0 0 0 0 0 0 0 0 0 0 0 0 0 0 0 0 0 0 0 0 0 0 0 0 0 0 0 0 0 0 0 0 0 0 0 0 0 0 0 0 0 0 0 0 0 0 0 0 0 0 0 0 0 0 0 0 0 0 0 0 0 0 0 0 0 0 0 0 0 0 0 0 0 0 0 0 0 0 0 0 0 0 0 0 0 0 0 0 0 0 0 0 0 0 0 0 0 0 0 0 0 0 0 0 0 0 0 0 0 0 0 0 0 0 0 0 0 0 0 0 0 0 0 0 0 0 0 0 0 0 0 0 0 0 0 0 0 0 0 0 0 0 0 0 0 0 0 0 0 0 0 0 0 0 0 0 0 0 0 0 0 0 0 0 0 0 0 0 0 0 0 0 0 0 0 0 0 0 0 0 0 0 0 0 0 0 0 0 0 0 0 0 0 0 0 0 0 0 0 0 0 0 0 0 0 0 0 0 0 0 0 0 0 0 0 0 0 0 0 0 0 0 0 0 0 0 0 0 0 0 0 0 0 0 0 0 0 0 0 0 0 0 0 0 0 0 0 0 0 0 0 0 0 0 0 0 0 0 0 0 0 0 0 0 0 0 0 0 0 0 0 0 0 0 0 0 0 0 0 0 0 0 0 0 0 0 0 0 0 0 0 0 0 0 0 0 0 0 0 0 0 0 0 0 0 0 0 0 0 0 0 0 0 0 0 0 0 0 0 0 0 0 0 0 0 0 0 0 0 0 0 0 0 0 0 0 0 0 0 0 0 0 0 0 0 0 0 0 0 0 0 0 0 0 0 0 0 0 0 0 0 0 0 0 0 0 0 0 0 0 0 0 0 0 0 0 0 0 0 0 0 0 0 0 0 0 0 0 0 0 0 0 0 0 0 0 0 0 0 0 0 0 0 0 0 0 0 0 0 0 0 0 0 0 0 0 0 0 0 0 0 0 0 0 0 0 0 0 0 0 0 0 0 0 0 0 0 0 0 0 0 0 0 0 0 0 0 0 0 0 0 0 0 0 0 0 0 0 0 0 0 0 0 0 0 0 0 0 0 0 0 0 0 0 0 0 0 0 0 0 0 0 0 0 0 0 0 0 0 0 0 0 0 0 0 0 0 0 0 0 0 0 0 0 0 0 0 0 0 0 0 0 0 0 0 0 0 0 0 0 0 0 0 0 0 0 0 0 0 0 0 0 0 0 0 0 0 0 0 0 0 0 0 0 0 0 0 0 0 0 0 0 0 0 0 0 0 0 0 0 0 0 0 0 0 0 0 0 0 0 0 0 0 0 0 0 0 0 0 0 0 0 0 0 0 0 0 0 0 0 0 0 0 0 0 0 0 0 0 0 0 0 0 0 0 0 0 0 0 0 0 0 0 0 0 0 0 0 0 0 0 0 0 0 0 0 0 0 0 0 0 0 0 0 0 0 0 0 0 0 0 0 0 0 0 0 0 0 0 0 0 0 0 0 0 0 0 0 0 0 0 0 0 0 0 0 0 0 0 0 0 0 0 0 0 0 0 0 0 0 0 0 0 0 0 0 0 0 0 0 0 0 0 0 0 0 0 0 0 0 0 0 0 0 0 0 0 0 0 0 0 0 0 0 0 0 0 0 0 0 0 0 0 0 0 0 0 0 0 0 0 0 0 0 0 0 0 0 0 0 0 0 0 0 0 0 0 0 0 0 0 0 0 0 0 0 0 0 0 0 0 0 0 0 0 0 0 0 0 0 0 0 0 0 0 0 0 0 0 0 0 0 0 0 0 0 0 0 0 0 0 0 0 0 0 0 0 0 0 0 0 0 0 0 0 0 0 0 0 0 0 0 0 0 0 0 0 0 0 0 0 0 0 0 0 0 0 0 0 0 0 0 0 0 0 0 0 0 0 0 0 0 0 0 0 0 0 0 0 0 0 0 0 0 0 0 0 0 0 0 0 0 0 0 0 0 0 0 0 0 0 0 0 0 0 0 0 0 0 0 0 0 0 0 0 0 0 0 0 0 0 0 0 0 0 0 0 0 0 0 0 0 0 0 0 0 0 0 0 0 0 0 0 0 0 0 0 0 0 0 0 0 0 0 0 0 0 0 0 0 0 0 0 0 0 0 0 0 0 0 0 0 0 0 0 0 0 0 0 0 0 0 0 0 0 0 0 0 0 0 0 0 0 0 0 0 0 0 0 0 0 0 0 0 0 0 0 0 0 0 0 0 0 0 0 0 0 0 0 0 0 0 0 0 0 0 0 0 0 0 0 0 0 0 0 0 0 0 0 0 0 0 0 0 0 0 0 0 0 0 0 0 0 0 0 0 0 0 0 0 0 0 0 0 0 0 0 0 0 0 0 0 0 0 0 0 0 0 0 0 0 0 0 0 0 0 0 0 0 0 0 0 0 0 0 0 0 0 0 0 0 0 0 0 0 0 0 0 0 0 0 0 0 0 0 0 0 0 0 0 0 0 0 0 0 0 0 0 0 0 0 0 0 0 0 0 0 0 0 0 0 0 0 0 0 0 0 0 0 0 0 0 0 0 0 0 0 0 0 0 0 0 0 0 0 0 0 0 0 0 0 0 0 0 0 0 0 0 0 0 0 0 0 0 0 0 0 0 0 0 0 0 0 0 0 0 0 0 0 0 0 0 0 0 0 0 0 0 0 0 0 0 0 0 0 0 0 0 0 0 0 0 0 0 0 0 0 0 0 0 0 0 0 0 0 0 0 0 0 0 0 0 0 0 0 0 0 0 0 0 0 0 0 0 0 0 0 0 0 0 0 0 0 0 0 0 0 0 0 0 0 0 0 0 0 0 0 0 0 0 0 0 0 0 0 0 0 0 0 0 0 0 0 0 0 0 0 0 0 0 0 0 0 0 0 0 0 0 0 0 0 0 0 0 0 0 0 0 0 0 0 0 0 0 0 0 0 0 0 0 0 0 0 0 0 0 0 0 0 0 0 0 0 0 0 0 0 0 0 0 0 0 0 0 0 0 0 0 0 0 0 0 0 0 0 0 0 0 0 0 0 0 0 0 0 0 0 0 0 0 0 0 0 0 0 0 0 0 0 0 0 0 0 0 0 0 0 0 0 0 0 0 0 0 0 0 0 0 0 0 0 0 0 0 0 0 0 0 0 0 0 0 0 0 0 0 0 0 0 0 0 0 0 0 0 0 0 0 0 0 0 0 0 0 0 0 0 0 0 0 0 0 0 0 0 0 0 0 0 0 0 0 0 0 0 0 0 0 0 0 0 0 0 0 0 0 0 0 0 0 0 0 0 0 0 0 0 0 0 0 0 0 0 0 0 0 0 0 0 0 0 0 0 0 0 0 0 0 0 0 0 0 0 0 0 0 0 0 0 0 0 0 0 0 0 0 0 0 0 0 0 0 0 0 0 0 0 0 0 0 0 0 0 0 0 0 0 0 0 0 0 0 0 0 0 0 0 0 0 0 0 0 0 0 0 0 0 0 0 0 0 0 0 0 0 0 0 0 0 0 0 0 0 0 0 0 0 0 0 0 0 0 0 0 0 0 0 0 0 0 0 0 0 0 0 0 0 0 0 0 0 0 0 0 0 0 0 0 0 0 0 0 0 0 0 0 0 0 0 0 0 0 0 0 0 0 0 0 0 0 0 0 0 0 0 0 0 0 0 0 0 0 0 0 0 0 0 0 0 0 0 0 0 0 0 0 0 0 0 0 0 0 0 0 0 0 0 0 0 0 0 0 0 0 0 0 0 0 0 0 0 0 0 0 0 0 0 0 0 0 0 0 0 0 0 0 0 0 0 0 0 0 0 0 0 0 0 0 0 0 0 0 0 0 0 0 0 0 0 0 0 0 0 0 0 0 0 0 0 0 0 0 0 0 0 0 0 0 0 0 0 0 0 0 0 0 0 0 0 0 0 0 0 0 0 0 0 0 0 0 0 0 0 0 0 0 0 0 0 0 0 0 0 0 0 0 0 0 0 0 0 0 0 0 0 0 0 0 0 0 0 0 0 0 0 0 0 0 0 0 0 0 0 0 0 0 0 0 0 0 0 0 0 0 0 0 0 0 0 0 0 0 0 0 0 0 0 0 0 0 0 0 0 0 0 0 0 0 0 0 0 0 0 0 0 0 0 0 0 0 0 0 0 0 0 0 0 0 0 0 0 0 0 0 0 0 0 0 0 0 0 0 0 0 0 0 0 0 0 0 0 0 0 0 0 0 0 0 0 0 0 0 0 0 0 0 0 0 0 0 0 0 0 0 0 0 0 0 0 0 0 0 0 0 0 0 0 0 0 0 0 0 0 0 0 0 0 0 0 0 0 0 0 0 0 0 0 0 0 0 0 0 0 0 0 0 0 0 0 0 0 0 0 0 0 0 0 0 0 0 0 0 0 0 0 0 0 0 0 0 0 0 0 0 0 0 0 0 0 0 0 0 0 0 0 0 0 0 0 0 0 0 0 0 0 0 0 0 0 0 0 0 0 0 0 0 0 0 0 0 0 0 0 0 0 0 0 0 0 0 0 0 0 0 0 0 0 0 0 0 0 0 0 0 0 0 0 0 0 0 0 0 0 0 0 0 0 0 0 0 0 0 0 0 0 0 0 0 0 0 0 0 0 0 0 0 0 0 0 0 0 0 0 0 0 0 0 0 0 0 0 0 0 0 0 0 0 0 0 0 0 0 0 0 0 0 0 0 0 0 0 0 0 0 0 0 0 0 0 0 0 0 0 0 0 0 0 0 0 0 0 0 0 0 0 0 0 0 0 0 0 0 0 0 0 0 0 0 0 0 0 0 0 0 0 0 0 0 0 0 0 0 0 0 0 0 0 0 0 0 0 0 0 0 0 0 0 0 0 0 0 0 0 0 0 0 0 0 0 0 0 0 0 0 0 0 0 0 0 0 0 0 0 0 0 0 0 0 0 0 0 0 0 0 0 0 0 0 0 0 0 0 0 0 0 0 0 0 0 0 0 0 0 0 0 0 0 0 0 0 0 0 0 0 0 0 0 0 0 0 0 0 0 0 0 0 0 0 0 0 0 0 0 0 0 0 0 0 0 0 0 0 0 0 0 0 0 0 0 0 0 0 0 0 0 0 0 0 0 0 0 0 0 0 0 0 0 0 0 0 0 0 0 0 0 0 0 0 0 0 0 0 0 0 0 0 0 0 0 0 0 0 0 0 0 0 0 0 0 0 0 0 0 0 0 0 0 0 0 0 0 0 0 0 0 0 0 0 0 0 0 0 0 0 0 0 0 0 0 0 0 0 0 0 0 0 0 0 0 0 0 0 0 0 0 0 0 0 0 0 0 0 0 0 0 0 0 0 0 0 0 0 0 0 0 0 0 0 0 0 0 0 0 0 0 0 0 0 0 0 0 0 0 0 0 0 0 0 0 0 0 0 0 0 0 0 0 0 0 0 0 0 0 0 0 0 0 0 0 0 0 0 0 0 0 0 0 0 0 0 0 0 0 0 0 0 0 0 0 0 0 0 0 0 0 0 0 0 0 0 0 0 0 0 0 0 0 0 0 0 0 0 0 0 0 0 0 0 0 0 0 0 0 0 0 0 0 0 0 0 0 0 0 0 0 0 0 0 0 0 0 0 0 0 0 0 0 0 0 0 0 0 0 0 0 0 0 0 0 0 0 0 0 0 0 0 0 0 0 0 0 0 0 0 0 0 0 0 0 0 0 0 0 0 0 0 0 0 0 0 0 0 0 0 0 0 0 0 0 0 0 0 0 0 0 0 0 0 0 0 0 0 0 0 0 0 0 0 0 0 0 0 0 0 0 0 0 0 0 0 0 0 0 0 0 0 0 0 0 0 0 0 0 0 0 0 0 0 0 0 0 0 0 0 0 0 0 0 0 0 0 0 0 0 0 0 0 0 0 0 0 0 0 0 0 0 0 0 0 0 0 0 0 0 0 0 0 0 0 0 0 0 0 0 0 0 0 0 0 0 0 0 0 0 0 0 0 0 0 0 0 0 0 0 0 0 0 0 0 0 0 0 0 0 0 0 0 0 0 0 0 0 0 0 0 0 0 0 0 0 0 0 0 0 0 0 0 0 0 0 0 0 0 0 0 0 0 0 0 0 0 0 0 0 0 0 0 0 0 0 0 0 0 0 0 0 0 0 0 0 0 0 0 0 0 0 0 0 0 0 0 0 0 0 0 0 0 0 0 0 0 0 0 0 0 0 0 0 0 0 0 0 0 0 0 0 0 0 0 0 0 0 0 0 0 0 0 0 0 0 0 0 0 0 0 0 0 0 0 0 0 0 0 0 0 0 0 0 0 0 0 0 0 0 0 0 0 0 0 0 0 0 0 0 0 0 0 0 0 0 0 0 0 0 0 0 0 0 0 0 0 0 0 0 0 0 0 0 0 0 0 0 0 0 0 0 0 0 0 0 0 0 0 0 0 0 0 0 0 0 0 0 0 0 0 0 0 0 0 0 0 0 0 0 0 0 0 0 0 0 0 0 0 0 0 0 0 0 0 0 0 0 0 0 0 0 0 0 0 0 0 0 0 0 0 0 0 0 0 0 0 0 0 0 0 0 0 0 0 0 0 0 0 0 0 0 0 0 0 0 0 0 0 0 0 0 0 0 0 0 0 0 0 0 0 0 0 0 0 0 0 0 0 0 0 0 0 0 0 0 0 0 0 0 0 0 0 0 0 0 0 0 0 0 0 0 0 0 0 0 0 0 0 0 0 0 0 0 0 0 0 0 0 0 0 0 0 0 0 0 0 0 0 0 0 0 0 0 0 0 0 0 0 0 0 0 0 0 0 0 0 0 0 0 0 0 0 0 0 0 0 0 0 0 0 0 0 0 0 0 0 0 0 0 0 0 0 0 0 0 0 0 0 0 0 0 0 0 0 0 0 0 0 0 0 0 0 0 0 0 0 0 0 0 0 0 0 0 0 0 0 0 0 0 0 0 0 0 0 0 0 0 0 0 0 0 0 0 0 0 0 0 0 0 0 0 0 0 0 0 0 0 0 0 0 0 0 0 0 0 0 0 0 0 0 0 0 0 0 0 0 0 0 0 0 0 0 0 0 0 0 0 0 0 0 0 0 0 0 0 0 0 0 0 0 0 0 0 0 0 0 0 0 0 0 0 0 0 0 0 0 0 0 0 0 0 0 0 0 0 0 0 0 0 0 0 0 0 0 0 0 0 0 0 0 0 0 0 0 0 0 0 0 0 0 0 0 0 0 0 0 0 0 0 0 0 0 0 0 0 0 0 0 0 0 0 0 0 0 0 0 0 0 0 0 0 0 0 0 0 0 0 0 0 0 0 0 0 0 0 0 0 0 0 0 0 0 0 0 0 0 0 0 0 0 0 0 0 0 0 0 0 0 0 0 0 0 0 0 0 0 0 0 0 0 0 0 0 0 0 0 0 0 0 0 0 0 0 0 0 0 0 0 0 0 0 0 0 0 0 0 0 0 0 0 0 0 0 0 0 0 0 0 0 0 0 0 0 0 0 0 0 0 0 0 0 0 0 0 0 0 0 0 0 0 0 0 0 0 0 0 0 0 0 0 0 0 0 0 0 0 0 0 0 0 0 0 0 0 0 0 0 0 0 0 0 0 0 0 0 0 0 0 0 0 0 0 0 0 0 0 0 0 0 0 0 0 0 0 0 0 0 0 0 0 0 0 0 0 0 0 0 0 0 0 0 0 0 0 0 0 0 0 0 0 0 0 0 0 0 0 0 0 0 0 0 0 0 0 0 0 0 0 0 0 0 0 0 0 0 0 0 0 0 0 0 0 0 0 0 0 0 0 0 0 0 0 0 0 0 0 0 0 0 0 0 0 0 0 0 0 0 0 0 0 0 0 0 0 0 0 0 0 0 0 0 0 0 0 0 0 0 0 0 0 0 0 0 0 0 0 0 0 0 0 0 0 0 0 0 0 0 0 0 0 0 0 0 0 0 0 0 0 0 0 0 0 0 0 0 0 0 0 0 0 0 0 0 0 0 0 0 0 0 0 0 0 0 0 0 0 0 0 0 0 0 0 0 0 0 0 0 0 0 0 0 0 0 0 0 0 0 0 0 0 0 0 0 0 0 0 0 0 0 0 0 0 0 0 0 0 0 0 0 0 0 0 0 0 0 0 0 0 0 0 0 0 0 0 0 0 0 0 0 0 0 0 0 0 0 0 0 0 0 0 0 0 0 0 0 0 0 0 0 0 0 0 0 0 0 0 0 0 0 0 0 0 0 0 0 0 0 0 0 0 0 0 0 0 0 0 0 0 0 0 0 0 0 0 0 0 0 0 0 0 0 0 0 0 0 0 0 0 0 0 0 0 0 0 0 0 0 0 0 0 0 0 0 0 0 0 0 0 0 0 0 0 0 0 0 0 0 0 0 0 0 0 0 0 0 0 0 0 0 0 0 0 0 0 0 0 0 0 0 0 0 0 0 0 0 0 0 0 0 0 0 0 0 0 0 0 0 0 0 0 0 0 0 0 0 0 0 0 0 0 0 0 0 0 0 0 0 0 0 0 0 0 0 0 0 0 0 0 0 0 0 0 0 0 0 0 0 0 0 0 0 0 0 0 0 0 0 0 0 0 0 0 0 0 0 0 0 0 0 0 0 0 0 0 0 0 0 0 0 0 0 0 0 0 0 0 0 0 0 0 0 0 0 0 0 0 0 0 0 0 0 0 0 0 0 0 0 0 0 0 0 0 0 0 0 0 0 0 0 0 0 0 0 0 0 0 0 0 0 0 0 0 0 0 0 0 0 0 0 0 0 0 0 0 0 0 0 0 0 0 0 0 0 0 0 0 0 0 0 0 0 0 0 0 0 0 0 0 0 0 0 0 0 0 0 0 0 0 0 0 0 0 0 0 0 0 0 0 0 0 0 0 0 0 0 0 0 0 0 0 0 0 0 0 0 0 0 0 0 0 0 0 0 0 0 0 0 0 0 0 0 0 0 0 0 0 0 0 0 0 0 0 0 0 0 0 0 0 0 0 0 0 0 0 0 0 0 0 0 0 0 0 0 0 0 0 0 0 0 0 0 0 0 0 0 0 0 0 0 0 0 0 0 0 0 0 0 0 0 0 0 0 0 0 0 0 0 0 0 0 0 0 0 0 0 0 0 0 0 0 0 0 0 0 0 0 0 0 0 0 0 0 0 0 0 0 0 0 0 0 0 0 0 0 0 0 0 0 0 0 0 0 0 0 0 0 0 0 0 0 0 0 0 0 0 0 0 0 0 0 0 0 0 0 0 0 0 0 0 0 0 0 0 0 0 0 0 0 0 0 0 0 0 0 0 0 0 0 0 0 0 0 0 0 0 0 0 0 0 0 0 0 0 0 0 0 0 0 0 0 0 0 0 0 0 0 0 0 0 0 0 0 0 0 0 0 0 0 0 0 0 0 0 0 0 0 0 0 0 0 0 0 0 0 0 0 0 0 0 0 0 0 0 0 0 0 0 0 0 0 0 0 0 0 0 0 0 0 0 0 0 0 0 0 0 0 0 0 0 0 0 0 0 0 0 0 0 0 0 0 0 0 0 0 0 0 0 0 0 0 0 0 0 0 0 0 0 0 0 0 0 0 0 0 0 0 0 0 0 0 0 0 0 0 0 0 0 0 0 0 0 0 0 0 0 0 0 0 0 0 0 0 0 0 0 0 0 0 0 0 0 0 0 0 0 0 0 0 0 0 0 0 0 0 0 0 0 0 0 0 0 0 0 0 0 0 0 0 0 0 0 0 0 0 0 0 0 0 0 0 0 0 0 0 0 0 0 0 0 0 0 0 0 0 0 0 0 0 0 0 0 0 0 0 0 0 0 0 0 0 0 0 0 0 0 0 0 0 0 0 0 0 0 0 0 0 0 0 0 0 0 0 0 0 0 0 0 0 0 0 0 0 0 0 0 0 0 0 0 0 0 0 0 0 0 0 0 0 0 0 0 0 0 0 0 0 0 0 0 0 0 0 0 0 0 0 0 0 0 0 0 0 0 0 0 0 0 0 0 0 0 0 0 0 0 0 0</float_array>
          <technique_common>
            <accessor source="#Circle_009-mesh-map-0-array" count="4116" stride="2">
              <param name="S" type="float"/>
              <param name="T" type="float"/>
            </accessor>
          </technique_common>
        </source>
        <vertices id="Circle_009-mesh-vertices">
          <input semantic="POSITION" source="#Circle_009-mesh-positions"/>
        </vertices>
        <triangles material="Dark_Black-material" count="1254">
          <input semantic="VERTEX" source="#Circle_009-mesh-vertices" offset="0"/>
          <input semantic="NORMAL" source="#Circle_009-mesh-normals" offset="1"/>
          <input semantic="TEXCOORD" source="#Circle_009-mesh-map-0" offset="2" set="0"/>
          <p>397 0 0 2 1 1 360 2 2 1 3 3 388 4 4 376 5 5 0 6 6 390 7 7 379 8 8 387 9 9 392 10 10 380 11 11 378 12 12 393 13 13 382 14 14 5 15 15 376 5 16 2 1 17 360 2 18 391 16 19 397 0 20 379 8 21 7 17 22 378 12 23 377 18 24 10 19 25 381 20 26 382 14 27 9 21 28 387 9 29 377 18 30 389 22 31 0 6 32 3 23 33 392 10 34 391 16 35 397 0 36 398 24 37 5 15 38 1 3 39 6 25 40 10 19 41 408 26 42 392 10 43 9 21 44 393 13 45 401 27 46 384 28 47 7 17 51 400 30 52 401 27 53 10 19 54 11 31 55 381 20 56 9 21 57 384 28 58 408 26 59 11 31 60 389 22 61 381 20 62 391 16 63 8 32 64 383 33 65 407 34 66 14 35 67 398 24 68 385 29 69 416 36 70 6 25 71 409 37 72 400 30 73 399 38 74 396 39 75 8 32 76 408 26 77 401 27 81 15 41 82 395 42 83 6 25 84 394 43 85 11 31 86 394 43 87 399 38 88 11 31 89 410 44 90 8 32 91 411 45 92 415 46 93 12 47 94 14 35 95 13 40 96 25 48 97 416 36 98 418 49 99 15 41 100 409 37 101 421 50 102 411 45 103 396 39 104 395 42 108 20 52 109 420 53 110 416 36 111 21 54 112 394 43 113 21 54 114 409 37 115 394 43 116 410 44 117 16 55 118 404 56 119 412 57 120 12 47 121 403 58 122 413 59 123 25 48 124 417 51 125 418 49 126 27 60 127 20 52 128 421 50 129 28 61 130 16 55 131 405 62 132 17 63 133 423 64 134 20 52 138 17 63 139 420 53 140 21 54 141 34 66 142 422 67 143 21 54 144 18 68 145 418 49 146 404 56 147 28 61 148 419 69 149 412 57 150 36 70 151 26 65 152 413 59 153 23 71 154 34 66 155 428 72 156 27 60 157 18 68 158 436 73 159 28 61 160 414 74 161 423 64 162 38 75 163 29 76 164 17 63 168 37 78 169 38 75 170 34 66 171 22 79 172 422 67 173 414 74 174 29 76 175 436 73 176 22 79 177 18 68 178 422 67 179 429 80 180 28 61 181 430 81 182 435 82 183 30 83 184 36 70 185 35 77 186 44 84 187 23 71 188 31 85 189 37 78 190 428 72 191 32 86 192 430 81 193 436 73 194 29 76 195 42 87 196 439 88 197 38 75 201 426 90 202 42 87 203 23 71 204 41 91 205 22 79 206 436 73 207 439 88 208 32 86 209 41 91 210 428 72 211 22 79 212 425 92 213 430 81 214 33 93 215 424 94 216 431 95 217 30 83 218 437 89 219 433 96 220 44 84 221 442 97 222 426 90 223 31 85 224 438 98 225 33 93 226 32 86 227 30 83 228 434 99 229 437 89 230 425 92 231 59 100 232 424 94 233 42 87 234 47 101 235 440 102 236 44 84 237 39 103 238 41 91 239 32 86 240 441 104 241 438 98 242 39 103 243 31 85 244 41 91 245 432 105 246 33 93 247 443 106 248 439 88 249 440 102 250 441 104 251 73 107 252 49 108 253 59 109 254 48 110 255 433 111 256 45 112 257 442 97 258 63 113 259 47 101 260 60 114 261 65 115 262 51 116 263 440 102 264 67 117 265 53 118 266 61 119 267 45 112 268 49 108 269 59 109 270 64 120 271 73 107 272 47 101 273 68 121 274 440 102 275 46 122 276 75 123 277 52 124 278 53 118 279 74 125 280 60 114 281 46 122 282 62 126 283 442 97 284 50 127 285 65 115 286 64 120 287 73 107 288 76 128 289 61 119 290 48 110 291 66 129 292 75 123 293 77 130 294 63 113 295 62 126 296 87 131 297 65 115 298 74 125 299 67 117 300 80 132 301 55 133 302 64 120 306 86 135 307 73 107 308 68 121 309 78 136 310 80 132 311 75 123 312 79 137 313 52 124 314 74 125 315 55 133 316 87 131 317 79 137 318 62 126 319 52 124 320 64 120 321 69 138 322 54 139 323 86 135 324 90 140 325 76 128 326 56 134 327 103 141 328 66 129 329 91 142 330 78 136 331 77 130 332 72 143 333 69 138 334 87 131 335 55 133 336 71 144 337 81 145 338 54 139 342 102 147 343 86 135 344 80 132 345 92 148 346 71 144 347 66 129 348 70 149 349 79 137 350 87 131 351 81 145 352 72 143 353 70 149 354 77 130 355 79 137 356 93 150 357 69 138 358 94 151 359 102 147 360 88 152 361 90 140 362 89 146 363 114 153 364 103 141 365 105 154 366 92 148 367 91 142 368 113 155 369 94 151 370 72 143 371 81 145 372 109 156 373 84 157 374 93 150 378 82 159 379 102 147 380 71 144 381 106 160 382 109 156 383 103 141 384 108 161 385 70 149 386 72 143 387 84 157 388 113 155 389 108 161 390 91 142 391 70 149 392 93 150 393 96 162 394 83 163 395 95 164 396 88 152 397 82 159 398 98 165 399 114 153 400 104 158 401 105 154 402 116 166 403 106 160 404 113 155 405 117 167 406 96 162 407 84 157 408 97 168 409 119 169 410 82 159 414 107 171 415 95 164 416 106 160 417 97 168 418 109 156 419 108 161 420 129 172 421 118 173 422 84 157 423 100 174 424 113 155 425 108 161 426 99 175 427 105 154 428 83 163 429 117 167 430 107 171 431 95 164 432 131 176 433 115 170 434 98 165 435 111 177 436 129 172 437 132 178 438 116 166 439 99 175 440 145 179 441 117 167 442 100 174 443 119 169 444 136 180 445 120 181 446 95 164 450 134 183 451 144 184 452 97 168 453 133 185 454 136 180 455 129 172 456 110 186 457 118 173 458 100 174 459 120 181 460 145 179 461 110 186 462 99 175 463 118 173 464 134 183 465 117 167 466 135 187 467 144 184 468 121 188 469 131 176 470 130 182 471 155 189 472 111 177 473 124 190 474 133 185 475 132 178 476 126 191 477 135 187 478 145 179 479 120 181 480 150 192 481 149 193 482 134 183 486 122 195 487 144 184 488 136 180 489 125 196 490 150 192 491 111 177 492 148 197 493 110 186 494 145 179 495 149 193 496 126 191 497 148 197 498 132 178 499 110 186 500 123 198 501 135 187 502 127 199 503 122 195 504 137 200 505 121 188 506 146 194 507 141 201 508 155 189 509 159 202 510 125 196 511 124 190 512 147 203 513 127 199 514 126 191 515 121 188 516 142 204 517 146 194 518 123 198 519 138 205 520 122 195 521 150 192 522 152 206 523 158 207 524 155 189 525 140 208 526 148 197 527 126 191 528 151 209 529 147 203 530 140 208 531 124 190 532 148 197 533 139 210 534 127 199 535 153 211 536 149 193 537 158 207 538 151 209 539 184 212 540 161 213 541 138 214 542 160 215 543 141 216 544 156 217 545 159 202 546 174 218 547 152 206 548 171 219 549 176 220 550 163 221 551 158 207 552 178 222 553 165 223 554 172 224 555 156 217 556 161 213 557 138 214 558 175 225 559 184 212 560 152 206 561 179 226 562 158 207 563 157 227 564 186 228 565 164 229 566 165 223 567 185 230 568 171 219 569 157 227 570 173 231 571 159 202 572 162 232 573 176 220 574 175 225 575 184 212 576 187 233 577 172 224 578 160 215 579 177 234 580 186 228 581 188 235 582 174 218 583 173 231 584 198 236 585 176 220 586 185 230 587 178 222 588 191 237 589 167 238 590 175 225 594 197 240 595 184 212 596 179 226 597 189 241 598 191 237 599 186 228 600 190 242 601 164 229 602 185 230 603 167 238 604 198 236 605 190 242 606 173 231 607 164 229 608 175 225 609 180 243 610 166 244 611 197 240 612 201 245 613 187 233 614 168 239 615 214 246 616 177 234 617 202 247 618 189 241 619 188 235 620 183 248 621 180 243 622 198 236 623 167 238 624 182 249 625 192 250 626 166 244 630 213 252 631 197 240 632 191 237 633 203 253 634 182 249 635 177 234 636 181 254 637 190 242 638 198 236 639 192 250 640 183 248 641 181 254 642 188 235 643 190 242 644 204 255 645 180 243 646 205 256 647 213 252 648 199 257 649 201 245 650 200 251 651 225 258 652 214 246 653 216 259 654 203 253 655 202 247 656 224 260 657 205 256 658 183 248 659 192 250 660 220 261 661 195 262 662 204 255 666 193 264 667 213 252 668 182 249 669 217 265 670 220 261 671 214 246 672 219 266 673 181 254 674 183 248 675 195 262 676 224 260 677 219 266 678 202 247 679 181 254 680 204 255 681 207 267 682 194 268 683 206 269 684 199 257 685 193 264 686 209 270 687 225 258 688 215 263 689 216 259 690 227 271 691 217 265 692 224 260 693 228 272 694 207 267 695 195 262 696 208 273 697 230 274 698 193 264 702 218 276 703 206 269 704 217 265 705 208 273 706 220 261 707 219 266 708 240 277 709 229 278 710 195 262 711 211 279 712 224 260 713 219 266 714 210 280 715 216 259 716 194 268 717 228 272 718 218 276 719 206 269 720 242 281 721 226 275 722 209 270 723 222 282 724 240 277 725 243 283 726 227 271 727 210 280 728 255 284 729 228 272 730 211 279 731 230 274 732 247 285 733 231 286 734 206 269 738 245 288 739 254 289 740 208 273 741 244 290 742 247 285 743 240 277 744 221 291 745 229 278 746 211 279 747 231 286 748 255 284 749 221 291 750 210 280 751 229 278 752 245 288 753 228 272 754 246 292 755 254 289 756 232 293 757 242 281 758 241 287 759 265 294 760 222 282 761 235 295 762 244 290 763 243 283 764 237 296 765 246 292 766 255 284 767 231 286 768 260 297 769 259 298 770 245 288 774 233 300 775 254 289 776 247 285 777 236 301 778 260 297 779 222 282 780 258 302 781 221 291 782 255 284 783 259 298 784 237 296 785 258 302 786 243 283 787 221 291 788 234 303 789 246 292 790 238 304 791 233 300 792 248 305 793 232 293 794 256 299 795 251 306 796 265 294 797 269 307 798 236 301 799 235 295 800 257 308 801 238 304 802 237 296 803 232 293 804 252 309 805 256 299 806 234 303 807 281 310 808 233 300 809 260 297 810 268 311 811 261 312 812 265 294 813 250 313 814 258 302 815 237 296 816 262 314 817 257 308 818 250 313 819 235 295 820 258 302 821 249 315 822 238 304 823 263 316 824 259 298 825 261 312 826 262 314 827 295 317 828 271 318 829 281 319 830 270 320 831 251 321 832 266 322 833 269 307 834 285 323 835 268 311 836 282 324 837 287 325 838 273 326 839 261 312 840 289 327 841 275 328 842 283 329 843 266 322 844 271 318 845 281 319 846 286 330 847 295 317 848 268 311 849 290 331 850 261 312 851 267 332 852 297 333 853 274 334 854 275 328 855 296 335 856 282 324 857 267 332 858 284 336 859 269 307 860 272 337 861 287 325 862 286 330 863 295 317 864 298 338 865 283 329 866 270 320 867 288 339 868 297 333 869 299 340 870 285 323 871 284 336 872 309 341 873 287 325 874 296 335 875 289 327 876 302 342 877 277 343 878 286 330 882 308 345 883 295 317 884 290 331 885 300 346 886 302 342 887 297 333 888 301 347 889 274 334 890 296 335 891 277 343 892 309 341 893 301 347 894 284 336 895 274 334 896 286 330 897 291 348 898 276 349 899 308 345 900 312 350 901 298 338 902 278 344 903 325 351 904 288 339 905 313 352 906 300 346 907 299 340 908 294 353 909 291 348 910 309 341 911 277 343 912 293 354 913 303 355 914 276 349 918 324 357 919 308 345 920 302 342 921 314 358 922 293 354 923 288 339 924 292 359 925 301 347 926 309 341 927 303 355 928 294 353 929 292 359 930 299 340 931 301 347 932 315 360 933 291 348 934 316 361 935 324 357 936 310 362 937 312 350 938 311 356 939 336 363 940 325 351 941 327 364 942 314 358 943 313 352 944 335 365 945 316 361 946 294 353 947 303 355 948 331 366 949 306 367 950 315 360 954 304 369 955 324 357 956 293 354 957 328 370 958 331 366 959 325 351 960 330 371 961 292 359 962 294 353 963 306 367 964 335 365 965 330 371 966 313 352 967 292 359 968 315 360 969 318 372 970 305 373 971 317 374 972 310 362 973 304 369 974 320 375 975 336 363 976 326 368 977 327 364 978 338 376 979 328 370 980 335 365 981 339 377 982 318 372 983 306 367 984 319 378 985 341 379 986 304 369 990 329 381 991 317 374 992 328 370 993 319 378 994 331 366 995 330 371 996 351 382 997 340 383 998 306 367 999 322 384 1000 335 365 1001 330 371 1002 321 385 1003 327 364 1004 305 373 1005 339 377 1006 329 381 1007 317 374 1008 353 386 1009 337 380 1010 320 375 1011 333 387 1012 351 382 1013 354 388 1014 338 376 1015 321 385 1016 366 389 1017 339 377 1018 322 384 1019 341 379 1020 358 390 1021 342 391 1022 317 374 1026 356 393 1027 365 394 1028 319 378 1029 355 395 1030 358 390 1031 351 382 1032 332 396 1033 340 383 1034 322 384 1035 342 391 1036 366 389 1037 332 396 1038 321 385 1039 340 383 1040 356 393 1041 339 377 1042 357 397 1043 365 394 1044 343 398 1045 353 386 1046 352 392 1047 375 399 1048 333 387 1049 346 400 1050 355 395 1051 354 388 1052 348 401 1053 357 397 1054 366 389 1055 342 391 1056 371 402 1057 370 403 1058 356 393 1062 344 405 1063 365 394 1064 358 390 1065 347 406 1066 371 402 1067 333 387 1068 369 407 1069 332 396 1070 366 389 1071 370 403 1072 348 401 1073 369 407 1074 354 388 1075 332 396 1076 345 408 1077 357 397 1078 349 409 1079 344 405 1080 359 410 1081 343 398 1082 367 404 1083 388 411 1084 375 399 1085 0 6 1086 347 406 1087 346 400 1088 368 412 1089 349 409 1090 348 401 1091 343 398 1092 363 413 1093 367 404 1094 345 408 1095 360 414 1096 344 405 1097 371 402 1098 379 8 1099 378 12 1100 375 399 1101 362 415 1102 369 407 1103 348 401 1104 372 416 1105 368 412 1106 369 407 1107 0 6 1108 346 400 1109 361 417 1110 349 409 1111 373 418 1112 370 403 1113 378 12 1114 372 416 1115 399 38 1116 390 7 1117 389 22 1118 391 16 1119 407 34 1120 397 0 1121 384 28 1122 395 42 1123 402 419 1124 383 33 1125 415 46 1126 407 34 1127 408 26 1128 402 419 1129 396 39 1130 402 419 1131 420 53 1132 405 62 1133 410 44 1134 403 58 1135 415 46 1136 396 39 1137 405 62 1138 421 50 1139 403 58 1140 419 69 1141 412 57 1142 405 62 1143 414 74 1144 421 50 1145 412 57 1146 429 80 1147 435 82 1148 429 80 1149 424 94 1150 435 82 1151 451 420 1152 453 421 1153 452 422 1154 482 423 1155 444 424 1156 483 425 1157 470 426 1158 472 427 1159 471 428 1160 465 429 1161 467 430 1162 466 431 1163 469 432 1164 493 433 1165 498 434 1166 464 435 1167 490 436 1168 495 437 1169 475 438 1170 499 439 1171 502 440 1172 471 428 1173 499 439 1174 470 426 1175 480 441 1176 507 442 1177 482 423 1178 497 443 1179 465 429 1180 466 431 1181 454 444 1182 488 445 1183 451 420 1184 469 432 1185 497 443 1186 466 431 1187 474 446 1188 496 447 1189 501 448 1190 454 444 1191 484 449 1192 489 450 1193 475 438 1194 504 451 1195 477 452 1196 488 445 1197 450 453 1198 451 420 1199 449 454 1200 485 455 1201 446 456 1202 464 435 1203 494 457 1204 461 458 1205 459 459 1206 487 460 1207 492 461 1208 480 441 1209 503 462 1210 505 463 1211 482 423 1212 506 464 1213 481 465 1214 449 454 1215 506 464 1216 486 466 1217 459 459 1218 491 467 1219 456 468 1220 474 446 1221 500 469 1222 471 428 1223 494 457 1224 460 470 1225 461 458 1226 460 470 1227 462 471 1228 461 458 1229 491 467 1230 455 472 1231 456 468 1232 485 455 1233 445 473 1234 446 456 1235 477 452 1236 503 462 1237 476 474 1238 456 468 1239 458 475 1240 457 476 1241 446 456 1242 448 477 1243 447 478 1244 477 452 1245 479 479 1246 478 480 1247 539 505 1353 541 506 1354 538 507 1355 532 508 1356 570 509 1357 571 510 1358 559 511 1359 561 512 1360 558 513 1361 555 514 1362 553 515 1363 554 516 1364 557 517 1365 581 518 1366 548 519 1367 552 520 1368 578 521 1369 543 522 1370 563 523 1371 587 524 1372 558 513 1373 559 511 1374 587 524 1375 588 525 1376 595 526 1377 568 527 1378 570 509 1379 553 515 1380 585 528 1381 554 516 1382 576 529 1383 542 530 1384 539 505 1385 585 528 1386 557 517 1387 554 516 1388 562 531 1389 584 532 1390 553 515 1391 542 530 1392 572 533 1393 533 534 1394 592 535 1395 563 523 1396 565 536 1397 538 507 1398 576 529 1399 539 505 1400 573 537 1401 537 538 1402 534 539 1403 582 540 1404 552 520 1405 549 541 1406 547 542 1407 575 543 1408 538 507 1409 568 527 1410 591 544 1411 564 545 1412 570 509 1413 594 546 1414 595 526 1415 537 538 1416 594 546 1417 569 547 1418 579 548 1419 547 542 1420 544 549 1421 588 525 1422 562 531 1423 559 511 1424 548 519 1425 582 540 1426 549 541 1427 550 550 1428 548 519 1429 549 541 1430 543 522 1431 579 548 1432 544 549 1433 533 534 1434 573 537 1435 534 539 1436 565 536 1437 591 544 1438 592 535 1439 544 549 1440 546 551 1441 543 522 1442 534 539 1443 536 552 1444 533 534 1445 565 536 1446 567 553 1447 564 545 1448 578 521 1449 596 554 1450 579 548 1451 583 555 1452 602 556 1453 596 554 1454 582 540 1455 608 557 1456 602 556 1457 586 558 1458 608 557 1459 581 518 1460 585 528 1461 614 559 1462 586 558 1463 579 548 1464 597 560 1465 580 561 1466 596 554 1467 603 562 1468 597 560 1469 608 557 1470 603 562 1471 602 556 1472 614 559 1473 609 563 1474 608 557 1475 584 532 1476 615 564 1477 614 559 1478 580 561 1479 598 565 1480 575 543 1481 597 560 1482 604 566 1483 598 565 1484 603 562 1485 610 567 1486 604 566 1487 615 564 1488 610 567 1489 609 563 1490 589 568 1491 616 569 1492 615 564 1493 575 543 1494 599 570 1495 576 529 1496 604 566 1497 599 570 1498 598 565 1499 604 566 1500 611 571 1501 605 572 1502 610 567 1503 617 573 1504 611 571 1505 616 569 1506 587 524 1507 617 573 1508 599 570 1509 577 574 1510 576 529 1511 605 572 1512 600 575 1513 599 570 1514 605 572 1515 612 576 1516 606 577 1517 611 571 1518 618 578 1519 612 576 1520 617 573 1521 590 579 1522 618 578 1523 600 575 1524 572 533 1525 577 574 1526 606 577 1527 601 580 1528 600 575 1529 606 577 1530 613 581 1531 607 582 1532 612 576 1533 619 583 1534 613 581 1535 618 578 1536 592 535 1537 619 583 1538 601 580 1539 573 537 1540 572 533 1541 607 582 1542 574 584 1543 601 580 1544 607 582 1545 595 526 1546 594 546 1547 613 581 1548 593 585 1549 595 526 1550 619 583 1551 591 544 1552 593 585 1553 447 586 1554 536 587 1555 535 588 1556 471 589 1557 562 590 1558 474 591 1559 461 592 1560 550 593 1561 549 594 1562 448 595 1563 533 596 1564 536 597 1565 470 598 1566 563 599 1567 558 600 1568 463 601 1569 550 601 1570 462 602 1571 449 603 1572 534 604 1573 537 605 1574 444 606 1575 571 607 1576 483 608 1577 460 609 1578 551 610 1579 463 611 1580 452 612 1581 539 613 1582 451 614 1583 478 615 1584 565 616 1585 477 617 1586 461 618 1587 552 619 1588 464 620 1589 452 621 1590 541 622 1591 540 623 1592 479 624 1593 566 625 1594 478 626 1595 450 627 1596 547 628 1597 538 629 1598 469 630 1599 548 631 1600 460 632 1601 476 633 1602 567 634 1603 479 635 1604 466 636 1605 555 637 1606 554 638 1607 450 639 1608 541 640 1609 453 641 1610 476 642 1611 568 643 1612 564 644 1613 467 645 1614 556 646 1615 555 647 1616 454 648 1617 539 649 1618 542 650 1619 449 651 1620 569 652 1621 481 653 1622 465 654 1623 556 655 1624 468 656 1625 474 657 1626 553 658 1627 465 659 1628 483 660 1629 570 661 1630 482 662 1631 466 663 1632 557 664 1633 469 665 1634 456 666 1635 545 667 1636 544 668 1637 482 669 1638 568 670 1639 480 671 1640 454 672 1641 533 673 1642 445 674 1643 458 675 1644 545 676 1645 457 677 1646 444 678 1647 569 679 1648 532 594 1649 472 680 1650 559 681 1651 471 682 1652 455 683 1653 546 684 1654 458 685 1655 477 686 1656 563 687 1657 475 688 1658 473 689 1659 560 690 1660 472 691 1661 456 692 1662 547 693 1663 459 694 1664 447 695 1665 534 696 1666 446 697 1667 470 698 1668 561 699 1669 473 700 1670 464 701 1671 543 702 1672 455 703 1673 664 704 1674 691 705 1675 662 706 1676 728 707 1677 645 708 1678 646 709 1679 719 710 1680 656 711 1681 658 712 1682 725 713 1683 648 714 1684 649 715 1685 676 716 1686 684 717 1687 685 718 1688 662 719 1689 692 720 1690 660 721 1691 745 722 1692 620 723 1693 622 724 1694 722 725 1695 657 726 1696 720 727 1697 710 728 1698 674 729 1699 707 730 1700 720 731 1701 659 732 1702 718 733 1703 721 734 1704 654 735 1705 656 736 1706 725 737 1707 650 738 1708 724 739 1709 744 740 1710 622 741 1711 623 742 1712 631 743 1713 702 744 1714 629 745 1715 653 746 1716 692 747 1717 693 748 1718 717 749 1719 658 750 1720 661 751 1721 688 752 1722 682 753 1723 687 754 1724 709 755 1725 663 756 1726 672 757 1727 746 758 1728 620 759 1729 747 760 1730 732 761 1731 655 762 1732 722 763 1733 733 764 1734 640 765 1735 732 766 1736 735 767 1737 638 768 1738 734 769 1739 629 770 1740 703 771 1741 627 772 1742 627 773 1743 705 774 1744 624 775 1745 730 776 1746 645 777 1747 729 778 1748 740 779 1749 633 780 1750 739 781 1751 631 782 1752 700 783 1753 701 784 1754 735 785 1755 636 786 1756 637 787 1757 642 788 1758 700 789 1759 641 790 1760 716 791 1761 659 792 1762 663 793 1763 746 794 1764 675 795 1765 621 796 1766 714 797 1767 668 798 1768 713 799 1769 686 800 1770 682 801 1771 683 802 1772 686 803 1773 684 804 1774 677 805 1775 713 806 1776 669 807 1777 712 808 1778 741 809 1779 623 810 1780 630 811 1781 710 812 1782 670 813 1783 671 814 1784 626 815 1785 625 816 1786 743 817 1787 688 818 1788 680 819 1789 681 820 1790 727 821 1791 648 822 1792 726 823 1793 733 824 1794 628 825 1795 639 826 1796 740 827 1797 630 828 1798 632 829 1799 742 830 1800 625 831 1801 628 832 1802 714 833 1803 665 834 1804 667 835 1805 652 836 1806 695 837 1807 651 838 1808 712 839 1809 670 840 1810 711 841 1811 651 842 1812 696 843 1813 642 844 1814 698 845 1815 680 846 1816 697 847 1817 653 848 1818 694 849 1819 652 850 1820 737 851 1821 634 852 1822 635 853 1823 708 854 1824 678 855 1825 699 856 1826 730 857 1827 643 858 1828 644 859 1829 731 860 1830 638 861 1831 643 862 1832 666 863 1833 690 864 1834 664 865 1835 706 866 1836 674 867 1837 675 868 1838 739 869 1839 634 870 1840 738 871 1841 709 872 1842 673 873 1843 708 874 1844 659 875 1845 665 876 1846 663 877 1847 672 878 1848 658 879 1849 673 880 1850 728 881 1851 647 882 1852 727 883 1853 663 884 1854 661 885 1855 672 886 1856 655 887 1857 670 888 1858 669 889 1859 703 890 1860 620 891 1861 705 892 1862 717 893 1863 665 894 1864 715 895 1865 681 896 1866 648 897 1867 682 898 1868 704 899 1869 620 900 1870 621 901 1871 673 902 1872 656 903 1873 678 904 1874 690 905 1875 644 906 1876 643 907 1877 657 908 1878 669 909 1879 668 910 1880 639 911 1881 674 912 1882 671 913 1883 702 914 1884 622 915 1885 703 916 1886 696 917 1887 632 918 1888 700 919 1889 694 920 1890 634 921 1891 695 922 1892 628 923 1893 675 924 1894 674 925 1895 679 926 1896 650 927 1897 680 928 1898 700 929 1899 630 930 1900 701 931 1901 693 932 1902 637 933 1903 636 934 1904 685 935 1905 646 936 1906 645 937 1907 693 938 1908 635 939 1909 694 940 1910 659 941 1911 668 942 1912 667 943 1913 701 944 1914 623 945 1915 702 946 1916 695 947 1917 633 948 1918 696 949 1919 625 950 1920 621 951 1921 675 952 1922 689 953 1923 645 954 1924 644 955 1925 678 956 1926 654 957 1927 679 958 1928 683 959 1929 648 960 1930 647 961 1931 684 962 1932 647 963 1933 646 964 1934 680 965 1935 649 966 1936 681 967 1937 692 968 1938 638 969 1939 637 970 1940 677 971 1941 727 972 1942 686 973 1943 732 974 1944 710 975 1945 733 976 1946 662 977 1947 731 978 1948 664 979 1949 686 980 1950 726 981 1951 687 982 1952 640 983 1953 671 984 1954 670 985 1955 666 986 1956 729 987 1957 676 988 1958 660 989 1959 734 990 1960 662 991 1961 723 992 1962 699 993 1963 698 994 1964 743 995 1965 746 996 1966 626 997 1967 725 998 1968 697 999 1969 688 1000 1970 739 1001 1971 651 1002 1972 642 1003 1973 737 1004 1974 653 1005 1975 652 1006 1976 676 1007 1977 728 1008 1978 677 1009 1979 744 1010 1980 631 1011 1981 629 1012 1982 653 1013 1983 735 1014 1984 660 1015 1985 724 1016 1986 698 1017 1987 697 1018 1988 738 1019 1989 652 1020 1990 651 1021 1991 742 1022 1992 706 1023 1993 743 1024 1994 745 1025 1995 629 1026 1996 627 1027 1997 718 1028 1998 713 1029 1999 720 1030 2000 741 1031 2001 641 1032 2002 631 1033 2003 720 1034 2004 712 1035 2005 722 1036 2006 733 1037 2007 707 1038 2008 742 1039 2009 721 1040 2010 708 1041 2011 699 1042 2012 626 1043 2013 747 1044 2014 624 1045 2015 747 1046 2016 627 1047 2017 624 1048 2018 740 1049 2019 642 1050 2020 641 1051 2021 664 1052 2022 730 1053 2023 666 1054 2024 722 1055 2025 711 1056 2026 732 1057 2027 726 1058 2028 688 1059 2029 687 1060 2030 717 1061 2031 716 1062 2032 709 1063 2033 715 1064 2034 718 1065 2035 716 1066 2036 724 1067 2037 654 1068 2038 723 1069 2039 737 1070 2040 636 1071 2041 736 1072 2042 719 1073 2043 709 1074 2044 708 1075 2045 676 1076 2046 689 1077 2047 666 1078 2048 691 1079 2049 643 1080 2050 638 1081 2051 699 1082 2052 679 1083 2053 698 1084 2054 626 1085 2055 705 1086 2056 704 1087 2057 397 0 2058 5 15 2059 2 1 2060 1 3 2061 10 19 2062 388 4 2063 0 6 2064 389 22 2065 390 7 2066 387 9 2067 9 21 2068 392 10 2069 378 12 2070 7 17 2071 393 13 2072 5 15 2073 1 3 2074 376 5 2075 360 2 2076 3 23 2077 391 16 2078 379 8 2079 390 7 2080 7 17 2081 377 18 2082 388 4 2083 10 19 2084 382 14 2085 393 13 2086 9 21 2087 377 18 2088 381 20 2089 389 22 2090 3 23 2091 380 11 2092 392 10 2093 397 0 2094 407 34 2095 398 24 2096 1 3 2097 385 29 2098 6 25 2099 408 26 2100 8 32 2101 392 10 2102 393 13 2103 7 17 2104 401 27 2105 7 17 2109 390 7 2110 400 30 2111 10 19 2112 6 25 2113 11 31 2114 9 21 2115 393 13 2116 384 28 2117 11 31 2118 399 38 2119 389 22 2120 391 16 2121 392 10 2122 8 32 2123 407 34 2124 415 46 2125 14 35 2126 385 29 2127 13 40 2128 416 36 2129 409 37 2130 15 41 2131 400 30 2132 396 39 2133 411 45 2134 8 32 2135 401 27 2139 400 30 2140 15 41 2141 6 25 2142 416 36 2143 394 43 2144 394 43 2145 409 37 2146 399 38 2147 410 44 2148 383 33 2149 8 32 2150 415 46 2151 403 58 2152 12 47 2153 13 40 2154 417 51 2155 25 48 2156 418 49 2157 20 52 2158 15 41 2159 421 50 2160 16 55 2161 411 45 2162 395 42 2166 15 41 2167 20 52 2168 416 36 2169 25 48 2170 21 54 2171 21 54 2172 418 49 2173 409 37 2174 410 44 2175 411 45 2176 16 55 2177 412 57 2178 26 65 2179 12 47 2180 413 59 2181 34 66 2182 25 48 2183 418 49 2184 18 68 2185 27 60 2186 421 50 2187 414 74 2188 28 61 2189 405 62 2190 420 53 2191 17 63 2192 20 52 2196 27 60 2197 17 63 2198 21 54 2199 25 48 2200 34 66 2201 21 54 2202 422 67 2203 18 68 2204 404 56 2205 16 55 2206 28 61 2207 412 57 2208 435 82 2209 36 70 2210 413 59 2211 35 77 2212 23 71 2213 428 72 2214 37 78 2215 27 60 2216 436 73 2217 430 81 2218 28 61 2219 423 64 2220 17 63 2221 38 75 2222 17 63 2226 27 60 2227 37 78 2228 34 66 2229 23 71 2230 22 79 2231 414 74 2232 423 64 2233 29 76 2234 22 79 2235 428 72 2236 18 68 2237 429 80 2238 419 69 2239 28 61 2240 435 82 2241 424 94 2242 30 83 2243 35 77 2244 437 89 2245 44 84 2246 31 85 2247 426 90 2248 37 78 2249 32 86 2250 33 93 2251 430 81 2252 29 76 2253 38 75 2254 42 87 2255 38 75 2259 37 78 2260 426 90 2261 23 71 2262 44 84 2263 41 91 2264 436 73 2265 29 76 2266 439 88 2267 41 91 2268 31 85 2269 428 72 2270 425 92 2271 429 80 2272 430 81 2273 424 94 2274 59 100 2275 431 95 2276 437 89 2277 434 99 2278 433 96 2279 442 97 2280 47 101 2281 426 90 2282 438 98 2283 443 106 2284 33 93 2285 30 83 2286 431 95 2287 434 99 2288 425 92 2289 432 105 2290 59 100 2291 42 87 2292 426 90 2293 47 101 2294 44 84 2295 433 96 2296 39 103 2297 32 86 2298 439 88 2299 441 104 2300 39 103 2301 442 97 2302 31 85 2303 432 105 2304 425 92 2305 33 93 2306 439 88 2307 42 87 2308 440 102 2309 73 107 2310 61 119 2311 49 108 2312 48 110 2313 75 123 2314 433 111 2315 442 97 2316 62 126 2317 63 113 2318 60 114 2319 74 125 2320 65 115 2321 440 102 2322 68 121 2323 67 117 2324 61 119 2325 48 110 2326 45 112 2327 59 109 2328 50 127 2329 64 120 2330 47 101 2331 63 113 2332 68 121 2333 46 122 2334 433 111 2335 75 123 2336 53 118 2337 67 117 2338 74 125 2339 46 122 2340 52 124 2341 62 126 2342 50 127 2343 51 116 2344 65 115 2345 73 107 2346 86 135 2347 76 128 2348 48 110 2349 56 134 2350 66 129 2351 77 130 2352 78 136 2353 63 113 2354 87 131 2355 69 138 2356 65 115 2357 67 117 2358 68 121 2359 80 132 2360 64 120 2364 54 139 2365 86 135 2366 68 121 2367 63 113 2368 78 136 2369 75 123 2370 66 129 2371 79 137 2372 74 125 2373 67 117 2374 55 133 2375 79 137 2376 77 130 2377 62 126 2378 64 120 2379 65 115 2380 69 138 2381 86 135 2382 102 147 2383 90 140 2384 56 134 2385 89 146 2386 103 141 2387 91 142 2388 92 148 2389 78 136 2390 72 143 2391 94 151 2392 69 138 2393 55 133 2394 80 132 2395 71 144 2396 54 139 2400 93 150 2401 102 147 2402 80 132 2403 78 136 2404 92 148 2405 66 129 2406 103 141 2407 70 149 2408 87 131 2409 55 133 2410 81 145 2411 70 149 2412 91 142 2413 77 130 2414 93 150 2415 54 139 2416 69 138 2417 102 147 2418 82 159 2419 88 152 2420 89 146 2421 104 158 2422 114 153 2423 105 154 2424 106 160 2425 92 148 2426 113 155 2427 96 162 2428 94 151 2429 81 145 2430 71 144 2431 109 156 2432 93 150 2436 83 163 2437 82 159 2438 71 144 2439 92 148 2440 106 160 2441 103 141 2442 114 153 2443 108 161 2444 72 143 2445 81 145 2446 84 157 2447 108 161 2448 105 154 2449 91 142 2450 93 150 2451 94 151 2452 96 162 2453 95 164 2454 115 170 2455 88 152 2456 98 165 2457 129 172 2458 114 153 2459 105 154 2460 99 175 2461 116 166 2462 113 155 2463 100 174 2464 117 167 2465 84 157 2466 109 156 2467 97 168 2468 82 159 2472 83 163 2473 107 171 2474 106 160 2475 116 166 2476 97 168 2477 108 161 2478 114 153 2479 129 172 2480 84 157 2481 119 169 2482 100 174 2483 108 161 2484 118 173 2485 99 175 2486 83 163 2487 96 162 2488 117 167 2489 95 164 2490 144 184 2491 131 176 2492 98 165 2493 130 182 2494 111 177 2495 132 178 2496 133 185 2497 116 166 2498 145 179 2499 135 187 2500 117 167 2501 119 169 2502 97 168 2503 136 180 2504 95 164 2508 107 171 2509 134 183 2510 97 168 2511 116 166 2512 133 185 2513 129 172 2514 111 177 2515 110 186 2516 100 174 2517 119 169 2518 120 181 2519 110 186 2520 132 178 2521 99 175 2522 134 183 2523 107 171 2524 117 167 2525 144 184 2526 122 195 2527 121 188 2528 130 182 2529 146 194 2530 155 189 2531 124 190 2532 125 196 2533 133 185 2534 126 191 2535 127 199 2536 135 187 2537 120 181 2538 136 180 2539 150 192 2540 134 183 2544 123 198 2545 122 195 2546 136 180 2547 133 185 2548 125 196 2549 111 177 2550 155 189 2551 148 197 2552 145 179 2553 120 181 2554 149 193 2555 148 197 2556 124 190 2557 132 178 2558 123 198 2559 134 183 2560 135 187 2561 122 195 2562 138 205 2563 137 200 2564 146 194 2565 142 204 2566 141 201 2567 159 202 2568 152 206 2569 125 196 2570 147 203 2571 153 211 2572 127 199 2573 121 188 2574 137 200 2575 142 204 2576 123 198 2577 139 210 2578 138 205 2579 150 192 2580 125 196 2581 152 206 2582 155 189 2583 141 201 2584 140 208 2585 126 191 2586 149 193 2587 151 209 2588 140 208 2589 159 202 2590 124 190 2591 139 210 2592 123 198 2593 127 199 2594 149 193 2595 150 192 2596 158 207 2597 184 212 2598 172 224 2599 161 213 2600 160 215 2601 186 228 2602 141 216 2603 159 202 2604 173 231 2605 174 218 2606 171 219 2607 185 230 2608 176 220 2609 158 207 2610 179 226 2611 178 222 2612 172 224 2613 160 215 2614 156 217 2615 138 214 2616 162 232 2617 175 225 2618 152 206 2619 174 218 2620 179 226 2621 157 227 2622 141 216 2623 186 228 2624 165 223 2625 178 222 2626 185 230 2627 157 227 2628 164 229 2629 173 231 2630 162 232 2631 163 221 2632 176 220 2633 184 212 2634 197 240 2635 187 233 2636 160 215 2637 168 239 2638 177 234 2639 188 235 2640 189 241 2641 174 218 2642 198 236 2643 180 243 2644 176 220 2645 178 222 2646 179 226 2647 191 237 2648 175 225 2652 166 244 2653 197 240 2654 179 226 2655 174 218 2656 189 241 2657 186 228 2658 177 234 2659 190 242 2660 185 230 2661 178 222 2662 167 238 2663 190 242 2664 188 235 2665 173 231 2666 175 225 2667 176 220 2668 180 243 2669 197 240 2670 213 252 2671 201 245 2672 168 239 2673 200 251 2674 214 246 2675 202 247 2676 203 253 2677 189 241 2678 183 248 2679 205 256 2680 180 243 2681 167 238 2682 191 237 2683 182 249 2684 166 244 2688 204 255 2689 213 252 2690 191 237 2691 189 241 2692 203 253 2693 177 234 2694 214 246 2695 181 254 2696 198 236 2697 167 238 2698 192 250 2699 181 254 2700 202 247 2701 188 235 2702 204 255 2703 166 244 2704 180 243 2705 213 252 2706 193 264 2707 199 257 2708 200 251 2709 215 263 2710 225 258 2711 216 259 2712 217 265 2713 203 253 2714 224 260 2715 207 267 2716 205 256 2717 192 250 2718 182 249 2719 220 261 2720 204 255 2724 194 268 2725 193 264 2726 182 249 2727 203 253 2728 217 265 2729 214 246 2730 225 258 2731 219 266 2732 183 248 2733 192 250 2734 195 262 2735 219 266 2736 216 259 2737 202 247 2738 204 255 2739 205 256 2740 207 267 2741 206 269 2742 226 275 2743 199 257 2744 209 270 2745 240 277 2746 225 258 2747 216 259 2748 210 280 2749 227 271 2750 224 260 2751 211 279 2752 228 272 2753 195 262 2754 220 261 2755 208 273 2756 193 264 2760 194 268 2761 218 276 2762 217 265 2763 227 271 2764 208 273 2765 219 266 2766 225 258 2767 240 277 2768 195 262 2769 230 274 2770 211 279 2771 219 266 2772 229 278 2773 210 280 2774 194 268 2775 207 267 2776 228 272 2777 206 269 2778 254 289 2779 242 281 2780 209 270 2781 241 287 2782 222 282 2783 243 283 2784 244 290 2785 227 271 2786 255 284 2787 246 292 2788 228 272 2789 230 274 2790 208 273 2791 247 285 2792 206 269 2796 218 276 2797 245 288 2798 208 273 2799 227 271 2800 244 290 2801 240 277 2802 222 282 2803 221 291 2804 211 279 2805 230 274 2806 231 286 2807 221 291 2808 243 283 2809 210 280 2810 245 288 2811 218 276 2812 228 272 2813 254 289 2814 233 300 2815 232 293 2816 241 287 2817 256 299 2818 265 294 2819 235 295 2820 236 301 2821 244 290 2822 237 296 2823 238 304 2824 246 292 2825 231 286 2826 247 285 2827 260 297 2828 245 288 2832 234 303 2833 233 300 2834 247 285 2835 244 290 2836 236 301 2837 222 282 2838 265 294 2839 258 302 2840 255 284 2841 231 286 2842 259 298 2843 258 302 2844 235 295 2845 243 283 2846 234 303 2847 245 288 2848 246 292 2849 233 300 2850 281 310 2851 248 305 2852 256 299 2853 252 309 2854 251 306 2855 269 307 2856 268 311 2857 236 301 2858 257 308 2859 263 316 2860 238 304 2861 232 293 2862 248 305 2863 252 309 2864 234 303 2865 249 315 2866 281 310 2867 260 297 2868 236 301 2869 268 311 2870 265 294 2871 251 306 2872 250 313 2873 237 296 2874 259 298 2875 262 314 2876 250 313 2877 269 307 2878 235 295 2879 249 315 2880 234 303 2881 238 304 2882 259 298 2883 260 297 2884 261 312 2885 295 317 2886 283 329 2887 271 318 2888 270 320 2889 297 333 2890 251 321 2891 269 307 2892 284 336 2893 285 323 2894 282 324 2895 296 335 2896 287 325 2897 261 312 2898 290 331 2899 289 327 2900 283 329 2901 270 320 2902 266 322 2903 281 319 2904 272 337 2905 286 330 2906 268 311 2907 285 323 2908 290 331 2909 267 332 2910 251 321 2911 297 333 2912 275 328 2913 289 327 2914 296 335 2915 267 332 2916 274 334 2917 284 336 2918 272 337 2919 273 326 2920 287 325 2921 295 317 2922 308 345 2923 298 338 2924 270 320 2925 278 344 2926 288 339 2927 299 340 2928 300 346 2929 285 323 2930 309 341 2931 291 348 2932 287 325 2933 289 327 2934 290 331 2935 302 342 2936 286 330 2940 276 349 2941 308 345 2942 290 331 2943 285 323 2944 300 346 2945 297 333 2946 288 339 2947 301 347 2948 296 335 2949 289 327 2950 277 343 2951 301 347 2952 299 340 2953 284 336 2954 286 330 2955 287 325 2956 291 348 2957 308 345 2958 324 357 2959 312 350 2960 278 344 2961 311 356 2962 325 351 2963 313 352 2964 314 358 2965 300 346 2966 294 353 2967 316 361 2968 291 348 2969 277 343 2970 302 342 2971 293 354 2972 276 349 2976 315 360 2977 324 357 2978 302 342 2979 300 346 2980 314 358 2981 288 339 2982 325 351 2983 292 359 2984 309 341 2985 277 343 2986 303 355 2987 292 359 2988 313 352 2989 299 340 2990 315 360 2991 276 349 2992 291 348 2993 324 357 2994 304 369 2995 310 362 2996 311 356 2997 326 368 2998 336 363 2999 327 364 3000 328 370 3001 314 358 3002 335 365 3003 318 372 3004 316 361 3005 303 355 3006 293 354 3007 331 366 3008 315 360 3012 305 373 3013 304 369 3014 293 354 3015 314 358 3016 328 370 3017 325 351 3018 336 363 3019 330 371 3020 294 353 3021 303 355 3022 306 367 3023 330 371 3024 327 364 3025 313 352 3026 315 360 3027 316 361 3028 318 372 3029 317 374 3030 337 380 3031 310 362 3032 320 375 3033 351 382 3034 336 363 3035 327 364 3036 321 385 3037 338 376 3038 335 365 3039 322 384 3040 339 377 3041 306 367 3042 331 366 3043 319 378 3044 304 369 3048 305 373 3049 329 381 3050 328 370 3051 338 376 3052 319 378 3053 330 371 3054 336 363 3055 351 382 3056 306 367 3057 341 379 3058 322 384 3059 330 371 3060 340 383 3061 321 385 3062 305 373 3063 318 372 3064 339 377 3065 317 374 3066 365 394 3067 353 386 3068 320 375 3069 352 392 3070 333 387 3071 354 388 3072 355 395 3073 338 376 3074 366 389 3075 357 397 3076 339 377 3077 341 379 3078 319 378 3079 358 390 3080 317 374 3084 329 381 3085 356 393 3086 319 378 3087 338 376 3088 355 395 3089 351 382 3090 333 387 3091 332 396 3092 322 384 3093 341 379 3094 342 391 3095 332 396 3096 354 388 3097 321 385 3098 356 393 3099 329 381 3100 339 377 3101 365 394 3102 344 405 3103 343 398 3104 352 392 3105 367 404 3106 375 399 3107 346 400 3108 347 406 3109 355 395 3110 348 401 3111 349 409 3112 357 397 3113 342 391 3114 358 390 3115 371 402 3116 356 393 3120 345 408 3121 344 405 3122 358 390 3123 355 395 3124 347 406 3125 333 387 3126 375 399 3127 369 407 3128 366 389 3129 342 391 3130 370 403 3131 369 407 3132 346 400 3133 354 388 3134 345 408 3135 356 393 3136 357 397 3137 344 405 3138 360 414 3139 359 410 3140 367 404 3141 363 413 3142 388 411 3143 0 6 3144 379 8 3145 347 406 3146 368 412 3147 373 418 3148 349 409 3149 343 398 3150 359 410 3151 363 413 3152 345 408 3153 361 417 3154 360 414 3155 371 402 3156 347 406 3157 379 8 3158 375 399 3159 388 411 3160 362 415 3161 348 401 3162 370 403 3163 372 416 3164 369 407 3165 362 415 3166 0 6 3167 361 417 3168 345 408 3169 349 409 3170 370 403 3171 371 402 3172 378 12 3173 399 38 3174 400 30 3175 390 7 3176 391 16 3177 383 33 3178 407 34 3179 384 28 3180 401 27 3181 395 42 3182 383 33 3183 410 44 3184 415 46 3185 408 26 3186 384 28 3187 402 419 3188 402 419 3189 395 42 3190 420 53 3191 410 44 3192 404 56 3193 403 58 3194 396 39 3195 402 419 3196 405 62 3197 403 58 3198 404 56 3199 419 69 3200 405 62 3201 423 64 3202 414 74 3203 412 57 3204 419 69 3205 429 80 3206 429 80 3207 425 92 3208 424 94 3209 451 420 3210 450 453 3211 453 421 3212 482 423 3213 481 465 3214 444 424 3215 470 426 3216 473 1088 3217 472 427 3218 465 429 3219 468 1089 3220 467 430 3221 469 432 3222 460 470 3223 493 433 3224 464 435 3225 455 472 3226 490 436 3227 475 438 3228 470 426 3229 499 439 3230 471 428 3231 500 469 3232 499 439 3233 480 441 3234 505 463 3235 507 442 3236 497 443 3237 496 447 3238 465 429 3239 454 444 3240 489 450 3241 488 445 3242 469 432 3243 498 434 3244 497 443 3245 474 446 3246 465 429 3247 496 447 3248 454 444 3249 445 473 3250 484 449 3251 475 438 3252 502 440 3253 504 451 3254 488 445 3255 487 460 3256 450 453 3257 449 454 3258 486 466 3259 485 455 3260 464 435 3261 495 437 3262 494 457 3263 459 459 3264 450 453 3265 487 460 3266 480 441 3267 476 474 3268 503 462 3269 482 423 3270 507 442 3271 506 464 3272 449 454 3273 481 465 3274 506 464 3275 459 459 3276 492 461 3277 491 467 3278 474 446 3279 501 448 3280 500 469 3281 494 457 3282 493 433 3283 460 470 3284 460 470 3285 463 1090 3286 462 471 3287 491 467 3288 490 436 3289 455 472 3290 485 455 3291 484 449 3292 445 473 3293 477 452 3294 504 451 3295 503 462 3296 456 468 3297 455 472 3298 458 475 3299 446 456 3300 445 473 3301 448 477 3302 477 452 3303 476 474 3304 479 479 3305 539 505 3411 540 1091 3412 541 506 3413 532 508 3414 569 547 3415 570 509 3416 559 511 3417 560 1092 3418 561 512 3419 555 514 3420 556 1093 3421 553 515 3422 557 517 3423 586 558 3424 581 518 3425 552 520 3426 583 555 3427 578 521 3428 563 523 3429 590 579 3430 587 524 3431 559 511 3432 558 513 3433 587 524 3434 595 526 3435 593 585 3436 568 527 3437 553 515 3438 584 532 3439 585 528 3440 576 529 3441 577 574 3442 542 530 3443 585 528 3444 586 558 3445 557 517 3446 562 531 3447 589 568 3448 584 532 3449 542 530 3450 577 574 3451 572 533 3452 592 535 3453 590 579 3454 563 523 3455 538 507 3456 575 543 3457 576 529 3458 573 537 3459 574 584 3460 537 538 3461 582 540 3462 583 555 3463 552 520 3464 547 542 3465 580 561 3466 575 543 3467 568 527 3468 593 585 3469 591 544 3470 570 509 3471 569 547 3472 594 546 3473 537 538 3474 574 584 3475 594 546 3476 579 548 3477 580 561 3478 547 542 3479 588 525 3480 589 568 3481 562 531 3482 548 519 3483 581 518 3484 582 540 3485 550 550 3486 551 1094 3487 548 519 3488 543 522 3489 578 521 3490 579 548 3491 533 534 3492 572 533 3493 573 537 3494 565 536 3495 564 545 3496 591 544 3497 544 549 3498 545 1095 3499 546 551 3500 534 539 3501 535 1096 3502 536 552 3503 565 536 3504 566 1097 3505 567 553 3506 578 521 3507 583 555 3508 596 554 3509 583 555 3510 582 540 3511 602 556 3512 582 540 3513 581 518 3514 608 557 3515 586 558 3516 614 559 3517 608 557 3518 585 528 3519 584 532 3520 614 559 3521 579 548 3522 596 554 3523 597 560 3524 596 554 3525 602 556 3526 603 562 3527 608 557 3528 609 563 3529 603 562 3530 614 559 3531 615 564 3532 609 563 3533 584 532 3534 589 568 3535 615 564 3536 580 561 3537 597 560 3538 598 565 3539 597 560 3540 603 562 3541 604 566 3542 603 562 3543 609 563 3544 610 567 3545 615 564 3546 616 569 3547 610 567 3548 589 568 3549 588 525 3550 616 569 3551 575 543 3552 598 565 3553 599 570 3554 604 566 3555 605 572 3556 599 570 3557 604 566 3558 610 567 3559 611 571 3560 610 567 3561 616 569 3562 617 573 3563 616 569 3564 588 525 3565 587 524 3566 599 570 3567 600 575 3568 577 574 3569 605 572 3570 606 577 3571 600 575 3572 605 572 3573 611 571 3574 612 576 3575 611 571 3576 617 573 3577 618 578 3578 617 573 3579 587 524 3580 590 579 3581 600 575 3582 601 580 3583 572 533 3584 606 577 3585 607 582 3586 601 580 3587 606 577 3588 612 576 3589 613 581 3590 612 576 3591 618 578 3592 619 583 3593 618 578 3594 590 579 3595 592 535 3596 601 580 3597 574 584 3598 573 537 3599 607 582 3600 594 546 3601 574 584 3602 607 582 3603 613 581 3604 595 526 3605 613 581 3606 619 583 3607 593 585 3608 619 583 3609 592 535 3610 591 544 3611 447 586 3612 448 1098 3613 536 587 3614 471 589 3615 559 1099 3616 562 590 3617 461 592 3618 462 1100 3619 550 593 3620 448 595 3621 445 1101 3622 533 596 3623 470 598 3624 475 1102 3625 563 599 3626 463 601 3627 551 602 3628 550 601 3629 449 603 3630 446 1103 3631 534 604 3632 444 606 3633 532 1104 3634 571 607 3635 460 609 3636 548 1105 3637 551 610 3638 452 612 3639 540 1106 3640 539 613 3641 478 615 3642 566 1107 3643 565 616 3644 461 618 3645 549 1108 3646 552 619 3647 452 621 3648 453 1109 3649 541 622 3650 479 624 3651 567 1110 3652 566 625 3653 450 627 3654 459 1111 3655 547 628 3656 469 630 3657 557 1112 3658 548 631 3659 476 633 3660 564 1113 3661 567 634 3662 466 636 3663 467 1114 3664 555 637 3665 450 639 3666 538 1115 3667 541 640 3668 476 642 3669 480 1116 3670 568 643 3671 467 645 3672 468 1117 3673 556 646 3674 454 648 3675 451 1118 3676 539 649 3677 449 651 3678 537 1119 3679 569 652 3680 465 654 3681 553 1120 3682 556 655 3683 474 657 3684 562 1121 3685 553 658 3686 483 660 3687 571 1122 3688 570 661 3689 466 663 3690 554 1123 3691 557 664 3692 456 666 3693 457 1124 3694 545 667 3695 482 669 3696 570 1125 3697 568 670 3698 454 672 3699 542 1126 3700 533 673 3701 458 675 3702 546 1127 3703 545 676 3704 444 678 3705 481 1128 3706 569 679 3707 472 680 3708 560 1129 3709 559 681 3710 455 683 3711 543 1130 3712 546 684 3713 477 686 3714 565 1131 3715 563 687 3716 473 689 3717 561 1132 3718 560 690 3719 456 692 3720 544 1133 3721 547 693 3722 447 695 3723 535 1134 3724 534 696 3725 470 698 3726 558 1135 3727 561 699 3728 464 701 3729 552 1136 3730 543 702 3731 664 704 3732 690 1137 3733 691 705 3734 728 707 3735 729 1138 3736 645 708 3737 719 710 3738 721 1139 3739 656 711 3740 725 713 3741 726 1140 3742 648 714 3743 676 716 3744 677 1141 3745 684 717 3746 662 719 3747 691 1142 3748 692 720 3749 745 722 3750 747 1143 3751 620 723 3752 722 725 3753 655 1144 3754 657 726 3755 710 728 3756 671 1145 3757 674 729 3758 720 731 3759 657 1146 3760 659 732 3761 721 734 3762 723 1147 3763 654 735 3764 725 737 3765 649 1148 3766 650 738 3767 744 740 3768 745 1149 3769 622 741 3770 631 743 3771 701 1150 3772 702 744 3773 653 746 3774 660 1151 3775 692 747 3776 717 749 3777 719 1152 3778 658 750 3779 688 752 3780 681 1153 3781 682 753 3782 709 755 3783 716 1154 3784 663 756 3785 746 758 3786 621 1155 3787 620 759 3788 732 761 3789 640 1156 3790 655 762 3791 733 764 3792 639 1157 3793 640 765 3794 735 767 3795 637 1158 3796 638 768 3797 629 770 3798 702 1159 3799 703 771 3800 627 773 3801 703 1160 3802 705 774 3803 730 776 3804 644 1161 3805 645 777 3806 740 779 3807 632 1162 3808 633 780 3809 631 782 3810 641 1163 3811 700 783 3812 735 785 3813 736 1164 3814 636 786 3815 642 788 3816 696 1165 3817 700 789 3818 716 791 3819 718 1166 3820 659 792 3821 746 794 3822 706 1167 3823 675 795 3824 714 797 3825 667 1168 3826 668 798 3827 686 800 3828 687 1169 3829 682 801 3830 686 803 3831 683 1170 3832 684 804 3833 713 806 3834 668 1171 3835 669 807 3836 741 809 3837 744 1172 3838 623 810 3839 710 812 3840 711 1173 3841 670 813 3842 626 815 3843 704 1174 3844 625 816 3845 688 818 3846 697 1175 3847 680 819 3848 727 821 3849 647 1176 3850 648 822 3851 733 824 3852 742 1177 3853 628 825 3854 740 827 3855 741 1178 3856 630 828 3857 742 830 3858 743 1179 3859 625 831 3860 714 833 3861 715 1180 3862 665 834 3863 652 836 3864 694 1181 3865 695 837 3866 712 839 3867 669 1182 3868 670 840 3869 651 842 3870 695 1183 3871 696 843 3872 698 845 3873 679 1184 3874 680 846 3875 653 848 3876 693 1185 3877 694 849 3878 737 851 3879 738 1186 3880 634 852 3881 708 854 3882 673 1187 3883 678 855 3884 730 857 3885 731 1188 3886 643 858 3887 731 860 3888 734 1189 3889 638 861 3890 666 863 3891 689 1190 3892 690 864 3893 706 866 3894 707 1191 3895 674 867 3896 739 869 3897 633 1192 3898 634 870 3899 709 872 3900 672 1193 3901 673 873 3902 659 875 3903 667 1194 3904 665 876 3905 672 878 3906 661 1195 3907 658 879 3908 728 881 3909 646 1196 3910 647 882 3911 663 884 3912 665 1197 3913 661 885 3914 655 887 3915 640 1198 3916 670 888 3917 703 890 3918 622 1199 3919 620 891 3920 717 893 3921 661 1200 3922 665 894 3923 681 896 3924 649 1201 3925 648 897 3926 704 899 3927 705 1202 3928 620 900 3929 673 902 3930 658 1203 3931 656 903 3932 690 905 3933 689 1204 3934 644 906 3935 657 908 3936 655 1205 3937 669 909 3938 639 911 3939 628 1206 3940 674 912 3941 702 914 3942 623 1207 3943 622 915 3944 696 917 3945 633 1208 3946 632 918 3947 694 920 3948 635 1209 3949 634 921 3950 628 923 3951 625 1210 3952 675 924 3953 679 926 3954 654 1211 3955 650 927 3956 700 929 3957 632 1212 3958 630 930 3959 693 932 3960 692 1213 3961 637 933 3962 685 935 3963 684 1214 3964 646 936 3965 693 938 3966 636 1215 3967 635 939 3968 659 941 3969 657 1216 3970 668 942 3971 701 944 3972 630 1217 3973 623 945 3974 695 947 3975 634 1218 3976 633 948 3977 625 950 3978 704 1219 3979 621 951 3980 689 953 3981 685 1220 3982 645 954 3983 678 956 3984 656 1221 3985 654 957 3986 683 959 3987 682 1222 3988 648 960 3989 684 962 3990 683 1223 3991 647 963 3992 680 965 3993 650 1224 3994 649 966 3995 692 968 3996 691 1225 3997 638 969 3998 677 971 3999 728 1226 4000 727 972 4001 732 974 4002 711 1227 4003 710 975 4004 662 977 4005 734 1228 4006 731 978 4007 686 980 4008 727 1229 4009 726 981 4010 640 983 4011 639 1230 4012 671 984 4013 666 986 4014 730 1231 4015 729 987 4016 660 989 4017 735 1232 4018 734 990 4019 723 992 4020 721 1233 4021 699 993 4022 743 995 4023 706 1234 4024 746 996 4025 725 998 4026 724 1235 4027 697 999 4028 739 1001 4029 738 1236 4030 651 1002 4031 737 1004 4032 736 1237 4033 653 1005 4034 676 1007 4035 729 1238 4036 728 1008 4037 744 1010 4038 741 1239 4039 631 1011 4040 653 1013 4041 736 1240 4042 735 1014 4043 724 1016 4044 723 1241 4045 698 1017 4046 738 1019 4047 737 1242 4048 652 1020 4049 742 1022 4050 707 1243 4051 706 1023 4052 745 1025 4053 744 1244 4054 629 1026 4055 718 1028 4056 714 1245 4057 713 1029 4058 741 1031 4059 740 1246 4060 641 1032 4061 720 1034 4062 713 1247 4063 712 1035 4064 733 1037 4065 710 1248 4066 707 1038 4067 721 1040 4068 719 1249 4069 708 1041 4070 626 1043 4071 746 1250 4072 747 1044 4073 747 1046 4074 745 1251 4075 627 1047 4076 740 1049 4077 739 1252 4078 642 1050 4079 664 1052 4080 731 1253 4081 730 1053 4082 722 1055 4083 712 1254 4084 711 1056 4085 726 1058 4086 725 1255 4087 688 1059 4088 717 1061 4089 715 1256 4090 716 1062 4091 715 1064 4092 714 1257 4093 718 1065 4094 724 1067 4095 650 1258 4096 654 1068 4097 737 1070 4098 635 1259 4099 636 1071 4100 719 1073 4101 717 1260 4102 709 1074 4103 676 1076 4104 685 1261 4105 689 1077 4106 691 1079 4107 690 1262 4108 643 1080 4109 699 1082 4110 678 1263 4111 679 1083 4112 626 1085 4113 624 1264 4114 705 1086 4115</p>
        </triangles>
        <triangles material="Bloody_Red-material" count="118">
          <input semantic="VERTEX" source="#Circle_009-mesh-vertices" offset="0"/>
          <input semantic="NORMAL" source="#Circle_009-mesh-normals" offset="1"/>
          <input semantic="TEXCOORD" source="#Circle_009-mesh-map-0" offset="2" set="0"/>
          <p>5 15 48 385 29 49 1 3 50 398 24 78 13 40 79 385 29 80 14 35 105 417 51 106 13 40 107 26 65 135 417 51 136 12 47 137 26 65 165 35 77 166 413 59 167 36 70 198 437 89 199 35 77 200 61 119 303 56 134 304 48 110 305 76 128 339 89 146 340 56 134 341 90 140 375 104 158 376 89 146 377 115 170 411 104 158 412 88 152 413 115 170 447 130 182 448 98 165 449 131 176 483 146 194 484 130 182 485 172 224 591 168 239 592 160 215 593 187 233 627 200 251 628 168 239 629 201 245 663 215 263 664 200 251 665 226 275 699 215 263 700 199 257 701 226 275 735 241 287 736 209 270 737 242 281 771 256 299 772 241 287 773 283 329 879 278 344 880 270 320 881 298 338 915 311 356 916 278 344 917 312 350 951 326 368 952 311 356 953 337 380 987 326 368 988 310 362 989 337 380 1023 352 392 1024 320 375 1025 353 386 1059 367 404 1060 352 392 1061 490 436 1248 508 481 1249 495 437 1250 495 437 1251 514 482 1252 494 457 1253 494 457 1254 520 483 1255 493 433 1256 520 483 1257 498 434 1258 493 433 1259 526 484 1260 497 443 1261 498 434 1262 491 467 1263 509 485 1264 508 481 1265 508 481 1266 515 486 1267 514 482 1268 515 486 1269 520 483 1270 514 482 1271 521 487 1272 526 484 1273 520 483 1274 527 488 1275 496 447 1276 526 484 1277 492 461 1278 510 489 1279 509 485 1280 509 485 1281 516 490 1282 515 486 1283 515 486 1284 522 491 1285 521 487 1286 522 491 1287 527 488 1288 521 487 1289 528 492 1290 501 448 1291 527 488 1292 487 460 1293 511 493 1294 510 489 1295 511 493 1296 516 490 1297 510 489 1298 516 490 1299 523 494 1300 522 491 1301 522 491 1302 529 495 1303 528 492 1304 528 492 1305 499 439 1306 500 469 1307 489 450 1308 511 493 1309 488 445 1310 512 496 1311 517 497 1312 511 493 1313 517 497 1314 524 498 1315 523 494 1316 523 494 1317 530 499 1318 529 495 1319 529 495 1320 502 440 1321 499 439 1322 484 449 1323 512 496 1324 489 450 1325 513 500 1326 518 501 1327 512 496 1328 518 501 1329 525 502 1330 524 498 1331 524 498 1332 531 503 1333 530 499 1334 530 499 1335 504 451 1336 502 440 1337 485 455 1338 513 500 1339 484 449 1340 486 466 1341 519 504 1342 513 500 1343 519 504 1344 507 442 1345 525 502 1346 525 502 1347 505 463 1348 531 503 1349 531 503 1350 503 462 1351 504 451 1352 5 15 2106 398 24 2107 385 29 2108 398 24 2136 14 35 2137 13 40 2138 14 35 2163 12 47 2164 417 51 2165 26 65 2193 413 59 2194 417 51 2195 26 65 2223 36 70 2224 35 77 2225 36 70 2256 30 83 2257 437 89 2258 61 119 2361 76 128 2362 56 134 2363 76 128 2397 90 140 2398 89 146 2399 90 140 2433 88 152 2434 104 158 2435 115 170 2469 98 165 2470 104 158 2471 115 170 2505 131 176 2506 130 182 2507 131 176 2541 121 188 2542 146 194 2543 172 224 2649 187 233 2650 168 239 2651 187 233 2685 201 245 2686 200 251 2687 201 245 2721 199 257 2722 215 263 2723 226 275 2757 209 270 2758 215 263 2759 226 275 2793 242 281 2794 241 287 2795 242 281 2829 232 293 2830 256 299 2831 283 329 2937 298 338 2938 278 344 2939 298 338 2973 312 350 2974 311 356 2975 312 350 3009 310 362 3010 326 368 3011 337 380 3045 320 375 3046 326 368 3047 337 380 3081 353 386 3082 352 392 3083 353 386 3117 343 398 3118 367 404 3119 490 436 3306 491 467 3307 508 481 3308 495 437 3309 508 481 3310 514 482 3311 494 457 3312 514 482 3313 520 483 3314 520 483 3315 526 484 3316 498 434 3317 526 484 3318 496 447 3319 497 443 3320 491 467 3321 492 461 3322 509 485 3323 508 481 3324 509 485 3325 515 486 3326 515 486 3327 521 487 3328 520 483 3329 521 487 3330 527 488 3331 526 484 3332 527 488 3333 501 448 3334 496 447 3335 492 461 3336 487 460 3337 510 489 3338 509 485 3339 510 489 3340 516 490 3341 515 486 3342 516 490 3343 522 491 3344 522 491 3345 528 492 3346 527 488 3347 528 492 3348 500 469 3349 501 448 3350 487 460 3351 488 445 3352 511 493 3353 511 493 3354 517 497 3355 516 490 3356 516 490 3357 517 497 3358 523 494 3359 522 491 3360 523 494 3361 529 495 3362 528 492 3363 529 495 3364 499 439 3365 489 450 3366 512 496 3367 511 493 3368 512 496 3369 518 501 3370 517 497 3371 517 497 3372 518 501 3373 524 498 3374 523 494 3375 524 498 3376 530 499 3377 529 495 3378 530 499 3379 502 440 3380 484 449 3381 513 500 3382 512 496 3383 513 500 3384 519 504 3385 518 501 3386 518 501 3387 519 504 3388 525 502 3389 524 498 3390 525 502 3391 531 503 3392 530 499 3393 531 503 3394 504 451 3395 485 455 3396 486 466 3397 513 500 3398 486 466 3399 506 464 3400 519 504 3401 519 504 3402 506 464 3403 507 442 3404 525 502 3405 507 442 3406 505 463 3407 531 503 3408 505 463 3409 503 462 3410</p>
        </triangles>
      </mesh>
    </geometry>
  </library_geometries>
  <library_visual_scenes>
    <visual_scene id="Scene" name="Scene">
      <node id="RL_Tire" name="RL_Tire" type="NODE">
        <matrix sid="transform">-1 0 -8.74228e-8 -7.10543e-15 0 1 0 -9.53674e-7 8.74228e-8 0 -1 0 0 0 0 1</matrix>
        <instance_geometry url="#Circle_009-mesh" name="RL_Tire">
          <bind_material>
            <technique_common>
              <instance_material symbol="Dark_Black-material" target="#Dark_Black-material">
                <bind_vertex_input semantic="UVMap" input_semantic="TEXCOORD" input_set="0"/>
              </instance_material>
              <instance_material symbol="Bloody_Red-material" target="#Bloody_Red-material">
                <bind_vertex_input semantic="UVMap" input_semantic="TEXCOORD" input_set="0"/>
              </instance_material>
            </technique_common>
          </bind_material>
        </instance_geometry>
      </node>
    </visual_scene>
  </library_visual_scenes>
  <scene>
    <instance_visual_scene url="#Scene"/>
  </scene>
</COLLADA>